{"type":"FeatureCollection", "features": [
{"type":"Feature","geometry":{"type":"Polygon","coordinates":[[[-93.055943,47.026415],[-93.093084,47.026328],[-93.098406,47.026475],[-93.172836,47.025361],[-93.187176,47.025247],[-93.190237,47.025205],[-93.191277,47.025194],[-93.252829,47.026411],[-93.28548,47.026999],[-93.314994,47.028224],[-93.316728,47.028284],[-93.319901,47.028272],[-93.358544,47.028168],[-93.379923,47.028232],[-93.44392,47.02843],[-93.557977,47.02944],[-93.571415,47.029257],[-93.579471,47.029439],[-93.583215,47.029507],[-93.600865,47.029593],[-93.653051,47.028921],[-93.677701,47.029235],[-93.699201,47.02955],[-93.713616,47.02977],[-93.775257,47.030418],[-93.775468,47.021849],[-93.774779,46.999952],[-93.774866,46.975726],[-93.774894,46.973981],[-93.775031,46.965051],[-93.775113,46.959707],[-93.775185,46.954584],[-93.775173,46.951934],[-93.774838,46.928186],[-93.775077,46.889377],[-93.775182,46.870477],[-93.775488,46.860625],[-93.776022,46.802893],[-93.777542,46.749958],[-93.77702,46.749007],[-93.777283,46.724773],[-93.777415,46.716384],[-93.778357,46.656958],[-93.778278,46.629756],[-93.777988,46.595178],[-93.777979,46.593415],[-93.777904,46.591797],[-93.778115,46.589343],[-93.785622,46.589709],[-93.791639,46.587563],[-93.796758,46.585903],[-93.802562,46.585152],[-93.811464,46.584238],[-93.811294,46.568076],[-93.810748,46.542517],[-93.810898,46.523252],[-93.811362,46.516098],[-93.812091,46.504349],[-93.812358,46.499959],[-93.81202,46.499959],[-93.811668,46.482442],[-93.811656,46.481864],[-93.811193,46.458711],[-93.811173,46.45771],[-93.810798,46.442253],[-93.81044,46.420927],[-93.8104,46.417476],[-93.81044,46.411944],[-93.810407,46.408309],[-93.810275,46.406938],[-93.810609,46.341758],[-93.810632,46.330547],[-93.810796,46.253265],[-93.81038,46.250779],[-93.807548,46.248395],[-93.804056,46.247183],[-93.801222,46.248349],[-93.798323,46.248371],[-93.797335,46.247457],[-93.796149,46.243205],[-93.685322,46.244762],[-93.659881,46.245143],[-93.634499,46.245582],[-93.553305,46.246816],[-93.545326,46.246973],[-93.529167,46.247107],[-93.493159,46.24687],[-93.477309,46.246807],[-93.472334,46.246832],[-93.453103,46.246811],[-93.437045,46.246036],[-93.43052,46.246127],[-93.43041,46.236054],[-93.430391,46.225509],[-93.430063,46.211199],[-93.429899,46.205461],[-93.429669,46.184724],[-93.430101,46.167629],[-93.430335,46.16173],[-93.430313,46.161526],[-93.431831,46.153991],[-93.419687,46.154285],[-93.32478,46.158128],[-93.304892,46.158913],[-93.277526,46.159298],[-93.262529,46.159254],[-93.241392,46.1589],[-93.178975,46.15855],[-93.155116,46.158338],[-93.136381,46.158207],[-93.131248,46.158256],[-93.115905,46.158123],[-93.098921,46.15811],[-93.095885,46.158096],[-93.074651,46.157998],[-93.067402,46.15816],[-93.056688,46.158112],[-93.054648,46.158112],[-93.053989,46.158103],[-93.053871,46.15812],[-93.05389,46.1694],[-93.053901,46.176013],[-93.054052,46.183875],[-93.054088,46.190753],[-93.054089,46.19097],[-93.054215,46.197751],[-93.054083,46.198025],[-93.054082,46.207969],[-93.054014,46.216198],[-93.05398,46.224268],[-93.054157,46.245243],[-93.054248,46.252827],[-93.054105,46.268251],[-93.054138,46.268457],[-93.054067,46.281876],[-93.054024,46.288437],[-93.053835,46.31756],[-93.053833,46.332076],[-93.053798,46.34458],[-93.0542,46.386593],[-93.054118,46.390288],[-93.054847,46.419269],[-93.055373,46.440182],[-93.05535,46.467724],[-93.055168,46.506888],[-93.055363,46.527215],[-93.055513,46.531198],[-93.055461,46.534964],[-93.055844,46.579055],[-93.054765,46.593239],[-93.062678,46.59331],[-93.064175,46.630364],[-93.064009,46.633153],[-93.064075,46.633816],[-93.064606,46.662519],[-93.064783,46.672871],[-93.064906,46.680058],[-93.064577,46.687407],[-93.064429,46.689786],[-93.064218,46.693159],[-93.063744,46.708974],[-93.061529,46.76655],[-93.059485,46.85334],[-93.058269,46.910446],[-93.057776,46.939585],[-93.055943,47.026415]]]},"properties":{"name":"Aitkin=AIT","type":"county"}},
{"type":"Feature","geometry":{"type":"Polygon","coordinates":[[[-93.019297,45.411767],[-93.040249,45.412],[-93.045211,45.412046],[-93.063189,45.412471],[-93.068231,45.412566],[-93.068958,45.412575],[-93.07358,45.412641],[-93.075738,45.412674],[-93.083253,45.412733],[-93.093279,45.413778],[-93.101257,45.413653],[-93.101383,45.413651],[-93.107814,45.413647],[-93.142143,45.413642],[-93.142219,45.413644],[-93.157679,45.414069],[-93.162826,45.41421],[-93.177759,45.414069],[-93.179783,45.414058],[-93.183408,45.414046],[-93.225057,45.413743],[-93.233128,45.413721],[-93.23512,45.413716],[-93.237262,45.413738],[-93.242118,45.413707],[-93.249314,45.413798],[-93.250227,45.413809],[-93.252699,45.413764],[-93.26342,45.413716],[-93.265359,45.413699],[-93.271308,45.41365],[-93.275591,45.413672],[-93.280689,45.413699],[-93.295979,45.413725],[-93.336814,45.413612],[-93.337952,45.413609],[-93.339769,45.413586],[-93.342368,45.413577],[-93.344568,45.413571],[-93.34613,45.413566],[-93.357266,45.413535],[-93.367654,45.413599],[-93.409004,45.4137],[-93.420106,45.413702],[-93.438836,45.413749],[-93.467273,45.413928],[-93.488942,45.414074],[-93.510078,45.414968],[-93.509858,45.412503],[-93.509955,45.408729],[-93.509961,45.393119],[-93.509952,45.391486],[-93.509819,45.385534],[-93.509774,45.364416],[-93.509862,45.361201],[-93.509977,45.355728],[-93.509988,45.3551],[-93.51008,45.349646],[-93.510021,45.342559],[-93.51029,45.33227],[-93.510455,45.328406],[-93.511176,45.299328],[-93.511203,45.298247],[-93.511396,45.290494],[-93.511464,45.287756],[-93.511532,45.285382],[-93.511557,45.284504],[-93.511816,45.276531],[-93.511987,45.270647],[-93.51205,45.267837],[-93.512418,45.251577],[-93.512402,45.25047],[-93.512135,45.245665],[-93.501363,45.241435],[-93.500234,45.240565],[-93.497081,45.234544],[-93.492315,45.230144],[-93.487195,45.226787],[-93.485479,45.225681],[-93.48174,45.224971],[-93.47028,45.225955],[-93.46764,45.225787],[-93.464405,45.22462],[-93.460606,45.221675],[-93.457106,45.220085],[-93.447762,45.218141],[-93.442249,45.216358],[-93.438907,45.216716],[-93.434732,45.217865],[-93.427732,45.215565],[-93.426705,45.21505],[-93.425532,45.214465],[-93.422823,45.211961],[-93.421932,45.210665],[-93.415232,45.200665],[-93.412032,45.198164],[-93.395631,45.191364],[-93.391331,45.188464],[-93.386141,45.185232],[-93.379931,45.181364],[-93.37373,45.178264],[-93.363734,45.176051],[-93.35883,45.174965],[-93.355146,45.170637],[-93.354042,45.169341],[-93.346229,45.160165],[-93.337719,45.156287],[-93.334667,45.154896],[-93.328329,45.151465],[-93.323129,45.147165],[-93.319728,45.145965],[-93.313628,45.144765],[-93.311604,45.143816],[-93.311528,45.143765],[-93.309828,45.141665],[-93.309528,45.139965],[-93.308128,45.137865],[-93.301128,45.131965],[-93.299358,45.129425],[-93.297128,45.126965],[-93.296095,45.121897],[-93.295957,45.118273],[-93.294461,45.114167],[-93.291777,45.112119],[-93.287946,45.110736],[-93.284727,45.108565],[-93.280327,45.105765],[-93.278327,45.103365],[-93.279927,45.089965],[-93.280177,45.088967],[-93.280126,45.083865],[-93.279026,45.080165],[-93.280826,45.071665],[-93.282226,45.069265],[-93.284026,45.065165],[-93.285226,45.058465],[-93.282226,45.051165],[-93.280826,45.043565],[-93.283426,45.035365],[-93.272526,45.035565],[-93.267925,45.035465],[-93.260225,45.035465],[-93.249925,45.035465],[-93.247425,45.035465],[-93.242325,45.035465],[-93.237224,45.035465],[-93.234724,45.035465],[-93.229324,45.035465],[-93.227024,45.035465],[-93.226924,45.038665],[-93.226924,45.04025],[-93.226924,45.040665],[-93.226924,45.040965],[-93.227024,45.041965],[-93.226824,45.047865],[-93.226824,45.049965],[-93.226924,45.053065],[-93.226924,45.054265],[-93.226924,45.057265],[-93.227224,45.061465],[-93.227224,45.061797],[-93.227225,45.064665],[-93.227325,45.071665],[-93.227325,45.074965],[-93.227425,45.082265],[-93.227425,45.085865],[-93.227425,45.087665],[-93.227525,45.088965],[-93.227525,45.090065],[-93.227425,45.092665],[-93.227425,45.092865],[-93.227425,45.093065],[-93.227525,45.096665],[-93.227625,45.100365],[-93.227525,45.106965],[-93.227525,45.107565],[-93.227425,45.111265],[-93.227525,45.116065],[-93.227925,45.124365],[-93.225025,45.124365],[-93.223225,45.124465],[-93.217325,45.124465],[-93.213325,45.124365],[-93.212125,45.124465],[-93.204425,45.124365],[-93.198424,45.124265],[-93.190824,45.124265],[-93.188624,45.124265],[-93.184024,45.124265],[-93.163623,45.124265],[-93.15732,45.124265],[-93.155403,45.124265],[-93.153323,45.124265],[-93.151423,45.124365],[-93.142722,45.124265],[-93.127222,45.124166],[-93.121822,45.124166],[-93.106521,45.124066],[-93.09122,45.124066],[-93.08622,45.124066],[-93.07152,45.124066],[-93.056619,45.123966],[-93.056319,45.123966],[-93.047719,45.123966],[-93.033118,45.123866],[-93.024618,45.123866],[-93.020518,45.123866],[-93.020218,45.141466],[-93.020318,45.146966],[-93.020218,45.153566],[-93.020218,45.159066],[-93.020118,45.161466],[-93.020118,45.164066],[-93.019519,45.210667],[-93.019419,45.219467],[-93.019319,45.232167],[-93.019319,45.257967],[-93.019249,45.26835],[-93.019219,45.283015],[-93.019219,45.286466],[-93.019219,45.291866],[-93.019119,45.296866],[-93.019219,45.299766],[-93.019219,45.305466],[-93.019319,45.325866],[-93.019519,45.333266],[-93.019519,45.339166],[-93.019419,45.340066],[-93.019419,45.342165],[-93.018413,45.374965],[-93.018645,45.382738],[-93.018704,45.385836],[-93.018712,45.386615],[-93.01867,45.390662],[-93.019288,45.411592],[-93.019297,45.411767]]]},"properties":{"name":"Anoka=ANO","type":"county"}},
{"type":"Feature","geometry":{"type":"Polygon","coordinates":[[[-95.169172,47.152515],[-95.234586,47.152233],[-95.235129,47.152201],[-95.297252,47.151782],[-95.307816,47.151666],[-95.312528,47.151614],[-95.318634,47.151547],[-95.31878,47.151548],[-95.380634,47.151296],[-95.38783,47.151231],[-95.399866,47.151122],[-95.417497,47.15124],[-95.424411,47.151313],[-95.424594,47.151315],[-95.441184,47.151464],[-95.454145,47.151491],[-95.465449,47.151803],[-95.522031,47.151357],[-95.535981,47.151354],[-95.551186,47.151453],[-95.554466,47.151461],[-95.567494,47.151494],[-95.654051,47.151278],[-95.678581,47.151054],[-95.678906,47.151051],[-95.729077,47.150595],[-95.731589,47.150573],[-95.752807,47.150477],[-95.76426,47.150528],[-95.768713,47.150644],[-95.769885,47.150485],[-95.772194,47.150546],[-95.773602,47.150372],[-95.775544,47.150418],[-95.792835,47.150211],[-95.794929,47.150205],[-95.79644,47.15024],[-95.804779,47.150081],[-95.820315,47.150012],[-95.868333,47.150159],[-95.914968,47.151128],[-95.916517,47.151153],[-95.926502,47.151317],[-95.933157,47.151397],[-95.938054,47.151455],[-95.938942,47.151454],[-95.954261,47.151431],[-95.97174,47.151404],[-95.996786,47.151553],[-96.005407,47.151466],[-96.018028,47.151423],[-96.056335,47.151569],[-96.067049,47.151683],[-96.074063,47.151666],[-96.086323,47.151639],[-96.109475,47.15156],[-96.185535,47.151136],[-96.188392,47.151121],[-96.194667,47.151088],[-96.194516,47.096583],[-96.194524,47.092952],[-96.194422,47.078354],[-96.194167,47.063874],[-96.193575,46.977546],[-96.185908,46.977558],[-96.185242,46.977556],[-96.173982,46.977522],[-96.17402,46.964454],[-96.174039,46.957023],[-96.174058,46.949879],[-96.17413,46.935419],[-96.17417,46.913603],[-96.174071,46.911684],[-96.174304,46.891738],[-96.174344,46.888497],[-96.174378,46.884636],[-96.174612,46.88025],[-96.174613,46.877303],[-96.175607,46.862795],[-96.175526,46.856314],[-96.175712,46.848669],[-96.177032,46.804998],[-96.176564,46.790589],[-96.176398,46.787322],[-96.17638,46.786752],[-96.176283,46.783564],[-96.175904,46.768635],[-96.175508,46.761485],[-96.17545,46.756554],[-96.175338,46.746986],[-96.175175,46.739812],[-96.175086,46.737073],[-96.174612,46.722474],[-96.174649,46.722359],[-96.174551,46.717972],[-96.157123,46.718283],[-96.145087,46.718124],[-96.129941,46.718094],[-96.111559,46.717986],[-96.04799,46.71781],[-96.036227,46.717785],[-96.02716,46.717622],[-96.026562,46.717622],[-96.01538,46.717567],[-96.015309,46.717567],[-95.989186,46.717187],[-95.986402,46.71713],[-95.977292,46.717151],[-95.970185,46.717004],[-95.963862,46.716873],[-95.961101,46.716908],[-95.95819,46.717011],[-95.957407,46.717006],[-95.924053,46.71663],[-95.921006,46.716609],[-95.910735,46.716622],[-95.862999,46.716681],[-95.848928,46.716641],[-95.848055,46.716594],[-95.843384,46.716483],[-95.842288,46.716415],[-95.835918,46.716528],[-95.832382,46.716612],[-95.819384,46.716502],[-95.818731,46.716508],[-95.817575,46.716512],[-95.815251,46.716521],[-95.794657,46.716419],[-95.780009,46.71628],[-95.779336,46.716273],[-95.774241,46.716228],[-95.720861,46.715733],[-95.714674,46.715615],[-95.710077,46.715528],[-95.697604,46.715549],[-95.696622,46.715521],[-95.692668,46.715536],[-95.668195,46.715516],[-95.626754,46.71545],[-95.621219,46.715691],[-95.547505,46.715966],[-95.542721,46.716126],[-95.519932,46.717034],[-95.490834,46.717508],[-95.45675,46.717268],[-95.435462,46.715918],[-95.414397,46.71617],[-95.40373,46.71617],[-95.391173,46.716303],[-95.381305,46.716322],[-95.288652,46.716716],[-95.287588,46.716828],[-95.268258,46.716602],[-95.250663,46.716343],[-95.226378,46.71722],[-95.20166,46.717455],[-95.20053,46.717432],[-95.199733,46.717546],[-95.163519,46.71766],[-95.163308,46.746725],[-95.163364,46.761221],[-95.163168,46.777328],[-95.163087,46.782883],[-95.162897,46.800585],[-95.162811,46.804842],[-95.162942,46.809869],[-95.1625,46.83361],[-95.162393,46.848326],[-95.162359,46.848623],[-95.162358,46.85157],[-95.162487,46.862835],[-95.162518,46.868495],[-95.162327,46.875449],[-95.162326,46.875514],[-95.162309,46.876671],[-95.162205,46.887548],[-95.162169,46.891272],[-95.162096,46.905918],[-95.162123,46.920474],[-95.162215,46.935006],[-95.162111,46.949634],[-95.162189,46.964207],[-95.162266,46.97824],[-95.170016,46.978367],[-95.169841,46.981483],[-95.16974,46.983563],[-95.169606,46.987995],[-95.169417,46.989896],[-95.169558,47.014377],[-95.169424,47.014743],[-95.169523,47.01799],[-95.169522,47.021826],[-95.169391,47.028583],[-95.169451,47.036427],[-95.169592,47.040649],[-95.169881,47.050891],[-95.170263,47.056377],[-95.170546,47.060442],[-95.170551,47.060557],[-95.170612,47.062064],[-95.170599,47.064294],[-95.170506,47.082011],[-95.170369,47.09428],[-95.170199,47.101592],[-95.169585,47.126217],[-95.169551,47.126605],[-95.169392,47.130494],[-95.169142,47.137181],[-95.169172,47.152515]]]},"properties":{"name":"Becker=BEC","type":"county"}},
{"type":"Feature","geometry":{"type":"Polygon","coordinates":[[[-94.428702,48.367333],[-94.55937,48.367326],[-94.689623,48.367089],[-94.709804,48.367021],[-94.715158,48.367003],[-94.99377,48.366631],[-95.02816,48.366521],[-95.039154,48.366481],[-95.055446,48.366422],[-95.060885,48.366402],[-95.087917,48.366376],[-95.096762,48.366305],[-95.099437,48.366235],[-95.101909,48.366228],[-95.115178,48.366195],[-95.131484,48.366171],[-95.134542,48.366171],[-95.140686,48.366171],[-95.145406,48.366171],[-95.206695,48.365989],[-95.210259,48.365973],[-95.210955,48.36597],[-95.21111,48.409022],[-95.211855,48.423345],[-95.211476,48.435091],[-95.211336,48.442059],[-95.211135,48.452059],[-95.211133,48.45267],[-95.211139,48.45565],[-95.211149,48.459844],[-95.211623,48.524405],[-95.211793,48.532701],[-95.211879,48.536314],[-95.211966,48.539961],[-95.223216,48.54001],[-95.286802,48.539923],[-95.314603,48.540039],[-95.32076,48.540061],[-95.34254,48.540211],[-95.40537,48.540038],[-95.411679,48.540055],[-95.438852,48.540038],[-95.439987,48.540152],[-95.451467,48.539792],[-95.462,48.539732],[-95.472792,48.539621],[-95.489432,48.539223],[-95.500257,48.539131],[-95.516421,48.538979],[-95.558115,48.538689],[-95.560144,48.53878],[-95.575966,48.538642],[-95.582193,48.538573],[-95.601729,48.538796],[-95.602304,48.538816],[-95.601105,48.53224],[-95.601013,48.49997],[-95.601053,48.49997],[-95.601148,48.489129],[-95.601148,48.489077],[-95.601282,48.48524],[-95.601609,48.474302],[-95.601783,48.467377],[-95.601875,48.466825],[-95.602012,48.452119],[-95.603145,48.408582],[-95.603101,48.394855],[-95.602095,48.374966],[-95.602061,48.37273],[-95.601979,48.365548],[-95.600816,48.36554],[-95.593282,48.365598],[-95.592968,48.310763],[-95.593174,48.295872],[-95.593376,48.281363],[-95.593566,48.271498],[-95.593632,48.266107],[-95.593676,48.264269],[-95.593872,48.252346],[-95.593877,48.223617],[-95.593818,48.193161],[-95.59378,48.172967],[-95.593094,48.107612],[-95.592286,48.052659],[-95.592487,48.020558],[-95.582887,48.020557],[-95.229203,48.019958],[-95.232655,48.016913],[-95.237045,48.014305],[-95.241467,48.010785],[-95.247758,48.00402],[-95.250735,47.999957],[-95.263962,47.976461],[-95.272275,47.960975],[-95.272616,47.959262],[-95.272991,47.958531],[-95.274149,47.956041],[-95.276741,47.944802],[-95.277903,47.935094],[-95.278009,47.928583],[-95.275061,47.915559],[-95.273433,47.911309],[-95.266071,47.898354],[-95.257824,47.890263],[-95.251851,47.886056],[-95.245616,47.882811],[-95.2288,47.878021],[-95.217219,47.875449],[-95.193711,47.872596],[-95.1937,47.849346],[-95.193905,47.809702],[-95.193944,47.803257],[-95.194487,47.791638],[-95.194082,47.760459],[-95.194304,47.67333],[-95.190251,47.673307],[-95.184984,47.673268],[-95.184805,47.665174],[-95.184651,47.593665],[-95.184665,47.592471],[-95.184746,47.586141],[-95.18408,47.537527],[-95.184066,47.535405],[-95.184013,47.530694],[-95.183994,47.529981],[-95.18394,47.527949],[-95.183952,47.527602],[-95.184007,47.526007],[-95.183473,47.499442],[-95.18314,47.4775],[-95.183444,47.462855],[-95.183006,47.455544],[-95.182916,47.433194],[-95.183216,47.412773],[-95.125289,47.412815],[-95.111549,47.412009],[-95.083658,47.41191],[-95.055482,47.411811],[-95.05188,47.411811],[-95.012768,47.411298],[-94.980623,47.411325],[-94.963198,47.411393],[-94.955443,47.411388],[-94.948788,47.411421],[-94.92753,47.411673],[-94.927024,47.411679],[-94.913058,47.410946],[-94.907799,47.410663],[-94.905734,47.410537],[-94.90412,47.410481],[-94.901935,47.41047],[-94.898399,47.410452],[-94.863568,47.410107],[-94.810417,47.40973],[-94.808195,47.409764],[-94.805738,47.409707],[-94.799745,47.409707],[-94.763121,47.410383],[-94.760529,47.410452],[-94.718398,47.409542],[-94.698426,47.40965],[-94.687061,47.409851],[-94.683161,47.40992],[-94.670214,47.410151],[-94.659737,47.410016],[-94.654875,47.409953],[-94.64922,47.410089],[-94.628002,47.41007],[-94.601272,47.410175],[-94.581337,47.411075],[-94.545982,47.410869],[-94.480059,47.411848],[-94.41639,47.411832],[-94.416284,47.414657],[-94.415758,47.428686],[-94.416284,47.444827],[-94.416286,47.445924],[-94.41615,47.45054],[-94.416183,47.452139],[-94.415803,47.4741],[-94.416137,47.479493],[-94.416068,47.482921],[-94.415664,47.499953],[-94.414678,47.499953],[-94.414494,47.506257],[-94.415165,47.542805],[-94.415133,47.54348],[-94.414441,47.55785],[-94.414733,47.575923],[-94.41428,47.586491],[-94.415288,47.591378],[-94.416317,47.593873],[-94.416811,47.636328],[-94.416814,47.636482],[-94.416876,47.640258],[-94.41691,47.640395],[-94.417173,47.657716],[-94.417168,47.671998],[-94.418241,47.672047],[-94.419183,47.715028],[-94.419244,47.737468],[-94.41904,47.758929],[-94.41887,47.792444],[-94.418842,47.797163],[-94.418805,47.803231],[-94.418543,47.845816],[-94.418605,47.874956],[-94.417784,47.907036],[-94.417714,47.91376],[-94.417713,47.913891],[-94.417745,47.918576],[-94.417636,47.932937],[-94.417636,47.933112],[-94.417702,47.940306],[-94.417649,47.992429],[-94.41754,48.003385],[-94.41776,48.019811],[-94.42361,48.019808],[-94.423682,48.073924],[-94.423511,48.076346],[-94.423166,48.091427],[-94.423162,48.105776],[-94.423321,48.134559],[-94.422776,48.13462],[-94.422734,48.1567],[-94.422563,48.157065],[-94.424615,48.279076],[-94.425772,48.367338],[-94.428702,48.367333]]]},"properties":{"name":"Beltrami=BEL","type":"county"}},
{"type":"Feature","geometry":{"type":"Polygon","coordinates":[[[-93.763948,45.822143],[-93.825773,45.822117],[-93.846495,45.822674],[-93.867144,45.822548],[-93.885932,45.823262],[-93.906695,45.823521],[-93.927523,45.823593],[-93.948483,45.824096],[-93.990435,45.824449],[-94.01051,45.82398],[-94.042068,45.823683],[-94.052171,45.823638],[-94.13523,45.823298],[-94.16168,45.823315],[-94.177373,45.823363],[-94.198482,45.823184],[-94.211635,45.82302],[-94.212132,45.823024],[-94.261608,45.822827],[-94.277386,45.822675],[-94.282958,45.822628],[-94.288005,45.822601],[-94.293634,45.822559],[-94.304076,45.822481],[-94.325223,45.822324],[-94.352958,45.821999],[-94.350383,45.817487],[-94.34479,45.811249],[-94.33313,45.802087],[-94.327803,45.798621],[-94.324469,45.797729],[-94.322824,45.797798],[-94.317357,45.801041],[-94.315986,45.801249],[-94.31389,45.800615],[-94.31323,45.800071],[-94.312857,45.798683],[-94.313521,45.79536],[-94.312827,45.792053],[-94.312007,45.790589],[-94.306595,45.785897],[-94.305489,45.785261],[-94.299817,45.784828],[-94.294915,45.783498],[-94.291803,45.781551],[-94.288405,45.78044],[-94.283878,45.780288],[-94.272912,45.776175],[-94.271776,45.775208],[-94.270987,45.773189],[-94.272901,45.768531],[-94.272831,45.767716],[-94.270698,45.765744],[-94.266139,45.763828],[-94.264726,45.763051],[-94.263952,45.760855],[-94.26414,45.759704],[-94.266682,45.756089],[-94.266656,45.754607],[-94.261866,45.74776],[-94.260995,45.744579],[-94.259727,45.742357],[-94.257986,45.740994],[-94.248897,45.736949],[-94.247837,45.73522],[-94.236441,45.730044],[-94.227815,45.728138],[-94.221401,45.727583],[-94.215232,45.726252],[-94.214462,45.721645],[-94.21727,45.71911],[-94.219442,45.717922],[-94.223245,45.717212],[-94.223917,45.716715],[-94.224689,45.715319],[-94.224253,45.712565],[-94.223448,45.710338],[-94.219744,45.706391],[-94.215011,45.703255],[-94.211081,45.702477],[-94.210059,45.701787],[-94.204399,45.684662],[-94.204704,45.681822],[-94.204134,45.679167],[-94.202739,45.677817],[-94.198178,45.676544],[-94.195191,45.677036],[-94.187764,45.679853],[-94.185513,45.680308],[-94.184184,45.679983],[-94.183007,45.678904],[-94.183477,45.676498],[-94.186165,45.674659],[-94.189822,45.673531],[-94.195061,45.672378],[-94.196941,45.671234],[-94.19792,45.669704],[-94.198383,45.668654],[-94.197262,45.653654],[-94.198031,45.652419],[-94.203859,45.647386],[-94.204336,45.646473],[-94.20507,45.637166],[-94.20467,45.635666],[-94.203154,45.631666],[-94.202761,45.626761],[-94.202569,45.624366],[-94.204069,45.620766],[-94.20317,45.618066],[-94.201553,45.615783],[-94.197979,45.610804],[-94.196661,45.608968],[-94.19357,45.602466],[-94.188819,45.598542],[-94.188686,45.598512],[-94.186269,45.597966],[-94.179109,45.593555],[-94.175669,45.592066],[-94.169168,45.586666],[-94.168668,45.586066],[-94.167831,45.584276],[-94.167187,45.577795],[-94.165368,45.573766],[-94.165319,45.573686],[-94.162748,45.569491],[-94.157368,45.564066],[-94.156389,45.563463],[-94.152067,45.561166],[-94.149467,45.559066],[-94.141867,45.559166],[-94.132256,45.559166],[-94.131667,45.559166],[-94.120766,45.559366],[-94.089475,45.559334],[-94.079042,45.559224],[-94.058774,45.559202],[-94.012759,45.559034],[-94.007023,45.559107],[-93.998158,45.559541],[-93.934405,45.559763],[-93.917052,45.559786],[-93.914718,45.559797],[-93.882464,45.56007],[-93.759623,45.559706],[-93.760299,45.61901],[-93.760824,45.648974],[-93.760905,45.654474],[-93.760921,45.65557],[-93.762492,45.735078],[-93.762507,45.735483],[-93.762025,45.760717],[-93.762938,45.799443],[-93.763193,45.807809],[-93.763672,45.816119],[-93.763948,45.822143]]]},"properties":{"name":"Benton=BEN","type":"county"}},
{"type":"Feature","geometry":{"type":"Polygon","coordinates":[[[-96.253121,45.585449],[-96.335388,45.585442],[-96.355826,45.585369],[-96.370112,45.585294],[-96.385508,45.585317],[-96.390747,45.58532],[-96.419191,45.585351],[-96.426123,45.585353],[-96.448122,45.585331],[-96.49336,45.585479],[-96.50034,45.58544],[-96.511061,45.585456],[-96.525013,45.585514],[-96.53521,45.585533],[-96.548482,45.585517],[-96.552883,45.585628],[-96.564286,45.585688],[-96.566129,45.585698],[-96.572219,45.585788],[-96.57228,45.585789],[-96.573809,45.58572],[-96.585624,45.585626],[-96.597341,45.585533],[-96.602873,45.585577],[-96.617227,45.585503],[-96.636225,45.585708],[-96.637885,45.585709],[-96.643581,45.58578],[-96.679774,45.58588],[-96.692174,45.58588],[-96.761032,45.586028],[-96.761846,45.586006],[-96.802825,45.586086],[-96.809334,45.586087],[-96.823689,45.585995],[-96.825837,45.586064],[-96.830732,45.586097],[-96.835451,45.586129],[-96.801987,45.555414],[-96.799102,45.554225],[-96.79384,45.550724],[-96.784863,45.5413],[-96.781036,45.535972],[-96.76528,45.521414],[-96.760591,45.514895],[-96.752865,45.502163],[-96.745487,45.488712],[-96.743683,45.484439],[-96.743486,45.480649],[-96.742509,45.478723],[-96.738446,45.473499],[-96.736837,45.466775],[-96.732739,45.458737],[-96.731396,45.45702],[-96.72425,45.451482],[-96.710786,45.43693],[-96.70281328,45.42722926],[-96.702006,45.426247],[-96.69998117,45.42434111],[-96.69406829,45.41877558],[-96.692541,45.417338],[-96.68890221,45.41494389],[-96.683753,45.411556],[-96.680454,45.410499],[-96.675447,45.410216],[-96.670301,45.410545],[-96.662258,45.409011],[-96.64817247,45.41010393],[-96.647888,45.410126],[-96.64770534,45.41010339],[-96.64116803,45.40929433],[-96.640624,45.409227],[-96.631204,45.409238],[-96.62998683,45.40913451],[-96.62468667,45.40868385],[-96.617726,45.408092],[-96.61713953,45.40791793],[-96.61629358,45.40766685],[-96.60118,45.403181],[-96.584764,45.395705],[-96.578879,45.392295],[-96.571364,45.389871],[-96.562142,45.38609],[-96.545973,45.38105],[-96.539722,45.380338],[-96.530944,45.378495],[-96.521787,45.375645],[-96.508132,45.367832],[-96.502006,45.365473],[-96.49249372,45.35929711],[-96.489065,45.357071],[-96.482556,45.346273],[-96.48252031,45.34619981],[-96.48147812,45.3440629],[-96.479323,45.339644],[-96.47922314,45.3394983],[-96.47523628,45.33368121],[-96.46985402,45.32582815],[-96.469246,45.324941],[-96.46891881,45.32201836],[-96.468756,45.320564],[-96.468027,45.318619],[-96.466644,45.317162],[-96.46191,45.313884],[-96.45826072,45.30833894],[-96.457781,45.30761],[-96.45728793,45.3052867],[-96.456941,45.303652],[-96.45554677,45.30262065],[-96.45414607,45.30158452],[-96.454094,45.301546],[-96.451554,45.3015],[-96.449405,45.298636],[-96.450408,45.29814],[-96.453067,45.298115],[-96.45293881,45.29168923],[-96.452791,45.28428],[-96.45280291,45.28313299],[-96.452949,45.269059],[-96.430763,45.269352],[-96.430036,45.268536],[-96.427544,45.267691],[-96.426444,45.268627],[-96.418936,45.267781],[-96.417707,45.266638],[-96.416543,45.262639],[-96.412208,45.260992],[-96.410849,45.260284],[-96.410461,45.260078],[-96.40726,45.257243],[-96.403863,45.256648],[-96.401144,45.256762],[-96.400011,45.257744],[-96.381826,45.259313],[-96.376032,45.260933],[-96.372014,45.260571],[-96.369136,45.25912],[-96.368808,45.257671],[-96.368642,45.257589],[-96.365448,45.25703],[-96.357365,45.258557],[-96.356101,45.257678],[-96.356142,45.256388],[-96.353969,45.255781],[-96.34831,45.25609],[-96.345965,45.256766],[-96.339252,45.256091],[-96.335244,45.254823],[-96.328038,45.250485],[-96.322344,45.250714],[-96.322797,45.252062],[-96.321989,45.252337],[-96.320306,45.251217],[-96.32006,45.249965],[-96.318993,45.249965],[-96.318948,45.250646],[-96.316683,45.252566],[-96.314289,45.250829],[-96.313151,45.24909],[-96.313345,45.247651],[-96.308654,45.247239],[-96.30791,45.247673],[-96.30746,45.249965],[-96.306668,45.249965],[-96.302734,45.249135],[-96.298367,45.248792],[-96.290895,45.248882],[-96.283423,45.246937],[-96.28378,45.245041],[-96.28789,45.24143],[-96.288635,45.239534],[-96.288442,45.237911],[-96.287149,45.236951],[-96.28469,45.236745],[-96.281781,45.233613],[-96.280845,45.230711],[-96.276646,45.22374],[-96.275062,45.222757],[-96.267303,45.221725],[-96.263196,45.222363],[-96.261837,45.223345],[-96.258862,45.223572],[-96.252011,45.219958],[-96.252853,45.218884],[-96.2524,45.218473],[-96.249806,45.219252],[-96.244406,45.218729],[-96.242789,45.217861],[-96.240494,45.218571],[-96.23917,45.220011],[-96.237101,45.219829],[-96.231894,45.218163],[-96.230439,45.218186],[-96.226075,45.219604],[-96.224718,45.220633],[-96.223586,45.220816],[-96.219027,45.2194],[-96.217216,45.217893],[-96.216074,45.216549],[-96.211209,45.213218],[-96.209711,45.209793],[-96.206803,45.206878],[-96.204901,45.205719],[-96.197742,45.203389],[-96.183629,45.197624],[-96.179659,45.196661],[-96.174402,45.194514],[-96.17268,45.192718],[-96.165972,45.192426],[-96.150278,45.189924],[-96.147699,45.190958],[-96.14111,45.195373],[-96.139746,45.195688],[-96.137266,45.194739],[-96.136775,45.19361],[-96.12412,45.188981],[-96.114374,45.186893],[-96.108183,45.184523],[-96.105918,45.182566],[-96.105315,45.17766],[-96.103614,45.176675],[-96.103746,45.210003],[-96.103763,45.21881],[-96.103736,45.219778],[-96.103722,45.220262],[-96.103735,45.239776],[-96.118047,45.239862],[-96.117891,45.249963],[-96.117823,45.254316],[-96.117676,45.26878],[-96.117593,45.28329],[-96.11725,45.297662],[-96.117394,45.312035],[-96.117496,45.319223],[-96.117874,45.32658],[-96.117961,45.330291],[-96.118227,45.355538],[-96.118283,45.360759],[-96.118263,45.361503],[-96.118159,45.369911],[-96.118284,45.392523],[-96.117123,45.399424],[-96.116941,45.411968],[-96.13781,45.411922],[-96.147402,45.411926],[-96.168267,45.411985],[-96.179302,45.412048],[-96.190194,45.412102],[-96.199805,45.412208],[-96.230917,45.412589],[-96.241328,45.412667],[-96.241298,45.419951],[-96.241213,45.441038],[-96.241185,45.448006],[-96.241154,45.455532],[-96.241067,45.4769],[-96.24107,45.484655],[-96.240921,45.498593],[-96.240922,45.498647],[-96.240803,45.504907],[-96.240805,45.506865],[-96.24098,45.521931],[-96.240986,45.527372],[-96.241034,45.533741],[-96.241097,45.54211],[-96.241222,45.571014],[-96.241244,45.575098],[-96.2413,45.585455],[-96.253121,45.585449]]]},"properties":{"name":"BigStone=BIG","type":"county"}},
{"type":"Feature","geometry":{"type":"Polygon","coordinates":[[[-94.011834,44.239192],[-94.012636,44.237724],[-94.018146,44.236204],[-94.018369,44.235267],[-94.01405,44.225683],[-94.014407,44.217566],[-94.014662,44.216903],[-94.015584,44.216514],[-94.016855,44.217178],[-94.01714,44.218207],[-94.016535,44.220516],[-94.019523,44.222073],[-94.023243,44.222211],[-94.025533,44.221228],[-94.026077,44.216633],[-94.025539,44.211876],[-94.024649,44.211098],[-94.021089,44.211029],[-94.015561,44.20731],[-94.014734,44.205584],[-94.014512,44.204715],[-94.018359,44.20339],[-94.018932,44.203322],[-94.021828,44.199966],[-94.021853,44.199821],[-94.02168,44.199241],[-94.020727,44.19755],[-94.020622,44.197486],[-94.020198,44.196728],[-94.019964,44.196708],[-94.017038,44.200597],[-94.015395,44.200675],[-94.012638,44.199921],[-94.011614,44.198824],[-94.010673,44.195955],[-94.010771,44.193852],[-94.009748,44.191605],[-94.008679,44.189937],[-94.013613,44.191001],[-94.015732,44.191915],[-94.016637,44.191753],[-94.018482,44.189741],[-94.019946,44.187978],[-94.019761,44.184707],[-94.017684,44.184495],[-94.017322,44.184327],[-94.017101,44.184224],[-94.014035,44.183887],[-94.01356,44.183964],[-94.01105,44.184149],[-94.010758,44.184217],[-94.005529,44.183286],[-94.003603,44.179161],[-94.002355,44.175577],[-94.002097,44.174059],[-94.002106,44.172747],[-94.003633,44.169272],[-94.004104,44.168814],[-94.012939,44.165061],[-94.016742,44.165273],[-94.021674,44.166551],[-94.027466,44.166336],[-94.037165,44.164004],[-94.038084,44.163608],[-94.038962,44.163183],[-94.043738,44.162352],[-94.044342,44.161574],[-94.043645,44.157458],[-94.044375,44.156018],[-94.046377,44.1546],[-94.0489,44.154195],[-94.05384,44.153914],[-94.055905,44.154349],[-94.058001,44.155721],[-94.059398,44.157481],[-94.060129,44.161963],[-94.062765,44.162901],[-94.064036,44.162672],[-94.065401,44.161689],[-94.069403,44.159471],[-94.07223,44.158647],[-94.081252,44.160041],[-94.084365,44.160932],[-94.091672,44.164132],[-94.09234,44.165366],[-94.092309,44.167401],[-94.093136,44.168339],[-94.097964,44.167789],[-94.103748,44.16989],[-94.104034,44.170622],[-94.103526,44.171034],[-94.098296,44.172476],[-94.09773,44.173721],[-94.099514,44.175304],[-94.10139,44.175236],[-94.103687,44.173137],[-94.110422,44.172654],[-94.113733,44.173375],[-94.114971,44.174158],[-94.115449,44.175214],[-94.115235,44.176004],[-94.114106,44.176358],[-94.111074,44.174002],[-94.109343,44.174095],[-94.108866,44.174713],[-94.108772,44.176268],[-94.110109,44.178646],[-94.113987,44.181251],[-94.114782,44.181113],[-94.11513,44.179604],[-94.116051,44.179077],[-94.124874,44.180056],[-94.125236,44.180205],[-94.125236,44.182938],[-94.125236,44.184321],[-94.12905,44.184936],[-94.132954,44.186144],[-94.135526,44.188843],[-94.14299,44.194197],[-94.144992,44.194197],[-94.148552,44.192278],[-94.150332,44.191844],[-94.157693,44.194098],[-94.163775,44.194546],[-94.171466,44.19473],[-94.175756,44.196514],[-94.179093,44.197337],[-94.18742,44.19736],[-94.191394,44.198595],[-94.194081,44.200207],[-94.194838,44.200591],[-94.201661,44.202687],[-94.208272,44.201428],[-94.213644,44.202959],[-94.214121,44.204308],[-94.215584,44.205154],[-94.222419,44.205838],[-94.223246,44.206729],[-94.222835,44.210022],[-94.221787,44.211257],[-94.219372,44.21279],[-94.21915,44.213682],[-94.224429,44.216744],[-94.225573,44.216538],[-94.226304,44.215714],[-94.226335,44.214731],[-94.225477,44.21416],[-94.22562841,44.21219361],[-94.229003,44.211255],[-94.246999,44.21351],[-94.251308,44.214808],[-94.252369,44.216049],[-94.251361,44.216816],[-94.251316,44.220347],[-94.253954,44.221172],[-94.256272,44.223779],[-94.257607,44.224535],[-94.26244,44.224903],[-94.265779,44.223898],[-94.267273,44.22415],[-94.268005,44.225682],[-94.267271,44.229523],[-94.268192,44.230713],[-94.269686,44.231193],[-94.270863,44.231171],[-94.27204,44.230257],[-94.27160402,44.22697755],[-94.271852,44.225272],[-94.272807,44.224243],[-94.27427,44.224358],[-94.287811,44.234994],[-94.294649,44.235635],[-94.298306,44.237374],[-94.299132,44.241009],[-94.300626,44.24309],[-94.301771,44.243296],[-94.303426,44.242336],[-94.305238,44.24197],[-94.319489,44.243546],[-94.320475,44.244049],[-94.320698,44.245215],[-94.318471,44.247639],[-94.318281,44.248485],[-94.320505,44.251066],[-94.321395,44.251157],[-94.322095,44.250608],[-94.32290765,44.2479485],[-94.32391,44.246999],[-94.328524,44.249603],[-94.329857,44.251316],[-94.331553,44.254227],[-94.335521,44.256368],[-94.35264,44.259771],[-94.357094,44.259837],[-94.357157,44.258946],[-94.358269,44.257185],[-94.360623,44.257024],[-94.36301,44.258234],[-94.362979,44.25892],[-94.360753,44.260293],[-94.360404,44.261071],[-94.360627,44.26178],[-94.36206,44.262739],[-94.371731,44.264352],[-94.371724,44.257417],[-94.371723,44.256227],[-94.371858,44.228187],[-94.371895,44.203241],[-94.37176,44.195947],[-94.36925,44.19588],[-94.368906,44.17027],[-94.368949,44.157474],[-94.368955,44.155842],[-94.368981,44.152018],[-94.368955,44.144615],[-94.369058,44.130325],[-94.369119,44.126721],[-94.369039,44.108629],[-94.368943,44.108469],[-94.368961,44.103211],[-94.368993,44.094315],[-94.368961,44.094155],[-94.369008,44.08703],[-94.369168,44.079841],[-94.369169,44.079588],[-94.369194,44.074468],[-94.369278,44.062338],[-94.369361,44.050688],[-94.36933,44.050619],[-94.369077,44.043386],[-94.369135,44.037063],[-94.369087,44.029925],[-94.369142,44.021785],[-94.36911,44.02151],[-94.369126,44.009803],[-94.369129,44.007288],[-94.36909,44.000323],[-94.36909,43.99996],[-94.369061,43.99996],[-94.369149,43.963498],[-94.369062,43.934854],[-94.369057,43.930059],[-94.369054,43.928078],[-94.368958,43.891407],[-94.368913,43.876956],[-94.368951,43.847742],[-94.367687,43.847742],[-94.308793,43.847849],[-94.288066,43.847865],[-94.283737,43.847869],[-94.278929,43.84786],[-94.275123,43.847853],[-94.268634,43.847841],[-94.248626,43.847764],[-94.247078,43.847765],[-94.228562,43.847819],[-94.195511,43.847758],[-94.193552,43.847758],[-94.163364,43.847819],[-94.135768,43.847978],[-94.128557,43.847972],[-94.127483,43.847973],[-94.108394,43.847933],[-94.074954,43.847951],[-94.068889,43.847956],[-94.050349,43.847966],[-94.028155,43.848007],[-94.00826,43.848091],[-94.00645,43.848037],[-94.00254,43.84802],[-94.000232,43.848042],[-93.93765,43.848128],[-93.928094,43.848148],[-93.908155,43.848216],[-93.894316,43.848163],[-93.888342,43.848141],[-93.887742,43.848141],[-93.875229,43.848135],[-93.866414,43.848115],[-93.847607,43.847963],[-93.844769,43.847941],[-93.833014,43.847921],[-93.829207,43.8479],[-93.828559,43.847921],[-93.81876,43.847887],[-93.817739,43.847878],[-93.817625,43.847877],[-93.815557,43.847884],[-93.807686,43.847907],[-93.802995,43.847922],[-93.802275,43.847922],[-93.797876,43.847922],[-93.78789,43.847943],[-93.767762,43.84796],[-93.767849,43.86107],[-93.768045,43.891414],[-93.76815,43.920526],[-93.768076,43.934957],[-93.768327,44.021954],[-93.768222,44.079787],[-93.768074,44.092662],[-93.768075,44.108829],[-93.768033,44.123304],[-93.767964,44.128546],[-93.76777,44.133097],[-93.767915,44.138483],[-93.767869,44.140915],[-93.767938,44.163236],[-93.768021,44.18025],[-93.767991,44.189835],[-93.767987,44.190844],[-93.767971,44.195836],[-93.767941,44.205941],[-93.767938,44.207233],[-93.767872,44.22674],[-93.767856,44.232067],[-93.767851,44.239247],[-93.808087,44.23921],[-93.85971,44.239154],[-93.871805,44.239431],[-93.882612,44.239311],[-93.882834,44.239357],[-93.883254,44.239414],[-93.888337,44.239428],[-93.890656,44.239454],[-93.898483,44.239546],[-93.924031,44.239793],[-93.930431,44.23976],[-93.931016,44.239734],[-93.949183,44.23946],[-93.94966,44.239482],[-93.954972,44.239299],[-93.958852,44.239298],[-93.972212,44.239615],[-93.972753,44.239592],[-94.000233,44.239512],[-94.001794,44.239513],[-94.011834,44.239192]]]},"properties":{"name":"BlueEarth=BLU","type":"county"}},
{"type":"Feature","geometry":{"type":"Polygon","coordinates":[[[-94.780943,44.456655],[-94.782028,44.45757],[-94.788986,44.456154],[-94.790576,44.456427],[-94.794253,44.458967],[-94.794196,44.459203],[-94.793359,44.460636],[-94.793806,44.461002],[-94.801498,44.464935],[-94.805838,44.46563],[-94.806542,44.466352],[-94.805839,44.46697],[-94.80303,44.466284],[-94.800176,44.466967],[-94.798305,44.468272],[-94.79872,44.469644],[-94.80038,44.467861],[-94.802232,44.46777],[-94.805807,44.468707],[-94.809862,44.47113],[-94.811298,44.473714],[-94.810756,44.474697],[-94.812737,44.481601],[-94.823658,44.485235],[-94.824712,44.485258],[-94.825797,44.484503],[-94.829502,44.486583],[-94.832984,44.489394],[-94.843429,44.492592],[-94.849114,44.491882],[-94.85004,44.491172],[-94.849848,44.490441],[-94.850678,44.489915],[-94.853872,44.489982],[-94.855214,44.491582],[-94.855215,44.492588],[-94.852501,44.493823],[-94.851895,44.494647],[-94.852439,44.495584],[-94.853843,44.495601],[-94.856298,44.494956],[-94.863393,44.49535],[-94.865823,44.498115],[-94.865718,44.456188],[-94.866246,44.369115],[-94.866328,44.354621],[-94.866342,44.342709],[-94.866451,44.318381],[-94.866463,44.314788],[-94.866476,44.311206],[-94.866466,44.301013],[-94.866463,44.296735],[-94.866285,44.284287],[-94.866257,44.282241],[-94.88926,44.282308],[-94.906705,44.28225],[-94.931337,44.2822],[-94.946835,44.282253],[-94.956795,44.282366],[-94.96701,44.282433],[-94.987027,44.282585],[-95.00695,44.282515],[-95.009659,44.282503],[-95.026905,44.282431],[-95.047175,44.282573],[-95.086268,44.281877],[-95.087557,44.281862],[-95.097037,44.281816],[-95.107445,44.281765],[-95.107625,44.26734],[-95.108593,44.202415],[-95.108778,44.195031],[-95.107316,44.195031],[-95.100998,44.194938],[-95.100856,44.18054],[-95.100444,44.120885],[-95.100432,44.116135],[-95.100209,44.108098],[-95.089981,44.108089],[-95.087981,44.108087],[-94.980315,44.107687],[-94.92003,44.10781],[-94.910697,44.107802],[-94.905722,44.107785],[-94.904832,44.107784],[-94.90058,44.107737],[-94.89972,44.10774],[-94.899057,44.107751],[-94.897058,44.107828],[-94.894525,44.107805],[-94.879828,44.107867],[-94.859883,44.107938],[-94.828851,44.108132],[-94.798865,44.108178],[-94.778462,44.108403],[-94.773795,44.108458],[-94.769038,44.108514],[-94.738403,44.108784],[-94.718443,44.108884],[-94.710101,44.108865],[-94.67973,44.108844],[-94.669895,44.108843],[-94.642442,44.10879],[-94.639618,44.108881],[-94.63864,44.108885],[-94.635711,44.108898],[-94.619597,44.108934],[-94.599879,44.108907],[-94.529303,44.10875],[-94.491556,44.108711],[-94.490708,44.10872],[-94.489219,44.108717],[-94.460467,44.108616],[-94.419149,44.108688],[-94.417915,44.108679],[-94.409625,44.108621],[-94.369039,44.108629],[-94.369119,44.126721],[-94.369058,44.130325],[-94.368955,44.144615],[-94.368981,44.152018],[-94.368955,44.155842],[-94.368949,44.157474],[-94.368906,44.17027],[-94.36925,44.19588],[-94.37176,44.195947],[-94.371895,44.203241],[-94.371858,44.228187],[-94.371723,44.256227],[-94.371724,44.257417],[-94.371731,44.264352],[-94.374568,44.265887],[-94.376464,44.265935],[-94.378692,44.26461],[-94.377962,44.262689],[-94.378313,44.262095],[-94.380827,44.261639],[-94.383658,44.262601],[-94.384482,44.266191],[-94.398227,44.268025],[-94.40004,44.268918],[-94.400262,44.270633],[-94.406312,44.271598],[-94.41213,44.273562],[-94.413753,44.274935],[-94.411873,44.279416],[-94.411427,44.281313],[-94.414687,44.285464],[-94.414432,44.285744],[-94.414089,44.2869],[-94.415672,44.288196],[-94.41842,44.288699],[-94.420904,44.289845],[-94.422218,44.292682],[-94.423294,44.29292],[-94.424184,44.292259],[-94.426134,44.288528],[-94.431338,44.290947],[-94.432188,44.293314],[-94.432013,44.294113],[-94.43128,44.294457],[-94.425791,44.295341],[-94.424931,44.297468],[-94.425096,44.299243],[-94.426726,44.29912],[-94.429284,44.296717],[-94.430805,44.296238],[-94.433526,44.297053],[-94.435023,44.298237],[-94.44163,44.306602],[-94.441454,44.307545],[-94.44045,44.308074],[-94.433077,44.308275],[-94.432275,44.308845],[-94.431707,44.31111],[-94.432642,44.312146],[-94.435611,44.313173],[-94.436659,44.312814],[-94.439373,44.310261],[-94.441825,44.308432],[-94.444215,44.309378],[-94.451833,44.31656],[-94.452301,44.317528],[-94.45323,44.320469],[-94.450892,44.321897],[-94.449109,44.321391],[-94.448463,44.320663],[-94.447798,44.316651],[-94.446147,44.315096],[-94.444811,44.314922],[-94.443076,44.315489],[-94.441943,44.316671],[-94.440951,44.318499],[-94.442552,44.323539],[-94.444694,44.324103],[-94.446699,44.323454],[-94.450553,44.322333],[-94.453756,44.324744],[-94.452953,44.32644],[-94.451407,44.329547],[-94.451592,44.333146],[-94.452542,44.333891],[-94.45389,44.334009],[-94.460421,44.332481],[-94.463775,44.333307],[-94.472848,44.340774],[-94.475041,44.343766],[-94.477737,44.344298],[-94.480158,44.344046],[-94.482548,44.344891],[-94.483441,44.345691],[-94.483857,44.348023],[-94.485037,44.349234],[-94.487045,44.350125],[-94.490934,44.3509],[-94.49075,44.358217],[-94.491976,44.360104],[-94.494927,44.361461],[-94.497509,44.361803],[-94.498528,44.361208],[-94.499674,44.359881],[-94.499737,44.358784],[-94.49661,44.355447],[-94.496099,44.354213],[-94.499347,44.352473],[-94.502213,44.352819],[-94.502754,44.353505],[-94.502562,44.354511],[-94.504121,44.356272],[-94.506576,44.355199],[-94.50915,44.355128],[-94.511564,44.3559],[-94.517709,44.357984],[-94.520382,44.359844],[-94.520629,44.360803],[-94.520001,44.363575],[-94.517755,44.367429],[-94.517609,44.369766],[-94.518452,44.370652],[-94.520092,44.369603],[-94.52099,44.366951],[-94.521944,44.365879],[-94.523315,44.365387],[-94.541282,44.365033],[-94.544948,44.364509],[-94.547217,44.364943],[-94.54806,44.365587],[-94.549389,44.370243],[-94.552985,44.372448],[-94.554463,44.375454],[-94.555392,44.375956],[-94.556969,44.375619],[-94.557075,44.373001],[-94.557434,44.372058],[-94.558265,44.371622],[-94.559657,44.371387],[-94.561287,44.371804],[-94.563333,44.376197],[-94.564114,44.37681],[-94.565289,44.376911],[-94.568422,44.376639],[-94.573156,44.375458],[-94.576721,44.372248],[-94.578375,44.371555],[-94.580101,44.376106],[-94.582056,44.377867],[-94.582878,44.378182],[-94.583985,44.377832],[-94.585518,44.374962],[-94.586737,44.374057],[-94.587587,44.374397],[-94.587179,44.375828],[-94.587903,44.377012],[-94.591146,44.376861],[-94.593176,44.377278],[-94.593293,44.379559],[-94.594425,44.383511],[-94.596192,44.385165],[-94.597642,44.385543],[-94.602011,44.386138],[-94.607589,44.384827],[-94.612606,44.385517],[-94.616183,44.385458],[-94.619111,44.384312],[-94.62143,44.382354],[-94.623662,44.382684],[-94.625258,44.383401],[-94.626962,44.384467],[-94.626798,44.389315],[-94.627466,44.390664],[-94.628486,44.391465],[-94.634575,44.392176],[-94.640507,44.390441],[-94.641718,44.390624],[-94.640759,44.393664],[-94.638399,44.394693],[-94.637984,44.395425],[-94.6398,44.396774],[-94.643308,44.397553],[-94.645572,44.397461],[-94.64857,44.396525],[-94.653674,44.39344],[-94.655491,44.393304],[-94.655778,44.394218],[-94.654725,44.396001],[-94.654021,44.399545],[-94.654499,44.400642],[-94.655806,44.400597],[-94.662377,44.397421],[-94.662601,44.395363],[-94.66579,44.394335],[-94.668404,44.39445],[-94.676567,44.396645],[-94.677333,44.397423],[-94.676918,44.398314],[-94.673729,44.399983],[-94.670475,44.402863],[-94.671464,44.404578],[-94.675417,44.407962],[-94.676884,44.408465],[-94.680998,44.40906],[-94.688461,44.40698],[-94.692352,44.402727],[-94.693053,44.402361],[-94.694201,44.402636],[-94.697105,44.406979],[-94.697456,44.408877],[-94.6913,44.407963],[-94.688589,44.408329],[-94.685878,44.409975],[-94.685368,44.412055],[-94.688144,44.416628],[-94.689196,44.417359],[-94.694683,44.417611],[-94.696022,44.416947],[-94.696373,44.415416],[-94.693534,44.412695],[-94.693534,44.412055],[-94.694395,44.411369],[-94.697999,44.412558],[-94.702752,44.416032],[-94.702657,44.41697],[-94.700074,44.420376],[-94.696183,44.422434],[-94.694652,44.425636],[-94.694652,44.427008],[-94.695322,44.428357],[-94.704129,44.432311],[-94.708055,44.434574],[-94.709938,44.434688],[-94.713543,44.433727],[-94.717882,44.433519],[-94.726848,44.434087],[-94.730841,44.43939],[-94.736747,44.442016],[-94.739207,44.445239],[-94.744824,44.447259],[-94.748977,44.449555],[-94.756252,44.447339],[-94.759375,44.445971],[-94.763112,44.443069],[-94.767196,44.443071],[-94.767898,44.443529],[-94.767449,44.445952],[-94.76831,44.446752],[-94.771693,44.447211],[-94.775906,44.44648],[-94.77715,44.446687],[-94.780468,44.449477],[-94.78669,44.451559],[-94.786658,44.452679],[-94.785445,44.453844],[-94.780593,44.454209],[-94.78021,44.454826],[-94.780413,44.455808],[-94.780943,44.456655]]]},"properties":{"name":"Brown=BRO","type":"county"}},
{"type":"Feature","geometry":{"type":"Polygon","coordinates":[[[-92.292192,46.663242],[-92.293508,46.663914],[-92.294088,46.66421],[-92.297092,46.665742],[-92.301092,46.666942],[-92.301092,46.667942],[-92.301024,46.677242],[-92.301264,46.696038],[-92.301343,46.706006],[-92.301471,46.713446],[-92.301471,46.720742],[-92.301583,46.754022],[-92.301567,46.764166],[-92.322382,46.765062],[-92.364782,46.764998],[-92.377452,46.764946],[-92.379018,46.765058],[-92.381544,46.764879],[-92.396212,46.764817],[-92.428376,46.764801],[-92.449498,46.765534],[-92.470587,46.765484],[-92.476607,46.765482],[-92.476823,46.765427],[-92.493108,46.765601],[-92.493588,46.765607],[-92.512661,46.765774],[-92.523039,46.765915],[-92.54649,46.766211],[-92.554774,46.766242],[-92.638393,46.766844],[-92.658694,46.769244],[-92.680345,46.769141],[-92.711837,46.76838],[-92.733208,46.767847],[-92.808646,46.766321],[-92.823966,46.766287],[-92.935844,46.766122],[-92.999717,46.76689],[-93.061529,46.76655],[-93.063744,46.708974],[-93.064218,46.693159],[-93.064429,46.689786],[-93.064577,46.687407],[-93.064906,46.680058],[-93.064783,46.672871],[-93.064606,46.662519],[-93.064075,46.633816],[-93.064009,46.633153],[-93.064175,46.630364],[-93.062678,46.59331],[-93.054765,46.593239],[-93.055844,46.579055],[-93.055461,46.534964],[-93.055513,46.531198],[-93.055363,46.527215],[-93.055168,46.506888],[-93.05535,46.467724],[-93.055373,46.440182],[-93.054847,46.419269],[-92.990956,46.419391],[-92.9699,46.419399],[-92.964134,46.419381],[-92.949644,46.419336],[-92.948878,46.419334],[-92.927718,46.419211],[-92.907854,46.419096],[-92.875203,46.418907],[-92.866149,46.419277],[-92.844994,46.418897],[-92.843373,46.418887],[-92.82688,46.418786],[-92.803169,46.418408],[-92.798591,46.418492],[-92.797562,46.418466],[-92.794158,46.418489],[-92.793746,46.418492],[-92.78682,46.418441],[-92.785834,46.418479],[-92.773004,46.418529],[-92.767957,46.418377],[-92.762122,46.41841],[-92.762031,46.41841],[-92.755585,46.418361],[-92.742613,46.418457],[-92.738803,46.418466],[-92.73802,46.418468],[-92.737468,46.418469],[-92.736664,46.418471],[-92.736399,46.418472],[-92.73331,46.418481],[-92.731734,46.418453],[-92.725509,46.418415],[-92.709245,46.41838],[-92.706471,46.418374],[-92.699655,46.418375],[-92.699364,46.418375],[-92.678443,46.418283],[-92.672886,46.418264],[-92.663026,46.418229],[-92.641671,46.418145],[-92.630123,46.418098],[-92.626394,46.418088],[-92.619607,46.418113],[-92.595219,46.418142],[-92.591461,46.418134],[-92.553164,46.418072],[-92.539043,46.418055],[-92.524799,46.418037],[-92.498168,46.418055],[-92.491105,46.418088],[-92.470217,46.418003],[-92.453842,46.417949],[-92.450004,46.417846],[-92.425867,46.417824],[-92.318941,46.417526],[-92.300697,46.417319],[-92.29286,46.41722],[-92.292847,46.420876],[-92.292727,46.431993],[-92.29251,46.478761],[-92.292371,46.495585],[-92.291976,46.503997],[-92.29169246,46.590741],[-92.2916772,46.59540898],[-92.291647,46.604649],[-92.291597,46.624941],[-92.29206604,46.655134],[-92.29219112,46.66318545],[-92.292192,46.663242]]]},"properties":{"name":"Carlton=CRL","type":"county"}},
{"type":"Feature","geometry":{"type":"Polygon","coordinates":[[[-93.766442,44.977962],[-93.807643,44.978162],[-93.822544,44.978262],[-93.859345,44.978462],[-93.863445,44.977962],[-93.888745,44.978162],[-93.889645,44.978162],[-93.898746,44.978162],[-94.012236,44.978712],[-94.01228,44.971261],[-94.012266,44.949586],[-94.012309,44.947124],[-94.012434,44.940067],[-94.012531,44.929981],[-94.012175,44.906077],[-94.011959,44.895422],[-94.011927,44.895262],[-94.011805,44.891931],[-94.009864,44.891898],[-94.009842,44.888013],[-94.009771,44.884078],[-94.010008,44.882503],[-94.009658,44.878182],[-94.009981,44.862206],[-94.010044,44.85495],[-94.010105,44.847998],[-94.009914,44.846375],[-94.009906,44.818618],[-94.00992,44.814938],[-94.009935,44.812412],[-94.009855,44.804054],[-94.009956,44.799023],[-94.009939,44.782377],[-94.010036,44.772432],[-94.010288,44.717375],[-93.970047,44.717462],[-93.960341,44.7174],[-93.888644,44.717162],[-93.888844,44.688062],[-93.888844,44.680418],[-93.888844,44.673462],[-93.879651,44.673362],[-93.869843,44.673362],[-93.860226,44.673382],[-93.768039,44.673462],[-93.76797,44.653386],[-93.768039,44.649463],[-93.768039,44.649063],[-93.768039,44.642863],[-93.768039,44.640303],[-93.767408,44.640216],[-93.766658,44.640112],[-93.761839,44.635963],[-93.761539,44.635363],[-93.76142,44.634988],[-93.756739,44.634563],[-93.755366,44.637483],[-93.759013,44.639962],[-93.760005,44.64116],[-93.760417,44.642953],[-93.759944,44.643808],[-93.758799,44.644258],[-93.754527,44.644166],[-93.747339,44.645263],[-93.737741,44.64618],[-93.730218,44.653085],[-93.728983,44.656137],[-93.728159,44.656305],[-93.725555,44.655568],[-93.721738,44.654663],[-93.715401,44.657365],[-93.715477,44.65867],[-93.720987,44.661972],[-93.721353,44.663468],[-93.719675,44.664986],[-93.710869,44.668221],[-93.701592,44.668595],[-93.698357,44.669365],[-93.679786,44.685928],[-93.678436,44.687462],[-93.677636,44.691162],[-93.674949,44.69265],[-93.667961,44.695259],[-93.662162,44.696373],[-93.659904,44.695542],[-93.658256,44.693413],[-93.657339,44.690994],[-93.655835,44.689962],[-93.653372,44.690476],[-93.652121,44.691261],[-93.650198,44.695015],[-93.647971,44.694786],[-93.643935,44.692662],[-93.642435,44.692762],[-93.640738,44.692978],[-93.636313,44.696945],[-93.624608,44.704376],[-93.618234,44.707262],[-93.618505,44.707955],[-93.625905,44.714882],[-93.626685,44.716561],[-93.626735,44.718462],[-93.624898,44.722611],[-93.627905,44.723732],[-93.630881,44.723328],[-93.632834,44.724037],[-93.63291,44.726174],[-93.628943,44.730209],[-93.628455,44.731255],[-93.628935,44.732862],[-93.631369,44.736847],[-93.631135,44.738462],[-93.627921,44.741638],[-93.62403,44.744766],[-93.622535,44.746862],[-93.621535,44.749962],[-93.621735,44.752962],[-93.620935,44.753562],[-93.619235,44.753062],[-93.617134,44.751662],[-93.615011,44.749245],[-93.614134,44.748762],[-93.611834,44.749962],[-93.609834,44.752062],[-93.608834,44.753762],[-93.609534,44.755562],[-93.612834,44.757362],[-93.621335,44.759962],[-93.621835,44.760362],[-93.621735,44.762862],[-93.621035,44.763562],[-93.616135,44.766362],[-93.613734,44.767062],[-93.607034,44.767562],[-93.601034,44.769362],[-93.595634,44.773762],[-93.594134,44.775762],[-93.594334,44.776662],[-93.595234,44.778062],[-93.599434,44.780762],[-93.599834,44.782062],[-93.599434,44.782662],[-93.598054,44.782913],[-93.589934,44.783662],[-93.585234,44.782262],[-93.581974,44.782112],[-93.581033,44.784862],[-93.580937,44.791321],[-93.579716,44.793526],[-93.577809,44.794747],[-93.573733,44.795762],[-93.566933,44.796262],[-93.555133,44.799462],[-93.554032,44.799262],[-93.551532,44.797562],[-93.548032,44.795362],[-93.544332,44.796462],[-93.541132,44.798627],[-93.541132,44.798862],[-93.541232,44.804563],[-93.530732,44.804463],[-93.520431,44.804263],[-93.520731,44.816563],[-93.52079,44.819543],[-93.520831,44.827263],[-93.520832,44.838963],[-93.520832,44.840563],[-93.520832,44.841163],[-93.520632,44.858463],[-93.520632,44.860063],[-93.520639,44.860196],[-93.520732,44.861863],[-93.520632,44.863763],[-93.520632,44.865948],[-93.520632,44.866263],[-93.520632,44.872726],[-93.520632,44.873963],[-93.520684,44.874963],[-93.520532,44.882863],[-93.520532,44.891163],[-93.523132,44.891163],[-93.540233,44.891063],[-93.548733,44.890963],[-93.552233,44.891063],[-93.553533,44.890963],[-93.559334,44.890963],[-93.566218,44.891063],[-93.56869,44.891063],[-93.570634,44.891063],[-93.580334,44.891162],[-93.583434,44.891162],[-93.589835,44.891262],[-93.605135,44.891362],[-93.610936,44.891362],[-93.614536,44.891262],[-93.616836,44.891262],[-93.619836,44.891162],[-93.620236,44.891162],[-93.625536,44.891162],[-93.626836,44.891062],[-93.637437,44.891062],[-93.645037,44.891062],[-93.652637,44.890962],[-93.652837,44.890962],[-93.661437,44.891062],[-93.664203,44.890973],[-93.664538,44.890962],[-93.667238,44.890962],[-93.683057,44.890942],[-93.698439,44.890762],[-93.704139,44.890762],[-93.705439,44.890662],[-93.756941,44.890762],[-93.767041,44.890862],[-93.766942,44.919862],[-93.766642,44.934162],[-93.766542,44.948762],[-93.766442,44.977062],[-93.766442,44.977962]]]},"properties":{"name":"Carver=CRV","type":"county"}},
{"type":"Feature","geometry":{"type":"Polygon","coordinates":[[[-93.775257,47.030418],[-93.774725,47.063949],[-93.774514,47.075578],[-93.774192,47.109595],[-93.774225,47.149715],[-93.77421,47.153408],[-93.774037,47.185747],[-93.774021,47.192345],[-93.773994,47.203954],[-93.773928,47.210313],[-93.773917,47.210909],[-93.775089,47.212738],[-93.782067,47.211735],[-93.784212,47.214547],[-93.785486,47.215347],[-93.793066,47.217314],[-93.79538,47.217406],[-93.80031,47.220584],[-93.800646,47.221132],[-93.800091,47.222102],[-93.799572,47.223532],[-93.802524,47.225955],[-93.802926,47.226983],[-93.801785,47.229703],[-93.80259,47.232651],[-93.803428,47.233497],[-93.808227,47.232629],[-93.809569,47.232857],[-93.810206,47.233543],[-93.810575,47.23576],[-93.807924,47.2364],[-93.807611,47.23724],[-93.807958,47.238343],[-93.811985,47.242685],[-93.807011,47.241373],[-93.806413,47.241519],[-93.804365,47.243919],[-93.804265,47.24513],[-93.805573,47.249107],[-93.805034,47.25069],[-93.803523,47.25261],[-93.799137,47.255507],[-93.798452,47.258917],[-93.797915,47.259419],[-93.789656,47.260218],[-93.784218,47.260125],[-93.78358,47.260536],[-93.782874,47.261336],[-93.78321,47.261931],[-93.789083,47.264812],[-93.791063,47.26712],[-93.789418,47.267623],[-93.787807,47.266983],[-93.785589,47.268879],[-93.784948,47.274387],[-93.78441,47.275689],[-93.777189,47.277356],[-93.776282,47.278064],[-93.777623,47.281607],[-93.782655,47.288762],[-93.788433,47.290455],[-93.789071,47.290866],[-93.788969,47.291415],[-93.787927,47.292237],[-93.786348,47.294385],[-93.787623,47.29658],[-93.787287,47.297791],[-93.785875,47.299299],[-93.783254,47.299389],[-93.77966,47.298816],[-93.774334,47.297932],[-93.774011,47.304985],[-93.77532,47.305557],[-93.780462,47.305262],[-93.782879,47.308348],[-93.784661,47.3086],[-93.787316,47.307137],[-93.792624,47.308922],[-93.794371,47.308625],[-93.798068,47.306409],[-93.800218,47.3081],[-93.802033,47.308009],[-93.804217,47.307118],[-93.805259,47.305472],[-93.807108,47.304536],[-93.808183,47.305358],[-93.80798,47.307461],[-93.80845,47.308009],[-93.814567,47.308284],[-93.815508,47.307735],[-93.815272,47.30705],[-93.815232,47.307007],[-93.812719,47.304787],[-93.810031,47.303941],[-93.809023,47.300627],[-93.809729,47.299439],[-93.810904,47.299279],[-93.812887,47.30241],[-93.814432,47.303096],[-93.817926,47.303667],[-93.82058,47.300559],[-93.822865,47.300696],[-93.82469,47.303698],[-93.824511,47.305851],[-93.827624,47.309008],[-93.839566,47.306179],[-93.843229,47.307161],[-93.842625,47.308212],[-93.842558,47.309401],[-93.842995,47.309903],[-93.847935,47.310473],[-93.847835,47.311982],[-93.845519,47.315365],[-93.845384,47.31669],[-93.847032,47.317101],[-93.848584,47.316853],[-93.850324,47.314221],[-93.854524,47.313991],[-93.855297,47.314196],[-93.855835,47.315041],[-93.85597,47.315727],[-93.855299,47.316847],[-93.856175,47.319224],[-93.861519,47.319427],[-93.865884,47.315448],[-93.875634,47.320646],[-93.876423,47.319846],[-93.876132,47.317575],[-93.876386,47.316712],[-93.882976,47.317529],[-93.886705,47.318994],[-93.88752,47.319853],[-93.885927,47.322122],[-93.885457,47.32377],[-93.88811,47.326239],[-93.88979,47.326537],[-93.890632,47.325052],[-93.890869,47.322515],[-93.890536,47.31911],[-93.89091,47.313945],[-93.892528,47.308871],[-93.896529,47.30629],[-93.901455,47.302201],[-93.903386,47.301723],[-93.904998,47.30266],[-93.908493,47.302501],[-93.910005,47.301656],[-93.910914,47.298502],[-93.91162,47.298068],[-93.912762,47.298228],[-93.914609,47.299623],[-93.915314,47.301726],[-93.914545,47.304262],[-93.915553,47.304299],[-93.91626,47.303773],[-93.916456,47.302549],[-93.919204,47.302974],[-93.919244,47.302389],[-93.921899,47.301795],[-93.922772,47.303007],[-93.923107,47.304584],[-93.922133,47.306115],[-93.923375,47.307669],[-93.928575,47.309081],[-93.929139,47.308596],[-93.928955,47.307912],[-93.929121,47.307052],[-93.93154,47.30623],[-93.930496,47.305281],[-93.930538,47.304749],[-93.933002,47.304579],[-93.933219,47.304965],[-93.933096,47.305306],[-93.933025,47.305711],[-93.936985,47.308473],[-93.937812,47.307921],[-93.939606,47.30989],[-93.939159,47.310695],[-93.939456,47.313539],[-93.940612,47.314823],[-93.942091,47.315052],[-93.941851,47.312967],[-93.940639,47.31132],[-93.942592,47.311015],[-93.944669,47.313803],[-93.943966,47.3147],[-93.943536,47.315349],[-93.943133,47.317291],[-93.945217,47.31832],[-93.95231,47.318216],[-93.953142,47.317512],[-93.955434,47.320536],[-93.954931,47.321405],[-93.955536,47.322136],[-93.972243,47.330493],[-93.974432,47.33365],[-93.972334,47.334867],[-93.971913,47.33509],[-93.974033,47.338015],[-93.978505,47.339271],[-93.983305,47.339699],[-93.985147,47.338878],[-93.985381,47.338227],[-93.987282,47.338926],[-93.986683,47.339173],[-94.003612,47.346942],[-94.006604,47.347812],[-94.006941,47.347104],[-94.008119,47.346716],[-94.014305,47.34761],[-94.016221,47.348662],[-94.017599,47.350148],[-94.024021,47.351361],[-94.025397,47.354927],[-94.024825,47.355727],[-94.024858,47.356687],[-94.026337,47.357784],[-94.029921,47.358239],[-94.035618,47.360072],[-94.038105,47.36494],[-94.038474,47.367203],[-94.037733,47.36862],[-94.039212,47.370837],[-94.042407,47.373351],[-94.043245,47.375513],[-94.042806,47.378781],[-94.039305,47.38447],[-94.039372,47.385453],[-94.040717,47.386893],[-94.042261,47.393613],[-94.042528,47.400469],[-94.04081,47.402731],[-94.036199,47.403278],[-94.030912,47.405494],[-94.028419,47.408144],[-94.031211,47.41235],[-94.032999,47.413004],[-94.037269,47.414888],[-94.042116,47.420146],[-94.042317,47.421174],[-94.043226,47.422134],[-94.051233,47.42962],[-94.051744,47.429882],[-94.061497,47.438162],[-94.073994,47.460985],[-94.079905,47.468475],[-94.09511,47.477969],[-94.117993,47.480741],[-94.297923,47.425278],[-94.322575,47.415618],[-94.327532,47.415844],[-94.336191,47.418277],[-94.346914,47.422673],[-94.353992,47.424591],[-94.363262,47.425206],[-94.373217,47.427069],[-94.37791,47.431976],[-94.382196,47.432086],[-94.383921,47.430253],[-94.384054,47.428311],[-94.385274,47.427567],[-94.395177,47.427984],[-94.395986,47.428248],[-94.395722,47.429981],[-94.3968,47.431927],[-94.399113,47.433766],[-94.40764,47.433936],[-94.410118,47.435508],[-94.410133,47.435976],[-94.40869,47.437019],[-94.404476,47.437578],[-94.403387,47.438177],[-94.403857,47.43944],[-94.407294,47.442621],[-94.409834,47.444475],[-94.412369,47.445555],[-94.416284,47.444827],[-94.415758,47.428686],[-94.416284,47.414657],[-94.41639,47.411832],[-94.480059,47.411848],[-94.545982,47.410869],[-94.581337,47.411075],[-94.601272,47.410175],[-94.628002,47.41007],[-94.64922,47.410089],[-94.654875,47.409953],[-94.659737,47.410016],[-94.670214,47.410151],[-94.67062,47.393543],[-94.670705,47.387677],[-94.670706,47.387586],[-94.670739,47.385506],[-94.670773,47.384844],[-94.670844,47.38265],[-94.670876,47.381644],[-94.670843,47.380799],[-94.670864,47.38046],[-94.67107,47.376707],[-94.671086,47.366362],[-94.671367,47.341711],[-94.671469,47.32273],[-94.66626,47.322699],[-94.663673,47.322684],[-94.66371,47.31416],[-94.663679,47.309407],[-94.663679,47.308447],[-94.663828,47.27986],[-94.663472,47.250748],[-94.663479,47.244005],[-94.66355,47.236631],[-94.663783,47.164414],[-94.663855,47.149902],[-94.663888,47.143053],[-94.663905,47.139577],[-94.663909,47.132126],[-94.663194,47.088717],[-94.663794,47.063626],[-94.663797,47.038602],[-94.66398,47.035484],[-94.664014,47.032674],[-94.663884,47.024721],[-94.663635,46.976926],[-94.65837,46.97694],[-94.658879,46.954909],[-94.65885,46.947276],[-94.658844,46.937122],[-94.658887,46.936273],[-94.658858,46.919721],[-94.658871,46.905021],[-94.659446,46.890692],[-94.659687,46.876318],[-94.659631,46.861561],[-94.65982,46.818048],[-94.659873,46.810813],[-94.659927,46.803492],[-94.671439,46.803603],[-94.681393,46.8037],[-94.695819,46.80373],[-94.697102,46.803733],[-94.702394,46.803744],[-94.715274,46.803947],[-94.718078,46.803974],[-94.722478,46.804059],[-94.723216,46.804118],[-94.744529,46.803959],[-94.757126,46.803968],[-94.786996,46.804063],[-94.787026,46.792983],[-94.787036,46.789346],[-94.786884,46.760209],[-94.78706,46.747507],[-94.787008,46.746635],[-94.786929,46.741954],[-94.78703,46.739417],[-94.787033,46.731306],[-94.786642,46.717068],[-94.786631,46.716262],[-94.786012,46.644511],[-94.78582,46.630045],[-94.780545,46.630043],[-94.780418,46.62496],[-94.779911,46.586744],[-94.779629,46.55772],[-94.779566,46.553081],[-94.779603,46.547871],[-94.779586,46.543863],[-94.779262,46.518331],[-94.778882,46.499199],[-94.779033,46.455552],[-94.779013,46.444463],[-94.779123,46.41702],[-94.779128,46.416357],[-94.779301,46.416053],[-94.779427,46.415831],[-94.779098,46.415708],[-94.779199,46.413298],[-94.779429,46.407777],[-94.779156,46.405846],[-94.779143,46.401645],[-94.779121,46.394215],[-94.775147,46.392238],[-94.772602,46.392005],[-94.771723,46.392427],[-94.771038,46.39379],[-94.771421,46.396534],[-94.767834,46.396684],[-94.764887,46.395712],[-94.762642,46.393828],[-94.762841,46.392547],[-94.760012,46.383122],[-94.751805,46.379052],[-94.750294,46.379395],[-94.749367,46.380301],[-94.748221,46.383313],[-94.746153,46.384669],[-94.743991,46.384728],[-94.743008,46.383991],[-94.743615,46.38178],[-94.742146,46.380014],[-94.741111,46.379995],[-94.738807,46.380965],[-94.734985,46.383829],[-94.73214,46.384149],[-94.727959,46.380711],[-94.72917,46.37956],[-94.730886,46.376425],[-94.731624,46.37302],[-94.73164,46.368717],[-94.73198,46.366891],[-94.7317,46.364231],[-94.725858,46.355146],[-94.72245,46.351922],[-94.719363,46.350842],[-94.717922,46.350791],[-94.715268,46.352079],[-94.697882,46.349515],[-94.68896,46.3508],[-94.684987,46.350738],[-94.682203,46.350022],[-94.677233,46.350345],[-94.676036,46.351457],[-94.673823,46.35821],[-94.672221,46.359754],[-94.670423,46.360594],[-94.668679,46.360506],[-94.667354,46.359681],[-94.666087,46.357688],[-94.664826,46.352354],[-94.663845,46.350622],[-94.663089,46.350159],[-94.66126,46.351513],[-94.659801,46.352017],[-94.65824,46.351871],[-94.653462,46.348678],[-94.643929,46.341681],[-94.640143,46.341969],[-94.636559,46.34099],[-94.633998,46.338831],[-94.632199,46.337128],[-94.625291,46.330402],[-94.622853,46.326665],[-94.622063,46.326405],[-94.61883,46.32776],[-94.617799,46.327577],[-94.616969,46.325675],[-94.616063,46.324813],[-94.614167,46.324548],[-94.612253,46.32505],[-94.609167,46.328399],[-94.607543,46.329467],[-94.604211,46.33005],[-94.600948,46.327216],[-94.597477,46.326552],[-94.594388,46.326783],[-94.585552,46.324377],[-94.572965,46.315937],[-94.565985,46.313496],[-94.561216,46.312421],[-94.559087,46.311201],[-94.557934,46.309626],[-94.557398,46.307734],[-94.556177,46.307135],[-94.55043,46.307532],[-94.547385,46.306376],[-94.545055,46.304756],[-94.540517,46.303505],[-94.534718,46.302799],[-94.533214,46.303309],[-94.517234,46.308816],[-94.513394,46.308196],[-94.511466,46.308631],[-94.51025,46.309433],[-94.507883,46.312865],[-94.497551,46.315248],[-94.489821,46.313951],[-94.487478,46.314342],[-94.483603,46.315923],[-94.482646,46.316807],[-94.482114,46.318278],[-94.482016,46.320174],[-94.481069,46.32147],[-94.480132,46.321723],[-94.476394,46.320354],[-94.474434,46.320435],[-94.469311,46.321944],[-94.467385,46.322568],[-94.465679,46.32573],[-94.460461,46.331162],[-94.457624,46.331405],[-94.456397,46.330789],[-94.454769,46.328466],[-94.453392,46.327974],[-94.44829,46.330851],[-94.445108,46.331792],[-94.432602,46.331661],[-94.428581,46.332587],[-94.424776,46.331766],[-94.423785,46.330744],[-94.42382,46.328272],[-94.423096,46.327698],[-94.413803,46.325364],[-94.402288,46.321568],[-94.400155,46.319993],[-94.399652,46.315298],[-94.396164,46.313034],[-94.389667,46.312662],[-94.387418,46.311064],[-94.386843,46.310343],[-94.386967,46.309122],[-94.391231,46.306127],[-94.391187,46.304165],[-94.390147,46.303498],[-94.387365,46.303546],[-94.38583,46.30416],[-94.383889,46.305902],[-94.382828,46.308934],[-94.38192,46.309461],[-94.381181,46.309243],[-94.374996,46.302295],[-94.373125,46.297883],[-94.371994,46.297141],[-94.370736,46.297168],[-94.366227,46.299203],[-94.362388,46.300156],[-94.360673,46.300009],[-94.350529,46.295408],[-94.346041,46.291074],[-94.343935,46.287811],[-94.34367,46.286625],[-94.344742,46.285259],[-94.348769,46.282451],[-94.350637,46.27986],[-94.349855,46.278364],[-94.346413,46.276615],[-94.343413,46.276931],[-94.341679,46.277705],[-94.342211,46.278177],[-94.34233,46.280366],[-94.34083,46.283296],[-94.339351,46.284649],[-94.337732,46.284663],[-94.337013,46.284119],[-94.335293,46.280174],[-94.332523,46.279566],[-94.329851,46.284178],[-94.32862,46.288584],[-94.327284,46.289745],[-94.32732,46.296392],[-94.327337,46.297902],[-94.327649,46.347319],[-94.327668,46.348142],[-94.327671,46.348286],[-94.327742,46.35144],[-94.327949,46.360359],[-94.327974,46.361992],[-94.32809,46.369302],[-94.328225,46.376302],[-94.32816,46.382963],[-94.327846,46.405329],[-94.32783,46.405848],[-94.327778,46.407541],[-94.32768,46.412752],[-94.327849,46.424569],[-94.327849,46.424683],[-94.327883,46.427381],[-94.327812,46.434887],[-94.327819,46.435449],[-94.327858,46.436526],[-94.327889,46.437394],[-94.328576,46.456446],[-94.329559,46.496703],[-94.329507,46.500114],[-94.329646,46.516174],[-94.329632,46.517129],[-94.329832,46.529228],[-94.329856,46.538182],[-94.329866,46.541796],[-94.329887,46.543311],[-94.3299,46.544219],[-94.330042,46.553298],[-94.33007,46.55519],[-94.330173,46.569566],[-94.330196,46.570919],[-94.330206,46.571499],[-94.330241,46.573406],[-94.330378,46.577083],[-94.330564,46.58208],[-94.330608,46.583256],[-94.330742,46.587964],[-94.330615,46.593288],[-94.330624,46.595351],[-94.330795,46.597534],[-94.330827,46.599128],[-94.330899,46.602685],[-94.330947,46.605037],[-94.331048,46.609996],[-94.331116,46.613973],[-94.331117,46.617159],[-94.331117,46.617515],[-94.33092,46.631208],[-94.345327,46.631251],[-94.345352,46.631251],[-94.345346,46.634549],[-94.345332,46.642806],[-94.345364,46.653168],[-94.345427,46.65767],[-94.345468,46.660642],[-94.34567,46.664185],[-94.345828,46.668375],[-94.346075,46.674926],[-94.345988,46.689054],[-94.346006,46.690105],[-94.345632,46.718489],[-94.343764,46.741852],[-94.343592,46.752386],[-94.34343,46.761917],[-94.34345,46.76638],[-94.343244,46.787034],[-94.342812,46.796653],[-94.342808,46.796762],[-94.342751,46.798142],[-94.342553,46.80013],[-94.342473,46.80553],[-94.342385,46.80553],[-94.289298,46.805045],[-94.283689,46.805224],[-94.279445,46.805203],[-94.207088,46.804912],[-94.203202,46.804886],[-94.15922,46.804712],[-94.153988,46.804629],[-94.092631,46.803192],[-94.029892,46.803258],[-94.028867,46.803283],[-94.00892,46.803721],[-93.955788,46.803583],[-93.955622,46.803605],[-93.949164,46.803583],[-93.902749,46.803443],[-93.902317,46.803442],[-93.804849,46.802994],[-93.776022,46.802893],[-93.775488,46.860625],[-93.775182,46.870477],[-93.775077,46.889377],[-93.774838,46.928186],[-93.775173,46.951934],[-93.775185,46.954584],[-93.775113,46.959707],[-93.775031,46.965051],[-93.774894,46.973981],[-93.774866,46.975726],[-93.774779,46.999952],[-93.775468,47.021849],[-93.775257,47.030418]]]},"properties":{"name":"Cass=CAS","type":"county"}},
{"type":"Feature","geometry":{"type":"Polygon","coordinates":[[[-95.246555,45.152383],[-95.369349,45.152677],[-95.491511,45.151742],[-95.512065,45.151541],[-95.5733,45.151391],[-95.574213,45.151383],[-95.593646,45.151204],[-95.613896,45.151334],[-95.695364,45.151369],[-95.71547,45.151373],[-95.715806,45.151374],[-95.735635,45.151429],[-95.779597,45.151556],[-95.781744,45.151574],[-95.805351,45.151578],[-95.811907,45.151623],[-95.817752,45.151532],[-95.858118,45.151637],[-95.939849,45.151718],[-95.944469,45.151724],[-95.960043,45.151744],[-95.961872,45.151921],[-95.980311,45.152006],[-96.004507,45.152067],[-96.036698,45.152206],[-96.036851,45.150143],[-96.032145,45.145847],[-96.028474,45.141684],[-96.025718,45.136471],[-96.02475,45.136152],[-96.022496,45.137126],[-96.014492,45.127512],[-96.013834,45.125604],[-96.012472,45.123726],[-96.011234,45.123385],[-96.007787,45.123763],[-96.003403,45.122313],[-95.999804,45.119328],[-95.999127,45.116583],[-95.999819,45.116001],[-96.000318,45.116242],[-96.000461,45.112336],[-95.998922,45.111563],[-95.995448,45.1115],[-95.992883,45.110801],[-95.980355,45.09756],[-95.962905,45.085697],[-95.961705,45.084336],[-95.894781,45.036487],[-95.882524,45.03186],[-95.884029,45.029697],[-95.884416,45.028874],[-95.880392,45.023914],[-95.876012,45.022929],[-95.874996,45.023816],[-95.871577,45.025258],[-95.869836,45.024162],[-95.869184,45.021787],[-95.866834,45.017537],[-95.866603,45.012981],[-95.863639,45.012534],[-95.860575,45.008788],[-95.861669,45.00737],[-95.858682,45.006509],[-95.858242,45.006401],[-95.847009,45.002142],[-95.84141,44.998939],[-95.837673,44.996038],[-95.836398,44.996283],[-95.836337,44.994889],[-95.834934,44.993891],[-95.833932,44.993751],[-95.834274,44.993116],[-95.831165,44.990807],[-95.829979,44.990897],[-95.829523,44.990145],[-95.830183,44.990018],[-95.828552,44.989233],[-95.826172,44.988363],[-95.82469,44.986329],[-95.823465,44.981759],[-95.825204,44.981576],[-95.825365,44.981188],[-95.823545,44.978469],[-95.824108,44.977349],[-95.823913,44.969694],[-95.823268,44.964758],[-95.822044,44.962702],[-95.820338,44.961285],[-95.818793,44.960737],[-95.815703,44.961354],[-95.81197,44.9614],[-95.811056,44.960677],[-95.810296,44.958955],[-95.806756,44.95475],[-95.810393,44.95443],[-95.810811,44.953722],[-95.80991,44.952693],[-95.803892,44.949037],[-95.79263,44.946774],[-95.7916,44.947916],[-95.79176,44.948784],[-95.790441,44.949356],[-95.780081,44.946063],[-95.776994,44.942383],[-95.775128,44.941994],[-95.772457,44.942313],[-95.770622,44.943363],[-95.770236,44.943912],[-95.770266,44.947157],[-95.769783,44.947842],[-95.768721,44.94791],[-95.761869,44.944273],[-95.761129,44.94345],[-95.761162,44.942582],[-95.76068,44.941896],[-95.757656,44.941598],[-95.755597,44.942054],[-95.75566,44.943036],[-95.758617,44.94626],[-95.758391,44.946877],[-95.757812,44.946877],[-95.755689,44.946236],[-95.750897,44.94356],[-95.746624,44.944906],[-95.744456,44.944617],[-95.74189,44.940818],[-95.741535,44.93995],[-95.741888,44.939196],[-95.739634,44.937186],[-95.737015,44.936136],[-95.733648,44.934423],[-95.731752,44.932109],[-95.731622,44.932068],[-95.727147,44.928202],[-95.719644,44.921404],[-95.719933,44.920901],[-95.721316,44.920603],[-95.721509,44.919415],[-95.720992,44.915462],[-95.719027,44.911303],[-95.719895,44.91064],[-95.724011,44.909908],[-95.723753,44.909199],[-95.721533,44.907372],[-95.719185,44.906298],[-95.709666,44.903581],[-95.696064,44.904017],[-95.689954,44.901961],[-95.6878,44.902327],[-95.68553,44.903522],[-95.680693,44.90724],[-95.681465,44.908245],[-95.684263,44.908543],[-95.684424,44.909228],[-95.683748,44.909777],[-95.680082,44.909114],[-95.676352,44.906394],[-95.672751,44.904451],[-95.671305,44.902303],[-95.671563,44.899835],[-95.672785,44.898669],[-95.67256,44.896727],[-95.665037,44.894417],[-95.661259,44.891251],[-95.656166,44.889068],[-95.652339,44.891283],[-95.650925,44.891374],[-95.64874,44.889065],[-95.648516,44.887397],[-95.650382,44.886255],[-95.654496,44.886279],[-95.65485,44.885479],[-95.654369,44.884565],[-95.641172,44.874239],[-95.637025,44.873438],[-95.635161,44.874518],[-95.630084,44.873297],[-95.627002,44.869708],[-95.6253,44.868632],[-95.621174,44.867668],[-95.616308,44.863037],[-95.614643,44.859634],[-95.614936,44.857524],[-95.616509,44.854365],[-95.616251,44.852521],[-95.614718,44.850841],[-95.613236,44.850046],[-95.60942,44.849327],[-95.604721,44.850398],[-95.600959,44.850982],[-95.599469,44.850775],[-95.596891,44.849458],[-95.596627,44.848645],[-95.597287,44.847573],[-95.600689,44.844581],[-95.600402,44.843736],[-95.599046,44.84315],[-95.57972,44.839455],[-95.577092,44.839209],[-95.574165,44.840396],[-95.572866,44.839938],[-95.569348,44.83747],[-95.566243,44.834237],[-95.566215,44.83294],[-95.567503,44.831167],[-95.567454,44.830298],[-95.567031,44.82897],[-95.56549,44.827377],[-95.564484,44.826549],[-95.559605,44.823168],[-95.552805,44.822136],[-95.549238,44.820823],[-95.544316,44.819386],[-95.53651,44.815125],[-95.535446,44.814063],[-95.535484,44.812551],[-95.53564,44.811889],[-95.540793,44.807045],[-95.543849,44.805611],[-95.545155,44.804327],[-95.545052,44.803852],[-95.538757,44.802417],[-95.528885,44.802455],[-95.523602,44.802246],[-95.519483,44.801835],[-95.51012,44.796052],[-95.503983,44.794421],[-95.497566,44.788828],[-95.498272,44.787083],[-95.498994,44.786532],[-95.509546,44.78407],[-95.512237,44.783625],[-95.523392,44.783642],[-95.525328,44.783182],[-95.525831,44.782119],[-95.525142,44.778882],[-95.524553,44.777956],[-95.522814,44.77683],[-95.522699,44.776178],[-95.523225,44.775461],[-95.52596,44.774815],[-95.5306,44.774538],[-95.530775,44.773136],[-95.530161,44.771784],[-95.528772,44.770633],[-95.525467,44.769589],[-95.523418,44.769695],[-95.518502,44.771784],[-95.516283,44.771762],[-95.51547,44.771029],[-95.51592,44.768017],[-95.515622,44.766616],[-95.513919,44.765788],[-95.510325,44.76538],[-95.50876,44.765743],[-95.508351,44.767845],[-95.509013,44.770244],[-95.507297,44.77225],[-95.505035,44.772976],[-95.503759,44.77251],[-95.500295,44.77101],[-95.494965,44.769811],[-95.491527,44.765333],[-95.491204,44.762705],[-95.49194,44.761196],[-95.492066,44.758476],[-95.491258,44.752466],[-95.488788,44.751301],[-95.487024,44.751096],[-95.482876,44.753113],[-95.483157,44.766936],[-95.483084,44.796511],[-95.483222,44.801601],[-95.483274,44.803518],[-95.483283,44.803848],[-95.483423,44.818201],[-95.483197,44.8545],[-95.483156,44.859755],[-95.483414,44.889126],[-95.483447,44.890794],[-95.46332,44.890848],[-95.432166,44.890942],[-95.393869,44.891083],[-95.391268,44.891093],[-95.370406,44.891108],[-95.361017,44.891136],[-95.344445,44.891174],[-95.343848,44.891165],[-95.30745,44.891261],[-95.306367,44.891246],[-95.302337,44.891192],[-95.269832,44.891323],[-95.260088,44.891341],[-95.248491,44.891404],[-95.2485,44.899908],[-95.248508,44.905872],[-95.248517,44.914352],[-95.248518,44.915289],[-95.24852,44.917672],[-95.248523,44.920295],[-95.248105,44.978327],[-95.247868,44.99889],[-95.247657,45.014302],[-95.247605,45.017593],[-95.24753,45.022051],[-95.24702,45.050964],[-95.246931,45.058169],[-95.246843,45.065342],[-95.246747,45.12335],[-95.246555,45.152383]]]},"properties":{"name":"Chippewa=CHP","type":"county"}},
{"type":"Feature","geometry":{"type":"Polygon","coordinates":[[[-92.841051,45.730024],[-92.849335,45.729976],[-92.850249,45.730014],[-92.862458,45.730009],[-92.991247,45.730512],[-92.992096,45.730512],[-92.993075,45.730534],[-93.021711,45.730769],[-93.051419,45.730845],[-93.063726,45.731029],[-93.064838,45.731023],[-93.124843,45.730738],[-93.141792,45.73078],[-93.141898,45.716389],[-93.141584,45.701848],[-93.141783,45.644035],[-93.141832,45.630267],[-93.141843,45.627195],[-93.141812,45.62413],[-93.141846,45.622941],[-93.141907,45.618012],[-93.141952,45.614322],[-93.14196,45.588508],[-93.141556,45.580349],[-93.141623,45.578268],[-93.141969,45.565427],[-93.141974,45.558109],[-93.104018,45.557968],[-93.100752,45.557969],[-93.09829,45.55797],[-93.097867,45.558016],[-93.094005,45.557982],[-93.0935,45.55798],[-93.073146,45.557896],[-93.063337,45.557792],[-93.058269,45.55779],[-93.042248,45.55763],[-93.032419,45.557377],[-93.022151,45.557282],[-93.022178,45.554226],[-93.022255,45.528132],[-93.022249,45.526706],[-93.022213,45.516637],[-93.022215,45.515069],[-93.02222,45.511684],[-93.022227,45.505908],[-93.022312,45.498834],[-93.022158,45.495682],[-93.021771,45.48769],[-93.021637,45.484914],[-93.021642,45.477552],[-93.021634,45.476492],[-93.02153,45.470582],[-93.021521,45.47023],[-93.021406,45.46589],[-93.020954,45.440812],[-93.019297,45.411767],[-93.019288,45.411592],[-93.01867,45.390662],[-93.018712,45.386615],[-93.018704,45.385836],[-93.018645,45.382738],[-93.018413,45.374965],[-93.019419,45.342165],[-93.019419,45.340066],[-93.019519,45.339166],[-93.019519,45.333266],[-93.019319,45.325866],[-93.019219,45.305466],[-93.019219,45.299766],[-93.019119,45.296866],[-93.015219,45.296866],[-93.002518,45.296866],[-92.986917,45.296766],[-92.985818,45.296766],[-92.983718,45.296766],[-92.978753,45.29672],[-92.973076,45.296667],[-92.973017,45.296666],[-92.970217,45.296666],[-92.968617,45.296666],[-92.960917,45.296666],[-92.950317,45.296566],[-92.936685,45.296394],[-92.926516,45.296266],[-92.906115,45.296166],[-92.899415,45.296266],[-92.895715,45.296266],[-92.893715,45.296266],[-92.880114,45.296266],[-92.845913,45.296065],[-92.825491,45.296161],[-92.824612,45.296165],[-92.822112,45.296065],[-92.815312,45.295965],[-92.814912,45.295965],[-92.802411,45.296065],[-92.783311,45.295965],[-92.782475,45.295957],[-92.76811,45.295965],[-92.74520828,45.29604363],[-92.737122,45.300459],[-92.73389327,45.30314366],[-92.732594,45.304224],[-92.727737,45.309288],[-92.709968,45.321302],[-92.704794,45.326526],[-92.699956,45.333716],[-92.698967,45.336374],[-92.69892,45.339364],[-92.699524,45.342421],[-92.704054,45.35366],[-92.703705,45.35633],[-92.70272,45.358472],[-92.696499,45.363529],[-92.679193,45.37271],[-92.678223,45.373604],[-92.678756,45.376201],[-92.676961,45.380137],[-92.67469289,45.38286688],[-92.67252256,45.38547908],[-92.669505,45.389111],[-92.664102,45.393309],[-92.658486,45.396058],[-92.650422,45.398507],[-92.65042853,45.39871893],[-92.65057,45.403308],[-92.648157,45.407423],[-92.646676,45.413227],[-92.646943,45.414265],[-92.649467,45.416408],[-92.650269,45.419168],[-92.649152,45.429618],[-92.646768,45.437929],[-92.64664012,45.44078395],[-92.646602,45.441635],[-92.64742594,45.44337749],[-92.64782496,45.44422136],[-92.652698,45.454527],[-92.653549,45.455346],[-92.661131,45.458278],[-92.677219,45.462864],[-92.67979693,45.46412945],[-92.680234,45.464344],[-92.68340939,45.46818168],[-92.68471118,45.46975498],[-92.686793,45.472271],[-92.68906897,45.47415837],[-92.69131135,45.47601788],[-92.691619,45.476273],[-92.69276871,45.47838779],[-92.695212,45.482882],[-92.69816137,45.48715716],[-92.70214684,45.49293416],[-92.702224,45.493046],[-92.71189,45.503281],[-92.715814,45.506676],[-92.724337,45.512223],[-92.726677,45.514462],[-92.727744,45.518811],[-92.728023,45.525652],[-92.72465,45.536744],[-92.72469872,45.53755876],[-92.72474047,45.53825698],[-92.724762,45.538617],[-92.726082,45.541112],[-92.745591,45.553016],[-92.756906,45.557499],[-92.764574,45.563592],[-92.770223,45.566939],[-92.773412,45.568235],[-92.775988,45.568478],[-92.77707815,45.56841205],[-92.785741,45.567888],[-92.790143,45.566915],[-92.801503,45.562854],[-92.812083,45.561122],[-92.81684659,45.56104223],[-92.823309,45.560934],[-92.834156,45.563096],[-92.843783,45.566135],[-92.846447,45.566515],[-92.871082,45.567581],[-92.881136,45.573409],[-92.883749,45.575483],[-92.884954,45.578818],[-92.883277,45.589831],[-92.886421,45.594881],[-92.886442,45.598679],[-92.8849,45.605001],[-92.882529,45.610216],[-92.88297,45.613738],[-92.886669,45.61976],[-92.888035,45.624959],[-92.888114,45.628377],[-92.88689124,45.63315214],[-92.886827,45.633403],[-92.88687277,45.63453859],[-92.88692921,45.63593871],[-92.886963,45.636777],[-92.887929,45.639006],[-92.88738285,45.64226392],[-92.887067,45.644148],[-92.885711,45.646017],[-92.883987,45.65487],[-92.882504,45.659471],[-92.878932,45.665606],[-92.876891,45.675289],[-92.875488,45.689014],[-92.870145,45.696757],[-92.870025,45.697272],[-92.871775,45.699774],[-92.868862,45.711993],[-92.869689,45.715142],[-92.869193,45.717568],[-92.865688,45.720623],[-92.862598,45.722241],[-92.853405,45.723152],[-92.850933,45.723831],[-92.850537,45.724376],[-92.850388,45.727576],[-92.848851,45.728751],[-92.843079,45.729163],[-92.841051,45.730024]]]},"properties":{"name":"Chisago=CHS","type":"county"}},
{"type":"Feature","geometry":{"type":"Polygon","coordinates":[[[-96.194667,47.151088],[-96.229406,47.151146],[-96.229916,47.151148],[-96.241365,47.151178],[-96.258553,47.15123],[-96.322453,47.151339],[-96.337388,47.151451],[-96.364783,47.151279],[-96.371374,47.151237],[-96.386206,47.151235],[-96.387145,47.151232],[-96.396169,47.151206],[-96.396904,47.151204],[-96.407338,47.151174],[-96.436272,47.151201],[-96.443047,47.151088],[-96.447291,47.151018],[-96.457605,47.151224],[-96.500804,47.151297],[-96.507678,47.151322],[-96.564157,47.151499],[-96.584471,47.151452],[-96.606288,47.151468],[-96.690166,47.151475],[-96.732533,47.151217],[-96.821801,47.150471],[-96.824212,47.150494],[-96.828031,47.150539],[-96.83121005,47.15052206],[-96.83106939,47.14946713],[-96.83011423,47.14851197],[-96.83011423,47.14787744],[-96.83011423,47.14679268],[-96.83137887,47.14510649],[-96.83240661,47.14373617],[-96.83154697,47.14201688],[-96.83089018,47.1415233],[-96.828597,47.1398],[-96.82763081,47.13657246],[-96.82763081,47.13475765],[-96.82839783,47.13258443],[-96.828777,47.13151011],[-96.82763081,47.12950427],[-96.82650109,47.12867483],[-96.824476,47.127188],[-96.824807,47.124968],[-96.82544,47.123354],[-96.826712,47.122852],[-96.82772632,47.12148092],[-96.82734426,47.1201437],[-96.82683869,47.1197806],[-96.821189,47.115723],[-96.820619,47.113712],[-96.822192,47.111679],[-96.82234507,47.11105177],[-96.8225671,47.11014199],[-96.822694,47.109622],[-96.82221857,47.1091203],[-96.82181082,47.10869002],[-96.82159,47.108457],[-96.81884333,47.10715352],[-96.81798368,47.10600732],[-96.81817471,47.10419252],[-96.81903653,47.10260496],[-96.81998952,47.10084945],[-96.819894,47.0993212],[-96.81948776,47.09888594],[-96.81855678,47.09788846],[-96.81836575,47.09330369],[-96.82008503,47.09139336],[-96.82017713,47.09108025],[-96.82056262,47.08976959],[-96.82041055,47.08955099],[-96.81903436,47.08757272],[-96.82065,47.083619],[-96.820216,47.082111],[-96.819078,47.081152],[-96.819479,47.078181],[-96.82161328,47.07630183],[-96.82155711,47.07611926],[-96.82084916,47.07381841],[-96.82123122,47.0731498],[-96.82191794,47.07275361],[-96.82371464,47.07171706],[-96.8240967,47.07066638],[-96.823491,47.065911],[-96.82180431,47.06436232],[-96.82165704,47.06392048],[-96.82163789,47.06386305],[-96.82132674,47.06292958],[-96.82218638,47.06206993],[-96.8240967,47.06149684],[-96.82413623,47.06130906],[-96.82447877,47.05968203],[-96.82256844,47.05586139],[-96.82017991,47.0536836],[-96.8193209,47.05290039],[-96.81884332,47.04707391],[-96.82084915,47.04143847],[-96.82081575,47.04121578],[-96.8205626,47.03952815],[-96.81874779,47.03761783],[-96.81863565,47.03638422],[-96.81855676,47.03551647],[-96.81884331,47.03417925],[-96.82032266,47.03341218],[-96.82142224,47.03284202],[-96.82161328,47.0315048],[-96.82137857,47.03056596],[-96.82123121,47.02997654],[-96.81855676,47.02777967],[-96.81798366,47.02653796],[-96.81941641,47.02491419],[-96.826358,47.023205],[-96.829499,47.021537],[-96.833038,47.016029],[-96.832303,47.015184],[-96.833504,47.01011],[-96.83450795,47.00886749],[-96.83460346,47.0077213],[-96.8342214,47.00667062],[-96.83399982,47.00645871],[-96.831798,47.004353],[-96.827489,47.001611],[-96.82619805,47.00189482],[-96.82318,46.999965],[-96.82318928,46.99802642],[-96.82356876,46.99747725],[-96.82447,46.996173],[-96.824598,46.993309],[-96.822566,46.990141],[-96.81997517,46.97774537],[-96.819894,46.977357],[-96.82004694,46.97691107],[-96.8200747,46.97683013],[-96.82010592,46.97673912],[-96.82204309,46.97109089],[-96.82185206,46.9693716],[-96.819558,46.967453],[-96.809814,46.9639],[-96.80274885,46.96593302],[-96.80202596,46.96593302],[-96.8013161,46.96593302],[-96.79931027,46.96411822],[-96.79873717,46.96239893],[-96.79918042,46.96120054],[-96.79991,46.959228],[-96.799606,46.954316],[-96.798758,46.952988],[-96.79911794,46.94960901],[-96.79920712,46.94877175],[-96.79935802,46.94735515],[-96.79773425,46.94639999],[-96.79613373,46.94627446],[-96.79286293,46.94601793],[-96.791558,46.944464],[-96.790058,46.937664],[-96.791558,46.934264],[-96.79162122,46.93121294],[-96.79104813,46.92987571],[-96.79037951,46.92939813],[-96.78836573,46.929126],[-96.78684542,46.92892055],[-96.78550736,46.92646746],[-96.78512613,46.92576852],[-96.78312029,46.92548197],[-96.780258,46.928263],[-96.775157,46.930863],[-96.763257,46.935063],[-96.761757,46.934663],[-96.76029195,46.93340981],[-96.76029195,46.93207258],[-96.76042588,46.9318568],[-96.76201124,46.92930262],[-96.76201124,46.92919792],[-96.76201124,46.92834746],[-96.76172469,46.92729678],[-96.75952782,46.92576852],[-96.75960053,46.92567158],[-96.76073977,46.92415258],[-96.76096056,46.9238582],[-96.76134263,46.92223443],[-96.76086505,46.9208972],[-96.75933679,46.91955998],[-96.75924127,46.91822275],[-96.75932637,46.9181914],[-96.76078784,46.91765296],[-96.76287088,46.91688553],[-96.763973,46.912507],[-96.763557,46.909463],[-96.765657,46.905063],[-96.767458,46.905163],[-96.770458,46.906763],[-96.773558,46.903563],[-96.776558,46.895663],[-96.7750753,46.89027585],[-96.77463772,46.88868598],[-96.773558,46.884763],[-96.771858,46.884063],[-96.769758,46.884763],[-96.768058,46.884763],[-96.767358,46.883663],[-96.768458,46.879563],[-96.769758,46.877563],[-96.771258,46.877463],[-96.775558,46.879163],[-96.780358,46.880163],[-96.781358,46.879363],[-96.780358,46.877063],[-96.779258,46.875963],[-96.779302,46.872699],[-96.78020569,46.869263],[-96.780758,46.867163],[-96.78288148,46.86459049],[-96.78288148,46.86449238],[-96.78288148,46.86258465],[-96.78135323,46.8604833],[-96.78122817,46.85989971],[-96.78106668,46.85914608],[-96.78109966,46.85868435],[-96.78116219,46.85780885],[-96.78192632,46.85647162],[-96.78195811,46.85545434],[-96.78202184,46.85341511],[-96.78087565,46.85226892],[-96.7791595,46.85172698],[-96.77906084,46.85169582],[-96.77791465,46.85074066],[-96.77791465,46.84959447],[-96.77857448,46.848761],[-96.77947212,46.84762714],[-96.77972945,46.84730208],[-96.78020703,46.84539176],[-96.77934739,46.84367247],[-96.77934739,46.84350182],[-96.77934739,46.84214421],[-96.78039806,46.84118905],[-96.7821252,46.8409662],[-96.78335906,46.84080699],[-96.78383664,46.84023389],[-96.78402768,46.83889667],[-96.78326355,46.83746393],[-96.78329593,46.8372912],[-96.78351696,46.83611239],[-96.7835501,46.83593567],[-96.7853649,46.83402535],[-96.78900501,46.83324533],[-96.78937657,46.8331657],[-96.78966312,46.83230606],[-96.78876855,46.83108943],[-96.78727522,46.82905851],[-96.78765729,46.8278168],[-96.78934116,46.82744261],[-96.78937657,46.82743474],[-96.791559,46.827864],[-96.79796,46.822364],[-96.80016,46.819664],[-96.799336,46.815436],[-96.80036,46.8135],[-96.802013,46.812464],[-96.802544,46.811521],[-96.801446,46.810401],[-96.796488,46.808709],[-96.795756,46.807795],[-96.79578352,46.80743381],[-96.79578933,46.80735756],[-96.79605185,46.80391179],[-96.79612421,46.80296216],[-96.79692113,46.7925022],[-96.7969326,46.79235159],[-96.796992,46.791572],[-96.796195,46.789881],[-96.79431661,46.78855664],[-96.79310169,46.78770006],[-96.79147792,46.78569422],[-96.79109585,46.78368839],[-96.79221542,46.78144925],[-96.79262411,46.78063188],[-96.79243308,46.77891259],[-96.79205101,46.77833949],[-96.78888772,46.77759518],[-96.78880347,46.77757536],[-96.78813486,46.77623813],[-96.7885808,46.77490029],[-96.78909002,46.77337265],[-96.78861244,46.7712713],[-96.78538394,46.76906233],[-96.78498283,46.76878788],[-96.78431421,46.76754617],[-96.78431421,46.76697308],[-96.78550448,46.76620791],[-96.78565144,46.76611343],[-96.78555592,46.76439414],[-96.78461725,46.7635024],[-96.7836456,46.76257934],[-96.78460076,46.76133763],[-96.78612902,46.76095556],[-96.78665371,46.75998113],[-96.78746624,46.75847215],[-96.78746624,46.75675286],[-96.78555977,46.7549417],[-96.7836456,46.75312325],[-96.78345457,46.75035328],[-96.784568,46.748669],[-96.78512031,46.74676104],[-96.78526938,46.74624609],[-96.78513666,46.74562042],[-96.78488661,46.74444162],[-96.78460076,46.74309406],[-96.781216,46.740944],[-96.781617,46.737197],[-96.784279,46.732993],[-96.78154424,46.73010388],[-96.78137141,46.73000221],[-96.78080941,46.72967162],[-96.77992047,46.72914872],[-96.77925186,46.72742943],[-96.779899,46.722915],[-96.784751,46.720495],[-96.78552959,46.71633583],[-96.78576637,46.71507097],[-96.786184,46.71284],[-96.78904976,46.70764909],[-96.791204,46.703747],[-96.790906,46.70297],[-96.78780053,46.70044614],[-96.78665434,46.69586137],[-96.78684537,46.69280486],[-96.78780053,46.69118109],[-96.78778147,46.69111542],[-96.78694089,46.68822009],[-96.785068,46.687636],[-96.784205,46.686768],[-96.78423283,46.68641205],[-96.784339,46.685054],[-96.788159,46.681879],[-96.78780053,46.67981467],[-96.78787489,46.67972173],[-96.78894672,46.67838193],[-96.7929584,46.67742677],[-96.7931318,46.67716668],[-96.79334046,46.67685368],[-96.79372253,46.67494336],[-96.79331241,46.67395225],[-96.79257633,46.67217339],[-96.79391356,46.66921239],[-96.79570038,46.66764475],[-96.798357,46.665314],[-96.798823,46.658071],[-96.796767,46.653363],[-96.790663,46.649112],[-96.789405,46.641639],[-96.789572,46.639079],[-96.79052273,46.63688021],[-96.79109583,46.63315508],[-96.78994964,46.63153131],[-96.78799128,46.63073346],[-96.781019,46.630292],[-96.77883,46.630279],[-96.673495,46.630605],[-96.65575,46.630601],[-96.652201,46.6306],[-96.650731,46.630611],[-96.637104,46.6306],[-96.635748,46.630594],[-96.5468,46.630674],[-96.530282,46.630671],[-96.483319,46.630852],[-96.451242,46.630744],[-96.420004,46.630744],[-96.411746,46.630765],[-96.404351,46.630753],[-96.365862,46.630519],[-96.362247,46.630899],[-96.331119,46.630815],[-96.328365,46.630862],[-96.324452,46.630748],[-96.298783,46.630816],[-96.281935,46.630812],[-96.280973,46.630834],[-96.224353,46.630813],[-96.217621,46.630861],[-96.21142,46.630999],[-96.176334,46.630783],[-96.17227,46.630709],[-96.172332,46.634293],[-96.17268,46.645347],[-96.174551,46.717972],[-96.174649,46.722359],[-96.174612,46.722474],[-96.175086,46.737073],[-96.175175,46.739812],[-96.175338,46.746986],[-96.17545,46.756554],[-96.175508,46.761485],[-96.175904,46.768635],[-96.176283,46.783564],[-96.17638,46.786752],[-96.176398,46.787322],[-96.176564,46.790589],[-96.177032,46.804998],[-96.175712,46.848669],[-96.175526,46.856314],[-96.175607,46.862795],[-96.174613,46.877303],[-96.174612,46.88025],[-96.174378,46.884636],[-96.174344,46.888497],[-96.174304,46.891738],[-96.174071,46.911684],[-96.17417,46.913603],[-96.17413,46.935419],[-96.174058,46.949879],[-96.174039,46.957023],[-96.17402,46.964454],[-96.173982,46.977522],[-96.185242,46.977556],[-96.185908,46.977558],[-96.193575,46.977546],[-96.194167,47.063874],[-96.194422,47.078354],[-96.194524,47.092952],[-96.194516,47.096583],[-96.194667,47.151088]]]},"properties":{"name":"Clay=CLA","type":"county"}},
{"type":"Feature","geometry":{"type":"Polygon","coordinates":[[[-95.582887,48.020557],[-95.582664,48.006166],[-95.582395,47.999958],[-95.582555,47.977219],[-95.582155,47.933966],[-95.582057,47.925799],[-95.582022,47.919266],[-95.580985,47.84715],[-95.58081,47.843859],[-95.580668,47.829399],[-95.580011,47.789684],[-95.58007,47.760612],[-95.579459,47.745861],[-95.57915,47.731378],[-95.578868,47.703943],[-95.578839,47.673561],[-95.561524,47.673581],[-95.55339,47.673585],[-95.553875,47.647239],[-95.553418,47.635761],[-95.553396,47.634436],[-95.553364,47.632443],[-95.553438,47.630105],[-95.553517,47.601264],[-95.553537,47.586797],[-95.553545,47.583217],[-95.553648,47.572434],[-95.553649,47.572304],[-95.553822,47.539767],[-95.55379,47.528893],[-95.55359,47.519229],[-95.55422,47.500328],[-95.553559,47.500385],[-95.551471,47.500385],[-95.55105,47.411169],[-95.551105,47.353505],[-95.55141,47.339752],[-95.551346,47.325268],[-95.551426,47.296836],[-95.55153,47.258489],[-95.551669,47.238569],[-95.551801,47.220001],[-95.551407,47.216947],[-95.551274,47.211989],[-95.551248,47.208592],[-95.551203,47.206994],[-95.551275,47.205478],[-95.551342,47.204679],[-95.551443,47.201206],[-95.551443,47.198373],[-95.551186,47.151453],[-95.535981,47.151354],[-95.522031,47.151357],[-95.465449,47.151803],[-95.454145,47.151491],[-95.441184,47.151464],[-95.424594,47.151315],[-95.424411,47.151313],[-95.417497,47.15124],[-95.399866,47.151122],[-95.38783,47.151231],[-95.380634,47.151296],[-95.31878,47.151548],[-95.318634,47.151547],[-95.312528,47.151614],[-95.307816,47.151666],[-95.297252,47.151782],[-95.235129,47.152201],[-95.234586,47.152233],[-95.169172,47.152515],[-95.169061,47.1848],[-95.169114,47.185384],[-95.16947,47.196179],[-95.169272,47.239796],[-95.169723,47.249957],[-95.1696,47.266752],[-95.169522,47.277465],[-95.169458,47.288984],[-95.169626,47.290286],[-95.169591,47.292731],[-95.169524,47.292991],[-95.169524,47.293412],[-95.169524,47.293851],[-95.169633,47.325399],[-95.17769,47.325176],[-95.18286,47.326413],[-95.183088,47.340188],[-95.183031,47.342298],[-95.183013,47.342951],[-95.18292,47.346425],[-95.182752,47.347225],[-95.182986,47.372654],[-95.183577,47.374955],[-95.183743,47.383345],[-95.18355,47.397862],[-95.183216,47.412773],[-95.182916,47.433194],[-95.183006,47.455544],[-95.183444,47.462855],[-95.18314,47.4775],[-95.183473,47.499442],[-95.184007,47.526007],[-95.183952,47.527602],[-95.18394,47.527949],[-95.183994,47.529981],[-95.184013,47.530694],[-95.184066,47.535405],[-95.18408,47.537527],[-95.184746,47.586141],[-95.184665,47.592471],[-95.184651,47.593665],[-95.184805,47.665174],[-95.184984,47.673268],[-95.190251,47.673307],[-95.194304,47.67333],[-95.194082,47.760459],[-95.194487,47.791638],[-95.193944,47.803257],[-95.193905,47.809702],[-95.1937,47.849346],[-95.193711,47.872596],[-95.217219,47.875449],[-95.2288,47.878021],[-95.245616,47.882811],[-95.251851,47.886056],[-95.257824,47.890263],[-95.266071,47.898354],[-95.273433,47.911309],[-95.275061,47.915559],[-95.278009,47.928583],[-95.277903,47.935094],[-95.276741,47.944802],[-95.274149,47.956041],[-95.272991,47.958531],[-95.272616,47.959262],[-95.272275,47.960975],[-95.263962,47.976461],[-95.250735,47.999957],[-95.247758,48.00402],[-95.241467,48.010785],[-95.237045,48.014305],[-95.232655,48.016913],[-95.229203,48.019958],[-95.582887,48.020557]]]},"properties":{"name":"Clearwater=CLE","type":"county"}},
{"type":"Feature","geometry":{"type":"Polygon","coordinates":[[[-91.031761,48.188479],[-91.032487,48.179388],[-91.031754,48.152601],[-91.032062,48.122755],[-91.031627,48.064129],[-91.024628,48.064128],[-91.024666,47.991639],[-91.026537,47.931811],[-91.026516,47.888278],[-91.020737,47.887995],[-91.021283,47.874895],[-91.021609,47.754167],[-91.021644,47.752865],[-91.021667,47.718173],[-91.022792,47.673801],[-91.022236,47.659821],[-91.02227,47.624901],[-91.022872,47.601933],[-91.022646,47.518299],[-91.023129,47.466979],[-91.02315104,47.46494548],[-91.023124,47.464964],[-91.01917681,47.46729178],[-91.00065708,47.47821342],[-90.99602611,47.48094444],[-90.97702363,47.49215078],[-90.97373479,47.4940903],[-90.96511908,47.49917125],[-90.94152048,47.51308806],[-90.939072,47.514532],[-90.927975,47.519008],[-90.92789799,47.51901495],[-90.92460634,47.51931196],[-90.9206669,47.51966743],[-90.919375,47.519784],[-90.914247,47.522639],[-90.909801,47.526215],[-90.910127,47.530178],[-90.907494,47.532873],[-90.88308717,47.54782362],[-90.87300022,47.55400246],[-90.86827,47.5569],[-90.85839255,47.56193362],[-90.83591212,47.57338982],[-90.82890314,47.57696165],[-90.82342816,47.57975174],[-90.81795994,47.58253839],[-90.7886563,47.59747175],[-90.7663738,47.60882708],[-90.735927,47.624343],[-90.7212042,47.63006363],[-90.71186638,47.63369189],[-90.68644499,47.64356952],[-90.686382,47.643594],[-90.64784463,47.65617351],[-90.647837,47.656176],[-90.6416999,47.65857334],[-90.63998658,47.65924261],[-90.63776111,47.66011195],[-90.60966414,47.67108747],[-90.584954,47.68074],[-90.551291,47.690266],[-90.537105,47.703055],[-90.52956012,47.70481282],[-90.52192366,47.70659198],[-90.51769019,47.7075783],[-90.49454303,47.71297117],[-90.45950611,47.72113414],[-90.458365,47.7214],[-90.441912,47.726404],[-90.437712,47.731612],[-90.42139,47.73515],[-90.3942124,47.73822691],[-90.393823,47.738271],[-90.386234,47.7411],[-90.36463381,47.74323267],[-90.35588162,47.74409681],[-90.34736401,47.74493778],[-90.3452509,47.74514642],[-90.34248007,47.74541999],[-90.34085214,47.74558073],[-90.332686,47.746387],[-90.33028115,47.7508417],[-90.330254,47.750892],[-90.32883368,47.75149263],[-90.3242092,47.75344825],[-90.323446,47.753771],[-90.3213787,47.75440505],[-90.31779112,47.75550537],[-90.313958,47.756681],[-90.31333477,47.75667658],[-90.30634,47.756627],[-90.295952,47.759054],[-90.27436936,47.76532815],[-90.26114322,47.76917304],[-90.25956352,47.76963226],[-90.24918035,47.77265069],[-90.248794,47.772763],[-90.229145,47.776198],[-90.21268242,47.77696424],[-90.187636,47.77813],[-90.178755,47.786414],[-90.16178002,47.79245469],[-90.16079,47.792807],[-90.15562431,47.79333109],[-90.13329974,47.79559605],[-90.132078,47.79572],[-90.13156173,47.79570851],[-90.1168,47.79538],[-90.09947779,47.80001357],[-90.08816,47.803041],[-90.08235383,47.80361885],[-90.07555923,47.80330282],[-90.07224094,47.8077272],[-90.072025,47.811105],[-90.06827728,47.81193269],[-90.05099218,47.81575013],[-90.04736114,47.81655205],[-90.042761,47.817568],[-90.01373,47.821373],[-89.98071217,47.8290267],[-89.974296,47.830514],[-89.94436749,47.84255001],[-89.93524619,47.84621821],[-89.933899,47.84676],[-89.9285278,47.85018278],[-89.92752,47.850825],[-89.93022474,47.8564379],[-89.93076623,47.85756161],[-89.930844,47.857723],[-89.93046928,47.85794898],[-89.92416897,47.86174843],[-89.923649,47.862062],[-89.92238234,47.86235713],[-89.91985807,47.86294528],[-89.87158,47.874194],[-89.86854665,47.87416009],[-89.86798201,47.87415377],[-89.8668655,47.87414129],[-89.85679584,47.87402871],[-89.85428782,47.87400067],[-89.85396,47.873997],[-89.84364413,47.8769611],[-89.83999238,47.87801037],[-89.83917204,47.87824608],[-89.82820649,47.88139685],[-89.82673354,47.88182009],[-89.82448489,47.8824662],[-89.793539,47.891358],[-89.7676154,47.90299663],[-89.758714,47.906993],[-89.75192736,47.91057942],[-89.75156072,47.91077317],[-89.737539,47.918183],[-89.72973,47.925245],[-89.71241067,47.93389792],[-89.697619,47.941288],[-89.68140337,47.94563869],[-89.660616,47.951216],[-89.65596322,47.95174021],[-89.639545,47.95359],[-89.638285,47.954275],[-89.639844,47.959826],[-89.64012875,47.96792963],[-89.63701483,47.97346548],[-89.63182497,47.98003931],[-89.62508825,47.98292647],[-89.62455916,47.98315322],[-89.61552289,47.98148865],[-89.61141152,47.98073129],[-89.61055697,47.98019806],[-89.60918317,47.97934082],[-89.59589,47.971046],[-89.59561323,47.97087089],[-89.58823015,47.96619968],[-89.57231457,47.96723765],[-89.56362413,47.97106145],[-89.56253114,47.97154237],[-89.55501505,47.97484945],[-89.55489997,47.97517552],[-89.5529391,47.98073129],[-89.55155514,47.98730511],[-89.54152141,47.99284097],[-89.50733116,47.999886],[-89.495344,48.002356],[-89.49283958,48.00434009],[-89.491739,48.005212],[-89.489226,48.014528],[-89.564288,48.00293],[-89.570671,47.99802],[-89.581007,47.995899],[-89.582117,47.996314],[-89.58239939,47.9965737],[-89.5832306,47.99733812],[-89.58583588,47.99973407],[-89.586,47.999885],[-89.588996,48.001821],[-89.594749,48.004332],[-89.601659,48.004764],[-89.607821,48.006566],[-89.60973,48.009398],[-89.608507,48.012482],[-89.609396,48.016684],[-89.610351,48.01778],[-89.611678,48.017529],[-89.614161,48.015495],[-89.616133,48.012364],[-89.617867,48.010947],[-89.620454,48.01074],[-89.62153855,48.01092189],[-89.625087,48.011517],[-89.637173,48.009308],[-89.638774,48.008166],[-89.637652,48.006658],[-89.637177,48.004945],[-89.63728,48.0041],[-89.637995,48.00378],[-89.639833,48.003964],[-89.641465,48.005906],[-89.645447,48.006204],[-89.64783,48.005132],[-89.649057,48.003853],[-89.651065,48.003625],[-89.653208,48.004608],[-89.655793,48.007532],[-89.657051,48.009954],[-89.663212,48.010618],[-89.664813,48.0079],[-89.667128,48.007421],[-89.669374,48.008312],[-89.67162,48.010162],[-89.671892,48.010939],[-89.673798,48.01151],[-89.676896,48.011237],[-89.67979,48.010278],[-89.684931,48.009821],[-89.685986,48.009798],[-89.686495,48.010643],[-89.688879,48.01078],[-89.701438,48.006211],[-89.702528,48.006325],[-89.706068,48.007992],[-89.70709,48.009522],[-89.708145,48.010162],[-89.713183,48.010024],[-89.715906,48.009246],[-89.716417,48.010251],[-89.716114,48.016441],[-89.717102,48.017172],[-89.719245,48.01634919],[-89.721287,48.01443],[-89.724044,48.013675],[-89.724318,48.016485],[-89.72301884,48.01755344],[-89.72156864,48.01749884],[-89.72103764,48.01796504],[-89.72205659,48.01987451],[-89.72221,48.020162],[-89.723164,48.020481],[-89.724117,48.020207],[-89.723571,48.019156],[-89.724048,48.018996],[-89.731163,48.018788],[-89.7313,48.019747],[-89.736851,48.021321],[-89.739131,48.020384],[-89.742569,48.019834],[-89.743046,48.019971],[-89.744206,48.022186],[-89.749314,48.023325],[-89.763967,48.022969],[-89.773944,48.021694],[-89.779427,48.018361],[-89.782696,48.017837],[-89.791853,48.018204],[-89.794237,48.017656],[-89.795224,48.017154],[-89.796212,48.01487],[-89.797744,48.014505],[-89.804926,48.013775],[-89.806016,48.014026],[-89.807445,48.017224],[-89.819802,48.015099],[-89.820483,48.014665],[-89.822594,48.010737],[-89.830385,48.000284],[-89.831825,47.9994],[-89.834049,47.999516],[-89.838689,48.002214],[-89.84167333,48.00290022],[-89.84218301,48.0027728],[-89.84262899,48.00239053],[-89.84262899,48.00194455],[-89.842568,48.001368],[-89.842709,47.997422],[-89.846244,47.992717],[-89.847571,47.992442],[-89.868153,47.989898],[-89.86967376,47.98795377],[-89.87068164,47.98666523],[-89.871245,47.985945],[-89.87162331,47.9858475],[-89.87253687,47.98561206],[-89.873286,47.985419],[-89.88071,47.986405],[-89.886528,47.986305],[-89.89464663,47.98727005],[-89.89602977,47.98743446],[-89.897414,47.987599],[-89.89797864,47.98783222],[-89.89965027,47.98852266],[-89.900237,47.988765],[-89.903501,47.991667],[-89.904828,47.992261],[-89.911258,47.993267],[-89.91519479,47.99480874],[-89.915341,47.994866],[-89.921633,47.999886],[-89.930745,48.00816],[-89.932617,48.010398],[-89.932991,48.013161],[-89.934489,48.015628],[-89.95059,48.015901],[-89.954605,48.011516],[-89.96349,48.014643],[-89.968255,48.014482],[-89.973433,48.02035],[-89.97718,48.023501],[-89.984332,48.026079],[-89.985217,48.026215],[-89.987293,48.025484],[-89.988894,48.025666],[-89.99305,48.028404],[-89.994687,48.030733],[-89.996702,48.035391],[-89.995994,48.041649],[-89.993822,48.049027],[-89.997852,48.057567],[-90.008446,48.068396],[-90.010013,48.068853],[-90.010866,48.067917],[-90.015057,48.067188],[-90.018835,48.072032],[-90.023595,48.084708],[-90.029626,48.087588],[-90.03940273,48.08989995],[-90.04368744,48.09091317],[-90.045577,48.09136],[-90.04902,48.091681],[-90.057644,48.096364],[-90.073873,48.101138],[-90.091639,48.10463],[-90.116259,48.104303],[-90.122603,48.105602],[-90.1239,48.107131],[-90.12509,48.107702],[-90.128647,48.108436],[-90.132645,48.111768],[-90.136191,48.112136],[-90.143762,48.112641],[-90.14523,48.111637],[-90.150721,48.110269],[-90.164227,48.109725],[-90.176605,48.112445],[-90.188679,48.107947],[-90.19509,48.108381],[-90.211426,48.106278],[-90.216404,48.106505],[-90.224692,48.108148],[-90.233797,48.107071],[-90.25387,48.102245],[-90.264986,48.103301],[-90.274636,48.10326],[-90.289337,48.098993],[-90.293326,48.099131],[-90.298099,48.102512],[-90.305634,48.105117],[-90.312386,48.1053],[-90.31723,48.103793],[-90.330052,48.102399],[-90.337177,48.099771],[-90.338438,48.096207],[-90.342939,48.09559],[-90.343484,48.095064],[-90.344234,48.094447],[-90.346689,48.094104],[-90.353713,48.095016],[-90.367658,48.094577],[-90.372261,48.093639],[-90.373042,48.091217],[-90.374542,48.090942],[-90.382258,48.093182],[-90.384575,48.094599],[-90.385597,48.095833],[-90.386413,48.098209],[-90.390162,48.100061],[-90.393469,48.100359],[-90.403219,48.105114],[-90.410347,48.105048],[-90.438449,48.098747],[-90.443462,48.100575],[-90.447384,48.10343],[-90.452022,48.105006],[-90.46321,48.107357],[-90.465495,48.108659],[-90.467712,48.108818],[-90.471019,48.106076],[-90.477635,48.105458],[-90.480294,48.102099],[-90.483361,48.100363],[-90.487077,48.099082],[-90.489873,48.099012],[-90.493797,48.101318],[-90.495398,48.099787],[-90.495637,48.099444],[-90.496148,48.098781],[-90.505485,48.099644],[-90.508141,48.099238],[-90.510871,48.097389],[-90.517075,48.099402],[-90.556838,48.096008],[-90.564341,48.098773],[-90.567482,48.101178],[-90.569763,48.106951],[-90.555845,48.117069],[-90.55929,48.121683],[-90.566113,48.12262],[-90.570481,48.121501],[-90.575905,48.120907],[-90.577065,48.121272],[-90.579897,48.123922],[-90.582217,48.123784],[-90.590574,48.119762],[-90.59146,48.117546],[-90.606402,48.115966],[-90.616154,48.112491],[-90.62035,48.111895],[-90.626886,48.111846],[-90.641596,48.103515],[-90.686617,48.10051],[-90.703702,48.096009],[-90.74152,48.094583],[-90.751608,48.090968],[-90.761625,48.098283],[-90.761555,48.100133],[-90.767615,48.110302],[-90.76911,48.116585],[-90.772998,48.117523],[-90.774191,48.118575],[-90.774225,48.118894],[-90.775962,48.122229],[-90.776133,48.122481],[-90.776814,48.124103],[-90.783471,48.126885],[-90.787122,48.127709],[-90.789919,48.129902],[-90.787563,48.132872],[-90.78730459,48.13366539],[-90.78730459,48.13419609],[-90.78810064,48.13508059],[-90.79031189,48.13578819],[-90.793841,48.135569],[-90.795308,48.135523],[-90.79797,48.136894],[-90.796809,48.139521],[-90.785781,48.145504],[-90.778031,48.148723],[-90.777512,48.156696],[-90.776279,48.161927],[-90.777917,48.163801],[-90.781263,48.164693],[-90.78338,48.163939],[-90.785874,48.160902],[-90.796596,48.159373],[-90.800693,48.163235],[-90.804207,48.177833],[-90.810628,48.179661],[-90.817698,48.179569],[-90.819304,48.182699],[-90.821115,48.184709],[-90.825726,48.183567],[-90.825418,48.181237],[-90.826135,48.177147],[-90.832589,48.173765],[-90.836313,48.176963],[-90.834166,48.18866],[-90.834854,48.202161],[-90.837323,48.225621],[-90.8377,48.226512],[-90.839615,48.2277],[-90.83982,48.228294],[-90.837772,48.234714],[-90.839176,48.239511],[-90.843624,48.243576],[-90.847352,48.244443],[-90.867079,48.238177],[-90.875107,48.237784],[-90.881451,48.240459],[-90.88548,48.245784],[-90.89886304,48.24049009],[-90.906829,48.237339],[-90.914971,48.230603],[-90.925092,48.229897],[-90.976955,48.219452],[-91.004239,48.202628],[-91.003353,48.200183],[-91.012411,48.198062],[-91.022667,48.19247],[-91.024208,48.190072],[-91.031589,48.188452],[-91.031761,48.188479]]]},"properties":{"name":"Cook=COO","type":"county"}},
{"type":"Feature","geometry":{"type":"Polygon","coordinates":[[[-95.108778,44.195031],[-95.118672,44.195288],[-95.121075,44.195322],[-95.139473,44.19533],[-95.1506,44.195401],[-95.161653,44.195473],[-95.169343,44.19552],[-95.181926,44.195452],[-95.18504,44.195433],[-95.221229,44.195194],[-95.229903,44.195374],[-95.241214,44.195415],[-95.270136,44.195444],[-95.27093,44.195421],[-95.30175,44.195542],[-95.321989,44.195656],[-95.341276,44.195721],[-95.350902,44.195741],[-95.370951,44.195869],[-95.373366,44.195845],[-95.380146,44.195758],[-95.411314,44.196044],[-95.437459,44.196092],[-95.451887,44.196113],[-95.462403,44.196065],[-95.462675,44.167128],[-95.462305,44.108852],[-95.462392,44.094291],[-95.462233,44.059798],[-95.462303,44.040358],[-95.462302,44.036371],[-95.462423,44.021925],[-95.462609,43.934869],[-95.462699,43.922983],[-95.462539,43.919508],[-95.462633,43.916719],[-95.462664,43.915736],[-95.462713,43.884237],[-95.462867,43.862193],[-95.462777,43.85484],[-95.462686,43.851497],[-95.462703,43.847746],[-95.461755,43.847746],[-95.461207,43.847746],[-95.460703,43.847746],[-95.4525,43.847703],[-95.429884,43.847749],[-95.417977,43.847794],[-95.341067,43.848041],[-95.34032,43.848042],[-95.335872,43.847837],[-95.329707,43.847839],[-95.326043,43.84784],[-95.305415,43.847934],[-95.301121,43.847954],[-95.29573,43.847955],[-95.291145,43.847968],[-95.275977,43.847972],[-95.271333,43.848002],[-95.250273,43.847971],[-95.220877,43.847835],[-95.21576,43.847859],[-95.211432,43.847791],[-95.209411,43.847861],[-95.206884,43.847701],[-95.205273,43.847701],[-95.197596,43.84768],[-95.194333,43.847709],[-95.190331,43.847635],[-95.180633,43.847635],[-95.140769,43.847764],[-95.121652,43.847916],[-95.117893,43.847895],[-95.116156,43.847942],[-95.100582,43.8481],[-95.099729,43.848109],[-95.09539,43.848019],[-95.094525,43.848002],[-95.094296,43.847997],[-95.082016,43.847953],[-95.076069,43.847932],[-95.066718,43.848002],[-95.062327,43.847979],[-95.061786,43.847977],[-95.049597,43.847979],[-95.0308,43.847999],[-95.015163,43.847948],[-95.001251,43.847899],[-95.000267,43.847896],[-95.000267,43.847641],[-94.999463,43.847642],[-94.999298,43.847642],[-94.997283,43.847643],[-94.979339,43.847583],[-94.975075,43.847539],[-94.964137,43.847493],[-94.929136,43.847486],[-94.889646,43.84751],[-94.879353,43.847646],[-94.859359,43.847947],[-94.859371,43.862305],[-94.859304,43.876783],[-94.859143,43.898481],[-94.859295,43.929392],[-94.858951,43.934262],[-94.859079,43.935954],[-94.859162,43.945574],[-94.85918,43.947663],[-94.859303,44.021037],[-94.859294,44.049981],[-94.859425,44.093489],[-94.859883,44.107938],[-94.879828,44.107867],[-94.894525,44.107805],[-94.897058,44.107828],[-94.899057,44.107751],[-94.89972,44.10774],[-94.90058,44.107737],[-94.904832,44.107784],[-94.905722,44.107785],[-94.910697,44.107802],[-94.92003,44.10781],[-94.980315,44.107687],[-95.087981,44.108087],[-95.089981,44.108089],[-95.100209,44.108098],[-95.100432,44.116135],[-95.100444,44.120885],[-95.100856,44.18054],[-95.100998,44.194938],[-95.107316,44.195031],[-95.108778,44.195031]]]},"properties":{"name":"Cottonwood=COT","type":"county"}},
{"type":"Feature","geometry":{"type":"Polygon","coordinates":[[[-93.776022,46.802893],[-93.804849,46.802994],[-93.902317,46.803442],[-93.902749,46.803443],[-93.949164,46.803583],[-93.955622,46.803605],[-93.955788,46.803583],[-94.00892,46.803721],[-94.028867,46.803283],[-94.029892,46.803258],[-94.092631,46.803192],[-94.153988,46.804629],[-94.15922,46.804712],[-94.203202,46.804886],[-94.207088,46.804912],[-94.279445,46.805203],[-94.283689,46.805224],[-94.289298,46.805045],[-94.342385,46.80553],[-94.342473,46.80553],[-94.342553,46.80013],[-94.342751,46.798142],[-94.342808,46.796762],[-94.342812,46.796653],[-94.343244,46.787034],[-94.34345,46.76638],[-94.34343,46.761917],[-94.343592,46.752386],[-94.343764,46.741852],[-94.345632,46.718489],[-94.346006,46.690105],[-94.345988,46.689054],[-94.346075,46.674926],[-94.345828,46.668375],[-94.34567,46.664185],[-94.345468,46.660642],[-94.345427,46.65767],[-94.345364,46.653168],[-94.345332,46.642806],[-94.345346,46.634549],[-94.345352,46.631251],[-94.345327,46.631251],[-94.33092,46.631208],[-94.331117,46.617515],[-94.331117,46.617159],[-94.331116,46.613973],[-94.331048,46.609996],[-94.330947,46.605037],[-94.330899,46.602685],[-94.330827,46.599128],[-94.330795,46.597534],[-94.330624,46.595351],[-94.330615,46.593288],[-94.330742,46.587964],[-94.330608,46.583256],[-94.330564,46.58208],[-94.330378,46.577083],[-94.330241,46.573406],[-94.330206,46.571499],[-94.330196,46.570919],[-94.330173,46.569566],[-94.33007,46.55519],[-94.330042,46.553298],[-94.3299,46.544219],[-94.329887,46.543311],[-94.329866,46.541796],[-94.329856,46.538182],[-94.329832,46.529228],[-94.329632,46.517129],[-94.329646,46.516174],[-94.329507,46.500114],[-94.329559,46.496703],[-94.328576,46.456446],[-94.327889,46.437394],[-94.327858,46.436526],[-94.327819,46.435449],[-94.327812,46.434887],[-94.327883,46.427381],[-94.327849,46.424683],[-94.327849,46.424569],[-94.32768,46.412752],[-94.327778,46.407541],[-94.32783,46.405848],[-94.327846,46.405329],[-94.32816,46.382963],[-94.328225,46.376302],[-94.32809,46.369302],[-94.327974,46.361992],[-94.327949,46.360359],[-94.327742,46.35144],[-94.327671,46.348286],[-94.327668,46.348142],[-94.327649,46.347319],[-94.327337,46.297902],[-94.32732,46.296392],[-94.327284,46.289745],[-94.32862,46.288584],[-94.329851,46.284178],[-94.332523,46.279566],[-94.335293,46.280174],[-94.337013,46.284119],[-94.337732,46.284663],[-94.339351,46.284649],[-94.34083,46.283296],[-94.34233,46.280366],[-94.342211,46.278177],[-94.341679,46.277705],[-94.338022,46.275562],[-94.337739,46.273972],[-94.33887,46.271288],[-94.33977,46.270085],[-94.34135,46.269223],[-94.347679,46.268193],[-94.350526,46.267175],[-94.354783,46.264214],[-94.355549,46.262705],[-94.353616,46.259941],[-94.353619,46.25846],[-94.354387,46.256032],[-94.355302,46.255095],[-94.360467,46.253516],[-94.363479,46.251971],[-94.371183,46.244011],[-94.372702,46.242954],[-94.379276,46.240256],[-94.38335,46.240121],[-94.387721,46.239009],[-94.388922,46.238166],[-94.394384,46.228711],[-94.395718,46.211859],[-94.394831,46.209394],[-94.391839,46.206292],[-94.387843,46.203846],[-94.386947,46.201793],[-94.386141,46.197723],[-94.385044,46.196702],[-94.380431,46.194456],[-94.375281,46.190316],[-94.373918,46.188082],[-94.368837,46.182658],[-94.365929,46.179143],[-94.366036,46.177692],[-94.370125,46.175603],[-94.371644,46.173991],[-94.372055,46.169261],[-94.371167,46.166393],[-94.371031,46.164161],[-94.373524,46.160631],[-94.374731,46.157842],[-94.374592,46.157093],[-94.368859,46.157114],[-94.35751,46.156982],[-94.350092,46.156852],[-94.334782,46.156806],[-94.333236,46.156784],[-94.325441,46.156922],[-94.313468,46.1569],[-94.245377,46.157181],[-94.188232,46.156944],[-94.155964,46.156185],[-94.103619,46.155975],[-94.06214,46.156462],[-94.033619,46.156452],[-94.025399,46.156364],[-93.966854,46.156616],[-93.966707,46.156548],[-93.959371,46.156526],[-93.955687,46.156573],[-93.943943,46.15662],[-93.943874,46.156599],[-93.937295,46.156576],[-93.93667,46.156576],[-93.923286,46.156673],[-93.906279,46.156935],[-93.904855,46.156906],[-93.899148,46.156876],[-93.896312,46.156886],[-93.892298,46.156816],[-93.859727,46.156563],[-93.851634,46.15652],[-93.810362,46.156585],[-93.810544,46.213402],[-93.810554,46.214459],[-93.81073,46.22604],[-93.810912,46.243128],[-93.809072,46.243109],[-93.808439,46.243106],[-93.807753,46.243102],[-93.796149,46.243205],[-93.797335,46.247457],[-93.798323,46.248371],[-93.801222,46.248349],[-93.804056,46.247183],[-93.807548,46.248395],[-93.81038,46.250779],[-93.810796,46.253265],[-93.810632,46.330547],[-93.810609,46.341758],[-93.810275,46.406938],[-93.810407,46.408309],[-93.81044,46.411944],[-93.8104,46.417476],[-93.81044,46.420927],[-93.810798,46.442253],[-93.811173,46.45771],[-93.811193,46.458711],[-93.811656,46.481864],[-93.811668,46.482442],[-93.81202,46.499959],[-93.812358,46.499959],[-93.812091,46.504349],[-93.811362,46.516098],[-93.810898,46.523252],[-93.810748,46.542517],[-93.811294,46.568076],[-93.811464,46.584238],[-93.802562,46.585152],[-93.796758,46.585903],[-93.791639,46.587563],[-93.785622,46.589709],[-93.778115,46.589343],[-93.777904,46.591797],[-93.777979,46.593415],[-93.777988,46.595178],[-93.778278,46.629756],[-93.778357,46.656958],[-93.777415,46.716384],[-93.777283,46.724773],[-93.77702,46.749007],[-93.777542,46.749958],[-93.776022,46.802893]]]},"properties":{"name":"CrowWing=CRO","type":"county"}},
{"type":"Feature","geometry":{"type":"Polygon","coordinates":[[[-93.019415,44.890666],[-93.021815,44.892966],[-93.031315,44.896766],[-93.036415,44.899966],[-93.041816,44.904965],[-93.043616,44.909565],[-93.049966,44.91762],[-93.052059,44.919465],[-93.059017,44.919465],[-93.059717,44.919465],[-93.065317,44.919565],[-93.072917,44.919565],[-93.076517,44.919565],[-93.080717,44.919565],[-93.085117,44.919665],[-93.088018,44.919565],[-93.090832,44.919565],[-93.090829,44.921173],[-93.090818,44.921365],[-93.090824,44.922259],[-93.09084,44.922968],[-93.090818,44.923165],[-93.095918,44.923165],[-93.096018,44.920665],[-93.096018,44.919565],[-93.097518,44.919565],[-93.106018,44.919565],[-93.110018,44.919565],[-93.128919,44.919465],[-93.131519,44.916765],[-93.132819,44.911465],[-93.135419,44.907265],[-93.137319,44.904965],[-93.138919,44.904065],[-93.143019,44.901665],[-93.153019,44.893565],[-93.156656,44.891956],[-93.172026,44.887511],[-93.17812,44.888365],[-93.17932,44.888165],[-93.18182,44.887265],[-93.18312,44.886265],[-93.18272,44.884765],[-93.17902,44.882065],[-93.17832,44.880865],[-93.18022,44.878765],[-93.18752,44.875265],[-93.19042,44.871065],[-93.200121,44.865265],[-93.200321,44.864065],[-93.198421,44.862165],[-93.198021,44.861865],[-93.197521,44.859565],[-93.203499,44.852184],[-93.208121,44.843165],[-93.212321,44.839665],[-93.221421,44.838265],[-93.221621,44.835465],[-93.219721,44.831765],[-93.227521,44.829065],[-93.232121,44.826665],[-93.240221,44.819865],[-93.253922,44.811064],[-93.260207,44.809619],[-93.262622,44.809064],[-93.272722,44.807064],[-93.282923,44.805764],[-93.286223,44.801464],[-93.289923,44.800164],[-93.291403,44.799794],[-93.296123,44.798264],[-93.308224,44.793164],[-93.312224,44.792664],[-93.326424,44.792364],[-93.329445,44.791],[-93.329524,44.790964],[-93.329324,44.784864],[-93.329224,44.779464],[-93.328224,44.775664],[-93.328324,44.767864],[-93.328224,44.765364],[-93.328246,44.761092],[-93.328263,44.757791],[-93.328324,44.746264],[-93.328324,44.738564],[-93.32826,44.734461],[-93.328224,44.732164],[-93.328023,44.717464],[-93.323839,44.717464],[-93.317623,44.717464],[-93.317823,44.706664],[-93.317869,44.70487],[-93.317923,44.702764],[-93.317923,44.689264],[-93.317923,44.688894],[-93.317923,44.688264],[-93.31796,44.687406],[-93.318023,44.685964],[-93.318025,44.685892],[-93.318123,44.681464],[-93.318067,44.673498],[-93.318023,44.666864],[-93.318022,44.662436],[-93.318022,44.652464],[-93.318322,44.645664],[-93.318249,44.637572],[-93.318322,44.630564],[-93.303123,44.630613],[-93.298421,44.630564],[-93.278621,44.630664],[-93.27862,44.567564],[-93.27812,44.562464],[-93.27792,44.543864],[-93.28142,44.543864],[-93.28162,44.522364],[-93.281619,44.507964],[-93.281714,44.486413],[-93.28185,44.471755],[-93.27129,44.471663],[-93.223924,44.471182],[-93.216298,44.47123],[-93.210932,44.471277],[-93.200821,44.471278],[-93.180722,44.471187],[-93.180405,44.471188],[-93.178193,44.471197],[-93.176321,44.471191],[-93.174942,44.471187],[-93.171716,44.471187],[-93.169386,44.471209],[-93.169321,44.47121],[-93.167554,44.471195],[-93.16664,44.471198],[-93.166356,44.471199],[-93.165761,44.47119],[-93.160677,44.471119],[-93.160539,44.471117],[-93.160062,44.471134],[-93.159901,44.471132],[-93.158208,44.471116],[-93.15702,44.471121],[-93.156006,44.471126],[-93.155907,44.471126],[-93.152884,44.471106],[-93.151939,44.4711],[-93.145728,44.471063],[-93.130361,44.471014],[-93.10014,44.47164],[-93.098477,44.471646],[-93.079765,44.471713],[-93.072484,44.471712],[-93.068345,44.471706],[-93.051559,44.471778],[-93.048756,44.471761],[-93.039207,44.47169],[-93.039263,44.484893],[-93.039311,44.515766],[-93.037641,44.514645],[-93.034528,44.514195],[-93.026181,44.516606],[-93.023496,44.516415],[-93.020511,44.515366],[-93.015928,44.515217],[-93.009111,44.516366],[-93.005093,44.51811],[-93.004879,44.519979],[-93.002331,44.520582],[-92.985745,44.519224],[-92.983109,44.518167],[-92.981593,44.516675],[-92.980266,44.513631],[-92.979009,44.512867],[-92.970637,44.51608],[-92.963817,44.516576],[-92.961359,44.51624],[-92.956644,44.512853],[-92.956354,44.51016],[-92.953575,44.507955],[-92.943766,44.51148],[-92.937219,44.51138],[-92.933648,44.512165],[-92.923107,44.515766],[-92.921807,44.517566],[-92.921233,44.517781],[-92.918806,44.517756],[-92.918606,44.519566],[-92.918807,44.543567],[-92.913506,44.543567],[-92.911206,44.543467],[-92.906789,44.543506],[-92.891005,44.543466],[-92.88159,44.543552],[-92.832702,44.543566],[-92.827759,44.543499],[-92.825302,44.543466],[-92.813806,44.5434],[-92.807901,44.543366],[-92.800501,44.543366],[-92.798901,44.543266],[-92.792301,44.543566],[-92.792198,44.55214],[-92.792101,44.561066],[-92.792101,44.562566],[-92.792101,44.565207],[-92.792101,44.565467],[-92.792001,44.571667],[-92.792088,44.579518],[-92.792201,44.596667],[-92.792201,44.599727],[-92.792801,44.629767],[-92.7724,44.629567],[-92.750199,44.629429],[-92.742687,44.6294],[-92.732438,44.629415],[-92.732499,44.632941],[-92.732557,44.636282],[-92.732577,44.6374],[-92.732595,44.638451],[-92.732692,44.646452],[-92.732661,44.648571],[-92.732658,44.649204],[-92.732629,44.655679],[-92.73257,44.668732],[-92.73256,44.671515],[-92.732593,44.672567],[-92.732626,44.679756],[-92.732634,44.68162],[-92.73254,44.686332],[-92.73254,44.686447],[-92.732497,44.691351],[-92.73242,44.707337],[-92.73241,44.709442],[-92.732394,44.712918],[-92.73238954,44.71390276],[-92.737259,44.717155],[-92.7502,44.72212],[-92.7542,44.722767],[-92.75699,44.723829],[-92.75721894,44.72397486],[-92.766054,44.729604],[-92.787906,44.737432],[-92.78877756,44.73789706],[-92.802402,44.745167],[-92.812103,44.747467],[-92.826985,44.750623],[-92.836904,44.746854],[-92.846904,44.746067],[-92.847104,44.746067],[-92.852105,44.746167],[-92.855872,44.748365],[-92.859107,44.753057],[-92.86251,44.755475],[-92.863605,44.757067],[-92.866505,44.760267],[-92.877022,44.771825],[-92.881906,44.775167],[-92.88398,44.775213],[-92.897668,44.77342],[-92.906962,44.773633],[-92.915033,44.775381],[-92.919367,44.777189],[-92.924219,44.780019],[-92.929809,44.781267],[-92.933665,44.780103],[-92.936473,44.778295],[-92.938563,44.775968],[-92.941909,44.770567],[-92.946409,44.768167],[-92.950283,44.767072],[-92.95541,44.766667],[-92.96043,44.767164],[-92.965389,44.768423],[-92.974611,44.772067],[-92.983611,44.774766],[-92.990217,44.775357],[-92.994139,44.774845],[-93.001463,44.772122],[-93.005369,44.771923],[-93.008086,44.772259],[-93.011534,44.773396],[-93.015413,44.775466],[-93.018646,44.779553],[-93.022113,44.787866],[-93.022013,44.788366],[-93.022413,44.789366],[-93.022473,44.789873],[-93.022613,44.791066],[-93.02134,44.794625],[-93.016413,44.801266],[-93.006813,44.812166],[-93.004913,44.816266],[-93.006513,44.821766],[-93.008413,44.825366],[-93.010313,44.832666],[-93.011714,44.837866],[-93.009896,44.847929],[-93.008914,44.853366],[-93.008714,44.855166],[-93.009314,44.863966],[-93.010687,44.866679],[-93.013014,44.869166],[-93.014282,44.874966],[-93.016014,44.882966],[-93.019415,44.890666]]]},"properties":{"name":"Dakota=DAK","type":"county"}},
{"type":"Feature","geometry":{"type":"Polygon","coordinates":[[[-92.678717,44.195516],[-92.683038,44.195564],[-92.688958,44.19558],[-92.708959,44.195708],[-92.739184,44.195868],[-92.758468,44.195952],[-92.775887,44.196211],[-92.785677,44.196374],[-92.791203,44.19644],[-92.79894,44.196547],[-92.812631,44.19672],[-92.838856,44.196786],[-92.840638,44.196797],[-92.920187,44.196893],[-92.924288,44.196879],[-92.925209,44.196879],[-92.964816,44.196808],[-92.966055,44.196396],[-92.967963,44.196853],[-92.97966,44.196918],[-92.980455,44.196872],[-93.00078,44.196899],[-93.021893,44.196598],[-93.040933,44.196558],[-93.045909,44.196558],[-93.045676,44.168295],[-93.045601,44.163099],[-93.045627,44.133568],[-93.045656,44.1237],[-93.045691,44.110322],[-93.045685,44.109621],[-93.04563,44.102386],[-93.0456,44.102036],[-93.045618,44.096151],[-93.045569,44.086115],[-93.045611,44.051799],[-93.045529,44.037201],[-93.045697,44.022708],[-93.045611,43.985699],[-93.045591,43.982091],[-93.045576,43.979343],[-93.045415,43.950181],[-93.045337,43.935762],[-93.045296,43.928125],[-93.045394,43.913946],[-93.045368,43.907443],[-93.045356,43.904542],[-93.045335,43.899493],[-93.045374,43.895006],[-93.0454,43.892013],[-93.045429,43.877945],[-93.04543,43.877796],[-93.045406,43.870339],[-93.04549,43.866921],[-93.045502,43.866428],[-93.045566,43.863249],[-93.045656,43.861818],[-93.045788,43.85975],[-93.045777,43.859339],[-93.045791,43.848407],[-92.998538,43.848449],[-92.986321,43.848486],[-92.985536,43.848422],[-92.945086,43.848454],[-92.944207,43.848454],[-92.943407,43.848454],[-92.93468,43.848454],[-92.930045,43.848454],[-92.925084,43.848477],[-92.880227,43.848637],[-92.878029,43.848645],[-92.829404,43.848636],[-92.809337,43.848592],[-92.79872,43.848607],[-92.79638,43.84859],[-92.778778,43.848609],[-92.758618,43.848602],[-92.709803,43.848384],[-92.69002,43.848454],[-92.686388,43.848502],[-92.678412,43.848487],[-92.678487,43.914203],[-92.678503,43.916379],[-92.678496,43.918361],[-92.678423,43.935323],[-92.67829,43.940197],[-92.677928,43.949771],[-92.677951,43.952975],[-92.678008,43.960683],[-92.678024,43.971355],[-92.677928,43.978635],[-92.677928,43.97876],[-92.677928,43.981787],[-92.677912,43.985435],[-92.677961,43.987954],[-92.678201,44.000123],[-92.678237,44.015083],[-92.678201,44.021659],[-92.678201,44.028891],[-92.678181,44.032395],[-92.678185,44.032507],[-92.678186,44.032677],[-92.678234,44.043483],[-92.678164,44.052833],[-92.678138,44.057964],[-92.678131,44.064845],[-92.67813,44.065553],[-92.678122,44.0743],[-92.678086,44.07946],[-92.678059,44.083164],[-92.67808,44.083379],[-92.678133,44.083908],[-92.678139,44.083964],[-92.678202,44.093299],[-92.678193,44.1012],[-92.678267,44.10806],[-92.678302,44.122796],[-92.678316,44.12494],[-92.67838,44.129932],[-92.67838,44.142985],[-92.678492,44.151388],[-92.678733,44.1747],[-92.678637,44.1771],[-92.678717,44.195516]]]},"properties":{"name":"Dodge=DOD","type":"county"}},
{"type":"Feature","geometry":{"type":"Polygon","coordinates":[[[-95.14579,46.106671],[-95.166718,46.106836],[-95.190406,46.106883],[-95.195597,46.106493],[-95.195926,46.106653],[-95.203173,46.106854],[-95.2074,46.106888],[-95.234677,46.107028],[-95.250667,46.10714],[-95.255025,46.107142],[-95.256608,46.10718],[-95.271571,46.107253],[-95.292839,46.107359],[-95.29734,46.107314],[-95.303418,46.107314],[-95.307558,46.107497],[-95.365413,46.107689],[-95.396424,46.107922],[-95.417187,46.108064],[-95.482069,46.10817],[-95.484999,46.108161],[-95.511159,46.107891],[-95.520733,46.107835],[-95.555547,46.107728],[-95.562297,46.107858],[-95.645441,46.107532],[-95.685359,46.107405],[-95.694067,46.107351],[-95.699858,46.10735],[-95.705466,46.10735],[-95.749527,46.107496],[-95.750325,46.1075],[-95.750325,46.107391],[-95.753604,46.107337],[-95.76993,46.107458],[-95.769706,46.099712],[-95.769867,46.058198],[-95.769861,46.020608],[-95.769833,46.013393],[-95.769804,46.008755],[-95.769711,46.002311],[-95.769512,45.996587],[-95.769496,45.991506],[-95.769409,45.946275],[-95.769466,45.941354],[-95.769439,45.9337],[-95.758699,45.933719],[-95.758738,45.927001],[-95.758712,45.924471],[-95.758702,45.92352],[-95.75853,45.904907],[-95.758579,45.897853],[-95.758607,45.890141],[-95.758585,45.886782],[-95.758524,45.877099],[-95.758446,45.86159],[-95.758434,45.846847],[-95.758498,45.839973],[-95.758505,45.83248],[-95.75842,45.817994],[-95.758368,45.803508],[-95.758508,45.760001],[-95.683394,45.759772],[-95.683336,45.759772],[-95.65508,45.759643],[-95.644112,45.759731],[-95.634383,45.75959],[-95.617206,45.759426],[-95.599936,45.75936],[-95.594942,45.759412],[-95.593277,45.759275],[-95.567911,45.759234],[-95.515058,45.759111],[-95.511304,45.758789],[-95.510384,45.758787],[-95.469678,45.759411],[-95.431912,45.759651],[-95.431209,45.759658],[-95.430371,45.759666],[-95.42502,45.759715],[-95.42058,45.759756],[-95.408889,45.759618],[-95.408399,45.759824],[-95.387946,45.759365],[-95.383423,45.759264],[-95.353229,45.758904],[-95.352819,45.758903],[-95.321593,45.758855],[-95.283589,45.758817],[-95.27977,45.758702],[-95.262858,45.758787],[-95.250908,45.758782],[-95.243212,45.758829],[-95.220325,45.758723],[-95.170403,45.758978],[-95.13967,45.75889],[-95.139731,45.773421],[-95.139807,45.791468],[-95.139843,45.800056],[-95.140076,45.829744],[-95.140163,45.845404],[-95.140166,45.846064],[-95.140177,45.847936],[-95.140191,45.850335],[-95.140197,45.851477],[-95.140217,45.855061],[-95.140223,45.856002],[-95.140234,45.857562],[-95.14024,45.85835],[-95.14021,45.860417],[-95.140155,45.864279],[-95.140149,45.865744],[-95.140183,45.871043],[-95.139796,45.888193],[-95.139397,45.901414],[-95.139203,45.907826],[-95.13896,45.915924],[-95.138792,45.923907],[-95.138789,45.924078],[-95.138909,45.932694],[-95.146255,45.9328],[-95.146661,45.983437],[-95.14641,46.019761],[-95.145919,46.062863],[-95.145919,46.06309],[-95.14579,46.106671]]]},"properties":{"name":"Douglas=DOU","type":"county"}},
{"type":"Feature","geometry":{"type":"Polygon","coordinates":[[[-93.767762,43.84796],[-93.78789,43.847943],[-93.797876,43.847922],[-93.802275,43.847922],[-93.802995,43.847922],[-93.807686,43.847907],[-93.815557,43.847884],[-93.817625,43.847877],[-93.817739,43.847878],[-93.81876,43.847887],[-93.828559,43.847921],[-93.829207,43.8479],[-93.833014,43.847921],[-93.844769,43.847941],[-93.847607,43.847963],[-93.866414,43.848115],[-93.875229,43.848135],[-93.887742,43.848141],[-93.888342,43.848141],[-93.894316,43.848163],[-93.908155,43.848216],[-93.928094,43.848148],[-93.93765,43.848128],[-94.000232,43.848042],[-94.00254,43.84802],[-94.00645,43.848037],[-94.00826,43.848091],[-94.028155,43.848007],[-94.050349,43.847966],[-94.068889,43.847956],[-94.074954,43.847951],[-94.108394,43.847933],[-94.127483,43.847973],[-94.128557,43.847972],[-94.135768,43.847978],[-94.163364,43.847819],[-94.193552,43.847758],[-94.195511,43.847758],[-94.228562,43.847819],[-94.247078,43.847765],[-94.247363,43.818402],[-94.247358,43.81188],[-94.24734,43.762034],[-94.247306,43.760341],[-94.24793,43.749497],[-94.247902,43.746012],[-94.24783,43.723524],[-94.247812,43.717741],[-94.247798,43.713318],[-94.247631,43.673506],[-94.247569,43.608443],[-94.247547,43.586719],[-94.24771093,43.50033245],[-94.14890296,43.500297],[-94.12792502,43.50028947],[-94.10988,43.500283],[-94.108068,43.5003],[-94.10689079,43.50030017],[-94.09814603,43.50030145],[-94.094339,43.500302],[-94.092894,43.500302],[-94.07794148,43.50021667],[-94.06804575,43.50016019],[-94.0079117,43.49981702],[-93.97076,43.499605],[-93.88868914,43.49956513],[-93.795793,43.49952],[-93.794285,43.499542],[-93.768424,43.49954896],[-93.716217,43.499563],[-93.708771,43.499564],[-93.704916,43.499568],[-93.699345,43.499576],[-93.64863793,43.49955873],[-93.648479,43.521572],[-93.648474,43.523731],[-93.64841,43.559157],[-93.648405,43.566862],[-93.648402,43.572116],[-93.648424,43.586524],[-93.648399,43.673584],[-93.648437,43.760641],[-93.648434,43.767963],[-93.648358,43.818258],[-93.648335,43.822348],[-93.648226,43.840692],[-93.648098,43.847437],[-93.648534,43.848139],[-93.649685,43.848137],[-93.650215,43.848032],[-93.657254,43.848012],[-93.767762,43.84796]]]},"properties":{"name":"Faribault=FAI","type":"county"}},
{"type":"Feature","geometry":{"type":"Polygon","coordinates":[[[-92.079292,43.84708],[-92.089111,43.847077],[-92.099753,43.847074],[-92.106832,43.847095],[-92.129037,43.847144],[-92.172249,43.847123],[-92.178883,43.847107],[-92.181644,43.847107],[-92.185435,43.847117],[-92.19249,43.84705],[-92.193419,43.847099],[-92.195529,43.847138],[-92.198612,43.847147],[-92.208663,43.847108],[-92.238506,43.847465],[-92.245709,43.847548],[-92.246034,43.847548],[-92.273514,43.847669],[-92.280188,43.847701],[-92.318323,43.847973],[-92.328971,43.847903],[-92.352071,43.847921],[-92.36828,43.848089],[-92.384284,43.848125],[-92.438574,43.848242],[-92.448834,43.848276],[-92.449045,43.834068],[-92.449042,43.819478],[-92.449035,43.783252],[-92.449035,43.782291],[-92.448992,43.779422],[-92.448939,43.775865],[-92.44897,43.768152],[-92.448999,43.761365],[-92.448999,43.760405],[-92.448932,43.746849],[-92.449056,43.732418],[-92.449211,43.717942],[-92.449269,43.710981],[-92.449273,43.710555],[-92.449396,43.696125],[-92.449395,43.691019],[-92.449395,43.690956],[-92.44942,43.689553],[-92.449509,43.68442],[-92.449535,43.682831],[-92.449567,43.674312],[-92.449595,43.640497],[-92.449541,43.631189],[-92.449318,43.616272],[-92.449317,43.609125],[-92.449315,43.601772],[-92.449313,43.587249],[-92.449253,43.533101],[-92.449113,43.522497],[-92.449113,43.522092],[-92.449047,43.50343],[-92.44894671,43.50042017],[-92.408832,43.500614],[-92.40613,43.500476],[-92.388298,43.500483],[-92.368908,43.500454],[-92.32937,43.50044608],[-92.279084,43.500436],[-92.277425,43.500466],[-92.20958091,43.50051863],[-92.198788,43.500527],[-92.178863,43.500713],[-92.103886,43.500735],[-92.08997,43.500684],[-92.089482,43.5006822],[-92.079954,43.500647],[-92.0095056,43.50055926],[-91.97714133,43.50051895],[-91.96992302,43.50050996],[-91.949879,43.500485],[-91.941837,43.500554],[-91.87149403,43.50063217],[-91.84991342,43.50065615],[-91.824848,43.500684],[-91.807156,43.500648],[-91.804925,43.500716],[-91.79065524,43.50076443],[-91.77929,43.500803],[-91.777688,43.500711],[-91.761414,43.500637],[-91.738446,43.500525],[-91.736558,43.500561],[-91.73333,43.500623],[-91.730359,43.50068],[-91.730373,43.501008],[-91.730469,43.502769],[-91.730532,43.504324],[-91.730638,43.522367],[-91.730629,43.527391],[-91.73065,43.58491],[-91.730625,43.58729],[-91.730536,43.601581],[-91.730691,43.641672],[-91.730663,43.644163],[-91.730654,43.644967],[-91.730573,43.652465],[-91.730673,43.671114],[-91.730725,43.6736],[-91.730747,43.67691],[-91.730717,43.678694],[-91.730365,43.718316],[-91.730446,43.720268],[-91.73032,43.731126],[-91.730343,43.760099],[-91.730437,43.773639],[-91.730377,43.775955],[-91.730436,43.778166],[-91.730457,43.796033],[-91.730464,43.801881],[-91.730519,43.832865],[-91.730424,43.846935],[-91.752258,43.846851],[-91.795642,43.847196],[-91.839338,43.846929],[-91.844134,43.847073],[-91.845352,43.84696],[-91.849301,43.84705],[-91.850243,43.847035],[-91.855048,43.846963],[-91.855198,43.846964],[-91.856677,43.846972],[-91.929135,43.846922],[-91.937085,43.847125],[-91.959601,43.847168],[-91.959835,43.847169],[-91.969844,43.847178],[-91.977151,43.847187],[-91.985939,43.847112],[-91.992126,43.847225],[-92.079292,43.84708]]]},"properties":{"name":"Fillmore=FIL","type":"county"}},
{"type":"Feature","geometry":{"type":"Polygon","coordinates":[[[-93.04971,43.848444],[-93.085704,43.848428],[-93.086024,43.848426],[-93.119612,43.84837],[-93.125201,43.848367],[-93.159376,43.848353],[-93.165865,43.848342],[-93.169407,43.848337],[-93.250207,43.848206],[-93.250629,43.848206],[-93.279371,43.848195],[-93.285439,43.848242],[-93.286197,43.848243],[-93.289547,43.848152],[-93.308255,43.848223],[-93.3195,43.848203],[-93.32608,43.848221],[-93.375212,43.848193],[-93.389903,43.848143],[-93.391581,43.848141],[-93.398989,43.848134],[-93.399332,43.848133],[-93.406746,43.848126],[-93.408958,43.848081],[-93.479337,43.848116],[-93.482745,43.848121],[-93.508999,43.848003],[-93.516624,43.848],[-93.520004,43.847999],[-93.527095,43.847997],[-93.528604,43.847996],[-93.562947,43.848039],[-93.575352,43.848048],[-93.607925,43.848071],[-93.609085,43.848072],[-93.647285,43.848141],[-93.648534,43.848139],[-93.648098,43.847437],[-93.648226,43.840692],[-93.648335,43.822348],[-93.648358,43.818258],[-93.648434,43.767963],[-93.648437,43.760641],[-93.648399,43.673584],[-93.648424,43.586524],[-93.648402,43.572116],[-93.648405,43.566862],[-93.64841,43.559157],[-93.648474,43.523731],[-93.648479,43.521572],[-93.64863793,43.49955873],[-93.617131,43.499548],[-93.576728,43.49952],[-93.558631,43.499521],[-93.532178,43.499472],[-93.528482,43.499471],[-93.49841883,43.49945649],[-93.497405,43.499456],[-93.488261,43.499417],[-93.482009,43.499482],[-93.47855289,43.49945121],[-93.472804,43.4994],[-93.468563,43.499473],[-93.428509,43.499478],[-93.40863,43.49948272],[-93.399035,43.499485],[-93.39869,43.49948465],[-93.29897927,43.49938356],[-93.289044,43.49937348],[-93.2718,43.499356],[-93.228861,43.499567],[-93.16925902,43.49956846],[-93.04930383,43.49957139],[-93.049298,43.499962],[-93.049405,43.551345],[-93.049457,43.555366],[-93.049445,43.557773],[-93.049488,43.557836],[-93.049406,43.565017],[-93.049331,43.579418],[-93.049292,43.586813],[-93.049401,43.590726],[-93.049427,43.594268],[-93.04944,43.596087],[-93.049478,43.601245],[-93.049441,43.622994],[-93.049471,43.632132],[-93.04947,43.637368],[-93.04943,43.65187],[-93.049392,43.666515],[-93.049374,43.673594],[-93.04934,43.686514],[-93.049298,43.702778],[-93.049319,43.713477],[-93.049326,43.717323],[-93.049323,43.731869],[-93.049368,43.739021],[-93.049414,43.746483],[-93.04943,43.747732],[-93.049461,43.749961],[-93.049442,43.76118],[-93.049647,43.844931],[-93.049647,43.846989],[-93.04971,43.848279],[-93.04971,43.848444]]]},"properties":{"name":"Freeborn=FRE","type":"county"}},
{"type":"Feature","geometry":{"type":"Polygon","coordinates":[[[-92.73238954,44.71390276],[-92.732394,44.712918],[-92.73241,44.709442],[-92.73242,44.707337],[-92.732497,44.691351],[-92.73254,44.686447],[-92.73254,44.686332],[-92.732634,44.68162],[-92.732626,44.679756],[-92.732593,44.672567],[-92.73256,44.671515],[-92.73257,44.668732],[-92.732629,44.655679],[-92.732658,44.649204],[-92.732661,44.648571],[-92.732692,44.646452],[-92.732595,44.638451],[-92.732577,44.6374],[-92.732557,44.636282],[-92.732499,44.632941],[-92.732438,44.629415],[-92.742687,44.6294],[-92.750199,44.629429],[-92.7724,44.629567],[-92.792801,44.629767],[-92.792201,44.599727],[-92.792201,44.596667],[-92.792088,44.579518],[-92.792001,44.571667],[-92.792101,44.565467],[-92.792101,44.565207],[-92.792101,44.562566],[-92.792101,44.561066],[-92.792198,44.55214],[-92.792301,44.543566],[-92.798901,44.543266],[-92.800501,44.543366],[-92.807901,44.543366],[-92.813806,44.5434],[-92.825302,44.543466],[-92.827759,44.543499],[-92.832702,44.543566],[-92.88159,44.543552],[-92.891005,44.543466],[-92.906789,44.543506],[-92.911206,44.543467],[-92.913506,44.543567],[-92.918807,44.543567],[-92.918606,44.519566],[-92.918806,44.517756],[-92.921233,44.517781],[-92.921807,44.517566],[-92.923107,44.515766],[-92.933648,44.512165],[-92.937219,44.51138],[-92.943766,44.51148],[-92.953575,44.507955],[-92.956354,44.51016],[-92.956644,44.512853],[-92.961359,44.51624],[-92.963817,44.516576],[-92.970637,44.51608],[-92.979009,44.512867],[-92.980266,44.513631],[-92.981593,44.516675],[-92.983109,44.518167],[-92.985745,44.519224],[-93.002331,44.520582],[-93.004879,44.519979],[-93.005093,44.51811],[-93.009111,44.516366],[-93.015928,44.515217],[-93.020511,44.515366],[-93.023496,44.516415],[-93.026181,44.516606],[-93.034528,44.514195],[-93.037641,44.514645],[-93.039311,44.515766],[-93.039263,44.484893],[-93.039207,44.47169],[-93.039244,44.460142],[-93.039309,44.457444],[-93.03931,44.457079],[-93.039734,44.42895],[-93.039762,44.418054],[-93.039782,44.410844],[-93.03979,44.406968],[-93.039792,44.405328],[-93.039797,44.403747],[-93.039823,44.399821],[-93.039812,44.394745],[-93.040043,44.370816],[-93.040394,44.283528],[-93.040493,44.272574],[-93.04059,44.268001],[-93.04075,44.267955],[-93.040626,44.254532],[-93.040933,44.196558],[-93.021893,44.196598],[-93.00078,44.196899],[-92.980455,44.196872],[-92.97966,44.196918],[-92.967963,44.196853],[-92.966055,44.196396],[-92.964816,44.196808],[-92.925209,44.196879],[-92.924288,44.196879],[-92.920187,44.196893],[-92.840638,44.196797],[-92.838856,44.196786],[-92.812631,44.19672],[-92.79894,44.196547],[-92.791203,44.19644],[-92.785677,44.196374],[-92.775887,44.196211],[-92.758468,44.195952],[-92.739184,44.195868],[-92.708959,44.195708],[-92.688958,44.19558],[-92.683038,44.195564],[-92.678717,44.195516],[-92.677735,44.195527],[-92.671357,44.195596],[-92.667364,44.195576],[-92.665859,44.195569],[-92.663888,44.195559],[-92.659121,44.195536],[-92.6475,44.195484],[-92.646722,44.195484],[-92.646396,44.195484],[-92.645655,44.195475],[-92.645414,44.195472],[-92.642999,44.195443],[-92.642268,44.195436],[-92.636764,44.195404],[-92.636174,44.1954],[-92.634524,44.195388],[-92.613718,44.195202],[-92.604498,44.194994],[-92.603642,44.194973],[-92.602506,44.195101],[-92.600442,44.194829],[-92.591194,44.195085],[-92.578864,44.194517],[-92.558649,44.194461],[-92.557385,44.194493],[-92.550872,44.194509],[-92.550809,44.222685],[-92.550681,44.232189],[-92.550912,44.266084],[-92.550895,44.267161],[-92.550848,44.270223],[-92.550879,44.271481],[-92.550847,44.271664],[-92.551183,44.274157],[-92.551201,44.281537],[-92.550942,44.303036],[-92.550794,44.307206],[-92.550736,44.353735],[-92.550606,44.368302],[-92.51626,44.368104],[-92.506237,44.368071],[-92.430573,44.36812],[-92.430575,44.368606],[-92.430409,44.422196],[-92.430408,44.426348],[-92.43025,44.451046],[-92.430246,44.451524],[-92.430592,44.455089],[-92.429839,44.455087],[-92.416462,44.454998],[-92.416453,44.454998],[-92.416362,44.455023],[-92.416214,44.455066],[-92.410388,44.455203],[-92.330923,44.454824],[-92.323693,44.454771],[-92.323343,44.454769],[-92.319415,44.454748],[-92.309316,44.454643],[-92.308432,44.454634],[-92.299315,44.454556],[-92.293843,44.454518],[-92.2933,44.454472],[-92.286828,44.454521],[-92.282113,44.454456],[-92.281431,44.45445],[-92.279187,44.454443],[-92.274198,44.454444],[-92.24201,44.454254],[-92.244884,44.456842],[-92.249071,44.459524],[-92.262476,44.465149],[-92.276784,44.473649],[-92.282364,44.477707],[-92.28858556,44.48329208],[-92.291005,44.485464],[-92.29319336,44.48806413],[-92.2952132,44.49046404],[-92.297122,44.492732],[-92.302215,44.500298],[-92.302961,44.503601],[-92.302466,44.516487],[-92.303046,44.518646],[-92.303527,44.519822],[-92.307957,44.524475],[-92.310827,44.528756],[-92.31365686,44.5368321],[-92.31373235,44.53704752],[-92.314071,44.538014],[-92.31568961,44.54022961],[-92.31689227,44.54187586],[-92.317357,44.542512],[-92.317664,44.5428008],[-92.31766527,44.542802],[-92.31766786,44.54280443],[-92.319938,44.54494],[-92.32099187,44.54563155],[-92.329013,44.550895],[-92.336114,44.554004],[-92.347567,44.557149],[-92.361518,44.558935],[-92.368298,44.559182],[-92.38904,44.557697],[-92.399281,44.558292],[-92.415089,44.560359],[-92.420702,44.562041],[-92.425774,44.564602],[-92.431101,44.565786],[-92.433256,44.5655],[-92.440745,44.562833],[-92.455105,44.561886],[-92.45552071,44.5619727],[-92.46156569,44.5632334],[-92.470209,44.565036],[-92.47361625,44.56605893],[-92.48075149,44.56820109],[-92.481001,44.568276],[-92.48128337,44.56826022],[-92.48307819,44.56815989],[-92.48474,44.568067],[-92.48838882,44.56688171],[-92.490472,44.566205],[-92.49135692,44.56616733],[-92.49204845,44.5661379],[-92.49305258,44.56609516],[-92.493808,44.566063],[-92.49434609,44.56621639],[-92.508759,44.570325],[-92.512564,44.571801],[-92.518358,44.575183],[-92.520878,44.5752],[-92.527337,44.573554],[-92.53412087,44.57032173],[-92.53610532,44.56937621],[-92.53887999,44.56805418],[-92.53911635,44.56794156],[-92.540551,44.567258],[-92.544346,44.566986],[-92.5463347,44.56741758],[-92.54673363,44.56750416],[-92.5473798,44.56764439],[-92.54806,44.567792],[-92.54867066,44.568177],[-92.54956894,44.56874334],[-92.549957,44.568988],[-92.55011911,44.56926139],[-92.55151,44.571607],[-92.551182,44.573449],[-92.55115546,44.57349423],[-92.55115092,44.57350196],[-92.549685,44.576],[-92.54928,44.577704],[-92.549777,44.58113],[-92.560796,44.594956],[-92.567226,44.60177],[-92.56757436,44.6020491],[-92.56868396,44.60293809],[-92.569434,44.603539],[-92.57062994,44.60391731],[-92.57171638,44.60426098],[-92.572943,44.604649],[-92.577148,44.605054],[-92.57885,44.603939],[-92.581591,44.600863],[-92.584711,44.599861],[-92.586216,44.600088],[-92.58648053,44.60025301],[-92.58808308,44.60125267],[-92.588797,44.601698],[-92.58899384,44.60219752],[-92.58901203,44.60224369],[-92.590467,44.605936],[-92.601516,44.612052],[-92.607141,44.612433],[-92.614569,44.61173],[-92.618025,44.61287],[-92.621456,44.615017],[-92.623163,44.618224],[-92.623348,44.620713],[-92.622571,44.623518],[-92.619774,44.629214],[-92.619779,44.634195],[-92.621733,44.638983],[-92.632105,44.649027],[-92.655807,44.65804],[-92.660988,44.660884],[-92.664699,44.66338],[-92.67198237,44.66962956],[-92.686511,44.682096],[-92.696491,44.689436],[-92.700948,44.693751],[-92.713198,44.701085],[-92.73238954,44.71390276]]]},"properties":{"name":"Goodhue=GOO","type":"county"}},
{"type":"Feature","geometry":{"type":"Polygon","coordinates":[[[-96.265372,46.108344],[-96.265379,46.065259],[-96.265852,46.050357],[-96.265926,46.036482],[-96.26593,46.035825],[-96.265683,46.021791],[-96.26568,46.021591],[-96.266316,46.006991],[-96.266316,46.006877],[-96.266144,45.935022],[-96.255371,45.934811],[-96.253672,45.934811],[-96.254159,45.90529],[-96.253858,45.847008],[-96.253862,45.846734],[-96.254257,45.810314],[-96.253985,45.759794],[-96.171519,45.759742],[-96.153891,45.759852],[-96.153369,45.759829],[-96.130031,45.759705],[-96.02801,45.759466],[-96.005749,45.759445],[-95.985255,45.759461],[-95.964594,45.759537],[-95.928837,45.759876],[-95.923206,45.759561],[-95.882078,45.75964],[-95.870766,45.75975],[-95.856599,45.759848],[-95.841518,45.759921],[-95.81041,45.759925],[-95.80003,45.759993],[-95.758508,45.760001],[-95.758368,45.803508],[-95.75842,45.817994],[-95.758505,45.83248],[-95.758498,45.839973],[-95.758434,45.846847],[-95.758446,45.86159],[-95.758524,45.877099],[-95.758585,45.886782],[-95.758607,45.890141],[-95.758579,45.897853],[-95.75853,45.904907],[-95.758702,45.92352],[-95.758712,45.924471],[-95.758738,45.927001],[-95.758699,45.933719],[-95.769439,45.9337],[-95.769466,45.941354],[-95.769409,45.946275],[-95.769496,45.991506],[-95.769512,45.996587],[-95.769711,46.002311],[-95.769804,46.008755],[-95.769833,46.013393],[-95.769861,46.020608],[-95.769867,46.058198],[-95.769706,46.099712],[-95.76993,46.107458],[-95.824326,46.107714],[-95.83313,46.107872],[-95.894607,46.108186],[-95.936224,46.108284],[-95.957147,46.10828],[-95.977741,46.108297],[-95.998368,46.10831],[-96.018293,46.108341],[-96.141685,46.108342],[-96.141718,46.10816],[-96.196474,46.108674],[-96.265372,46.108344]]]},"properties":{"name":"Grant=GRA","type":"county"}},
{"type":"Feature","geometry":{"type":"Polygon","coordinates":[[[-93.521335,45.246565],[-93.521945,45.245834],[-93.522435,45.244365],[-93.519354,45.242267],[-93.516943,45.241992],[-93.51467,45.239925],[-93.515097,45.238826],[-93.515799,45.238513],[-93.519339,45.238574],[-93.519935,45.238365],[-93.521835,45.232665],[-93.524954,45.230921],[-93.526373,45.229525],[-93.526587,45.228663],[-93.525275,45.226496],[-93.525635,45.224964],[-93.527274,45.223215],[-93.529074,45.222315],[-93.530997,45.222666],[-93.532402,45.224138],[-93.533393,45.225603],[-93.534294,45.228594],[-93.534136,45.230864],[-93.535362,45.231356],[-93.543739,45.231249],[-93.547798,45.22671],[-93.548636,45.226464],[-93.552836,45.227064],[-93.562719,45.223009],[-93.569581,45.218355],[-93.57565,45.21843],[-93.586896,45.214378],[-93.589384,45.214678],[-93.59116,45.218421],[-93.593938,45.217564],[-93.593838,45.216864],[-93.592538,45.211764],[-93.597854,45.207426],[-93.601969,45.208086],[-93.601863,45.210039],[-93.604439,45.212964],[-93.607839,45.212164],[-93.608714,45.210238],[-93.611354,45.207987],[-93.617182,45.209269],[-93.623775,45.209627],[-93.62534,45.209264],[-93.62564,45.208764],[-93.625713,45.207667],[-93.624645,45.206347],[-93.623821,45.206087],[-93.623118,45.204851],[-93.623939,45.203164],[-93.625148,45.202616],[-93.629162,45.20241],[-93.631756,45.203303],[-93.633114,45.204813],[-93.634578,45.2092],[-93.637127,45.210154],[-93.639949,45.209299],[-93.646038,45.202814],[-93.64561,45.20122],[-93.64761,45.199381],[-93.649289,45.198877],[-93.654004,45.198747],[-93.656567,45.197816],[-93.658597,45.194665],[-93.658795,45.192384],[-93.656827,45.188775],[-93.651012,45.182328],[-93.647594,45.179918],[-93.644497,45.178933],[-93.639492,45.175477],[-93.63874,45.174363],[-93.638424,45.165925],[-93.648037,45.158395],[-93.661084,45.153367],[-93.66322,45.153405],[-93.666141,45.154463],[-93.669858,45.153924],[-93.672341,45.152363],[-93.67594,45.151259],[-93.681241,45.151263],[-93.684048,45.149995],[-93.687299,45.145227],[-93.689146,45.14367],[-93.694502,45.141343],[-93.700742,45.136363],[-93.707207,45.126429],[-93.711435,45.122762],[-93.720015,45.11448],[-93.725447,45.103128],[-93.725943,45.098263],[-93.728947,45.097453],[-93.728948,45.097438],[-93.728072,45.093286],[-93.72804,45.090593],[-93.729506,45.088868],[-93.732143,45.087763],[-93.736043,45.083963],[-93.736943,45.082663],[-93.738082,45.080956],[-93.739363,45.080429],[-93.750243,45.079126],[-93.752587,45.079392],[-93.756379,45.080244],[-93.761497,45.081751],[-93.761627,45.081582],[-93.761757,45.080851],[-93.760919,45.079181],[-93.75921,45.077603],[-93.759954,45.07566],[-93.764637,45.070952],[-93.766351,45.065397],[-93.766267,45.064422],[-93.76671,45.060275],[-93.766809,45.057463],[-93.766873,45.057189],[-93.766873,45.057132],[-93.766936,45.053405],[-93.766976,45.050078],[-93.766934,45.046885],[-93.766958,45.039779],[-93.766923,45.035377],[-93.766908,45.033146],[-93.766896,45.031463],[-93.766889,45.030274],[-93.766887,45.03012],[-93.766878,45.028688],[-93.766875,45.028269],[-93.76686,45.016543],[-93.766332,44.992458],[-93.766142,44.992462],[-93.766342,44.983662],[-93.766442,44.977962],[-93.766442,44.977062],[-93.766542,44.948762],[-93.766642,44.934162],[-93.766942,44.919862],[-93.767041,44.890862],[-93.756941,44.890762],[-93.705439,44.890662],[-93.704139,44.890762],[-93.698439,44.890762],[-93.683057,44.890942],[-93.667238,44.890962],[-93.664538,44.890962],[-93.664203,44.890973],[-93.661437,44.891062],[-93.652837,44.890962],[-93.652637,44.890962],[-93.645037,44.891062],[-93.637437,44.891062],[-93.626836,44.891062],[-93.625536,44.891162],[-93.620236,44.891162],[-93.619836,44.891162],[-93.616836,44.891262],[-93.614536,44.891262],[-93.610936,44.891362],[-93.605135,44.891362],[-93.589835,44.891262],[-93.583434,44.891162],[-93.580334,44.891162],[-93.570634,44.891063],[-93.56869,44.891063],[-93.566218,44.891063],[-93.559334,44.890963],[-93.553533,44.890963],[-93.552233,44.891063],[-93.548733,44.890963],[-93.540233,44.891063],[-93.523132,44.891163],[-93.520532,44.891163],[-93.520532,44.882863],[-93.520684,44.874963],[-93.520632,44.873963],[-93.520632,44.872726],[-93.520632,44.866263],[-93.520632,44.865948],[-93.520632,44.863763],[-93.520732,44.861863],[-93.520639,44.860196],[-93.520632,44.860063],[-93.520632,44.858463],[-93.520832,44.841163],[-93.520832,44.840563],[-93.520832,44.838963],[-93.520831,44.827263],[-93.52079,44.819543],[-93.520731,44.816563],[-93.520431,44.804263],[-93.520431,44.801763],[-93.518903,44.802336],[-93.513231,44.804463],[-93.510631,44.804763],[-93.505175,44.804422],[-93.503131,44.804763],[-93.500731,44.809063],[-93.49823,44.809763],[-93.49623,44.808563],[-93.49353,44.805063],[-93.49293,44.804263],[-93.49043,44.804263],[-93.48363,44.807463],[-93.482296,44.806225],[-93.48093,44.804163],[-93.47503,44.804363],[-93.463229,44.806363],[-93.460829,44.805963],[-93.457929,44.803363],[-93.455629,44.803063],[-93.447929,44.803663],[-93.443828,44.805163],[-93.442128,44.807063],[-93.440328,44.811663],[-93.438228,44.812463],[-93.434428,44.811163],[-93.429562,44.809618],[-93.419628,44.806863],[-93.415928,44.807563],[-93.411227,44.806563],[-93.405127,44.804163],[-93.398827,44.798763],[-93.396027,44.796963],[-93.391327,44.798163],[-93.387626,44.798463],[-93.384826,44.796963],[-93.381026,44.785863],[-93.378526,44.785263],[-93.364125,44.788864],[-93.358025,44.785564],[-93.356725,44.785464],[-93.354825,44.785864],[-93.351925,44.789764],[-93.351825,44.790064],[-93.349425,44.791264],[-93.346425,44.790764],[-93.339825,44.786764],[-93.337425,44.786364],[-93.335024,44.786864],[-93.329524,44.790964],[-93.329445,44.791],[-93.326424,44.792364],[-93.312224,44.792664],[-93.308224,44.793164],[-93.296123,44.798264],[-93.291403,44.799794],[-93.289923,44.800164],[-93.286223,44.801464],[-93.282923,44.805764],[-93.272722,44.807064],[-93.262622,44.809064],[-93.260207,44.809619],[-93.253922,44.811064],[-93.240221,44.819865],[-93.232121,44.826665],[-93.227521,44.829065],[-93.219721,44.831765],[-93.221621,44.835465],[-93.221421,44.838265],[-93.212321,44.839665],[-93.208121,44.843165],[-93.203499,44.852184],[-93.197521,44.859565],[-93.198021,44.861865],[-93.198421,44.862165],[-93.200321,44.864065],[-93.200121,44.865265],[-93.19042,44.871065],[-93.18752,44.875265],[-93.18022,44.878765],[-93.17832,44.880865],[-93.17902,44.882065],[-93.18272,44.884765],[-93.18312,44.886265],[-93.18182,44.887265],[-93.17932,44.888165],[-93.17812,44.888365],[-93.17692,44.893465],[-93.18162,44.893965],[-93.185321,44.894365],[-93.190921,44.896265],[-93.191921,44.897365],[-93.191321,44.902665],[-93.192221,44.904165],[-93.193821,44.905265],[-93.194321,44.905565],[-93.199421,44.908365],[-93.200621,44.909965],[-93.201773,44.912963],[-93.200921,44.917765],[-93.199922,44.926765],[-93.200159,44.930654],[-93.200322,44.934165],[-93.200281,44.937373],[-93.200228,44.94151],[-93.201522,44.948265],[-93.207522,44.952965],[-93.207622,44.954765],[-93.207722,44.955765],[-93.207722,44.958365],[-93.207622,44.959865],[-93.207722,44.961065],[-93.207722,44.964565],[-93.207722,44.967965],[-93.207623,44.974865],[-93.207723,44.975765],[-93.207723,44.980365],[-93.207623,44.988065],[-93.207623,44.991665],[-93.207523,45.000565],[-93.207523,45.005965],[-93.207623,45.013065],[-93.207723,45.020465],[-93.207923,45.027465],[-93.208023,45.027765],[-93.208323,45.035665],[-93.218324,45.035565],[-93.219424,45.035565],[-93.227024,45.035465],[-93.229324,45.035465],[-93.234724,45.035465],[-93.237224,45.035465],[-93.242325,45.035465],[-93.247425,45.035465],[-93.249925,45.035465],[-93.260225,45.035465],[-93.267925,45.035465],[-93.272526,45.035565],[-93.283426,45.035365],[-93.280826,45.043565],[-93.282226,45.051165],[-93.285226,45.058465],[-93.284026,45.065165],[-93.282226,45.069265],[-93.280826,45.071665],[-93.279026,45.080165],[-93.280126,45.083865],[-93.280177,45.088967],[-93.279927,45.089965],[-93.278327,45.103365],[-93.280327,45.105765],[-93.284727,45.108565],[-93.287946,45.110736],[-93.291777,45.112119],[-93.294461,45.114167],[-93.295957,45.118273],[-93.296095,45.121897],[-93.297128,45.126965],[-93.299358,45.129425],[-93.301128,45.131965],[-93.308128,45.137865],[-93.309528,45.139965],[-93.309828,45.141665],[-93.311528,45.143765],[-93.311604,45.143816],[-93.313628,45.144765],[-93.319728,45.145965],[-93.323129,45.147165],[-93.328329,45.151465],[-93.334667,45.154896],[-93.337719,45.156287],[-93.346229,45.160165],[-93.354042,45.169341],[-93.355146,45.170637],[-93.35883,45.174965],[-93.363734,45.176051],[-93.37373,45.178264],[-93.379931,45.181364],[-93.386141,45.185232],[-93.391331,45.188464],[-93.395631,45.191364],[-93.412032,45.198164],[-93.415232,45.200665],[-93.421932,45.210665],[-93.422823,45.211961],[-93.425532,45.214465],[-93.426705,45.21505],[-93.427732,45.215565],[-93.434732,45.217865],[-93.438907,45.216716],[-93.442249,45.216358],[-93.447762,45.218141],[-93.457106,45.220085],[-93.460606,45.221675],[-93.464405,45.22462],[-93.46764,45.225787],[-93.47028,45.225955],[-93.48174,45.224971],[-93.485479,45.225681],[-93.487195,45.226787],[-93.492315,45.230144],[-93.497081,45.234544],[-93.500234,45.240565],[-93.501363,45.241435],[-93.512135,45.245665],[-93.521335,45.246565]]]},"properties":{"name":"Hennepin=HEN","type":"county"}},
{"type":"Feature","geometry":{"type":"Polygon","coordinates":[[[-91.284138,43.847065],[-91.297338,43.847065],[-91.297838,43.847065],[-91.305531,43.847065],[-91.315139,43.847065],[-91.319945,43.847065],[-91.323039,43.847065],[-91.324409,43.847065],[-91.354839,43.847065],[-91.361539,43.847065],[-91.37514,43.846959],[-91.402895,43.846867],[-91.432587,43.846936],[-91.481115,43.846925],[-91.491594,43.846923],[-91.510617,43.847086],[-91.571226,43.847026],[-91.599922,43.846997],[-91.629907,43.846944],[-91.636125,43.846959],[-91.691215,43.84701],[-91.700569,43.846849],[-91.719136,43.846979],[-91.719905,43.846983],[-91.719935,43.846983],[-91.723475,43.846959],[-91.730424,43.846935],[-91.730519,43.832865],[-91.730464,43.801881],[-91.730457,43.796033],[-91.730436,43.778166],[-91.730377,43.775955],[-91.730437,43.773639],[-91.730343,43.760099],[-91.73032,43.731126],[-91.730446,43.720268],[-91.730365,43.718316],[-91.730717,43.678694],[-91.730747,43.67691],[-91.730725,43.6736],[-91.730673,43.671114],[-91.730573,43.652465],[-91.730654,43.644967],[-91.730663,43.644163],[-91.730691,43.641672],[-91.730536,43.601581],[-91.730625,43.58729],[-91.73065,43.58491],[-91.730629,43.527391],[-91.730638,43.522367],[-91.730532,43.504324],[-91.730469,43.502769],[-91.730373,43.501008],[-91.730359,43.50068],[-91.700749,43.500581],[-91.670872,43.500513],[-91.658401,43.500533],[-91.651396,43.500454],[-91.644924,43.500529],[-91.639772,43.500573],[-91.635626,43.500463],[-91.634495,43.500439],[-91.634244,43.500479],[-91.625611,43.500727],[-91.620785,43.500677],[-91.617407,43.500687],[-91.616895,43.500663],[-91.615293,43.50055],[-91.610895,43.50053],[-91.591073,43.500536],[-91.551021,43.500539],[-91.54122,43.500515],[-91.533806,43.50056],[-91.491042,43.50069],[-91.46530597,43.50060877],[-91.465063,43.500608],[-91.46466708,43.50061168],[-91.461403,43.500642],[-91.445932,43.500588],[-91.441786,43.500438],[-91.397319,43.500887],[-91.37695,43.500482],[-91.37178616,43.50092956],[-91.371608,43.500945],[-91.369325,43.500827],[-91.261781,43.500993],[-91.246715,43.500488],[-91.217706,43.50055],[-91.217876,43.508104],[-91.217353,43.512474],[-91.218292,43.514434],[-91.222613,43.517892],[-91.230027,43.521595],[-91.232941,43.523967],[-91.236725,43.53293],[-91.243183,43.540309],[-91.244093,43.54562],[-91.24382,43.54913],[-91.243214,43.550722],[-91.24288441,43.55127105],[-91.24138769,43.55376442],[-91.240649,43.554995],[-91.234432,43.561781],[-91.232812,43.564842],[-91.23184675,43.57269322],[-91.23164567,43.57432881],[-91.23149,43.575595],[-91.23152638,43.57619912],[-91.231865,43.581822],[-91.232707,43.583533],[-91.234499,43.585529],[-91.23554858,43.58649229],[-91.23784281,43.58859791],[-91.239109,43.58976],[-91.24361322,43.59321649],[-91.24989002,43.59803322],[-91.252926,43.600363],[-91.25498349,43.60156529],[-91.258267,43.603484],[-91.261631,43.606175],[-91.265091,43.609977],[-91.268748,43.615348],[-91.268457,43.627352],[-91.263178,43.638203],[-91.262397,43.64176],[-91.26313697,43.64475335],[-91.263856,43.647662],[-91.265051,43.649141],[-91.270767,43.65308],[-91.271749,43.654929],[-91.27297442,43.66446327],[-91.273252,43.666623],[-91.2732207,43.66723464],[-91.272741,43.676609],[-91.26851965,43.69285212],[-91.267792,43.695652],[-91.268455,43.709824],[-91.266538,43.713947],[-91.261316,43.71949],[-91.258756,43.723426],[-91.255932,43.729849],[-91.25572898,43.73057584],[-91.25549335,43.73141943],[-91.254903,43.733533],[-91.255431,43.744876],[-91.243955,43.773046],[-91.244135,43.774667],[-91.25960875,43.78946265],[-91.2607396,43.79054394],[-91.262436,43.792166],[-91.264436,43.800366],[-91.267436,43.804166],[-91.272037,43.813766],[-91.273037,43.818566],[-91.275737,43.824866],[-91.277695,43.837741],[-91.281968,43.842738],[-91.284138,43.847065]]]},"properties":{"name":"Houston=HOU","type":"county"}},
{"type":"Feature","geometry":{"type":"Polygon","coordinates":[[[-95.183216,47.412773],[-95.18355,47.397862],[-95.183743,47.383345],[-95.183577,47.374955],[-95.182986,47.372654],[-95.182752,47.347225],[-95.18292,47.346425],[-95.183013,47.342951],[-95.183031,47.342298],[-95.183088,47.340188],[-95.18286,47.326413],[-95.17769,47.325176],[-95.169633,47.325399],[-95.169524,47.293851],[-95.169524,47.293412],[-95.169524,47.292991],[-95.169591,47.292731],[-95.169626,47.290286],[-95.169458,47.288984],[-95.169522,47.277465],[-95.1696,47.266752],[-95.169723,47.249957],[-95.169272,47.239796],[-95.16947,47.196179],[-95.169114,47.185384],[-95.169061,47.1848],[-95.169172,47.152515],[-95.169142,47.137181],[-95.169392,47.130494],[-95.169551,47.126605],[-95.169585,47.126217],[-95.170199,47.101592],[-95.170369,47.09428],[-95.170506,47.082011],[-95.170599,47.064294],[-95.170612,47.062064],[-95.170551,47.060557],[-95.170546,47.060442],[-95.170263,47.056377],[-95.169881,47.050891],[-95.169592,47.040649],[-95.169451,47.036427],[-95.169391,47.028583],[-95.169522,47.021826],[-95.169523,47.01799],[-95.169424,47.014743],[-95.169558,47.014377],[-95.169417,46.989896],[-95.169606,46.987995],[-95.16974,46.983563],[-95.169841,46.981483],[-95.170016,46.978367],[-95.162266,46.97824],[-95.162189,46.964207],[-95.162111,46.949634],[-95.162215,46.935006],[-95.162123,46.920474],[-95.162096,46.905918],[-95.162169,46.891272],[-95.162205,46.887548],[-95.162309,46.876671],[-95.162326,46.875514],[-95.162327,46.875449],[-95.162518,46.868495],[-95.162487,46.862835],[-95.162358,46.85157],[-95.162359,46.848623],[-95.162393,46.848326],[-95.1625,46.83361],[-95.162942,46.809869],[-95.162811,46.804842],[-95.14138,46.805087],[-95.105723,46.805331],[-95.100078,46.805333],[-95.073947,46.805163],[-95.03747,46.805564],[-95.0205,46.805361],[-95.016607,46.805357],[-95.011648,46.805244],[-94.932603,46.805026],[-94.911614,46.805054],[-94.876258,46.805147],[-94.842143,46.80413],[-94.829396,46.804315],[-94.808295,46.804111],[-94.786996,46.804063],[-94.757126,46.803968],[-94.744529,46.803959],[-94.723216,46.804118],[-94.722478,46.804059],[-94.718078,46.803974],[-94.715274,46.803947],[-94.702394,46.803744],[-94.697102,46.803733],[-94.695819,46.80373],[-94.681393,46.8037],[-94.671439,46.803603],[-94.659927,46.803492],[-94.659873,46.810813],[-94.65982,46.818048],[-94.659631,46.861561],[-94.659687,46.876318],[-94.659446,46.890692],[-94.658871,46.905021],[-94.658858,46.919721],[-94.658887,46.936273],[-94.658844,46.937122],[-94.65885,46.947276],[-94.658879,46.954909],[-94.65837,46.97694],[-94.663635,46.976926],[-94.663884,47.024721],[-94.664014,47.032674],[-94.66398,47.035484],[-94.663797,47.038602],[-94.663794,47.063626],[-94.663194,47.088717],[-94.663909,47.132126],[-94.663905,47.139577],[-94.663888,47.143053],[-94.663855,47.149902],[-94.663783,47.164414],[-94.66355,47.236631],[-94.663479,47.244005],[-94.663472,47.250748],[-94.663828,47.27986],[-94.663679,47.308447],[-94.663679,47.309407],[-94.66371,47.31416],[-94.663673,47.322684],[-94.66626,47.322699],[-94.671469,47.32273],[-94.671367,47.341711],[-94.671086,47.366362],[-94.67107,47.376707],[-94.670864,47.38046],[-94.670843,47.380799],[-94.670876,47.381644],[-94.670844,47.38265],[-94.670773,47.384844],[-94.670739,47.385506],[-94.670706,47.387586],[-94.670705,47.387677],[-94.67062,47.393543],[-94.670214,47.410151],[-94.683161,47.40992],[-94.687061,47.409851],[-94.698426,47.40965],[-94.718398,47.409542],[-94.760529,47.410452],[-94.763121,47.410383],[-94.799745,47.409707],[-94.805738,47.409707],[-94.808195,47.409764],[-94.810417,47.40973],[-94.863568,47.410107],[-94.898399,47.410452],[-94.901935,47.41047],[-94.90412,47.410481],[-94.905734,47.410537],[-94.907799,47.410663],[-94.913058,47.410946],[-94.927024,47.411679],[-94.92753,47.411673],[-94.948788,47.411421],[-94.955443,47.411388],[-94.963198,47.411393],[-94.980623,47.411325],[-95.012768,47.411298],[-95.05188,47.411811],[-95.055482,47.411811],[-95.083658,47.41191],[-95.111549,47.412009],[-95.125289,47.412815],[-95.183216,47.412773]]]},"properties":{"name":"Hubbard=HUB","type":"county"}},
{"type":"Feature","geometry":{"type":"Polygon","coordinates":[[[-93.141792,45.73078],[-93.157295,45.73082],[-93.168594,45.730638],[-93.169867,45.730617],[-93.173096,45.730686],[-93.175243,45.730672],[-93.183085,45.730619],[-93.209821,45.730823],[-93.227224,45.730788],[-93.266052,45.73066],[-93.307111,45.731031],[-93.327938,45.731008],[-93.330159,45.730997],[-93.346238,45.730935],[-93.362466,45.730877],[-93.36894,45.730857],[-93.378971,45.730873],[-93.379508,45.730878],[-93.379655,45.73088],[-93.389187,45.730884],[-93.404922,45.731347],[-93.405085,45.731393],[-93.415956,45.731647],[-93.432448,45.73211],[-93.441083,45.732352],[-93.448751,45.732568],[-93.455848,45.732767],[-93.482098,45.733522],[-93.500232,45.734066],[-93.513798,45.734404],[-93.512702,45.718423],[-93.512869,45.710017],[-93.512435,45.688383],[-93.512673,45.677844],[-93.512686,45.66303],[-93.512689,45.651931],[-93.51267,45.645175],[-93.511744,45.588075],[-93.510925,45.558926],[-93.510924,45.55888],[-93.510704,45.55193],[-93.510648,45.52286],[-93.510629,45.493575],[-93.510681,45.472084],[-93.510679,45.471898],[-93.510375,45.450478],[-93.510245,45.416828],[-93.510078,45.414968],[-93.488942,45.414074],[-93.467273,45.413928],[-93.438836,45.413749],[-93.420106,45.413702],[-93.409004,45.4137],[-93.367654,45.413599],[-93.357266,45.413535],[-93.34613,45.413566],[-93.344568,45.413571],[-93.342368,45.413577],[-93.339769,45.413586],[-93.337952,45.413609],[-93.336814,45.413612],[-93.295979,45.413725],[-93.280689,45.413699],[-93.275591,45.413672],[-93.271308,45.41365],[-93.265359,45.413699],[-93.26342,45.413716],[-93.252699,45.413764],[-93.250227,45.413809],[-93.249314,45.413798],[-93.242118,45.413707],[-93.237262,45.413738],[-93.23512,45.413716],[-93.233128,45.413721],[-93.225057,45.413743],[-93.183408,45.414046],[-93.179783,45.414058],[-93.177759,45.414069],[-93.162826,45.41421],[-93.157679,45.414069],[-93.142219,45.413644],[-93.142143,45.413642],[-93.107814,45.413647],[-93.101383,45.413651],[-93.101257,45.413653],[-93.093279,45.413778],[-93.083253,45.412733],[-93.075738,45.412674],[-93.07358,45.412641],[-93.068958,45.412575],[-93.068231,45.412566],[-93.063189,45.412471],[-93.045211,45.412046],[-93.040249,45.412],[-93.019297,45.411767],[-93.020954,45.440812],[-93.021406,45.46589],[-93.021521,45.47023],[-93.02153,45.470582],[-93.021634,45.476492],[-93.021642,45.477552],[-93.021637,45.484914],[-93.021771,45.48769],[-93.022158,45.495682],[-93.022312,45.498834],[-93.022227,45.505908],[-93.02222,45.511684],[-93.022215,45.515069],[-93.022213,45.516637],[-93.022249,45.526706],[-93.022255,45.528132],[-93.022178,45.554226],[-93.022151,45.557282],[-93.032419,45.557377],[-93.042248,45.55763],[-93.058269,45.55779],[-93.063337,45.557792],[-93.073146,45.557896],[-93.0935,45.55798],[-93.094005,45.557982],[-93.097867,45.558016],[-93.09829,45.55797],[-93.100752,45.557969],[-93.104018,45.557968],[-93.141974,45.558109],[-93.141969,45.565427],[-93.141623,45.578268],[-93.141556,45.580349],[-93.14196,45.588508],[-93.141952,45.614322],[-93.141907,45.618012],[-93.141846,45.622941],[-93.141812,45.62413],[-93.141843,45.627195],[-93.141832,45.630267],[-93.141783,45.644035],[-93.141584,45.701848],[-93.141898,45.716389],[-93.141792,45.73078]]]},"properties":{"name":"Isanti=ISA","type":"county"}},
{"type":"Feature","geometry":{"type":"Polygon","coordinates":[[[-93.081158,47.89187],[-93.125175,47.892933],[-93.145881,47.89269],[-93.160621,47.892899],[-93.16569,47.892971],[-93.167389,47.893062],[-93.407314,47.894385],[-93.409651,47.894397],[-93.443086,47.89463],[-93.466374,47.89502],[-93.572855,47.898151],[-93.596291,47.897829],[-93.724849,47.897376],[-93.724943,47.898744],[-93.775772,47.89895],[-93.77597,47.883252],[-93.776215,47.875372],[-93.776314,47.868675],[-93.776359,47.865247],[-93.776225,47.846404],[-93.858827,47.846782],[-93.86622,47.846816],[-93.906515,47.847198],[-93.971771,47.84744],[-94.03817,47.847246],[-94.124091,47.846616],[-94.165814,47.846512],[-94.24326,47.846074],[-94.24689,47.845949],[-94.250223,47.846001],[-94.2524,47.846088],[-94.268258,47.846124],[-94.268496,47.846101],[-94.288701,47.846023],[-94.350036,47.846285],[-94.36375,47.846348],[-94.418543,47.845816],[-94.418805,47.803231],[-94.418842,47.797163],[-94.41887,47.792444],[-94.41904,47.758929],[-94.419244,47.737468],[-94.419183,47.715028],[-94.418241,47.672047],[-94.417168,47.671998],[-94.417173,47.657716],[-94.41691,47.640395],[-94.416876,47.640258],[-94.416814,47.636482],[-94.416811,47.636328],[-94.416317,47.593873],[-94.415288,47.591378],[-94.41428,47.586491],[-94.414733,47.575923],[-94.414441,47.55785],[-94.415133,47.54348],[-94.415165,47.542805],[-94.414494,47.506257],[-94.414678,47.499953],[-94.415664,47.499953],[-94.416068,47.482921],[-94.416137,47.479493],[-94.415803,47.4741],[-94.416183,47.452139],[-94.41615,47.45054],[-94.416286,47.445924],[-94.416284,47.444827],[-94.412369,47.445555],[-94.409834,47.444475],[-94.407294,47.442621],[-94.403857,47.43944],[-94.403387,47.438177],[-94.404476,47.437578],[-94.40869,47.437019],[-94.410133,47.435976],[-94.410118,47.435508],[-94.40764,47.433936],[-94.399113,47.433766],[-94.3968,47.431927],[-94.395722,47.429981],[-94.395986,47.428248],[-94.395177,47.427984],[-94.385274,47.427567],[-94.384054,47.428311],[-94.383921,47.430253],[-94.382196,47.432086],[-94.37791,47.431976],[-94.373217,47.427069],[-94.363262,47.425206],[-94.353992,47.424591],[-94.346914,47.422673],[-94.336191,47.418277],[-94.327532,47.415844],[-94.322575,47.415618],[-94.297923,47.425278],[-94.117993,47.480741],[-94.09511,47.477969],[-94.079905,47.468475],[-94.073994,47.460985],[-94.061497,47.438162],[-94.051744,47.429882],[-94.051233,47.42962],[-94.043226,47.422134],[-94.042317,47.421174],[-94.042116,47.420146],[-94.037269,47.414888],[-94.032999,47.413004],[-94.031211,47.41235],[-94.028419,47.408144],[-94.030912,47.405494],[-94.036199,47.403278],[-94.04081,47.402731],[-94.042528,47.400469],[-94.042261,47.393613],[-94.040717,47.386893],[-94.039372,47.385453],[-94.039305,47.38447],[-94.042806,47.378781],[-94.043245,47.375513],[-94.042407,47.373351],[-94.039212,47.370837],[-94.037733,47.36862],[-94.038474,47.367203],[-94.038105,47.36494],[-94.035618,47.360072],[-94.029921,47.358239],[-94.026337,47.357784],[-94.024858,47.356687],[-94.024825,47.355727],[-94.025397,47.354927],[-94.024021,47.351361],[-94.017599,47.350148],[-94.016221,47.348662],[-94.014305,47.34761],[-94.008119,47.346716],[-94.006941,47.347104],[-94.006604,47.347812],[-94.003612,47.346942],[-93.986683,47.339173],[-93.987282,47.338926],[-93.985381,47.338227],[-93.985147,47.338878],[-93.983305,47.339699],[-93.978505,47.339271],[-93.974033,47.338015],[-93.971913,47.33509],[-93.972334,47.334867],[-93.974432,47.33365],[-93.972243,47.330493],[-93.955536,47.322136],[-93.954931,47.321405],[-93.955434,47.320536],[-93.953142,47.317512],[-93.95231,47.318216],[-93.945217,47.31832],[-93.943133,47.317291],[-93.943536,47.315349],[-93.943966,47.3147],[-93.944669,47.313803],[-93.942592,47.311015],[-93.940639,47.31132],[-93.941851,47.312967],[-93.942091,47.315052],[-93.940612,47.314823],[-93.939456,47.313539],[-93.939159,47.310695],[-93.939606,47.30989],[-93.937812,47.307921],[-93.936985,47.308473],[-93.933025,47.305711],[-93.933096,47.305306],[-93.933219,47.304965],[-93.933002,47.304579],[-93.930538,47.304749],[-93.930496,47.305281],[-93.93154,47.30623],[-93.929121,47.307052],[-93.928955,47.307912],[-93.929139,47.308596],[-93.928575,47.309081],[-93.923375,47.307669],[-93.922133,47.306115],[-93.923107,47.304584],[-93.922772,47.303007],[-93.921899,47.301795],[-93.919244,47.302389],[-93.919204,47.302974],[-93.916456,47.302549],[-93.91626,47.303773],[-93.915553,47.304299],[-93.914545,47.304262],[-93.915314,47.301726],[-93.914609,47.299623],[-93.912762,47.298228],[-93.91162,47.298068],[-93.910914,47.298502],[-93.910005,47.301656],[-93.908493,47.302501],[-93.904998,47.30266],[-93.903386,47.301723],[-93.901455,47.302201],[-93.896529,47.30629],[-93.892528,47.308871],[-93.89091,47.313945],[-93.890536,47.31911],[-93.890869,47.322515],[-93.890632,47.325052],[-93.88979,47.326537],[-93.88811,47.326239],[-93.885457,47.32377],[-93.885927,47.322122],[-93.88752,47.319853],[-93.886705,47.318994],[-93.882976,47.317529],[-93.876386,47.316712],[-93.876132,47.317575],[-93.876423,47.319846],[-93.875634,47.320646],[-93.865884,47.315448],[-93.861519,47.319427],[-93.856175,47.319224],[-93.855299,47.316847],[-93.85597,47.315727],[-93.855835,47.315041],[-93.855297,47.314196],[-93.854524,47.313991],[-93.850324,47.314221],[-93.848584,47.316853],[-93.847032,47.317101],[-93.845384,47.31669],[-93.845519,47.315365],[-93.847835,47.311982],[-93.847935,47.310473],[-93.842995,47.309903],[-93.842558,47.309401],[-93.842625,47.308212],[-93.843229,47.307161],[-93.839566,47.306179],[-93.827624,47.309008],[-93.824511,47.305851],[-93.82469,47.303698],[-93.822865,47.300696],[-93.82058,47.300559],[-93.817926,47.303667],[-93.814432,47.303096],[-93.812887,47.30241],[-93.810904,47.299279],[-93.809729,47.299439],[-93.809023,47.300627],[-93.810031,47.303941],[-93.812719,47.304787],[-93.815232,47.307007],[-93.815272,47.30705],[-93.815508,47.307735],[-93.814567,47.308284],[-93.80845,47.308009],[-93.80798,47.307461],[-93.808183,47.305358],[-93.807108,47.304536],[-93.805259,47.305472],[-93.804217,47.307118],[-93.802033,47.308009],[-93.800218,47.3081],[-93.798068,47.306409],[-93.794371,47.308625],[-93.792624,47.308922],[-93.787316,47.307137],[-93.784661,47.3086],[-93.782879,47.308348],[-93.780462,47.305262],[-93.77532,47.305557],[-93.774011,47.304985],[-93.774334,47.297932],[-93.77966,47.298816],[-93.783254,47.299389],[-93.785875,47.299299],[-93.787287,47.297791],[-93.787623,47.29658],[-93.786348,47.294385],[-93.787927,47.292237],[-93.788969,47.291415],[-93.789071,47.290866],[-93.788433,47.290455],[-93.782655,47.288762],[-93.777623,47.281607],[-93.776282,47.278064],[-93.777189,47.277356],[-93.78441,47.275689],[-93.784948,47.274387],[-93.785589,47.268879],[-93.787807,47.266983],[-93.789418,47.267623],[-93.791063,47.26712],[-93.789083,47.264812],[-93.78321,47.261931],[-93.782874,47.261336],[-93.78358,47.260536],[-93.784218,47.260125],[-93.789656,47.260218],[-93.797915,47.259419],[-93.798452,47.258917],[-93.799137,47.255507],[-93.803523,47.25261],[-93.805034,47.25069],[-93.805573,47.249107],[-93.804265,47.24513],[-93.804365,47.243919],[-93.806413,47.241519],[-93.807011,47.241373],[-93.811985,47.242685],[-93.807958,47.238343],[-93.807611,47.23724],[-93.807924,47.2364],[-93.810575,47.23576],[-93.810206,47.233543],[-93.809569,47.232857],[-93.808227,47.232629],[-93.803428,47.233497],[-93.80259,47.232651],[-93.801785,47.229703],[-93.802926,47.226983],[-93.802524,47.225955],[-93.799572,47.223532],[-93.800091,47.222102],[-93.800646,47.221132],[-93.80031,47.220584],[-93.79538,47.217406],[-93.793066,47.217314],[-93.785486,47.215347],[-93.784212,47.214547],[-93.782067,47.211735],[-93.775089,47.212738],[-93.773917,47.210909],[-93.773928,47.210313],[-93.773994,47.203954],[-93.774021,47.192345],[-93.774037,47.185747],[-93.77421,47.153408],[-93.774225,47.149715],[-93.774192,47.109595],[-93.774514,47.075578],[-93.774725,47.063949],[-93.775257,47.030418],[-93.713616,47.02977],[-93.699201,47.02955],[-93.677701,47.029235],[-93.653051,47.028921],[-93.600865,47.029593],[-93.583215,47.029507],[-93.579471,47.029439],[-93.571415,47.029257],[-93.557977,47.02944],[-93.44392,47.02843],[-93.379923,47.028232],[-93.358544,47.028168],[-93.319901,47.028272],[-93.316728,47.028284],[-93.314994,47.028224],[-93.28548,47.026999],[-93.252829,47.026411],[-93.191277,47.025194],[-93.190237,47.025205],[-93.187176,47.025247],[-93.172836,47.025361],[-93.098406,47.026475],[-93.093084,47.026328],[-93.055943,47.026415],[-93.056187,47.109279],[-93.066245,47.109319],[-93.065521,47.167094],[-93.065516,47.171684],[-93.065416,47.174359],[-93.065442,47.195942],[-93.065618,47.224664],[-93.065597,47.225524],[-93.065968,47.247441],[-93.065988,47.259091],[-93.06572,47.268296],[-93.065758,47.276585],[-93.065787,47.282832],[-93.06609,47.290054],[-93.065787,47.304591],[-93.065684,47.306327],[-93.064734,47.334336],[-93.064679,47.363899],[-93.06471,47.371578],[-93.066471,47.371598],[-93.066698,47.371601],[-93.067269,47.374934],[-93.068271,47.380505],[-93.068615,47.382141],[-93.069131,47.38597],[-93.069325,47.391477],[-93.069342,47.39202],[-93.069357,47.392472],[-93.069559,47.393477],[-93.0694,47.407818],[-93.069355,47.414822],[-93.069261,47.428917],[-93.069091,47.436376],[-93.06922,47.454537],[-93.069126,47.457768],[-93.067308,47.474154],[-93.067176,47.477422],[-93.065087,47.499932],[-93.064071,47.529012],[-93.064308,47.533651],[-93.064341,47.535114],[-93.064138,47.539753],[-93.064206,47.540805],[-93.06397,47.543502],[-93.06398,47.544432],[-93.063909,47.573386],[-93.062802,47.581155],[-93.062922,47.587564],[-93.062821,47.590856],[-93.062889,47.592295],[-93.062923,47.596981],[-93.06444,47.617318],[-93.06349,47.633138],[-93.062981,47.651224],[-93.062916,47.653532],[-93.062927,47.654772],[-93.062895,47.655961],[-93.062781,47.660259],[-93.062355,47.678185],[-93.062344,47.67845],[-93.061812,47.696242],[-93.061253,47.720187],[-93.082188,47.720383],[-93.082463,47.727759],[-93.082568,47.735438],[-93.083394,47.771078],[-93.083327,47.777706],[-93.083289,47.78063],[-93.083614,47.793103],[-93.083959,47.806338],[-93.084022,47.822041],[-93.08346,47.831714],[-93.081592,47.863451],[-93.081423,47.865439],[-93.080897,47.874926],[-93.081158,47.89187]]]},"properties":{"name":"Itasca=ITA","type":"county"}},
{"type":"Feature","geometry":{"type":"Polygon","coordinates":[[[-94.859359,43.847947],[-94.879353,43.847646],[-94.889646,43.84751],[-94.929136,43.847486],[-94.964137,43.847493],[-94.975075,43.847539],[-94.979339,43.847583],[-94.997283,43.847643],[-94.999298,43.847642],[-94.999463,43.847642],[-95.000267,43.847641],[-95.000267,43.847896],[-95.001251,43.847899],[-95.015163,43.847948],[-95.0308,43.847999],[-95.049597,43.847979],[-95.061786,43.847977],[-95.062327,43.847979],[-95.066718,43.848002],[-95.076069,43.847932],[-95.082016,43.847953],[-95.094296,43.847997],[-95.094525,43.848002],[-95.09539,43.848019],[-95.099729,43.848109],[-95.100582,43.8481],[-95.116156,43.847942],[-95.117893,43.847895],[-95.121652,43.847916],[-95.140769,43.847764],[-95.180633,43.847635],[-95.190331,43.847635],[-95.194333,43.847709],[-95.197596,43.84768],[-95.205273,43.847701],[-95.206884,43.847701],[-95.209411,43.847861],[-95.211432,43.847791],[-95.21576,43.847859],[-95.220877,43.847835],[-95.250273,43.847971],[-95.271333,43.848002],[-95.275977,43.847972],[-95.291145,43.847968],[-95.29573,43.847955],[-95.301121,43.847954],[-95.305415,43.847934],[-95.326043,43.84784],[-95.329707,43.847839],[-95.335872,43.847837],[-95.34032,43.848042],[-95.341067,43.848041],[-95.417977,43.847794],[-95.429884,43.847749],[-95.4525,43.847703],[-95.452637,43.789645],[-95.452326,43.789641],[-95.452235,43.773381],[-95.452161,43.760724],[-95.452919,43.746271],[-95.453036,43.717263],[-95.453031,43.702724],[-95.453078,43.688183],[-95.453183,43.684985],[-95.453117,43.673785],[-95.45402,43.637804],[-95.454112,43.630237],[-95.454233,43.623154],[-95.45427,43.615764],[-95.454321,43.607525],[-95.454386,43.586687],[-95.454686,43.545654],[-95.454526,43.536347],[-95.4544,43.528874],[-95.45449,43.514405],[-95.454438,43.50064422],[-95.434293,43.50036],[-95.434199,43.500314],[-95.387851,43.50024],[-95.387812,43.50024],[-95.375269,43.500322],[-95.374737,43.500314],[-95.335332,43.50036176],[-95.32486598,43.50037444],[-95.250969,43.500464],[-95.250762,43.500406],[-95.244844,43.501196],[-95.214938,43.500885],[-95.180423,43.500774],[-95.167891,43.500885],[-95.167294,43.500771],[-95.154936,43.500449],[-95.122633,43.500755],[-95.114874,43.500667],[-95.09404961,43.50073334],[-95.054289,43.50086],[-95.053504,43.500769],[-95.034,43.500811],[-95.014245,43.500872],[-94.99446,43.500523],[-94.974359,43.500508],[-94.954477,43.500467],[-94.934625,43.50049],[-94.914955,43.50045],[-94.914905,43.50045],[-94.914523,43.50045],[-94.887291,43.500502],[-94.874235,43.500557],[-94.872725,43.500564],[-94.860192,43.500546],[-94.857867,43.500615],[-94.85444404,43.500614],[-94.854631,43.587663],[-94.854499,43.674569],[-94.854453,43.69925],[-94.854454,43.700169],[-94.854403,43.717966],[-94.854493,43.761327],[-94.854493,43.761487],[-94.854457,43.797749],[-94.854459,43.800113],[-94.854431,43.847995],[-94.859359,43.847947]]]},"properties":{"name":"Jackson=JAC","type":"county"}},
{"type":"Feature","geometry":{"type":"Polygon","coordinates":[[[-93.053871,46.15812],[-93.053989,46.158103],[-93.054648,46.158112],[-93.056688,46.158112],[-93.067402,46.15816],[-93.074651,46.157998],[-93.095885,46.158096],[-93.098921,46.15811],[-93.115905,46.158123],[-93.131248,46.158256],[-93.136381,46.158207],[-93.155116,46.158338],[-93.178975,46.15855],[-93.241392,46.1589],[-93.262529,46.159254],[-93.277526,46.159298],[-93.304892,46.158913],[-93.32478,46.158128],[-93.419687,46.154285],[-93.431831,46.153991],[-93.431909,46.14683],[-93.431961,46.142951],[-93.43211,46.139625],[-93.432095,46.134856],[-93.432154,46.12641],[-93.432081,46.118045],[-93.432478,46.067959],[-93.432679,46.01042],[-93.432455,45.984532],[-93.432492,45.981398],[-93.473588,45.981986],[-93.518083,45.981721],[-93.518844,45.965648],[-93.518902,45.951195],[-93.518152,45.92243],[-93.518243,45.908683],[-93.518277,45.893575],[-93.518409,45.890489],[-93.518296,45.87496],[-93.517775,45.866812],[-93.517133,45.850601],[-93.516629,45.825203],[-93.516534,45.821179],[-93.515767,45.800124],[-93.514291,45.767271],[-93.513982,45.748876],[-93.513796,45.736805],[-93.513829,45.736256],[-93.513798,45.734404],[-93.500232,45.734066],[-93.482098,45.733522],[-93.455848,45.732767],[-93.448751,45.732568],[-93.441083,45.732352],[-93.432448,45.73211],[-93.415956,45.731647],[-93.405085,45.731393],[-93.404922,45.731347],[-93.389187,45.730884],[-93.379655,45.73088],[-93.379508,45.730878],[-93.378971,45.730873],[-93.36894,45.730857],[-93.362466,45.730877],[-93.346238,45.730935],[-93.330159,45.730997],[-93.327938,45.731008],[-93.307111,45.731031],[-93.266052,45.73066],[-93.227224,45.730788],[-93.209821,45.730823],[-93.183085,45.730619],[-93.175243,45.730672],[-93.173096,45.730686],[-93.169867,45.730617],[-93.168594,45.730638],[-93.157295,45.73082],[-93.141792,45.73078],[-93.142026,45.759496],[-93.142262,45.790947],[-93.14229,45.795138],[-93.142315,45.802784],[-93.142343,45.810294],[-93.142353,45.817289],[-93.142634,45.882615],[-93.142532,45.896863],[-93.142576,45.904664],[-93.143152,45.980945],[-93.125969,45.980777],[-93.110941,45.981224],[-93.055081,45.981233],[-93.05527,46.010002],[-93.055193,46.024497],[-93.05518,46.029984],[-93.055167,46.035016],[-93.055158,46.038945],[-93.055025,46.053484],[-93.05522,46.071292],[-93.054889,46.085831],[-93.054823,46.093148],[-93.054822,46.093238],[-93.054757,46.09342],[-93.054393,46.107479],[-93.054255,46.115188],[-93.054029,46.12604],[-93.05396,46.143344],[-93.05386,46.150317],[-93.053871,46.15812]]]},"properties":{"name":"Kanabec=KNB","type":"county"}},
{"type":"Feature","geometry":{"type":"Polygon","coordinates":[[[-94.763429,45.326108],[-94.763394,45.333477],[-94.763376,45.355102],[-94.763216,45.387709],[-94.763195,45.412807],[-94.783835,45.412837],[-94.845757,45.412927],[-94.866268,45.41301],[-94.886398,45.412959],[-94.927435,45.412837],[-94.932699,45.412791],[-95.001104,45.412256],[-95.008763,45.412305],[-95.044815,45.412361],[-95.068375,45.412339],[-95.0704,45.41235],[-95.106573,45.412547],[-95.121886,45.412574],[-95.13173,45.412402],[-95.192082,45.412591],[-95.192828,45.412591],[-95.255127,45.412523],[-95.254993,45.398339],[-95.25507,45.393049],[-95.255073,45.392868],[-95.255081,45.3923],[-95.255102,45.39083],[-95.255315,45.373763],[-95.25531,45.373126],[-95.255299,45.355113],[-95.255289,45.33043],[-95.255257,45.325234],[-95.255234,45.320991],[-95.255211,45.311071],[-95.255028,45.299826],[-95.254868,45.296329],[-95.254813,45.253156],[-95.255091,45.23873],[-95.246448,45.238704],[-95.246115,45.229996],[-95.246465,45.224831],[-95.24649,45.218317],[-95.246546,45.210363],[-95.246853,45.195941],[-95.246635,45.174183],[-95.246597,45.165792],[-95.246593,45.164995],[-95.246555,45.152383],[-95.246747,45.12335],[-95.246843,45.065342],[-95.246931,45.058169],[-95.24702,45.050964],[-95.24753,45.022051],[-95.247605,45.017593],[-95.247657,45.014302],[-95.247868,44.99889],[-95.248105,44.978327],[-95.248523,44.920295],[-95.24852,44.917672],[-95.248518,44.915289],[-95.248517,44.914352],[-95.248508,44.905872],[-95.2485,44.899908],[-95.248491,44.891404],[-95.239713,44.891408],[-95.227695,44.89138],[-95.217839,44.891366],[-95.216661,44.891364],[-95.196533,44.891297],[-95.18735,44.891348],[-95.186658,44.891352],[-95.186541,44.891351],[-95.184278,44.891329],[-95.183535,44.891324],[-95.176913,44.891339],[-95.176276,44.891342],[-95.166368,44.891395],[-95.159004,44.891394],[-95.151108,44.891445],[-95.150877,44.891447],[-95.124972,44.891538],[-95.118112,44.891585],[-95.104968,44.891571],[-95.100755,44.891533],[-95.100562,44.891531],[-95.09754,44.891505],[-95.06413,44.891534],[-95.061799,44.891527],[-95.045407,44.891536],[-95.037054,44.891554],[-95.032625,44.891598],[-95.023613,44.891687],[-95.003225,44.891793],[-94.995916,44.891768],[-94.993066,44.891794],[-94.962505,44.891781],[-94.943266,44.891907],[-94.894008,44.892369],[-94.890053,44.892436],[-94.883461,44.892228],[-94.880277,44.892181],[-94.874381,44.892244],[-94.860013,44.892275],[-94.758198,44.892066],[-94.758054,44.921183],[-94.758041,44.923911],[-94.758072,44.925077],[-94.758102,44.926974],[-94.757669,44.979369],[-94.757659,45.004118],[-94.757607,45.008198],[-94.757462,45.0294],[-94.757458,45.0298],[-94.757483,45.032758],[-94.757481,45.032836],[-94.757464,45.033398],[-94.757397,45.035751],[-94.757354,45.037298],[-94.757116,45.051677],[-94.757134,45.06633],[-94.757179,45.124416],[-94.757256,45.131632],[-94.757257,45.138892],[-94.75718,45.153408],[-94.757263,45.16758],[-94.757364,45.182433],[-94.757463,45.196771],[-94.757665,45.210576],[-94.757676,45.211333],[-94.757695,45.225551],[-94.757684,45.239129],[-94.763307,45.239136],[-94.763456,45.246187],[-94.763469,45.247269],[-94.763556,45.25361],[-94.763571,45.264554],[-94.763576,45.268193],[-94.763566,45.279354],[-94.763507,45.288115],[-94.76352,45.297361],[-94.763443,45.301436],[-94.763385,45.30447],[-94.763429,45.326108]]]},"properties":{"name":"Kandiyohi=KND","type":"county"}},
{"type":"Feature","geometry":{"type":"Polygon","coordinates":[[[-96.40540798,48.999984],[-96.53616103,48.999984],[-96.66915102,48.999984],[-96.80016186,48.999984],[-96.8017139,48.999984],[-96.93096,48.999984],[-97.06239135,49.00029397],[-97.229039,49.000687],[-97.23139723,48.99721167],[-97.2314901,48.99599491],[-97.23107331,48.99498651],[-97.23040347,48.99336585],[-97.23083323,48.99130297],[-97.23327063,48.98961811],[-97.23378524,48.98926239],[-97.234214,48.988966],[-97.237297,48.985696],[-97.238387,48.982631],[-97.23816617,48.97806314],[-97.238025,48.975143],[-97.239209,48.968684],[-97.238882,48.966573],[-97.237541,48.965341],[-97.23249083,48.9638967],[-97.23146038,48.9624369],[-97.23085929,48.96089123],[-97.23085929,48.95901001],[-97.23085929,48.95822924],[-97.23103028,48.95732398],[-97.23231909,48.95050088],[-97.23214735,48.94895521],[-97.22882778,48.94656513],[-97.22785381,48.94586387],[-97.22682337,48.94354536],[-97.22676161,48.94284129],[-97.22639401,48.93865074],[-97.22450486,48.93409959],[-97.22064487,48.93256695],[-97.21866566,48.93178109],[-97.21754934,48.92989193],[-97.21746347,48.9276593],[-97.219185,48.92486],[-97.21909501,48.92207771],[-97.217992,48.919735],[-97.212926,48.918033],[-97.211161,48.916649],[-97.210809,48.91395],[-97.212553,48.90986],[-97.21260949,48.90922609],[-97.21266998,48.90854722],[-97.212706,48.908143],[-97.21261798,48.90799042],[-97.21074659,48.90474639],[-97.210541,48.90439],[-97.21024488,48.90420722],[-97.207688,48.902629],[-97.19885652,48.89983115],[-97.19798197,48.89833191],[-97.19810691,48.89395916],[-97.19909226,48.89244828],[-97.19998095,48.89108563],[-97.19956667,48.89025708],[-97.1991459,48.88941554],[-97.19785704,48.8868378],[-97.19792516,48.88574781],[-97.19798197,48.88483883],[-97.19885652,48.88221517],[-97.19798197,48.88034113],[-97.19596684,48.87906489],[-97.19048582,48.87559357],[-97.18773722,48.87459408],[-97.18623799,48.87346966],[-97.18573825,48.8722203],[-97.18720478,48.86804631],[-97.18736241,48.86759767],[-97.18711254,48.86609843],[-97.18548838,48.86484907],[-97.18285336,48.86390047],[-97.18236498,48.86372465],[-97.18011613,48.86160074],[-97.179071,48.856866],[-97.17561843,48.8531051],[-97.17561843,48.84985676],[-97.17645781,48.84855955],[-97.17699273,48.84773285],[-97.1772426,48.84648349],[-97.17613765,48.84500473],[-97.174355,48.842619],[-97.173811,48.838309],[-97.174275,48.837261],[-97.175727,48.836158],[-97.180366,48.8343647],[-97.18111562,48.83274053],[-97.18099068,48.82899245],[-97.17902656,48.82646291],[-97.177747,48.824815],[-97.17898637,48.82135707],[-97.18002837,48.81844986],[-97.1786113,48.81583947],[-97.17704507,48.81412408],[-97.174045,48.812108],[-97.17096659,48.81149413],[-97.16849709,48.81100168],[-97.16562356,48.80962738],[-97.16487394,48.80825309],[-97.16487394,48.80712867],[-97.1659212,48.80527336],[-97.1659212,48.80484557],[-97.1659212,48.80383609],[-97.1659212,48.8037922],[-97.16453363,48.80111986],[-97.16369946,48.79951331],[-97.16358892,48.79652868],[-97.16353489,48.79506984],[-97.16295888,48.7929304],[-97.16123087,48.79177839],[-97.158102,48.791145],[-97.15718542,48.79012668],[-97.157093,48.790024],[-97.15714614,48.78984708],[-97.157797,48.78768],[-97.15779709,48.78763405],[-97.15780431,48.78410382],[-97.15706674,48.78312039],[-97.15571508,48.7825572],[-97.15411646,48.78189111],[-97.15325596,48.78103061],[-97.15383814,48.77788686],[-97.15387061,48.77771155],[-97.15485403,48.77672812],[-97.15522281,48.77549884],[-97.15485403,48.77451541],[-97.15387061,48.77328613],[-97.152588,48.772602],[-97.15243231,48.77240185],[-97.14747833,48.76603336],[-97.14747833,48.76369773],[-97.14909735,48.76103419],[-97.15128911,48.75742839],[-97.15104325,48.75570739],[-97.15005983,48.75472397],[-97.14317584,48.75091319],[-97.14306232,48.75078074],[-97.139488,48.7466107],[-97.13958752,48.73974416],[-97.13961093,48.73812865],[-97.13899629,48.73665352],[-97.13552407,48.73466493],[-97.13534122,48.73456021],[-97.13484685,48.7333243],[-97.13509404,48.72974018],[-97.13565604,48.72861617],[-97.13608276,48.72776274],[-97.1355884,48.72640324],[-97.1342289,48.72516734],[-97.126398,48.721101],[-97.124328,48.719166],[-97.12323398,48.71718324],[-97.121253,48.713593],[-97.11618471,48.70934778],[-97.11692626,48.70502211],[-97.11766862,48.70441076],[-97.11902729,48.70329185],[-97.11829701,48.70061414],[-97.11828575,48.70057286],[-97.108655,48.691484],[-97.0986967,48.68753408],[-97.09758438,48.68629818],[-97.0973372,48.68518587],[-97.09770798,48.68394996],[-97.09858432,48.68298136],[-97.10005619,48.68135456],[-97.10067414,48.6796243],[-97.099811,48.671377],[-97.100009,48.667926],[-97.10153928,48.6667709],[-97.10265159,48.66479346],[-97.10172777,48.66346547],[-97.10067414,48.66195088],[-97.10055056,48.65861394],[-97.10179,48.656294],[-97.104566,48.654416],[-97.10591,48.652632],[-97.107814,48.647728],[-97.11117932,48.64452464],[-97.11192086,48.64291797],[-97.109651,48.638888],[-97.10859622,48.63544215],[-97.108276,48.634396],[-97.108466,48.632658],[-97.109515,48.631453],[-97.1104801,48.63089255],[-97.1104846,48.63088993],[-97.111559,48.630266],[-97.115043,48.629821],[-97.12081937,48.6310533],[-97.12526862,48.6296938],[-97.12588657,48.62907585],[-97.12588657,48.62697481],[-97.12537878,48.62650374],[-97.124175,48.625387],[-97.1241613,48.62518292],[-97.12403273,48.62326711],[-97.12477426,48.62153684],[-97.1256394,48.62091889],[-97.12785155,48.62104179],[-97.13008865,48.62116607],[-97.13132455,48.61906503],[-97.13113337,48.61830032],[-97.1307066,48.61659323],[-97.13144814,48.61399783],[-97.13292326,48.6133832],[-97.13293122,48.61337988],[-97.13614457,48.61325629],[-97.13750407,48.61226756],[-97.13824561,48.6093014],[-97.13793786,48.60859796],[-97.13738048,48.60732395],[-97.13824561,48.60423419],[-97.14000164,48.60139109],[-97.14084101,48.60003212],[-97.14281845,48.59842545],[-97.14368358,48.59706595],[-97.14393076,48.59459415],[-97.142237,48.592595],[-97.141585,48.59082],[-97.142915,48.583733],[-97.143654,48.582358],[-97.144922,48.581452],[-97.148429,48.581028],[-97.14973952,48.57951612],[-97.14962755,48.5771648],[-97.14961592,48.57692073],[-97.14887439,48.57506687],[-97.14899798,48.57197712],[-97.14961592,48.56987608],[-97.151638,48.56763],[-97.15370359,48.56701764],[-97.15740211,48.56592119],[-97.15863802,48.56406733],[-97.15876161,48.56011244],[-97.15826725,48.55875295],[-97.15657116,48.55728301],[-97.15641339,48.55714628],[-97.15394159,48.55603396],[-97.15221133,48.55393293],[-97.15245851,48.55232625],[-97.15344723,48.55121394],[-97.155791,48.551173],[-97.16086265,48.54923649],[-97.16209855,48.54812418],[-97.1627165,48.54676469],[-97.163105,48.543855],[-97.156264,48.543923],[-97.041618,48.544221],[-96.911454,48.543305],[-96.780463,48.543484],[-96.758584,48.543589],[-96.715154,48.543574],[-96.693197,48.543649],[-96.671249,48.543648],[-96.649552,48.543663],[-96.627697,48.543677],[-96.566607,48.543512],[-96.545187,48.543268],[-96.544072,48.543233],[-96.542528,48.54319],[-96.517825,48.543579],[-96.497121,48.543314],[-96.489932,48.543386],[-96.47653,48.543477],[-96.453433,48.543625],[-96.409983,48.543966],[-96.390622,48.544197],[-96.387833,48.544231],[-96.388127,48.558597],[-96.388234,48.587742],[-96.389148,48.602224],[-96.388963,48.613918],[-96.387917,48.631181],[-96.388151,48.63817],[-96.387901,48.646164],[-96.38772,48.654934],[-96.388148,48.66008],[-96.387694,48.688455],[-96.387561,48.69674],[-96.386633,48.702944],[-96.387481,48.717219],[-96.404981,48.717203],[-96.404866,48.731798],[-96.405338,48.74653],[-96.404633,48.775581],[-96.404665,48.805285],[-96.404716,48.850427],[-96.404984,48.869901],[-96.405,48.871],[-96.405046,48.874979],[-96.405384,48.892453],[-96.405598,48.980384],[-96.405554,48.994088],[-96.40540798,48.999984]]]},"properties":{"name":"Kittson=KIT","type":"county"}},
{"type":"Feature","geometry":{"type":"Polygon","coordinates":[[[-94.43027345,48.70097105],[-94.430141,48.696031],[-94.430211,48.691758],[-94.430212,48.685224],[-94.430109,48.678027],[-94.430111,48.65624],[-94.429807,48.63681],[-94.429676,48.6284],[-94.429572,48.621111],[-94.429582,48.607593],[-94.42949,48.606965],[-94.429074,48.59865],[-94.429041,48.596919],[-94.429007,48.595132],[-94.429007,48.591505],[-94.430075,48.540533],[-94.430139,48.533737],[-94.43021,48.526352],[-94.430349,48.511967],[-94.430167,48.504886],[-94.430185,48.499965],[-94.430167,48.497671],[-94.43014,48.494126],[-94.43003,48.479742],[-94.430002,48.476212],[-94.429505,48.454184],[-94.429552,48.443483],[-94.429603,48.439347],[-94.429593,48.425257],[-94.429522,48.417997],[-94.429254,48.396192],[-94.429175,48.389148],[-94.428702,48.367333],[-94.425772,48.367338],[-94.424615,48.279076],[-94.422563,48.157065],[-94.422734,48.1567],[-94.422776,48.13462],[-94.423321,48.134559],[-94.423162,48.105776],[-94.423166,48.091427],[-94.423511,48.076346],[-94.423682,48.073924],[-94.42361,48.019808],[-94.41776,48.019811],[-94.41754,48.003385],[-94.417649,47.992429],[-94.417702,47.940306],[-94.417636,47.933112],[-94.417636,47.932937],[-94.417745,47.918576],[-94.417713,47.913891],[-94.417714,47.91376],[-94.417784,47.907036],[-94.418605,47.874956],[-94.418543,47.845816],[-94.36375,47.846348],[-94.350036,47.846285],[-94.288701,47.846023],[-94.268496,47.846101],[-94.268258,47.846124],[-94.2524,47.846088],[-94.250223,47.846001],[-94.24689,47.845949],[-94.24326,47.846074],[-94.165814,47.846512],[-94.124091,47.846616],[-94.03817,47.847246],[-93.971771,47.84744],[-93.906515,47.847198],[-93.86622,47.846816],[-93.858827,47.846782],[-93.776225,47.846404],[-93.776359,47.865247],[-93.776314,47.868675],[-93.776215,47.875372],[-93.77597,47.883252],[-93.775772,47.89895],[-93.724943,47.898744],[-93.724849,47.897376],[-93.596291,47.897829],[-93.572855,47.898151],[-93.466374,47.89502],[-93.443086,47.89463],[-93.409651,47.894397],[-93.407314,47.894385],[-93.167389,47.893062],[-93.16569,47.892971],[-93.160621,47.892899],[-93.145881,47.89269],[-93.125175,47.892933],[-93.081158,47.89187],[-93.081194,47.89418],[-93.081315,47.91861],[-93.081409,47.930082],[-93.081311,47.942788],[-93.080983,47.962221],[-93.080723,47.978363],[-93.088265,47.978345],[-93.088201,47.985704],[-93.087558,47.992606],[-93.088423,48.00468],[-93.088795,48.007451],[-93.088984,48.067923],[-93.096488,48.067826],[-93.09689,48.088851],[-93.097237,48.142361],[-93.096886,48.155871],[-93.097135,48.174706],[-93.097105,48.179348],[-93.097666,48.24247],[-93.094813,48.242516],[-93.095175,48.249922],[-93.09446,48.334188],[-93.094422,48.336437],[-93.093473,48.409425],[-93.092283,48.414642],[-93.091889,48.435199],[-93.090651,48.499919],[-93.090345,48.546774],[-93.090317,48.548566],[-93.089715,48.596447],[-93.088438,48.627597],[-93.14242,48.624924],[-93.17580196,48.62344088],[-93.17582412,48.62343989],[-93.178095,48.623339],[-93.17999,48.624926],[-93.184091,48.628375],[-93.207398,48.642474],[-93.254854,48.642784],[-93.347528,48.62662],[-93.348183,48.626414],[-93.349095,48.624935],[-93.35281336,48.61644982],[-93.353138,48.615709],[-93.35316551,48.61508029],[-93.35324,48.613378],[-93.354135,48.61235],[-93.35541,48.611595],[-93.35641,48.611778],[-93.362132,48.613832],[-93.367025,48.608283],[-93.367666,48.60702],[-93.371156,48.605085],[-93.383807,48.605149],[-93.39394005,48.60348109],[-93.3943621,48.60341162],[-93.395022,48.603303],[-93.398974,48.603905],[-93.40239426,48.60659683],[-93.40366,48.607593],[-93.404205,48.609351],[-93.405269,48.609344],[-93.40856,48.608415],[-93.414026,48.605605],[-93.41470648,48.60534931],[-93.425483,48.6013],[-93.428328,48.599777],[-93.43005615,48.59839787],[-93.4312311,48.59746021],[-93.434141,48.595138],[-93.438494,48.59338],[-93.45217574,48.59253834],[-93.464308,48.591792],[-93.465199,48.590659],[-93.46549162,48.58943925],[-93.466007,48.587291],[-93.461731,48.57403],[-93.45738909,48.56769924],[-93.457046,48.567199],[-93.45698714,48.56634788],[-93.456675,48.561834],[-93.458246,48.555291],[-93.460798,48.550552],[-93.465392,48.546668],[-93.467504,48.545664],[-93.481471,48.543146],[-93.48239924,48.54304941],[-93.48292333,48.54299487],[-93.500153,48.541202],[-93.515457,48.534792],[-93.518691,48.533997],[-93.532087,48.532453],[-93.540369,48.529877],[-93.547191,48.528684],[-93.562062,48.528897],[-93.578333,48.52652],[-93.580711,48.526667],[-93.587957,48.528881],[-93.594379,48.528793],[-93.598212,48.527154],[-93.603752,48.523326],[-93.60587,48.522472],[-93.6072924,48.52222904],[-93.60900135,48.52193714],[-93.610618,48.521661],[-93.612844,48.521876],[-93.618321,48.52397],[-93.622333,48.52651],[-93.626447,48.530985],[-93.628865,48.53121],[-93.632327,48.530092],[-93.635476,48.527702],[-93.638199,48.522533],[-93.64144,48.519238],[-93.643091,48.518294],[-93.645397,48.517281],[-93.656652,48.515731],[-93.674568,48.516297],[-93.690901,48.514588],[-93.694676,48.514774],[-93.703303,48.51715],[-93.70541657,48.5174679],[-93.70776424,48.51782102],[-93.709147,48.518029],[-93.71077026,48.51795081],[-93.71384454,48.51780274],[-93.71816551,48.51759461],[-93.71998324,48.51750706],[-93.72368,48.517329],[-93.72772952,48.51764783],[-93.732139,48.517995],[-93.7352825,48.51778509],[-93.74108666,48.51739751],[-93.741843,48.517347],[-93.74276257,48.51716249],[-93.752942,48.51512],[-93.756483,48.515366],[-93.763176,48.516118],[-93.771741,48.515825],[-93.784657,48.51549],[-93.794454,48.516021],[-93.797436,48.518356],[-93.80152,48.520551],[-93.812149,48.524778],[-93.815178,48.526508],[-93.818253,48.530046],[-93.818853,48.532669],[-93.818375,48.534442],[-93.817572,48.535833],[-93.812223,48.540509],[-93.811201,48.542385],[-93.811303,48.545543],[-93.812278,48.549111],[-93.812098,48.550664],[-93.808973,48.555897],[-93.806748,48.561779],[-93.805369,48.568393],[-93.80527,48.570299],[-93.806763,48.577616],[-93.807984,48.580297],[-93.812037,48.584944],[-93.818518,48.595314],[-93.81989376,48.60281096],[-93.820067,48.603755],[-93.82071761,48.6050961],[-93.822644,48.609067],[-93.824144,48.610724],[-93.827959,48.613001],[-93.834323,48.624954],[-93.837392,48.627098],[-93.840754,48.628548],[-93.844008,48.629395],[-93.851618,48.630108],[-93.88075209,48.63066154],[-93.886934,48.630779],[-93.91153,48.634673],[-93.914357,48.63432],[-93.915494,48.632667],[-93.916649,48.632156],[-93.927004,48.63122],[-93.944221,48.632294],[-93.954413,48.633744],[-93.960632,48.636496],[-93.963375,48.637151],[-93.976535,48.637573],[-93.990082,48.639738],[-94.000675,48.642777],[-94.006933,48.643193],[-94.029491,48.640861],[-94.035616,48.641018],[-94.043187,48.643416],[-94.052452,48.64402],[-94.060267,48.643115],[-94.064243,48.643717],[-94.065775,48.646104],[-94.071357,48.645895],[-94.076675,48.644203],[-94.091244,48.643669],[-94.099898,48.645863],[-94.110031,48.644192],[-94.126336,48.644447],[-94.138682,48.645714],[-94.157387,48.645766],[-94.167725,48.648104],[-94.16900121,48.64824462],[-94.169003,48.64824482],[-94.188581,48.650402],[-94.199517,48.650996],[-94.214448,48.649382],[-94.224276,48.649527],[-94.233575,48.652336],[-94.244394,48.653442],[-94.246841,48.654224],[-94.250191,48.656323],[-94.250497,48.656654],[-94.254577,48.661375],[-94.254643,48.663888],[-94.250623,48.678236],[-94.251169,48.683514],[-94.252753,48.686325],[-94.25813,48.691834],[-94.260541,48.696381],[-94.264473,48.698919],[-94.274345,48.699882],[-94.281797,48.705255],[-94.28247317,48.70544348],[-94.290737,48.707747],[-94.298958,48.70890385],[-94.308446,48.710239],[-94.328434,48.704481],[-94.342758,48.703382],[-94.353046,48.704132],[-94.368583,48.706434],[-94.378216,48.710272],[-94.384221,48.711806],[-94.388848,48.711945],[-94.406318,48.710535],[-94.416191,48.710948],[-94.418919,48.710172],[-94.421405,48.708756],[-94.424203,48.705352],[-94.43027345,48.70097105]]]},"properties":{"name":"Koochiching=KOO","type":"county"}},
{"type":"Feature","geometry":{"type":"Polygon","coordinates":[[[-96.103614,45.176675],[-96.105315,45.17766],[-96.105918,45.182566],[-96.108183,45.184523],[-96.114374,45.186893],[-96.12412,45.188981],[-96.136775,45.19361],[-96.137266,45.194739],[-96.139746,45.195688],[-96.14111,45.195373],[-96.147699,45.190958],[-96.150278,45.189924],[-96.165972,45.192426],[-96.17268,45.192718],[-96.174402,45.194514],[-96.179659,45.196661],[-96.183629,45.197624],[-96.197742,45.203389],[-96.204901,45.205719],[-96.206803,45.206878],[-96.209711,45.209793],[-96.211209,45.213218],[-96.216074,45.216549],[-96.217216,45.217893],[-96.219027,45.2194],[-96.223586,45.220816],[-96.224718,45.220633],[-96.226075,45.219604],[-96.230439,45.218186],[-96.231894,45.218163],[-96.237101,45.219829],[-96.23917,45.220011],[-96.240494,45.218571],[-96.242789,45.217861],[-96.244406,45.218729],[-96.249806,45.219252],[-96.2524,45.218473],[-96.252853,45.218884],[-96.252011,45.219958],[-96.258862,45.223572],[-96.261837,45.223345],[-96.263196,45.222363],[-96.267303,45.221725],[-96.275062,45.222757],[-96.276646,45.22374],[-96.280845,45.230711],[-96.281781,45.233613],[-96.28469,45.236745],[-96.287149,45.236951],[-96.288442,45.237911],[-96.288635,45.239534],[-96.28789,45.24143],[-96.28378,45.245041],[-96.283423,45.246937],[-96.290895,45.248882],[-96.298367,45.248792],[-96.302734,45.249135],[-96.306668,45.249965],[-96.30746,45.249965],[-96.30791,45.247673],[-96.308654,45.247239],[-96.313345,45.247651],[-96.313151,45.24909],[-96.314289,45.250829],[-96.316683,45.252566],[-96.318948,45.250646],[-96.318993,45.249965],[-96.32006,45.249965],[-96.320306,45.251217],[-96.321989,45.252337],[-96.322797,45.252062],[-96.322344,45.250714],[-96.328038,45.250485],[-96.335244,45.254823],[-96.339252,45.256091],[-96.345965,45.256766],[-96.34831,45.25609],[-96.353969,45.255781],[-96.356142,45.256388],[-96.356101,45.257678],[-96.357365,45.258557],[-96.365448,45.25703],[-96.368642,45.257589],[-96.368808,45.257671],[-96.369136,45.25912],[-96.372014,45.260571],[-96.376032,45.260933],[-96.381826,45.259313],[-96.400011,45.257744],[-96.401144,45.256762],[-96.403863,45.256648],[-96.40726,45.257243],[-96.410461,45.260078],[-96.410849,45.260284],[-96.412208,45.260992],[-96.416543,45.262639],[-96.417707,45.266638],[-96.418936,45.267781],[-96.426444,45.268627],[-96.427544,45.267691],[-96.430036,45.268536],[-96.430763,45.269352],[-96.452949,45.269059],[-96.452315,45.208986],[-96.452152,45.204849],[-96.452162,45.203109],[-96.452304,45.178563],[-96.45232645,45.15359745],[-96.452353,45.124071],[-96.452418,45.122677],[-96.452026,45.095138],[-96.452219,45.093836],[-96.45221623,45.080836],[-96.45221325,45.06685451],[-96.45221307,45.06602326],[-96.45221,45.051602],[-96.452177,45.050185],[-96.45224,45.042347],[-96.45209643,44.97941807],[-96.452092,44.977475],[-96.452347,44.962734],[-96.452047,44.910695],[-96.451853,44.906672],[-96.45198643,44.89248003],[-96.452009,44.89008],[-96.451559,44.805468],[-96.338699,44.805051],[-96.235745,44.805364],[-96.218917,44.805527],[-96.215619,44.805507],[-96.195748,44.805418],[-96.184574,44.805466],[-96.184,44.805486],[-96.175429,44.805371],[-96.16872,44.805312],[-96.134825,44.805106],[-96.113915,44.805064],[-96.093051,44.804866],[-95.970483,44.804999],[-95.950999,44.805003],[-95.947084,44.805095],[-95.93999,44.805073],[-95.910172,44.80507],[-95.869298,44.805216],[-95.861178,44.805264],[-95.848819,44.805339],[-95.847587,44.891744],[-95.839282,44.891766],[-95.767957,44.891694],[-95.746471,44.891433],[-95.737694,44.891552],[-95.737308,44.891483],[-95.737434,44.895109],[-95.737296,44.913125],[-95.737084,44.927566],[-95.737088,44.931817],[-95.737015,44.936136],[-95.739634,44.937186],[-95.741888,44.939196],[-95.741535,44.93995],[-95.74189,44.940818],[-95.744456,44.944617],[-95.746624,44.944906],[-95.750897,44.94356],[-95.755689,44.946236],[-95.757812,44.946877],[-95.758391,44.946877],[-95.758617,44.94626],[-95.75566,44.943036],[-95.755597,44.942054],[-95.757656,44.941598],[-95.76068,44.941896],[-95.761162,44.942582],[-95.761129,44.94345],[-95.761869,44.944273],[-95.768721,44.94791],[-95.769783,44.947842],[-95.770266,44.947157],[-95.770236,44.943912],[-95.770622,44.943363],[-95.772457,44.942313],[-95.775128,44.941994],[-95.776994,44.942383],[-95.780081,44.946063],[-95.790441,44.949356],[-95.79176,44.948784],[-95.7916,44.947916],[-95.79263,44.946774],[-95.803892,44.949037],[-95.80991,44.952693],[-95.810811,44.953722],[-95.810393,44.95443],[-95.806756,44.95475],[-95.810296,44.958955],[-95.811056,44.960677],[-95.81197,44.9614],[-95.815703,44.961354],[-95.818793,44.960737],[-95.820338,44.961285],[-95.822044,44.962702],[-95.823268,44.964758],[-95.823913,44.969694],[-95.824108,44.977349],[-95.823545,44.978469],[-95.825365,44.981188],[-95.825204,44.981576],[-95.823465,44.981759],[-95.82469,44.986329],[-95.826172,44.988363],[-95.828552,44.989233],[-95.830183,44.990018],[-95.829523,44.990145],[-95.829979,44.990897],[-95.831165,44.990807],[-95.834274,44.993116],[-95.833932,44.993751],[-95.834934,44.993891],[-95.836337,44.994889],[-95.836398,44.996283],[-95.837673,44.996038],[-95.84141,44.998939],[-95.847009,45.002142],[-95.858242,45.006401],[-95.858682,45.006509],[-95.861669,45.00737],[-95.860575,45.008788],[-95.863639,45.012534],[-95.866603,45.012981],[-95.866834,45.017537],[-95.869184,45.021787],[-95.869836,45.024162],[-95.871577,45.025258],[-95.874996,45.023816],[-95.876012,45.022929],[-95.880392,45.023914],[-95.884416,45.028874],[-95.884029,45.029697],[-95.882524,45.03186],[-95.894781,45.036487],[-95.961705,45.084336],[-95.962905,45.085697],[-95.980355,45.09756],[-95.992883,45.110801],[-95.995448,45.1115],[-95.998922,45.111563],[-96.000461,45.112336],[-96.000318,45.116242],[-95.999819,45.116001],[-95.999127,45.116583],[-95.999804,45.119328],[-96.003403,45.122313],[-96.007787,45.123763],[-96.011234,45.123385],[-96.012472,45.123726],[-96.013834,45.125604],[-96.014492,45.127512],[-96.022496,45.137126],[-96.02475,45.136152],[-96.025718,45.136471],[-96.028474,45.141684],[-96.032145,45.145847],[-96.036851,45.150143],[-96.036698,45.152206],[-96.04184,45.156074],[-96.04725,45.158207],[-96.048864,45.158379],[-96.052791,45.157672],[-96.053511,45.156453],[-96.056283,45.156467],[-96.063433,45.160415],[-96.064018,45.161227],[-96.075228,45.165644],[-96.077526,45.165878],[-96.079556,45.16529],[-96.084389,45.165852],[-96.088945,45.167463],[-96.0929,45.169149],[-96.093903,45.171168],[-96.09672,45.174204],[-96.103614,45.176675]]]},"properties":{"name":"LacQuiParle=LAC","type":"county"}},
{"type":"Feature","geometry":{"type":"Polygon","coordinates":[[[-96.453067,45.298115],[-96.450408,45.29814],[-96.449405,45.298636],[-96.451554,45.3015],[-96.454094,45.301546],[-96.453067,45.298115]]]},"properties":{"name":"LacQuiParle=LAC 2","type":"county"}},
{"type":"Feature","geometry":{"type":"Polygon","coordinates":[[[-91.031761,48.188479],[-91.0348,48.188956],[-91.03555,48.189459],[-91.035858,48.189436],[-91.043613,48.189163],[-91.056562,48.187566],[-91.062918,48.185213],[-91.065549,48.181215],[-91.07566,48.179204],[-91.080408,48.179272],[-91.08116,48.180414],[-91.082731,48.180756],[-91.088708,48.177351],[-91.092258,48.173101],[-91.097892,48.171157],[-91.108887,48.168436],[-91.114862,48.166057],[-91.117965,48.162081],[-91.120047,48.160412],[-91.13858,48.155844],[-91.13940166,48.15473784],[-91.13940166,48.15318637],[-91.138482,48.151458],[-91.138311,48.151024],[-91.137733,48.14915],[-91.156107,48.140475],[-91.176181,48.125811],[-91.183207,48.122235],[-91.190461,48.124891],[-91.214428,48.10294],[-91.226203,48.099671],[-91.234932,48.095923],[-91.250112,48.084087],[-91.26638,48.078713],[-91.275961,48.078488],[-91.290215,48.073945],[-91.302625,48.073033],[-91.311829,48.072942],[-91.314693,48.073422],[-91.324784,48.072599],[-91.327886,48.071388],[-91.328738,48.070588],[-91.330033,48.069811],[-91.332589,48.069331],[-91.336578,48.069627],[-91.336715,48.070884],[-91.340159,48.073236],[-91.350521,48.07168],[-91.365143,48.066968],[-91.370872,48.06941],[-91.379463,48.065295],[-91.391128,48.057075],[-91.413862,48.053518],[-91.429642,48.048608],[-91.437582,48.049248],[-91.438877,48.049979],[-91.438093,48.052104],[-91.447125,48.063186],[-91.44658,48.06739],[-91.45033,48.068806],[-91.465499,48.06677],[-91.488646,48.068065],[-91.542512,48.053268],[-91.567254,48.043719],[-91.575672,48.048791],[-91.573015,48.057292],[-91.575471,48.066294],[-91.569746,48.093348],[-91.552962,48.103012],[-91.559272,48.108268],[-91.575853,48.106509],[-91.588953,48.102166],[-91.615255,48.101906],[-91.640175,48.096926],[-91.653571,48.109567],[-91.651624,48.112742],[-91.652204,48.113725],[-91.653261,48.114137],[-91.662647,48.111489],[-91.663092,48.108861],[-91.665208,48.107011],[-91.667527,48.108359],[-91.671519,48.10836],[-91.676876,48.107264],[-91.680902,48.108111],[-91.687623,48.111698],[-91.683801,48.117731],[-91.682845,48.122118],[-91.692366,48.11933],[-91.691512,48.117617],[-91.692843,48.11636],[-91.703524,48.113548],[-91.71191052,48.11470261],[-91.711986,48.114713],[-91.712498,48.115718],[-91.712226,48.116883],[-91.708099,48.122985],[-91.704143,48.124894],[-91.699981,48.13184],[-91.698174,48.141643],[-91.698448,48.143791],[-91.699336,48.144728],[-91.701691,48.144773],[-91.703569,48.14539],[-91.708523,48.152701],[-91.70726,48.153661],[-91.705109,48.159716],[-91.705318,48.170775],[-91.709383,48.172717],[-91.717548,48.171801],[-91.723285,48.169263],[-91.724584,48.170657],[-91.722574,48.178335],[-91.721413,48.180255],[-91.71243,48.1875],[-91.711611,48.1891],[-91.710519,48.193898],[-91.71471557,48.19887453],[-91.714931,48.19913],[-91.71507496,48.19916034],[-91.738861,48.204173],[-91.742313,48.204491],[-91.741932,48.199122],[-91.744973,48.198458],[-91.749075,48.198844],[-91.753939,48.201198],[-91.75663716,48.20502174],[-91.760874,48.204789],[-91.763236,48.201499],[-91.764672,48.200586],[-91.781182,48.200432],[-91.78614,48.196412],[-91.789011,48.196549],[-91.7917502,48.20236503],[-91.79181,48.202492],[-91.79672025,48.20274263],[-91.798099,48.202813],[-91.79825201,48.20285776],[-91.798594,48.148383],[-91.7985,48.122222],[-91.800148,48.083737],[-91.800153,48.064741],[-91.800154,48.005429],[-91.799145,47.976882],[-91.797961,47.94905],[-91.797882,47.932411],[-91.797842,47.924307],[-91.797795,47.918966],[-91.796764,47.911892],[-91.79794,47.904333],[-91.798619,47.86896],[-91.798627,47.868685],[-91.800067,47.831861],[-91.800027,47.803058],[-91.799114,47.732178],[-91.798174,47.716294],[-91.795685,47.688236],[-91.795423,47.674312],[-91.795798,47.666164],[-91.794642,47.657952],[-91.793583,47.639078],[-91.793164,47.633459],[-91.792893,47.629834],[-91.790546,47.586328],[-91.7892,47.579232],[-91.788994,47.567181],[-91.788842,47.557625],[-91.787928,47.546817],[-91.789389,47.497475],[-91.790552,47.374922],[-91.790665,47.372501],[-91.791942,47.372501],[-91.792321,47.285198],[-91.792443,47.198535],[-91.792495,47.190525],[-91.792655,47.12493],[-91.79194,47.124247],[-91.79173,47.111456],[-91.79417,47.111423],[-91.793883,47.078665],[-91.793774,47.057758],[-91.793774,47.053914],[-91.794494,47.032555],[-91.794564,47.025287],[-91.794148,46.989308],[-91.794115,46.976578],[-91.794115,46.976427],[-91.794153,46.95642],[-91.794054,46.953106],[-91.79397867,46.93970386],[-91.79167499,46.9407735],[-91.780675,46.945881],[-91.78048616,46.94621213],[-91.7773,46.951799],[-91.7641381,46.9619659],[-91.76359461,46.96238571],[-91.76132113,46.96414186],[-91.737098,46.982853],[-91.73702146,46.98290582],[-91.7320241,46.98635449],[-91.704649,47.005246],[-91.69685823,47.00709328],[-91.68836058,47.00910816],[-91.68214376,47.01058224],[-91.666477,47.014297],[-91.6619511,47.01792339],[-91.660248,47.019288],[-91.64513049,47.02623083],[-91.644564,47.026491],[-91.63752009,47.0397583],[-91.637164,47.040429],[-91.63705288,47.04053135],[-91.63564744,47.04182588],[-91.63335684,47.04393571],[-91.6330661,47.04420351],[-91.63238088,47.04483465],[-91.62727536,47.04953726],[-91.626824,47.049953],[-91.613173,47.059192],[-91.60683902,47.06236284],[-91.604949,47.063309],[-91.60411066,47.06333343],[-91.600969,47.063425],[-91.591508,47.068684],[-91.5871234,47.07394646],[-91.573817,47.089917],[-91.56323011,47.09341954],[-91.54596592,47.09913118],[-91.53590614,47.10245933],[-91.518793,47.108121],[-91.51840855,47.10845894],[-91.506998,47.118489],[-91.50528554,47.119259],[-91.497902,47.122579],[-91.477351,47.125667],[-91.456965,47.139156],[-91.45566935,47.1407322],[-91.452031,47.14515833],[-91.45056819,47.14634676],[-91.44157558,47.15365259],[-91.43266214,47.1608941],[-91.418805,47.172152],[-91.40990267,47.17729829],[-91.40576121,47.1796924],[-91.398455,47.183916],[-91.387021,47.187293],[-91.38697209,47.18733305],[-91.37987903,47.19314185],[-91.374191,47.1978],[-91.37137942,47.19933429],[-91.357803,47.206743],[-91.35441465,47.2118371],[-91.35385,47.212686],[-91.34918118,47.21709916],[-91.34893194,47.21733475],[-91.3406663,47.22514777],[-91.34012188,47.22566238],[-91.33644155,47.22914118],[-91.326019,47.238993],[-91.30874509,47.25140145],[-91.29130164,47.26393168],[-91.288478,47.26596],[-91.28365379,47.26899165],[-91.270697,47.277134],[-91.26595,47.279479],[-91.262512,47.27929],[-91.2573963,47.28392972],[-91.25734559,47.28397571],[-91.250163,47.29049],[-91.24924804,47.29164203],[-91.24515583,47.29679455],[-91.24495392,47.29704878],[-91.24085348,47.30221166],[-91.24084885,47.30221749],[-91.24058625,47.30254813],[-91.238658,47.304976],[-91.21405287,47.32335279],[-91.206248,47.329182],[-91.20606565,47.32929573],[-91.188772,47.340082],[-91.18503644,47.34530281],[-91.1840825,47.34663603],[-91.18355567,47.34737233],[-91.17612034,47.35776394],[-91.170037,47.366266],[-91.16030476,47.37529732],[-91.156513,47.378816],[-91.15637871,47.37885322],[-91.15284613,47.37983221],[-91.1510217,47.38033782],[-91.146958,47.381464],[-91.131268,47.393567],[-91.128131,47.399619],[-91.106218,47.411806],[-91.097569,47.413888],[-91.09309859,47.41723771],[-91.077712,47.428767],[-91.07713718,47.42926459],[-91.06644838,47.43851738],[-91.06049832,47.44366806],[-91.04823985,47.45427963],[-91.04612928,47.45610664],[-91.045646,47.456525],[-91.04547886,47.45654752],[-91.04296039,47.45688679],[-91.032945,47.458236],[-91.02315104,47.46494548],[-91.023129,47.466979],[-91.022646,47.518299],[-91.022872,47.601933],[-91.02227,47.624901],[-91.022236,47.659821],[-91.022792,47.673801],[-91.021667,47.718173],[-91.021644,47.752865],[-91.021609,47.754167],[-91.021283,47.874895],[-91.020737,47.887995],[-91.026516,47.888278],[-91.026537,47.931811],[-91.024666,47.991639],[-91.024628,48.064128],[-91.031627,48.064129],[-91.032062,48.122755],[-91.031754,48.152601],[-91.032487,48.179388],[-91.031761,48.188479]]]},"properties":{"name":"Lake=LAK","type":"county"}},
{"type":"Feature","geometry":{"type":"Polygon","coordinates":[[[-94.43027345,48.70097105],[-94.438701,48.694889],[-94.446604,48.6929],[-94.452332,48.692444],[-94.464481,48.695503],[-94.472938,48.696849],[-94.486503,48.698054],[-94.500203,48.698175],[-94.508862,48.700362],[-94.5246,48.701556],[-94.533057,48.701262],[-94.538372,48.70284],[-94.545514,48.712185],[-94.549069,48.714653],[-94.55069142,48.71502563],[-94.555835,48.716207],[-94.568368,48.715522],[-94.58715,48.717599],[-94.59021497,48.71910058],[-94.59058462,48.71928168],[-94.591018,48.719494],[-94.59244422,48.72088808],[-94.595855,48.724222],[-94.5991916,48.72671676],[-94.60061109,48.7277781],[-94.601384,48.728356],[-94.6100365,48.73169886],[-94.61003979,48.73170013],[-94.610539,48.731893],[-94.61901,48.737374],[-94.62994736,48.73927962],[-94.640803,48.741171],[-94.645083,48.744143],[-94.64515,48.748991],[-94.646256,48.749975],[-94.645164,48.749975],[-94.651765,48.755913],[-94.660063,48.760288],[-94.66711,48.766115],[-94.672812,48.769315],[-94.687951,48.775896],[-94.690863,48.778047],[-94.690889,48.778066],[-94.694312,48.789352],[-94.69484749,48.79270697],[-94.695975,48.799771],[-94.69581193,48.80130801],[-94.694974,48.809206],[-94.704284,48.824284],[-94.701968,48.831778],[-94.697055,48.835731],[-94.68987059,48.83850269],[-94.685681,48.840119],[-94.693044,48.853392],[-94.690246,48.863363],[-94.690302,48.863711],[-94.692527,48.86895],[-94.684217,48.872399],[-94.68396041,48.874983],[-94.683127,48.883376],[-94.683069,48.883929],[-94.718932,48.999991],[-94.750218,48.999992],[-94.750221,49.099763],[-94.773223,49.120733],[-94.774228,49.124994],[-94.797527,49.197791],[-94.797244,49.214284],[-94.82516,49.294283],[-94.824291,49.308834],[-94.816222,49.320987],[-94.836876,49.324068],[-94.854245,49.324154],[-94.878454,49.333193],[-94.907036,49.348508],[-94.909273,49.350176],[-94.952111,49.368679],[-94.957465,49.370186],[-94.974286,49.367738],[-94.988908,49.368897],[-95.014415,49.356405],[-95.049382,49.353056],[-95.058404,49.35317],[-95.089806,49.361114],[-95.102818,49.363554],[-95.10505733,49.36496167],[-95.109535,49.366315],[-95.115866,49.366518],[-95.126467,49.369439],[-95.141808,49.378301],[-95.145306,49.37828],[-95.149747,49.380565],[-95.150235,49.382964],[-95.153314,49.384358],[-95.15335,49.383079],[-95.153293,49.369107],[-95.153259,49.367691],[-95.15333,49.365886],[-95.153407,49.354397],[-95.15335245,49.34510214],[-95.153344,49.343662],[-95.153284,49.343409],[-95.15333,49.309287],[-95.153331,49.308442],[-95.153319,49.30772],[-95.153333,49.305655],[-95.153424,49.249995],[-95.15332353,49.19310856],[-95.153309,49.18488],[-95.15331839,49.18053781],[-95.15332364,49.17810932],[-95.153711,48.998903],[-95.322946,48.998767],[-95.320411,48.997557],[-95.319161,48.99525],[-95.319196,48.994085],[-95.324295,48.985815],[-95.325786,48.981338],[-95.324777,48.971905],[-95.324187,48.970237],[-95.320717,48.966812],[-95.319363,48.963911],[-95.319397,48.962106],[-95.320611,48.959798],[-95.320611,48.958931],[-95.317731,48.952444],[-95.315164,48.950982],[-95.312321,48.950114],[-95.310864,48.951119],[-95.307986,48.950868],[-95.306113,48.95016],[-95.304622,48.948196],[-95.304657,48.946985],[-95.305385,48.94582],[-95.306842,48.945341],[-95.306259,48.947114],[-95.310379,48.948447],[-95.310379,48.947967],[-95.307951,48.947396],[-95.307154,48.946574],[-95.314193,48.945637],[-95.318111,48.942097],[-95.321959,48.94116],[-95.322895,48.940201],[-95.322824,48.934307],[-95.322235,48.932639],[-95.313241,48.919737],[-95.310206,48.915441],[-95.306155,48.912729],[-95.304348,48.911877],[-95.301715,48.909273],[-95.29735,48.907903],[-95.297627,48.907377],[-95.298536,48.90636],[-95.299463,48.905195],[-95.300538,48.90395],[-95.298089,48.902691],[-95.294961,48.902784],[-95.291427,48.901824],[-95.287999,48.897804],[-95.279616,48.896157],[-95.275391,48.894214],[-95.27456,48.893049],[-95.26469,48.888459],[-95.263515,48.887951],[-95.258562,48.88667],[-95.254859,48.884475],[-95.250234,48.883445],[-95.242925,48.882167],[-95.23105,48.881322],[-95.226504,48.881569],[-95.220776,48.883012],[-95.211556,48.884647],[-95.198616,48.885476],[-95.170122,48.890126],[-95.161882,48.891981],[-95.148381,48.892264],[-95.138145,48.894833],[-95.116365,48.903639],[-95.114495,48.905193],[-95.113735,48.906815],[-95.103239,48.912622],[-95.097524,48.916347],[-95.09704,48.917581],[-95.092778,48.920324],[-95.091222,48.920801],[-95.091226,48.91924],[-95.091242,48.901365],[-95.091242,48.901204],[-95.091103,48.900039],[-95.091059,48.886789],[-95.090917,48.872348],[-95.090292,48.814325],[-95.090214,48.800207],[-95.090179,48.79991],[-95.090174,48.799763],[-95.090144,48.79895],[-95.09013,48.796249],[-95.090081,48.78596],[-95.089987,48.766695],[-95.089917,48.76553],[-95.089878,48.757077],[-95.08952,48.749981],[-95.089894,48.720314],[-95.08989,48.71942],[-95.089863,48.713062],[-95.095427,48.712999],[-95.133745,48.713048],[-95.141996,48.712914],[-95.164401,48.712946],[-95.169923,48.712957],[-95.191781,48.712997],[-95.202752,48.713017],[-95.20819,48.713027],[-95.211457,48.713033],[-95.238797,48.713065],[-95.244179,48.713072],[-95.271619,48.713069],[-95.277063,48.713046],[-95.32413,48.712898],[-95.341216,48.712917],[-95.342251,48.712528],[-95.342382,48.641373],[-95.342346,48.636233],[-95.342471,48.608931],[-95.34247,48.605634],[-95.342603,48.596981],[-95.34254,48.540211],[-95.32076,48.540061],[-95.314603,48.540039],[-95.286802,48.539923],[-95.223216,48.54001],[-95.211966,48.539961],[-95.211879,48.536314],[-95.211793,48.532701],[-95.211623,48.524405],[-95.211149,48.459844],[-95.211139,48.45565],[-95.211133,48.45267],[-95.211135,48.452059],[-95.211336,48.442059],[-95.211476,48.435091],[-95.211855,48.423345],[-95.21111,48.409022],[-95.210955,48.36597],[-95.210259,48.365973],[-95.206695,48.365989],[-95.145406,48.366171],[-95.140686,48.366171],[-95.134542,48.366171],[-95.131484,48.366171],[-95.115178,48.366195],[-95.101909,48.366228],[-95.099437,48.366235],[-95.096762,48.366305],[-95.087917,48.366376],[-95.060885,48.366402],[-95.055446,48.366422],[-95.039154,48.366481],[-95.02816,48.366521],[-94.99377,48.366631],[-94.715158,48.367003],[-94.709804,48.367021],[-94.689623,48.367089],[-94.55937,48.367326],[-94.428702,48.367333],[-94.429175,48.389148],[-94.429254,48.396192],[-94.429522,48.417997],[-94.429593,48.425257],[-94.429603,48.439347],[-94.429552,48.443483],[-94.429505,48.454184],[-94.430002,48.476212],[-94.43003,48.479742],[-94.43014,48.494126],[-94.430167,48.497671],[-94.430185,48.499965],[-94.430167,48.504886],[-94.430349,48.511967],[-94.43021,48.526352],[-94.430139,48.533737],[-94.430075,48.540533],[-94.429007,48.591505],[-94.429007,48.595132],[-94.429041,48.596919],[-94.429074,48.59865],[-94.42949,48.606965],[-94.429582,48.607593],[-94.429572,48.621111],[-94.429676,48.6284],[-94.429807,48.63681],[-94.430111,48.65624],[-94.430109,48.678027],[-94.430212,48.685224],[-94.430211,48.691758],[-94.430141,48.696031],[-94.43027345,48.70097105]]]},"properties":{"name":"LakeoftheWoods=LKW","type":"county"}},
{"type":"Feature","geometry":{"type":"Polygon","coordinates":[[[-93.524329,44.543463],[-93.53193,44.543463],[-93.534356,44.543463],[-93.54453,44.543463],[-93.545298,44.543454],[-93.553131,44.543363],[-93.555669,44.543363],[-93.558331,44.543363],[-93.558809,44.543363],[-93.55939,44.543363],[-93.561731,44.543363],[-93.563058,44.543363],[-93.569531,44.543463],[-93.569931,44.543463],[-93.573531,44.543463],[-93.577231,44.543463],[-93.585732,44.543563],[-93.587632,44.543663],[-93.590232,44.543584],[-93.590932,44.543563],[-93.625833,44.543563],[-93.645734,44.543663],[-93.647034,44.543663],[-93.696836,44.543563],[-93.702236,44.543563],[-93.711859,44.543501],[-93.728372,44.543398],[-93.735017,44.543357],[-93.747365,44.543281],[-93.768238,44.543163],[-93.788439,44.543263],[-93.79815,44.543166],[-93.79844,44.543163],[-93.81544,44.543063],[-93.829212,44.543063],[-93.836841,44.543063],[-93.849341,44.542963],[-93.852441,44.542963],[-93.859777,44.542931],[-93.884643,44.543163],[-93.885543,44.543163],[-93.910844,44.543163],[-93.910843,44.541421],[-93.912445,44.538545],[-93.911844,44.537663],[-93.908543,44.537763],[-93.907243,44.537763],[-93.902443,44.537863],[-93.901427,44.53676],[-93.900557,44.534249],[-93.901793,44.531434],[-93.901503,44.529969],[-93.900443,44.529263],[-93.897277,44.528238],[-93.894576,44.526307],[-93.888945,44.526666],[-93.887557,44.525827],[-93.88516,44.518403],[-93.88516,44.517724],[-93.886992,44.516313],[-93.887511,44.515062],[-93.887877,44.511247],[-93.887335,44.507051],[-93.887388,44.50461],[-93.88812,44.503931],[-93.892791,44.503519],[-93.89815,44.501533],[-93.898269,44.500963],[-93.897399,44.500391],[-93.896376,44.500437],[-93.893676,44.501848],[-93.891478,44.501063],[-93.89014,44.499964],[-93.889939,44.497877],[-93.890365,44.496746],[-93.894569,44.494019],[-93.895177,44.491573],[-93.896079,44.490649],[-93.901192,44.489086],[-93.903483,44.487995],[-93.90407,44.487041],[-93.90406,44.482082],[-93.905065,44.479232],[-93.906811,44.474208],[-93.907753,44.472712],[-93.909148,44.471721],[-93.912524,44.471246],[-93.920038,44.473776],[-93.921701,44.473857],[-93.922765,44.473497],[-93.926918,44.469462],[-93.928241,44.467956],[-93.928103,44.467582],[-93.921394,44.467141],[-93.919746,44.466214],[-93.917121,44.46332],[-93.917203,44.461973],[-93.921858,44.461733],[-93.922533,44.462709],[-93.923682,44.463026],[-93.924035,44.462396],[-93.922261,44.46066],[-93.922922,44.459246],[-93.923349,44.458568],[-93.924515,44.458321],[-93.929032,44.458244],[-93.930658,44.459001],[-93.931222,44.458709],[-93.931382,44.457732],[-93.929386,44.45664],[-93.92785,44.45332],[-93.932767,44.452089],[-93.933541,44.450771],[-93.932744,44.449581],[-93.928937,44.447124],[-93.928549,44.445118],[-93.928858,44.443359],[-93.933424,44.433209],[-93.933719,44.428668],[-93.936224,44.422947],[-93.937894,44.420294],[-93.938308,44.416494],[-93.939598,44.412835],[-93.940535,44.412274],[-93.945356,44.413057],[-93.947968,44.412795],[-93.949744,44.412036],[-93.953538,44.408606],[-93.951034,44.405998],[-93.948736,44.399115],[-93.948693,44.396938],[-93.949831,44.393989],[-93.951513,44.392795],[-93.955094,44.39177],[-93.96377,44.392412],[-93.965141,44.391461],[-93.965253,44.389138],[-93.961532,44.39056],[-93.95714,44.390735],[-93.954689,44.389417],[-93.952535,44.386928],[-93.953291,44.383924],[-93.956206,44.385015],[-93.957867,44.385119],[-93.960811,44.38454],[-93.963031,44.383319],[-93.963043,44.382255],[-93.962237,44.381267],[-93.957273,44.379332],[-93.956425,44.378595],[-93.954922,44.374965],[-93.95553,44.373617],[-93.962375,44.369966],[-93.961806,44.36569],[-93.95755,44.363119],[-93.957055,44.363509],[-93.956548,44.363909],[-93.955498,44.365655],[-93.955347,44.36592],[-93.952693,44.365577],[-93.956434,44.361849],[-93.95654,44.361736],[-93.956668,44.360222],[-93.955701,44.358465],[-93.953958,44.357008],[-93.94956,44.355723],[-93.943929,44.354983],[-93.939603,44.352589],[-93.936512,44.350217],[-93.932683,44.344894],[-93.932806,44.344007],[-93.934662,44.342057],[-93.936037,44.339417],[-93.936661,44.339082],[-93.937883,44.338921],[-93.940216,44.340808],[-93.941612,44.341193],[-93.943925,44.340468],[-93.945398,44.338261],[-93.945176,44.337048],[-93.942918,44.333973],[-93.942785,44.333162],[-93.943621,44.331266],[-93.944615,44.330681],[-93.948671,44.330544],[-93.950823,44.328758],[-93.952755,44.324656],[-93.950614,44.321944],[-93.950578,44.321598],[-93.950771,44.320379],[-93.954464,44.316713],[-93.959726,44.307297],[-93.966103,44.30705],[-93.970406,44.304429],[-93.973064,44.300736],[-93.974358,44.299655],[-93.980859,44.299232],[-93.984434,44.297552],[-93.989251,44.296064],[-93.99112,44.295253],[-93.989871,44.292985],[-93.990088,44.292306],[-93.993945,44.289079],[-93.995138,44.287162],[-93.996317,44.284359],[-93.996987,44.280969],[-93.998135,44.278806],[-94.004907,44.278884],[-94.010147,44.27714],[-94.012635,44.27488],[-94.013121,44.27333],[-94.00824,44.271675],[-94.007952,44.270871],[-94.009302,44.270061],[-94.012481,44.26923],[-94.013274,44.268469],[-94.013162,44.266288],[-94.013925,44.265033],[-94.01941,44.262886],[-94.022375,44.260899],[-94.024966,44.258318],[-94.025135,44.256604],[-94.024453,44.255847],[-94.022473,44.255823],[-94.018387,44.25764],[-94.016195,44.257294],[-94.009927,44.252135],[-94.008996,44.250626],[-94.008577,44.249967],[-94.008499,44.24766],[-94.009898,44.246196],[-94.013104,44.248234],[-94.015269,44.248419],[-94.017326,44.245767],[-94.021988,44.241692],[-94.022081,44.240823],[-94.02138,44.239988],[-94.019109,44.239472],[-94.01703,44.240091],[-94.013075,44.240136],[-94.011909,44.239733],[-94.011834,44.239192],[-94.001794,44.239513],[-94.000233,44.239512],[-93.972753,44.239592],[-93.972212,44.239615],[-93.958852,44.239298],[-93.954972,44.239299],[-93.94966,44.239482],[-93.949183,44.23946],[-93.931016,44.239734],[-93.930431,44.23976],[-93.924031,44.239793],[-93.898483,44.239546],[-93.890656,44.239454],[-93.888337,44.239428],[-93.883254,44.239414],[-93.882834,44.239357],[-93.882612,44.239311],[-93.871805,44.239431],[-93.85971,44.239154],[-93.808087,44.23921],[-93.767851,44.239247],[-93.767856,44.232067],[-93.767872,44.22674],[-93.767938,44.207233],[-93.767941,44.205941],[-93.767971,44.195836],[-93.747322,44.196044],[-93.707592,44.196057],[-93.686665,44.196076],[-93.681308,44.196081],[-93.677667,44.196135],[-93.675856,44.196164],[-93.672796,44.196124],[-93.647729,44.195979],[-93.646214,44.196001],[-93.643038,44.196049],[-93.632162,44.195963],[-93.62464,44.195998],[-93.614342,44.195836],[-93.58959,44.195782],[-93.585545,44.195871],[-93.570956,44.195919],[-93.526965,44.195936],[-93.52523,44.195975],[-93.52511,44.225595],[-93.525097,44.228833],[-93.525065,44.236686],[-93.525344,44.248943],[-93.525117,44.253409],[-93.525176,44.260783],[-93.525203,44.264134],[-93.525295,44.275566],[-93.525294,44.277303],[-93.525163,44.282815],[-93.525351,44.286438],[-93.525281,44.297359],[-93.5252,44.311538],[-93.524914,44.326378],[-93.524761,44.345476],[-93.524666,44.348291],[-93.524409,44.37026],[-93.524639,44.402813],[-93.52468,44.408477],[-93.524695,44.411728],[-93.524672,44.413432],[-93.524626,44.428122],[-93.524608,44.433436],[-93.524604,44.434062],[-93.524456,44.45699],[-93.524449,44.45778],[-93.524419,44.474075],[-93.524464,44.486112],[-93.524452,44.489959],[-93.524449,44.491078],[-93.524442,44.493467],[-93.524435,44.495922],[-93.524423,44.499963],[-93.524329,44.499963],[-93.524229,44.500763],[-93.524329,44.515163],[-93.524329,44.527531],[-93.524329,44.529763],[-93.524329,44.532463],[-93.524329,44.543463]]]},"properties":{"name":"LeSueur=LES","type":"county"}},
{"type":"Feature","geometry":{"type":"Polygon","coordinates":[[[-96.092896,44.630507],[-96.133351,44.630929],[-96.153751,44.631031],[-96.157801,44.630984],[-96.167594,44.631192],[-96.184203,44.631163],[-96.195757,44.631217],[-96.215264,44.631281],[-96.235761,44.631185],[-96.25032,44.631039],[-96.296791,44.630756],[-96.306872,44.630689],[-96.317017,44.630597],[-96.32714,44.630635],[-96.3382,44.630796],[-96.33846,44.6308],[-96.393084,44.630997],[-96.419073,44.631118],[-96.448249,44.631191],[-96.449415,44.631188],[-96.451761,44.631194],[-96.45172,44.630708],[-96.451888,44.544058],[-96.452016,44.543533],[-96.452236,44.526871],[-96.45201,44.516929],[-96.451974,44.506849],[-96.45206946,44.485043],[-96.452122,44.473043],[-96.452218,44.470873],[-96.451816,44.460402],[-96.45182477,44.45887065],[-96.451924,44.441549],[-96.452073,44.38969],[-96.452134,44.383679],[-96.45217414,44.37172398],[-96.452213,44.360149],[-96.452282,44.354857],[-96.452305,44.345332],[-96.452152,44.342219],[-96.452248,44.340642],[-96.452309,44.328094],[-96.452372,44.325991],[-96.452248,44.313362],[-96.452369,44.312071],[-96.452239,44.298655],[-96.452334,44.297009],[-96.4525,44.285687],[-96.45255251,44.28434725],[-96.452617,44.282702],[-96.452365,44.271972],[-96.452369,44.268967],[-96.452419,44.255274],[-96.452673,44.254588],[-96.45269792,44.24035317],[-96.452774,44.196895],[-96.368983,44.19721],[-96.363964,44.19728],[-96.35294,44.197307],[-96.348588,44.197309],[-96.343632,44.197333],[-96.341544,44.197339],[-96.325926,44.197399],[-96.322914,44.197386],[-96.308209,44.197496],[-96.30122,44.197495],[-96.281143,44.197491],[-96.245336,44.197522],[-96.244801,44.197521],[-96.220119,44.1974],[-96.210583,44.197303],[-96.199658,44.197282],[-96.183968,44.197106],[-96.157641,44.19705],[-96.148836,44.197019],[-96.118047,44.196887],[-96.07872,44.196624],[-96.078698,44.204057],[-96.07869,44.206793],[-96.078755,44.211775],[-96.07882,44.218426],[-96.078725,44.221929],[-96.07927,44.274584],[-96.079272,44.274966],[-96.07932,44.283938],[-96.07934,44.371509],[-96.079319,44.387045],[-96.079065,44.392027],[-96.079257,44.39349],[-96.079336,44.43278],[-96.07988,44.459029],[-96.079862,44.473639],[-96.079855,44.488218],[-96.079841,44.490899],[-96.079932,44.517529],[-96.080132,44.543397],[-96.093009,44.543737],[-96.092991,44.572234],[-96.093083,44.584215],[-96.092945,44.58688],[-96.093287,44.601079],[-96.093292,44.601484],[-96.093261,44.604181],[-96.092896,44.630507]]]},"properties":{"name":"Lincoln=LIN","type":"county"}},
{"type":"Feature","geometry":{"type":"Polygon","coordinates":[[[-95.594908,44.542197],[-95.604335,44.542468],[-95.604285,44.560912],[-95.604192,44.564157],[-95.604113,44.586212],[-95.60395,44.629895],[-95.644302,44.630446],[-95.665232,44.630201],[-95.685587,44.629951],[-95.708664,44.630024],[-95.726681,44.630082],[-95.747003,44.630164],[-95.828773,44.6308],[-95.83327,44.630777],[-95.843075,44.630728],[-95.849315,44.63075],[-95.90006,44.630823],[-95.910571,44.630779],[-95.933894,44.630861],[-95.93657,44.630849],[-95.971661,44.630732],[-96.012222,44.630065],[-96.067583,44.630281],[-96.092896,44.630507],[-96.093261,44.604181],[-96.093292,44.601484],[-96.093287,44.601079],[-96.092945,44.58688],[-96.093083,44.584215],[-96.092991,44.572234],[-96.093009,44.543737],[-96.080132,44.543397],[-96.079932,44.517529],[-96.079841,44.490899],[-96.079855,44.488218],[-96.079862,44.473639],[-96.07988,44.459029],[-96.079336,44.43278],[-96.079257,44.39349],[-96.079065,44.392027],[-96.079319,44.387045],[-96.07934,44.371509],[-96.07932,44.283938],[-96.079272,44.274966],[-96.07927,44.274584],[-96.078725,44.221929],[-96.07882,44.218426],[-96.078755,44.211775],[-96.07869,44.206793],[-96.078698,44.204057],[-96.07872,44.196624],[-96.069224,44.196567],[-96.063779,44.196533],[-96.058628,44.196511],[-96.058104,44.196509],[-96.057414,44.196499],[-96.036337,44.196258],[-96.028499,44.196366],[-96.017572,44.196544],[-96.011134,44.196566],[-96.003151,44.196583],[-96.000302,44.196558],[-95.988226,44.196438],[-95.977473,44.196431],[-95.963561,44.196482],[-95.963301,44.196482],[-95.957334,44.196483],[-95.943358,44.196461],[-95.883258,44.196358],[-95.880533,44.196419],[-95.879351,44.196447],[-95.855933,44.196406],[-95.835729,44.196365],[-95.823405,44.196339],[-95.815494,44.196323],[-95.804852,44.19614],[-95.77515,44.196317],[-95.750292,44.196202],[-95.749737,44.196212],[-95.723687,44.195927],[-95.714442,44.195952],[-95.703355,44.195885],[-95.643918,44.195103],[-95.593474,44.195699],[-95.593514,44.210167],[-95.593427,44.224748],[-95.593404,44.239353],[-95.593409,44.246576],[-95.593344,44.253798],[-95.593352,44.268289],[-95.593392,44.282962],[-95.5936,44.312104],[-95.593799,44.326708],[-95.59385,44.332236],[-95.593898,44.337493],[-95.593967,44.341176],[-95.593959,44.345804],[-95.593955,44.348369],[-95.593945,44.35585],[-95.593982,44.363289],[-95.594018,44.37034],[-95.594052,44.384856],[-95.594124,44.39946],[-95.594037,44.414041],[-95.593854,44.428555],[-95.593959,44.436202],[-95.594054,44.443113],[-95.594191,44.457741],[-95.594285,44.465829],[-95.594359,44.472231],[-95.594414,44.479943],[-95.594464,44.486836],[-95.594439,44.493724],[-95.594438,44.494012],[-95.59453,44.495548],[-95.59482,44.497861],[-95.594601,44.500643],[-95.594504,44.508302],[-95.594632,44.508553],[-95.5947,44.515592],[-95.594452,44.529992],[-95.594908,44.542197]]]},"properties":{"name":"Lyon=LYO","type":"county"}},
{"type":"Feature","geometry":{"type":"Polygon","coordinates":[[[-95.551186,47.151453],[-95.551443,47.198373],[-95.551443,47.201206],[-95.551342,47.204679],[-95.551275,47.205478],[-95.551203,47.206994],[-95.551248,47.208592],[-95.551274,47.211989],[-95.551407,47.216947],[-95.551801,47.220001],[-95.551669,47.238569],[-95.55153,47.258489],[-95.551426,47.296836],[-95.551346,47.325268],[-95.55141,47.339752],[-95.551105,47.353505],[-95.55105,47.411169],[-95.551471,47.500385],[-95.553559,47.500385],[-95.55422,47.500328],[-95.554315,47.500328],[-95.557402,47.500328],[-95.569705,47.500211],[-95.605607,47.499622],[-95.631897,47.499467],[-95.663371,47.499398],[-95.678823,47.499364],[-95.682052,47.499357],[-95.723856,47.499267],[-95.724245,47.499215],[-95.785678,47.499263],[-95.805599,47.499426],[-95.81052,47.499426],[-95.848407,47.499442],[-95.86971,47.499341],[-95.928381,47.499127],[-95.933302,47.499081],[-95.9391,47.49915],[-96.003024,47.499246],[-96.024527,47.499257],[-96.067502,47.499197],[-96.067334,47.484852],[-96.067402,47.441454],[-96.067368,47.426926],[-96.067354,47.425481],[-96.0673,47.412262],[-96.066997,47.383276],[-96.066721,47.354119],[-96.066655,47.325247],[-96.066554,47.28372],[-96.066625,47.274967],[-96.066754,47.253203],[-96.066849,47.238554],[-96.06695,47.18051],[-96.067038,47.168537],[-96.06705,47.168427],[-96.067049,47.151683],[-96.056335,47.151569],[-96.018028,47.151423],[-96.005407,47.151466],[-95.996786,47.151553],[-95.97174,47.151404],[-95.954261,47.151431],[-95.938942,47.151454],[-95.938054,47.151455],[-95.933157,47.151397],[-95.926502,47.151317],[-95.916517,47.151153],[-95.914968,47.151128],[-95.868333,47.150159],[-95.820315,47.150012],[-95.804779,47.150081],[-95.79644,47.15024],[-95.794929,47.150205],[-95.792835,47.150211],[-95.775544,47.150418],[-95.773602,47.150372],[-95.772194,47.150546],[-95.769885,47.150485],[-95.768713,47.150644],[-95.76426,47.150528],[-95.752807,47.150477],[-95.731589,47.150573],[-95.729077,47.150595],[-95.678906,47.151051],[-95.678581,47.151054],[-95.654051,47.151278],[-95.567494,47.151494],[-95.554466,47.151461],[-95.551186,47.151453]]]},"properties":{"name":"Mahnomen=MAH","type":"county"}},
{"type":"Feature","geometry":{"type":"Polygon","coordinates":[[[-95.602304,48.538816],[-95.604979,48.538884],[-95.623227,48.539038],[-95.651475,48.53936],[-95.65564,48.53937],[-95.677732,48.53942],[-95.678298,48.539421],[-95.710192,48.539395],[-95.715592,48.539508],[-95.73217,48.539822],[-95.775938,48.540558],[-95.786318,48.540549],[-95.797469,48.540539],[-95.803911,48.540513],[-95.819446,48.540037],[-95.837468,48.540195],[-95.839773,48.540194],[-95.862165,48.541092],[-95.86237,48.541101],[-95.864227,48.541671],[-95.875279,48.541737],[-95.926946,48.542071],[-95.92705,48.542072],[-95.99351,48.54337],[-96.10269,48.543711],[-96.12637,48.543955],[-96.134432,48.543974],[-96.137224,48.54398],[-96.16363,48.544441],[-96.169156,48.544538],[-96.192098,48.544631],[-96.213803,48.54488],[-96.257695,48.544922],[-96.309333,48.54438],[-96.323023,48.544357],[-96.345038,48.544353],[-96.387833,48.544231],[-96.390622,48.544197],[-96.409983,48.543966],[-96.453433,48.543625],[-96.47653,48.543477],[-96.489932,48.543386],[-96.497121,48.543314],[-96.517825,48.543579],[-96.542528,48.54319],[-96.544072,48.543233],[-96.545187,48.543268],[-96.566607,48.543512],[-96.627697,48.543677],[-96.649552,48.543663],[-96.671249,48.543648],[-96.693197,48.543649],[-96.715154,48.543574],[-96.758584,48.543589],[-96.780463,48.543484],[-96.911454,48.543305],[-97.041618,48.544221],[-97.156264,48.543923],[-97.163105,48.543855],[-97.16034992,48.54182102],[-97.159697,48.541339],[-97.15394159,48.53910208],[-97.15048106,48.53687746],[-97.14887439,48.53428206],[-97.14912157,48.53230462],[-97.15017281,48.53116197],[-97.15196415,48.52921486],[-97.15307646,48.52414765],[-97.15214486,48.52023495],[-97.150114,48.51170533],[-97.14813284,48.50338448],[-97.14763848,48.50153062],[-97.14627899,48.49967677],[-97.14034665,48.49683419],[-97.14001216,48.49627671],[-97.13886357,48.49436238],[-97.13903925,48.49093235],[-97.139276,48.48631],[-97.140291,48.484722],[-97.14386898,48.48293027],[-97.1449813,48.48157078],[-97.14461052,48.47897538],[-97.14275667,48.47798667],[-97.14209685,48.47714689],[-97.14139718,48.4762564],[-97.14198305,48.47473315],[-97.14201513,48.47464972],[-97.14374539,48.473661],[-97.14411616,48.46921175],[-97.14312744,48.46624558],[-97.14176795,48.46402096],[-97.13929646,48.46308908],[-97.13422894,48.46117838],[-97.13274585,48.45994247],[-97.13263785,48.45691822],[-97.13262226,48.45648194],[-97.13361098,48.45227987],[-97.13707151,48.44906652],[-97.13761563,48.44776065],[-97.13768947,48.44758344],[-97.13768947,48.4442465],[-97.13731869,48.44350496],[-97.13560748,48.44255429],[-97.13509407,48.44226906],[-97.13422894,48.43979725],[-97.13497048,48.43633672],[-97.13620638,48.43460646],[-97.13778307,48.43328203],[-97.13929614,48.43201106],[-97.13917255,48.43052798],[-97.13781305,48.42805617],[-97.13559954,48.4265244],[-97.13559954,48.42603556],[-97.13559954,48.42436908],[-97.13697111,48.42201783],[-97.13823212,48.42162983],[-97.14206551,48.42045033],[-97.14284926,48.41947063],[-97.14268469,48.41831869],[-97.14245737,48.4167275],[-97.13869091,48.41601008],[-97.13834267,48.41594375],[-97.13599444,48.41242139],[-97.13559954,48.41182905],[-97.13501173,48.40673466],[-97.13574929,48.4043376],[-97.13579548,48.40418747],[-97.14010612,48.39928901],[-97.14382894,48.39713369],[-97.14520051,48.39556619],[-97.14559239,48.39419463],[-97.14520051,48.38890429],[-97.14363301,48.38616116],[-97.14088987,48.38400584],[-97.14055025,48.3832417],[-97.14010612,48.3822424],[-97.14010612,48.38047896],[-97.14040184,48.37953268],[-97.14105002,48.37745849],[-97.14206551,48.37420894],[-97.14422082,48.37126987],[-97.14546063,48.37070632],[-97.14577401,48.37056388],[-97.14637614,48.37029018],[-97.14735583,48.36872268],[-97.1477477,48.36695923],[-97.1477477,48.35990547],[-97.14727936,48.35925447],[-97.143861,48.354503],[-97.139851,48.353425],[-97.13782157,48.35200333],[-97.13749186,48.35060207],[-97.13806675,48.34878159],[-97.13848098,48.34746986],[-97.137904,48.34458492],[-97.13691668,48.34403203],[-97.13172199,48.341123],[-97.131145,48.33972175],[-97.13196927,48.33551798],[-97.13485421,48.33131422],[-97.13483565,48.3307203],[-97.13477178,48.32867657],[-97.133751,48.327847],[-97.13122743,48.32793473],[-97.12776551,48.32678075],[-97.1274358,48.32570921],[-97.12760066,48.32331883],[-97.12982618,48.32051632],[-97.13125,48.319543],[-97.13169716,48.31832407],[-97.13244326,48.31548889],[-97.13192099,48.31272832],[-97.13095106,48.31160917],[-97.12963991,48.3111207],[-97.12714596,48.31019159],[-97.12617603,48.30914705],[-97.12617603,48.30592536],[-97.12617603,48.30370053],[-97.12323563,48.30194759],[-97.12229632,48.30138762],[-97.12207249,48.30086535],[-97.12252015,48.29929855],[-97.12334086,48.29862706],[-97.12458798,48.29857999],[-97.12729518,48.29847784],[-97.12863816,48.29765713],[-97.12908582,48.29579188],[-97.12886199,48.2928821],[-97.127236,48.291827],[-97.125348,48.291855],[-97.12216,48.290056],[-97.117726,48.283488],[-97.11738059,48.28272049],[-97.11723021,48.28238635],[-97.11709887,48.28209452],[-97.116717,48.281246],[-97.11657,48.279661],[-97.12408,48.27125],[-97.125348,48.270452],[-97.13027956,48.26930538],[-97.13184637,48.26758936],[-97.13192098,48.26602255],[-97.13095105,48.26527645],[-97.128551,48.264816],[-97.12714595,48.26288893],[-97.12714595,48.26087447],[-97.12815333,48.25993424],[-97.12938425,48.25878539],[-97.12953346,48.25781546],[-97.12928103,48.2566164],[-97.12923503,48.25639788],[-97.12759361,48.25438341],[-97.12727554,48.25332319],[-97.12796666,48.25147362],[-97.12938425,48.25042908],[-97.133434,48.249873],[-97.13803277,48.24623571],[-97.13876491,48.24499107],[-97.13861848,48.24242859],[-97.13763526,48.24130149],[-97.13561672,48.23898754],[-97.13576315,48.23759648],[-97.13800449,48.23665919],[-97.1397899,48.23591256],[-97.14125418,48.23466793],[-97.1408149,48.23203224],[-97.139311,48.230187],[-97.1363042,48.22898411],[-97.13600334,48.22808153],[-97.13618217,48.22694893],[-97.1363042,48.22617609],[-97.1376904,48.22512605],[-97.13815384,48.22310378],[-97.13752188,48.22171346],[-97.13584146,48.22099926],[-97.13561672,48.22090375],[-97.13520106,48.21915604],[-97.13518234,48.21764019],[-97.13517744,48.21724306],[-97.13740735,48.21524488],[-97.1370062,48.21253715],[-97.13607684,48.21179518],[-97.13437208,48.21043418],[-97.13473815,48.20750563],[-97.13773992,48.20618778],[-97.13782194,48.20606474],[-97.13876491,48.20465029],[-97.13913098,48.20281995],[-97.13887287,48.20161765],[-97.13873753,48.20098721],[-97.13800749,48.19758658],[-97.14037351,48.19466376],[-97.141233,48.193602],[-97.141518,48.192518],[-97.14246233,48.19122329],[-97.14623272,48.186054],[-97.14601308,48.18458973],[-97.14462201,48.18319866],[-97.14304381,48.18271834],[-97.1429381,48.18268617],[-97.14183989,48.18173439],[-97.14147383,48.17909869],[-97.14162025,48.17778085],[-97.14235239,48.17660942],[-97.145243,48.174046],[-97.1457015,48.17322412],[-97.128693,48.173228],[-97.085341,48.173386],[-97.06372,48.173156],[-97.020394,48.173215],[-96.981256,48.173076],[-96.912332,48.173298],[-96.890796,48.173132],[-96.78217,48.173367],[-96.760622,48.173353],[-96.739392,48.173392],[-96.630993,48.173667],[-96.609293,48.17369],[-96.500806,48.174109],[-96.456475,48.174171],[-96.456393,48.174203],[-96.445479,48.174652],[-96.380054,48.174477],[-96.368524,48.175052],[-96.347052,48.174294],[-96.325321,48.174514],[-96.297795,48.174672],[-96.261938,48.174867],[-96.251164,48.173928],[-96.249178,48.173699],[-96.239744,48.172694],[-96.217936,48.172142],[-96.207254,48.172113],[-96.183407,48.171993],[-96.181394,48.172434],[-96.173745,48.173575],[-96.138876,48.173191],[-96.108461,48.171799],[-96.046824,48.172123],[-95.981928,48.171686],[-95.852776,48.172052],[-95.830824,48.172106],[-95.7657,48.172717],[-95.744332,48.172663],[-95.722717,48.173061],[-95.712814,48.172926],[-95.616393,48.173029],[-95.59378,48.172967],[-95.593818,48.193161],[-95.593877,48.223617],[-95.593872,48.252346],[-95.593676,48.264269],[-95.593632,48.266107],[-95.593566,48.271498],[-95.593376,48.281363],[-95.593174,48.295872],[-95.592968,48.310763],[-95.593282,48.365598],[-95.600816,48.36554],[-95.601979,48.365548],[-95.602061,48.37273],[-95.602095,48.374966],[-95.603101,48.394855],[-95.603145,48.408582],[-95.602012,48.452119],[-95.601875,48.466825],[-95.601783,48.467377],[-95.601609,48.474302],[-95.601282,48.48524],[-95.601148,48.489077],[-95.601148,48.489129],[-95.601053,48.49997],[-95.601013,48.49997],[-95.601105,48.53224],[-95.602304,48.538816]]]},"properties":{"name":"Marshall=MRS","type":"county"}},
{"type":"Feature","geometry":{"type":"Polygon","coordinates":[[[-94.368951,43.847742],[-94.407825,43.84773],[-94.447824,43.847755],[-94.489119,43.84788],[-94.492343,43.847879],[-94.612435,43.847994],[-94.614312,43.847993],[-94.619273,43.848059],[-94.639512,43.848088],[-94.689435,43.848035],[-94.695875,43.848027],[-94.704789,43.848035],[-94.734735,43.847994],[-94.739457,43.847999],[-94.789427,43.848022],[-94.79428,43.847988],[-94.854431,43.847995],[-94.854459,43.800113],[-94.854457,43.797749],[-94.854493,43.761487],[-94.854493,43.761327],[-94.854403,43.717966],[-94.854454,43.700169],[-94.854453,43.69925],[-94.854499,43.674569],[-94.854631,43.587663],[-94.85444404,43.500614],[-94.84005499,43.50060977],[-94.7340265,43.50057866],[-94.615916,43.500544],[-94.614271,43.50053699],[-94.565665,43.50033],[-94.560838,43.500377],[-94.49225195,43.50034893],[-94.47042,43.50034],[-94.447048,43.500639],[-94.442835,43.500583],[-94.390597,43.500469],[-94.377466,43.500379],[-94.36806121,43.50037563],[-94.24771093,43.50033245],[-94.247547,43.586719],[-94.247569,43.608443],[-94.247631,43.673506],[-94.247798,43.713318],[-94.247812,43.717741],[-94.24783,43.723524],[-94.247902,43.746012],[-94.24793,43.749497],[-94.247306,43.760341],[-94.24734,43.762034],[-94.247358,43.81188],[-94.247363,43.818402],[-94.247078,43.847765],[-94.248626,43.847764],[-94.268634,43.847841],[-94.275123,43.847853],[-94.278929,43.84786],[-94.283737,43.847869],[-94.288066,43.847865],[-94.308793,43.847849],[-94.367687,43.847742],[-94.368951,43.847742]]]},"properties":{"name":"Martin=MRT","type":"county"}},
{"type":"Feature","geometry":{"type":"Polygon","coordinates":[[[-94.012236,44.978712],[-94.053409,44.978702],[-94.063331,44.978702],[-94.093901,44.978834],[-94.12241,44.978937],[-94.134219,44.978918],[-94.139179,44.978989],[-94.170296,44.978746],[-94.170554,44.978746],[-94.175,44.978883],[-94.195326,44.978998],[-94.225638,44.979288],[-94.235785,44.979376],[-94.246125,44.979508],[-94.255907,44.979464],[-94.29688,44.979431],[-94.368358,44.978845],[-94.378505,44.9788],[-94.388966,44.978781],[-94.399113,44.978899],[-94.501986,44.979695],[-94.50196,44.944481],[-94.501993,44.943064],[-94.502255,44.906874],[-94.502334,44.892312],[-94.497712,44.892264],[-94.498068,44.863121],[-94.498026,44.85766],[-94.497765,44.81964],[-94.497825,44.804996],[-94.498055,44.761159],[-94.498077,44.749338],[-94.498074,44.745608],[-94.498085,44.726397],[-94.498075,44.718277],[-94.498074,44.717246],[-94.498087,44.699259],[-94.497931,44.673311],[-94.497797,44.629924],[-94.461578,44.629839],[-94.453927,44.629909],[-94.44456,44.629976],[-94.417776,44.630266],[-94.414591,44.630277],[-94.409818,44.630293],[-94.405889,44.630307],[-94.376061,44.630398],[-94.375258,44.630397],[-94.254803,44.630215],[-94.254632,44.641236],[-94.254124,44.702806],[-94.254084,44.71042],[-94.254076,44.717855],[-94.236752,44.717923],[-94.231782,44.71797],[-94.152688,44.717588],[-94.132407,44.717556],[-94.010288,44.717375],[-94.010036,44.772432],[-94.009939,44.782377],[-94.009956,44.799023],[-94.009855,44.804054],[-94.009935,44.812412],[-94.00992,44.814938],[-94.009906,44.818618],[-94.009914,44.846375],[-94.010105,44.847998],[-94.010044,44.85495],[-94.009981,44.862206],[-94.009658,44.878182],[-94.010008,44.882503],[-94.009771,44.884078],[-94.009842,44.888013],[-94.009864,44.891898],[-94.011805,44.891931],[-94.011927,44.895262],[-94.011959,44.895422],[-94.012175,44.906077],[-94.012531,44.929981],[-94.012434,44.940067],[-94.012309,44.947124],[-94.012266,44.949586],[-94.01228,44.971261],[-94.012236,44.978712]]]},"properties":{"name":"McLeod=MCL","type":"county"}},
{"type":"Feature","geometry":{"type":"Polygon","coordinates":[[[-94.260821,45.283985],[-94.276431,45.283579],[-94.292072,45.28324],[-94.364188,45.282292],[-94.383399,45.282886],[-94.383392,45.289813],[-94.383353,45.297106],[-94.383443,45.312041],[-94.383556,45.326705],[-94.384039,45.326802],[-94.403872,45.326535],[-94.413984,45.326194],[-94.424192,45.326082],[-94.440205,45.325967],[-94.444575,45.325967],[-94.454784,45.326058],[-94.455944,45.326057],[-94.464961,45.326055],[-94.471894,45.326099],[-94.473054,45.32609],[-94.495745,45.326021],[-94.495954,45.32602],[-94.505836,45.326046],[-94.535015,45.326221],[-94.536297,45.326213],[-94.545308,45.326126],[-94.546604,45.326081],[-94.556877,45.325966],[-94.564021,45.32588],[-94.566284,45.325867],[-94.568996,45.325853],[-94.640241,45.325661],[-94.649119,45.325719],[-94.652869,45.325743],[-94.658666,45.325781],[-94.668136,45.325879],[-94.683425,45.326039],[-94.708983,45.326155],[-94.712148,45.32617],[-94.732452,45.326042],[-94.735043,45.326014],[-94.74277,45.32593],[-94.755752,45.326091],[-94.762525,45.326139],[-94.763429,45.326108],[-94.763385,45.30447],[-94.763443,45.301436],[-94.76352,45.297361],[-94.763507,45.288115],[-94.763566,45.279354],[-94.763576,45.268193],[-94.763571,45.264554],[-94.763556,45.25361],[-94.763469,45.247269],[-94.763456,45.246187],[-94.763307,45.239136],[-94.757684,45.239129],[-94.757695,45.225551],[-94.757676,45.211333],[-94.757665,45.210576],[-94.757463,45.196771],[-94.757364,45.182433],[-94.757263,45.16758],[-94.75718,45.153408],[-94.757257,45.138892],[-94.757256,45.131632],[-94.757179,45.124416],[-94.757134,45.06633],[-94.757116,45.051677],[-94.757354,45.037298],[-94.757397,45.035751],[-94.757464,45.033398],[-94.757481,45.032836],[-94.757483,45.032758],[-94.757458,45.0298],[-94.757462,45.0294],[-94.757607,45.008198],[-94.757659,45.004118],[-94.757669,44.979369],[-94.758102,44.926974],[-94.758072,44.925077],[-94.758041,44.923911],[-94.758054,44.921183],[-94.758198,44.892066],[-94.752828,44.892109],[-94.737681,44.892066],[-94.732214,44.892],[-94.696742,44.891985],[-94.655802,44.891844],[-94.635509,44.891791],[-94.630267,44.89172],[-94.624324,44.89179],[-94.610781,44.89186],[-94.60496,44.891908],[-94.587666,44.892042],[-94.581065,44.892074],[-94.51272,44.892255],[-94.502334,44.892312],[-94.502255,44.906874],[-94.501993,44.943064],[-94.50196,44.944481],[-94.501986,44.979695],[-94.399113,44.978899],[-94.388966,44.978781],[-94.378505,44.9788],[-94.368358,44.978845],[-94.29688,44.979431],[-94.255907,44.979464],[-94.255884,45.002093],[-94.255965,45.015987],[-94.255854,45.030916],[-94.255947,45.035786],[-94.255933,45.039253],[-94.255873,45.040016],[-94.256001,45.066199],[-94.255945,45.081022],[-94.255741,45.116924],[-94.255727,45.129375],[-94.255707,45.149059],[-94.255692,45.152767],[-94.255664,45.159918],[-94.255725,45.161998],[-94.255662,45.162205],[-94.255756,45.199722],[-94.255656,45.202694],[-94.255971,45.21081],[-94.255906,45.212113],[-94.255932,45.212563],[-94.256025,45.214115],[-94.256689,45.239341],[-94.25808,45.239387],[-94.260269,45.239356],[-94.260344,45.241126],[-94.260757,45.249604],[-94.26116,45.269134],[-94.260821,45.283985]]]},"properties":{"name":"Meeker=MEE","type":"county"}},
{"type":"Feature","geometry":{"type":"Polygon","coordinates":[[[-93.796149,46.243205],[-93.807753,46.243102],[-93.808439,46.243106],[-93.809072,46.243109],[-93.810912,46.243128],[-93.81073,46.22604],[-93.810554,46.214459],[-93.810544,46.213402],[-93.810362,46.156585],[-93.81036,46.114765],[-93.810538,46.077512],[-93.810526,46.07024],[-93.810526,46.070034],[-93.810462,46.026745],[-93.81032,45.983035],[-93.768892,45.98255],[-93.767894,45.953024],[-93.768471,45.938447],[-93.768605,45.909469],[-93.766021,45.865967],[-93.765058,45.845369],[-93.764706,45.836683],[-93.764401,45.830832],[-93.763948,45.822143],[-93.763672,45.816119],[-93.763193,45.807809],[-93.762938,45.799443],[-93.762025,45.760717],[-93.762507,45.735483],[-93.762492,45.735078],[-93.760921,45.65557],[-93.760905,45.654474],[-93.760824,45.648974],[-93.760299,45.61901],[-93.759623,45.559706],[-93.756708,45.559682],[-93.755206,45.559676],[-93.749743,45.559654],[-93.742503,45.559629],[-93.738287,45.559615],[-93.655002,45.559692],[-93.652801,45.559729],[-93.652634,45.559765],[-93.645207,45.559731],[-93.642185,45.55969],[-93.63476,45.55959],[-93.616177,45.559314],[-93.614315,45.559296],[-93.609057,45.55929],[-93.594697,45.559277],[-93.593916,45.559254],[-93.59116,45.5592],[-93.582428,45.559028],[-93.578741,45.559015],[-93.57308,45.558994],[-93.56865,45.558966],[-93.565772,45.558946],[-93.560831,45.558911],[-93.55722,45.558927],[-93.554959,45.558937],[-93.510925,45.558926],[-93.511744,45.588075],[-93.51267,45.645175],[-93.512689,45.651931],[-93.512686,45.66303],[-93.512673,45.677844],[-93.512435,45.688383],[-93.512869,45.710017],[-93.512702,45.718423],[-93.513798,45.734404],[-93.513829,45.736256],[-93.513796,45.736805],[-93.513982,45.748876],[-93.514291,45.767271],[-93.515767,45.800124],[-93.516534,45.821179],[-93.516629,45.825203],[-93.517133,45.850601],[-93.517775,45.866812],[-93.518296,45.87496],[-93.518409,45.890489],[-93.518277,45.893575],[-93.518243,45.908683],[-93.518152,45.92243],[-93.518902,45.951195],[-93.518844,45.965648],[-93.518083,45.981721],[-93.473588,45.981986],[-93.432492,45.981398],[-93.432455,45.984532],[-93.432679,46.01042],[-93.432478,46.067959],[-93.432081,46.118045],[-93.432154,46.12641],[-93.432095,46.134856],[-93.43211,46.139625],[-93.431961,46.142951],[-93.431909,46.14683],[-93.431831,46.153991],[-93.430313,46.161526],[-93.430335,46.16173],[-93.430101,46.167629],[-93.429669,46.184724],[-93.429899,46.205461],[-93.430063,46.211199],[-93.430391,46.225509],[-93.43041,46.236054],[-93.43052,46.246127],[-93.437045,46.246036],[-93.453103,46.246811],[-93.472334,46.246832],[-93.477309,46.246807],[-93.493159,46.24687],[-93.529167,46.247107],[-93.545326,46.246973],[-93.553305,46.246816],[-93.634499,46.245582],[-93.659881,46.245143],[-93.685322,46.244762],[-93.796149,46.243205]]]},"properties":{"name":"MilleLacs=MIL","type":"county"}},
{"type":"Feature","geometry":{"type":"Polygon","coordinates":[[[-94.653462,46.348678],[-94.653455,46.34275],[-94.653384,46.340402],[-94.653514,46.329549],[-94.653397,46.324789],[-94.653387,46.324397],[-94.65319,46.318743],[-94.652712,46.30164],[-94.652645,46.297557],[-94.65276,46.282653],[-94.647806,46.28258],[-94.648039,46.278969],[-94.647755,46.261554],[-94.647639,46.253385],[-94.647624,46.252368],[-94.647841,46.237987],[-94.647805,46.220606],[-94.647822,46.217691],[-94.647817,46.216461],[-94.647807,46.213331],[-94.647796,46.20999],[-94.647795,46.209554],[-94.647727,46.194809],[-94.647721,46.194148],[-94.647944,46.176102],[-94.647975,46.173932],[-94.647945,46.161008],[-94.647906,46.159607],[-94.647668,46.154975],[-94.647671,46.154721],[-94.647911,46.136964],[-94.647902,46.107845],[-94.647909,46.049608],[-94.64789,46.048916],[-94.648006,46.034069],[-94.648158,46.020352],[-94.648324,46.018226],[-94.648084,46.00292],[-94.648071,46.002015],[-94.647986,45.991555],[-94.648019,45.989154],[-94.648203,45.972827],[-94.648209,45.970718],[-94.648339,45.957235],[-94.648382,45.954801],[-94.648811,45.932905],[-94.643736,45.932854],[-94.643703,45.920993],[-94.643631,45.918484],[-94.643614,45.917863],[-94.643947,45.910206],[-94.643751,45.909772],[-94.643714,45.908012],[-94.643525,45.904743],[-94.643705,45.876677],[-94.643752,45.870852],[-94.643742,45.864061],[-94.643729,45.85652],[-94.643862,45.853069],[-94.643863,45.852825],[-94.643905,45.845703],[-94.643968,45.83255],[-94.643976,45.830909],[-94.644067,45.809795],[-94.644095,45.80388],[-94.64409,45.802924],[-94.644056,45.796108],[-94.644055,45.795892],[-94.643987,45.773937],[-94.611421,45.774139],[-94.5908,45.774368],[-94.584342,45.774125],[-94.571636,45.774378],[-94.570231,45.77431],[-94.552364,45.773989],[-94.513296,45.774459],[-94.473609,45.775199],[-94.453335,45.775399],[-94.450356,45.775428],[-94.388126,45.775327],[-94.282493,45.775195],[-94.271776,45.775208],[-94.272912,45.776175],[-94.283878,45.780288],[-94.288405,45.78044],[-94.291803,45.781551],[-94.294915,45.783498],[-94.299817,45.784828],[-94.305489,45.785261],[-94.306595,45.785897],[-94.312007,45.790589],[-94.312827,45.792053],[-94.313521,45.79536],[-94.312857,45.798683],[-94.31323,45.800071],[-94.31389,45.800615],[-94.315986,45.801249],[-94.317357,45.801041],[-94.322824,45.797798],[-94.324469,45.797729],[-94.327803,45.798621],[-94.33313,45.802087],[-94.34479,45.811249],[-94.350383,45.817487],[-94.352958,45.821999],[-94.325223,45.822324],[-94.304076,45.822481],[-94.293634,45.822559],[-94.288005,45.822601],[-94.282958,45.822628],[-94.277386,45.822675],[-94.261608,45.822827],[-94.212132,45.823024],[-94.211635,45.82302],[-94.198482,45.823184],[-94.177373,45.823363],[-94.16168,45.823315],[-94.13523,45.823298],[-94.052171,45.823638],[-94.042068,45.823683],[-94.01051,45.82398],[-93.990435,45.824449],[-93.948483,45.824096],[-93.927523,45.823593],[-93.906695,45.823521],[-93.885932,45.823262],[-93.867144,45.822548],[-93.846495,45.822674],[-93.825773,45.822117],[-93.763948,45.822143],[-93.764401,45.830832],[-93.764706,45.836683],[-93.765058,45.845369],[-93.766021,45.865967],[-93.768605,45.909469],[-93.768471,45.938447],[-93.767894,45.953024],[-93.768892,45.98255],[-93.81032,45.983035],[-93.810462,46.026745],[-93.810526,46.070034],[-93.810526,46.07024],[-93.810538,46.077512],[-93.81036,46.114765],[-93.810362,46.156585],[-93.851634,46.15652],[-93.859727,46.156563],[-93.892298,46.156816],[-93.896312,46.156886],[-93.899148,46.156876],[-93.904855,46.156906],[-93.906279,46.156935],[-93.923286,46.156673],[-93.93667,46.156576],[-93.937295,46.156576],[-93.943874,46.156599],[-93.943943,46.15662],[-93.955687,46.156573],[-93.959371,46.156526],[-93.966707,46.156548],[-93.966854,46.156616],[-94.025399,46.156364],[-94.033619,46.156452],[-94.06214,46.156462],[-94.103619,46.155975],[-94.155964,46.156185],[-94.188232,46.156944],[-94.245377,46.157181],[-94.313468,46.1569],[-94.325441,46.156922],[-94.333236,46.156784],[-94.334782,46.156806],[-94.350092,46.156852],[-94.35751,46.156982],[-94.368859,46.157114],[-94.374592,46.157093],[-94.374731,46.157842],[-94.373524,46.160631],[-94.371031,46.164161],[-94.371167,46.166393],[-94.372055,46.169261],[-94.371644,46.173991],[-94.370125,46.175603],[-94.366036,46.177692],[-94.365929,46.179143],[-94.368837,46.182658],[-94.373918,46.188082],[-94.375281,46.190316],[-94.380431,46.194456],[-94.385044,46.196702],[-94.386141,46.197723],[-94.386947,46.201793],[-94.387843,46.203846],[-94.391839,46.206292],[-94.394831,46.209394],[-94.395718,46.211859],[-94.394384,46.228711],[-94.388922,46.238166],[-94.387721,46.239009],[-94.38335,46.240121],[-94.379276,46.240256],[-94.372702,46.242954],[-94.371183,46.244011],[-94.363479,46.251971],[-94.360467,46.253516],[-94.355302,46.255095],[-94.354387,46.256032],[-94.353619,46.25846],[-94.353616,46.259941],[-94.355549,46.262705],[-94.354783,46.264214],[-94.350526,46.267175],[-94.347679,46.268193],[-94.34135,46.269223],[-94.33977,46.270085],[-94.33887,46.271288],[-94.337739,46.273972],[-94.338022,46.275562],[-94.341679,46.277705],[-94.343413,46.276931],[-94.346413,46.276615],[-94.349855,46.278364],[-94.350637,46.27986],[-94.348769,46.282451],[-94.344742,46.285259],[-94.34367,46.286625],[-94.343935,46.287811],[-94.346041,46.291074],[-94.350529,46.295408],[-94.360673,46.300009],[-94.362388,46.300156],[-94.366227,46.299203],[-94.370736,46.297168],[-94.371994,46.297141],[-94.373125,46.297883],[-94.374996,46.302295],[-94.381181,46.309243],[-94.38192,46.309461],[-94.382828,46.308934],[-94.383889,46.305902],[-94.38583,46.30416],[-94.387365,46.303546],[-94.390147,46.303498],[-94.391187,46.304165],[-94.391231,46.306127],[-94.386967,46.309122],[-94.386843,46.310343],[-94.387418,46.311064],[-94.389667,46.312662],[-94.396164,46.313034],[-94.399652,46.315298],[-94.400155,46.319993],[-94.402288,46.321568],[-94.413803,46.325364],[-94.423096,46.327698],[-94.42382,46.328272],[-94.423785,46.330744],[-94.424776,46.331766],[-94.428581,46.332587],[-94.432602,46.331661],[-94.445108,46.331792],[-94.44829,46.330851],[-94.453392,46.327974],[-94.454769,46.328466],[-94.456397,46.330789],[-94.457624,46.331405],[-94.460461,46.331162],[-94.465679,46.32573],[-94.467385,46.322568],[-94.469311,46.321944],[-94.474434,46.320435],[-94.476394,46.320354],[-94.480132,46.321723],[-94.481069,46.32147],[-94.482016,46.320174],[-94.482114,46.318278],[-94.482646,46.316807],[-94.483603,46.315923],[-94.487478,46.314342],[-94.489821,46.313951],[-94.497551,46.315248],[-94.507883,46.312865],[-94.51025,46.309433],[-94.511466,46.308631],[-94.513394,46.308196],[-94.517234,46.308816],[-94.533214,46.303309],[-94.534718,46.302799],[-94.540517,46.303505],[-94.545055,46.304756],[-94.547385,46.306376],[-94.55043,46.307532],[-94.556177,46.307135],[-94.557398,46.307734],[-94.557934,46.309626],[-94.559087,46.311201],[-94.561216,46.312421],[-94.565985,46.313496],[-94.572965,46.315937],[-94.585552,46.324377],[-94.594388,46.326783],[-94.597477,46.326552],[-94.600948,46.327216],[-94.604211,46.33005],[-94.607543,46.329467],[-94.609167,46.328399],[-94.612253,46.32505],[-94.614167,46.324548],[-94.616063,46.324813],[-94.616969,46.325675],[-94.617799,46.327577],[-94.61883,46.32776],[-94.622063,46.326405],[-94.622853,46.326665],[-94.625291,46.330402],[-94.632199,46.337128],[-94.633998,46.338831],[-94.636559,46.34099],[-94.640143,46.341969],[-94.643929,46.341681],[-94.653462,46.348678]]]},"properties":{"name":"Morrison=MOR","type":"county"}},
{"type":"Feature","geometry":{"type":"Polygon","coordinates":[[[-92.69002,43.848454],[-92.709803,43.848384],[-92.758618,43.848602],[-92.778778,43.848609],[-92.79638,43.84859],[-92.79872,43.848607],[-92.809337,43.848592],[-92.829404,43.848636],[-92.878029,43.848645],[-92.880227,43.848637],[-92.925084,43.848477],[-92.930045,43.848454],[-92.93468,43.848454],[-92.943407,43.848454],[-92.944207,43.848454],[-92.945086,43.848454],[-92.985536,43.848422],[-92.986321,43.848486],[-92.998538,43.848449],[-93.045791,43.848407],[-93.049408,43.848441],[-93.04971,43.848444],[-93.04971,43.848279],[-93.049647,43.846989],[-93.049647,43.844931],[-93.049442,43.76118],[-93.049461,43.749961],[-93.04943,43.747732],[-93.049414,43.746483],[-93.049368,43.739021],[-93.049323,43.731869],[-93.049326,43.717323],[-93.049319,43.713477],[-93.049298,43.702778],[-93.04934,43.686514],[-93.049374,43.673594],[-93.049392,43.666515],[-93.04943,43.65187],[-93.04947,43.637368],[-93.049471,43.632132],[-93.049441,43.622994],[-93.049478,43.601245],[-93.04944,43.596087],[-93.049427,43.594268],[-93.049401,43.590726],[-93.049292,43.586813],[-93.049331,43.579418],[-93.049406,43.565017],[-93.049488,43.557836],[-93.049445,43.557773],[-93.049457,43.555366],[-93.049405,43.551345],[-93.049298,43.499962],[-93.04930383,43.49957139],[-93.024429,43.499572],[-93.007871,43.499604],[-92.9794508,43.49959243],[-92.94947856,43.49958023],[-92.92963318,43.49957216],[-92.91847675,43.49956762],[-92.870277,43.499548],[-92.80879268,43.49956261],[-92.790317,43.499567],[-92.752088,43.500084],[-92.707312,43.500069],[-92.692786,43.500063],[-92.689033,43.500062],[-92.67258,43.500055],[-92.653318,43.50005],[-92.649194,43.500049],[-92.56885339,43.50025899],[-92.553161,43.5003],[-92.53908201,43.50030715],[-92.464505,43.500345],[-92.44894671,43.50042017],[-92.449047,43.50343],[-92.449113,43.522092],[-92.449113,43.522497],[-92.449253,43.533101],[-92.449313,43.587249],[-92.449315,43.601772],[-92.449317,43.609125],[-92.449318,43.616272],[-92.449541,43.631189],[-92.449595,43.640497],[-92.449567,43.674312],[-92.449535,43.682831],[-92.449509,43.68442],[-92.44942,43.689553],[-92.449395,43.690956],[-92.449395,43.691019],[-92.449396,43.696125],[-92.449273,43.710555],[-92.449269,43.710981],[-92.449211,43.717942],[-92.449056,43.732418],[-92.448932,43.746849],[-92.448999,43.760405],[-92.448999,43.761365],[-92.44897,43.768152],[-92.448939,43.775865],[-92.448992,43.779422],[-92.449035,43.782291],[-92.449035,43.783252],[-92.449042,43.819478],[-92.449045,43.834068],[-92.48786,43.834098],[-92.489168,43.834102],[-92.513805,43.83392],[-92.52944,43.833926],[-92.549628,43.834044],[-92.551703,43.834105],[-92.552067,43.834103],[-92.553,43.834098],[-92.569513,43.834026],[-92.689451,43.833657],[-92.689546,43.841628],[-92.69002,43.848454]]]},"properties":{"name":"Mower=MOW","type":"county"}},
{"type":"Feature","geometry":{"type":"Polygon","coordinates":[[[-95.593474,44.195699],[-95.643918,44.195103],[-95.703355,44.195885],[-95.714442,44.195952],[-95.723687,44.195927],[-95.749737,44.196212],[-95.750292,44.196202],[-95.77515,44.196317],[-95.804852,44.19614],[-95.815494,44.196323],[-95.823405,44.196339],[-95.835729,44.196365],[-95.855933,44.196406],[-95.879351,44.196447],[-95.880533,44.196419],[-95.883258,44.196358],[-95.943358,44.196461],[-95.957334,44.196483],[-95.963301,44.196482],[-95.963561,44.196482],[-95.977473,44.196431],[-95.988226,44.196438],[-96.000302,44.196558],[-96.003151,44.196583],[-96.011134,44.196566],[-96.017572,44.196544],[-96.028499,44.196366],[-96.036337,44.196258],[-96.057414,44.196499],[-96.058104,44.196509],[-96.058628,44.196511],[-96.063779,44.196533],[-96.063537,44.182478],[-96.063632,44.138875],[-96.063942,44.109721],[-96.064165,44.066231],[-96.064198,44.051651],[-96.064324,44.022674],[-96.064034,43.950122],[-96.064034,43.942192],[-96.064022,43.935612],[-96.064066,43.916436],[-96.06403,43.916294],[-96.064003,43.898336],[-96.064472,43.849165],[-96.052125,43.849141],[-95.984345,43.848878],[-95.978081,43.84883],[-95.941966,43.848843],[-95.932808,43.848866],[-95.872292,43.84837],[-95.870836,43.848324],[-95.865848,43.848419],[-95.863733,43.848397],[-95.824036,43.848272],[-95.812352,43.848182],[-95.812033,43.848178],[-95.810425,43.848159],[-95.782023,43.847994],[-95.773002,43.847925],[-95.764,43.848128],[-95.703738,43.848089],[-95.692716,43.847976],[-95.665776,43.848113],[-95.663755,43.848204],[-95.603086,43.84774],[-95.592885,43.847812],[-95.582885,43.847814],[-95.572671,43.847817],[-95.47262,43.847766],[-95.462703,43.847746],[-95.462686,43.851497],[-95.462777,43.85484],[-95.462867,43.862193],[-95.462713,43.884237],[-95.462664,43.915736],[-95.462633,43.916719],[-95.462539,43.919508],[-95.462699,43.922983],[-95.462609,43.934869],[-95.462423,44.021925],[-95.462302,44.036371],[-95.462303,44.040358],[-95.462233,44.059798],[-95.462392,44.094291],[-95.462305,44.108852],[-95.462675,44.167128],[-95.462403,44.196065],[-95.472633,44.19604],[-95.481084,44.195899],[-95.492553,44.195826],[-95.582164,44.195656],[-95.593474,44.195699]]]},"properties":{"name":"Murray=MUR","type":"county"}},
{"type":"Feature","geometry":{"type":"Polygon","coordinates":[[[-93.929386,44.45664],[-94.009512,44.456516],[-94.079872,44.456738],[-94.089998,44.45677],[-94.10463,44.456817],[-94.110184,44.456839],[-94.119152,44.456875],[-94.120369,44.456879],[-94.129677,44.45678],[-94.137731,44.456706],[-94.150079,44.456592],[-94.166297,44.45671],[-94.17067,44.456871],[-94.171022,44.456962],[-94.190941,44.456666],[-94.200966,44.456733],[-94.216803,44.456611],[-94.229824,44.456726],[-94.231484,44.456771],[-94.243651,44.456749],[-94.246413,44.456744],[-94.250723,44.456741],[-94.315723,44.456778],[-94.323901,44.456777],[-94.371393,44.45674],[-94.374172,44.456853],[-94.381669,44.45672],[-94.383201,44.45671],[-94.388244,44.456677],[-94.398236,44.456657],[-94.401747,44.456658],[-94.411994,44.456569],[-94.432105,44.456549],[-94.4601,44.456363],[-94.463739,44.456385],[-94.49221,44.456514],[-94.49676,44.456549],[-94.502299,44.456578],[-94.552959,44.456067],[-94.557304,44.45615],[-94.573133,44.45602],[-94.578047,44.45602],[-94.57824,44.45602],[-94.624237,44.456186],[-94.63934,44.45608],[-94.644479,44.456173],[-94.650724,44.456214],[-94.653441,44.456232],[-94.705382,44.456362],[-94.706851,44.456384],[-94.717958,44.456427],[-94.733977,44.456423],[-94.743779,44.456485],[-94.744961,44.456379],[-94.762654,44.456283],[-94.766676,44.456422],[-94.780943,44.456655],[-94.780413,44.455808],[-94.78021,44.454826],[-94.780593,44.454209],[-94.785445,44.453844],[-94.786658,44.452679],[-94.78669,44.451559],[-94.780468,44.449477],[-94.77715,44.446687],[-94.775906,44.44648],[-94.771693,44.447211],[-94.76831,44.446752],[-94.767449,44.445952],[-94.767898,44.443529],[-94.767196,44.443071],[-94.763112,44.443069],[-94.759375,44.445971],[-94.756252,44.447339],[-94.748977,44.449555],[-94.744824,44.447259],[-94.739207,44.445239],[-94.736747,44.442016],[-94.730841,44.43939],[-94.726848,44.434087],[-94.717882,44.433519],[-94.713543,44.433727],[-94.709938,44.434688],[-94.708055,44.434574],[-94.704129,44.432311],[-94.695322,44.428357],[-94.694652,44.427008],[-94.694652,44.425636],[-94.696183,44.422434],[-94.700074,44.420376],[-94.702657,44.41697],[-94.702752,44.416032],[-94.697999,44.412558],[-94.694395,44.411369],[-94.693534,44.412055],[-94.693534,44.412695],[-94.696373,44.415416],[-94.696022,44.416947],[-94.694683,44.417611],[-94.689196,44.417359],[-94.688144,44.416628],[-94.685368,44.412055],[-94.685878,44.409975],[-94.688589,44.408329],[-94.6913,44.407963],[-94.697456,44.408877],[-94.697105,44.406979],[-94.694201,44.402636],[-94.693053,44.402361],[-94.692352,44.402727],[-94.688461,44.40698],[-94.680998,44.40906],[-94.676884,44.408465],[-94.675417,44.407962],[-94.671464,44.404578],[-94.670475,44.402863],[-94.673729,44.399983],[-94.676918,44.398314],[-94.677333,44.397423],[-94.676567,44.396645],[-94.668404,44.39445],[-94.66579,44.394335],[-94.662601,44.395363],[-94.662377,44.397421],[-94.655806,44.400597],[-94.654499,44.400642],[-94.654021,44.399545],[-94.654725,44.396001],[-94.655778,44.394218],[-94.655491,44.393304],[-94.653674,44.39344],[-94.64857,44.396525],[-94.645572,44.397461],[-94.643308,44.397553],[-94.6398,44.396774],[-94.637984,44.395425],[-94.638399,44.394693],[-94.640759,44.393664],[-94.641718,44.390624],[-94.640507,44.390441],[-94.634575,44.392176],[-94.628486,44.391465],[-94.627466,44.390664],[-94.626798,44.389315],[-94.626962,44.384467],[-94.625258,44.383401],[-94.623662,44.382684],[-94.62143,44.382354],[-94.619111,44.384312],[-94.616183,44.385458],[-94.612606,44.385517],[-94.607589,44.384827],[-94.602011,44.386138],[-94.597642,44.385543],[-94.596192,44.385165],[-94.594425,44.383511],[-94.593293,44.379559],[-94.593176,44.377278],[-94.591146,44.376861],[-94.587903,44.377012],[-94.587179,44.375828],[-94.587587,44.374397],[-94.586737,44.374057],[-94.585518,44.374962],[-94.583985,44.377832],[-94.582878,44.378182],[-94.582056,44.377867],[-94.580101,44.376106],[-94.578375,44.371555],[-94.576721,44.372248],[-94.573156,44.375458],[-94.568422,44.376639],[-94.565289,44.376911],[-94.564114,44.37681],[-94.563333,44.376197],[-94.561287,44.371804],[-94.559657,44.371387],[-94.558265,44.371622],[-94.557434,44.372058],[-94.557075,44.373001],[-94.556969,44.375619],[-94.555392,44.375956],[-94.554463,44.375454],[-94.552985,44.372448],[-94.549389,44.370243],[-94.54806,44.365587],[-94.547217,44.364943],[-94.544948,44.364509],[-94.541282,44.365033],[-94.523315,44.365387],[-94.521944,44.365879],[-94.52099,44.366951],[-94.520092,44.369603],[-94.518452,44.370652],[-94.517609,44.369766],[-94.517755,44.367429],[-94.520001,44.363575],[-94.520629,44.360803],[-94.520382,44.359844],[-94.517709,44.357984],[-94.511564,44.3559],[-94.50915,44.355128],[-94.506576,44.355199],[-94.504121,44.356272],[-94.502562,44.354511],[-94.502754,44.353505],[-94.502213,44.352819],[-94.499347,44.352473],[-94.496099,44.354213],[-94.49661,44.355447],[-94.499737,44.358784],[-94.499674,44.359881],[-94.498528,44.361208],[-94.497509,44.361803],[-94.494927,44.361461],[-94.491976,44.360104],[-94.49075,44.358217],[-94.490934,44.3509],[-94.487045,44.350125],[-94.485037,44.349234],[-94.483857,44.348023],[-94.483441,44.345691],[-94.482548,44.344891],[-94.480158,44.344046],[-94.477737,44.344298],[-94.475041,44.343766],[-94.472848,44.340774],[-94.463775,44.333307],[-94.460421,44.332481],[-94.45389,44.334009],[-94.452542,44.333891],[-94.451592,44.333146],[-94.451407,44.329547],[-94.452953,44.32644],[-94.453756,44.324744],[-94.450553,44.322333],[-94.446699,44.323454],[-94.444694,44.324103],[-94.442552,44.323539],[-94.440951,44.318499],[-94.441943,44.316671],[-94.443076,44.315489],[-94.444811,44.314922],[-94.446147,44.315096],[-94.447798,44.316651],[-94.448463,44.320663],[-94.449109,44.321391],[-94.450892,44.321897],[-94.45323,44.320469],[-94.452301,44.317528],[-94.451833,44.31656],[-94.444215,44.309378],[-94.441825,44.308432],[-94.439373,44.310261],[-94.436659,44.312814],[-94.435611,44.313173],[-94.432642,44.312146],[-94.431707,44.31111],[-94.432275,44.308845],[-94.433077,44.308275],[-94.44045,44.308074],[-94.441454,44.307545],[-94.44163,44.306602],[-94.435023,44.298237],[-94.433526,44.297053],[-94.430805,44.296238],[-94.429284,44.296717],[-94.426726,44.29912],[-94.425096,44.299243],[-94.424931,44.297468],[-94.425791,44.295341],[-94.43128,44.294457],[-94.432013,44.294113],[-94.432188,44.293314],[-94.431338,44.290947],[-94.426134,44.288528],[-94.424184,44.292259],[-94.423294,44.29292],[-94.422218,44.292682],[-94.420904,44.289845],[-94.41842,44.288699],[-94.415672,44.288196],[-94.414089,44.2869],[-94.414432,44.285744],[-94.414687,44.285464],[-94.411427,44.281313],[-94.411873,44.279416],[-94.413753,44.274935],[-94.41213,44.273562],[-94.406312,44.271598],[-94.400262,44.270633],[-94.40004,44.268918],[-94.398227,44.268025],[-94.384482,44.266191],[-94.383658,44.262601],[-94.380827,44.261639],[-94.378313,44.262095],[-94.377962,44.262689],[-94.378692,44.26461],[-94.376464,44.265935],[-94.374568,44.265887],[-94.371731,44.264352],[-94.36206,44.262739],[-94.360627,44.26178],[-94.360404,44.261071],[-94.360753,44.260293],[-94.362979,44.25892],[-94.36301,44.258234],[-94.360623,44.257024],[-94.358269,44.257185],[-94.357157,44.258946],[-94.357094,44.259837],[-94.35264,44.259771],[-94.335521,44.256368],[-94.331553,44.254227],[-94.329857,44.251316],[-94.328524,44.249603],[-94.32391,44.246999],[-94.32290765,44.2479485],[-94.322095,44.250608],[-94.321395,44.251157],[-94.320505,44.251066],[-94.318281,44.248485],[-94.318471,44.247639],[-94.320698,44.245215],[-94.320475,44.244049],[-94.319489,44.243546],[-94.305238,44.24197],[-94.303426,44.242336],[-94.301771,44.243296],[-94.300626,44.24309],[-94.299132,44.241009],[-94.298306,44.237374],[-94.294649,44.235635],[-94.287811,44.234994],[-94.27427,44.224358],[-94.272807,44.224243],[-94.271852,44.225272],[-94.27160402,44.22697755],[-94.27204,44.230257],[-94.270863,44.231171],[-94.269686,44.231193],[-94.268192,44.230713],[-94.267271,44.229523],[-94.268005,44.225682],[-94.267273,44.22415],[-94.265779,44.223898],[-94.26244,44.224903],[-94.257607,44.224535],[-94.256272,44.223779],[-94.253954,44.221172],[-94.251316,44.220347],[-94.251361,44.216816],[-94.252369,44.216049],[-94.251308,44.214808],[-94.246999,44.21351],[-94.229003,44.211255],[-94.22562841,44.21219361],[-94.225477,44.21416],[-94.226335,44.214731],[-94.226304,44.215714],[-94.225573,44.216538],[-94.224429,44.216744],[-94.21915,44.213682],[-94.219372,44.21279],[-94.221787,44.211257],[-94.222835,44.210022],[-94.223246,44.206729],[-94.222419,44.205838],[-94.215584,44.205154],[-94.214121,44.204308],[-94.213644,44.202959],[-94.208272,44.201428],[-94.201661,44.202687],[-94.194838,44.200591],[-94.194081,44.200207],[-94.191394,44.198595],[-94.18742,44.19736],[-94.179093,44.197337],[-94.175756,44.196514],[-94.171466,44.19473],[-94.163775,44.194546],[-94.157693,44.194098],[-94.150332,44.191844],[-94.148552,44.192278],[-94.144992,44.194197],[-94.14299,44.194197],[-94.135526,44.188843],[-94.132954,44.186144],[-94.12905,44.184936],[-94.125236,44.184321],[-94.125236,44.182938],[-94.125236,44.180205],[-94.124874,44.180056],[-94.116051,44.179077],[-94.11513,44.179604],[-94.114782,44.181113],[-94.113987,44.181251],[-94.110109,44.178646],[-94.108772,44.176268],[-94.108866,44.174713],[-94.109343,44.174095],[-94.111074,44.174002],[-94.114106,44.176358],[-94.115235,44.176004],[-94.115449,44.175214],[-94.114971,44.174158],[-94.113733,44.173375],[-94.110422,44.172654],[-94.103687,44.173137],[-94.10139,44.175236],[-94.099514,44.175304],[-94.09773,44.173721],[-94.098296,44.172476],[-94.103526,44.171034],[-94.104034,44.170622],[-94.103748,44.16989],[-94.097964,44.167789],[-94.093136,44.168339],[-94.092309,44.167401],[-94.09234,44.165366],[-94.091672,44.164132],[-94.084365,44.160932],[-94.081252,44.160041],[-94.07223,44.158647],[-94.069403,44.159471],[-94.065401,44.161689],[-94.064036,44.162672],[-94.062765,44.162901],[-94.060129,44.161963],[-94.059398,44.157481],[-94.058001,44.155721],[-94.055905,44.154349],[-94.05384,44.153914],[-94.0489,44.154195],[-94.046377,44.1546],[-94.044375,44.156018],[-94.043645,44.157458],[-94.044342,44.161574],[-94.043738,44.162352],[-94.038962,44.163183],[-94.038084,44.163608],[-94.037165,44.164004],[-94.027466,44.166336],[-94.021674,44.166551],[-94.016742,44.165273],[-94.012939,44.165061],[-94.004104,44.168814],[-94.003633,44.169272],[-94.002106,44.172747],[-94.002097,44.174059],[-94.002355,44.175577],[-94.003603,44.179161],[-94.005529,44.183286],[-94.010758,44.184217],[-94.01105,44.184149],[-94.01356,44.183964],[-94.014035,44.183887],[-94.017101,44.184224],[-94.017322,44.184327],[-94.017684,44.184495],[-94.019761,44.184707],[-94.019946,44.187978],[-94.018482,44.189741],[-94.016637,44.191753],[-94.015732,44.191915],[-94.013613,44.191001],[-94.008679,44.189937],[-94.009748,44.191605],[-94.010771,44.193852],[-94.010673,44.195955],[-94.011614,44.198824],[-94.012638,44.199921],[-94.015395,44.200675],[-94.017038,44.200597],[-94.019964,44.196708],[-94.020198,44.196728],[-94.020622,44.197486],[-94.020727,44.19755],[-94.02168,44.199241],[-94.021853,44.199821],[-94.021828,44.199966],[-94.018932,44.203322],[-94.018359,44.20339],[-94.014512,44.204715],[-94.014734,44.205584],[-94.015561,44.20731],[-94.021089,44.211029],[-94.024649,44.211098],[-94.025539,44.211876],[-94.026077,44.216633],[-94.025533,44.221228],[-94.023243,44.222211],[-94.019523,44.222073],[-94.016535,44.220516],[-94.01714,44.218207],[-94.016855,44.217178],[-94.015584,44.216514],[-94.014662,44.216903],[-94.014407,44.217566],[-94.01405,44.225683],[-94.018369,44.235267],[-94.018146,44.236204],[-94.012636,44.237724],[-94.011834,44.239192],[-94.011909,44.239733],[-94.013075,44.240136],[-94.01703,44.240091],[-94.019109,44.239472],[-94.02138,44.239988],[-94.022081,44.240823],[-94.021988,44.241692],[-94.017326,44.245767],[-94.015269,44.248419],[-94.013104,44.248234],[-94.009898,44.246196],[-94.008499,44.24766],[-94.008577,44.249967],[-94.008996,44.250626],[-94.009927,44.252135],[-94.016195,44.257294],[-94.018387,44.25764],[-94.022473,44.255823],[-94.024453,44.255847],[-94.025135,44.256604],[-94.024966,44.258318],[-94.022375,44.260899],[-94.01941,44.262886],[-94.013925,44.265033],[-94.013162,44.266288],[-94.013274,44.268469],[-94.012481,44.26923],[-94.009302,44.270061],[-94.007952,44.270871],[-94.00824,44.271675],[-94.013121,44.27333],[-94.012635,44.27488],[-94.010147,44.27714],[-94.004907,44.278884],[-93.998135,44.278806],[-93.996987,44.280969],[-93.996317,44.284359],[-93.995138,44.287162],[-93.993945,44.289079],[-93.990088,44.292306],[-93.989871,44.292985],[-93.99112,44.295253],[-93.989251,44.296064],[-93.984434,44.297552],[-93.980859,44.299232],[-93.974358,44.299655],[-93.973064,44.300736],[-93.970406,44.304429],[-93.966103,44.30705],[-93.959726,44.307297],[-93.954464,44.316713],[-93.950771,44.320379],[-93.950578,44.321598],[-93.950614,44.321944],[-93.952755,44.324656],[-93.950823,44.328758],[-93.948671,44.330544],[-93.944615,44.330681],[-93.943621,44.331266],[-93.942785,44.333162],[-93.942918,44.333973],[-93.945176,44.337048],[-93.945398,44.338261],[-93.943925,44.340468],[-93.941612,44.341193],[-93.940216,44.340808],[-93.937883,44.338921],[-93.936661,44.339082],[-93.936037,44.339417],[-93.934662,44.342057],[-93.932806,44.344007],[-93.932683,44.344894],[-93.936512,44.350217],[-93.939603,44.352589],[-93.943929,44.354983],[-93.94956,44.355723],[-93.953958,44.357008],[-93.955701,44.358465],[-93.956668,44.360222],[-93.95654,44.361736],[-93.956434,44.361849],[-93.952693,44.365577],[-93.955347,44.36592],[-93.955498,44.365655],[-93.956548,44.363909],[-93.957055,44.363509],[-93.95755,44.363119],[-93.961806,44.36569],[-93.962375,44.369966],[-93.95553,44.373617],[-93.954922,44.374965],[-93.956425,44.378595],[-93.957273,44.379332],[-93.962237,44.381267],[-93.963043,44.382255],[-93.963031,44.383319],[-93.960811,44.38454],[-93.957867,44.385119],[-93.956206,44.385015],[-93.953291,44.383924],[-93.952535,44.386928],[-93.954689,44.389417],[-93.95714,44.390735],[-93.961532,44.39056],[-93.965253,44.389138],[-93.965141,44.391461],[-93.96377,44.392412],[-93.955094,44.39177],[-93.951513,44.392795],[-93.949831,44.393989],[-93.948693,44.396938],[-93.948736,44.399115],[-93.951034,44.405998],[-93.953538,44.408606],[-93.949744,44.412036],[-93.947968,44.412795],[-93.945356,44.413057],[-93.940535,44.412274],[-93.939598,44.412835],[-93.938308,44.416494],[-93.937894,44.420294],[-93.936224,44.422947],[-93.933719,44.428668],[-93.933424,44.433209],[-93.928858,44.443359],[-93.928549,44.445118],[-93.928937,44.447124],[-93.932744,44.449581],[-93.933541,44.450771],[-93.932767,44.452089],[-93.92785,44.45332],[-93.929386,44.45664]]]},"properties":{"name":"Nicollet=NIC","type":"county"}},
{"type":"Feature","geometry":{"type":"Polygon","coordinates":[[[-96.052125,43.849141],[-96.052286,43.833898],[-96.052479,43.819111],[-96.05246,43.761084],[-96.052587,43.753862],[-96.052983,43.746508],[-96.052842,43.717629],[-96.052908,43.703047],[-96.053006,43.688603],[-96.053072,43.674045],[-96.053236,43.638117],[-96.053237,43.636723],[-96.053336,43.587624],[-96.053714,43.587327],[-96.053718,43.587239],[-96.053464,43.577126],[-96.053214,43.572723],[-96.053094,43.543674],[-96.053188,43.538233],[-96.053159,43.53636],[-96.053033,43.534737],[-96.053222,43.533435],[-96.053191,43.530944],[-96.053068,43.516408],[-96.053068,43.514648],[-96.05294393,43.5001758],[-95.97999481,43.500096],[-95.93372849,43.50004539],[-95.861152,43.499966],[-95.834421,43.499966],[-95.821277,43.499965],[-95.81552536,43.49995966],[-95.741569,43.499891],[-95.740813,43.499894],[-95.69425571,43.49988803],[-95.68432659,43.49988675],[-95.64916852,43.49988224],[-95.57426529,43.49987263],[-95.514774,43.499865],[-95.486803,43.500246],[-95.486737,43.500274],[-95.475065,43.500335],[-95.454706,43.500563],[-95.454706,43.500648],[-95.454438,43.50064422],[-95.45449,43.514405],[-95.4544,43.528874],[-95.454526,43.536347],[-95.454686,43.545654],[-95.454386,43.586687],[-95.454321,43.607525],[-95.45427,43.615764],[-95.454233,43.623154],[-95.454112,43.630237],[-95.45402,43.637804],[-95.453117,43.673785],[-95.453183,43.684985],[-95.453078,43.688183],[-95.453031,43.702724],[-95.453036,43.717263],[-95.452919,43.746271],[-95.452161,43.760724],[-95.452235,43.773381],[-95.452326,43.789641],[-95.452637,43.789645],[-95.4525,43.847703],[-95.460703,43.847746],[-95.461207,43.847746],[-95.461755,43.847746],[-95.462703,43.847746],[-95.47262,43.847766],[-95.572671,43.847817],[-95.582885,43.847814],[-95.592885,43.847812],[-95.603086,43.84774],[-95.663755,43.848204],[-95.665776,43.848113],[-95.692716,43.847976],[-95.703738,43.848089],[-95.764,43.848128],[-95.773002,43.847925],[-95.782023,43.847994],[-95.810425,43.848159],[-95.812033,43.848178],[-95.812352,43.848182],[-95.824036,43.848272],[-95.863733,43.848397],[-95.865848,43.848419],[-95.870836,43.848324],[-95.872292,43.84837],[-95.932808,43.848866],[-95.941966,43.848843],[-95.978081,43.84883],[-95.984345,43.848878],[-96.052125,43.849141]]]},"properties":{"name":"Nobles=NOB","type":"county"}},
{"type":"Feature","geometry":{"type":"Polygon","coordinates":[[[-96.067502,47.499197],[-96.131533,47.49954],[-96.195476,47.499584],[-96.233179,47.499556],[-96.23463,47.499554],[-96.259402,47.499589],[-96.323115,47.499592],[-96.430337,47.499208],[-96.451824,47.499121],[-96.580246,47.499167],[-96.625349,47.499418],[-96.688117,47.498625],[-96.708918,47.498783],[-96.710638,47.498737],[-96.85181148,47.49899745],[-96.85165318,47.49709782],[-96.85700207,47.49346821],[-96.85704861,47.49342168],[-96.85795724,47.49251305],[-96.85853033,47.49088928],[-96.85853033,47.48993412],[-96.85585588,47.48831034],[-96.85577685,47.48787566],[-96.85566485,47.48725967],[-96.85614243,47.48554038],[-96.85795724,47.48468073],[-96.85853033,47.4839166],[-96.85853033,47.48343193],[-96.85853033,47.48248386],[-96.85814827,47.48162422],[-96.85730468,47.48108739],[-96.85499624,47.47961838],[-96.85470969,47.47828115],[-96.85585588,47.47570222],[-96.85803311,47.47378114],[-96.85910342,47.47283674],[-96.85986755,47.47092642],[-96.859555,47.466865],[-96.85767456,47.46434626],[-96.85681104,47.46318962],[-96.85747965,47.46022862],[-96.859581,47.45870037],[-96.85962093,47.45856063],[-96.85996306,47.45736314],[-96.85967652,47.45602591],[-96.85924964,47.45559904],[-96.85814826,47.45449766],[-96.85824378,47.45335147],[-96.859239,47.451557],[-96.859537,47.445662],[-96.85796679,47.44256408],[-96.85747965,47.44160299],[-96.85747965,47.4404568],[-96.85919892,47.43802116],[-96.85977203,47.43720925],[-96.86005858,47.43568099],[-96.85853032,47.43338861],[-96.85857307,47.43332983],[-96.86082271,47.43023658],[-96.86083005,47.43018885],[-96.86101374,47.42899487],[-96.86063168,47.42765764],[-96.85986041,47.42704063],[-96.85872135,47.42612939],[-96.859581,47.42402803],[-96.86292406,47.42230875],[-96.86312222,47.42211059],[-96.86426129,47.42097152],[-96.86426129,47.41953878],[-96.86359268,47.41877465],[-96.861231,47.41781],[-96.861095,47.417056],[-96.86207,47.415159],[-96.861833,47.414337],[-96.858094,47.410317],[-96.85555631,47.40955704],[-96.85332469,47.40888874],[-96.85265607,47.40764703],[-96.852739,47.405909],[-96.8503973,47.40452876],[-96.8480713,47.40315778],[-96.84511031,47.40048333],[-96.84491927,47.39981472],[-96.84587444,47.39618511],[-96.84586908,47.39615697],[-96.84549237,47.39417927],[-96.84234692,47.39272752],[-96.84176724,47.39245998],[-96.84071657,47.39131378],[-96.84062105,47.38988104],[-96.84109863,47.38415008],[-96.84514482,47.38182568],[-96.84558789,47.38157115],[-96.84636469,47.37885233],[-96.84692511,47.37689086],[-96.84893095,47.3753626],[-96.852676,47.374973],[-96.8537545,47.37340452],[-96.85212647,47.37195739],[-96.85203521,47.37187627],[-96.848907,47.370565],[-96.84859663,47.36958388],[-96.84915976,47.3687955],[-96.84955179,47.36824666],[-96.85222624,47.3672915],[-96.85241124,47.36627398],[-96.85241727,47.36624082],[-96.84945627,47.36366189],[-96.84937201,47.36197656],[-96.84926524,47.35984124],[-96.84811905,47.35802644],[-96.84687734,47.35678473],[-96.8451843,47.35628309],[-96.84429841,47.3560206],[-96.84343876,47.35439683],[-96.84351744,47.35416953],[-96.84515805,47.34942999],[-96.84401186,47.34618245],[-96.840586,47.340956],[-96.83660935,47.33868444],[-96.83584523,47.33591447],[-96.83851967,47.33238038],[-96.83845674,47.33193981],[-96.83832864,47.33104315],[-96.83656271,47.33001302],[-96.83603626,47.32970593],[-96.83517661,47.32855974],[-96.83517661,47.32626735],[-96.83582436,47.32523095],[-96.83609749,47.32479395],[-96.83660935,47.32397497],[-96.8361362,47.32214152],[-96.83584523,47.32101397],[-96.83603626,47.32005881],[-96.83671423,47.31917744],[-96.83699141,47.3188171],[-96.83873011,47.31830339],[-96.84119412,47.31757539],[-96.84195825,47.31690677],[-96.84253135,47.31241752],[-96.84100309,47.31155788],[-96.837045,47.311391],[-96.835735,47.310843],[-96.83288423,47.30706862],[-96.83288423,47.30448969],[-96.839647,47.29746228],[-96.84357379,47.29338184],[-96.843922,47.29302],[-96.84393108,47.29285371],[-96.84404528,47.29076315],[-96.844088,47.289981],[-96.84395311,47.28967553],[-96.841465,47.284041],[-96.84022,47.276981],[-96.84027867,47.27632593],[-96.84031112,47.27596356],[-96.840353,47.275496],[-96.8404996,47.27532981],[-96.84156621,47.27412069],[-96.84224478,47.27335145],[-96.84319995,47.27048597],[-96.84253133,47.26953081],[-96.83976137,47.26876669],[-96.83929342,47.26812325],[-96.83899724,47.26771601],[-96.83985688,47.26599672],[-96.84205375,47.26532811],[-96.84223131,47.26491381],[-96.84262685,47.26399088],[-96.84253133,47.26284469],[-96.84146092,47.26251533],[-96.84128962,47.26246263],[-96.84071653,47.26122092],[-96.84100308,47.25921508],[-96.84127953,47.25878066],[-96.84167169,47.2581644],[-96.84109842,47.25745625],[-96.84004792,47.25615857],[-96.83985688,47.25548995],[-96.84029197,47.25443331],[-96.8405255,47.25386618],[-96.84014343,47.25310205],[-96.83921602,47.2525827],[-96.83536763,47.2504276],[-96.83469902,47.24813521],[-96.83489005,47.24641592],[-96.83659308,47.24484913],[-96.83727795,47.24421906],[-96.83823311,47.24288183],[-96.83823311,47.24183116],[-96.83766001,47.24087599],[-96.83582839,47.23959845],[-96.832946,47.237588],[-96.83269318,47.23619571],[-96.83336179,47.23504952],[-96.83511677,47.23436006],[-96.83603624,47.23399884],[-96.83756449,47.23180197],[-96.837374,47.229254],[-96.83727944,47.22914202],[-96.83565418,47.2272172],[-96.83565418,47.22654859],[-96.83880621,47.22502033],[-96.83922207,47.22402225],[-96.83928379,47.22387414],[-96.83867864,47.22272436],[-96.83832862,47.22205933],[-96.83594072,47.22100866],[-96.83565418,47.21928937],[-96.83617122,47.21739352],[-96.83651382,47.21613733],[-96.83423054,47.21355944],[-96.83355282,47.21279427],[-96.83336179,47.21145705],[-96.83364834,47.21040637],[-96.83546314,47.20840054],[-96.83517659,47.20744537],[-96.83480435,47.20723857],[-96.83345731,47.20649021],[-96.83331752,47.20632047],[-96.83212008,47.20486644],[-96.83278869,47.20391128],[-96.83766,47.20114132],[-96.83861516,47.19961306],[-96.83862159,47.19955521],[-96.83880619,47.19789377],[-96.8382331,47.19636552],[-96.83819733,47.19633213],[-96.83680036,47.19502829],[-96.83307523,47.19359555],[-96.83126043,47.19178074],[-96.83116491,47.19082559],[-96.83250213,47.18834217],[-96.83241164,47.18752773],[-96.83240662,47.18748252],[-96.83145146,47.1855722],[-96.83040078,47.18461704],[-96.82902673,47.18417984],[-96.82829943,47.18394843],[-96.8269622,47.18280223],[-96.82667565,47.18156052],[-96.8269622,47.18012778],[-96.82927292,47.17746157],[-96.82944562,47.1772623],[-96.82982768,47.17630714],[-96.82963665,47.17496992],[-96.82831077,47.17418002],[-96.8251474,47.17229547],[-96.82428775,47.17086273],[-96.82432353,47.17014716],[-96.82447879,47.16704208],[-96.82339565,47.16613224],[-96.82209089,47.16503625],[-96.82237743,47.16274386],[-96.8242489,47.16115311],[-96.82428775,47.16112009],[-96.82486085,47.15978286],[-96.82466982,47.15901873],[-96.822707,47.157668],[-96.82255226,47.15728167],[-96.82248567,47.15711541],[-96.822405,47.156914],[-96.822706,47.156229],[-96.82317533,47.15602802],[-96.82640163,47.15464638],[-96.82801287,47.15395638],[-96.83126042,47.15089987],[-96.83121005,47.15052206],[-96.828031,47.150539],[-96.824212,47.150494],[-96.821801,47.150471],[-96.732533,47.151217],[-96.690166,47.151475],[-96.606288,47.151468],[-96.584471,47.151452],[-96.564157,47.151499],[-96.507678,47.151322],[-96.500804,47.151297],[-96.457605,47.151224],[-96.447291,47.151018],[-96.443047,47.151088],[-96.436272,47.151201],[-96.407338,47.151174],[-96.396904,47.151204],[-96.396169,47.151206],[-96.387145,47.151232],[-96.386206,47.151235],[-96.371374,47.151237],[-96.364783,47.151279],[-96.337388,47.151451],[-96.322453,47.151339],[-96.258553,47.15123],[-96.241365,47.151178],[-96.229916,47.151148],[-96.229406,47.151146],[-96.194667,47.151088],[-96.188392,47.151121],[-96.185535,47.151136],[-96.109475,47.15156],[-96.086323,47.151639],[-96.074063,47.151666],[-96.067049,47.151683],[-96.06705,47.168427],[-96.067038,47.168537],[-96.06695,47.18051],[-96.066849,47.238554],[-96.066754,47.253203],[-96.066625,47.274967],[-96.066554,47.28372],[-96.066655,47.325247],[-96.066721,47.354119],[-96.066997,47.383276],[-96.0673,47.412262],[-96.067354,47.425481],[-96.067368,47.426926],[-96.067402,47.441454],[-96.067334,47.484852],[-96.067502,47.499197]]]},"properties":{"name":"Norman=NOR","type":"county"}},
{"type":"Feature","geometry":{"type":"Polygon","coordinates":[[[-92.550872,44.194509],[-92.557385,44.194493],[-92.558649,44.194461],[-92.578864,44.194517],[-92.591194,44.195085],[-92.600442,44.194829],[-92.602506,44.195101],[-92.603642,44.194973],[-92.604498,44.194994],[-92.613718,44.195202],[-92.634524,44.195388],[-92.636174,44.1954],[-92.636764,44.195404],[-92.642268,44.195436],[-92.642999,44.195443],[-92.645414,44.195472],[-92.645655,44.195475],[-92.646396,44.195484],[-92.646722,44.195484],[-92.6475,44.195484],[-92.659121,44.195536],[-92.663888,44.195559],[-92.665859,44.195569],[-92.667364,44.195576],[-92.671357,44.195596],[-92.677735,44.195527],[-92.678717,44.195516],[-92.678637,44.1771],[-92.678733,44.1747],[-92.678492,44.151388],[-92.67838,44.142985],[-92.67838,44.129932],[-92.678316,44.12494],[-92.678302,44.122796],[-92.678267,44.10806],[-92.678193,44.1012],[-92.678202,44.093299],[-92.678139,44.083964],[-92.678133,44.083908],[-92.67808,44.083379],[-92.678059,44.083164],[-92.678086,44.07946],[-92.678122,44.0743],[-92.67813,44.065553],[-92.678131,44.064845],[-92.678138,44.057964],[-92.678164,44.052833],[-92.678234,44.043483],[-92.678186,44.032677],[-92.678185,44.032507],[-92.678181,44.032395],[-92.678201,44.028891],[-92.678201,44.021659],[-92.678237,44.015083],[-92.678201,44.000123],[-92.677961,43.987954],[-92.677912,43.985435],[-92.677928,43.981787],[-92.677928,43.97876],[-92.677928,43.978635],[-92.678024,43.971355],[-92.678008,43.960683],[-92.677951,43.952975],[-92.677928,43.949771],[-92.67829,43.940197],[-92.678423,43.935323],[-92.678496,43.918361],[-92.678503,43.916379],[-92.678487,43.914203],[-92.678412,43.848487],[-92.686388,43.848502],[-92.69002,43.848454],[-92.689546,43.841628],[-92.689451,43.833657],[-92.569513,43.834026],[-92.553,43.834098],[-92.552067,43.834103],[-92.551703,43.834105],[-92.549628,43.834044],[-92.52944,43.833926],[-92.513805,43.83392],[-92.489168,43.834102],[-92.48786,43.834098],[-92.449045,43.834068],[-92.448834,43.848276],[-92.438574,43.848242],[-92.384284,43.848125],[-92.36828,43.848089],[-92.352071,43.847921],[-92.328971,43.847903],[-92.318323,43.847973],[-92.280188,43.847701],[-92.273514,43.847669],[-92.246034,43.847548],[-92.245709,43.847548],[-92.238506,43.847465],[-92.208663,43.847108],[-92.198612,43.847147],[-92.195529,43.847138],[-92.193419,43.847099],[-92.19249,43.84705],[-92.185435,43.847117],[-92.181644,43.847107],[-92.178883,43.847107],[-92.172249,43.847123],[-92.129037,43.847144],[-92.106832,43.847095],[-92.099753,43.847074],[-92.089111,43.847077],[-92.079292,43.84708],[-92.079285,43.84887],[-92.079277,43.850916],[-92.079179,43.876374],[-92.079145,43.889414],[-92.079137,43.892318],[-92.079135,43.893131],[-92.078544,43.933931],[-92.078954,43.947831],[-92.078928,43.948043],[-92.078672,43.952315],[-92.078736,43.952555],[-92.078848,43.953931],[-92.07904,43.955323],[-92.07904,43.970379],[-92.07904,43.977163],[-92.079168,43.980683],[-92.078896,43.984091],[-92.078513,44.020331],[-92.079491,44.106988],[-92.104596,44.106956],[-92.11946,44.106972],[-92.162409,44.107072],[-92.169686,44.1071],[-92.199207,44.107165],[-92.218712,44.107149],[-92.225448,44.107245],[-92.232169,44.107232],[-92.240258,44.107273],[-92.269305,44.107389],[-92.299467,44.107373],[-92.319052,44.107357],[-92.319164,44.122077],[-92.319197,44.134877],[-92.319325,44.136861],[-92.319454,44.165773],[-92.31963,44.194382],[-92.331375,44.19443],[-92.339567,44.194478],[-92.347408,44.194318],[-92.358064,44.194254],[-92.366464,44.1943],[-92.378369,44.194366],[-92.395618,44.194296],[-92.402098,44.19427],[-92.421635,44.194446],[-92.422547,44.194457],[-92.422963,44.194462],[-92.43922,44.194174],[-92.44874,44.194093],[-92.463274,44.194143],[-92.469541,44.194061],[-92.471077,44.194109],[-92.479829,44.194045],[-92.480382,44.194052],[-92.482245,44.194077],[-92.482997,44.194029],[-92.483287,44.194032],[-92.508135,44.194509],[-92.508583,44.194525],[-92.514503,44.194269],[-92.517199,44.194269],[-92.524455,44.194269],[-92.535207,44.194143],[-92.543688,44.194045],[-92.550872,44.194509]]]},"properties":{"name":"Olmsted=OLM","type":"county"}},
{"type":"Feature","geometry":{"type":"Polygon","coordinates":[[[-95.163519,46.71766],[-95.199733,46.717546],[-95.20053,46.717432],[-95.20166,46.717455],[-95.226378,46.71722],[-95.250663,46.716343],[-95.268258,46.716602],[-95.287588,46.716828],[-95.288652,46.716716],[-95.381305,46.716322],[-95.391173,46.716303],[-95.40373,46.71617],[-95.414397,46.71617],[-95.435462,46.715918],[-95.45675,46.717268],[-95.490834,46.717508],[-95.519932,46.717034],[-95.542721,46.716126],[-95.547505,46.715966],[-95.621219,46.715691],[-95.626754,46.71545],[-95.668195,46.715516],[-95.692668,46.715536],[-95.696622,46.715521],[-95.697604,46.715549],[-95.710077,46.715528],[-95.714674,46.715615],[-95.720861,46.715733],[-95.774241,46.716228],[-95.779336,46.716273],[-95.780009,46.71628],[-95.794657,46.716419],[-95.815251,46.716521],[-95.817575,46.716512],[-95.818731,46.716508],[-95.819384,46.716502],[-95.832382,46.716612],[-95.835918,46.716528],[-95.842288,46.716415],[-95.843384,46.716483],[-95.848055,46.716594],[-95.848928,46.716641],[-95.862999,46.716681],[-95.910735,46.716622],[-95.921006,46.716609],[-95.924053,46.71663],[-95.957407,46.717006],[-95.95819,46.717011],[-95.961101,46.716908],[-95.963862,46.716873],[-95.970185,46.717004],[-95.977292,46.717151],[-95.986402,46.71713],[-95.989186,46.717187],[-96.015309,46.717567],[-96.01538,46.717567],[-96.026562,46.717622],[-96.02716,46.717622],[-96.036227,46.717785],[-96.04799,46.71781],[-96.111559,46.717986],[-96.129941,46.718094],[-96.145087,46.718124],[-96.157123,46.718283],[-96.174551,46.717972],[-96.17268,46.645347],[-96.172332,46.634293],[-96.17227,46.630709],[-96.176334,46.630783],[-96.21142,46.630999],[-96.217621,46.630861],[-96.224353,46.630813],[-96.280973,46.630834],[-96.281107,46.62855],[-96.281341,46.615955],[-96.281272,46.613773],[-96.28122,46.612744],[-96.280981,46.609443],[-96.281053,46.605682],[-96.281009,46.566218],[-96.280981,46.558838],[-96.28099,46.544376],[-96.280824,46.538577],[-96.280685,46.500739],[-96.280448,46.486327],[-96.280561,46.480377],[-96.28063,46.475008],[-96.280666,46.47181],[-96.28069,46.470168],[-96.280591,46.458995],[-96.280588,46.458632],[-96.280576,46.457234],[-96.28034,46.41323],[-96.280349,46.398768],[-96.280356,46.397241],[-96.280356,46.397064],[-96.280358,46.396636],[-96.280424,46.384146],[-96.280477,46.380502],[-96.280555,46.369717],[-96.280522,46.367899],[-96.280495,46.366368],[-96.280523,46.358513],[-96.280536,46.355218],[-96.28052,46.347714],[-96.280511,46.343178],[-96.280415,46.340639],[-96.28004,46.330772],[-96.28007,46.32602],[-96.28,46.311371],[-96.280113,46.296615],[-96.280063,46.284065],[-96.280056,46.282312],[-96.277792,46.282316],[-96.264647,46.282196],[-96.264714,46.270278],[-96.264806,46.254143],[-96.265401,46.24467],[-96.265393,46.238555],[-96.26536,46.202225],[-96.265333,46.195256],[-96.265399,46.195051],[-96.265221,46.13736],[-96.265234,46.115359],[-96.265366,46.108649],[-96.265372,46.108344],[-96.196474,46.108674],[-96.141718,46.10816],[-96.141685,46.108342],[-96.018293,46.108341],[-95.998368,46.10831],[-95.977741,46.108297],[-95.957147,46.10828],[-95.936224,46.108284],[-95.894607,46.108186],[-95.83313,46.107872],[-95.824326,46.107714],[-95.76993,46.107458],[-95.753604,46.107337],[-95.750325,46.107391],[-95.750325,46.1075],[-95.749527,46.107496],[-95.705466,46.10735],[-95.699858,46.10735],[-95.694067,46.107351],[-95.685359,46.107405],[-95.645441,46.107532],[-95.562297,46.107858],[-95.555547,46.107728],[-95.520733,46.107835],[-95.511159,46.107891],[-95.484999,46.108161],[-95.482069,46.10817],[-95.417187,46.108064],[-95.396424,46.107922],[-95.365413,46.107689],[-95.307558,46.107497],[-95.303418,46.107314],[-95.29734,46.107314],[-95.292839,46.107359],[-95.271571,46.107253],[-95.256608,46.10718],[-95.255025,46.107142],[-95.250667,46.10714],[-95.234677,46.107028],[-95.2074,46.106888],[-95.203173,46.106854],[-95.195926,46.106653],[-95.195597,46.106493],[-95.190406,46.106883],[-95.166718,46.106836],[-95.14579,46.106671],[-95.145801,46.107794],[-95.145863,46.113679],[-95.145872,46.114562],[-95.145943,46.121205],[-95.145993,46.135781],[-95.146024,46.138637],[-95.14608,46.150795],[-95.146079,46.151539],[-95.146158,46.179474],[-95.146342,46.194122],[-95.146203,46.208588],[-95.145699,46.223054],[-95.146249,46.237542],[-95.145617,46.28233],[-95.154257,46.282404],[-95.154475,46.29689],[-95.154638,46.30491],[-95.154763,46.311058],[-95.155592,46.365354],[-95.155458,46.368941],[-95.15528,46.383339],[-95.155438,46.423259],[-95.155453,46.426985],[-95.155417,46.431015],[-95.155383,46.432287],[-95.155349,46.433864],[-95.155327,46.441677],[-95.155308,46.449106],[-95.155273,46.452465],[-95.155271,46.455984],[-95.155271,46.456418],[-95.155236,46.458565],[-95.155388,46.485005],[-95.15552,46.535349],[-95.15525,46.54289],[-95.155814,46.601114],[-95.155164,46.629935],[-95.163157,46.62996],[-95.163435,46.66804],[-95.16382,46.702998],[-95.16379,46.70331],[-95.163655,46.71044],[-95.163519,46.71766]]]},"properties":{"name":"OtterTail=OTT","type":"county"}},
{"type":"Feature","geometry":{"type":"Polygon","coordinates":[[[-95.59378,48.172967],[-95.616393,48.173029],[-95.712814,48.172926],[-95.722717,48.173061],[-95.744332,48.172663],[-95.7657,48.172717],[-95.830824,48.172106],[-95.852776,48.172052],[-95.981928,48.171686],[-96.046824,48.172123],[-96.108461,48.171799],[-96.138876,48.173191],[-96.173745,48.173575],[-96.181394,48.172434],[-96.183407,48.171993],[-96.207254,48.172113],[-96.217936,48.172142],[-96.239744,48.172694],[-96.249178,48.173699],[-96.251164,48.173928],[-96.261938,48.174867],[-96.297795,48.174672],[-96.325321,48.174514],[-96.347052,48.174294],[-96.368524,48.175052],[-96.380054,48.174477],[-96.445479,48.174652],[-96.456393,48.174203],[-96.456475,48.174171],[-96.500806,48.174109],[-96.500968,48.108706],[-96.500852,48.085814],[-96.500881,48.064436],[-96.5009,48.021696],[-96.482586,48.021665],[-96.482622,48.020241],[-96.482666,47.983971],[-96.482685,47.979948],[-96.482659,47.963499],[-96.457047,47.963436],[-96.439056,47.963345],[-96.376576,47.963372],[-96.352753,47.963429],[-96.288542,47.962836],[-96.282136,47.96282],[-96.245225,47.962779],[-96.231452,47.962805],[-96.223962,47.962819],[-96.222643,47.962821],[-96.215331,47.962835],[-96.194688,47.962859],[-96.194518,47.962836],[-96.182648,47.963042],[-96.125315,47.963115],[-96.095939,47.963744],[-96.075563,47.963564],[-96.053969,47.963655],[-96.034151,47.963878],[-96.032461,47.963869],[-96.010575,47.963892],[-95.988884,47.964189],[-95.96746,47.964472],[-95.957123,47.964187],[-95.881488,47.964646],[-95.859517,47.964578],[-95.838374,47.964518],[-95.818309,47.964543],[-95.785598,47.964529],[-95.709799,47.964312],[-95.709863,47.957163],[-95.709802,47.949348],[-95.709745,47.94658],[-95.709685,47.940945],[-95.709513,47.935806],[-95.662561,47.934838],[-95.65635,47.934868],[-95.624926,47.934305],[-95.603646,47.934041],[-95.582155,47.933966],[-95.582555,47.977219],[-95.582395,47.999958],[-95.582664,48.006166],[-95.582887,48.020557],[-95.592487,48.020558],[-95.592286,48.052659],[-95.593094,48.107612],[-95.59378,48.172967]]]},"properties":{"name":"Pennington=PEN","type":"county"}},
{"type":"Feature","geometry":{"type":"Polygon","coordinates":[[[-92.29286,46.41722],[-92.300697,46.417319],[-92.318941,46.417526],[-92.425867,46.417824],[-92.450004,46.417846],[-92.453842,46.417949],[-92.470217,46.418003],[-92.491105,46.418088],[-92.498168,46.418055],[-92.524799,46.418037],[-92.539043,46.418055],[-92.553164,46.418072],[-92.591461,46.418134],[-92.595219,46.418142],[-92.619607,46.418113],[-92.626394,46.418088],[-92.630123,46.418098],[-92.641671,46.418145],[-92.663026,46.418229],[-92.672886,46.418264],[-92.678443,46.418283],[-92.699364,46.418375],[-92.699655,46.418375],[-92.706471,46.418374],[-92.709245,46.41838],[-92.725509,46.418415],[-92.731734,46.418453],[-92.73331,46.418481],[-92.736399,46.418472],[-92.736664,46.418471],[-92.737468,46.418469],[-92.73802,46.418468],[-92.738803,46.418466],[-92.742613,46.418457],[-92.755585,46.418361],[-92.762031,46.41841],[-92.762122,46.41841],[-92.767957,46.418377],[-92.773004,46.418529],[-92.785834,46.418479],[-92.78682,46.418441],[-92.793746,46.418492],[-92.794158,46.418489],[-92.797562,46.418466],[-92.798591,46.418492],[-92.803169,46.418408],[-92.82688,46.418786],[-92.843373,46.418887],[-92.844994,46.418897],[-92.866149,46.419277],[-92.875203,46.418907],[-92.907854,46.419096],[-92.927718,46.419211],[-92.948878,46.419334],[-92.949644,46.419336],[-92.964134,46.419381],[-92.9699,46.419399],[-92.990956,46.419391],[-93.054847,46.419269],[-93.054118,46.390288],[-93.0542,46.386593],[-93.053798,46.34458],[-93.053833,46.332076],[-93.053835,46.31756],[-93.054024,46.288437],[-93.054067,46.281876],[-93.054138,46.268457],[-93.054105,46.268251],[-93.054248,46.252827],[-93.054157,46.245243],[-93.05398,46.224268],[-93.054014,46.216198],[-93.054082,46.207969],[-93.054083,46.198025],[-93.054215,46.197751],[-93.054089,46.19097],[-93.054088,46.190753],[-93.054052,46.183875],[-93.053901,46.176013],[-93.05389,46.1694],[-93.053871,46.15812],[-93.05386,46.150317],[-93.05396,46.143344],[-93.054029,46.12604],[-93.054255,46.115188],[-93.054393,46.107479],[-93.054757,46.09342],[-93.054822,46.093238],[-93.054823,46.093148],[-93.054889,46.085831],[-93.05522,46.071292],[-93.055025,46.053484],[-93.055158,46.038945],[-93.055167,46.035016],[-93.05518,46.029984],[-93.055193,46.024497],[-93.05527,46.010002],[-93.055081,45.981233],[-93.110941,45.981224],[-93.125969,45.980777],[-93.143152,45.980945],[-93.142576,45.904664],[-93.142532,45.896863],[-93.142634,45.882615],[-93.142353,45.817289],[-93.142343,45.810294],[-93.142315,45.802784],[-93.14229,45.795138],[-93.142262,45.790947],[-93.142026,45.759496],[-93.141792,45.73078],[-93.124843,45.730738],[-93.064838,45.731023],[-93.063726,45.731029],[-93.051419,45.730845],[-93.021711,45.730769],[-92.993075,45.730534],[-92.992096,45.730512],[-92.991247,45.730512],[-92.862458,45.730009],[-92.850249,45.730014],[-92.849335,45.729976],[-92.841051,45.730024],[-92.835917,45.732802],[-92.830685,45.73312],[-92.828981,45.733714],[-92.826013,45.73665],[-92.816559,45.742037],[-92.812939,45.742709],[-92.809837,45.744172],[-92.80855826,45.74511802],[-92.80772326,45.74573576],[-92.805348,45.747493],[-92.80522128,45.74770576],[-92.803971,45.749805],[-92.80263,45.751888],[-92.798645,45.753654],[-92.784621,45.764196],[-92.781373,45.773062],[-92.78133679,45.7732579],[-92.779617,45.782563],[-92.77741352,45.78782353],[-92.776496,45.790014],[-92.772065,45.79523],[-92.76843,45.79801],[-92.761833,45.801258],[-92.75901,45.803965],[-92.757815,45.806574],[-92.757947,45.811216],[-92.760023,45.815475],[-92.76030314,45.81584326],[-92.761889,45.817928],[-92.76463019,45.82422537],[-92.764906,45.824859],[-92.765681,45.827252],[-92.765146,45.830183],[-92.761712,45.833861],[-92.759458,45.835341],[-92.75633356,45.83697526],[-92.74918,45.840717],[-92.745557,45.841455],[-92.739991,45.846283],[-92.739278,45.84758],[-92.73662116,45.85728699],[-92.736117,45.859129],[-92.736484,45.863356],[-92.734039,45.868108],[-92.721128,45.883805],[-92.71304987,45.8912041],[-92.712503,45.891705],[-92.707702,45.894901],[-92.703265,45.896155],[-92.69922103,45.89643455],[-92.698983,45.896451],[-92.69146464,45.90018946],[-92.68624044,45.90278716],[-92.683924,45.903939],[-92.68267936,45.90435252],[-92.676607,45.90637],[-92.675737,45.907478],[-92.676807,45.91093],[-92.676167,45.912072],[-92.670352,45.916247],[-92.659549,45.922937],[-92.656125,45.924442],[-92.65590295,45.92444348],[-92.639116,45.924555],[-92.638474,45.925971],[-92.63999427,45.93199929],[-92.640115,45.932478],[-92.639936,45.933541],[-92.63959607,45.93373206],[-92.638824,45.934166],[-92.636316,45.934634],[-92.62926,45.932404],[-92.627723,45.932682],[-92.62272,45.935186],[-92.614314,45.934529],[-92.608329,45.938112],[-92.60246,45.940815],[-92.590138,45.941773],[-92.580565,45.94625],[-92.574892,45.948103],[-92.569764,45.948146],[-92.561256,45.951006],[-92.551933,45.951651],[-92.551186,45.95224],[-92.549858,45.957039],[-92.550672,45.960759],[-92.549806,45.967986],[-92.548459,45.969056],[-92.545682,45.970118],[-92.537709,45.977818],[-92.530516,45.981918],[-92.527052,45.983245],[-92.52678206,45.98329652],[-92.52506813,45.9836236],[-92.52492203,45.98365148],[-92.522032,45.984203],[-92.519488,45.983917],[-92.51711911,45.98336897],[-92.51710873,45.98336657],[-92.502535,45.979995],[-92.49434169,45.97684591],[-92.491211,45.97564264],[-92.490996,45.97556],[-92.49079081,45.97557006],[-92.484633,45.975872],[-92.479478,45.973992],[-92.472761,45.972952],[-92.469354,45.973811],[-92.464481,45.976267],[-92.46126,45.979427],[-92.461138,45.980216],[-92.463429,45.981507],[-92.464173,45.982423],[-92.46424684,45.98299256],[-92.46432645,45.98360667],[-92.464512,45.985038],[-92.462477,45.98785],[-92.456494,45.990243],[-92.453373,45.992913],[-92.453635,45.996171],[-92.452952,45.997782],[-92.451627,46.000441],[-92.44963,46.002252],[-92.444294,46.009161],[-92.444356,46.011777],[-92.442259,46.016177],[-92.435627,46.021232],[-92.42902137,46.02404257],[-92.428555,46.024241],[-92.420696,46.026769],[-92.41162911,46.0272112],[-92.410649,46.027259],[-92.4088277,46.02677967],[-92.40862568,46.0267265],[-92.408259,46.02663],[-92.392681,46.01954],[-92.381707,46.017034],[-92.372717,46.014198],[-92.37184539,46.01410776],[-92.362141,46.013103],[-92.357965,46.013413],[-92.35176,46.015685],[-92.3515819,46.01581455],[-92.349977,46.016982],[-92.350319,46.01898],[-92.350004,46.021888],[-92.349281,46.023624],[-92.346345,46.025429],[-92.344244,46.02743],[-92.343745,46.028525],[-92.342429,46.034541],[-92.343604,46.040917],[-92.343459,46.04299],[-92.341278,46.045424],[-92.33859,46.050111],[-92.338239,46.052149],[-92.335335,46.059422],[-92.33490659,46.06000105],[-92.33400499,46.06121969],[-92.332912,46.062697],[-92.33190946,46.06351007],[-92.33098047,46.06426349],[-92.329806,46.065216],[-92.327868,46.06618],[-92.32724508,46.0664068],[-92.319329,46.069289],[-92.3166755,46.06994768],[-92.306756,46.07241],[-92.298638,46.072989],[-92.294033,46.07437707],[-92.294069,46.078346],[-92.29353,46.113824],[-92.29370452,46.157058],[-92.293744,46.166838],[-92.293857,46.180073],[-92.293558,46.224578],[-92.293619,46.244043],[-92.293074,46.295129],[-92.293007,46.297987],[-92.29284,46.304319],[-92.292839,46.307107],[-92.29288,46.313752],[-92.292803,46.314628],[-92.292782,46.319312],[-92.292999,46.321894],[-92.29298551,46.331148],[-92.29286,46.41722]]]},"properties":{"name":"Pine=PIN","type":"county"}},
{"type":"Feature","geometry":{"type":"Polygon","coordinates":[[[-96.07872,44.196624],[-96.118047,44.196887],[-96.148836,44.197019],[-96.157641,44.19705],[-96.183968,44.197106],[-96.199658,44.197282],[-96.210583,44.197303],[-96.220119,44.1974],[-96.244801,44.197521],[-96.245336,44.197522],[-96.281143,44.197491],[-96.30122,44.197495],[-96.308209,44.197496],[-96.322914,44.197386],[-96.325926,44.197399],[-96.341544,44.197339],[-96.343632,44.197333],[-96.348588,44.197309],[-96.35294,44.197307],[-96.363964,44.19728],[-96.368983,44.19721],[-96.452774,44.196895],[-96.45299728,44.11117966],[-96.453187,44.03835],[-96.453313,44.03643],[-96.453405,44.025413],[-96.453373,44.023744],[-96.453053,44.008887],[-96.453116,44.006876],[-96.453297,43.994723],[-96.453328,43.992871],[-96.453263,43.980277],[-96.453389,43.97806],[-96.453292,43.96718],[-96.453165,43.96654],[-96.453289,43.950814],[-96.453352,43.949122],[-96.45332207,43.93664178],[-96.453183,43.87865],[-96.453304,43.878583],[-96.453335,43.877029],[-96.453264,43.849604],[-96.444388,43.849566],[-96.442729,43.849559],[-96.411279,43.849384],[-96.408789,43.849467],[-96.407555,43.849381],[-96.403293,43.849374],[-96.40252,43.849366],[-96.402185,43.849362],[-96.400925,43.849351],[-96.398871,43.849304],[-96.395965,43.84928],[-96.39495,43.849247],[-96.393091,43.849256],[-96.392666,43.849249],[-96.389933,43.849278],[-96.387532,43.849254],[-96.306904,43.84892],[-96.291901,43.848758],[-96.2913,43.84876],[-96.245283,43.848632],[-96.240755,43.848562],[-96.225102,43.848616],[-96.221795,43.848611],[-96.216892,43.848603],[-96.205016,43.848643],[-96.184815,43.848674],[-96.172487,43.848687],[-96.14628,43.84875],[-96.142675,43.848746],[-96.133389,43.848696],[-96.113611,43.848836],[-96.064472,43.849165],[-96.064003,43.898336],[-96.06403,43.916294],[-96.064066,43.916436],[-96.064022,43.935612],[-96.064034,43.942192],[-96.064034,43.950122],[-96.064324,44.022674],[-96.064198,44.051651],[-96.064165,44.066231],[-96.063942,44.109721],[-96.063632,44.138875],[-96.063537,44.182478],[-96.063779,44.196533],[-96.069224,44.196567],[-96.07872,44.196624]]]},"properties":{"name":"Pipestone=PIP","type":"county"}},
{"type":"Feature","geometry":{"type":"Polygon","coordinates":[[[-96.500806,48.174109],[-96.609293,48.17369],[-96.630993,48.173667],[-96.739392,48.173392],[-96.760622,48.173353],[-96.78217,48.173367],[-96.890796,48.173132],[-96.912332,48.173298],[-96.981256,48.173076],[-97.020394,48.173215],[-97.06372,48.173156],[-97.085341,48.173386],[-97.128693,48.173228],[-97.1457015,48.17322412],[-97.146672,48.17148446],[-97.14674228,48.16867337],[-97.14674521,48.16855591],[-97.144242,48.16249],[-97.14195,48.160202],[-97.13964348,48.15911134],[-97.13891135,48.15779349],[-97.13891135,48.15530422],[-97.13949706,48.15310781],[-97.140295,48.150894],[-97.14227918,48.14805606],[-97.14213275,48.14498109],[-97.14140061,48.14359002],[-97.13870436,48.14292291],[-97.13429888,48.14183289],[-97.13195604,48.13956327],[-97.13252,48.137641],[-97.13217568,48.13582937],[-97.129453,48.133133],[-97.128279,48.127185],[-97.126862,48.124277],[-97.121586,48.116925],[-97.120702,48.114987],[-97.120592,48.113365],[-97.12104,48.112281],[-97.12153372,48.11162491],[-97.123135,48.109497],[-97.123666,48.108004],[-97.12359937,48.10780803],[-97.12359014,48.10778087],[-97.12356623,48.10771053],[-97.123205,48.106648],[-97.12272608,48.1064712],[-97.119773,48.105381],[-97.113194,48.106188],[-97.11147,48.105913],[-97.109535,48.104723],[-97.108428,48.099824],[-97.10487173,48.09785061],[-97.10394981,48.09618405],[-97.10387889,48.09451748],[-97.10436154,48.09399193],[-97.10547453,48.09278],[-97.10561637,48.09136165],[-97.10522632,48.09043972],[-97.102165,48.089122],[-97.099798,48.085884],[-97.099431,48.082106],[-97.100771,48.077452],[-97.104154,48.074578],[-97.104697,48.073094],[-97.104483,48.072428],[-97.103052,48.071669],[-97.097772,48.07108],[-97.086986,48.058222],[-97.082895,48.055794],[-97.075641,48.052725],[-97.074015,48.051212],[-97.0733747,48.05006689],[-97.0729517,48.0493104],[-97.072257,48.048068],[-97.07208453,48.0474791],[-97.070411,48.041765],[-97.068711,48.027694],[-97.068987,48.026267],[-97.071911,48.021395],[-97.07196399,48.02102538],[-97.0720194,48.02063885],[-97.072239,48.019107],[-97.070654,48.016918],[-97.069284,48.016176],[-97.06896529,48.01613811],[-97.064927,48.015658],[-97.063289,48.014989],[-97.06323441,48.01463229],[-97.063012,48.013179],[-97.065411,48.011337],[-97.066762,48.009558],[-97.064289,47.998508],[-97.06407405,47.99823719],[-97.06231178,47.99601701],[-97.062257,47.995948],[-97.06199014,47.99583764],[-97.054945,47.992924],[-97.053553,47.991612],[-97.05334253,47.9909951],[-97.0532351,47.99068022],[-97.053089,47.990252],[-97.053537,47.987948],[-97.056481,47.980556],[-97.059153,47.97538],[-97.059353,47.97398],[-97.057153,47.97048],[-97.057854,47.96898],[-97.061554,47.96588],[-97.061854,47.96448],[-97.061454,47.96358],[-97.059054,47.96208],[-97.054054,47.959679],[-97.052454,47.957179],[-97.052554,47.954779],[-97.055154,47.950779],[-97.055554,47.949079],[-97.054554,47.946279],[-97.051054,47.943379],[-97.044954,47.941079],[-97.039154,47.940479],[-97.036054,47.939379],[-97.035554,47.936579],[-97.037354,47.933279],[-97.035754,47.930179],[-97.029654,47.927578],[-97.02611299,47.925257],[-97.02490341,47.92446417],[-97.02177815,47.92241568],[-97.02125247,47.92207112],[-97.017754,47.919778],[-97.018054,47.918078],[-97.023754,47.915878],[-97.01953188,47.91405924],[-97.017254,47.913078],[-97.015354,47.910278],[-97.015054,47.907178],[-97.017254,47.905678],[-97.020355,47.906378],[-97.023555,47.908478],[-97.024955,47.908178],[-97.024155,47.905278],[-97.020255,47.902178],[-97.020155,47.900478],[-97.023955,47.898078],[-97.024955,47.894978],[-97.018955,47.891078],[-97.019155,47.889778],[-97.024955,47.886878],[-97.025355,47.884278],[-97.023355,47.882078],[-97.019355,47.880278],[-97.017955,47.878478],[-97.018955,47.876878],[-97.023156,47.874978],[-97.023156,47.873978],[-97.021256,47.872578],[-97.017356,47.871578],[-97.005356,47.870177],[-97.002456,47.868677],[-97.001556,47.867377],[-97.003356,47.865877],[-97.005857,47.865277],[-97.005557,47.863977],[-97.001759,47.861266],[-97.000356,47.860915],[-96.998144,47.858882],[-96.99757348,47.85695865],[-96.99726816,47.85592933],[-96.99715242,47.85553916],[-96.996816,47.854405],[-96.99653485,47.84818053],[-96.99652305,47.84791929],[-96.996364,47.844398],[-96.99706811,47.84382816],[-96.99753399,47.84345112],[-96.99789,47.843163],[-96.998295,47.841724],[-96.992963,47.837911],[-96.986685,47.837639],[-96.981725,47.830421],[-96.98197932,47.82867585],[-96.98227191,47.82666818],[-96.98168297,47.82578477],[-96.98095194,47.82539642],[-96.97932722,47.82453328],[-96.97932722,47.82249942],[-96.97932722,47.82180944],[-96.98013701,47.82144136],[-96.98047861,47.82084354],[-96.98072594,47.82041071],[-96.980391,47.815662],[-96.977946,47.811619],[-96.978894,47.809882],[-96.9809468,47.80833748],[-96.98116765,47.80679152],[-96.98057871,47.80561364],[-96.976176,47.801544],[-96.97608806,47.79957702],[-96.97513103,47.79832553],[-96.97358507,47.79788383],[-96.971698,47.798255],[-96.966068,47.797297],[-96.963523,47.794601],[-96.95786,47.792021],[-96.957216,47.79097],[-96.957283,47.790147],[-96.961554,47.788707],[-96.963521,47.78729],[-96.96535,47.784937],[-96.965316,47.783474],[-96.9644,47.782995],[-96.96368895,47.78308036],[-96.96252581,47.78321999],[-96.961926,47.783292],[-96.95905023,47.78143985],[-96.956501,47.779798],[-96.956635,47.776188],[-96.949585,47.775228],[-96.94950736,47.77517704],[-96.94538159,47.77246868],[-96.939179,47.768397],[-96.936909,47.764536],[-96.938435,47.762411],[-96.93790456,47.76037027],[-96.93789855,47.76034716],[-96.937859,47.760195],[-96.935555,47.758276],[-96.93268446,47.75680367],[-96.93264816,47.75531544],[-96.9329781,47.75514663],[-96.93420899,47.75451687],[-96.93446308,47.75295604],[-96.93437849,47.75279744],[-96.93417269,47.75241156],[-96.929051,47.750331],[-96.928505,47.748037],[-96.928506,47.744884],[-96.929319,47.742988],[-96.933011,47.739949],[-96.933316,47.738716],[-96.932809,47.737139],[-96.930574,47.734352],[-96.925089,47.729051],[-96.919131,47.724731],[-96.918556,47.723863],[-96.919471,47.722515],[-96.92347966,47.71980945],[-96.92354402,47.71820055],[-96.92286197,47.71783865],[-96.92039057,47.71652729],[-96.91981136,47.71433918],[-96.920321,47.712394],[-96.920119,47.710383],[-96.91718484,47.70884902],[-96.9154995,47.70796793],[-96.91485594,47.70700259],[-96.91440545,47.70481448],[-96.91514232,47.70368084],[-96.91524208,47.70352736],[-96.91524208,47.70236895],[-96.91417832,47.70172145],[-96.91376189,47.70146797],[-96.91308914,47.70167219],[-96.912846,47.701746],[-96.9127184,47.70162662],[-96.91225904,47.70119687],[-96.911527,47.700512],[-96.91100303,47.69955854],[-96.909769,47.697313],[-96.907604,47.695119],[-96.90735122,47.69426418],[-96.907266,47.693976],[-96.90744415,47.69380633],[-96.910144,47.691235],[-96.90992542,47.68964172],[-96.909909,47.689522],[-96.90975276,47.68939459],[-96.90926147,47.68899395],[-96.908928,47.688722],[-96.90854226,47.68866979],[-96.90773897,47.68856107],[-96.907236,47.688493],[-96.90654156,47.68875939],[-96.90590478,47.68900365],[-96.905273,47.689246],[-96.90318669,47.69135769],[-96.902971,47.691576],[-96.90262112,47.69158858],[-96.90188043,47.6916152],[-96.901719,47.691621],[-96.90150174,47.69149468],[-96.90077709,47.69107333],[-96.900264,47.690775],[-96.89996783,47.69035218],[-96.89956987,47.68978404],[-96.899352,47.689473],[-96.89808572,47.68238269],[-96.896724,47.674758],[-96.89652399,47.67459447],[-96.895271,47.67357],[-96.89284469,47.67327079],[-96.891922,47.673157],[-96.89109625,47.67221167],[-96.889726,47.670643],[-96.889627,47.668587],[-96.887126,47.666369],[-96.88573427,47.66374685],[-96.885573,47.663443],[-96.88571,47.661547],[-96.88740492,47.65913998],[-96.887607,47.658853],[-96.88755116,47.65834425],[-96.88697,47.653049],[-96.882882,47.650168],[-96.88275843,47.64988888],[-96.88261321,47.64956083],[-96.882376,47.649025],[-96.88263825,47.64503896],[-96.88283995,47.6419731],[-96.882857,47.641714],[-96.88324885,47.64148735],[-96.88407611,47.64100886],[-96.884515,47.640755],[-96.888166,47.63973],[-96.888573,47.63845],[-96.882393,47.633489],[-96.88069616,47.62592555],[-96.879496,47.620576],[-96.876355,47.619181],[-96.870871,47.618042],[-96.8706,47.617563],[-96.871005,47.616832],[-96.874078,47.614774],[-96.87375174,47.61387618],[-96.873671,47.613654],[-96.86460709,47.61265478],[-96.860255,47.612175],[-96.85993444,47.61203068],[-96.857112,47.61076],[-96.855421,47.60875],[-96.85526499,47.60812955],[-96.85519411,47.60784764],[-96.85503036,47.60719641],[-96.854812,47.606328],[-96.85496355,47.60603817],[-96.856903,47.602329],[-96.855618,47.60089],[-96.85378495,47.59980782],[-96.85282642,47.59789076],[-96.85311398,47.59683637],[-96.85445592,47.59626126],[-96.85448648,47.59609829],[-96.85474348,47.59472761],[-96.85326577,47.59299512],[-96.85196375,47.59146861],[-96.85129277,47.58926399],[-96.85196059,47.58596541],[-96.85247256,47.58343663],[-96.853273,47.579483],[-96.85344888,47.57927113],[-96.85406012,47.57853483],[-96.85637298,47.57574872],[-96.85589372,47.5733524],[-96.85407251,47.57201045],[-96.8540009,47.57170612],[-96.8536891,47.57038095],[-96.85666054,47.56788878],[-96.8587693,47.56740951],[-96.85886592,47.56714381],[-96.85915272,47.56635513],[-96.85867346,47.56453392],[-96.85756642,47.56416491],[-96.85723566,47.56405466],[-96.85685225,47.56328783],[-96.85742737,47.56165833],[-96.85859982,47.56035561],[-96.85915272,47.55974127],[-96.85905687,47.55859104],[-96.85800248,47.55657812],[-96.85602213,47.55523125],[-96.85509176,47.55459849],[-96.85375454,47.55249713],[-96.85432763,47.55049129],[-96.85623796,47.54896304],[-96.85662002,47.54810339],[-96.85660625,47.54802081],[-96.85642899,47.5469572],[-96.85442315,47.54533343],[-96.85423212,47.54466481],[-96.85433311,47.54418512],[-96.85461418,47.54285001],[-96.85544871,47.54182582],[-96.85671554,47.54027108],[-96.85642899,47.53845627],[-96.85582802,47.53794116],[-96.85509176,47.53731008],[-96.8547097,47.53597285],[-96.860524,47.529536],[-96.862379,47.529055],[-96.86473888,47.52766296],[-96.86636266,47.52594367],[-96.86636266,47.52489299],[-96.863551,47.520304],[-96.863245,47.517266],[-96.861422,47.515873],[-96.858454,47.514892],[-96.85729654,47.51474929],[-96.85581465,47.51456658],[-96.854204,47.514368],[-96.85346799,47.51381313],[-96.85326255,47.51210117],[-96.85318144,47.51142523],[-96.85174869,47.510088],[-96.85168966,47.50992565],[-96.85136663,47.50903733],[-96.85174869,47.50789113],[-96.853052,47.506828],[-96.853286,47.503881],[-96.85328733,47.50377103],[-96.85331513,47.50147596],[-96.853317,47.501322],[-96.85184421,47.49939021],[-96.85181148,47.49899745],[-96.710638,47.498737],[-96.708918,47.498783],[-96.688117,47.498625],[-96.625349,47.499418],[-96.580246,47.499167],[-96.451824,47.499121],[-96.430337,47.499208],[-96.323115,47.499592],[-96.259402,47.499589],[-96.23463,47.499554],[-96.233179,47.499556],[-96.195476,47.499584],[-96.131533,47.49954],[-96.067502,47.499197],[-96.024527,47.499257],[-96.003024,47.499246],[-95.9391,47.49915],[-95.933302,47.499081],[-95.928381,47.499127],[-95.86971,47.499341],[-95.848407,47.499442],[-95.81052,47.499426],[-95.805599,47.499426],[-95.785678,47.499263],[-95.724245,47.499215],[-95.723856,47.499267],[-95.682052,47.499357],[-95.678823,47.499364],[-95.663371,47.499398],[-95.631897,47.499467],[-95.605607,47.499622],[-95.569705,47.500211],[-95.557402,47.500328],[-95.554315,47.500328],[-95.55422,47.500328],[-95.55359,47.519229],[-95.55379,47.528893],[-95.553822,47.539767],[-95.553649,47.572304],[-95.553648,47.572434],[-95.553545,47.583217],[-95.553537,47.586797],[-95.553517,47.601264],[-95.553438,47.630105],[-95.553364,47.632443],[-95.553396,47.634436],[-95.553418,47.635761],[-95.553875,47.647239],[-95.55339,47.673585],[-95.561524,47.673581],[-95.578839,47.673561],[-95.578868,47.703943],[-95.57915,47.731378],[-95.579459,47.745861],[-95.58007,47.760612],[-95.580011,47.789684],[-95.580668,47.829399],[-95.58081,47.843859],[-95.580985,47.84715],[-95.582022,47.919266],[-95.582057,47.925799],[-95.582155,47.933966],[-95.603646,47.934041],[-95.624926,47.934305],[-95.65635,47.934868],[-95.662561,47.934838],[-95.709513,47.935806],[-95.709673,47.913558],[-95.709624,47.877536],[-95.709182,47.862908],[-95.709107,47.848563],[-95.730826,47.848625],[-95.836827,47.84822],[-95.836789,47.844301],[-95.836813,47.841073],[-95.836718,47.835178],[-95.836559,47.786504],[-95.837055,47.760692],[-95.93408,47.760768],[-95.945055,47.760562],[-95.967013,47.76057],[-96.000753,47.760432],[-96.074437,47.760016],[-96.095891,47.760033],[-96.203171,47.759698],[-96.224208,47.759783],[-96.282082,47.759841],[-96.330511,47.760233],[-96.342272,47.760332],[-96.351825,47.760444],[-96.352093,47.781852],[-96.352296,47.803776],[-96.352834,47.8472],[-96.429586,47.847687],[-96.434201,47.847665],[-96.455988,47.847707],[-96.470716,47.847617],[-96.481983,47.84743],[-96.482158,47.854876],[-96.482635,47.934442],[-96.482659,47.963499],[-96.482685,47.979948],[-96.482666,47.983971],[-96.482622,48.020241],[-96.482586,48.021665],[-96.5009,48.021696],[-96.500881,48.064436],[-96.500852,48.085814],[-96.500968,48.108706],[-96.500806,48.174109]]]},"properties":{"name":"Polk=POL","type":"county"}},
{"type":"Feature","geometry":{"type":"Polygon","coordinates":[[[-95.13967,45.75889],[-95.170403,45.758978],[-95.220325,45.758723],[-95.243212,45.758829],[-95.250908,45.758782],[-95.262858,45.758787],[-95.27977,45.758702],[-95.283589,45.758817],[-95.321593,45.758855],[-95.352819,45.758903],[-95.353229,45.758904],[-95.383423,45.759264],[-95.387946,45.759365],[-95.408399,45.759824],[-95.408889,45.759618],[-95.42058,45.759756],[-95.42502,45.759715],[-95.430371,45.759666],[-95.431209,45.759658],[-95.431912,45.759651],[-95.469678,45.759411],[-95.510384,45.758787],[-95.511304,45.758789],[-95.515058,45.759111],[-95.567911,45.759234],[-95.593277,45.759275],[-95.594942,45.759412],[-95.599936,45.75936],[-95.617206,45.759426],[-95.634383,45.75959],[-95.644112,45.759731],[-95.65508,45.759643],[-95.683336,45.759772],[-95.683394,45.759772],[-95.758508,45.760001],[-95.75879,45.745159],[-95.758816,45.742764],[-95.75892,45.712696],[-95.758861,45.708676],[-95.75876,45.701744],[-95.758391,45.676272],[-95.75856,45.672727],[-95.758521,45.643572],[-95.758494,45.64238],[-95.758486,45.633868],[-95.758499,45.632673],[-95.758473,45.629804],[-95.758442,45.626553],[-95.758437,45.62598],[-95.758424,45.614563],[-95.758471,45.598683],[-95.758481,45.585508],[-95.754614,45.585483],[-95.747754,45.585521],[-95.747653,45.571349],[-95.7477,45.554792],[-95.747695,45.550779],[-95.747588,45.513402],[-95.747742,45.49918],[-95.747674,45.470176],[-95.747609,45.441253],[-95.747471,45.419636],[-95.747473,45.417826],[-95.747479,45.41237],[-95.726781,45.412402],[-95.709838,45.412452],[-95.685805,45.412524],[-95.67166,45.412477],[-95.62423,45.41246],[-95.561904,45.412226],[-95.541528,45.412133],[-95.500748,45.411881],[-95.48028,45.411987],[-95.459774,45.412154],[-95.428982,45.412271],[-95.377747,45.412896],[-95.363592,45.412372],[-95.31157,45.412614],[-95.286196,45.412657],[-95.255127,45.412523],[-95.192828,45.412591],[-95.192082,45.412591],[-95.13173,45.412402],[-95.131443,45.49539],[-95.131462,45.499064],[-95.131451,45.499064],[-95.131385,45.499964],[-95.131412,45.499964],[-95.131379,45.500668],[-95.131378,45.501468],[-95.13147,45.507205],[-95.131466,45.507657],[-95.131444,45.509973],[-95.131386,45.527729],[-95.131592,45.585025],[-95.139859,45.585052],[-95.139608,45.613934],[-95.139195,45.636619],[-95.139258,45.639088],[-95.139313,45.647696],[-95.13928,45.657565],[-95.139231,45.671975],[-95.139604,45.704487],[-95.139622,45.708602],[-95.139653,45.715239],[-95.139643,45.752155],[-95.13967,45.75889]]]},"properties":{"name":"Pope=POP","type":"county"}},
{"type":"Feature","geometry":{"type":"Polygon","coordinates":[[[-93.020518,45.123866],[-93.024618,45.123866],[-93.033118,45.123866],[-93.047719,45.123966],[-93.056319,45.123966],[-93.056619,45.123966],[-93.07152,45.124066],[-93.08622,45.124066],[-93.09122,45.124066],[-93.106521,45.124066],[-93.121822,45.124166],[-93.127222,45.124166],[-93.142722,45.124265],[-93.151423,45.124365],[-93.153323,45.124265],[-93.155403,45.124265],[-93.15732,45.124265],[-93.163623,45.124265],[-93.184024,45.124265],[-93.188624,45.124265],[-93.190824,45.124265],[-93.198424,45.124265],[-93.204425,45.124365],[-93.212125,45.124465],[-93.213325,45.124365],[-93.217325,45.124465],[-93.223225,45.124465],[-93.225025,45.124365],[-93.227925,45.124365],[-93.227525,45.116065],[-93.227425,45.111265],[-93.227525,45.107565],[-93.227525,45.106965],[-93.227625,45.100365],[-93.227525,45.096665],[-93.227425,45.093065],[-93.227425,45.092865],[-93.227425,45.092665],[-93.227525,45.090065],[-93.227525,45.088965],[-93.227425,45.087665],[-93.227425,45.085865],[-93.227425,45.082265],[-93.227325,45.074965],[-93.227325,45.071665],[-93.227225,45.064665],[-93.227224,45.061797],[-93.227224,45.061465],[-93.226924,45.057265],[-93.226924,45.054265],[-93.226924,45.053065],[-93.226824,45.049965],[-93.226824,45.047865],[-93.227024,45.041965],[-93.226924,45.040965],[-93.226924,45.040665],[-93.226924,45.04025],[-93.226924,45.038665],[-93.227024,45.035465],[-93.219424,45.035565],[-93.218324,45.035565],[-93.208323,45.035665],[-93.208023,45.027765],[-93.207923,45.027465],[-93.207723,45.020465],[-93.207623,45.013065],[-93.207523,45.005965],[-93.207523,45.000565],[-93.207623,44.991665],[-93.207623,44.988065],[-93.207723,44.980365],[-93.207723,44.975765],[-93.207623,44.974865],[-93.207722,44.967965],[-93.207722,44.964565],[-93.207722,44.961065],[-93.207622,44.959865],[-93.207722,44.958365],[-93.207722,44.955765],[-93.207622,44.954765],[-93.207522,44.952965],[-93.201522,44.948265],[-93.200228,44.94151],[-93.200281,44.937373],[-93.200322,44.934165],[-93.200159,44.930654],[-93.199922,44.926765],[-93.200921,44.917765],[-93.201773,44.912963],[-93.200621,44.909965],[-93.199421,44.908365],[-93.194321,44.905565],[-93.193821,44.905265],[-93.192221,44.904165],[-93.191321,44.902665],[-93.191921,44.897365],[-93.190921,44.896265],[-93.185321,44.894365],[-93.18162,44.893965],[-93.17692,44.893465],[-93.17812,44.888365],[-93.172026,44.887511],[-93.156656,44.891956],[-93.153019,44.893565],[-93.143019,44.901665],[-93.138919,44.904065],[-93.137319,44.904965],[-93.135419,44.907265],[-93.132819,44.911465],[-93.131519,44.916765],[-93.128919,44.919465],[-93.110018,44.919565],[-93.106018,44.919565],[-93.097518,44.919565],[-93.096018,44.919565],[-93.096018,44.920665],[-93.095918,44.923165],[-93.090818,44.923165],[-93.09084,44.922968],[-93.090824,44.922259],[-93.090818,44.921365],[-93.090829,44.921173],[-93.090832,44.919565],[-93.088018,44.919565],[-93.085117,44.919665],[-93.080717,44.919565],[-93.076517,44.919565],[-93.072917,44.919565],[-93.065317,44.919565],[-93.059717,44.919465],[-93.059017,44.919465],[-93.052059,44.919465],[-93.049966,44.91762],[-93.043616,44.909565],[-93.041816,44.904965],[-93.036415,44.899966],[-93.031315,44.896766],[-93.021815,44.892966],[-93.019415,44.890666],[-93.010814,44.890766],[-93.009114,44.890566],[-93.006514,44.890666],[-93.004714,44.890866],[-92.983913,44.890966],[-92.983813,44.895366],[-92.983913,44.901066],[-92.984074,44.904368],[-92.984114,44.909266],[-92.984114,44.910966],[-92.984314,44.919866],[-92.984314,44.928066],[-92.984414,44.941465],[-92.984514,44.948217],[-92.984514,44.948565],[-92.984414,44.949165],[-92.984314,44.949765],[-92.984431,44.951394],[-92.984454,44.951719],[-92.984514,44.952565],[-92.984514,44.953127],[-92.984514,44.956065],[-92.984614,44.959165],[-92.984614,44.963365],[-92.984615,44.970665],[-92.984515,44.975765],[-92.984549,44.984409],[-92.984515,44.987165],[-92.984615,44.987765],[-92.984515,44.992465],[-92.984609,44.999658],[-92.984515,45.006865],[-92.984715,45.009665],[-92.984615,45.010465],[-92.984615,45.014065],[-92.984615,45.019265],[-92.984615,45.019665],[-92.984615,45.020065],[-92.984615,45.021265],[-92.984615,45.029165],[-92.984715,45.031465],[-92.984715,45.03301],[-92.984615,45.034065],[-92.984615,45.036565],[-92.984616,45.050266],[-92.984616,45.052066],[-92.984616,45.052218],[-92.984616,45.053966],[-92.984616,45.055566],[-92.984616,45.056366],[-92.984616,45.057566],[-92.984616,45.05773],[-92.984616,45.059663],[-92.984616,45.061166],[-92.984616,45.063766],[-92.984716,45.064766],[-92.984616,45.065366],[-92.984716,45.066166],[-92.984516,45.075366],[-92.984416,45.094466],[-92.984416,45.096766],[-92.984416,45.096966],[-92.984316,45.102866],[-92.984416,45.115666],[-92.984416,45.121966],[-92.984416,45.123566],[-92.994317,45.123666],[-93.003017,45.123666],[-93.003417,45.123666],[-93.003817,45.123666],[-93.008317,45.123766],[-93.019918,45.123766],[-93.020518,45.123866]]]},"properties":{"name":"Ramsey=RAM","type":"county"}},
{"type":"Feature","geometry":{"type":"Polygon","coordinates":[[[-95.709513,47.935806],[-95.709685,47.940945],[-95.709745,47.94658],[-95.709802,47.949348],[-95.709863,47.957163],[-95.709799,47.964312],[-95.785598,47.964529],[-95.818309,47.964543],[-95.838374,47.964518],[-95.859517,47.964578],[-95.881488,47.964646],[-95.957123,47.964187],[-95.96746,47.964472],[-95.988884,47.964189],[-96.010575,47.963892],[-96.032461,47.963869],[-96.034151,47.963878],[-96.053969,47.963655],[-96.075563,47.963564],[-96.095939,47.963744],[-96.125315,47.963115],[-96.182648,47.963042],[-96.194518,47.962836],[-96.194688,47.962859],[-96.215331,47.962835],[-96.222643,47.962821],[-96.223962,47.962819],[-96.231452,47.962805],[-96.245225,47.962779],[-96.282136,47.96282],[-96.288542,47.962836],[-96.352753,47.963429],[-96.376576,47.963372],[-96.439056,47.963345],[-96.457047,47.963436],[-96.482659,47.963499],[-96.482635,47.934442],[-96.482158,47.854876],[-96.481983,47.84743],[-96.470716,47.847617],[-96.455988,47.847707],[-96.434201,47.847665],[-96.429586,47.847687],[-96.352834,47.8472],[-96.352296,47.803776],[-96.352093,47.781852],[-96.351825,47.760444],[-96.342272,47.760332],[-96.330511,47.760233],[-96.282082,47.759841],[-96.224208,47.759783],[-96.203171,47.759698],[-96.095891,47.760033],[-96.074437,47.760016],[-96.000753,47.760432],[-95.967013,47.76057],[-95.945055,47.760562],[-95.93408,47.760768],[-95.837055,47.760692],[-95.836559,47.786504],[-95.836718,47.835178],[-95.836813,47.841073],[-95.836789,47.844301],[-95.836827,47.84822],[-95.730826,47.848625],[-95.709107,47.848563],[-95.709182,47.862908],[-95.709624,47.877536],[-95.709673,47.913558],[-95.709513,47.935806]]]},"properties":{"name":"RedLake=RDL","type":"county"}},
{"type":"Feature","geometry":{"type":"Polygon","coordinates":[[[-95.360189,44.698482],[-95.360928,44.671922],[-95.360537,44.665088],[-95.360582,44.643304],[-95.36057,44.62879],[-95.360626,44.614097],[-95.360509,44.610014],[-95.360482,44.601239],[-95.360359,44.599591],[-95.36027,44.591743],[-95.360195,44.585095],[-95.36034,44.581389],[-95.360336,44.577312],[-95.360335,44.576589],[-95.3604,44.541572],[-95.418578,44.541536],[-95.421422,44.541537],[-95.436407,44.541684],[-95.436921,44.541685],[-95.472428,44.541645],[-95.477936,44.541643],[-95.482815,44.541641],[-95.49815,44.541642],[-95.503156,44.541683],[-95.532334,44.541763],[-95.533217,44.541781],[-95.543328,44.541994],[-95.594908,44.542197],[-95.594452,44.529992],[-95.5947,44.515592],[-95.594632,44.508553],[-95.594504,44.508302],[-95.594601,44.500643],[-95.59482,44.497861],[-95.59453,44.495548],[-95.594438,44.494012],[-95.594439,44.493724],[-95.594464,44.486836],[-95.594414,44.479943],[-95.594359,44.472231],[-95.594285,44.465829],[-95.594191,44.457741],[-95.594054,44.443113],[-95.593959,44.436202],[-95.593854,44.428555],[-95.594037,44.414041],[-95.594124,44.39946],[-95.594052,44.384856],[-95.594018,44.37034],[-95.593982,44.363289],[-95.593945,44.35585],[-95.593955,44.348369],[-95.593959,44.345804],[-95.593967,44.341176],[-95.593898,44.337493],[-95.59385,44.332236],[-95.593799,44.326708],[-95.5936,44.312104],[-95.593392,44.282962],[-95.593352,44.268289],[-95.593344,44.253798],[-95.593409,44.246576],[-95.593404,44.239353],[-95.593427,44.224748],[-95.593514,44.210167],[-95.593474,44.195699],[-95.582164,44.195656],[-95.492553,44.195826],[-95.481084,44.195899],[-95.472633,44.19604],[-95.462403,44.196065],[-95.451887,44.196113],[-95.437459,44.196092],[-95.411314,44.196044],[-95.380146,44.195758],[-95.373366,44.195845],[-95.370951,44.195869],[-95.350902,44.195741],[-95.341276,44.195721],[-95.321989,44.195656],[-95.30175,44.195542],[-95.27093,44.195421],[-95.270136,44.195444],[-95.241214,44.195415],[-95.229903,44.195374],[-95.221229,44.195194],[-95.18504,44.195433],[-95.181926,44.195452],[-95.169343,44.19552],[-95.161653,44.195473],[-95.1506,44.195401],[-95.139473,44.19533],[-95.121075,44.195322],[-95.118672,44.195288],[-95.108778,44.195031],[-95.108593,44.202415],[-95.107625,44.26734],[-95.107445,44.281765],[-95.097037,44.281816],[-95.087557,44.281862],[-95.086268,44.281877],[-95.047175,44.282573],[-95.026905,44.282431],[-95.009659,44.282503],[-95.00695,44.282515],[-94.987027,44.282585],[-94.96701,44.282433],[-94.956795,44.282366],[-94.946835,44.282253],[-94.931337,44.2822],[-94.906705,44.28225],[-94.88926,44.282308],[-94.866257,44.282241],[-94.866285,44.284287],[-94.866463,44.296735],[-94.866466,44.301013],[-94.866476,44.311206],[-94.866463,44.314788],[-94.866451,44.318381],[-94.866342,44.342709],[-94.866328,44.354621],[-94.866246,44.369115],[-94.865718,44.456188],[-94.865823,44.498115],[-94.871702,44.49921],[-94.873269,44.505515],[-94.877518,44.508924],[-94.878566,44.514914],[-94.880545,44.516744],[-94.88227,44.517384],[-94.884027,44.517225],[-94.886425,44.515489],[-94.887353,44.513432],[-94.888089,44.512884],[-94.889527,44.512221],[-94.891412,44.512451],[-94.892209,44.513548],[-94.890706,44.516177],[-94.89195,44.518532],[-94.893706,44.51963],[-94.896965,44.520614],[-94.901566,44.520775],[-94.90227,44.51833],[-94.905945,44.516913],[-94.915787,44.515795],[-94.920132,44.516436],[-94.92371,44.517534],[-94.924349,44.521055],[-94.926255,44.522336],[-94.928137,44.523554],[-94.929652,44.524553],[-94.933934,44.524187],[-94.938983,44.526587],[-94.942562,44.525786],[-94.944288,44.525878],[-94.953716,44.529008],[-94.957168,44.532323],[-94.966934,44.533052],[-94.969217,44.534034],[-94.969186,44.53472],[-94.967812,44.536069],[-94.967174,44.537578],[-94.96743,44.539041],[-94.968581,44.539932],[-94.970595,44.540115],[-94.973055,44.538011],[-94.973789,44.536656],[-94.975157,44.536872],[-94.97571,44.53961],[-94.983892,44.539721],[-94.983956,44.540156],[-94.982446,44.541378],[-94.984336,44.542096],[-94.987037,44.541995],[-94.988808,44.545424],[-94.988883,44.545823],[-94.994512,44.545104],[-94.995216,44.54527],[-94.99638,44.545803],[-94.999146,44.547281],[-94.999441,44.544872],[-95.002617,44.542689],[-95.003708,44.544406],[-95.00376,44.545566],[-95.006177,44.547229],[-95.006524,44.547035],[-95.006174,44.54546],[-95.00665,44.544198],[-95.010512,44.543904],[-95.014412,44.542557],[-95.015479,44.542594],[-95.015882,44.542649],[-95.017287,44.54537],[-95.016647,44.546513],[-95.015111,44.547587],[-95.01185,44.548637],[-95.012488,44.550054],[-95.01546,44.550993],[-95.017346,44.550948],[-95.021983,44.548389],[-95.02489,44.551842],[-95.027928,44.551089],[-95.028983,44.550243],[-95.029974,44.550426],[-95.033936,44.554016],[-95.03343,44.554903],[-95.032519,44.555792],[-95.032465,44.555936],[-95.033775,44.557056],[-95.043591,44.556464],[-95.050145,44.558225],[-95.059256,44.562637],[-95.05932,44.564192],[-95.057945,44.566409],[-95.058904,44.567643],[-95.067699,44.571804],[-95.075258,44.573789],[-95.078348,44.572007],[-95.080842,44.570109],[-95.08113,44.569949],[-95.084937,44.570064],[-95.085219,44.570459],[-95.086119,44.571457],[-95.087078,44.571731],[-95.097622,44.571712],[-95.0992,44.572665],[-95.098849,44.574219],[-95.097283,44.575843],[-95.09578,44.576552],[-95.090727,44.577376],[-95.089224,44.577948],[-95.088617,44.578977],[-95.090536,44.579617],[-95.095079,44.579913],[-95.09798119,44.57854974],[-95.100259,44.578219],[-95.101828,44.580939],[-95.101926,44.583842],[-95.104615,44.587453],[-95.105735,44.587635],[-95.107621,44.586446],[-95.108933,44.586376],[-95.115205,44.589162],[-95.117031,44.592087],[-95.118346,44.594853],[-95.125277,44.597433],[-95.127474,44.597413],[-95.128564,44.595653],[-95.12962,44.595196],[-95.132594,44.596226],[-95.133296,44.597804],[-95.133358,44.600204],[-95.134061,44.601302],[-95.146376,44.607135],[-95.15082,44.613446],[-95.160098,44.619163],[-95.167107,44.62161],[-95.174244,44.61905],[-95.175973,44.619165],[-95.178981,44.620353],[-95.178053,44.622479],[-95.181375,44.623593],[-95.185702,44.623828],[-95.186726,44.624589],[-95.187713,44.627771],[-95.19879,44.636205],[-95.206283,44.640524],[-95.210733,44.641666],[-95.218036,44.645665],[-95.22281,44.651309],[-95.224251,44.652359],[-95.225885,44.652404],[-95.227261,44.651421],[-95.227869,44.651512],[-95.233316,44.655762],[-95.234311,44.657796],[-95.236842,44.659989],[-95.238672,44.660384],[-95.240046,44.660604],[-95.240463,44.661359],[-95.240498,44.664467],[-95.244472,44.667094],[-95.248796,44.667069],[-95.254588,44.664307],[-95.256127,44.661794],[-95.267852,44.659261],[-95.289363,44.661162],[-95.292991,44.6608],[-95.294272,44.661188],[-95.293919,44.663794],[-95.294303,44.664548],[-95.303879,44.668892],[-95.312207,44.67575],[-95.313008,44.677601],[-95.313169,44.682447],[-95.311343,44.685715],[-95.311022,44.687201],[-95.314963,44.692435],[-95.320316,44.693349],[-95.32714,44.691954],[-95.336402,44.695038],[-95.34451,44.696247],[-95.34749,44.695743],[-95.354123,44.696221],[-95.360189,44.698482]]]},"properties":{"name":"Redwood=RDW","type":"county"}},
{"type":"Feature","geometry":{"type":"Polygon","coordinates":[[[-94.758198,44.892066],[-94.860013,44.892275],[-94.874381,44.892244],[-94.880277,44.892181],[-94.883461,44.892228],[-94.890053,44.892436],[-94.894008,44.892369],[-94.943266,44.891907],[-94.962505,44.891781],[-94.993066,44.891794],[-94.995916,44.891768],[-95.003225,44.891793],[-95.023613,44.891687],[-95.032625,44.891598],[-95.037054,44.891554],[-95.045407,44.891536],[-95.061799,44.891527],[-95.06413,44.891534],[-95.09754,44.891505],[-95.100562,44.891531],[-95.100755,44.891533],[-95.104968,44.891571],[-95.118112,44.891585],[-95.124972,44.891538],[-95.150877,44.891447],[-95.151108,44.891445],[-95.159004,44.891394],[-95.166368,44.891395],[-95.176276,44.891342],[-95.176913,44.891339],[-95.183535,44.891324],[-95.184278,44.891329],[-95.186541,44.891351],[-95.186658,44.891352],[-95.18735,44.891348],[-95.196533,44.891297],[-95.216661,44.891364],[-95.217839,44.891366],[-95.227695,44.89138],[-95.239713,44.891408],[-95.248491,44.891404],[-95.260088,44.891341],[-95.269832,44.891323],[-95.302337,44.891192],[-95.306367,44.891246],[-95.30745,44.891261],[-95.343848,44.891165],[-95.344445,44.891174],[-95.361017,44.891136],[-95.370406,44.891108],[-95.391268,44.891093],[-95.393869,44.891083],[-95.432166,44.890942],[-95.46332,44.890848],[-95.483447,44.890794],[-95.483414,44.889126],[-95.483156,44.859755],[-95.483197,44.8545],[-95.483423,44.818201],[-95.483283,44.803848],[-95.483274,44.803518],[-95.483222,44.801601],[-95.483084,44.796511],[-95.483157,44.766936],[-95.482876,44.753113],[-95.48264,44.753242],[-95.478207,44.756288],[-95.477309,44.756334],[-95.473939,44.754895],[-95.463837,44.744838],[-95.459185,44.741274],[-95.457709,44.740726],[-95.442253,44.743722],[-95.439783,44.743014],[-95.437474,44.741483],[-95.432823,44.739494],[-95.428911,44.739471],[-95.423749,44.736088],[-95.422182,44.731999],[-95.419421,44.731517],[-95.419004,44.731814],[-95.419068,44.734122],[-95.41692,44.73483],[-95.408551,44.730921],[-95.397238,44.723626],[-95.397141,44.722849],[-95.398714,44.721318],[-95.399965,44.719193],[-95.396442,44.713295],[-95.389938,44.710367],[-95.385611,44.709681],[-95.383079,44.710068],[-95.381283,44.711507],[-95.380224,44.711461],[-95.37984,44.71105],[-95.37997,44.708696],[-95.382537,44.706],[-95.382089,44.705314],[-95.378693,44.703369],[-95.368259,44.699894],[-95.365121,44.701542],[-95.363454,44.701497],[-95.360189,44.698482],[-95.354123,44.696221],[-95.34749,44.695743],[-95.34451,44.696247],[-95.336402,44.695038],[-95.32714,44.691954],[-95.320316,44.693349],[-95.314963,44.692435],[-95.311022,44.687201],[-95.311343,44.685715],[-95.313169,44.682447],[-95.313008,44.677601],[-95.312207,44.67575],[-95.303879,44.668892],[-95.294303,44.664548],[-95.293919,44.663794],[-95.294272,44.661188],[-95.292991,44.6608],[-95.289363,44.661162],[-95.267852,44.659261],[-95.256127,44.661794],[-95.254588,44.664307],[-95.248796,44.667069],[-95.244472,44.667094],[-95.240498,44.664467],[-95.240463,44.661359],[-95.240046,44.660604],[-95.238672,44.660384],[-95.236842,44.659989],[-95.234311,44.657796],[-95.233316,44.655762],[-95.227869,44.651512],[-95.227261,44.651421],[-95.225885,44.652404],[-95.224251,44.652359],[-95.22281,44.651309],[-95.218036,44.645665],[-95.210733,44.641666],[-95.206283,44.640524],[-95.19879,44.636205],[-95.187713,44.627771],[-95.186726,44.624589],[-95.185702,44.623828],[-95.181375,44.623593],[-95.178053,44.622479],[-95.178981,44.620353],[-95.175973,44.619165],[-95.174244,44.61905],[-95.167107,44.62161],[-95.160098,44.619163],[-95.15082,44.613446],[-95.146376,44.607135],[-95.134061,44.601302],[-95.133358,44.600204],[-95.133296,44.597804],[-95.132594,44.596226],[-95.12962,44.595196],[-95.128564,44.595653],[-95.127474,44.597413],[-95.125277,44.597433],[-95.118346,44.594853],[-95.117031,44.592087],[-95.115205,44.589162],[-95.108933,44.586376],[-95.107621,44.586446],[-95.105735,44.587635],[-95.104615,44.587453],[-95.101926,44.583842],[-95.101828,44.580939],[-95.100259,44.578219],[-95.09798119,44.57854974],[-95.095079,44.579913],[-95.090536,44.579617],[-95.088617,44.578977],[-95.089224,44.577948],[-95.090727,44.577376],[-95.09578,44.576552],[-95.097283,44.575843],[-95.098849,44.574219],[-95.0992,44.572665],[-95.097622,44.571712],[-95.087078,44.571731],[-95.086119,44.571457],[-95.085219,44.570459],[-95.084937,44.570064],[-95.08113,44.569949],[-95.080842,44.570109],[-95.078348,44.572007],[-95.075258,44.573789],[-95.067699,44.571804],[-95.058904,44.567643],[-95.057945,44.566409],[-95.05932,44.564192],[-95.059256,44.562637],[-95.050145,44.558225],[-95.043591,44.556464],[-95.033775,44.557056],[-95.032465,44.555936],[-95.032519,44.555792],[-95.03343,44.554903],[-95.033936,44.554016],[-95.029974,44.550426],[-95.028983,44.550243],[-95.027928,44.551089],[-95.02489,44.551842],[-95.021983,44.548389],[-95.017346,44.550948],[-95.01546,44.550993],[-95.012488,44.550054],[-95.01185,44.548637],[-95.015111,44.547587],[-95.016647,44.546513],[-95.017287,44.54537],[-95.015882,44.542649],[-95.015479,44.542594],[-95.014412,44.542557],[-95.010512,44.543904],[-95.00665,44.544198],[-95.006174,44.54546],[-95.006524,44.547035],[-95.006177,44.547229],[-95.00376,44.545566],[-95.003708,44.544406],[-95.002617,44.542689],[-94.999441,44.544872],[-94.999146,44.547281],[-94.99638,44.545803],[-94.995216,44.54527],[-94.994512,44.545104],[-94.988883,44.545823],[-94.988808,44.545424],[-94.987037,44.541995],[-94.984336,44.542096],[-94.982446,44.541378],[-94.983956,44.540156],[-94.983892,44.539721],[-94.97571,44.53961],[-94.975157,44.536872],[-94.973789,44.536656],[-94.973055,44.538011],[-94.970595,44.540115],[-94.968581,44.539932],[-94.96743,44.539041],[-94.967174,44.537578],[-94.967812,44.536069],[-94.969186,44.53472],[-94.969217,44.534034],[-94.966934,44.533052],[-94.957168,44.532323],[-94.953716,44.529008],[-94.944288,44.525878],[-94.942562,44.525786],[-94.938983,44.526587],[-94.933934,44.524187],[-94.929652,44.524553],[-94.928137,44.523554],[-94.926255,44.522336],[-94.924349,44.521055],[-94.92371,44.517534],[-94.920132,44.516436],[-94.915787,44.515795],[-94.905945,44.516913],[-94.90227,44.51833],[-94.901566,44.520775],[-94.896965,44.520614],[-94.893706,44.51963],[-94.89195,44.518532],[-94.890706,44.516177],[-94.892209,44.513548],[-94.891412,44.512451],[-94.889527,44.512221],[-94.888089,44.512884],[-94.887353,44.513432],[-94.886425,44.515489],[-94.884027,44.517225],[-94.88227,44.517384],[-94.880545,44.516744],[-94.878566,44.514914],[-94.877518,44.508924],[-94.873269,44.505515],[-94.871702,44.49921],[-94.865823,44.498115],[-94.863393,44.49535],[-94.856298,44.494956],[-94.853843,44.495601],[-94.852439,44.495584],[-94.851895,44.494647],[-94.852501,44.493823],[-94.855215,44.492588],[-94.855214,44.491582],[-94.853872,44.489982],[-94.850678,44.489915],[-94.849848,44.490441],[-94.85004,44.491172],[-94.849114,44.491882],[-94.843429,44.492592],[-94.832984,44.489394],[-94.829502,44.486583],[-94.825797,44.484503],[-94.824712,44.485258],[-94.823658,44.485235],[-94.812737,44.481601],[-94.810756,44.474697],[-94.811298,44.473714],[-94.809862,44.47113],[-94.805807,44.468707],[-94.802232,44.46777],[-94.80038,44.467861],[-94.79872,44.469644],[-94.798305,44.468272],[-94.800176,44.466967],[-94.80303,44.466284],[-94.805839,44.46697],[-94.806542,44.466352],[-94.805838,44.46563],[-94.801498,44.464935],[-94.793806,44.461002],[-94.793359,44.460636],[-94.794196,44.459203],[-94.794253,44.458967],[-94.790576,44.456427],[-94.788986,44.456154],[-94.782028,44.45757],[-94.780943,44.456655],[-94.766676,44.456422],[-94.762654,44.456283],[-94.744961,44.456379],[-94.743779,44.456485],[-94.733977,44.456423],[-94.717958,44.456427],[-94.706851,44.456384],[-94.705382,44.456362],[-94.653441,44.456232],[-94.650724,44.456214],[-94.644479,44.456173],[-94.63934,44.45608],[-94.624237,44.456186],[-94.624361,44.54232],[-94.629263,44.542324],[-94.629145,44.629213],[-94.629534,44.658408],[-94.629633,44.687603],[-94.629766,44.716842],[-94.599702,44.716758],[-94.508096,44.717005],[-94.503094,44.717186],[-94.498074,44.717246],[-94.498075,44.718277],[-94.498085,44.726397],[-94.498074,44.745608],[-94.498077,44.749338],[-94.498055,44.761159],[-94.497825,44.804996],[-94.497765,44.81964],[-94.498026,44.85766],[-94.498068,44.863121],[-94.497712,44.892264],[-94.502334,44.892312],[-94.51272,44.892255],[-94.581065,44.892074],[-94.587666,44.892042],[-94.60496,44.891908],[-94.610781,44.89186],[-94.624324,44.89179],[-94.630267,44.89172],[-94.635509,44.891791],[-94.655802,44.891844],[-94.696742,44.891985],[-94.732214,44.892],[-94.737681,44.892066],[-94.752828,44.892109],[-94.758198,44.892066]]]},"properties":{"name":"Renville=REN","type":"county"}},
{"type":"Feature","geometry":{"type":"Polygon","coordinates":[[[-93.28142,44.543864],[-93.299821,44.543864],[-93.301879,44.543864],[-93.302021,44.543864],[-93.313821,44.543864],[-93.323922,44.543863],[-93.324522,44.543863],[-93.348422,44.543863],[-93.349923,44.543863],[-93.380224,44.543763],[-93.392424,44.543763],[-93.392768,44.543763],[-93.400325,44.543763],[-93.402625,44.543763],[-93.422725,44.543663],[-93.440826,44.543663],[-93.442926,44.543663],[-93.445526,44.543663],[-93.460051,44.543738],[-93.460745,44.543728],[-93.500229,44.543463],[-93.501329,44.543363],[-93.501684,44.543363],[-93.522529,44.543463],[-93.524329,44.543463],[-93.524329,44.532463],[-93.524329,44.529763],[-93.524329,44.527531],[-93.524329,44.515163],[-93.524229,44.500763],[-93.524329,44.499963],[-93.524423,44.499963],[-93.524435,44.495922],[-93.524442,44.493467],[-93.524449,44.491078],[-93.524452,44.489959],[-93.524464,44.486112],[-93.524419,44.474075],[-93.524449,44.45778],[-93.524456,44.45699],[-93.524604,44.434062],[-93.524608,44.433436],[-93.524626,44.428122],[-93.524672,44.413432],[-93.524695,44.411728],[-93.52468,44.408477],[-93.524639,44.402813],[-93.524409,44.37026],[-93.524666,44.348291],[-93.524761,44.345476],[-93.524914,44.326378],[-93.5252,44.311538],[-93.525281,44.297359],[-93.525351,44.286438],[-93.525163,44.282815],[-93.525294,44.277303],[-93.525295,44.275566],[-93.525203,44.264134],[-93.525176,44.260783],[-93.525117,44.253409],[-93.525344,44.248943],[-93.525065,44.236686],[-93.525097,44.228833],[-93.52511,44.225595],[-93.52523,44.195975],[-93.522896,44.196118],[-93.521784,44.195934],[-93.500222,44.196095],[-93.494627,44.196143],[-93.465188,44.196219],[-93.464737,44.196234],[-93.406632,44.196303],[-93.404298,44.196302],[-93.37403,44.196222],[-93.343348,44.196267],[-93.341497,44.196201],[-93.326352,44.196192],[-93.3192,44.196239],[-93.296091,44.196215],[-93.286475,44.196237],[-93.282614,44.196235],[-93.266244,44.196207],[-93.25585,44.196271],[-93.252628,44.196177],[-93.165969,44.196397],[-93.162091,44.196442],[-93.121671,44.196475],[-93.121429,44.196472],[-93.061118,44.196491],[-93.045909,44.196558],[-93.040933,44.196558],[-93.040626,44.254532],[-93.04075,44.267955],[-93.04059,44.268001],[-93.040493,44.272574],[-93.040394,44.283528],[-93.040043,44.370816],[-93.039812,44.394745],[-93.039823,44.399821],[-93.039797,44.403747],[-93.039792,44.405328],[-93.03979,44.406968],[-93.039782,44.410844],[-93.039762,44.418054],[-93.039734,44.42895],[-93.03931,44.457079],[-93.039309,44.457444],[-93.039244,44.460142],[-93.039207,44.47169],[-93.048756,44.471761],[-93.051559,44.471778],[-93.068345,44.471706],[-93.072484,44.471712],[-93.079765,44.471713],[-93.098477,44.471646],[-93.10014,44.47164],[-93.130361,44.471014],[-93.145728,44.471063],[-93.151939,44.4711],[-93.152884,44.471106],[-93.155907,44.471126],[-93.156006,44.471126],[-93.15702,44.471121],[-93.158208,44.471116],[-93.159901,44.471132],[-93.160062,44.471134],[-93.160539,44.471117],[-93.160677,44.471119],[-93.165761,44.47119],[-93.166356,44.471199],[-93.16664,44.471198],[-93.167554,44.471195],[-93.169321,44.47121],[-93.169386,44.471209],[-93.171716,44.471187],[-93.174942,44.471187],[-93.176321,44.471191],[-93.178193,44.471197],[-93.180405,44.471188],[-93.180722,44.471187],[-93.200821,44.471278],[-93.210932,44.471277],[-93.216298,44.47123],[-93.223924,44.471182],[-93.27129,44.471663],[-93.28185,44.471755],[-93.281714,44.486413],[-93.281619,44.507964],[-93.28162,44.522364],[-93.28142,44.543864]]]},"properties":{"name":"Rice=RIC","type":"county"}},
{"type":"Feature","geometry":{"type":"Polygon","coordinates":[[[-96.453264,43.849604],[-96.453088,43.805123],[-96.453281,43.791435],[-96.4533093,43.76233702],[-96.45338,43.689637],[-96.453408,43.675008],[-96.453387,43.609944],[-96.453356,43.607544],[-96.453383,43.588183],[-96.45336995,43.58770191],[-96.453352,43.58704],[-96.453049,43.500415],[-96.351059,43.500333],[-96.332062,43.500415],[-96.29237097,43.50040727],[-96.25243088,43.50039949],[-96.208814,43.500391],[-96.198766,43.500312],[-96.198484,43.500335],[-96.17257987,43.50030666],[-96.05294393,43.5001758],[-96.053068,43.514648],[-96.053068,43.516408],[-96.053191,43.530944],[-96.053222,43.533435],[-96.053033,43.534737],[-96.053159,43.53636],[-96.053188,43.538233],[-96.053094,43.543674],[-96.053214,43.572723],[-96.053464,43.577126],[-96.053718,43.587239],[-96.053714,43.587327],[-96.053336,43.587624],[-96.053237,43.636723],[-96.053236,43.638117],[-96.053072,43.674045],[-96.053006,43.688603],[-96.052908,43.703047],[-96.052842,43.717629],[-96.052983,43.746508],[-96.052587,43.753862],[-96.05246,43.761084],[-96.052479,43.819111],[-96.052286,43.833898],[-96.052125,43.849141],[-96.064472,43.849165],[-96.113611,43.848836],[-96.133389,43.848696],[-96.142675,43.848746],[-96.14628,43.84875],[-96.172487,43.848687],[-96.184815,43.848674],[-96.205016,43.848643],[-96.216892,43.848603],[-96.221795,43.848611],[-96.225102,43.848616],[-96.240755,43.848562],[-96.245283,43.848632],[-96.2913,43.84876],[-96.291901,43.848758],[-96.306904,43.84892],[-96.387532,43.849254],[-96.389933,43.849278],[-96.392666,43.849249],[-96.393091,43.849256],[-96.39495,43.849247],[-96.395965,43.84928],[-96.398871,43.849304],[-96.400925,43.849351],[-96.402185,43.849362],[-96.40252,43.849366],[-96.403293,43.849374],[-96.407555,43.849381],[-96.408789,43.849467],[-96.411279,43.849384],[-96.442729,43.849559],[-96.444388,43.849566],[-96.453264,43.849604]]]},"properties":{"name":"Rock=ROC","type":"county"}},
{"type":"Feature","geometry":{"type":"Polygon","coordinates":[[[-96.40540798,48.999984],[-96.405554,48.994088],[-96.405598,48.980384],[-96.405384,48.892453],[-96.405046,48.874979],[-96.405,48.871],[-96.404984,48.869901],[-96.404716,48.850427],[-96.404665,48.805285],[-96.404633,48.775581],[-96.405338,48.74653],[-96.404866,48.731798],[-96.404981,48.717203],[-96.387481,48.717219],[-96.386633,48.702944],[-96.387561,48.69674],[-96.387694,48.688455],[-96.388148,48.66008],[-96.38772,48.654934],[-96.387901,48.646164],[-96.388151,48.63817],[-96.387917,48.631181],[-96.388963,48.613918],[-96.389148,48.602224],[-96.388234,48.587742],[-96.388127,48.558597],[-96.387833,48.544231],[-96.345038,48.544353],[-96.323023,48.544357],[-96.309333,48.54438],[-96.257695,48.544922],[-96.213803,48.54488],[-96.192098,48.544631],[-96.169156,48.544538],[-96.16363,48.544441],[-96.137224,48.54398],[-96.134432,48.543974],[-96.12637,48.543955],[-96.10269,48.543711],[-95.99351,48.54337],[-95.92705,48.542072],[-95.926946,48.542071],[-95.875279,48.541737],[-95.864227,48.541671],[-95.86237,48.541101],[-95.862165,48.541092],[-95.839773,48.540194],[-95.837468,48.540195],[-95.819446,48.540037],[-95.803911,48.540513],[-95.797469,48.540539],[-95.786318,48.540549],[-95.775938,48.540558],[-95.73217,48.539822],[-95.715592,48.539508],[-95.710192,48.539395],[-95.678298,48.539421],[-95.677732,48.53942],[-95.65564,48.53937],[-95.651475,48.53936],[-95.623227,48.539038],[-95.604979,48.538884],[-95.602304,48.538816],[-95.601729,48.538796],[-95.582193,48.538573],[-95.575966,48.538642],[-95.560144,48.53878],[-95.558115,48.538689],[-95.516421,48.538979],[-95.500257,48.539131],[-95.489432,48.539223],[-95.472792,48.539621],[-95.462,48.539732],[-95.451467,48.539792],[-95.439987,48.540152],[-95.438852,48.540038],[-95.411679,48.540055],[-95.40537,48.540038],[-95.34254,48.540211],[-95.342603,48.596981],[-95.34247,48.605634],[-95.342471,48.608931],[-95.342346,48.636233],[-95.342382,48.641373],[-95.342251,48.712528],[-95.341216,48.712917],[-95.32413,48.712898],[-95.277063,48.713046],[-95.271619,48.713069],[-95.244179,48.713072],[-95.238797,48.713065],[-95.211457,48.713033],[-95.20819,48.713027],[-95.202752,48.713017],[-95.191781,48.712997],[-95.169923,48.712957],[-95.164401,48.712946],[-95.141996,48.712914],[-95.133745,48.713048],[-95.095427,48.712999],[-95.089863,48.713062],[-95.08989,48.71942],[-95.089894,48.720314],[-95.08952,48.749981],[-95.089878,48.757077],[-95.089917,48.76553],[-95.089987,48.766695],[-95.090081,48.78596],[-95.09013,48.796249],[-95.090144,48.79895],[-95.090174,48.799763],[-95.090179,48.79991],[-95.090214,48.800207],[-95.090292,48.814325],[-95.090917,48.872348],[-95.091059,48.886789],[-95.091103,48.900039],[-95.091242,48.901204],[-95.091242,48.901365],[-95.091226,48.91924],[-95.091222,48.920801],[-95.092778,48.920324],[-95.09704,48.917581],[-95.097524,48.916347],[-95.103239,48.912622],[-95.113735,48.906815],[-95.114495,48.905193],[-95.116365,48.903639],[-95.138145,48.894833],[-95.148381,48.892264],[-95.161882,48.891981],[-95.170122,48.890126],[-95.198616,48.885476],[-95.211556,48.884647],[-95.220776,48.883012],[-95.226504,48.881569],[-95.23105,48.881322],[-95.242925,48.882167],[-95.250234,48.883445],[-95.254859,48.884475],[-95.258562,48.88667],[-95.263515,48.887951],[-95.26469,48.888459],[-95.27456,48.893049],[-95.275391,48.894214],[-95.279616,48.896157],[-95.287999,48.897804],[-95.291427,48.901824],[-95.294961,48.902784],[-95.298089,48.902691],[-95.300538,48.90395],[-95.299463,48.905195],[-95.298536,48.90636],[-95.297627,48.907377],[-95.29735,48.907903],[-95.301715,48.909273],[-95.304348,48.911877],[-95.306155,48.912729],[-95.310206,48.915441],[-95.313241,48.919737],[-95.322235,48.932639],[-95.322824,48.934307],[-95.322895,48.940201],[-95.321959,48.94116],[-95.318111,48.942097],[-95.314193,48.945637],[-95.307154,48.946574],[-95.307951,48.947396],[-95.310379,48.947967],[-95.310379,48.948447],[-95.306259,48.947114],[-95.306842,48.945341],[-95.305385,48.94582],[-95.304657,48.946985],[-95.304622,48.948196],[-95.306113,48.95016],[-95.307986,48.950868],[-95.310864,48.951119],[-95.312321,48.950114],[-95.315164,48.950982],[-95.317731,48.952444],[-95.320611,48.958931],[-95.320611,48.959798],[-95.319397,48.962106],[-95.319363,48.963911],[-95.320717,48.966812],[-95.324187,48.970237],[-95.324777,48.971905],[-95.325786,48.981338],[-95.324295,48.985815],[-95.319196,48.994085],[-95.319161,48.99525],[-95.320411,48.997557],[-95.322946,48.998767],[-95.340962,48.99874],[-95.355819,48.998735],[-95.368698,48.998729],[-95.48436051,48.99896826],[-95.76663726,48.99955218],[-95.87705001,48.99978057],[-95.89587047,48.99981951],[-95.97539,48.999984],[-96.008421,48.999984],[-96.140198,48.999984],[-96.40540798,48.999984]]]},"properties":{"name":"Roseau=ROS","type":"county"}},
{"type":"Feature","geometry":{"type":"Polygon","coordinates":[[[-93.329524,44.790964],[-93.335024,44.786864],[-93.337425,44.786364],[-93.339825,44.786764],[-93.346425,44.790764],[-93.349425,44.791264],[-93.351825,44.790064],[-93.351925,44.789764],[-93.354825,44.785864],[-93.356725,44.785464],[-93.358025,44.785564],[-93.364125,44.788864],[-93.378526,44.785263],[-93.381026,44.785863],[-93.384826,44.796963],[-93.387626,44.798463],[-93.391327,44.798163],[-93.396027,44.796963],[-93.398827,44.798763],[-93.405127,44.804163],[-93.411227,44.806563],[-93.415928,44.807563],[-93.419628,44.806863],[-93.429562,44.809618],[-93.434428,44.811163],[-93.438228,44.812463],[-93.440328,44.811663],[-93.442128,44.807063],[-93.443828,44.805163],[-93.447929,44.803663],[-93.455629,44.803063],[-93.457929,44.803363],[-93.460829,44.805963],[-93.463229,44.806363],[-93.47503,44.804363],[-93.48093,44.804163],[-93.482296,44.806225],[-93.48363,44.807463],[-93.49043,44.804263],[-93.49293,44.804263],[-93.49353,44.805063],[-93.49623,44.808563],[-93.49823,44.809763],[-93.500731,44.809063],[-93.503131,44.804763],[-93.505175,44.804422],[-93.510631,44.804763],[-93.513231,44.804463],[-93.518903,44.802336],[-93.520431,44.801763],[-93.520431,44.804263],[-93.530732,44.804463],[-93.541232,44.804563],[-93.541132,44.798862],[-93.541132,44.798627],[-93.544332,44.796462],[-93.548032,44.795362],[-93.551532,44.797562],[-93.554032,44.799262],[-93.555133,44.799462],[-93.566933,44.796262],[-93.573733,44.795762],[-93.577809,44.794747],[-93.579716,44.793526],[-93.580937,44.791321],[-93.581033,44.784862],[-93.581974,44.782112],[-93.585234,44.782262],[-93.589934,44.783662],[-93.598054,44.782913],[-93.599434,44.782662],[-93.599834,44.782062],[-93.599434,44.780762],[-93.595234,44.778062],[-93.594334,44.776662],[-93.594134,44.775762],[-93.595634,44.773762],[-93.601034,44.769362],[-93.607034,44.767562],[-93.613734,44.767062],[-93.616135,44.766362],[-93.621035,44.763562],[-93.621735,44.762862],[-93.621835,44.760362],[-93.621335,44.759962],[-93.612834,44.757362],[-93.609534,44.755562],[-93.608834,44.753762],[-93.609834,44.752062],[-93.611834,44.749962],[-93.614134,44.748762],[-93.615011,44.749245],[-93.617134,44.751662],[-93.619235,44.753062],[-93.620935,44.753562],[-93.621735,44.752962],[-93.621535,44.749962],[-93.622535,44.746862],[-93.62403,44.744766],[-93.627921,44.741638],[-93.631135,44.738462],[-93.631369,44.736847],[-93.628935,44.732862],[-93.628455,44.731255],[-93.628943,44.730209],[-93.63291,44.726174],[-93.632834,44.724037],[-93.630881,44.723328],[-93.627905,44.723732],[-93.624898,44.722611],[-93.626735,44.718462],[-93.626685,44.716561],[-93.625905,44.714882],[-93.618505,44.707955],[-93.618234,44.707262],[-93.624608,44.704376],[-93.636313,44.696945],[-93.640738,44.692978],[-93.642435,44.692762],[-93.643935,44.692662],[-93.647971,44.694786],[-93.650198,44.695015],[-93.652121,44.691261],[-93.653372,44.690476],[-93.655835,44.689962],[-93.657339,44.690994],[-93.658256,44.693413],[-93.659904,44.695542],[-93.662162,44.696373],[-93.667961,44.695259],[-93.674949,44.69265],[-93.677636,44.691162],[-93.678436,44.687462],[-93.679786,44.685928],[-93.698357,44.669365],[-93.701592,44.668595],[-93.710869,44.668221],[-93.719675,44.664986],[-93.721353,44.663468],[-93.720987,44.661972],[-93.715477,44.65867],[-93.715401,44.657365],[-93.721738,44.654663],[-93.725555,44.655568],[-93.728159,44.656305],[-93.728983,44.656137],[-93.730218,44.653085],[-93.737741,44.64618],[-93.747339,44.645263],[-93.754527,44.644166],[-93.758799,44.644258],[-93.759944,44.643808],[-93.760417,44.642953],[-93.760005,44.64116],[-93.759013,44.639962],[-93.755366,44.637483],[-93.756739,44.634563],[-93.76142,44.634988],[-93.761539,44.635363],[-93.761839,44.635963],[-93.766658,44.640112],[-93.767408,44.640216],[-93.768039,44.640303],[-93.772173,44.639397],[-93.772623,44.638595],[-93.771376,44.637971],[-93.768039,44.638849],[-93.766794,44.638275],[-93.763779,44.634399],[-93.765939,44.633463],[-93.772975,44.630342],[-93.773219,44.631654],[-93.772105,44.634439],[-93.77238,44.636422],[-93.773371,44.637635],[-93.775187,44.637681],[-93.778728,44.633867],[-93.781429,44.632135],[-93.78834,44.630063],[-93.79237,44.629243],[-93.792492,44.630861],[-93.79334,44.632563],[-93.795589,44.633958],[-93.799343,44.634805],[-93.803325,44.6345],[-93.807797,44.633043],[-93.814419,44.633096],[-93.815808,44.63257],[-93.817059,44.62935],[-93.818173,44.628343],[-93.836453,44.617761],[-93.837541,44.618263],[-93.838926,44.621835],[-93.84091,44.624452],[-93.84506,44.625558],[-93.846042,44.624963],[-93.846082,44.623323],[-93.841337,44.619333],[-93.841703,44.617997],[-93.843442,44.617363],[-93.84976,44.622277],[-93.858412,44.620919],[-93.858915,44.6205],[-93.858366,44.619775],[-93.855284,44.61921],[-93.854048,44.617936],[-93.86128,44.605653],[-93.868442,44.602763],[-93.870696,44.602502],[-93.872527,44.604211],[-93.872634,44.606218],[-93.873043,44.606663],[-93.876082,44.606408],[-93.878264,44.605195],[-93.878859,44.600602],[-93.883406,44.595483],[-93.885894,44.595071],[-93.887496,44.595437],[-93.889643,44.596863],[-93.891677,44.594232],[-93.897536,44.589486],[-93.897017,44.587289],[-93.893813,44.585878],[-93.892714,44.584985],[-93.892562,44.584253],[-93.894851,44.574533],[-93.899459,44.573236],[-93.901076,44.571931],[-93.901366,44.570886],[-93.90042,44.569421],[-93.897719,44.569207],[-93.895659,44.569627],[-93.893981,44.569261],[-93.891066,44.566591],[-93.891356,44.565652],[-93.894728,44.564454],[-93.897872,44.562051],[-93.899123,44.559594],[-93.900298,44.555413],[-93.899489,44.554475],[-93.895613,44.554368],[-93.893508,44.553682],[-93.891677,44.552217],[-93.891097,44.548875],[-93.891402,44.546472],[-93.893218,44.545373],[-93.896804,44.544595],[-93.898925,44.544755],[-93.899581,44.545488],[-93.899581,44.546426],[-93.898558,44.54841],[-93.898619,44.550035],[-93.900374,44.552018],[-93.902861,44.552331],[-93.906737,44.551088],[-93.909515,44.548997],[-93.911423,44.54654],[-93.910844,44.543163],[-93.885543,44.543163],[-93.884643,44.543163],[-93.859777,44.542931],[-93.852441,44.542963],[-93.849341,44.542963],[-93.836841,44.543063],[-93.829212,44.543063],[-93.81544,44.543063],[-93.79844,44.543163],[-93.79815,44.543166],[-93.788439,44.543263],[-93.768238,44.543163],[-93.747365,44.543281],[-93.735017,44.543357],[-93.728372,44.543398],[-93.711859,44.543501],[-93.702236,44.543563],[-93.696836,44.543563],[-93.647034,44.543663],[-93.645734,44.543663],[-93.625833,44.543563],[-93.590932,44.543563],[-93.590232,44.543584],[-93.587632,44.543663],[-93.585732,44.543563],[-93.577231,44.543463],[-93.573531,44.543463],[-93.569931,44.543463],[-93.569531,44.543463],[-93.563058,44.543363],[-93.561731,44.543363],[-93.55939,44.543363],[-93.558809,44.543363],[-93.558331,44.543363],[-93.555669,44.543363],[-93.553131,44.543363],[-93.545298,44.543454],[-93.54453,44.543463],[-93.534356,44.543463],[-93.53193,44.543463],[-93.524329,44.543463],[-93.522529,44.543463],[-93.501684,44.543363],[-93.501329,44.543363],[-93.500229,44.543463],[-93.460745,44.543728],[-93.460051,44.543738],[-93.445526,44.543663],[-93.442926,44.543663],[-93.440826,44.543663],[-93.422725,44.543663],[-93.402625,44.543763],[-93.400325,44.543763],[-93.392768,44.543763],[-93.392424,44.543763],[-93.380224,44.543763],[-93.349923,44.543863],[-93.348422,44.543863],[-93.324522,44.543863],[-93.323922,44.543863],[-93.313821,44.543864],[-93.302021,44.543864],[-93.301879,44.543864],[-93.299821,44.543864],[-93.28142,44.543864],[-93.27792,44.543864],[-93.27812,44.562464],[-93.27862,44.567564],[-93.278621,44.630664],[-93.298421,44.630564],[-93.303123,44.630613],[-93.318322,44.630564],[-93.318249,44.637572],[-93.318322,44.645664],[-93.318022,44.652464],[-93.318022,44.662436],[-93.318023,44.666864],[-93.318067,44.673498],[-93.318123,44.681464],[-93.318025,44.685892],[-93.318023,44.685964],[-93.31796,44.687406],[-93.317923,44.688264],[-93.317923,44.688894],[-93.317923,44.689264],[-93.317923,44.702764],[-93.317869,44.70487],[-93.317823,44.706664],[-93.317623,44.717464],[-93.323839,44.717464],[-93.328023,44.717464],[-93.328224,44.732164],[-93.32826,44.734461],[-93.328324,44.738564],[-93.328324,44.746264],[-93.328263,44.757791],[-93.328246,44.761092],[-93.328224,44.765364],[-93.328324,44.767864],[-93.328224,44.775664],[-93.329224,44.779464],[-93.329324,44.784864],[-93.329524,44.790964]]]},"properties":{"name":"Scott=SCO","type":"county"}},
{"type":"Feature","geometry":{"type":"Polygon","coordinates":[[[-93.759623,45.559706],[-93.882464,45.56007],[-93.914718,45.559797],[-93.917052,45.559786],[-93.934405,45.559763],[-93.998158,45.559541],[-94.007023,45.559107],[-94.012759,45.559034],[-94.058774,45.559202],[-94.079042,45.559224],[-94.089475,45.559334],[-94.120766,45.559366],[-94.131667,45.559166],[-94.132256,45.559166],[-94.141867,45.559166],[-94.149467,45.559066],[-94.146914,45.555968],[-94.147067,45.549266],[-94.146767,45.544466],[-94.146067,45.541666],[-94.146708,45.54066],[-94.147567,45.539066],[-94.146567,45.536866],[-94.150067,45.531066],[-94.150267,45.528766],[-94.149286,45.526151],[-94.149067,45.525566],[-94.145567,45.523166],[-94.139466,45.516366],[-94.139244,45.514963],[-94.143166,45.508166],[-94.142566,45.505366],[-94.143031,45.499965],[-94.142111,45.493598],[-94.13789,45.491593],[-94.134224,45.487899],[-94.12575,45.482536],[-94.120557,45.480949],[-94.115279,45.479332],[-94.110012,45.475346],[-94.107753,45.472371],[-94.101747,45.46864],[-94.100309,45.466647],[-94.100849,45.459036],[-94.101919,45.456222],[-94.101664,45.454779],[-94.095919,45.450539],[-94.089644,45.449411],[-94.081227,45.446897],[-94.07427,45.439135],[-94.06879,45.438165],[-94.067233,45.436392],[-94.066641,45.43364],[-94.0654,45.432528],[-94.061317,45.432359],[-94.054148,45.435297],[-94.052191,45.435262],[-94.051068,45.434426],[-94.050243,45.432742],[-94.049454,45.428425],[-94.049516,45.426059],[-94.046818,45.42222],[-94.043455,45.417647],[-94.041336,45.415933],[-94.03497,45.413796],[-94.032412,45.412418],[-94.027424,45.406071],[-94.025661,45.404471],[-94.023717,45.403635],[-94.018906,45.402765],[-94.015712,45.402944],[-94.012649,45.403863],[-94.007943,45.404645],[-94.006339,45.403864],[-94.005634,45.402429],[-94.005698,45.401195],[-94.010948,45.397222],[-94.011494,45.394689],[-94.010853,45.392462],[-94.009157,45.390862],[-94.00612,45.391168],[-94.004866,45.39215],[-94.004326,45.397514],[-94.002767,45.398881],[-94.001017,45.400601],[-93.9962,45.401649],[-93.986169,45.399564],[-93.982743,45.396414],[-93.979469,45.391586],[-93.973954,45.388947],[-93.97007,45.386983],[-93.957414,45.377947],[-93.956284,45.37774],[-93.953751,45.377923],[-93.949766,45.38023],[-93.946824,45.38421],[-93.94564,45.384971],[-93.943849,45.3852],[-93.940369,45.384134],[-93.932035,45.384453],[-93.927748,45.385727],[-93.922312,45.385013],[-93.918557,45.384385],[-93.913265,45.381832],[-93.911857,45.380295],[-93.911001,45.376146],[-93.90986,45.373346],[-93.908566,45.372251],[-93.907295,45.371175],[-93.901816,45.368552],[-93.89078,45.36427],[-93.888023,45.362124],[-93.887192,45.356739],[-93.885005,45.352898],[-93.882206,45.349374],[-93.879098,45.346569],[-93.867552,45.339339],[-93.865072,45.33865],[-93.850451,45.336847],[-93.840483,45.336402],[-93.83115,45.334785],[-93.829575,45.333974],[-93.828839,45.331494],[-93.827139,45.329215],[-93.819574,45.32411],[-93.815692,45.321505],[-93.81453,45.319377],[-93.80797,45.314219],[-93.808731,45.313784],[-93.807412,45.312945],[-93.806088,45.312027],[-93.805662,45.312644],[-93.799625,45.310244],[-93.792071,45.308491],[-93.78916,45.307659],[-93.781026,45.303817],[-93.769391,45.297711],[-93.757794,45.294891],[-93.752737,45.294805],[-93.745904,45.297802],[-93.738412,45.29954],[-93.738024,45.299631],[-93.735653,45.299882],[-93.73411,45.29987],[-93.721392,45.29983],[-93.704205,45.297762],[-93.692978,45.300006],[-93.687831,45.304401],[-93.68585,45.305059],[-93.684164,45.30486],[-93.683182,45.304492],[-93.679873,45.300307],[-93.673362,45.296201],[-93.669679,45.295212],[-93.65937,45.295947],[-93.652987,45.295237],[-93.648346,45.295644],[-93.644377,45.29629],[-93.639053,45.295879],[-93.633932,45.296107],[-93.6265,45.296325],[-93.612684,45.292772],[-93.61223,45.292714],[-93.601044,45.292067],[-93.593917,45.292426],[-93.579396,45.292122],[-93.576212,45.293198],[-93.573054,45.295145],[-93.571936,45.297299],[-93.57211,45.298217],[-93.571685,45.300192],[-93.570312,45.301555],[-93.568355,45.301978],[-93.565491,45.301577],[-93.563818,45.301139],[-93.56264,45.299843],[-93.560575,45.292595],[-93.558048,45.288467],[-93.556017,45.285608],[-93.55438,45.280115],[-93.553726,45.272505],[-93.553456,45.269553],[-93.553367,45.267644],[-93.55237,45.265519],[-93.543977,45.257876],[-93.538721,45.255177],[-93.531356,45.25422],[-93.52708,45.251792],[-93.525097,45.249965],[-93.521335,45.246565],[-93.512135,45.245665],[-93.512402,45.25047],[-93.512418,45.251577],[-93.51205,45.267837],[-93.511987,45.270647],[-93.511816,45.276531],[-93.511557,45.284504],[-93.511532,45.285382],[-93.511464,45.287756],[-93.511396,45.290494],[-93.511203,45.298247],[-93.511176,45.299328],[-93.510455,45.328406],[-93.51029,45.33227],[-93.510021,45.342559],[-93.51008,45.349646],[-93.509988,45.3551],[-93.509977,45.355728],[-93.509862,45.361201],[-93.509774,45.364416],[-93.509819,45.385534],[-93.509952,45.391486],[-93.509961,45.393119],[-93.509955,45.408729],[-93.509858,45.412503],[-93.510078,45.414968],[-93.510245,45.416828],[-93.510375,45.450478],[-93.510679,45.471898],[-93.510681,45.472084],[-93.510629,45.493575],[-93.510648,45.52286],[-93.510704,45.55193],[-93.510924,45.55888],[-93.510925,45.558926],[-93.554959,45.558937],[-93.55722,45.558927],[-93.560831,45.558911],[-93.565772,45.558946],[-93.56865,45.558966],[-93.57308,45.558994],[-93.578741,45.559015],[-93.582428,45.559028],[-93.59116,45.5592],[-93.593916,45.559254],[-93.594697,45.559277],[-93.609057,45.55929],[-93.614315,45.559296],[-93.616177,45.559314],[-93.63476,45.55959],[-93.642185,45.55969],[-93.645207,45.559731],[-93.652634,45.559765],[-93.652801,45.559729],[-93.655002,45.559692],[-93.738287,45.559615],[-93.742503,45.559629],[-93.749743,45.559654],[-93.755206,45.559676],[-93.756708,45.559682],[-93.759623,45.559706]]]},"properties":{"name":"Sherburne=SHE","type":"county"}},
{"type":"Feature","geometry":{"type":"Polygon","coordinates":[[[-94.010288,44.717375],[-94.132407,44.717556],[-94.152688,44.717588],[-94.231782,44.71797],[-94.236752,44.717923],[-94.254076,44.717855],[-94.254084,44.71042],[-94.254124,44.702806],[-94.254632,44.641236],[-94.254803,44.630215],[-94.375258,44.630397],[-94.376061,44.630398],[-94.405889,44.630307],[-94.409818,44.630293],[-94.414591,44.630277],[-94.417776,44.630266],[-94.44456,44.629976],[-94.453927,44.629909],[-94.461578,44.629839],[-94.497797,44.629924],[-94.497931,44.673311],[-94.498087,44.699259],[-94.498074,44.717246],[-94.503094,44.717186],[-94.508096,44.717005],[-94.599702,44.716758],[-94.629766,44.716842],[-94.629633,44.687603],[-94.629534,44.658408],[-94.629145,44.629213],[-94.629263,44.542324],[-94.624361,44.54232],[-94.624237,44.456186],[-94.57824,44.45602],[-94.578047,44.45602],[-94.573133,44.45602],[-94.557304,44.45615],[-94.552959,44.456067],[-94.502299,44.456578],[-94.49676,44.456549],[-94.49221,44.456514],[-94.463739,44.456385],[-94.4601,44.456363],[-94.432105,44.456549],[-94.411994,44.456569],[-94.401747,44.456658],[-94.398236,44.456657],[-94.388244,44.456677],[-94.383201,44.45671],[-94.381669,44.45672],[-94.374172,44.456853],[-94.371393,44.45674],[-94.323901,44.456777],[-94.315723,44.456778],[-94.250723,44.456741],[-94.246413,44.456744],[-94.243651,44.456749],[-94.231484,44.456771],[-94.229824,44.456726],[-94.216803,44.456611],[-94.200966,44.456733],[-94.190941,44.456666],[-94.171022,44.456962],[-94.17067,44.456871],[-94.166297,44.45671],[-94.150079,44.456592],[-94.137731,44.456706],[-94.129677,44.45678],[-94.120369,44.456879],[-94.119152,44.456875],[-94.110184,44.456839],[-94.10463,44.456817],[-94.089998,44.45677],[-94.079872,44.456738],[-94.009512,44.456516],[-93.929386,44.45664],[-93.931382,44.457732],[-93.931222,44.458709],[-93.930658,44.459001],[-93.929032,44.458244],[-93.924515,44.458321],[-93.923349,44.458568],[-93.922922,44.459246],[-93.922261,44.46066],[-93.924035,44.462396],[-93.923682,44.463026],[-93.922533,44.462709],[-93.921858,44.461733],[-93.917203,44.461973],[-93.917121,44.46332],[-93.919746,44.466214],[-93.921394,44.467141],[-93.928103,44.467582],[-93.928241,44.467956],[-93.926918,44.469462],[-93.922765,44.473497],[-93.921701,44.473857],[-93.920038,44.473776],[-93.912524,44.471246],[-93.909148,44.471721],[-93.907753,44.472712],[-93.906811,44.474208],[-93.905065,44.479232],[-93.90406,44.482082],[-93.90407,44.487041],[-93.903483,44.487995],[-93.901192,44.489086],[-93.896079,44.490649],[-93.895177,44.491573],[-93.894569,44.494019],[-93.890365,44.496746],[-93.889939,44.497877],[-93.89014,44.499964],[-93.891478,44.501063],[-93.893676,44.501848],[-93.896376,44.500437],[-93.897399,44.500391],[-93.898269,44.500963],[-93.89815,44.501533],[-93.892791,44.503519],[-93.88812,44.503931],[-93.887388,44.50461],[-93.887335,44.507051],[-93.887877,44.511247],[-93.887511,44.515062],[-93.886992,44.516313],[-93.88516,44.517724],[-93.88516,44.518403],[-93.887557,44.525827],[-93.888945,44.526666],[-93.894576,44.526307],[-93.897277,44.528238],[-93.900443,44.529263],[-93.901503,44.529969],[-93.901793,44.531434],[-93.900557,44.534249],[-93.901427,44.53676],[-93.902443,44.537863],[-93.907243,44.537763],[-93.908543,44.537763],[-93.911844,44.537663],[-93.912445,44.538545],[-93.910843,44.541421],[-93.910844,44.543163],[-93.911423,44.54654],[-93.909515,44.548997],[-93.906737,44.551088],[-93.902861,44.552331],[-93.900374,44.552018],[-93.898619,44.550035],[-93.898558,44.54841],[-93.899581,44.546426],[-93.899581,44.545488],[-93.898925,44.544755],[-93.896804,44.544595],[-93.893218,44.545373],[-93.891402,44.546472],[-93.891097,44.548875],[-93.891677,44.552217],[-93.893508,44.553682],[-93.895613,44.554368],[-93.899489,44.554475],[-93.900298,44.555413],[-93.899123,44.559594],[-93.897872,44.562051],[-93.894728,44.564454],[-93.891356,44.565652],[-93.891066,44.566591],[-93.893981,44.569261],[-93.895659,44.569627],[-93.897719,44.569207],[-93.90042,44.569421],[-93.901366,44.570886],[-93.901076,44.571931],[-93.899459,44.573236],[-93.894851,44.574533],[-93.892562,44.584253],[-93.892714,44.584985],[-93.893813,44.585878],[-93.897017,44.587289],[-93.897536,44.589486],[-93.891677,44.594232],[-93.889643,44.596863],[-93.887496,44.595437],[-93.885894,44.595071],[-93.883406,44.595483],[-93.878859,44.600602],[-93.878264,44.605195],[-93.876082,44.606408],[-93.873043,44.606663],[-93.872634,44.606218],[-93.872527,44.604211],[-93.870696,44.602502],[-93.868442,44.602763],[-93.86128,44.605653],[-93.854048,44.617936],[-93.855284,44.61921],[-93.858366,44.619775],[-93.858915,44.6205],[-93.858412,44.620919],[-93.84976,44.622277],[-93.843442,44.617363],[-93.841703,44.617997],[-93.841337,44.619333],[-93.846082,44.623323],[-93.846042,44.624963],[-93.84506,44.625558],[-93.84091,44.624452],[-93.838926,44.621835],[-93.837541,44.618263],[-93.836453,44.617761],[-93.818173,44.628343],[-93.817059,44.62935],[-93.815808,44.63257],[-93.814419,44.633096],[-93.807797,44.633043],[-93.803325,44.6345],[-93.799343,44.634805],[-93.795589,44.633958],[-93.79334,44.632563],[-93.792492,44.630861],[-93.79237,44.629243],[-93.78834,44.630063],[-93.781429,44.632135],[-93.778728,44.633867],[-93.775187,44.637681],[-93.773371,44.637635],[-93.77238,44.636422],[-93.772105,44.634439],[-93.773219,44.631654],[-93.772975,44.630342],[-93.765939,44.633463],[-93.763779,44.634399],[-93.766794,44.638275],[-93.768039,44.638849],[-93.771376,44.637971],[-93.772623,44.638595],[-93.772173,44.639397],[-93.768039,44.640303],[-93.768039,44.642863],[-93.768039,44.649063],[-93.768039,44.649463],[-93.76797,44.653386],[-93.768039,44.673462],[-93.860226,44.673382],[-93.869843,44.673362],[-93.879651,44.673362],[-93.888844,44.673462],[-93.888844,44.680418],[-93.888844,44.688062],[-93.888644,44.717162],[-93.960341,44.7174],[-93.970047,44.717462],[-94.010288,44.717375]]]},"properties":{"name":"Sibley=SIB","type":"county"}},
{"type":"Feature","geometry":{"type":"Polygon","coordinates":[[[-94.271776,45.775208],[-94.282493,45.775195],[-94.388126,45.775327],[-94.450356,45.775428],[-94.453335,45.775399],[-94.473609,45.775199],[-94.513296,45.774459],[-94.552364,45.773989],[-94.570231,45.77431],[-94.571636,45.774378],[-94.584342,45.774125],[-94.5908,45.774368],[-94.611421,45.774139],[-94.643987,45.773937],[-94.676455,45.773602],[-94.710653,45.773577],[-94.767347,45.773917],[-94.822592,45.77422],[-94.829876,45.774402],[-94.8644,45.774552],[-94.88482,45.774073],[-94.891715,45.774052],[-94.912419,45.774218],[-94.922447,45.774197],[-94.929519,45.7741],[-94.936176,45.774011],[-94.943578,45.774267],[-94.982236,45.774089],[-94.997142,45.774068],[-95.002086,45.773933],[-95.016032,45.774053],[-95.045851,45.773879],[-95.049074,45.773934],[-95.050292,45.773881],[-95.051665,45.773811],[-95.058294,45.773742],[-95.095534,45.773631],[-95.095775,45.773632],[-95.099022,45.773645],[-95.110808,45.773588],[-95.119661,45.773544],[-95.120679,45.773536],[-95.125306,45.773497],[-95.139731,45.773421],[-95.13967,45.75889],[-95.139643,45.752155],[-95.139653,45.715239],[-95.139622,45.708602],[-95.139604,45.704487],[-95.139231,45.671975],[-95.13928,45.657565],[-95.139313,45.647696],[-95.139258,45.639088],[-95.139195,45.636619],[-95.139608,45.613934],[-95.139859,45.585052],[-95.131592,45.585025],[-95.131386,45.527729],[-95.131444,45.509973],[-95.131466,45.507657],[-95.13147,45.507205],[-95.131378,45.501468],[-95.131379,45.500668],[-95.131412,45.499964],[-95.131385,45.499964],[-95.131451,45.499064],[-95.131462,45.499064],[-95.131443,45.49539],[-95.13173,45.412402],[-95.121886,45.412574],[-95.106573,45.412547],[-95.0704,45.41235],[-95.068375,45.412339],[-95.044815,45.412361],[-95.008763,45.412305],[-95.001104,45.412256],[-94.932699,45.412791],[-94.927435,45.412837],[-94.886398,45.412959],[-94.866268,45.41301],[-94.845757,45.412927],[-94.783835,45.412837],[-94.763195,45.412807],[-94.763216,45.387709],[-94.763376,45.355102],[-94.763394,45.333477],[-94.763429,45.326108],[-94.762525,45.326139],[-94.755752,45.326091],[-94.74277,45.32593],[-94.735043,45.326014],[-94.732452,45.326042],[-94.712148,45.32617],[-94.708983,45.326155],[-94.683425,45.326039],[-94.668136,45.325879],[-94.658666,45.325781],[-94.652869,45.325743],[-94.649119,45.325719],[-94.640241,45.325661],[-94.568996,45.325853],[-94.566284,45.325867],[-94.564021,45.32588],[-94.556877,45.325966],[-94.546604,45.326081],[-94.545308,45.326126],[-94.536297,45.326213],[-94.535015,45.326221],[-94.505836,45.326046],[-94.495954,45.32602],[-94.495745,45.326021],[-94.473054,45.32609],[-94.471894,45.326099],[-94.464961,45.326055],[-94.455944,45.326057],[-94.454784,45.326058],[-94.444575,45.325967],[-94.440205,45.325967],[-94.424192,45.326082],[-94.413984,45.326194],[-94.403872,45.326535],[-94.384039,45.326802],[-94.383556,45.326705],[-94.383443,45.312041],[-94.383353,45.297106],[-94.383392,45.289813],[-94.383399,45.282886],[-94.364188,45.282292],[-94.292072,45.28324],[-94.276431,45.283579],[-94.260821,45.283985],[-94.261529,45.297859],[-94.259902,45.298707],[-94.255129,45.299703],[-94.254668,45.300486],[-94.255055,45.302078],[-94.257223,45.305604],[-94.256762,45.306394],[-94.252653,45.308282],[-94.250265,45.308797],[-94.247562,45.308806],[-94.244248,45.308082],[-94.242668,45.308223],[-94.240556,45.309589],[-94.239412,45.310114],[-94.223347,45.3114],[-94.221337,45.312088],[-94.218178,45.315595],[-94.214495,45.316364],[-94.207009,45.315611],[-94.203374,45.317302],[-94.194848,45.318913],[-94.186621,45.318118],[-94.185462,45.316893],[-94.184425,45.315407],[-94.17963,45.312915],[-94.177038,45.310378],[-94.17584,45.303062],[-94.175387,45.30249],[-94.172983,45.301299],[-94.168198,45.302129],[-94.163931,45.301196],[-94.161873,45.301264],[-94.161067,45.301651],[-94.160676,45.304001],[-94.158671,45.304293],[-94.15663,45.303927],[-94.137881,45.315294],[-94.120819,45.325627],[-94.11669,45.328106],[-94.115621,45.328724],[-94.111737,45.334396],[-94.106426,45.34009],[-94.099943,45.342316],[-94.098583,45.343454],[-94.094368,45.342724],[-94.092067,45.343319],[-94.090966,45.344828],[-94.09314,45.348919],[-94.093627,45.350382],[-94.093532,45.353446],[-94.090551,45.357333],[-94.088315,45.361312],[-94.087506,45.36417],[-94.084004,45.365702],[-94.081961,45.365908],[-94.081345,45.366731],[-94.085661,45.372629],[-94.085954,45.379777],[-94.085143,45.380738],[-94.083359,45.380349],[-94.080278,45.381882],[-94.078072,45.383711],[-94.078081,45.384111],[-94.07804,45.38602],[-94.077262,45.388489],[-94.073175,45.39313],[-94.068374,45.396423],[-94.067206,45.399326],[-94.068764,45.404104],[-94.065848,45.405899],[-94.066136,45.408448],[-94.063637,45.409546],[-94.062241,45.41062],[-94.0619,45.411573],[-94.061093,45.41276],[-94.056054,45.416831],[-94.055456,45.421388],[-94.053439,45.422923],[-94.053151,45.423354],[-94.052529,45.423723],[-94.048899,45.422782],[-94.046818,45.42222],[-94.049516,45.426059],[-94.049454,45.428425],[-94.050243,45.432742],[-94.051068,45.434426],[-94.052191,45.435262],[-94.054148,45.435297],[-94.061317,45.432359],[-94.0654,45.432528],[-94.066641,45.43364],[-94.067233,45.436392],[-94.06879,45.438165],[-94.07427,45.439135],[-94.081227,45.446897],[-94.089644,45.449411],[-94.095919,45.450539],[-94.101664,45.454779],[-94.101919,45.456222],[-94.100849,45.459036],[-94.100309,45.466647],[-94.101747,45.46864],[-94.107753,45.472371],[-94.110012,45.475346],[-94.115279,45.479332],[-94.120557,45.480949],[-94.12575,45.482536],[-94.134224,45.487899],[-94.13789,45.491593],[-94.142111,45.493598],[-94.143031,45.499965],[-94.142566,45.505366],[-94.143166,45.508166],[-94.139244,45.514963],[-94.139466,45.516366],[-94.145567,45.523166],[-94.149067,45.525566],[-94.149286,45.526151],[-94.150267,45.528766],[-94.150067,45.531066],[-94.146567,45.536866],[-94.147567,45.539066],[-94.146708,45.54066],[-94.146067,45.541666],[-94.146767,45.544466],[-94.147067,45.549266],[-94.146914,45.555968],[-94.149467,45.559066],[-94.152067,45.561166],[-94.156389,45.563463],[-94.157368,45.564066],[-94.162748,45.569491],[-94.165319,45.573686],[-94.165368,45.573766],[-94.167187,45.577795],[-94.167831,45.584276],[-94.168668,45.586066],[-94.169168,45.586666],[-94.175669,45.592066],[-94.179109,45.593555],[-94.186269,45.597966],[-94.188686,45.598512],[-94.188819,45.598542],[-94.19357,45.602466],[-94.196661,45.608968],[-94.197979,45.610804],[-94.201553,45.615783],[-94.20317,45.618066],[-94.204069,45.620766],[-94.202569,45.624366],[-94.202761,45.626761],[-94.203154,45.631666],[-94.20467,45.635666],[-94.20507,45.637166],[-94.204336,45.646473],[-94.203859,45.647386],[-94.198031,45.652419],[-94.197262,45.653654],[-94.198383,45.668654],[-94.19792,45.669704],[-94.196941,45.671234],[-94.195061,45.672378],[-94.189822,45.673531],[-94.186165,45.674659],[-94.183477,45.676498],[-94.183007,45.678904],[-94.184184,45.679983],[-94.185513,45.680308],[-94.187764,45.679853],[-94.195191,45.677036],[-94.198178,45.676544],[-94.202739,45.677817],[-94.204134,45.679167],[-94.204704,45.681822],[-94.204399,45.684662],[-94.210059,45.701787],[-94.211081,45.702477],[-94.215011,45.703255],[-94.219744,45.706391],[-94.223448,45.710338],[-94.224253,45.712565],[-94.224689,45.715319],[-94.223917,45.716715],[-94.223245,45.717212],[-94.219442,45.717922],[-94.21727,45.71911],[-94.214462,45.721645],[-94.215232,45.726252],[-94.221401,45.727583],[-94.227815,45.728138],[-94.236441,45.730044],[-94.247837,45.73522],[-94.248897,45.736949],[-94.257986,45.740994],[-94.259727,45.742357],[-94.260995,45.744579],[-94.261866,45.74776],[-94.266656,45.754607],[-94.266682,45.756089],[-94.26414,45.759704],[-94.263952,45.760855],[-94.264726,45.763051],[-94.266139,45.763828],[-94.270698,45.765744],[-94.272831,45.767716],[-94.272901,45.768531],[-94.270987,45.773189],[-94.271776,45.775208]]]},"properties":{"name":"Stearns=STR","type":"county"}},
{"type":"Feature","geometry":{"type":"Polygon","coordinates":[[[-93.045909,44.196558],[-93.061118,44.196491],[-93.121429,44.196472],[-93.121671,44.196475],[-93.162091,44.196442],[-93.165969,44.196397],[-93.252628,44.196177],[-93.25585,44.196271],[-93.266244,44.196207],[-93.282614,44.196235],[-93.286475,44.196237],[-93.296091,44.196215],[-93.3192,44.196239],[-93.326352,44.196192],[-93.341497,44.196201],[-93.343348,44.196267],[-93.37403,44.196222],[-93.404298,44.196302],[-93.406632,44.196303],[-93.406476,44.138118],[-93.406478,44.136874],[-93.406481,44.134308],[-93.406484,44.132534],[-93.406485,44.131595],[-93.406593,44.124385],[-93.40659,44.123992],[-93.40652,44.10909],[-93.406146,44.031168],[-93.406024,44.02186],[-93.406431,44.010054],[-93.406343,44.004309],[-93.406257,43.999962],[-93.406479,43.999962],[-93.406493,43.994891],[-93.406499,43.992649],[-93.406489,43.981567],[-93.406552,43.973244],[-93.406557,43.972548],[-93.406638,43.935164],[-93.406748,43.906142],[-93.406761,43.901376],[-93.406766,43.899409],[-93.406773,43.896808],[-93.406746,43.848126],[-93.399332,43.848133],[-93.398989,43.848134],[-93.391581,43.848141],[-93.389903,43.848143],[-93.375212,43.848193],[-93.32608,43.848221],[-93.3195,43.848203],[-93.308255,43.848223],[-93.289547,43.848152],[-93.286197,43.848243],[-93.285439,43.848242],[-93.279371,43.848195],[-93.250629,43.848206],[-93.250207,43.848206],[-93.169407,43.848337],[-93.165865,43.848342],[-93.159376,43.848353],[-93.125201,43.848367],[-93.119612,43.84837],[-93.086024,43.848426],[-93.085704,43.848428],[-93.04971,43.848444],[-93.049408,43.848441],[-93.045791,43.848407],[-93.045777,43.859339],[-93.045788,43.85975],[-93.045656,43.861818],[-93.045566,43.863249],[-93.045502,43.866428],[-93.04549,43.866921],[-93.045406,43.870339],[-93.04543,43.877796],[-93.045429,43.877945],[-93.0454,43.892013],[-93.045374,43.895006],[-93.045335,43.899493],[-93.045356,43.904542],[-93.045368,43.907443],[-93.045394,43.913946],[-93.045296,43.928125],[-93.045337,43.935762],[-93.045415,43.950181],[-93.045576,43.979343],[-93.045591,43.982091],[-93.045611,43.985699],[-93.045697,44.022708],[-93.045529,44.037201],[-93.045611,44.051799],[-93.045569,44.086115],[-93.045618,44.096151],[-93.0456,44.102036],[-93.04563,44.102386],[-93.045685,44.109621],[-93.045691,44.110322],[-93.045656,44.1237],[-93.045627,44.133568],[-93.045601,44.163099],[-93.045676,44.168295],[-93.045909,44.196558]]]},"properties":{"name":"Steele=STE","type":"county"}},
{"type":"Feature","geometry":{"type":"Polygon","coordinates":[[[-95.758508,45.760001],[-95.80003,45.759993],[-95.81041,45.759925],[-95.841518,45.759921],[-95.856599,45.759848],[-95.870766,45.75975],[-95.882078,45.75964],[-95.923206,45.759561],[-95.928837,45.759876],[-95.964594,45.759537],[-95.985255,45.759461],[-96.005749,45.759445],[-96.02801,45.759466],[-96.130031,45.759705],[-96.153369,45.759829],[-96.153891,45.759852],[-96.171519,45.759742],[-96.253985,45.759794],[-96.253911,45.749961],[-96.253944,45.672633],[-96.253715,45.6435],[-96.253671,45.636554],[-96.253503,45.628967],[-96.253464,45.621701],[-96.253121,45.585449],[-96.2413,45.585455],[-96.241244,45.575098],[-96.241222,45.571014],[-96.241097,45.54211],[-96.241034,45.533741],[-96.240986,45.527372],[-96.24098,45.521931],[-96.240805,45.506865],[-96.240803,45.504907],[-96.240922,45.498647],[-96.240921,45.498593],[-96.24107,45.484655],[-96.241067,45.4769],[-96.241154,45.455532],[-96.241185,45.448006],[-96.241213,45.441038],[-96.241298,45.419951],[-96.241328,45.412667],[-96.230917,45.412589],[-96.199805,45.412208],[-96.190194,45.412102],[-96.179302,45.412048],[-96.168267,45.411985],[-96.147402,45.411926],[-96.13781,45.411922],[-96.116941,45.411968],[-96.106937,45.411959],[-96.106635,45.411959],[-96.09969,45.411953],[-96.099066,45.411952],[-96.055074,45.412065],[-96.044894,45.412092],[-95.994564,45.412338],[-95.974878,45.412507],[-95.974384,45.412512],[-95.958943,45.412502],[-95.932764,45.412413],[-95.912165,45.412388],[-95.902052,45.412407],[-95.891565,45.412428],[-95.87089,45.412305],[-95.747479,45.41237],[-95.747473,45.417826],[-95.747471,45.419636],[-95.747609,45.441253],[-95.747674,45.470176],[-95.747742,45.49918],[-95.747588,45.513402],[-95.747695,45.550779],[-95.7477,45.554792],[-95.747653,45.571349],[-95.747754,45.585521],[-95.754614,45.585483],[-95.758481,45.585508],[-95.758471,45.598683],[-95.758424,45.614563],[-95.758437,45.62598],[-95.758442,45.626553],[-95.758473,45.629804],[-95.758499,45.632673],[-95.758486,45.633868],[-95.758494,45.64238],[-95.758521,45.643572],[-95.75856,45.672727],[-95.758391,45.676272],[-95.75876,45.701744],[-95.758861,45.708676],[-95.75892,45.712696],[-95.758816,45.742764],[-95.75879,45.745159],[-95.758508,45.760001]]]},"properties":{"name":"Stevens=STV","type":"county"}},
{"type":"Feature","geometry":{"type":"Polygon","coordinates":[[[-93.088438,48.627597],[-93.089715,48.596447],[-93.090317,48.548566],[-93.090345,48.546774],[-93.090651,48.499919],[-93.091889,48.435199],[-93.092283,48.414642],[-93.093473,48.409425],[-93.094422,48.336437],[-93.09446,48.334188],[-93.095175,48.249922],[-93.094813,48.242516],[-93.097666,48.24247],[-93.097105,48.179348],[-93.097135,48.174706],[-93.096886,48.155871],[-93.097237,48.142361],[-93.09689,48.088851],[-93.096488,48.067826],[-93.088984,48.067923],[-93.088795,48.007451],[-93.088423,48.00468],[-93.087558,47.992606],[-93.088201,47.985704],[-93.088265,47.978345],[-93.080723,47.978363],[-93.080983,47.962221],[-93.081311,47.942788],[-93.081409,47.930082],[-93.081315,47.91861],[-93.081194,47.89418],[-93.081158,47.89187],[-93.080897,47.874926],[-93.081423,47.865439],[-93.081592,47.863451],[-93.08346,47.831714],[-93.084022,47.822041],[-93.083959,47.806338],[-93.083614,47.793103],[-93.083289,47.78063],[-93.083327,47.777706],[-93.083394,47.771078],[-93.082568,47.735438],[-93.082463,47.727759],[-93.082188,47.720383],[-93.061253,47.720187],[-93.061812,47.696242],[-93.062344,47.67845],[-93.062355,47.678185],[-93.062781,47.660259],[-93.062895,47.655961],[-93.062927,47.654772],[-93.062916,47.653532],[-93.062981,47.651224],[-93.06349,47.633138],[-93.06444,47.617318],[-93.062923,47.596981],[-93.062889,47.592295],[-93.062821,47.590856],[-93.062922,47.587564],[-93.062802,47.581155],[-93.063909,47.573386],[-93.06398,47.544432],[-93.06397,47.543502],[-93.064206,47.540805],[-93.064138,47.539753],[-93.064341,47.535114],[-93.064308,47.533651],[-93.064071,47.529012],[-93.065087,47.499932],[-93.067176,47.477422],[-93.067308,47.474154],[-93.069126,47.457768],[-93.06922,47.454537],[-93.069091,47.436376],[-93.069261,47.428917],[-93.069355,47.414822],[-93.0694,47.407818],[-93.069559,47.393477],[-93.069357,47.392472],[-93.069342,47.39202],[-93.069325,47.391477],[-93.069131,47.38597],[-93.068615,47.382141],[-93.068271,47.380505],[-93.067269,47.374934],[-93.066698,47.371601],[-93.066471,47.371598],[-93.06471,47.371578],[-93.064679,47.363899],[-93.064734,47.334336],[-93.065684,47.306327],[-93.065787,47.304591],[-93.06609,47.290054],[-93.065787,47.282832],[-93.065758,47.276585],[-93.06572,47.268296],[-93.065988,47.259091],[-93.065968,47.247441],[-93.065597,47.225524],[-93.065618,47.224664],[-93.065442,47.195942],[-93.065416,47.174359],[-93.065516,47.171684],[-93.065521,47.167094],[-93.066245,47.109319],[-93.056187,47.109279],[-93.055943,47.026415],[-93.057776,46.939585],[-93.058269,46.910446],[-93.059485,46.85334],[-93.061529,46.76655],[-92.999717,46.76689],[-92.935844,46.766122],[-92.823966,46.766287],[-92.808646,46.766321],[-92.733208,46.767847],[-92.711837,46.76838],[-92.680345,46.769141],[-92.658694,46.769244],[-92.638393,46.766844],[-92.554774,46.766242],[-92.54649,46.766211],[-92.523039,46.765915],[-92.512661,46.765774],[-92.493588,46.765607],[-92.493108,46.765601],[-92.476823,46.765427],[-92.476607,46.765482],[-92.470587,46.765484],[-92.449498,46.765534],[-92.428376,46.764801],[-92.396212,46.764817],[-92.381544,46.764879],[-92.379018,46.765058],[-92.377452,46.764946],[-92.364782,46.764998],[-92.322382,46.765062],[-92.301567,46.764166],[-92.301583,46.754022],[-92.301471,46.720742],[-92.301471,46.713446],[-92.301343,46.706006],[-92.301264,46.696038],[-92.301024,46.677242],[-92.301092,46.667942],[-92.301092,46.666942],[-92.297092,46.665742],[-92.294088,46.66421],[-92.293508,46.663914],[-92.292192,46.663242],[-92.292192,46.666042],[-92.291292,46.668142],[-92.287392,46.667342],[-92.287092,46.662842],[-92.286192,46.660342],[-92.283692,46.658841],[-92.278492,46.658641],[-92.274392,46.657441],[-92.272792,46.652841],[-92.270592,46.650741],[-92.265993,46.651041],[-92.259692,46.657141],[-92.256592,46.658741],[-92.242493,46.649241],[-92.235592,46.650041],[-92.228492,46.652941],[-92.22628001,46.65280828],[-92.223492,46.652641],[-92.216392,46.649841],[-92.212392,46.649941],[-92.207092,46.651941],[-92.202292,46.655041],[-92.201592,46.656641],[-92.202192,46.658941],[-92.205492,46.664741],[-92.204092,46.666941],[-92.199492,46.670241],[-92.192492,46.676741],[-92.187592,46.678941],[-92.181391,46.680241],[-92.177591,46.683441],[-92.176091,46.686341],[-92.176491,46.690241],[-92.177891,46.691841],[-92.183091,46.695241],[-92.198491,46.696141],[-92.205192,46.698341],[-92.205692,46.702541],[-92.204691,46.704041],[-92.201591,46.705941],[-92.197391,46.707641],[-92.193291,46.711241],[-92.191491,46.716241],[-92.189091,46.717541],[-92.178891,46.716741],[-92.174291,46.717241],[-92.17306166,46.71771517],[-92.167291,46.719941],[-92.155191,46.71594],[-92.148691,46.71514],[-92.146291,46.71594],[-92.1449923,46.71835558],[-92.141291,46.72524],[-92.143391,46.72814],[-92.14329,46.73464],[-92.14282715,46.73505999],[-92.13789,46.73954],[-92.12527493,46.74492954],[-92.1173884,46.7482989],[-92.11738469,46.74830048],[-92.11659,46.74864],[-92.10819,46.74914],[-92.08949,46.74924],[-92.03399,46.708939],[-92.020289,46.704039],[-92.01529,46.706469],[-92.025789,46.710839],[-92.06449,46.745439],[-92.088289,46.773639],[-92.09053884,46.77914723],[-92.094089,46.787839],[-92.09294117,46.78877161],[-92.086089,46.794339],[-92.08524221,46.7946812],[-92.07898227,46.79721089],[-92.07796246,46.797623],[-92.07582905,46.79848513],[-92.07578494,46.79850296],[-92.06804145,46.80163216],[-92.062088,46.804038],[-92.05984876,46.80816661],[-92.058888,46.809938],[-92.05145046,46.81382806],[-92.0415283,46.81901765],[-92.03498423,46.8224404],[-92.02779536,46.8262004],[-92.02633058,46.82696653],[-92.02529433,46.82750852],[-92.013405,46.833727],[-92.00565139,46.8362465],[-91.997987,46.838737],[-91.985086,46.849637],[-91.952985,46.867037],[-91.9223141,46.8805956],[-91.92122909,46.88107525],[-91.914984,46.883836],[-91.906483,46.891236],[-91.88855584,46.90241261],[-91.883238,46.905728],[-91.871286,46.908352],[-91.841349,46.925215],[-91.834852,46.927135],[-91.826068,46.927199],[-91.806851,46.933727],[-91.79399193,46.9396977],[-91.79397867,46.93970386],[-91.794054,46.953106],[-91.794153,46.95642],[-91.794115,46.976427],[-91.794115,46.976578],[-91.794148,46.989308],[-91.794564,47.025287],[-91.794494,47.032555],[-91.793774,47.053914],[-91.793774,47.057758],[-91.793883,47.078665],[-91.79417,47.111423],[-91.79173,47.111456],[-91.79194,47.124247],[-91.792655,47.12493],[-91.792495,47.190525],[-91.792443,47.198535],[-91.792321,47.285198],[-91.791942,47.372501],[-91.790665,47.372501],[-91.790552,47.374922],[-91.789389,47.497475],[-91.787928,47.546817],[-91.788842,47.557625],[-91.788994,47.567181],[-91.7892,47.579232],[-91.790546,47.586328],[-91.792893,47.629834],[-91.793164,47.633459],[-91.793583,47.639078],[-91.794642,47.657952],[-91.795798,47.666164],[-91.795423,47.674312],[-91.795685,47.688236],[-91.798174,47.716294],[-91.799114,47.732178],[-91.800027,47.803058],[-91.800067,47.831861],[-91.798627,47.868685],[-91.798619,47.86896],[-91.79794,47.904333],[-91.796764,47.911892],[-91.797795,47.918966],[-91.797842,47.924307],[-91.797882,47.932411],[-91.797961,47.94905],[-91.799145,47.976882],[-91.800154,48.005429],[-91.800153,48.064741],[-91.800148,48.083737],[-91.7985,48.122222],[-91.798594,48.148383],[-91.79825201,48.20285776],[-91.809038,48.206013],[-91.814473,48.208664],[-91.815772,48.211748],[-91.831975,48.209302],[-91.834404,48.209804],[-91.839463,48.209643],[-91.845821,48.208636],[-91.864382,48.207031],[-91.867882,48.219095],[-91.884691,48.227321],[-91.89347,48.237699],[-91.903767,48.23704],[-91.905991,48.237132],[-91.906967,48.23777],[-91.907597,48.238183],[-91.91541908,48.2388413],[-91.915772,48.238871],[-91.91657478,48.23853201],[-91.91750765,48.23813809],[-91.920802,48.236747],[-91.929045,48.235834],[-91.937356,48.234213],[-91.940709,48.232019],[-91.941838,48.230602],[-91.945155,48.230442],[-91.95129651,48.23264658],[-91.953398,48.232978],[-91.95779754,48.23298873],[-91.9578099,48.23301859],[-91.95916618,48.23629628],[-91.95843546,48.23800129],[-91.95779754,48.23948977],[-91.95775932,48.24055999],[-91.95768349,48.24268326],[-91.95283172,48.24419944],[-91.95220893,48.24439406],[-91.95209488,48.24713134],[-91.95324904,48.24867022],[-91.95380568,48.2494124],[-91.954397,48.251199],[-91.954432,48.251678],[-91.959565,48.253551],[-91.97024,48.253594],[-91.971779,48.252977],[-91.972565,48.250396],[-91.970371,48.249358],[-91.971056,48.247667],[-91.975809,48.244535],[-91.976903,48.244626],[-91.977725,48.245723],[-91.977486,48.24634],[-91.977555,48.24714],[-91.980772,48.247801],[-91.989545,48.260214],[-92.006577,48.265421],[-92.007246,48.280388],[-92.012066,48.287268],[-92.01298,48.297391],[-92.000133,48.321355],[-92.030872,48.325824],[-92.037721,48.333183],[-92.046562,48.33474],[-92.047655,48.343766],[-92.045152,48.345776],[-92.045734,48.347901],[-92.048648,48.348861],[-92.055228,48.359213],[-92.066269,48.359602],[-92.077961,48.358253],[-92.083513,48.353865],[-92.092256,48.354617],[-92.143583,48.356121],[-92.145049,48.365651],[-92.162161,48.363279],[-92.177354,48.357228],[-92.178897,48.355285],[-92.178418,48.351881],[-92.193571,48.348613],[-92.194188,48.348728],[-92.194874,48.350396],[-92.203684,48.352063],[-92.207729,48.347812],[-92.20700867,48.34689067],[-92.206803,48.345596],[-92.216983,48.345114],[-92.219658,48.34813],[-92.222813,48.349203],[-92.26228,48.354933],[-92.288994,48.342991],[-92.295412,48.323957],[-92.304561,48.322977],[-92.306309,48.316442],[-92.294527,48.306454],[-92.301451,48.288608],[-92.295668,48.278118],[-92.295053,48.276587],[-92.292999,48.276404],[-92.294541,48.27156],[-92.290368,48.265527],[-92.273706,48.256747],[-92.269742,48.248241],[-92.280727,48.244269],[-92.314665,48.240527],[-92.321746,48.237304],[-92.325304,48.23703],[-92.332247,48.233876],[-92.333649,48.233898],[-92.335394,48.2352],[-92.336831,48.235383],[-92.33943,48.234537],[-92.341207,48.23248],[-92.349177,48.231404],[-92.353177,48.230328],[-92.362097,48.222876],[-92.369174,48.220268],[-92.372802,48.223717],[-92.377903,48.229635],[-92.378449,48.230801],[-92.378343,48.233383],[-92.378922,48.235782],[-92.383161,48.238367],[-92.384355,48.24072],[-92.384387,48.242914],[-92.383906,48.244696],[-92.386438,48.244194],[-92.387191,48.244606],[-92.388112,48.246732],[-92.387049,48.249268],[-92.389305,48.253316],[-92.393781,48.260562],[-92.397645,48.265546],[-92.406706,48.279351],[-92.416285,48.295463],[-92.426077,48.304491],[-92.428919,48.305771],[-92.432003,48.305063],[-92.43709391,48.30923926],[-92.437825,48.309839],[-92.43816167,48.31039911],[-92.441286,48.315597],[-92.453691,48.329514],[-92.45845198,48.33605116],[-92.45845241,48.33605175],[-92.469948,48.351836],[-92.47675,48.37176],[-92.456389,48.401134],[-92.456325,48.414204],[-92.475585,48.418793],[-92.481152,48.425349],[-92.480844,48.426583],[-92.482082,48.428662],[-92.484074,48.42953],[-92.48919,48.430328],[-92.492078,48.433709],[-92.507285,48.447875],[-92.51491,48.448313],[-92.537202,48.447703],[-92.575636,48.440827],[-92.656027,48.436709],[-92.663271,48.440184],[-92.687998,48.443889],[-92.712562,48.463013],[-92.708647,48.470349],[-92.709267,48.473091],[-92.701298,48.484586],[-92.698824,48.494892],[-92.684866,48.497611],[-92.661418,48.496557],[-92.654039,48.501635],[-92.647114,48.499905],[-92.636696,48.499428],[-92.630644,48.500917],[-92.627237,48.503383],[-92.629126,48.505303],[-92.631463,48.50679],[-92.631137,48.508077],[-92.631117,48.508252],[-92.625374,48.512916],[-92.625151,48.513048],[-92.626365,48.51362],[-92.626639,48.514374],[-92.625541,48.517549],[-92.625739,48.518189],[-92.627833,48.522167],[-92.634931,48.542873],[-92.657881,48.546263],[-92.728046,48.53929],[-92.894687,48.594915],[-92.909947,48.596313],[-92.929614,48.606874],[-92.949839,48.608269],[-92.95012,48.630419],[-92.954876,48.631493],[-92.984963,48.623731],[-93.088438,48.627597]]]},"properties":{"name":"StLOUIS=STL","type":"county"}},
{"type":"Feature","geometry":{"type":"Polygon","coordinates":[[[-95.255127,45.412523],[-95.286196,45.412657],[-95.31157,45.412614],[-95.363592,45.412372],[-95.377747,45.412896],[-95.428982,45.412271],[-95.459774,45.412154],[-95.48028,45.411987],[-95.500748,45.411881],[-95.541528,45.412133],[-95.561904,45.412226],[-95.62423,45.41246],[-95.67166,45.412477],[-95.685805,45.412524],[-95.709838,45.412452],[-95.726781,45.412402],[-95.747479,45.41237],[-95.87089,45.412305],[-95.891565,45.412428],[-95.902052,45.412407],[-95.912165,45.412388],[-95.932764,45.412413],[-95.958943,45.412502],[-95.974384,45.412512],[-95.974878,45.412507],[-95.994564,45.412338],[-96.044894,45.412092],[-96.055074,45.412065],[-96.099066,45.411952],[-96.09969,45.411953],[-96.106635,45.411959],[-96.106937,45.411959],[-96.116941,45.411968],[-96.117123,45.399424],[-96.118284,45.392523],[-96.118159,45.369911],[-96.118263,45.361503],[-96.118283,45.360759],[-96.118227,45.355538],[-96.117961,45.330291],[-96.117874,45.32658],[-96.117496,45.319223],[-96.117394,45.312035],[-96.11725,45.297662],[-96.117593,45.28329],[-96.117676,45.26878],[-96.117823,45.254316],[-96.117891,45.249963],[-96.118047,45.239862],[-96.103735,45.239776],[-96.103722,45.220262],[-96.103736,45.219778],[-96.103763,45.21881],[-96.103746,45.210003],[-96.103614,45.176675],[-96.09672,45.174204],[-96.093903,45.171168],[-96.0929,45.169149],[-96.088945,45.167463],[-96.084389,45.165852],[-96.079556,45.16529],[-96.077526,45.165878],[-96.075228,45.165644],[-96.064018,45.161227],[-96.063433,45.160415],[-96.056283,45.156467],[-96.053511,45.156453],[-96.052791,45.157672],[-96.048864,45.158379],[-96.04725,45.158207],[-96.04184,45.156074],[-96.036698,45.152206],[-96.004507,45.152067],[-95.980311,45.152006],[-95.961872,45.151921],[-95.960043,45.151744],[-95.944469,45.151724],[-95.939849,45.151718],[-95.858118,45.151637],[-95.817752,45.151532],[-95.811907,45.151623],[-95.805351,45.151578],[-95.781744,45.151574],[-95.779597,45.151556],[-95.735635,45.151429],[-95.715806,45.151374],[-95.71547,45.151373],[-95.695364,45.151369],[-95.613896,45.151334],[-95.593646,45.151204],[-95.574213,45.151383],[-95.5733,45.151391],[-95.512065,45.151541],[-95.491511,45.151742],[-95.369349,45.152677],[-95.246555,45.152383],[-95.246593,45.164995],[-95.246597,45.165792],[-95.246635,45.174183],[-95.246853,45.195941],[-95.246546,45.210363],[-95.24649,45.218317],[-95.246465,45.224831],[-95.246115,45.229996],[-95.246448,45.238704],[-95.255091,45.23873],[-95.254813,45.253156],[-95.254868,45.296329],[-95.255028,45.299826],[-95.255211,45.311071],[-95.255234,45.320991],[-95.255257,45.325234],[-95.255289,45.33043],[-95.255299,45.355113],[-95.25531,45.373126],[-95.255315,45.373763],[-95.255102,45.39083],[-95.255081,45.3923],[-95.255073,45.392868],[-95.25507,45.393049],[-95.254993,45.398339],[-95.255127,45.412523]]]},"properties":{"name":"Swift=SWI","type":"county"}},
{"type":"Feature","geometry":{"type":"Polygon","coordinates":[[[-95.155458,46.368941],[-95.155592,46.365354],[-95.154763,46.311058],[-95.154638,46.30491],[-95.154475,46.29689],[-95.154257,46.282404],[-95.145617,46.28233],[-95.146249,46.237542],[-95.145699,46.223054],[-95.146203,46.208588],[-95.146342,46.194122],[-95.146158,46.179474],[-95.146079,46.151539],[-95.14608,46.150795],[-95.146024,46.138637],[-95.145993,46.135781],[-95.145943,46.121205],[-95.145872,46.114562],[-95.145863,46.113679],[-95.145801,46.107794],[-95.14579,46.106671],[-95.145919,46.06309],[-95.145919,46.062863],[-95.14641,46.019761],[-95.146661,45.983437],[-95.146255,45.9328],[-95.138909,45.932694],[-95.138789,45.924078],[-95.138792,45.923907],[-95.13896,45.915924],[-95.139203,45.907826],[-95.139397,45.901414],[-95.139796,45.888193],[-95.140183,45.871043],[-95.140149,45.865744],[-95.140155,45.864279],[-95.14021,45.860417],[-95.14024,45.85835],[-95.140234,45.857562],[-95.140223,45.856002],[-95.140217,45.855061],[-95.140197,45.851477],[-95.140191,45.850335],[-95.140177,45.847936],[-95.140166,45.846064],[-95.140163,45.845404],[-95.140076,45.829744],[-95.139843,45.800056],[-95.139807,45.791468],[-95.139731,45.773421],[-95.125306,45.773497],[-95.120679,45.773536],[-95.119661,45.773544],[-95.110808,45.773588],[-95.099022,45.773645],[-95.095775,45.773632],[-95.095534,45.773631],[-95.058294,45.773742],[-95.051665,45.773811],[-95.050292,45.773881],[-95.049074,45.773934],[-95.045851,45.773879],[-95.016032,45.774053],[-95.002086,45.773933],[-94.997142,45.774068],[-94.982236,45.774089],[-94.943578,45.774267],[-94.936176,45.774011],[-94.929519,45.7741],[-94.922447,45.774197],[-94.912419,45.774218],[-94.891715,45.774052],[-94.88482,45.774073],[-94.8644,45.774552],[-94.829876,45.774402],[-94.822592,45.77422],[-94.767347,45.773917],[-94.710653,45.773577],[-94.676455,45.773602],[-94.643987,45.773937],[-94.644055,45.795892],[-94.644056,45.796108],[-94.64409,45.802924],[-94.644095,45.80388],[-94.644067,45.809795],[-94.643976,45.830909],[-94.643968,45.83255],[-94.643905,45.845703],[-94.643863,45.852825],[-94.643862,45.853069],[-94.643729,45.85652],[-94.643742,45.864061],[-94.643752,45.870852],[-94.643705,45.876677],[-94.643525,45.904743],[-94.643714,45.908012],[-94.643751,45.909772],[-94.643947,45.910206],[-94.643614,45.917863],[-94.643631,45.918484],[-94.643703,45.920993],[-94.643736,45.932854],[-94.648811,45.932905],[-94.648382,45.954801],[-94.648339,45.957235],[-94.648209,45.970718],[-94.648203,45.972827],[-94.648019,45.989154],[-94.647986,45.991555],[-94.648071,46.002015],[-94.648084,46.00292],[-94.648324,46.018226],[-94.648158,46.020352],[-94.648006,46.034069],[-94.64789,46.048916],[-94.647909,46.049608],[-94.647902,46.107845],[-94.647911,46.136964],[-94.647671,46.154721],[-94.647668,46.154975],[-94.647906,46.159607],[-94.647945,46.161008],[-94.647975,46.173932],[-94.647944,46.176102],[-94.647721,46.194148],[-94.647727,46.194809],[-94.647795,46.209554],[-94.647796,46.20999],[-94.647807,46.213331],[-94.647817,46.216461],[-94.647822,46.217691],[-94.647805,46.220606],[-94.647841,46.237987],[-94.647624,46.252368],[-94.647639,46.253385],[-94.647755,46.261554],[-94.648039,46.278969],[-94.647806,46.28258],[-94.65276,46.282653],[-94.652645,46.297557],[-94.652712,46.30164],[-94.65319,46.318743],[-94.653387,46.324397],[-94.653397,46.324789],[-94.653514,46.329549],[-94.653384,46.340402],[-94.653455,46.34275],[-94.653462,46.348678],[-94.65824,46.351871],[-94.659801,46.352017],[-94.66126,46.351513],[-94.663089,46.350159],[-94.663845,46.350622],[-94.664826,46.352354],[-94.666087,46.357688],[-94.667354,46.359681],[-94.668679,46.360506],[-94.670423,46.360594],[-94.672221,46.359754],[-94.673823,46.35821],[-94.676036,46.351457],[-94.677233,46.350345],[-94.682203,46.350022],[-94.684987,46.350738],[-94.68896,46.3508],[-94.697882,46.349515],[-94.715268,46.352079],[-94.717922,46.350791],[-94.719363,46.350842],[-94.72245,46.351922],[-94.725858,46.355146],[-94.7317,46.364231],[-94.73198,46.366891],[-94.73164,46.368717],[-94.7323,46.368709],[-94.733425,46.368695],[-94.737295,46.368646],[-94.737384,46.368645],[-94.747718,46.368526],[-94.768756,46.368466],[-94.775635,46.368445],[-94.776593,46.368442],[-94.777594,46.368438],[-94.778872,46.368434],[-94.780271,46.36843],[-94.782424,46.368424],[-94.784511,46.368417],[-94.78949,46.368403],[-94.793155,46.368403],[-94.794773,46.368425],[-94.797559,46.368513],[-94.798701,46.36854],[-94.801155,46.368507],[-94.805213,46.368481],[-94.824618,46.368357],[-94.824849,46.368402],[-94.831226,46.36837],[-94.831383,46.36837],[-94.854591,46.368428],[-94.883773,46.368545],[-94.904877,46.368753],[-94.905499,46.36876],[-94.910162,46.368807],[-94.925715,46.36882],[-94.933213,46.368864],[-94.936064,46.368881],[-94.93975,46.368859],[-94.946815,46.369109],[-94.951426,46.368861],[-94.951833,46.368743],[-94.988722,46.368777],[-95.030057,46.368899],[-95.155458,46.368941]]]},"properties":{"name":"Todd=TOD","type":"county"}},
{"type":"Feature","geometry":{"type":"Polygon","coordinates":[[[-96.57657025,46.02184764],[-96.574264,46.016545],[-96.575869,46.007999],[-96.574064,46.004434],[-96.573605,46.002309],[-96.572483,45.989577],[-96.572384,45.980231],[-96.57168932,45.97454928],[-96.57035,45.963595],[-96.564803,45.950349],[-96.562135,45.947718],[-96.561334,45.945655],[-96.562525,45.937087],[-96.56328,45.935238],[-96.564518,45.926256],[-96.564317,45.921074],[-96.564002,45.91956],[-96.566562,45.916931],[-96.5670302,45.91568222],[-96.56653378,45.91187633],[-96.56554094,45.91088349],[-96.56442,45.909415],[-96.567268,45.905393],[-96.568315,45.902902],[-96.568053,45.898697],[-96.568281,45.891203],[-96.568772,45.888072],[-96.571354,45.886673],[-96.572651,45.876474],[-96.571871,45.871846],[-96.574667,45.866816],[-96.574417,45.86501],[-96.572984,45.861602],[-96.5742214,45.84666602],[-96.5742468,45.8463594],[-96.574517,45.843098],[-96.576544,45.839945],[-96.577534,45.83793],[-96.577484,45.833108],[-96.57974,45.82582],[-96.583085,45.820024],[-96.58344387,45.81970354],[-96.587093,45.816445],[-96.593216,45.813873],[-96.596704,45.811801],[-96.601863,45.806343],[-96.607621,45.79907],[-96.612512,45.794442],[-96.618195,45.791063],[-96.625347,45.787924],[-96.627778,45.786239],[-96.629426,45.784211],[-96.630512,45.781157],[-96.636646,45.773702],[-96.638726,45.770171],[-96.63895239,45.7690447],[-96.639685,45.7654],[-96.641941,45.759871],[-96.64212293,45.75963994],[-96.652226,45.746809],[-96.66117449,45.73979536],[-96.662595,45.738682],[-96.66768373,45.73547514],[-96.67119548,45.73326208],[-96.672665,45.732336],[-96.687224,45.725931],[-96.711157,45.717561],[-96.745086,45.701576],[-96.75035,45.698782],[-96.757174,45.690957],[-96.760866,45.687518],[-96.78369654,45.67638281],[-96.79025452,45.67318427],[-96.800156,45.668355],[-96.82616,45.654164],[-96.827428,45.653067],[-96.832659,45.651716],[-96.835769,45.649648],[-96.83644565,45.64905605],[-96.840746,45.645294],[-96.844211,45.639583],[-96.84839376,45.62819699],[-96.8510316,45.62101643],[-96.851621,45.619412],[-96.852392,45.61484],[-96.856657,45.609041],[-96.857751,45.605962],[-96.853646,45.602307],[-96.849444,45.598944],[-96.84685323,45.59662752],[-96.844334,45.594375],[-96.843957,45.594003],[-96.8411977,45.59144872],[-96.835451,45.586129],[-96.830732,45.586097],[-96.825837,45.586064],[-96.823689,45.585995],[-96.809334,45.586087],[-96.802825,45.586086],[-96.761846,45.586006],[-96.761032,45.586028],[-96.692174,45.58588],[-96.679774,45.58588],[-96.643581,45.58578],[-96.637885,45.585709],[-96.636225,45.585708],[-96.617227,45.585503],[-96.602873,45.585577],[-96.597341,45.585533],[-96.585624,45.585626],[-96.573809,45.58572],[-96.57228,45.585789],[-96.572219,45.585788],[-96.566129,45.585698],[-96.564286,45.585688],[-96.552883,45.585628],[-96.548482,45.585517],[-96.53521,45.585533],[-96.525013,45.585514],[-96.511061,45.585456],[-96.50034,45.58544],[-96.49336,45.585479],[-96.448122,45.585331],[-96.426123,45.585353],[-96.419191,45.585351],[-96.390747,45.58532],[-96.385508,45.585317],[-96.370112,45.585294],[-96.355826,45.585369],[-96.335388,45.585442],[-96.253121,45.585449],[-96.253464,45.621701],[-96.253503,45.628967],[-96.253671,45.636554],[-96.253715,45.6435],[-96.253944,45.672633],[-96.253911,45.749961],[-96.253985,45.759794],[-96.254257,45.810314],[-96.253862,45.846734],[-96.253858,45.847008],[-96.254159,45.90529],[-96.253672,45.934811],[-96.255371,45.934811],[-96.266144,45.935022],[-96.266316,46.006877],[-96.266316,46.006991],[-96.26568,46.021591],[-96.266298,46.021591],[-96.287064,46.021575],[-96.307563,46.021577],[-96.348856,46.021754],[-96.370076,46.021586],[-96.389697,46.02145],[-96.572592,46.021893],[-96.57657025,46.02184764]]]},"properties":{"name":"Traverse=TRA","type":"county"}},
{"type":"Feature","geometry":{"type":"Polygon","coordinates":[[[-92.24201,44.454254],[-92.274198,44.454444],[-92.279187,44.454443],[-92.281431,44.45445],[-92.282113,44.454456],[-92.286828,44.454521],[-92.2933,44.454472],[-92.293843,44.454518],[-92.299315,44.454556],[-92.308432,44.454634],[-92.309316,44.454643],[-92.319415,44.454748],[-92.323343,44.454769],[-92.323693,44.454771],[-92.330923,44.454824],[-92.410388,44.455203],[-92.416214,44.455066],[-92.416362,44.455023],[-92.416453,44.454998],[-92.416462,44.454998],[-92.429839,44.455087],[-92.430592,44.455089],[-92.430246,44.451524],[-92.43025,44.451046],[-92.430408,44.426348],[-92.430409,44.422196],[-92.430575,44.368606],[-92.430573,44.36812],[-92.506237,44.368071],[-92.51626,44.368104],[-92.550606,44.368302],[-92.550736,44.353735],[-92.550794,44.307206],[-92.550942,44.303036],[-92.551201,44.281537],[-92.551183,44.274157],[-92.550847,44.271664],[-92.550879,44.271481],[-92.550848,44.270223],[-92.550895,44.267161],[-92.550912,44.266084],[-92.550681,44.232189],[-92.550809,44.222685],[-92.550872,44.194509],[-92.543688,44.194045],[-92.535207,44.194143],[-92.524455,44.194269],[-92.517199,44.194269],[-92.514503,44.194269],[-92.508583,44.194525],[-92.508135,44.194509],[-92.483287,44.194032],[-92.482997,44.194029],[-92.482245,44.194077],[-92.480382,44.194052],[-92.479829,44.194045],[-92.471077,44.194109],[-92.469541,44.194061],[-92.463274,44.194143],[-92.44874,44.194093],[-92.43922,44.194174],[-92.422963,44.194462],[-92.422547,44.194457],[-92.421635,44.194446],[-92.402098,44.19427],[-92.395618,44.194296],[-92.378369,44.194366],[-92.366464,44.1943],[-92.358064,44.194254],[-92.347408,44.194318],[-92.339567,44.194478],[-92.331375,44.19443],[-92.31963,44.194382],[-92.319454,44.165773],[-92.319325,44.136861],[-92.319197,44.134877],[-92.319164,44.122077],[-92.319052,44.107357],[-92.299467,44.107373],[-92.269305,44.107389],[-92.240258,44.107273],[-92.232169,44.107232],[-92.225448,44.107245],[-92.218712,44.107149],[-92.199207,44.107165],[-92.169686,44.1071],[-92.162409,44.107072],[-92.11946,44.106972],[-92.104596,44.106956],[-92.079491,44.106988],[-92.079603,44.117724],[-92.079205,44.129032],[-92.079412,44.185949],[-92.079382,44.193038],[-92.078206,44.193038],[-92.069635,44.193033],[-92.045467,44.193041],[-92.040273,44.193071],[-92.029198,44.193147],[-91.96038,44.193113],[-91.94959,44.193078],[-91.934383,44.193007],[-91.93072,44.19299],[-91.919407,44.192947],[-91.905606,44.193024],[-91.879426,44.193092],[-91.877427,44.19308],[-91.872556,44.193072],[-91.85839557,44.19300472],[-91.864387,44.196574],[-91.872369,44.199167],[-91.875158,44.200575],[-91.876056,44.202728],[-91.87627525,44.20773208],[-91.876356,44.209575],[-91.877429,44.212921],[-91.880265,44.216555],[-91.88979,44.226286],[-91.892698,44.231105],[-91.892963,44.235149],[-91.887905,44.246398],[-91.88704,44.251772],[-91.887824,44.254171],[-91.889132,44.25606],[-91.896008,44.262871],[-91.89676,44.265447],[-91.895652,44.273008],[-91.896388,44.27469],[-91.898697,44.277172],[-91.90277825,44.27972825],[-91.90389675,44.28042881],[-91.905789,44.281614],[-91.90767494,44.28224928],[-91.920282,44.286496],[-91.922205,44.287811],[-91.924613,44.291815],[-91.924975,44.294819],[-91.92484086,44.29516871],[-91.92433774,44.2964804],[-91.924102,44.297095],[-91.921028,44.301069],[-91.91436,44.30823],[-91.913574,44.310392],[-91.913534,44.311392],[-91.916191,44.318094],[-91.918625,44.322671],[-91.9206576,44.32584523],[-91.92559,44.333548],[-91.928224,44.335473],[-91.941311,44.340978],[-91.949599,44.348796],[-91.95282,44.352982],[-91.959523,44.359404],[-91.9636,44.362112],[-91.970266,44.365842],[-91.974922,44.367516],[-91.9760273,44.36777507],[-91.97767866,44.36816214],[-91.978574,44.368372],[-91.983974,44.368448],[-91.98697544,44.36905553],[-91.98709759,44.36908026],[-91.987289,44.369119],[-91.993984,44.3718],[-92.000165,44.374966],[-92.002838,44.377118],[-92.006179,44.378825],[-92.008589,44.379626],[-92.01847514,44.3810927],[-92.019313,44.381217],[-92.02048933,44.38168631],[-92.02181693,44.38221597],[-92.03776151,44.3885772],[-92.03777958,44.38858442],[-92.038147,44.388731],[-92.04568589,44.3939808],[-92.046285,44.394398],[-92.04684811,44.39493887],[-92.04720302,44.39527975],[-92.04889556,44.39690542],[-92.0527881,44.40064417],[-92.053549,44.401375],[-92.056486,44.402729],[-92.061637,44.404124],[-92.072267,44.404017],[-92.078605,44.404869],[-92.087241,44.408848],[-92.09607008,44.41111819],[-92.097415,44.411464],[-92.10232765,44.41235669],[-92.111085,44.413948],[-92.11155397,44.41418276],[-92.11425197,44.41553337],[-92.115296,44.416056],[-92.1160655,44.41665412],[-92.121106,44.420572],[-92.124513,44.422115],[-92.139569,44.424673],[-92.162454,44.427208],[-92.1636469,44.42741987],[-92.163648,44.42742007],[-92.16365122,44.42742064],[-92.17028,44.428598],[-92.18927778,44.43252957],[-92.189295,44.43253313],[-92.18930048,44.43253427],[-92.195378,44.433792],[-92.215163,44.438503],[-92.221083,44.440386],[-92.232472,44.445434],[-92.237325,44.449417],[-92.23947711,44.45163894],[-92.24201,44.454254]]]},"properties":{"name":"Wabasha=WAB","type":"county"}},
{"type":"Feature","geometry":{"type":"Polygon","coordinates":[[[-94.786996,46.804063],[-94.808295,46.804111],[-94.829396,46.804315],[-94.842143,46.80413],[-94.876258,46.805147],[-94.911614,46.805054],[-94.932603,46.805026],[-95.011648,46.805244],[-95.016607,46.805357],[-95.0205,46.805361],[-95.03747,46.805564],[-95.073947,46.805163],[-95.100078,46.805333],[-95.105723,46.805331],[-95.14138,46.805087],[-95.162811,46.804842],[-95.162897,46.800585],[-95.163087,46.782883],[-95.163168,46.777328],[-95.163364,46.761221],[-95.163308,46.746725],[-95.163519,46.71766],[-95.163655,46.71044],[-95.16379,46.70331],[-95.16382,46.702998],[-95.163435,46.66804],[-95.163157,46.62996],[-95.155164,46.629935],[-95.155814,46.601114],[-95.15525,46.54289],[-95.15552,46.535349],[-95.155388,46.485005],[-95.155236,46.458565],[-95.155271,46.456418],[-95.155271,46.455984],[-95.155273,46.452465],[-95.155308,46.449106],[-95.155327,46.441677],[-95.155349,46.433864],[-95.155383,46.432287],[-95.155417,46.431015],[-95.155453,46.426985],[-95.155438,46.423259],[-95.15528,46.383339],[-95.155458,46.368941],[-95.030057,46.368899],[-94.988722,46.368777],[-94.951833,46.368743],[-94.951426,46.368861],[-94.946815,46.369109],[-94.93975,46.368859],[-94.936064,46.368881],[-94.933213,46.368864],[-94.925715,46.36882],[-94.910162,46.368807],[-94.905499,46.36876],[-94.904877,46.368753],[-94.883773,46.368545],[-94.854591,46.368428],[-94.831383,46.36837],[-94.831226,46.36837],[-94.824849,46.368402],[-94.824618,46.368357],[-94.805213,46.368481],[-94.801155,46.368507],[-94.798701,46.36854],[-94.797559,46.368513],[-94.794773,46.368425],[-94.793155,46.368403],[-94.78949,46.368403],[-94.784511,46.368417],[-94.782424,46.368424],[-94.780271,46.36843],[-94.778872,46.368434],[-94.777594,46.368438],[-94.776593,46.368442],[-94.775635,46.368445],[-94.768756,46.368466],[-94.747718,46.368526],[-94.737384,46.368645],[-94.737295,46.368646],[-94.733425,46.368695],[-94.7323,46.368709],[-94.73164,46.368717],[-94.731624,46.37302],[-94.730886,46.376425],[-94.72917,46.37956],[-94.727959,46.380711],[-94.73214,46.384149],[-94.734985,46.383829],[-94.738807,46.380965],[-94.741111,46.379995],[-94.742146,46.380014],[-94.743615,46.38178],[-94.743008,46.383991],[-94.743991,46.384728],[-94.746153,46.384669],[-94.748221,46.383313],[-94.749367,46.380301],[-94.750294,46.379395],[-94.751805,46.379052],[-94.760012,46.383122],[-94.762841,46.392547],[-94.762642,46.393828],[-94.764887,46.395712],[-94.767834,46.396684],[-94.771421,46.396534],[-94.771038,46.39379],[-94.771723,46.392427],[-94.772602,46.392005],[-94.775147,46.392238],[-94.779121,46.394215],[-94.779143,46.401645],[-94.779156,46.405846],[-94.779429,46.407777],[-94.779199,46.413298],[-94.779098,46.415708],[-94.779427,46.415831],[-94.779301,46.416053],[-94.779128,46.416357],[-94.779123,46.41702],[-94.779013,46.444463],[-94.779033,46.455552],[-94.778882,46.499199],[-94.779262,46.518331],[-94.779586,46.543863],[-94.779603,46.547871],[-94.779566,46.553081],[-94.779629,46.55772],[-94.779911,46.586744],[-94.780418,46.62496],[-94.780545,46.630043],[-94.78582,46.630045],[-94.786012,46.644511],[-94.786631,46.716262],[-94.786642,46.717068],[-94.787033,46.731306],[-94.78703,46.739417],[-94.786929,46.741954],[-94.787008,46.746635],[-94.78706,46.747507],[-94.786884,46.760209],[-94.787036,46.789346],[-94.787026,46.792983],[-94.786996,46.804063]]]},"properties":{"name":"Wadena=WAD","type":"county"}},
{"type":"Feature","geometry":{"type":"Polygon","coordinates":[[[-93.406632,44.196303],[-93.464737,44.196234],[-93.465188,44.196219],[-93.494627,44.196143],[-93.500222,44.196095],[-93.521784,44.195934],[-93.522896,44.196118],[-93.52523,44.195975],[-93.526965,44.195936],[-93.570956,44.195919],[-93.585545,44.195871],[-93.58959,44.195782],[-93.614342,44.195836],[-93.62464,44.195998],[-93.632162,44.195963],[-93.643038,44.196049],[-93.646214,44.196001],[-93.647729,44.195979],[-93.672796,44.196124],[-93.675856,44.196164],[-93.677667,44.196135],[-93.681308,44.196081],[-93.686665,44.196076],[-93.707592,44.196057],[-93.747322,44.196044],[-93.767971,44.195836],[-93.767987,44.190844],[-93.767991,44.189835],[-93.768021,44.18025],[-93.767938,44.163236],[-93.767869,44.140915],[-93.767915,44.138483],[-93.76777,44.133097],[-93.767964,44.128546],[-93.768033,44.123304],[-93.768075,44.108829],[-93.768074,44.092662],[-93.768222,44.079787],[-93.768327,44.021954],[-93.768076,43.934957],[-93.76815,43.920526],[-93.768045,43.891414],[-93.767849,43.86107],[-93.767762,43.84796],[-93.657254,43.848012],[-93.650215,43.848032],[-93.649685,43.848137],[-93.648534,43.848139],[-93.647285,43.848141],[-93.609085,43.848072],[-93.607925,43.848071],[-93.575352,43.848048],[-93.562947,43.848039],[-93.528604,43.847996],[-93.527095,43.847997],[-93.520004,43.847999],[-93.516624,43.848],[-93.508999,43.848003],[-93.482745,43.848121],[-93.479337,43.848116],[-93.408958,43.848081],[-93.406746,43.848126],[-93.406773,43.896808],[-93.406766,43.899409],[-93.406761,43.901376],[-93.406748,43.906142],[-93.406638,43.935164],[-93.406557,43.972548],[-93.406552,43.973244],[-93.406489,43.981567],[-93.406499,43.992649],[-93.406493,43.994891],[-93.406479,43.999962],[-93.406257,43.999962],[-93.406343,44.004309],[-93.406431,44.010054],[-93.406024,44.02186],[-93.406146,44.031168],[-93.40652,44.10909],[-93.40659,44.123992],[-93.406593,44.124385],[-93.406485,44.131595],[-93.406484,44.132534],[-93.406481,44.134308],[-93.406478,44.136874],[-93.406476,44.138118],[-93.406632,44.196303]]]},"properties":{"name":"Waseca=WSC","type":"county"}},
{"type":"Feature","geometry":{"type":"Polygon","coordinates":[[[-93.019119,45.296866],[-93.019219,45.291866],[-93.019219,45.286466],[-93.019219,45.283015],[-93.019249,45.26835],[-93.019319,45.257967],[-93.019319,45.232167],[-93.019419,45.219467],[-93.019519,45.210667],[-93.020118,45.164066],[-93.020118,45.161466],[-93.020218,45.159066],[-93.020218,45.153566],[-93.020318,45.146966],[-93.020218,45.141466],[-93.020518,45.123866],[-93.019918,45.123766],[-93.008317,45.123766],[-93.003817,45.123666],[-93.003417,45.123666],[-93.003017,45.123666],[-92.994317,45.123666],[-92.984416,45.123566],[-92.984416,45.121966],[-92.984416,45.115666],[-92.984316,45.102866],[-92.984416,45.096966],[-92.984416,45.096766],[-92.984416,45.094466],[-92.984516,45.075366],[-92.984716,45.066166],[-92.984616,45.065366],[-92.984716,45.064766],[-92.984616,45.063766],[-92.984616,45.061166],[-92.984616,45.059663],[-92.984616,45.05773],[-92.984616,45.057566],[-92.984616,45.056366],[-92.984616,45.055566],[-92.984616,45.053966],[-92.984616,45.052218],[-92.984616,45.052066],[-92.984616,45.050266],[-92.984615,45.036565],[-92.984615,45.034065],[-92.984715,45.03301],[-92.984715,45.031465],[-92.984615,45.029165],[-92.984615,45.021265],[-92.984615,45.020065],[-92.984615,45.019665],[-92.984615,45.019265],[-92.984615,45.014065],[-92.984615,45.010465],[-92.984715,45.009665],[-92.984515,45.006865],[-92.984609,44.999658],[-92.984515,44.992465],[-92.984615,44.987765],[-92.984515,44.987165],[-92.984549,44.984409],[-92.984515,44.975765],[-92.984615,44.970665],[-92.984614,44.963365],[-92.984614,44.959165],[-92.984514,44.956065],[-92.984514,44.953127],[-92.984514,44.952565],[-92.984454,44.951719],[-92.984431,44.951394],[-92.984314,44.949765],[-92.984414,44.949165],[-92.984514,44.948565],[-92.984514,44.948217],[-92.984414,44.941465],[-92.984314,44.928066],[-92.984314,44.919866],[-92.984114,44.910966],[-92.984114,44.909266],[-92.984074,44.904368],[-92.983913,44.901066],[-92.983813,44.895366],[-92.983913,44.890966],[-93.004714,44.890866],[-93.006514,44.890666],[-93.009114,44.890566],[-93.010814,44.890766],[-93.019415,44.890666],[-93.016014,44.882966],[-93.014282,44.874966],[-93.013014,44.869166],[-93.010687,44.866679],[-93.009314,44.863966],[-93.008714,44.855166],[-93.008914,44.853366],[-93.009896,44.847929],[-93.011714,44.837866],[-93.010313,44.832666],[-93.008413,44.825366],[-93.006513,44.821766],[-93.004913,44.816266],[-93.006813,44.812166],[-93.016413,44.801266],[-93.02134,44.794625],[-93.022613,44.791066],[-93.022473,44.789873],[-93.022413,44.789366],[-93.022013,44.788366],[-93.022113,44.787866],[-93.018646,44.779553],[-93.015413,44.775466],[-93.011534,44.773396],[-93.008086,44.772259],[-93.005369,44.771923],[-93.001463,44.772122],[-92.994139,44.774845],[-92.990217,44.775357],[-92.983611,44.774766],[-92.974611,44.772067],[-92.965389,44.768423],[-92.96043,44.767164],[-92.95541,44.766667],[-92.950283,44.767072],[-92.946409,44.768167],[-92.941909,44.770567],[-92.938563,44.775968],[-92.936473,44.778295],[-92.933665,44.780103],[-92.929809,44.781267],[-92.924219,44.780019],[-92.919367,44.777189],[-92.915033,44.775381],[-92.906962,44.773633],[-92.897668,44.77342],[-92.88398,44.775213],[-92.881906,44.775167],[-92.877022,44.771825],[-92.866505,44.760267],[-92.863605,44.757067],[-92.86251,44.755475],[-92.859107,44.753057],[-92.855872,44.748365],[-92.852105,44.746167],[-92.847104,44.746067],[-92.846904,44.746067],[-92.836904,44.746854],[-92.826985,44.750623],[-92.812103,44.747467],[-92.802402,44.745167],[-92.802875,44.746847],[-92.804035,44.748433],[-92.807317,44.750364],[-92.807988,44.75147],[-92.807362,44.758909],[-92.805287,44.768361],[-92.800313,44.777379],[-92.796039,44.782056],[-92.788776,44.787794],[-92.785206,44.792303],[-92.782963,44.798131],[-92.781498,44.809408],[-92.78043,44.812589],[-92.772663,44.821424],[-92.771902,44.823067],[-92.772663,44.826337],[-92.772266,44.828046],[-92.769367,44.8318],[-92.76814586,44.83298411],[-92.766102,44.834966],[-92.76578926,44.83580857],[-92.76544046,44.8367483],[-92.765278,44.837186],[-92.765278,44.84107],[-92.76815786,44.85268904],[-92.768574,44.854368],[-92.76882313,44.85804784],[-92.769102,44.862167],[-92.767102,44.866767],[-92.763706,44.872129],[-92.763402,44.874167],[-92.764133,44.875905],[-92.769603,44.882967],[-92.773946,44.889997],[-92.774907,44.892797],[-92.77465719,44.89672776],[-92.774571,44.898084],[-92.774022,44.900083],[-92.773103,44.901367],[-92.76748433,44.90401201],[-92.761341,44.906904],[-92.759556,44.907857],[-92.758701,44.908979],[-92.757557,44.911214],[-92.7556086,44.918567],[-92.75234935,44.930867],[-92.750645,44.937299],[-92.750802,44.941567],[-92.75104651,44.94248045],[-92.7513728,44.94369942],[-92.754603,44.955767],[-92.75477682,44.95602959],[-92.760701,44.964979],[-92.767218,44.968084],[-92.76743958,44.96837705],[-92.76782084,44.96888127],[-92.768545,44.969839],[-92.769445,44.97215],[-92.76971154,44.97426527],[-92.770304,44.978967],[-92.77031461,44.98006797],[-92.770346,44.983327],[-92.769049,44.988195],[-92.77021334,44.992067],[-92.770834,44.994131],[-92.771231,45.001378],[-92.768118,45.009115],[-92.76593606,45.01358279],[-92.76531568,45.01485311],[-92.762533,45.020551],[-92.761904,45.022467],[-92.76206,45.02432],[-92.764604,45.028767],[-92.770362,45.033803],[-92.77274428,45.03535981],[-92.778815,45.039327],[-92.78607876,45.04267256],[-92.78791,45.043516],[-92.793282,45.047178],[-92.797081,45.050648],[-92.79763141,45.05139755],[-92.80159726,45.05679828],[-92.80181339,45.05709261],[-92.802056,45.057423],[-92.803079,45.060978],[-92.802911,45.065403],[-92.80257152,45.06637967],[-92.80237548,45.06694371],[-92.802163,45.067555],[-92.800851,45.069477],[-92.792248,45.07886158],[-92.79203615,45.07909268],[-92.791528,45.079647],[-92.7880197,45.08154774],[-92.7848064,45.08328867],[-92.77401,45.089138],[-92.765602,45.09573],[-92.754387,45.103146],[-92.746749,45.107051],[-92.744938,45.108309],[-92.740509,45.113396],[-92.739584,45.115598],[-92.739528,45.116515],[-92.740611,45.118454],[-92.742925,45.119918],[-92.745694,45.123112],[-92.749427,45.138117],[-92.756807,45.151866],[-92.757707,45.155466],[-92.757775,45.160519],[-92.756907,45.165166],[-92.75294489,45.17116226],[-92.752542,45.171772],[-92.75251335,45.17221715],[-92.75243834,45.17338242],[-92.752404,45.173916],[-92.752952,45.174307],[-92.75738173,45.17746765],[-92.764872,45.182812],[-92.766808,45.185466],[-92.767408,45.190166],[-92.766932,45.195111],[-92.763908,45.204866],[-92.762108,45.207166],[-92.758008,45.209566],[-92.754008,45.212766],[-92.7524096,45.21686624],[-92.751708,45.218666],[-92.752192,45.221051],[-92.753931,45.222905],[-92.755732,45.225949],[-92.757456,45.230526],[-92.757503,45.238308],[-92.760249,45.2496],[-92.758907,45.253407],[-92.755199,45.256733],[-92.751709,45.261666],[-92.751659,45.26591],[-92.752666,45.269565],[-92.758022,45.274822],[-92.760615,45.278827],[-92.761868,45.284938],[-92.761868,45.287013],[-92.761013,45.289028],[-92.75871,45.290965],[-92.750819,45.29298],[-92.74520828,45.29604363],[-92.76811,45.295965],[-92.782475,45.295957],[-92.783311,45.295965],[-92.802411,45.296065],[-92.814912,45.295965],[-92.815312,45.295965],[-92.822112,45.296065],[-92.824612,45.296165],[-92.825491,45.296161],[-92.845913,45.296065],[-92.880114,45.296266],[-92.893715,45.296266],[-92.895715,45.296266],[-92.899415,45.296266],[-92.906115,45.296166],[-92.926516,45.296266],[-92.936685,45.296394],[-92.950317,45.296566],[-92.960917,45.296666],[-92.968617,45.296666],[-92.970217,45.296666],[-92.973017,45.296666],[-92.973076,45.296667],[-92.978753,45.29672],[-92.983718,45.296766],[-92.985818,45.296766],[-92.986917,45.296766],[-93.002518,45.296866],[-93.015219,45.296866],[-93.019119,45.296866]]]},"properties":{"name":"Washington=WSH","type":"county"}},
{"type":"Feature","geometry":{"type":"Polygon","coordinates":[[[-94.369039,44.108629],[-94.409625,44.108621],[-94.417915,44.108679],[-94.419149,44.108688],[-94.460467,44.108616],[-94.489219,44.108717],[-94.490708,44.10872],[-94.491556,44.108711],[-94.529303,44.10875],[-94.599879,44.108907],[-94.619597,44.108934],[-94.635711,44.108898],[-94.63864,44.108885],[-94.639618,44.108881],[-94.642442,44.10879],[-94.669895,44.108843],[-94.67973,44.108844],[-94.710101,44.108865],[-94.718443,44.108884],[-94.738403,44.108784],[-94.769038,44.108514],[-94.773795,44.108458],[-94.778462,44.108403],[-94.798865,44.108178],[-94.828851,44.108132],[-94.859883,44.107938],[-94.859425,44.093489],[-94.859294,44.049981],[-94.859303,44.021037],[-94.85918,43.947663],[-94.859162,43.945574],[-94.859079,43.935954],[-94.858951,43.934262],[-94.859295,43.929392],[-94.859143,43.898481],[-94.859304,43.876783],[-94.859371,43.862305],[-94.859359,43.847947],[-94.854431,43.847995],[-94.79428,43.847988],[-94.789427,43.848022],[-94.739457,43.847999],[-94.734735,43.847994],[-94.704789,43.848035],[-94.695875,43.848027],[-94.689435,43.848035],[-94.639512,43.848088],[-94.619273,43.848059],[-94.614312,43.847993],[-94.612435,43.847994],[-94.492343,43.847879],[-94.489119,43.84788],[-94.447824,43.847755],[-94.407825,43.84773],[-94.368951,43.847742],[-94.368913,43.876956],[-94.368958,43.891407],[-94.369054,43.928078],[-94.369057,43.930059],[-94.369062,43.934854],[-94.369149,43.963498],[-94.369061,43.99996],[-94.36909,43.99996],[-94.36909,44.000323],[-94.369129,44.007288],[-94.369126,44.009803],[-94.36911,44.02151],[-94.369142,44.021785],[-94.369087,44.029925],[-94.369135,44.037063],[-94.369077,44.043386],[-94.36933,44.050619],[-94.369361,44.050688],[-94.369278,44.062338],[-94.369194,44.074468],[-94.369169,44.079588],[-94.369168,44.079841],[-94.369008,44.08703],[-94.368961,44.094155],[-94.368993,44.094315],[-94.368961,44.103211],[-94.368943,44.108469],[-94.369039,44.108629]]]},"properties":{"name":"Watonwan=WAT","type":"county"}},
{"type":"Feature","geometry":{"type":"Polygon","coordinates":[[[-96.280973,46.630834],[-96.281935,46.630812],[-96.298783,46.630816],[-96.324452,46.630748],[-96.328365,46.630862],[-96.331119,46.630815],[-96.362247,46.630899],[-96.365862,46.630519],[-96.404351,46.630753],[-96.411746,46.630765],[-96.420004,46.630744],[-96.451242,46.630744],[-96.483319,46.630852],[-96.530282,46.630671],[-96.5468,46.630674],[-96.635748,46.630594],[-96.637104,46.6306],[-96.650731,46.630611],[-96.652201,46.6306],[-96.65575,46.630601],[-96.673495,46.630605],[-96.77883,46.630279],[-96.781019,46.630292],[-96.78799128,46.63073346],[-96.78720479,46.63041304],[-96.78527469,46.6296267],[-96.78479177,46.62942995],[-96.78412316,46.62866583],[-96.78383661,46.6273286],[-96.78450522,46.62541828],[-96.78393212,46.62159764],[-96.7790608,46.62083351],[-96.7786373,46.62008061],[-96.77820116,46.61930525],[-96.77896529,46.61787251],[-96.77870521,46.61693623],[-96.77848771,46.61615322],[-96.77572275,46.61495757],[-96.77495361,46.61462497],[-96.77409397,46.61328774],[-96.77486975,46.6112513],[-96.77562222,46.60927607],[-96.77476258,46.60746126],[-96.77225697,46.60638743],[-96.77208813,46.60631507],[-96.77180158,46.60574197],[-96.772476,46.603716],[-96.77245739,46.60149122],[-96.772446,46.600129],[-96.77219963,46.59990924],[-96.77022555,46.59814845],[-96.76947086,46.59810873],[-96.76659594,46.59795741],[-96.763865,46.594595],[-96.76258427,46.59394574],[-96.76182014,46.59299058],[-96.76201935,46.5918617],[-96.76239324,46.58974304],[-96.76193479,46.58874974],[-96.76182014,46.58850132],[-96.7579995,46.58687755],[-96.75666227,46.58582688],[-96.75689802,46.58394087],[-96.75694882,46.58353449],[-96.75561766,46.5829521],[-96.75542057,46.58286588],[-96.75274612,46.58277036],[-96.7520775,46.58219726],[-96.75213811,46.58199119],[-96.75303266,46.57894972],[-96.75274612,46.57751698],[-96.75159992,46.57637078],[-96.75128632,46.57631852],[-96.74816135,46.57579769],[-96.74644205,46.5740784],[-96.74443622,46.56595953],[-96.74460727,46.56555048],[-96.7448192,46.56504369],[-96.74593353,46.562379],[-96.74661473,46.56075002],[-96.74663308,46.56070615],[-96.74816134,46.55984651],[-96.74856363,46.55881204],[-96.74882995,46.55812722],[-96.74816134,46.55640793],[-96.7479431,46.55618969],[-96.74682411,46.55507071],[-96.74453173,46.55134558],[-96.7443407,46.55010387],[-96.7453639,46.54815491],[-96.74634653,46.54628323],[-96.74357657,46.54485048],[-96.74302079,46.54394736],[-96.74281244,46.54360878],[-96.7428175,46.54359105],[-96.74300347,46.54294016],[-96.74478239,46.54183893],[-96.74500931,46.54169845],[-96.74510482,46.54112536],[-96.74500931,46.54045675],[-96.74442466,46.54003914],[-96.74233486,46.53854642],[-96.74223934,46.53682713],[-96.74339938,46.53561436],[-96.7443407,46.53463027],[-96.7443407,46.53333123],[-96.7443407,46.53300649],[-96.74202,46.529036],[-96.738475,46.525793],[-96.737408,46.517636],[-96.736147,46.513478],[-96.73856196,46.50936627],[-96.73799693,46.50872052],[-96.73588751,46.50630976],[-96.73588751,46.50497253],[-96.73594239,46.50484544],[-96.73770232,46.50076983],[-96.735499,46.497932],[-96.733612,46.497224],[-96.73457,46.494254],[-96.73779783,46.48978548],[-96.73780286,46.48973519],[-96.73798887,46.48787516],[-96.73712922,46.48596483],[-96.73550545,46.48491416],[-96.73542104,46.48472846],[-96.73502787,46.48386348],[-96.73607576,46.48176768],[-96.73626957,46.48138006],[-96.73636509,46.48013835],[-96.73565779,46.47943105],[-96.73512338,46.47889665],[-96.726914,46.476432],[-96.72680908,46.47519505],[-96.72671797,46.47412084],[-96.72471213,46.47316568],[-96.72241974,46.47278362],[-96.72196765,46.47243199],[-96.7215601,46.47211501],[-96.72089149,46.47144639],[-96.72127355,46.47001365],[-96.72117512,46.46978399],[-96.72041391,46.46800782],[-96.71963238,46.46707502],[-96.71745291,46.46447372],[-96.7155571,46.46323168],[-96.7148611,46.45913248],[-96.71526137,46.45625354],[-96.7155931,46.45386748],[-96.71855134,46.45191336],[-96.7189334,46.45105372],[-96.71843709,46.44950275],[-96.71816927,46.44866582],[-96.7171186,46.44809272],[-96.71664102,46.44723308],[-96.71656268,46.44620437],[-96.716438,46.444567],[-96.717967,46.442021],[-96.71864685,46.43997386],[-96.71807376,46.43825457],[-96.71549482,46.43615321],[-96.7117697,46.43615321],[-96.70968839,46.43548422],[-96.70909524,46.43529357],[-96.70747147,46.43271464],[-96.7073216,46.43193528],[-96.70699389,46.43023122],[-96.70613425,46.42975364],[-96.70407201,46.4295603],[-96.70307773,46.42946709],[-96.70164499,46.42860744],[-96.70116741,46.42650609],[-96.70231361,46.42383164],[-96.70231361,46.42371628],[-96.70231361,46.42268545],[-96.70135845,46.4205841],[-96.69791987,46.42067961],[-96.69765321,46.42050992],[-96.69686919,46.420011],[-96.69639161,46.41848274],[-96.69681381,46.41704728],[-96.69686919,46.41685897],[-96.69658264,46.41561726],[-96.69429026,46.41428003],[-96.6926495,46.41392844],[-96.68894136,46.41313384],[-96.688318,46.410948],[-96.68884584,46.40940872],[-96.68808171,46.40788046],[-96.68483416,46.40702081],[-96.682008,46.40784],[-96.680687,46.407383],[-96.68037789,46.40702001],[-96.67983545,46.40638302],[-96.678507,46.404823],[-96.669132,46.390037],[-96.669794,46.384644],[-96.66724037,46.37563916],[-96.667189,46.375458],[-96.666028,46.374566],[-96.658436,46.373391],[-96.658009,46.370512],[-96.6578332,46.37022675],[-96.65763607,46.36990691],[-96.65605425,46.36734033],[-96.65558434,46.36657788],[-96.655206,46.365964],[-96.6546634,46.36568484],[-96.650718,46.363655],[-96.64653222,46.36251033],[-96.64634118,46.36098208],[-96.64698339,46.35931235],[-96.64729634,46.35849866],[-96.64595912,46.35353182],[-96.64433535,46.35190805],[-96.640267,46.351585],[-96.631586,46.353752],[-96.629211,46.352654],[-96.629378,46.350529],[-96.628522,46.349569],[-96.62079,46.347607],[-96.618147,46.344295],[-96.620454,46.341346],[-96.619991,46.340135],[-96.614676,46.337418],[-96.608075,46.332576],[-96.601048,46.331139],[-96.599761,46.330386],[-96.60104,46.319554],[-96.598399,46.314482],[-96.59824493,46.31270093],[-96.598233,46.312563],[-96.60136,46.30413],[-96.60027,46.300406],[-96.59915624,46.29918319],[-96.59867867,46.29775045],[-96.59934869,46.29637099],[-96.60030244,46.29440738],[-96.59934728,46.29287913],[-96.59746055,46.29205353],[-96.59733161,46.29199711],[-96.596968,46.291838],[-96.596077,46.290536],[-96.59607881,46.29018346],[-96.59607945,46.29005697],[-96.59608079,46.2897967],[-96.59608266,46.28943168],[-96.59608498,46.28897785],[-96.59609685,46.28665932],[-96.59609973,46.28609749],[-96.59793033,46.283518],[-96.59820109,46.28313649],[-96.59839679,46.28254937],[-96.59877418,46.2814172],[-96.59839212,46.28007997],[-96.59745981,46.27898345],[-96.59652214,46.27788061],[-96.59610526,46.27739029],[-96.595509,46.276689],[-96.59536171,46.2762266],[-96.59510209,46.27541155],[-96.595014,46.275135],[-96.59505982,46.27495196],[-96.596822,46.267913],[-96.59878909,46.264255],[-96.599087,46.263701],[-96.59972934,46.26212296],[-96.59912928,46.26112286],[-96.59886969,46.26069022],[-96.5959087,46.25992609],[-96.59457147,46.25830231],[-96.59361631,46.25667854],[-96.59371183,46.25495925],[-96.5937674,46.25485428],[-96.59457147,46.25333548],[-96.59420574,46.25178112],[-96.59418941,46.25171171],[-96.59398533,46.25159833],[-96.59247012,46.25075655],[-96.59094186,46.25018345],[-96.59036877,46.24951484],[-96.59034525,46.24944429],[-96.59008222,46.24865519],[-96.59036877,46.24789106],[-96.59103738,46.24722245],[-96.5923746,46.24607626],[-96.59389513,46.24546519],[-96.594234,46.245329],[-96.598119,46.243112],[-96.59828509,46.24264277],[-96.5985589,46.24186924],[-96.598645,46.241626],[-96.59755,46.227733],[-96.59567,46.21985],[-96.591652,46.218183],[-96.586744,46.209912],[-96.584899,46.204383],[-96.584372,46.204155],[-96.583582,46.201047],[-96.584272,46.198053],[-96.584929,46.197231],[-96.58682117,46.19588351],[-96.58769431,46.19526172],[-96.587724,46.191838],[-96.588579,46.189689],[-96.5885555,46.18550844],[-96.58855395,46.18523253],[-96.58750328,46.18360876],[-96.58731424,46.18304164],[-96.58721673,46.18274911],[-96.58737882,46.18145238],[-96.58740776,46.18122086],[-96.58759879,46.18007466],[-96.58759879,46.17892847],[-96.58740776,46.17816434],[-96.58673915,46.1773047],[-96.585647,46.177309],[-96.584495,46.177123],[-96.583324,46.174154],[-96.583779,46.173563],[-96.58345978,46.17267552],[-96.58296369,46.1712963],[-96.58282299,46.17090512],[-96.58149152,46.16990652],[-96.5805306,46.16918583],[-96.57862028,46.16813516],[-96.57795167,46.16584277],[-96.577715,46.162797],[-96.57777666,46.16253226],[-96.57829345,46.16031329],[-96.58035065,46.15148026],[-96.58037059,46.15139463],[-96.580408,46.151234],[-96.579453,46.147601],[-96.577381,46.144951],[-96.574784,46.143146],[-96.57040411,46.13564532],[-96.56926,46.133686],[-96.56928498,46.1334837],[-96.570081,46.127037],[-96.571439,46.12572],[-96.570023,46.123756],[-96.56797533,46.12251097],[-96.563043,46.119512],[-96.56304083,46.11948147],[-96.562811,46.11625],[-96.56692,46.11475],[-96.565723,46.111963],[-96.56382877,46.10901311],[-96.563175,46.107995],[-96.559167,46.105024],[-96.557952,46.102442],[-96.556672,46.097232],[-96.556345,46.08688],[-96.554507,46.083978],[-96.558088,46.072096],[-96.558055,46.071159],[-96.556611,46.06892],[-96.556907,46.06483],[-96.55692672,46.06477528],[-96.5573424,46.06362216],[-96.559271,46.058272],[-96.56017863,46.05672295],[-96.56078429,46.05568928],[-96.560945,46.055415],[-96.566295,46.051416],[-96.57345134,46.03826505],[-96.573644,46.037911],[-96.57794,46.026874],[-96.57739629,46.02399105],[-96.577315,46.02356],[-96.57689206,46.02258756],[-96.57657025,46.02184764],[-96.572592,46.021893],[-96.389697,46.02145],[-96.370076,46.021586],[-96.348856,46.021754],[-96.307563,46.021577],[-96.287064,46.021575],[-96.266298,46.021591],[-96.26568,46.021591],[-96.265683,46.021791],[-96.26593,46.035825],[-96.265926,46.036482],[-96.265852,46.050357],[-96.265379,46.065259],[-96.265372,46.108344],[-96.265366,46.108649],[-96.265234,46.115359],[-96.265221,46.13736],[-96.265399,46.195051],[-96.265333,46.195256],[-96.26536,46.202225],[-96.265393,46.238555],[-96.265401,46.24467],[-96.264806,46.254143],[-96.264714,46.270278],[-96.264647,46.282196],[-96.277792,46.282316],[-96.280056,46.282312],[-96.280063,46.284065],[-96.280113,46.296615],[-96.28,46.311371],[-96.28007,46.32602],[-96.28004,46.330772],[-96.280415,46.340639],[-96.280511,46.343178],[-96.28052,46.347714],[-96.280536,46.355218],[-96.280523,46.358513],[-96.280495,46.366368],[-96.280522,46.367899],[-96.280555,46.369717],[-96.280477,46.380502],[-96.280424,46.384146],[-96.280358,46.396636],[-96.280356,46.397064],[-96.280356,46.397241],[-96.280349,46.398768],[-96.28034,46.41323],[-96.280576,46.457234],[-96.280588,46.458632],[-96.280591,46.458995],[-96.28069,46.470168],[-96.280666,46.47181],[-96.28063,46.475008],[-96.280561,46.480377],[-96.280448,46.486327],[-96.280685,46.500739],[-96.280824,46.538577],[-96.28099,46.544376],[-96.280981,46.558838],[-96.281009,46.566218],[-96.281053,46.605682],[-96.280981,46.609443],[-96.28122,46.612744],[-96.281272,46.613773],[-96.281341,46.615955],[-96.281107,46.62855],[-96.280973,46.630834]]]},"properties":{"name":"Wilkin=WIL","type":"county"}},
{"type":"Feature","geometry":{"type":"Polygon","coordinates":[[[-91.85839557,44.19300472],[-91.872556,44.193072],[-91.877427,44.19308],[-91.879426,44.193092],[-91.905606,44.193024],[-91.919407,44.192947],[-91.93072,44.19299],[-91.934383,44.193007],[-91.94959,44.193078],[-91.96038,44.193113],[-92.029198,44.193147],[-92.040273,44.193071],[-92.045467,44.193041],[-92.069635,44.193033],[-92.078206,44.193038],[-92.079382,44.193038],[-92.079412,44.185949],[-92.079205,44.129032],[-92.079603,44.117724],[-92.079491,44.106988],[-92.078513,44.020331],[-92.078896,43.984091],[-92.079168,43.980683],[-92.07904,43.977163],[-92.07904,43.970379],[-92.07904,43.955323],[-92.078848,43.953931],[-92.078736,43.952555],[-92.078672,43.952315],[-92.078928,43.948043],[-92.078954,43.947831],[-92.078544,43.933931],[-92.079135,43.893131],[-92.079137,43.892318],[-92.079145,43.889414],[-92.079179,43.876374],[-92.079277,43.850916],[-92.079285,43.84887],[-92.079292,43.84708],[-91.992126,43.847225],[-91.985939,43.847112],[-91.977151,43.847187],[-91.969844,43.847178],[-91.959835,43.847169],[-91.959601,43.847168],[-91.937085,43.847125],[-91.929135,43.846922],[-91.856677,43.846972],[-91.855198,43.846964],[-91.855048,43.846963],[-91.850243,43.847035],[-91.849301,43.84705],[-91.845352,43.84696],[-91.844134,43.847073],[-91.839338,43.846929],[-91.795642,43.847196],[-91.752258,43.846851],[-91.730424,43.846935],[-91.723475,43.846959],[-91.719935,43.846983],[-91.719905,43.846983],[-91.719136,43.846979],[-91.700569,43.846849],[-91.691215,43.84701],[-91.636125,43.846959],[-91.629907,43.846944],[-91.599922,43.846997],[-91.571226,43.847026],[-91.510617,43.847086],[-91.491594,43.846923],[-91.481115,43.846925],[-91.432587,43.846936],[-91.402895,43.846867],[-91.37514,43.846959],[-91.361539,43.847065],[-91.354839,43.847065],[-91.324409,43.847065],[-91.323039,43.847065],[-91.319945,43.847065],[-91.315139,43.847065],[-91.305531,43.847065],[-91.297838,43.847065],[-91.297338,43.847065],[-91.284138,43.847065],[-91.291002,43.852733],[-91.296739,43.855165],[-91.298815,43.856555],[-91.301302,43.859515],[-91.310991,43.867381],[-91.313037,43.875757],[-91.31531,43.881808],[-91.320605,43.888491],[-91.328143,43.893435],[-91.338141,43.897664],[-91.34158097,43.90179212],[-91.342335,43.902697],[-91.3429048,43.90376493],[-91.34333179,43.90456522],[-91.346271,43.910074],[-91.347741,43.911964],[-91.351688,43.914545],[-91.356741,43.916564],[-91.357426,43.917231],[-91.35761897,43.91754063],[-91.35768845,43.9176521],[-91.363242,43.926563],[-91.36447877,43.93345135],[-91.36459908,43.93412143],[-91.364736,43.934884],[-91.36510619,43.93538491],[-91.366642,43.937463],[-91.375142,43.944289],[-91.385785,43.954239],[-91.395086,43.959409],[-91.406011,43.963929],[-91.407395,43.965148],[-91.410555,43.970892],[-91.412491,43.973411],[-91.424134,43.982631],[-91.42518803,43.98432208],[-91.425681,43.985113],[-91.42672,43.9885],[-91.429878,43.993888],[-91.432522,43.996827],[-91.43738,43.999962],[-91.43843997,44.00047889],[-91.43979693,44.0011406],[-91.440536,44.001501],[-91.44734123,44.0034405],[-91.457378,44.006301],[-91.463515,44.009041],[-91.468472,44.00948],[-91.478498,44.00803],[-91.47987916,44.00809696],[-91.48024954,44.00811492],[-91.48049609,44.00812687],[-91.48087,44.008145],[-91.494988,44.012536],[-91.502163,44.016856],[-91.507121,44.01898],[-91.524315,44.021433],[-91.533778,44.021433],[-91.547028,44.022226],[-91.559004,44.025315],[-91.573283,44.026901],[-91.580019,44.026925],[-91.58123201,44.02713898],[-91.582604,44.027381],[-91.58694056,44.02920935],[-91.58867376,44.0299401],[-91.59207,44.031372],[-91.59346467,44.03227538],[-91.597617,44.034965],[-91.59965118,44.03795335],[-91.60355,44.043681],[-91.60479998,44.0448937],[-91.60535257,44.04542981],[-91.60598367,44.04604209],[-91.607339,44.047357],[-91.610487,44.04931],[-91.615375,44.051598],[-91.62085148,44.05323137],[-91.623784,44.054106],[-91.62732457,44.05556919],[-91.62748036,44.05563358],[-91.62753311,44.05565538],[-91.6279,44.055807],[-91.62940056,44.05705825],[-91.633365,44.060364],[-91.63576882,44.06184222],[-91.63718642,44.06271397],[-91.63789759,44.0631513],[-91.638115,44.063285],[-91.63834713,44.06332279],[-91.640535,44.063679],[-91.6434,44.062711],[-91.644717,44.062782],[-91.64564587,44.06317256],[-91.647873,44.064109],[-91.6515241,44.06788614],[-91.652247,44.068634],[-91.65342971,44.06932452],[-91.65505222,44.07027181],[-91.657,44.071409],[-91.659511,44.074203],[-91.663442,44.08091],[-91.665263,44.085041],[-91.667006,44.086964],[-91.68153,44.0974],[-91.685748,44.098419],[-91.691281,44.097858],[-91.69531,44.09857],[-91.707491,44.103906],[-91.70753037,44.10397639],[-91.7075567,44.10402345],[-91.708207,44.105186],[-91.708082,44.110929],[-91.709476,44.117565],[-91.710597,44.12048],[-91.719097,44.128853],[-91.71960012,44.12915815],[-91.719601,44.12915869],[-91.71960448,44.1291608],[-91.721552,44.130342],[-91.72230338,44.13055331],[-91.730648,44.1329],[-91.751747,44.134786],[-91.756719,44.136804],[-91.76282798,44.14025863],[-91.768574,44.143508],[-91.774486,44.147539],[-91.796669,44.154335],[-91.808064,44.159262],[-91.817302,44.164235],[-91.829167,44.17835],[-91.832479,44.180308],[-91.83877961,44.18265373],[-91.84114298,44.18353361],[-91.844754,44.184878],[-91.84668201,44.18602657],[-91.85102791,44.18861557],[-91.85660371,44.19193725],[-91.85839557,44.19300472]]]},"properties":{"name":"Winona=WIN","type":"county"}},
{"type":"Feature","geometry":{"type":"Polygon","coordinates":[[[-94.046818,45.42222],[-94.048899,45.422782],[-94.052529,45.423723],[-94.053151,45.423354],[-94.053439,45.422923],[-94.055456,45.421388],[-94.056054,45.416831],[-94.061093,45.41276],[-94.0619,45.411573],[-94.062241,45.41062],[-94.063637,45.409546],[-94.066136,45.408448],[-94.065848,45.405899],[-94.068764,45.404104],[-94.067206,45.399326],[-94.068374,45.396423],[-94.073175,45.39313],[-94.077262,45.388489],[-94.07804,45.38602],[-94.078081,45.384111],[-94.078072,45.383711],[-94.080278,45.381882],[-94.083359,45.380349],[-94.085143,45.380738],[-94.085954,45.379777],[-94.085661,45.372629],[-94.081345,45.366731],[-94.081961,45.365908],[-94.084004,45.365702],[-94.087506,45.36417],[-94.088315,45.361312],[-94.090551,45.357333],[-94.093532,45.353446],[-94.093627,45.350382],[-94.09314,45.348919],[-94.090966,45.344828],[-94.092067,45.343319],[-94.094368,45.342724],[-94.098583,45.343454],[-94.099943,45.342316],[-94.106426,45.34009],[-94.111737,45.334396],[-94.115621,45.328724],[-94.11669,45.328106],[-94.120819,45.325627],[-94.137881,45.315294],[-94.15663,45.303927],[-94.158671,45.304293],[-94.160676,45.304001],[-94.161067,45.301651],[-94.161873,45.301264],[-94.163931,45.301196],[-94.168198,45.302129],[-94.172983,45.301299],[-94.175387,45.30249],[-94.17584,45.303062],[-94.177038,45.310378],[-94.17963,45.312915],[-94.184425,45.315407],[-94.185462,45.316893],[-94.186621,45.318118],[-94.194848,45.318913],[-94.203374,45.317302],[-94.207009,45.315611],[-94.214495,45.316364],[-94.218178,45.315595],[-94.221337,45.312088],[-94.223347,45.3114],[-94.239412,45.310114],[-94.240556,45.309589],[-94.242668,45.308223],[-94.244248,45.308082],[-94.247562,45.308806],[-94.250265,45.308797],[-94.252653,45.308282],[-94.256762,45.306394],[-94.257223,45.305604],[-94.255055,45.302078],[-94.254668,45.300486],[-94.255129,45.299703],[-94.259902,45.298707],[-94.261529,45.297859],[-94.260821,45.283985],[-94.26116,45.269134],[-94.260757,45.249604],[-94.260344,45.241126],[-94.260269,45.239356],[-94.25808,45.239387],[-94.256689,45.239341],[-94.256025,45.214115],[-94.255932,45.212563],[-94.255906,45.212113],[-94.255971,45.21081],[-94.255656,45.202694],[-94.255756,45.199722],[-94.255662,45.162205],[-94.255725,45.161998],[-94.255664,45.159918],[-94.255692,45.152767],[-94.255707,45.149059],[-94.255727,45.129375],[-94.255741,45.116924],[-94.255945,45.081022],[-94.256001,45.066199],[-94.255873,45.040016],[-94.255933,45.039253],[-94.255947,45.035786],[-94.255854,45.030916],[-94.255965,45.015987],[-94.255884,45.002093],[-94.255907,44.979464],[-94.246125,44.979508],[-94.235785,44.979376],[-94.225638,44.979288],[-94.195326,44.978998],[-94.175,44.978883],[-94.170554,44.978746],[-94.170296,44.978746],[-94.139179,44.978989],[-94.134219,44.978918],[-94.12241,44.978937],[-94.093901,44.978834],[-94.063331,44.978702],[-94.053409,44.978702],[-94.012236,44.978712],[-93.898746,44.978162],[-93.889645,44.978162],[-93.888745,44.978162],[-93.863445,44.977962],[-93.859345,44.978462],[-93.822544,44.978262],[-93.807643,44.978162],[-93.766442,44.977962],[-93.766342,44.983662],[-93.766142,44.992462],[-93.766332,44.992458],[-93.76686,45.016543],[-93.766875,45.028269],[-93.766878,45.028688],[-93.766887,45.03012],[-93.766889,45.030274],[-93.766896,45.031463],[-93.766908,45.033146],[-93.766923,45.035377],[-93.766958,45.039779],[-93.766934,45.046885],[-93.766976,45.050078],[-93.766936,45.053405],[-93.766873,45.057132],[-93.766873,45.057189],[-93.766809,45.057463],[-93.76671,45.060275],[-93.766267,45.064422],[-93.766351,45.065397],[-93.764637,45.070952],[-93.759954,45.07566],[-93.75921,45.077603],[-93.760919,45.079181],[-93.761757,45.080851],[-93.761627,45.081582],[-93.761497,45.081751],[-93.756379,45.080244],[-93.752587,45.079392],[-93.750243,45.079126],[-93.739363,45.080429],[-93.738082,45.080956],[-93.736943,45.082663],[-93.736043,45.083963],[-93.732143,45.087763],[-93.729506,45.088868],[-93.72804,45.090593],[-93.728072,45.093286],[-93.728948,45.097438],[-93.728947,45.097453],[-93.725943,45.098263],[-93.725447,45.103128],[-93.720015,45.11448],[-93.711435,45.122762],[-93.707207,45.126429],[-93.700742,45.136363],[-93.694502,45.141343],[-93.689146,45.14367],[-93.687299,45.145227],[-93.684048,45.149995],[-93.681241,45.151263],[-93.67594,45.151259],[-93.672341,45.152363],[-93.669858,45.153924],[-93.666141,45.154463],[-93.66322,45.153405],[-93.661084,45.153367],[-93.648037,45.158395],[-93.638424,45.165925],[-93.63874,45.174363],[-93.639492,45.175477],[-93.644497,45.178933],[-93.647594,45.179918],[-93.651012,45.182328],[-93.656827,45.188775],[-93.658795,45.192384],[-93.658597,45.194665],[-93.656567,45.197816],[-93.654004,45.198747],[-93.649289,45.198877],[-93.64761,45.199381],[-93.64561,45.20122],[-93.646038,45.202814],[-93.639949,45.209299],[-93.637127,45.210154],[-93.634578,45.2092],[-93.633114,45.204813],[-93.631756,45.203303],[-93.629162,45.20241],[-93.625148,45.202616],[-93.623939,45.203164],[-93.623118,45.204851],[-93.623821,45.206087],[-93.624645,45.206347],[-93.625713,45.207667],[-93.62564,45.208764],[-93.62534,45.209264],[-93.623775,45.209627],[-93.617182,45.209269],[-93.611354,45.207987],[-93.608714,45.210238],[-93.607839,45.212164],[-93.604439,45.212964],[-93.601863,45.210039],[-93.601969,45.208086],[-93.597854,45.207426],[-93.592538,45.211764],[-93.593838,45.216864],[-93.593938,45.217564],[-93.59116,45.218421],[-93.589384,45.214678],[-93.586896,45.214378],[-93.57565,45.21843],[-93.569581,45.218355],[-93.562719,45.223009],[-93.552836,45.227064],[-93.548636,45.226464],[-93.547798,45.22671],[-93.543739,45.231249],[-93.535362,45.231356],[-93.534136,45.230864],[-93.534294,45.228594],[-93.533393,45.225603],[-93.532402,45.224138],[-93.530997,45.222666],[-93.529074,45.222315],[-93.527274,45.223215],[-93.525635,45.224964],[-93.525275,45.226496],[-93.526587,45.228663],[-93.526373,45.229525],[-93.524954,45.230921],[-93.521835,45.232665],[-93.519935,45.238365],[-93.519339,45.238574],[-93.515799,45.238513],[-93.515097,45.238826],[-93.51467,45.239925],[-93.516943,45.241992],[-93.519354,45.242267],[-93.522435,45.244365],[-93.521945,45.245834],[-93.521335,45.246565],[-93.525097,45.249965],[-93.52708,45.251792],[-93.531356,45.25422],[-93.538721,45.255177],[-93.543977,45.257876],[-93.55237,45.265519],[-93.553367,45.267644],[-93.553456,45.269553],[-93.553726,45.272505],[-93.55438,45.280115],[-93.556017,45.285608],[-93.558048,45.288467],[-93.560575,45.292595],[-93.56264,45.299843],[-93.563818,45.301139],[-93.565491,45.301577],[-93.568355,45.301978],[-93.570312,45.301555],[-93.571685,45.300192],[-93.57211,45.298217],[-93.571936,45.297299],[-93.573054,45.295145],[-93.576212,45.293198],[-93.579396,45.292122],[-93.593917,45.292426],[-93.601044,45.292067],[-93.61223,45.292714],[-93.612684,45.292772],[-93.6265,45.296325],[-93.633932,45.296107],[-93.639053,45.295879],[-93.644377,45.29629],[-93.648346,45.295644],[-93.652987,45.295237],[-93.65937,45.295947],[-93.669679,45.295212],[-93.673362,45.296201],[-93.679873,45.300307],[-93.683182,45.304492],[-93.684164,45.30486],[-93.68585,45.305059],[-93.687831,45.304401],[-93.692978,45.300006],[-93.704205,45.297762],[-93.721392,45.29983],[-93.73411,45.29987],[-93.735653,45.299882],[-93.738024,45.299631],[-93.738412,45.29954],[-93.745904,45.297802],[-93.752737,45.294805],[-93.757794,45.294891],[-93.769391,45.297711],[-93.781026,45.303817],[-93.78916,45.307659],[-93.792071,45.308491],[-93.799625,45.310244],[-93.805662,45.312644],[-93.806088,45.312027],[-93.807412,45.312945],[-93.808731,45.313784],[-93.80797,45.314219],[-93.81453,45.319377],[-93.815692,45.321505],[-93.819574,45.32411],[-93.827139,45.329215],[-93.828839,45.331494],[-93.829575,45.333974],[-93.83115,45.334785],[-93.840483,45.336402],[-93.850451,45.336847],[-93.865072,45.33865],[-93.867552,45.339339],[-93.879098,45.346569],[-93.882206,45.349374],[-93.885005,45.352898],[-93.887192,45.356739],[-93.888023,45.362124],[-93.89078,45.36427],[-93.901816,45.368552],[-93.907295,45.371175],[-93.908566,45.372251],[-93.90986,45.373346],[-93.911001,45.376146],[-93.911857,45.380295],[-93.913265,45.381832],[-93.918557,45.384385],[-93.922312,45.385013],[-93.927748,45.385727],[-93.932035,45.384453],[-93.940369,45.384134],[-93.943849,45.3852],[-93.94564,45.384971],[-93.946824,45.38421],[-93.949766,45.38023],[-93.953751,45.377923],[-93.956284,45.37774],[-93.957414,45.377947],[-93.97007,45.386983],[-93.973954,45.388947],[-93.979469,45.391586],[-93.982743,45.396414],[-93.986169,45.399564],[-93.9962,45.401649],[-94.001017,45.400601],[-94.002767,45.398881],[-94.004326,45.397514],[-94.004866,45.39215],[-94.00612,45.391168],[-94.009157,45.390862],[-94.010853,45.392462],[-94.011494,45.394689],[-94.010948,45.397222],[-94.005698,45.401195],[-94.005634,45.402429],[-94.006339,45.403864],[-94.007943,45.404645],[-94.012649,45.403863],[-94.015712,45.402944],[-94.018906,45.402765],[-94.023717,45.403635],[-94.025661,45.404471],[-94.027424,45.406071],[-94.032412,45.412418],[-94.03497,45.413796],[-94.041336,45.415933],[-94.043455,45.417647],[-94.046818,45.42222]]]},"properties":{"name":"Wright=WRI","type":"county"}},
{"type":"Feature","geometry":{"type":"Polygon","coordinates":[[[-95.482876,44.753113],[-95.487024,44.751096],[-95.488788,44.751301],[-95.491258,44.752466],[-95.492066,44.758476],[-95.49194,44.761196],[-95.491204,44.762705],[-95.491527,44.765333],[-95.494965,44.769811],[-95.500295,44.77101],[-95.503759,44.77251],[-95.505035,44.772976],[-95.507297,44.77225],[-95.509013,44.770244],[-95.508351,44.767845],[-95.50876,44.765743],[-95.510325,44.76538],[-95.513919,44.765788],[-95.515622,44.766616],[-95.51592,44.768017],[-95.51547,44.771029],[-95.516283,44.771762],[-95.518502,44.771784],[-95.523418,44.769695],[-95.525467,44.769589],[-95.528772,44.770633],[-95.530161,44.771784],[-95.530775,44.773136],[-95.5306,44.774538],[-95.52596,44.774815],[-95.523225,44.775461],[-95.522699,44.776178],[-95.522814,44.77683],[-95.524553,44.777956],[-95.525142,44.778882],[-95.525831,44.782119],[-95.525328,44.783182],[-95.523392,44.783642],[-95.512237,44.783625],[-95.509546,44.78407],[-95.498994,44.786532],[-95.498272,44.787083],[-95.497566,44.788828],[-95.503983,44.794421],[-95.51012,44.796052],[-95.519483,44.801835],[-95.523602,44.802246],[-95.528885,44.802455],[-95.538757,44.802417],[-95.545052,44.803852],[-95.545155,44.804327],[-95.543849,44.805611],[-95.540793,44.807045],[-95.53564,44.811889],[-95.535484,44.812551],[-95.535446,44.814063],[-95.53651,44.815125],[-95.544316,44.819386],[-95.549238,44.820823],[-95.552805,44.822136],[-95.559605,44.823168],[-95.564484,44.826549],[-95.56549,44.827377],[-95.567031,44.82897],[-95.567454,44.830298],[-95.567503,44.831167],[-95.566215,44.83294],[-95.566243,44.834237],[-95.569348,44.83747],[-95.572866,44.839938],[-95.574165,44.840396],[-95.577092,44.839209],[-95.57972,44.839455],[-95.599046,44.84315],[-95.600402,44.843736],[-95.600689,44.844581],[-95.597287,44.847573],[-95.596627,44.848645],[-95.596891,44.849458],[-95.599469,44.850775],[-95.600959,44.850982],[-95.604721,44.850398],[-95.60942,44.849327],[-95.613236,44.850046],[-95.614718,44.850841],[-95.616251,44.852521],[-95.616509,44.854365],[-95.614936,44.857524],[-95.614643,44.859634],[-95.616308,44.863037],[-95.621174,44.867668],[-95.6253,44.868632],[-95.627002,44.869708],[-95.630084,44.873297],[-95.635161,44.874518],[-95.637025,44.873438],[-95.641172,44.874239],[-95.654369,44.884565],[-95.65485,44.885479],[-95.654496,44.886279],[-95.650382,44.886255],[-95.648516,44.887397],[-95.64874,44.889065],[-95.650925,44.891374],[-95.652339,44.891283],[-95.656166,44.889068],[-95.661259,44.891251],[-95.665037,44.894417],[-95.67256,44.896727],[-95.672785,44.898669],[-95.671563,44.899835],[-95.671305,44.902303],[-95.672751,44.904451],[-95.676352,44.906394],[-95.680082,44.909114],[-95.683748,44.909777],[-95.684424,44.909228],[-95.684263,44.908543],[-95.681465,44.908245],[-95.680693,44.90724],[-95.68553,44.903522],[-95.6878,44.902327],[-95.689954,44.901961],[-95.696064,44.904017],[-95.709666,44.903581],[-95.719185,44.906298],[-95.721533,44.907372],[-95.723753,44.909199],[-95.724011,44.909908],[-95.719895,44.91064],[-95.719027,44.911303],[-95.720992,44.915462],[-95.721509,44.919415],[-95.721316,44.920603],[-95.719933,44.920901],[-95.719644,44.921404],[-95.727147,44.928202],[-95.731622,44.932068],[-95.731752,44.932109],[-95.733648,44.934423],[-95.737015,44.936136],[-95.737088,44.931817],[-95.737084,44.927566],[-95.737296,44.913125],[-95.737434,44.895109],[-95.737308,44.891483],[-95.737694,44.891552],[-95.746471,44.891433],[-95.767957,44.891694],[-95.839282,44.891766],[-95.847587,44.891744],[-95.848819,44.805339],[-95.861178,44.805264],[-95.869298,44.805216],[-95.910172,44.80507],[-95.93999,44.805073],[-95.947084,44.805095],[-95.950999,44.805003],[-95.970483,44.804999],[-96.093051,44.804866],[-96.113915,44.805064],[-96.134825,44.805106],[-96.16872,44.805312],[-96.175429,44.805371],[-96.184,44.805486],[-96.184574,44.805466],[-96.195748,44.805418],[-96.215619,44.805507],[-96.218917,44.805527],[-96.235745,44.805364],[-96.338699,44.805051],[-96.451559,44.805468],[-96.451829,44.797691],[-96.451888,44.792299],[-96.451823,44.790471],[-96.45162,44.776191],[-96.45138,44.761788],[-96.451573,44.76051],[-96.451232,44.718375],[-96.451543,44.703135],[-96.451761,44.631194],[-96.449415,44.631188],[-96.448249,44.631191],[-96.419073,44.631118],[-96.393084,44.630997],[-96.33846,44.6308],[-96.3382,44.630796],[-96.32714,44.630635],[-96.317017,44.630597],[-96.306872,44.630689],[-96.296791,44.630756],[-96.25032,44.631039],[-96.235761,44.631185],[-96.215264,44.631281],[-96.195757,44.631217],[-96.184203,44.631163],[-96.167594,44.631192],[-96.157801,44.630984],[-96.153751,44.631031],[-96.133351,44.630929],[-96.092896,44.630507],[-96.067583,44.630281],[-96.012222,44.630065],[-95.971661,44.630732],[-95.93657,44.630849],[-95.933894,44.630861],[-95.910571,44.630779],[-95.90006,44.630823],[-95.849315,44.63075],[-95.843075,44.630728],[-95.83327,44.630777],[-95.828773,44.6308],[-95.747003,44.630164],[-95.726681,44.630082],[-95.708664,44.630024],[-95.685587,44.629951],[-95.665232,44.630201],[-95.644302,44.630446],[-95.60395,44.629895],[-95.604113,44.586212],[-95.604192,44.564157],[-95.604285,44.560912],[-95.604335,44.542468],[-95.594908,44.542197],[-95.543328,44.541994],[-95.533217,44.541781],[-95.532334,44.541763],[-95.503156,44.541683],[-95.49815,44.541642],[-95.482815,44.541641],[-95.477936,44.541643],[-95.472428,44.541645],[-95.436921,44.541685],[-95.436407,44.541684],[-95.421422,44.541537],[-95.418578,44.541536],[-95.3604,44.541572],[-95.360335,44.576589],[-95.360336,44.577312],[-95.36034,44.581389],[-95.360195,44.585095],[-95.36027,44.591743],[-95.360359,44.599591],[-95.360482,44.601239],[-95.360509,44.610014],[-95.360626,44.614097],[-95.36057,44.62879],[-95.360582,44.643304],[-95.360537,44.665088],[-95.360928,44.671922],[-95.360189,44.698482],[-95.363454,44.701497],[-95.365121,44.701542],[-95.368259,44.699894],[-95.378693,44.703369],[-95.382089,44.705314],[-95.382537,44.706],[-95.37997,44.708696],[-95.37984,44.71105],[-95.380224,44.711461],[-95.381283,44.711507],[-95.383079,44.710068],[-95.385611,44.709681],[-95.389938,44.710367],[-95.396442,44.713295],[-95.399965,44.719193],[-95.398714,44.721318],[-95.397141,44.722849],[-95.397238,44.723626],[-95.408551,44.730921],[-95.41692,44.73483],[-95.419068,44.734122],[-95.419004,44.731814],[-95.419421,44.731517],[-95.422182,44.731999],[-95.423749,44.736088],[-95.428911,44.739471],[-95.432823,44.739494],[-95.437474,44.741483],[-95.439783,44.743014],[-95.442253,44.743722],[-95.457709,44.740726],[-95.459185,44.741274],[-95.463837,44.744838],[-95.473939,44.754895],[-95.477309,44.756334],[-95.478207,44.756288],[-95.48264,44.753242],[-95.482876,44.753113]]]},"properties":{"name":"YellowMedicine=YEL","type":"county"}}
]}