{"type":"FeatureCollection", "features": [
{"type":"Feature","geometry":{"type":"Polygon","coordinates":[[[-74.736297,39.729838],[-74.74913,39.718798],[-74.801195,39.674195],[-74.820697,39.657357],[-74.827794,39.651223],[-74.82964,39.649644],[-74.859136,39.624009],[-74.862676,39.62095],[-74.873313,39.611627],[-74.877167,39.608528],[-74.882411,39.603988],[-74.884587,39.602132],[-74.896315,39.591924],[-74.902588,39.586564],[-74.903244,39.585988],[-74.903868,39.585428],[-74.90558,39.58394],[-74.906666,39.583049],[-74.911596,39.578641],[-74.926237,39.566179],[-74.937134,39.556723],[-74.94403,39.550867],[-74.953115,39.54289],[-74.955759,39.540531],[-74.95624,39.540124],[-74.970208,39.528099],[-74.979267,39.520121],[-74.982375,39.517283],[-74.985053,39.514839],[-74.982717,39.513015],[-74.974217,39.506915],[-74.971355,39.505185],[-74.943916,39.485915],[-74.927015,39.474215],[-74.921415,39.470215],[-74.911677,39.463256],[-74.903864,39.457263],[-74.897414,39.452315],[-74.881113,39.442415],[-74.874613,39.43722],[-74.865682,39.431255],[-74.861864,39.428702],[-74.855697,39.424578],[-74.85695,39.420711],[-74.853095,39.41547],[-74.852562,39.411854],[-74.853179,39.407711],[-74.857129,39.402765],[-74.857659,39.401026],[-74.857921,39.395533],[-74.855794,39.390269],[-74.852192,39.384251],[-74.851984,39.380955],[-74.852865,39.375115],[-74.853718,39.371927],[-74.858786,39.364098],[-74.859757,39.361328],[-74.859664,39.35453],[-74.863548,39.34519],[-74.864723,39.33901],[-74.863979,39.328757],[-74.862356,39.32656],[-74.861178,39.323763],[-74.861232,39.320083],[-74.860819,39.319328],[-74.854011,39.317935],[-74.849708,39.316265],[-74.844817,39.316038],[-74.843933,39.315969],[-74.840456,39.315261],[-74.837244,39.314781],[-74.831055,39.310868],[-74.829994,39.309861],[-74.829729,39.308923],[-74.825073,39.305329],[-74.820517,39.306647],[-74.820311,39.306723],[-74.818798,39.306269],[-74.810519,39.306155],[-74.807014,39.304987],[-74.802919,39.307184],[-74.797439,39.306657],[-74.795365,39.307175],[-74.787313,39.306785],[-74.784586,39.307296],[-74.779126,39.304835],[-74.777191,39.302626],[-74.766089,39.299327],[-74.765221,39.297114],[-74.764554,39.296768],[-74.762557,39.296947],[-74.758384,39.299317],[-74.754027,39.299105],[-74.752865,39.297655],[-74.752439,39.295151],[-74.751854,39.295064],[-74.750261,39.295056],[-74.746183,39.294595],[-74.740647,39.295539],[-74.737047,39.298419],[-74.731607,39.298419],[-74.719478,39.296467],[-74.71983,39.294243],[-74.717366,39.292435],[-74.714518,39.291667],[-74.712566,39.293507],[-74.703349,39.294627],[-74.702037,39.294179],[-74.700422,39.290856],[-74.699973,39.289699],[-74.698165,39.289203],[-74.676724,39.297251],[-74.67578,39.296819],[-74.673732,39.294227],[-74.674004,39.292691],[-74.675236,39.290595],[-74.67506,39.289779],[-74.674404,39.289139],[-74.673076,39.289331],[-74.671108,39.291267],[-74.670484,39.295939],[-74.669956,39.296995],[-74.667556,39.297587],[-74.658003,39.297203],[-74.657523,39.296019],[-74.659244,39.291561],[-74.659214,39.291177],[-74.658899,39.290451],[-74.657235,39.289475],[-74.651939,39.288595],[-74.649171,39.289779],[-74.648083,39.291586],[-74.646675,39.293459],[-74.644563,39.295011],[-74.640354,39.295955],[-74.63365,39.295347],[-74.626202,39.292915],[-74.622702,39.292315],[-74.618202,39.293415],[-74.602901,39.302715],[-74.596901,39.306315],[-74.5907,39.309715],[-74.587081,39.309892],[-74.5866,39.309915],[-74.5835,39.308815],[-74.570799,39.300115],[-74.566158,39.298687],[-74.556399,39.298915],[-74.556543,39.297507],[-74.554431,39.295523],[-74.55121776,39.29334572],[-74.551151,39.293539],[-74.54132421,39.3003271],[-74.521797,39.313816],[-74.51569154,39.31689324],[-74.51569099,39.31689351],[-74.51182369,39.31884269],[-74.5088317,39.3203507],[-74.50796734,39.32078634],[-74.50610566,39.32172466],[-74.50284705,39.32336705],[-74.50134209,39.32412557],[-74.50067888,39.32445984],[-74.4968348,39.32639731],[-74.49420351,39.32772351],[-74.49313969,39.32825969],[-74.49012465,39.32977932],[-74.48494367,39.33239061],[-74.4817184,39.33401619],[-74.48076909,39.33449465],[-74.47672294,39.33653398],[-74.474962,39.33742151],[-74.469401,39.34022433],[-74.46868978,39.3405828],[-74.46420673,39.34284232],[-74.46095542,39.34448103],[-74.459894,39.345016],[-74.45648899,39.34615576],[-74.45527071,39.34656356],[-74.45216258,39.34760395],[-74.44799125,39.34900023],[-74.44724219,39.34925096],[-74.44427516,39.35024412],[-74.44028169,39.35158086],[-74.4324723,39.35419491],[-74.43102876,39.35467811],[-74.42312725,39.35732299],[-74.41785522,39.35908771],[-74.41397322,39.36038713],[-74.412692,39.360816],[-74.41173231,39.3617326],[-74.408237,39.365071],[-74.4076865,39.36844067],[-74.4073976,39.37020904],[-74.40732417,39.37065852],[-74.406792,39.373916],[-74.406692,39.377516],[-74.39501597,39.38472154],[-74.3918116,39.38669903],[-74.38867858,39.38863249],[-74.38318736,39.39202124],[-74.37546665,39.39678587],[-74.37335809,39.39808711],[-74.3682665,39.40122924],[-74.3676689,39.40159803],[-74.36699,39.402017],[-74.36546688,39.40343592],[-74.3623623,39.40632809],[-74.35400222,39.41411622],[-74.35374943,39.41435172],[-74.334804,39.432001],[-74.32627149,39.44304976],[-74.304343,39.471445],[-74.30219125,39.47890987],[-74.302184,39.478935],[-74.304778,39.482945],[-74.30483806,39.48296184],[-74.308344,39.483945],[-74.313689,39.493874],[-74.31327511,39.49587803],[-74.31326838,39.49591065],[-74.316414,39.500117],[-74.319883,39.503353],[-74.322671,39.505032],[-74.326774,39.506183],[-74.337652,39.506808],[-74.354358,39.505469],[-74.355648,39.505138],[-74.36102,39.501971],[-74.372494,39.500117],[-74.375566,39.49952],[-74.381735,39.500117],[-74.389572,39.51497],[-74.398534,39.531939],[-74.405298,39.542064],[-74.407066,39.543328],[-74.408197,39.544836],[-74.409596,39.547255],[-74.415871,39.549405],[-74.416796,39.55106],[-74.41589,39.554941],[-74.416614,39.556698],[-74.419022,39.557431],[-74.421404,39.556773],[-74.425428,39.553547],[-74.427024,39.553062],[-74.428406,39.553205],[-74.433123,39.555646],[-74.436287,39.554951],[-74.43776,39.55398],[-74.438901,39.552188],[-74.434059,39.546222],[-74.433382,39.543851],[-74.43372,39.542895],[-74.434893,39.541475],[-74.438346,39.540857],[-74.439987,39.541416],[-74.44227,39.54331],[-74.445656,39.546489],[-74.446327,39.547922],[-74.446403,39.54937],[-74.443727,39.554468],[-74.443612,39.556454],[-74.446972,39.559068],[-74.449231,39.559127],[-74.45266,39.55707],[-74.453252,39.555124],[-74.45302,39.550853],[-74.454108,39.548284],[-74.456107,39.547135],[-74.457853,39.547291],[-74.45943,39.548729],[-74.460483,39.554104],[-74.461086,39.555233],[-74.463104,39.556476],[-74.464841,39.556634],[-74.468101,39.555552],[-74.472753,39.551936],[-74.474543,39.551449],[-74.476417,39.552069],[-74.478169,39.553591],[-74.479906,39.556491],[-74.480584,39.557574],[-74.484424,39.558902],[-74.485927,39.558743],[-74.491169,39.556368],[-74.492525,39.556295],[-74.494599,39.557306],[-74.496075,39.562583],[-74.503305,39.568988],[-74.504619,39.569372],[-74.508991,39.568643],[-74.51125,39.56919],[-74.512911,39.570578],[-74.51401,39.573153],[-74.515636,39.573564],[-74.516961,39.573416],[-74.520669,39.570229],[-74.522776,39.569355],[-74.523916,39.569028],[-74.527788,39.569382],[-74.529855,39.570584],[-74.53191,39.572913],[-74.53405,39.573478],[-74.538497,39.574143],[-74.541177,39.576296],[-74.542681,39.580043],[-74.542305,39.582],[-74.540867,39.585117],[-74.542232,39.586152],[-74.54833,39.588687],[-74.551132,39.593464],[-74.553428,39.597244],[-74.555045,39.597655],[-74.56425,39.596777],[-74.567363,39.597356],[-74.569899,39.59884],[-74.572766,39.599182],[-74.576215,39.598393],[-74.578112,39.600201],[-74.580414,39.603069],[-74.585517,39.604811],[-74.586277,39.60602],[-74.586811,39.608976],[-74.587647,39.610677],[-74.589239,39.61136],[-74.598274,39.614624],[-74.601901,39.617275],[-74.612346,39.623117],[-74.616659,39.623609],[-74.618377,39.62439],[-74.619465,39.625117],[-74.624242,39.625916],[-74.6246,39.625792],[-74.62512,39.624941],[-74.626531,39.621292],[-74.628585,39.620144],[-74.630182,39.620155],[-74.632049,39.621803],[-74.63149,39.625117],[-74.636271,39.625117],[-74.639813,39.625117],[-74.645665,39.625117],[-74.647267,39.624645],[-74.647771,39.625117],[-74.647922,39.625117],[-74.648419,39.627222],[-74.650724,39.628534],[-74.654768,39.628504],[-74.658735,39.634516],[-74.659453,39.640474],[-74.65782,39.645762],[-74.658766,39.648401],[-74.659223,39.655314],[-74.65878,39.662272],[-74.659848,39.667803],[-74.665555,39.679911],[-74.668042,39.683649],[-74.670302,39.685457],[-74.673124,39.686335],[-74.674208,39.687273],[-74.675703,39.691279],[-74.675825,39.691347],[-74.724303,39.722201],[-74.732436,39.727373],[-74.736297,39.729838]]]},"properties":{"name":"Atlantic=ATL","type":"county"}},
{"type":"Feature","geometry":{"type":"Polygon","coordinates":[[[-74.21319539,41.13418615],[-74.228797,41.102995],[-74.248939,41.06382],[-74.250592,41.060682],[-74.263603,41.035737],[-74.269939,41.023276],[-74.270521,41.022131],[-74.269615,41.016191],[-74.269157,41.015833],[-74.26664,41.014009],[-74.264076,41.012079],[-74.248557,40.992342],[-74.233909,40.985678],[-74.224981,40.98163],[-74.211843,40.980302],[-74.19843,40.979112],[-74.191487,40.978662],[-74.187317,40.978296],[-74.186287,40.978208],[-74.185745,40.978167],[-74.184606,40.978082],[-74.181479,40.977799],[-74.170988,40.976997],[-74.170246,40.983553],[-74.16077,40.977998],[-74.159778,40.97738],[-74.155598,40.974954],[-74.149173,40.971185],[-74.148487,40.970797],[-74.148072,40.970556],[-74.147218,40.970062],[-74.146587,40.969697],[-74.144487,40.968397],[-74.140787,40.966197],[-74.140987,40.965597],[-74.142138,40.961544],[-74.143187,40.958598],[-74.143487,40.957698],[-74.144187,40.955898],[-74.145487,40.951798],[-74.145966,40.949481],[-74.146087,40.948898],[-74.146187,40.948198],[-74.147987,40.941998],[-74.147987,40.941598],[-74.143687,40.940398],[-74.139287,40.933798],[-74.13934,40.933508],[-74.139485,40.932711],[-74.139497,40.932685],[-74.139969,40.932107],[-74.142032,40.929468],[-74.142098,40.92804],[-74.141601,40.926162],[-74.141423,40.92573],[-74.136219,40.922848],[-74.132003,40.922186],[-74.130187,40.918198],[-74.132087,40.915298],[-74.133287,40.912454],[-74.133287,40.912399],[-74.13284,40.910905],[-74.132296,40.909177],[-74.131804,40.907401],[-74.132387,40.904098],[-74.133587,40.901898],[-74.133787,40.899298],[-74.13188,40.897113],[-74.130682,40.895741],[-74.129233,40.894081],[-74.128987,40.893799],[-74.129787,40.889899],[-74.130089,40.887633],[-74.130187,40.886899],[-74.130187,40.886376],[-74.129102,40.885275],[-74.126587,40.883599],[-74.12431,40.882415],[-74.120287,40.879799],[-74.117813,40.876819],[-74.11487,40.874182],[-74.112286,40.868899],[-74.111946,40.86801],[-74.110186,40.864799],[-74.109932,40.864677],[-74.107086,40.862699],[-74.109286,40.855599],[-74.11271,40.858654],[-74.116016,40.859881],[-74.119242,40.859122],[-74.119947,40.858775],[-74.120488,40.8558],[-74.119687,40.854399],[-74.119579,40.85397],[-74.119487,40.853599],[-74.121073,40.847954],[-74.121387,40.847299],[-74.122378,40.842592],[-74.12298,40.841558],[-74.122787,40.836199],[-74.121853,40.834098],[-74.121341,40.830307],[-74.123987,40.8231],[-74.124187,40.8226],[-74.130031,40.819962],[-74.13161,40.819545],[-74.133063,40.819162],[-74.137692,40.815506],[-74.138201,40.813251],[-74.138687,40.8111],[-74.138988,40.807081],[-74.139898,40.80564],[-74.13986,40.805424],[-74.139984,40.803923],[-74.138729,40.798297],[-74.141024,40.794896],[-74.142838,40.792581],[-74.142959,40.792449],[-74.144397,40.790881],[-74.147588,40.7864],[-74.142588,40.7838],[-74.141241,40.783185],[-74.14043,40.782762],[-74.138766,40.781895],[-74.13846,40.781722],[-74.137087,40.7811],[-74.136387,40.7806],[-74.134787,40.7798],[-74.133187,40.7791],[-74.132387,40.7786],[-74.130387,40.7776],[-74.129687,40.7762],[-74.127687,40.7722],[-74.127587,40.7715],[-74.124387,40.7721],[-74.120844,40.771057],[-74.120087,40.7703],[-74.118187,40.7701],[-74.115787,40.7711],[-74.113787,40.7733],[-74.113887,40.7745],[-74.112887,40.7758],[-74.110887,40.7768],[-74.109487,40.7774],[-74.100886,40.7759],[-74.097886,40.769901],[-74.099086,40.767701],[-74.095486,40.762301],[-74.094086,40.762401],[-74.093486,40.763201],[-74.090694,40.762114],[-74.088077,40.767542],[-74.090316,40.775819],[-74.090086,40.7786],[-74.089186,40.78],[-74.083286,40.7863],[-74.081886,40.7877],[-74.077786,40.7928],[-74.076786,40.796],[-74.071485,40.7972],[-74.068585,40.7986],[-74.067385,40.8006],[-74.060685,40.8057],[-74.060622,40.805709],[-74.044977,40.807702],[-74.036647,40.80794],[-74.032123,40.812857],[-74.032084,40.8129],[-74.028684,40.8128],[-74.028573,40.816449],[-74.027421,40.816608],[-74.024527,40.815199],[-74.024727,40.8159],[-74.024887,40.816273],[-74.020581,40.818701],[-74.016641,40.823618],[-74.013602,40.822636],[-74.012183,40.8219],[-74.010983,40.8205],[-74.011783,40.8185],[-74.013183,40.8182],[-74.012583,40.8159],[-74.011342,40.815232],[-74.009983,40.8145],[-74.008044,40.813674],[-74.005183,40.8122],[-74.004083,40.8116],[-74.002583,40.8108],[-74.000983,40.8101],[-73.997883,40.8084],[-73.995683,40.8071],[-73.994183,40.8063],[-73.993462,40.805907],[-73.993083,40.8057],[-73.993783,40.8012],[-73.98480523,40.79746805],[-73.97687113,40.80849011],[-73.968082,40.8207],[-73.96570624,40.82370606],[-73.963182,40.8269],[-73.953982,40.848],[-73.95198722,40.8516386],[-73.948281,40.858399],[-73.938081,40.874699],[-73.933406,40.882078],[-73.929006,40.889578],[-73.92677366,40.89531426],[-73.919705,40.913478],[-73.918405,40.917477],[-73.917905,40.917577],[-73.91768,40.919498],[-73.91558,40.924898],[-73.90728,40.951498],[-73.896479,40.981697],[-73.893979,40.997197],[-73.90268,40.997297],[-73.90501,40.997591],[-73.907054,40.998476],[-73.91188,41.001297],[-73.92209019,41.00586495],[-73.93842966,41.01317507],[-73.94553009,41.01635173],[-73.95173487,41.01912769],[-73.95286709,41.01963424],[-73.95924913,41.0224895],[-73.97720042,41.03052074],[-73.99395412,41.03801619],[-74.01258359,41.04635084],[-74.02430821,41.05159633],[-74.03650673,41.05705383],[-74.03715646,41.05734452],[-74.041049,41.059086],[-74.041054,41.059088],[-74.05198097,41.06393367],[-74.05687448,41.06610374],[-74.05841563,41.06678718],[-74.07195519,41.07279142],[-74.08160176,41.07706928],[-74.092486,41.081896],[-74.096786,41.083796],[-74.10378979,41.08688857],[-74.11180637,41.09042834],[-74.12057953,41.09430219],[-74.1223138,41.09506797],[-74.14984203,41.10722324],[-74.15827934,41.11094878],[-74.16151983,41.11237964],[-74.16248305,41.11280496],[-74.18239,41.121595],[-74.20688077,41.13160517],[-74.21319539,41.13418615]]]},"properties":{"name":"Bergen=BER","type":"county"}},
{"type":"Feature","geometry":{"type":"Polygon","coordinates":[[[-74.5879,40.138111],[-74.587928,40.138108],[-74.594783,40.137694],[-74.59533,40.138128],[-74.5962,40.137511],[-74.6016,40.136711],[-74.6154,40.141611],[-74.6161,40.141511],[-74.616154,40.141485],[-74.618001,40.140611],[-74.621301,40.141111],[-74.623101,40.142211],[-74.623101,40.148811],[-74.637401,40.15161],[-74.647702,40.15551],[-74.655202,40.16001],[-74.661102,40.16211],[-74.662302,40.16521],[-74.669102,40.16671],[-74.675702,40.16561],[-74.677503,40.16611],[-74.677402,40.16721],[-74.674402,40.16961],[-74.674502,40.17361],[-74.679603,40.17361],[-74.682803,40.17651],[-74.688729,40.177097],[-74.693103,40.179109],[-74.696403,40.178909],[-74.694603,40.182009],[-74.695303,40.182609],[-74.696303,40.182409],[-74.698503,40.182409],[-74.699903,40.183109],[-74.701103,40.182909],[-74.704703,40.181709],[-74.708204,40.181509],[-74.711204,40.180409],[-74.711204,40.179509],[-74.710146,40.179048],[-74.70971,40.178201],[-74.713004,40.175709],[-74.713104,40.174909],[-74.711404,40.172809],[-74.708404,40.171609],[-74.708904,40.170009],[-74.710904,40.168109],[-74.710104,40.166409],[-74.708504,40.166309],[-74.706603,40.168409],[-74.704203,40.168309],[-74.704581,40.167219],[-74.708261,40.159952],[-74.718917,40.147832],[-74.724304,40.14701],[-74.725663,40.145495],[-74.740605,40.13521],[-74.742905,40.13441],[-74.745905,40.13421],[-74.75454576,40.13466962],[-74.755305,40.13471],[-74.75716967,40.13435865],[-74.75878191,40.13405486],[-74.758882,40.134036],[-74.762864,40.132541],[-74.7630896,40.13242534],[-74.769488,40.129145],[-74.77549456,40.12517728],[-74.782106,40.12081],[-74.785106,40.12031],[-74.7864,40.12034594],[-74.788706,40.12041],[-74.79103122,40.12087891],[-74.800607,40.12281],[-74.80988084,40.12592662],[-74.812807,40.12691],[-74.816307,40.12761],[-74.819007,40.12751],[-74.822307,40.12671],[-74.825907,40.12391],[-74.828408,40.12031],[-74.832808,40.11171],[-74.835108,40.10391],[-74.838008,40.10091],[-74.843408,40.09771],[-74.851108,40.09491],[-74.854409,40.09311],[-74.856509,40.09131],[-74.858209,40.08881],[-74.859809,40.08491],[-74.860909,40.08371],[-74.863809,40.08221],[-74.86929795,40.08107205],[-74.880209,40.07881],[-74.88781,40.07581],[-74.89858173,40.07296477],[-74.90309988,40.07177135],[-74.909011,40.07021],[-74.911911,40.06991],[-74.920811,40.07111],[-74.925311,40.07071],[-74.92795413,40.06982934],[-74.932211,40.068411],[-74.944412,40.063211],[-74.96208372,40.05475452],[-74.974713,40.048711],[-74.983913,40.042711],[-74.989914,40.037311],[-75.007914,40.023111],[-75.011115,40.021311],[-75.01286742,40.0205941],[-75.01408674,40.02009529],[-75.01486283,40.0197778],[-75.015515,40.019511],[-75.01993426,40.0183043],[-75.02988982,40.01558587],[-75.039316,40.013012],[-75.04233078,40.01140673],[-75.047016,40.008912],[-75.051217,40.004512],[-75.059017,39.992512],[-75.06067341,39.99099575],[-75.052817,39.991812],[-75.048416,39.991712],[-75.047516,39.994112],[-75.044816,39.994812],[-75.042616,39.993512],[-75.038716,39.994812],[-75.036716,39.996212],[-75.034816,39.995912],[-75.032516,39.994412],[-75.032016,39.993712],[-75.032916,39.991912],[-75.032216,39.991512],[-75.031316,39.993212],[-75.030316,39.993112],[-75.028115,39.992112],[-75.027415,39.993712],[-75.025915,39.992712],[-75.024915,39.991012],[-75.019215,39.989812],[-75.019115,39.990012],[-75.018715,39.989412],[-75.017815,39.987912],[-75.018115,39.985512],[-75.017115,39.984712],[-75.015415,39.985912],[-75.014715,39.985312],[-75.014815,39.984112],[-75.016415,39.983812],[-75.015715,39.983112],[-75.014215,39.982512],[-75.009914,39.979912],[-75.012715,39.977912],[-75.014615,39.974812],[-75.016215,39.973812],[-75.017221,39.97392],[-75.017315,39.973312],[-75.016315,39.971412],[-75.016215,39.970012],[-75.017615,39.969212],[-75.019515,39.969112],[-75.019815,39.967912],[-75.019115,39.967512],[-75.017415,39.963412],[-75.016814,39.961112],[-75.017314,39.959312],[-75.013114,39.956412],[-75.013114,39.954212],[-75.015015,39.951941],[-75.015332,39.945962],[-75.009114,39.945112],[-75.008433,39.944574],[-75.000913,39.941812],[-75.000313,39.941312],[-74.998413,39.939912],[-74.996613,39.940312],[-74.995413,39.939712],[-74.99188,39.9405],[-74.988913,39.940912],[-74.986813,39.939812],[-74.984313,39.939712],[-74.981313,39.940312],[-74.976512,39.939712],[-74.974812,39.938212],[-74.975848,39.936278],[-74.976312,39.935412],[-74.978912,39.934112],[-74.981412,39.933612],[-74.980712,39.931112],[-74.984676,39.930708],[-74.985313,39.930212],[-74.985313,39.929912],[-74.983712,39.926913],[-74.981112,39.926113],[-74.980012,39.924513],[-74.977412,39.923313],[-74.976354,39.922557],[-74.969612,39.921613],[-74.965812,39.920613],[-74.964012,39.920513],[-74.961612,39.919013],[-74.958611,39.916313],[-74.957559,39.914614],[-74.957311,39.914213],[-74.955711,39.913113],[-74.952311,39.905713],[-74.951711,39.901313],[-74.949511,39.898113],[-74.946611,39.897013],[-74.945111,39.895513],[-74.945111,39.895113],[-74.943255,39.892817],[-74.93731,39.889913],[-74.93171,39.887013],[-74.92961,39.880913],[-74.929251,39.879989],[-74.92681,39.873513],[-74.925681,39.869719],[-74.924754,39.866511],[-74.922409,39.858314],[-74.921977,39.856069],[-74.921909,39.855714],[-74.921509,39.855414],[-74.917739,39.841687],[-74.917118,39.83985],[-74.916609,39.837814],[-74.9155,39.833962],[-74.914637,39.830883],[-74.908508,39.809014],[-74.903836,39.792863],[-74.903427,39.791431],[-74.903308,39.791015],[-74.902408,39.790515],[-74.898608,39.789115],[-74.898008,39.787115],[-74.895908,39.784015],[-74.889707,39.781615],[-74.882807,39.781615],[-74.878907,39.781515],[-74.876307,39.781415],[-74.866372,39.784856],[-74.862707,39.785215],[-74.860207,39.785915],[-74.850359,39.789192],[-74.846865,39.789398],[-74.836016,39.792061],[-74.832964,39.791519],[-74.830201,39.789993],[-74.82831,39.789101],[-74.827166,39.788583],[-74.817643,39.785806],[-74.812425,39.785287],[-74.806154,39.782922],[-74.799989,39.777909],[-74.791368,39.772004],[-74.788071,39.767404],[-74.78357,39.763757],[-74.777493,39.757763],[-74.777169,39.757443],[-74.765956,39.746381],[-74.76056,39.743952],[-74.757162,39.742976],[-74.757096,39.743006],[-74.755966,39.742113],[-74.738433,39.731203],[-74.736297,39.729838],[-74.732436,39.727373],[-74.724303,39.722201],[-74.675825,39.691347],[-74.675703,39.691279],[-74.674208,39.687273],[-74.673124,39.686335],[-74.670302,39.685457],[-74.668042,39.683649],[-74.665555,39.679911],[-74.659848,39.667803],[-74.65878,39.662272],[-74.659223,39.655314],[-74.658766,39.648401],[-74.65782,39.645762],[-74.659453,39.640474],[-74.658735,39.634516],[-74.654768,39.628504],[-74.650724,39.628534],[-74.648419,39.627222],[-74.647922,39.625117],[-74.647771,39.625117],[-74.647267,39.624645],[-74.645665,39.625117],[-74.639813,39.625117],[-74.636271,39.625117],[-74.63149,39.625117],[-74.632049,39.621803],[-74.630182,39.620155],[-74.628585,39.620144],[-74.626531,39.621292],[-74.62512,39.624941],[-74.6246,39.625792],[-74.624242,39.625916],[-74.619465,39.625117],[-74.618377,39.62439],[-74.616659,39.623609],[-74.612346,39.623117],[-74.601901,39.617275],[-74.598274,39.614624],[-74.589239,39.61136],[-74.587647,39.610677],[-74.586811,39.608976],[-74.586277,39.60602],[-74.585517,39.604811],[-74.580414,39.603069],[-74.578112,39.600201],[-74.576215,39.598393],[-74.572766,39.599182],[-74.569899,39.59884],[-74.567363,39.597356],[-74.56425,39.596777],[-74.555045,39.597655],[-74.553428,39.597244],[-74.551132,39.593464],[-74.54833,39.588687],[-74.542232,39.586152],[-74.540867,39.585117],[-74.542305,39.582],[-74.542681,39.580043],[-74.541177,39.576296],[-74.538497,39.574143],[-74.53405,39.573478],[-74.53191,39.572913],[-74.529855,39.570584],[-74.527788,39.569382],[-74.523916,39.569028],[-74.522776,39.569355],[-74.520669,39.570229],[-74.516961,39.573416],[-74.515636,39.573564],[-74.51401,39.573153],[-74.512911,39.570578],[-74.51125,39.56919],[-74.508991,39.568643],[-74.504619,39.569372],[-74.503305,39.568988],[-74.496075,39.562583],[-74.494599,39.557306],[-74.492525,39.556295],[-74.491169,39.556368],[-74.485927,39.558743],[-74.484424,39.558902],[-74.480584,39.557574],[-74.479906,39.556491],[-74.478169,39.553591],[-74.476417,39.552069],[-74.474543,39.551449],[-74.472753,39.551936],[-74.468101,39.555552],[-74.464841,39.556634],[-74.463104,39.556476],[-74.461086,39.555233],[-74.460483,39.554104],[-74.45943,39.548729],[-74.457853,39.547291],[-74.456107,39.547135],[-74.454108,39.548284],[-74.45302,39.550853],[-74.453252,39.555124],[-74.45266,39.55707],[-74.449231,39.559127],[-74.446972,39.559068],[-74.443612,39.556454],[-74.443727,39.554468],[-74.446403,39.54937],[-74.446327,39.547922],[-74.445656,39.546489],[-74.44227,39.54331],[-74.439987,39.541416],[-74.438346,39.540857],[-74.434893,39.541475],[-74.43372,39.542895],[-74.433382,39.543851],[-74.434059,39.546222],[-74.438901,39.552188],[-74.43776,39.55398],[-74.436287,39.554951],[-74.433123,39.555646],[-74.428406,39.553205],[-74.427024,39.553062],[-74.425428,39.553547],[-74.421404,39.556773],[-74.419022,39.557431],[-74.41613,39.559552],[-74.414328,39.561017],[-74.414035,39.562628],[-74.417117,39.564297],[-74.418869,39.56795],[-74.416274,39.570088],[-74.415121,39.570185],[-74.407256,39.569085],[-74.405748,39.56929],[-74.401104,39.572081],[-74.398203,39.57636],[-74.39764,39.578099],[-74.397786,39.580937],[-74.395772,39.586223],[-74.392336,39.593912],[-74.390412,39.595879],[-74.39027,39.62691],[-74.390272,39.628406],[-74.389833,39.773371],[-74.398729,39.789569],[-74.400087,39.792042],[-74.412907,39.81499],[-74.413589,39.816523],[-74.417156,39.823103],[-74.434596,39.854792],[-74.444815,39.873509],[-74.445782,39.875117],[-74.445948,39.875117],[-74.459403,39.900705],[-74.459388,39.900782],[-74.470679,39.922326],[-74.484962,39.949662],[-74.494987,39.969414],[-74.498635,39.976196],[-74.506585,39.991219],[-74.506982,39.991982],[-74.510956,39.999605],[-74.514794,40.007453],[-74.527124,40.033561],[-74.527506,40.034354],[-74.528604,40.036582],[-74.530715,40.040236],[-74.531336,40.041274],[-74.533731,40.045271],[-74.535044,40.047483],[-74.538112,40.052667],[-74.539316,40.054701],[-74.540522,40.056822],[-74.543375,40.062368],[-74.544031,40.063528],[-74.5487,40.071371],[-74.553293,40.079115],[-74.556192,40.083997],[-74.580446,40.125111],[-74.585775,40.134031],[-74.5879,40.138111]]]},"properties":{"name":"Burlington=BURL","type":"county"}},
{"type":"Feature","geometry":{"type":"Polygon","coordinates":[[[-74.736297,39.729838],[-74.738433,39.731203],[-74.755966,39.742113],[-74.757096,39.743006],[-74.757162,39.742976],[-74.76056,39.743952],[-74.765956,39.746381],[-74.777169,39.757443],[-74.777493,39.757763],[-74.78357,39.763757],[-74.788071,39.767404],[-74.791368,39.772004],[-74.799989,39.777909],[-74.806154,39.782922],[-74.812425,39.785287],[-74.817643,39.785806],[-74.827166,39.788583],[-74.82831,39.789101],[-74.830201,39.789993],[-74.832964,39.791519],[-74.836016,39.792061],[-74.846865,39.789398],[-74.850359,39.789192],[-74.860207,39.785915],[-74.862707,39.785215],[-74.866372,39.784856],[-74.876307,39.781415],[-74.878907,39.781515],[-74.882807,39.781615],[-74.889707,39.781615],[-74.895908,39.784015],[-74.898008,39.787115],[-74.898608,39.789115],[-74.902408,39.790515],[-74.903308,39.791015],[-74.903427,39.791431],[-74.903836,39.792863],[-74.908508,39.809014],[-74.914637,39.830883],[-74.9155,39.833962],[-74.916609,39.837814],[-74.917118,39.83985],[-74.917739,39.841687],[-74.921509,39.855414],[-74.921909,39.855714],[-74.921977,39.856069],[-74.922409,39.858314],[-74.924754,39.866511],[-74.925681,39.869719],[-74.92681,39.873513],[-74.929251,39.879989],[-74.92961,39.880913],[-74.93171,39.887013],[-74.93731,39.889913],[-74.943255,39.892817],[-74.945111,39.895113],[-74.945111,39.895513],[-74.946611,39.897013],[-74.949511,39.898113],[-74.951711,39.901313],[-74.952311,39.905713],[-74.955711,39.913113],[-74.957311,39.914213],[-74.957559,39.914614],[-74.958611,39.916313],[-74.961612,39.919013],[-74.964012,39.920513],[-74.965812,39.920613],[-74.969612,39.921613],[-74.976354,39.922557],[-74.977412,39.923313],[-74.980012,39.924513],[-74.981112,39.926113],[-74.983712,39.926913],[-74.985313,39.929912],[-74.985313,39.930212],[-74.984676,39.930708],[-74.980712,39.931112],[-74.981412,39.933612],[-74.978912,39.934112],[-74.976312,39.935412],[-74.975848,39.936278],[-74.974812,39.938212],[-74.976512,39.939712],[-74.981313,39.940312],[-74.984313,39.939712],[-74.986813,39.939812],[-74.988913,39.940912],[-74.99188,39.9405],[-74.995413,39.939712],[-74.996613,39.940312],[-74.998413,39.939912],[-75.000313,39.941312],[-75.000913,39.941812],[-75.008433,39.944574],[-75.009114,39.945112],[-75.015332,39.945962],[-75.015015,39.951941],[-75.013114,39.954212],[-75.013114,39.956412],[-75.017314,39.959312],[-75.016814,39.961112],[-75.017415,39.963412],[-75.019115,39.967512],[-75.019815,39.967912],[-75.019515,39.969112],[-75.017615,39.969212],[-75.016215,39.970012],[-75.016315,39.971412],[-75.017315,39.973312],[-75.017221,39.97392],[-75.016215,39.973812],[-75.014615,39.974812],[-75.012715,39.977912],[-75.009914,39.979912],[-75.014215,39.982512],[-75.015715,39.983112],[-75.016415,39.983812],[-75.014815,39.984112],[-75.014715,39.985312],[-75.015415,39.985912],[-75.017115,39.984712],[-75.018115,39.985512],[-75.017815,39.987912],[-75.018715,39.989412],[-75.019115,39.990012],[-75.019215,39.989812],[-75.024915,39.991012],[-75.025915,39.992712],[-75.027415,39.993712],[-75.028115,39.992112],[-75.030316,39.993112],[-75.031316,39.993212],[-75.032216,39.991512],[-75.032916,39.991912],[-75.032016,39.993712],[-75.032516,39.994412],[-75.034816,39.995912],[-75.036716,39.996212],[-75.038716,39.994812],[-75.042616,39.993512],[-75.044816,39.994812],[-75.047516,39.994112],[-75.048416,39.991712],[-75.052817,39.991812],[-75.06067341,39.99099575],[-75.067545,39.9847056],[-75.06938131,39.98302467],[-75.072017,39.980612],[-75.088618,39.975212],[-75.093718,39.974412],[-75.108119,39.970312],[-75.11922,39.965412],[-75.1241041,39.96268451],[-75.12692,39.961112],[-75.13012,39.958712],[-75.13352,39.954412],[-75.13400747,39.95279449],[-75.13500813,39.94947413],[-75.13556391,39.94762993],[-75.13572,39.947112],[-75.13572359,39.94699346],[-75.13612,39.933912],[-75.13502,39.927312],[-75.13282,39.921612],[-75.13135876,39.91912301],[-75.13012,39.917013],[-75.12792,39.911813],[-75.12909527,39.90711194],[-75.12961663,39.90502648],[-75.13082,39.900213],[-75.13342,39.896213],[-75.140221,39.888213],[-75.131406,39.884084],[-75.12752,39.880913],[-75.12762,39.880213],[-75.13202,39.878313],[-75.12642,39.874513],[-75.12562,39.873913],[-75.124454,39.874059],[-75.12402,39.874113],[-75.122319,39.873713],[-75.120719,39.872713],[-75.120919,39.871913],[-75.123219,39.872613],[-75.12422,39.871813],[-75.122757,39.869122],[-75.122119,39.866213],[-75.119519,39.864013],[-75.118119,39.863613],[-75.117319,39.864113],[-75.118519,39.865613],[-75.118419,39.866313],[-75.116322,39.865345],[-75.1149,39.864689],[-75.112919,39.862713],[-75.113319,39.861913],[-75.114919,39.862813],[-75.116319,39.862613],[-75.115669,39.861127],[-75.115619,39.861013],[-75.114119,39.859213],[-75.10977802,39.85983366],[-75.110419,39.861113],[-75.107218,39.863113],[-75.105318,39.862613],[-75.104518,39.861513],[-75.105918,39.861113],[-75.105618,39.857413],[-75.101718,39.854313],[-75.102818,39.856113],[-75.099718,39.854313],[-75.093418,39.850613],[-75.093518,39.847713],[-75.091017,39.847713],[-75.089217,39.846513],[-75.086578,39.844513],[-75.086417,39.844513],[-75.084885,39.844038],[-75.083517,39.842413],[-75.083917,39.840313],[-75.085017,39.836313],[-75.084817,39.832413],[-75.086517,39.831113],[-75.085317,39.830013],[-75.083817,39.827913],[-75.084517,39.826413],[-75.087717,39.820913],[-75.087917,39.817513],[-75.088717,39.814613],[-75.088917,39.813813],[-75.087517,39.813313],[-75.085217,39.813313],[-75.084866,39.812635],[-75.083817,39.810613],[-75.083017,39.810613],[-75.075116,39.804214],[-75.073516,39.801614],[-75.074616,39.800714],[-75.075316,39.798914],[-75.075816,39.798114],[-75.073963,39.79508],[-75.073916,39.794914],[-75.072635,39.793598],[-75.072747,39.793527],[-75.076825,39.791175],[-75.077816,39.790414],[-75.081816,39.791214],[-75.08516,39.785542],[-75.087117,39.779314],[-75.078016,39.780514],[-75.074516,39.773514],[-75.073716,39.773714],[-75.069815,39.775914],[-75.071516,39.777714],[-75.071916,39.779414],[-75.069271,39.780501],[-75.065815,39.781814],[-75.066404,39.782329],[-75.066615,39.782514],[-75.063315,39.785714],[-75.058515,39.782714],[-75.058343,39.78323],[-75.056015,39.782914],[-75.054914,39.783514],[-75.053614,39.780914],[-75.053088,39.780755],[-75.051981,39.780419],[-75.051282,39.779733],[-75.048914,39.778414],[-75.050214,39.775814],[-75.050114,39.773314],[-75.049214,39.771614],[-75.049014,39.770814],[-75.047014,39.768714],[-75.044914,39.767214],[-75.042966,39.764138],[-75.042913,39.763714],[-75.044113,39.763014],[-75.044813,39.761914],[-75.039313,39.759514],[-75.038313,39.758414],[-75.035613,39.756014],[-75.035413,39.754814],[-75.028761,39.750131],[-75.026312,39.748814],[-75.023312,39.747514],[-75.022086,39.746365],[-75.022012,39.742914],[-75.022712,39.740214],[-75.021612,39.733214],[-75.023912,39.730314],[-75.015212,39.726214],[-75.010537,39.723105],[-75.00785,39.723388],[-75.005943,39.722709],[-75.005451,39.72245],[-74.998268,39.718666],[-74.995506,39.715485],[-74.993553,39.710999],[-74.992912,39.710434],[-74.991233,39.709221],[-74.981712,39.705078],[-74.981025,39.704842],[-74.978965,39.703728],[-74.97158,39.702354],[-74.969062,39.7024],[-74.967018,39.703186],[-74.958823,39.702927],[-74.952872,39.69912],[-74.948996,39.698753],[-74.939703,39.696732],[-74.937583,39.694977],[-74.934897,39.693771],[-74.928702,39.688202],[-74.924506,39.683464],[-74.918646,39.67923],[-74.915198,39.671776],[-74.913489,39.669373],[-74.909171,39.665306],[-74.90856,39.659958],[-74.908545,39.656151],[-74.909277,39.654106],[-74.909064,39.651466],[-74.905341,39.637344],[-74.901724,39.630633],[-74.900307,39.629528],[-74.896735,39.628137],[-74.894156,39.625833],[-74.89196,39.6186],[-74.889365,39.616166],[-74.888022,39.615922],[-74.885428,39.614335],[-74.883352,39.614213],[-74.882177,39.613373],[-74.881018,39.610238],[-74.878821,39.608773],[-74.877167,39.608528],[-74.873313,39.611627],[-74.862676,39.62095],[-74.859136,39.624009],[-74.82964,39.649644],[-74.827794,39.651223],[-74.820697,39.657357],[-74.801195,39.674195],[-74.74913,39.718798],[-74.736297,39.729838]]]},"properties":{"name":"Camden=CAM","type":"county"}},
{"type":"Feature","geometry":{"type":"Polygon","coordinates":[[[-74.861178,39.323763],[-74.864565,39.324385],[-74.866096,39.32324],[-74.86789,39.318272],[-74.874613,39.312057],[-74.882114,39.308314],[-74.891514,39.262014],[-74.893715,39.251114],[-74.895035,39.245087],[-74.897097,39.234798],[-74.90701,39.230314],[-74.912868,39.228233],[-74.915282,39.226379],[-74.921079,39.225098],[-74.92255,39.224343],[-74.925523,39.21885],[-74.925317,39.218164],[-74.923994,39.217201],[-74.925378,39.210542],[-74.925114,39.203446],[-74.92585,39.197083],[-74.922264,39.188889],[-74.920734,39.188133],[-74.915999,39.188522],[-74.913676,39.188201],[-74.913665,39.188038],[-74.915559,39.184882],[-74.913678,39.181723],[-74.911914,39.180899],[-74.913297,39.178473],[-74.914679,39.177832],[-74.91482861,39.17752434],[-74.90813017,39.17573348],[-74.905181,39.174945],[-74.90490844,39.1747011],[-74.8921628,39.16329554],[-74.89189398,39.16305499],[-74.88787393,39.1594576],[-74.88760952,39.15922099],[-74.887167,39.158825],[-74.88710168,39.15803277],[-74.885914,39.143627],[-74.89218202,39.11485816],[-74.89245434,39.11360828],[-74.892547,39.113183],[-74.8953103,39.10559962],[-74.897784,39.098811],[-74.90090657,39.09277085],[-74.90097687,39.09263485],[-74.903664,39.087437],[-74.90538097,39.08484827],[-74.90853209,39.08009722],[-74.91908965,39.06417924],[-74.92576392,39.05411622],[-74.92808819,39.05061183],[-74.93548845,39.03945423],[-74.93584841,39.0389115],[-74.93634763,39.0381588],[-74.93832,39.035185],[-74.93843966,39.03497522],[-74.93848811,39.03489027],[-74.94116974,39.03018888],[-74.94311281,39.02678233],[-74.94577976,39.02210668],[-74.94614344,39.02146908],[-74.94936165,39.01582696],[-74.94937889,39.01579674],[-74.94947,39.015637],[-74.94991742,39.0145456],[-74.95246038,39.00834245],[-74.95325144,39.0064128],[-74.955363,39.001262],[-74.95660237,38.99672451],[-74.95675702,38.9961583],[-74.95745259,38.99361173],[-74.95958907,38.98578978],[-74.96022497,38.98346166],[-74.9642081,38.96887888],[-74.96450279,38.9678],[-74.96475418,38.96687962],[-74.971995,38.94037],[-74.967274,38.933413],[-74.963463,38.931194],[-74.95991515,38.93087651],[-74.933571,38.928519],[-74.92573237,38.92888659],[-74.92162049,38.92907942],[-74.920414,38.929136],[-74.9198355,38.92925972],[-74.91575295,38.9301328],[-74.91031157,38.93129649],[-74.90705,38.931994],[-74.89056908,38.93849884],[-74.88663219,38.94005268],[-74.88250937,38.94167992],[-74.882309,38.941759],[-74.870497,38.943543],[-74.86870236,38.94283043],[-74.865198,38.941439],[-74.864458,38.94041],[-74.850748,38.954538],[-74.84675783,38.95769821],[-74.82937886,38.97146233],[-74.82737701,38.97304779],[-74.82239398,38.97699434],[-74.819354,38.979402],[-74.81055369,38.98443888],[-74.807917,38.985948],[-74.80282447,38.98797341],[-74.80184411,38.98836333],[-74.792723,38.991991],[-74.78674444,38.99961749],[-74.78648479,38.99994871],[-74.786356,39.000113],[-74.78605604,39.00102171],[-74.778777,39.023073],[-74.75592101,39.0522518],[-74.74770478,39.06274094],[-74.738316,39.074727],[-74.72380285,39.08734772],[-74.71386982,39.09598553],[-74.71236577,39.09729346],[-74.71185774,39.09773525],[-74.705876,39.102937],[-74.70445489,39.10770406],[-74.704409,39.107858],[-74.714135,39.114631],[-74.71532,39.116893],[-74.714341,39.119804],[-74.70980688,39.12614359],[-74.70980548,39.12614554],[-74.70712767,39.12988966],[-74.70556411,39.13207581],[-74.70275535,39.13600301],[-74.70026264,39.13948831],[-74.69296408,39.14969313],[-74.6899859,39.15385722],[-74.68954014,39.15448046],[-74.67337302,39.17708528],[-74.67143,39.179802],[-74.67022542,39.18093359],[-74.66955464,39.18156373],[-74.6524998,39.19758523],[-74.651443,39.198578],[-74.64806034,39.20794451],[-74.64712041,39.21054715],[-74.646595,39.212002],[-74.636306,39.220834],[-74.63596924,39.22120162],[-74.63208546,39.22544131],[-74.61971371,39.23894677],[-74.61507757,39.24400776],[-74.61473523,39.24438147],[-74.614481,39.244659],[-74.61399878,39.24507227],[-74.6086076,39.24969254],[-74.59924781,39.25771392],[-74.597921,39.258851],[-74.58938825,39.26488895],[-74.58772285,39.26606743],[-74.58635713,39.26703384],[-74.58632572,39.26705607],[-74.58349166,39.26906151],[-74.581008,39.270819],[-74.58040924,39.27105365],[-74.57666705,39.27252022],[-74.57078691,39.27482465],[-74.56705603,39.27628679],[-74.56508703,39.27705844],[-74.56318997,39.2778019],[-74.56133466,39.278529],[-74.560957,39.278677],[-74.56044415,39.27923897],[-74.56012742,39.27958602],[-74.55962793,39.28013336],[-74.55761162,39.28234276],[-74.5565217,39.28353706],[-74.55521179,39.28497243],[-74.553439,39.286915],[-74.55212931,39.2907067],[-74.55121776,39.29334572],[-74.554431,39.295523],[-74.556543,39.297507],[-74.556399,39.298915],[-74.566158,39.298687],[-74.570799,39.300115],[-74.5835,39.308815],[-74.5866,39.309915],[-74.587081,39.309892],[-74.5907,39.309715],[-74.596901,39.306315],[-74.602901,39.302715],[-74.618202,39.293415],[-74.622702,39.292315],[-74.626202,39.292915],[-74.63365,39.295347],[-74.640354,39.295955],[-74.644563,39.295011],[-74.646675,39.293459],[-74.648083,39.291586],[-74.649171,39.289779],[-74.651939,39.288595],[-74.657235,39.289475],[-74.658899,39.290451],[-74.659214,39.291177],[-74.659244,39.291561],[-74.657523,39.296019],[-74.658003,39.297203],[-74.667556,39.297587],[-74.669956,39.296995],[-74.670484,39.295939],[-74.671108,39.291267],[-74.673076,39.289331],[-74.674404,39.289139],[-74.67506,39.289779],[-74.675236,39.290595],[-74.674004,39.292691],[-74.673732,39.294227],[-74.67578,39.296819],[-74.676724,39.297251],[-74.698165,39.289203],[-74.699973,39.289699],[-74.700422,39.290856],[-74.702037,39.294179],[-74.703349,39.294627],[-74.712566,39.293507],[-74.714518,39.291667],[-74.717366,39.292435],[-74.71983,39.294243],[-74.719478,39.296467],[-74.731607,39.298419],[-74.737047,39.298419],[-74.740647,39.295539],[-74.746183,39.294595],[-74.750261,39.295056],[-74.751854,39.295064],[-74.752439,39.295151],[-74.752865,39.297655],[-74.754027,39.299105],[-74.758384,39.299317],[-74.762557,39.296947],[-74.764554,39.296768],[-74.765221,39.297114],[-74.766089,39.299327],[-74.777191,39.302626],[-74.779126,39.304835],[-74.784586,39.307296],[-74.787313,39.306785],[-74.795365,39.307175],[-74.797439,39.306657],[-74.802919,39.307184],[-74.807014,39.304987],[-74.810519,39.306155],[-74.818798,39.306269],[-74.820311,39.306723],[-74.820517,39.306647],[-74.825073,39.305329],[-74.829729,39.308923],[-74.829994,39.309861],[-74.831055,39.310868],[-74.837244,39.314781],[-74.840456,39.315261],[-74.843933,39.315969],[-74.844817,39.316038],[-74.849708,39.316265],[-74.854011,39.317935],[-74.860819,39.319328],[-74.861232,39.320083],[-74.861178,39.323763]]]},"properties":{"name":"CapeMay=CMY","type":"county"}},
{"type":"Feature","geometry":{"type":"Polygon","coordinates":[[[-74.985053,39.514839],[-74.995617,39.522215],[-74.997017,39.523115],[-74.997417,39.523415],[-75.018718,39.538415],[-75.022918,39.541515],[-75.034319,39.549415],[-75.046282,39.557787],[-75.050019,39.560515],[-75.054919,39.563715],[-75.056124,39.564652],[-75.056142,39.564666],[-75.057025,39.565326],[-75.05841,39.56628],[-75.05962,39.567115],[-75.06055,39.567792],[-75.06182,39.568715],[-75.06642,39.560815],[-75.06662,39.556215],[-75.06792,39.555515],[-75.069821,39.553115],[-75.071021,39.550315],[-75.071521,39.548815],[-75.074421,39.544415],[-75.071121,39.540015],[-75.071521,39.536715],[-75.072321,39.535715],[-75.072322,39.524115],[-75.073022,39.521915],[-75.074522,39.520415],[-75.077922,39.504015],[-75.079054,39.502218],[-75.076422,39.495615],[-75.075086,39.493261],[-75.074322,39.491915],[-75.075222,39.488415],[-75.074922,39.482115],[-75.081923,39.466915],[-75.081023,39.462415],[-75.083823,39.457715],[-75.113425,39.477415],[-75.123825,39.484415],[-75.128825,39.487715],[-75.148902,39.501221],[-75.153539,39.504153],[-75.174264,39.517456],[-75.174295,39.517403],[-75.186288,39.525131],[-75.188531,39.526549],[-75.220532,39.547013],[-75.239529,39.559188],[-75.23988,39.558829],[-75.249631,39.549653],[-75.27087,39.531467],[-75.278133,39.52516],[-75.286887,39.517697],[-75.288528,39.516287],[-75.295144,39.510754],[-75.304933,39.503491],[-75.307009,39.501308],[-75.310435,39.498214],[-75.31824,39.491416],[-75.32062,39.490951],[-75.324236,39.489214],[-75.326525,39.488037],[-75.337115,39.489554],[-75.337985,39.490248],[-75.341846,39.490241],[-75.343937,39.488413],[-75.345462,39.483992],[-75.349399,39.479483],[-75.349964,39.478262],[-75.350726,39.475684],[-75.350537,39.474113],[-75.350939,39.471381],[-75.351337,39.470513],[-75.351437,39.470313],[-75.356953,39.469702],[-75.362889,39.46395],[-75.36382,39.461119],[-75.366383,39.457282],[-75.369572,39.455504],[-75.373677,39.45439],[-75.374639,39.454513],[-75.374949,39.455305],[-75.37663,39.456547],[-75.381134,39.458238],[-75.386566,39.457838],[-75.394081,39.459798],[-75.398622,39.46156],[-75.401308,39.461739],[-75.402825,39.461316],[-75.407791,39.458727],[-75.414305,39.453054],[-75.414662,39.451468],[-75.414041,39.45064],[-75.413409,39.450585],[-75.411476,39.447429],[-75.409571,39.443136],[-75.409389,39.437544],[-75.411556,39.433669],[-75.41290763,39.43348361],[-75.416559,39.434273],[-75.417908,39.43364],[-75.418821,39.432301],[-75.417678,39.429693],[-75.415275,39.428791],[-75.41438,39.428944],[-75.41207279,39.43099556],[-75.410851,39.430968],[-75.410106,39.43017],[-75.408174,39.424279],[-75.408753,39.423785],[-75.411984,39.423501],[-75.412338,39.422173],[-75.411203,39.42038],[-75.414755,39.419502],[-75.418797,39.415119],[-75.419562,39.413255],[-75.419407,39.411212],[-75.415187,39.407729],[-75.411812,39.407302],[-75.411286,39.408442],[-75.409767,39.408702],[-75.405354,39.407636],[-75.405033,39.406597],[-75.408584,39.402746],[-75.41124,39.400755],[-75.409882,39.399362],[-75.407372,39.398032],[-75.407456,39.395951],[-75.409361,39.394913],[-75.411584,39.394636],[-75.416865,39.395862],[-75.417746,39.395217],[-75.417999,39.394316],[-75.417798,39.393225],[-75.414797,39.390786],[-75.417288,39.388671],[-75.4169,39.387326],[-75.413633,39.384314],[-75.412703,39.384095],[-75.411956,39.38479],[-75.411392,39.387043],[-75.410836,39.387433],[-75.408619,39.387307],[-75.40718938,39.3819222],[-75.40285313,39.38058471],[-75.39969386,39.37961025],[-75.399304,39.37949],[-75.39919767,39.3792813],[-75.39768207,39.37630672],[-75.395181,39.371398],[-75.39505796,39.37029137],[-75.3948362,39.36829681],[-75.394331,39.363753],[-75.39003,39.358259],[-75.365016,39.341388],[-75.36136733,39.34387047],[-75.35809148,39.34609928],[-75.355558,39.347823],[-75.341969,39.348697],[-75.333743,39.345335],[-75.32927,39.34101513],[-75.327463,39.33927],[-75.32735468,39.33823157],[-75.326754,39.332473],[-75.32200881,39.32348619],[-75.315201,39.310593],[-75.30601,39.301712],[-75.29212536,39.29184946],[-75.288898,39.289557],[-75.285333,39.292212],[-75.28262,39.299055],[-75.28155788,39.29953682],[-75.271629,39.304041],[-75.26782857,39.30324959],[-75.26262381,39.30216573],[-75.25370849,39.30030918],[-75.251806,39.299913],[-75.25170799,39.299726],[-75.25144463,39.29922348],[-75.244357,39.2857],[-75.24371315,39.28346397],[-75.242881,39.280574],[-75.244056,39.27769],[-75.241639,39.274097],[-75.24112473,39.27389676],[-75.23598127,39.27189404],[-75.22428023,39.26733799],[-75.22045258,39.26584761],[-75.21251,39.262755],[-75.21194953,39.26274354],[-75.205857,39.262619],[-75.177506,39.242746],[-75.170444,39.234643],[-75.164798,39.216606],[-75.1653583,39.2096015],[-75.165979,39.201842],[-75.15763062,39.1950555],[-75.14863853,39.18774572],[-75.139136,39.180021],[-75.136548,39.179425],[-75.12707,39.189766],[-75.12249896,39.19636474],[-75.114748,39.207554],[-75.11092115,39.20952794],[-75.10797888,39.2110456],[-75.107286,39.211403],[-75.101019,39.211657],[-75.09630951,39.21053051],[-75.086395,39.208159],[-75.062506,39.213564],[-75.052326,39.213609],[-75.047797,39.211702],[-75.04458655,39.21369558],[-75.041663,39.215511],[-75.035672,39.215415],[-75.03029835,39.2121981],[-75.026376,39.20985],[-75.02617943,39.20951163],[-75.02578613,39.20883463],[-75.023437,39.204791],[-75.023586,39.202594],[-75.027824,39.199482],[-75.028885,39.19456],[-75.026179,39.193621],[-75.01072921,39.1923226],[-74.99822549,39.19127178],[-74.998002,39.191253],[-74.98754042,39.19174297],[-74.97754908,39.19221091],[-74.976266,39.192271],[-74.97592939,39.19222171],[-74.97212025,39.19166395],[-74.96555613,39.19070278],[-74.962382,39.190238],[-74.96063294,39.18977038],[-74.93561382,39.18308138],[-74.91490486,39.17754473],[-74.91482861,39.17752434],[-74.914679,39.177832],[-74.913297,39.178473],[-74.911914,39.180899],[-74.913678,39.181723],[-74.915559,39.184882],[-74.913665,39.188038],[-74.913676,39.188201],[-74.915999,39.188522],[-74.920734,39.188133],[-74.922264,39.188889],[-74.92585,39.197083],[-74.925114,39.203446],[-74.925378,39.210542],[-74.923994,39.217201],[-74.925317,39.218164],[-74.925523,39.21885],[-74.92255,39.224343],[-74.921079,39.225098],[-74.915282,39.226379],[-74.912868,39.228233],[-74.90701,39.230314],[-74.897097,39.234798],[-74.895035,39.245087],[-74.893715,39.251114],[-74.891514,39.262014],[-74.882114,39.308314],[-74.874613,39.312057],[-74.86789,39.318272],[-74.866096,39.32324],[-74.864565,39.324385],[-74.861178,39.323763],[-74.862356,39.32656],[-74.863979,39.328757],[-74.864723,39.33901],[-74.863548,39.34519],[-74.859664,39.35453],[-74.859757,39.361328],[-74.858786,39.364098],[-74.853718,39.371927],[-74.852865,39.375115],[-74.851984,39.380955],[-74.852192,39.384251],[-74.855794,39.390269],[-74.857921,39.395533],[-74.857659,39.401026],[-74.857129,39.402765],[-74.853179,39.407711],[-74.852562,39.411854],[-74.853095,39.41547],[-74.85695,39.420711],[-74.855697,39.424578],[-74.861864,39.428702],[-74.865682,39.431255],[-74.874613,39.43722],[-74.881113,39.442415],[-74.897414,39.452315],[-74.903864,39.457263],[-74.911677,39.463256],[-74.921415,39.470215],[-74.927015,39.474215],[-74.943916,39.485915],[-74.971355,39.505185],[-74.974217,39.506915],[-74.982717,39.513015],[-74.985053,39.514839]]]},"properties":{"name":"Cumberland=CUMB","type":"county"}},
{"type":"Feature","geometry":{"type":"Polygon","coordinates":[[[-74.272057,40.897421],[-74.272692,40.897298],[-74.275892,40.896998],[-74.279484,40.897827],[-74.283792,40.894898],[-74.286692,40.898898],[-74.281792,40.900198],[-74.282692,40.901198],[-74.286792,40.900798],[-74.289392,40.899398],[-74.290692,40.899498],[-74.292292,40.900498],[-74.292392,40.901198],[-74.291492,40.901898],[-74.292292,40.903298],[-74.292192,40.905598],[-74.295293,40.906198],[-74.301293,40.904598],[-74.303493,40.904498],[-74.305593,40.905298],[-74.318993,40.903298],[-74.322994,40.907098],[-74.323094,40.908898],[-74.329395,40.908599],[-74.330995,40.908099],[-74.334295,40.905399],[-74.336304,40.900616],[-74.334492,40.897389],[-74.334294,40.896398],[-74.337994,40.895998],[-74.338994,40.893698],[-74.336494,40.893598],[-74.335994,40.892998],[-74.338594,40.892398],[-74.339694,40.890398],[-74.339794,40.888599],[-74.338294,40.887499],[-74.339894,40.882199],[-74.340394,40.879299],[-74.335294,40.877599],[-74.335294,40.876599],[-74.337794,40.875799],[-74.338194,40.870099],[-74.337794,40.868099],[-74.336494,40.866399],[-74.336094,40.867599],[-74.334094,40.867999],[-74.332894,40.867899],[-74.331494,40.866799],[-74.321593,40.863999],[-74.320293,40.865899],[-74.318893,40.865799],[-74.317793,40.864899],[-74.319593,40.858299],[-74.323593,40.858199],[-74.325694,40.856999],[-74.325194,40.854199],[-74.327494,40.850099],[-74.329794,40.849099],[-74.328694,40.844599],[-74.326494,40.844199],[-74.325994,40.843599],[-74.327894,40.841599],[-74.329694,40.841499],[-74.329194,40.838299],[-74.330294,40.834999],[-74.329094,40.831699],[-74.329494,40.831099],[-74.333194,40.829599],[-74.335194,40.827499],[-74.332394,40.821899],[-74.334494,40.818499],[-74.338194,40.813799],[-74.341394,40.812699],[-74.344094,40.813699],[-74.349694,40.812299],[-74.350894,40.809299],[-74.351194,40.8068],[-74.354294,40.8051],[-74.358995,40.8007],[-74.359695,40.7998],[-74.361595,40.8001],[-74.364295,40.7991],[-74.364695,40.7974],[-74.366439,40.79459],[-74.367095,40.7803],[-74.368995,40.7791],[-74.369995,40.7776],[-74.370995,40.7746],[-74.369895,40.7715],[-74.370295,40.7667],[-74.371195,40.764],[-74.373995,40.7627],[-74.375895,40.7628],[-74.377695,40.7614],[-74.375495,40.7606],[-74.375595,40.7586],[-74.374895,40.7579],[-74.369095,40.7607],[-74.367695,40.7609],[-74.367795,40.7582],[-74.361695,40.7558],[-74.358094,40.7563],[-74.357594,40.7548],[-74.360194,40.7511],[-74.363495,40.7505],[-74.364795,40.7498],[-74.367195,40.7494],[-74.367795,40.7487],[-74.364995,40.7468],[-74.366495,40.7441],[-74.369295,40.7428],[-74.371095,40.7442],[-74.372195,40.7437],[-74.372695,40.741],[-74.371895,40.7393],[-74.371395,40.7394],[-74.369895,40.7389],[-74.370295,40.7394],[-74.367695,40.7385],[-74.367097,40.738337],[-74.365495,40.7377],[-74.363495,40.7373],[-74.363395,40.7375],[-74.356394,40.7349],[-74.356074,40.734654],[-74.355094,40.7339],[-74.352894,40.733001],[-74.352794,40.732501],[-74.351194,40.731301],[-74.348794,40.730101],[-74.341194,40.724301],[-74.339894,40.723901],[-74.338794,40.723401],[-74.332093,40.720201],[-74.325693,40.717201],[-74.322693,40.718401],[-74.320993,40.719101],[-74.318993,40.719201],[-74.315993,40.719201],[-74.308792,40.714501],[-74.306992,40.714001],[-74.304447,40.713479],[-74.303692,40.713301],[-74.302092,40.713301],[-74.300792,40.713901],[-74.299892,40.714301],[-74.298692,40.714801],[-74.297692,40.715401],[-74.297492,40.716101],[-74.295192,40.716601],[-74.294592,40.717501],[-74.294592,40.718101],[-74.294192,40.719301],[-74.292292,40.721201],[-74.290792,40.721301],[-74.285492,40.722101],[-74.284792,40.721901],[-74.283692,40.721601],[-74.279191,40.720301],[-74.278391,40.720101],[-74.277291,40.719701],[-74.276991,40.719701],[-74.276191,40.719401],[-74.274143,40.718809],[-74.272091,40.718101],[-74.269891,40.717501],[-74.269391,40.717301],[-74.267391,40.716701],[-74.266531,40.716449],[-74.263291,40.715501],[-74.262591,40.715201],[-74.260291,40.714601],[-74.256291,40.713301],[-74.255791,40.713301],[-74.252191,40.712601],[-74.24889,40.712001],[-74.245861,40.711444],[-74.24579,40.711401],[-74.24459,40.711201],[-74.24419,40.711101],[-74.24349,40.711101],[-74.238448,40.709965],[-74.236765,40.709651],[-74.233012,40.709061],[-74.231977,40.708881],[-74.229211,40.708402],[-74.228149,40.708219],[-74.22689,40.708001],[-74.22609,40.707801],[-74.22329,40.707401],[-74.222082,40.706988],[-74.220798,40.70601],[-74.22039,40.705701],[-74.21919,40.704801],[-74.213389,40.700801],[-74.212289,40.699102],[-74.209042,40.690428],[-74.208589,40.690202],[-74.207589,40.689702],[-74.204189,40.688002],[-74.201889,40.686702],[-74.198489,40.686902],[-74.197489,40.687002],[-74.193289,40.687202],[-74.192789,40.687302],[-74.179288,40.688302],[-74.169688,40.688602],[-74.168088,40.689902],[-74.165188,40.690202],[-74.163088,40.689702],[-74.161788,40.689602],[-74.159088,40.686302],[-74.154288,40.685902],[-74.147687,40.681302],[-74.136387,40.674802],[-74.131403,40.680902],[-74.122911,40.691172],[-74.117187,40.697902],[-74.114559,40.701072],[-74.112787,40.703102],[-74.117057,40.710381],[-74.120287,40.715901],[-74.121387,40.721001],[-74.120987,40.722901],[-74.118087,40.732501],[-74.117487,40.735101],[-74.118287,40.740001],[-74.121187,40.741701],[-74.122787,40.742101],[-74.137492,40.741398],[-74.142688,40.739301],[-74.145288,40.735701],[-74.148066,40.734292],[-74.151188,40.733901],[-74.152164,40.733814],[-74.153997,40.733651],[-74.155688,40.733501],[-74.161688,40.735801],[-74.161953,40.735999],[-74.163788,40.739201],[-74.165101,40.742783],[-74.165988,40.745201],[-74.166088,40.747401],[-74.165988,40.748001],[-74.165467,40.751023],[-74.164821,40.754615],[-74.164529,40.756298],[-74.162149,40.761373],[-74.158402,40.76526],[-74.157747,40.76603],[-74.157688,40.7661],[-74.157406,40.766608],[-74.156369,40.768896],[-74.155798,40.770815],[-74.15327,40.774185],[-74.150406,40.776862],[-74.14841,40.779404],[-74.148288,40.7797],[-74.147588,40.7864],[-74.144397,40.790881],[-74.142959,40.792449],[-74.142838,40.792581],[-74.141024,40.794896],[-74.138729,40.798297],[-74.139984,40.803923],[-74.13986,40.805424],[-74.139898,40.80564],[-74.138988,40.807081],[-74.138687,40.8111],[-74.138201,40.813251],[-74.137692,40.815506],[-74.133063,40.819162],[-74.13161,40.819545],[-74.130031,40.819962],[-74.139587,40.8253],[-74.143988,40.8277],[-74.145188,40.8284],[-74.148088,40.8299],[-74.151188,40.831599],[-74.151788,40.831999],[-74.158488,40.835639],[-74.158488,40.835699],[-74.161925,40.837481],[-74.162621,40.837855],[-74.179032,40.846758],[-74.179789,40.847199],[-74.181089,40.847899],[-74.182689,40.848799],[-74.185289,40.850199],[-74.191989,40.854199],[-74.197589,40.857199],[-74.197089,40.858099],[-74.196489,40.859799],[-74.201189,40.861799],[-74.202089,40.859599],[-74.205389,40.861199],[-74.206645,40.861901],[-74.20909,40.863399],[-74.21259,40.865199],[-74.21509,40.866499],[-74.22279,40.870699],[-74.22329,40.871099],[-74.224314,40.871645],[-74.22479,40.871899],[-74.228701,40.873941],[-74.229052,40.874136],[-74.230657,40.875099],[-74.230723,40.875099],[-74.23159,40.875599],[-74.23429,40.876899],[-74.23503,40.877361],[-74.237449,40.878649],[-74.238054,40.879048],[-74.239632,40.87988],[-74.240991,40.880299],[-74.242391,40.880499],[-74.244991,40.880699],[-74.246691,40.880799],[-74.252791,40.881599],[-74.254491,40.883099],[-74.258291,40.883099],[-74.262424,40.885322],[-74.264591,40.887098],[-74.265791,40.892398],[-74.266991,40.894698],[-74.272057,40.897421]]]},"properties":{"name":"Essex=ESS","type":"county"}},
{"type":"Feature","geometry":{"type":"Polygon","coordinates":[[[-75.140221,39.888213],[-75.142421,39.886413],[-75.145421,39.884213],[-75.150721,39.882713],[-75.183023,39.882013],[-75.189323,39.880713],[-75.19503697,39.87718998],[-75.19503735,39.87718974],[-75.195324,39.877013],[-75.20025992,39.87338485],[-75.210425,39.865913],[-75.221025,39.861113],[-75.22871,39.858643],[-75.235026,39.856613],[-75.243431,39.854597],[-75.25716824,39.85204207],[-75.271159,39.84944],[-75.27314256,39.84938125],[-75.293376,39.848782],[-75.309674,39.850179],[-75.323232,39.849812],[-75.330433,39.849012],[-75.341765,39.846082],[-75.34568083,39.84417135],[-75.3486587,39.84271835],[-75.3544,39.839917],[-75.37171656,39.82769559],[-75.371835,39.827612],[-75.390536,39.815312],[-75.3984827,39.81061658],[-75.39983512,39.80981748],[-75.403737,39.807512],[-75.40516478,39.80678876],[-75.415041,39.801786],[-75.405337,39.796213],[-75.437938,39.783413],[-75.448639,39.774113],[-75.448135,39.773969],[-75.440022,39.780161],[-75.435782,39.781905],[-75.430582,39.783121],[-75.412533,39.784849],[-75.409013,39.787505],[-75.407989,39.787473],[-75.396324,39.774241],[-75.395172,39.773841],[-75.39522,39.772593],[-75.396932,39.769841],[-75.400212,39.767761],[-75.401812,39.767761],[-75.402756,39.768337],[-75.403316,39.769441],[-75.404404,39.769425],[-75.405988,39.764257],[-75.405812,39.763121],[-75.403988,39.761441],[-75.395835,39.76142],[-75.392253,39.760443],[-75.390003,39.756747],[-75.390188,39.755926],[-75.392212,39.754641],[-75.394468,39.755649],[-75.395911,39.754323],[-75.392356,39.752104],[-75.387636,39.752098],[-75.386659,39.751137],[-75.387443,39.750097],[-75.387187,39.748433],[-75.385907,39.746961],[-75.380019,39.748097],[-75.378411,39.745763],[-75.375459,39.73957],[-75.374819,39.736945],[-75.374723,39.734481],[-75.376083,39.731249],[-75.376787,39.726545],[-75.375203,39.725009],[-75.373131,39.723905],[-75.366547,39.720433],[-75.362995,39.716225],[-75.360787,39.716241],[-75.360079,39.713186],[-75.359939,39.713009],[-75.358866,39.713761],[-75.349762,39.711233],[-75.348082,39.709969],[-75.34557,39.706305],[-75.336498,39.704145],[-75.332945,39.699217],[-75.327041,39.696593],[-75.326673,39.690577],[-75.326049,39.689841],[-75.324129,39.689521],[-75.323089,39.690161],[-75.320933,39.691122],[-75.317105,39.691089],[-75.314465,39.688865],[-75.306304,39.689361],[-75.295248,39.685921],[-75.293216,39.684545],[-75.285823,39.679505],[-75.266398,39.682097],[-75.25795,39.679603],[-75.253966,39.678961],[-75.25163,39.676929],[-75.250478,39.673137],[-75.25075,39.670113],[-75.249854,39.667665],[-75.247921,39.66464],[-75.236643,39.662742],[-75.235789,39.662215],[-75.235651,39.662124],[-75.233256,39.661506],[-75.224649,39.663123],[-75.220865,39.661887],[-75.219079,39.662093],[-75.213143,39.664298],[-75.211586,39.664145],[-75.210533,39.664123],[-75.208199,39.665168],[-75.200111,39.667007],[-75.195823,39.663436],[-75.192481,39.661368],[-75.187156,39.65766],[-75.176596,39.650313],[-75.176092,39.649955],[-75.174872,39.649108],[-75.157125,39.636558],[-75.134098,39.620383],[-75.124622,39.613614],[-75.106111,39.600273],[-75.100641,39.59633],[-75.100621,39.596315],[-75.095821,39.592815],[-75.087621,39.586915],[-75.086321,39.586115],[-75.07702,39.579415],[-75.06182,39.568715],[-75.06055,39.567792],[-75.05962,39.567115],[-75.05841,39.56628],[-75.057025,39.565326],[-75.056142,39.564666],[-75.056124,39.564652],[-75.054919,39.563715],[-75.050019,39.560515],[-75.046282,39.557787],[-75.034319,39.549415],[-75.022918,39.541515],[-75.018718,39.538415],[-74.997417,39.523415],[-74.997017,39.523115],[-74.995617,39.522215],[-74.985053,39.514839],[-74.982375,39.517283],[-74.979267,39.520121],[-74.970208,39.528099],[-74.95624,39.540124],[-74.955759,39.540531],[-74.953115,39.54289],[-74.94403,39.550867],[-74.937134,39.556723],[-74.926237,39.566179],[-74.911596,39.578641],[-74.906666,39.583049],[-74.90558,39.58394],[-74.903868,39.585428],[-74.903244,39.585988],[-74.902588,39.586564],[-74.896315,39.591924],[-74.884587,39.602132],[-74.882411,39.603988],[-74.877167,39.608528],[-74.878821,39.608773],[-74.881018,39.610238],[-74.882177,39.613373],[-74.883352,39.614213],[-74.885428,39.614335],[-74.888022,39.615922],[-74.889365,39.616166],[-74.89196,39.6186],[-74.894156,39.625833],[-74.896735,39.628137],[-74.900307,39.629528],[-74.901724,39.630633],[-74.905341,39.637344],[-74.909064,39.651466],[-74.909277,39.654106],[-74.908545,39.656151],[-74.90856,39.659958],[-74.909171,39.665306],[-74.913489,39.669373],[-74.915198,39.671776],[-74.918646,39.67923],[-74.924506,39.683464],[-74.928702,39.688202],[-74.934897,39.693771],[-74.937583,39.694977],[-74.939703,39.696732],[-74.948996,39.698753],[-74.952872,39.69912],[-74.958823,39.702927],[-74.967018,39.703186],[-74.969062,39.7024],[-74.97158,39.702354],[-74.978965,39.703728],[-74.981025,39.704842],[-74.981712,39.705078],[-74.991233,39.709221],[-74.992912,39.710434],[-74.993553,39.710999],[-74.995506,39.715485],[-74.998268,39.718666],[-75.005451,39.72245],[-75.005943,39.722709],[-75.00785,39.723388],[-75.010537,39.723105],[-75.015212,39.726214],[-75.023912,39.730314],[-75.021612,39.733214],[-75.022712,39.740214],[-75.022012,39.742914],[-75.022086,39.746365],[-75.023312,39.747514],[-75.026312,39.748814],[-75.028761,39.750131],[-75.035413,39.754814],[-75.035613,39.756014],[-75.038313,39.758414],[-75.039313,39.759514],[-75.044813,39.761914],[-75.044113,39.763014],[-75.042913,39.763714],[-75.042966,39.764138],[-75.044914,39.767214],[-75.047014,39.768714],[-75.049014,39.770814],[-75.049214,39.771614],[-75.050114,39.773314],[-75.050214,39.775814],[-75.048914,39.778414],[-75.051282,39.779733],[-75.051981,39.780419],[-75.053088,39.780755],[-75.053614,39.780914],[-75.054914,39.783514],[-75.056015,39.782914],[-75.058343,39.78323],[-75.058515,39.782714],[-75.063315,39.785714],[-75.066615,39.782514],[-75.066404,39.782329],[-75.065815,39.781814],[-75.069271,39.780501],[-75.071916,39.779414],[-75.071516,39.777714],[-75.069815,39.775914],[-75.073716,39.773714],[-75.074516,39.773514],[-75.078016,39.780514],[-75.087117,39.779314],[-75.08516,39.785542],[-75.081816,39.791214],[-75.077816,39.790414],[-75.076825,39.791175],[-75.072747,39.793527],[-75.072635,39.793598],[-75.073916,39.794914],[-75.073963,39.79508],[-75.075816,39.798114],[-75.075316,39.798914],[-75.074616,39.800714],[-75.073516,39.801614],[-75.075116,39.804214],[-75.083017,39.810613],[-75.083817,39.810613],[-75.084866,39.812635],[-75.085217,39.813313],[-75.087517,39.813313],[-75.088917,39.813813],[-75.088717,39.814613],[-75.087917,39.817513],[-75.087717,39.820913],[-75.084517,39.826413],[-75.083817,39.827913],[-75.085317,39.830013],[-75.086517,39.831113],[-75.084817,39.832413],[-75.085017,39.836313],[-75.083917,39.840313],[-75.083517,39.842413],[-75.084885,39.844038],[-75.086417,39.844513],[-75.086578,39.844513],[-75.089217,39.846513],[-75.091017,39.847713],[-75.093518,39.847713],[-75.093418,39.850613],[-75.099718,39.854313],[-75.102818,39.856113],[-75.101718,39.854313],[-75.105618,39.857413],[-75.105918,39.861113],[-75.104518,39.861513],[-75.105318,39.862613],[-75.107218,39.863113],[-75.110419,39.861113],[-75.10977802,39.85983366],[-75.114119,39.859213],[-75.115619,39.861013],[-75.115669,39.861127],[-75.116319,39.862613],[-75.114919,39.862813],[-75.113319,39.861913],[-75.112919,39.862713],[-75.1149,39.864689],[-75.116322,39.865345],[-75.118419,39.866313],[-75.118519,39.865613],[-75.117319,39.864113],[-75.118119,39.863613],[-75.119519,39.864013],[-75.122119,39.866213],[-75.122757,39.869122],[-75.12422,39.871813],[-75.123219,39.872613],[-75.120919,39.871913],[-75.120719,39.872713],[-75.122319,39.873713],[-75.12402,39.874113],[-75.124454,39.874059],[-75.12562,39.873913],[-75.12642,39.874513],[-75.13202,39.878313],[-75.12762,39.880213],[-75.12752,39.880913],[-75.131406,39.884084],[-75.140221,39.888213]]]},"properties":{"name":"Gloucester=GLO","type":"county"}},
{"type":"Feature","geometry":{"type":"Polygon","coordinates":[[[-73.98480523,40.79746805],[-73.993783,40.8012],[-73.993083,40.8057],[-73.993462,40.805907],[-73.994183,40.8063],[-73.995683,40.8071],[-73.997883,40.8084],[-74.000983,40.8101],[-74.002583,40.8108],[-74.004083,40.8116],[-74.005183,40.8122],[-74.008044,40.813674],[-74.009983,40.8145],[-74.011342,40.815232],[-74.012583,40.8159],[-74.013183,40.8182],[-74.011783,40.8185],[-74.010983,40.8205],[-74.012183,40.8219],[-74.013602,40.822636],[-74.016641,40.823618],[-74.020581,40.818701],[-74.024887,40.816273],[-74.024727,40.8159],[-74.024527,40.815199],[-74.027421,40.816608],[-74.028573,40.816449],[-74.028684,40.8128],[-74.032084,40.8129],[-74.032123,40.812857],[-74.036647,40.80794],[-74.044977,40.807702],[-74.060622,40.805709],[-74.060685,40.8057],[-74.067385,40.8006],[-74.068585,40.7986],[-74.071485,40.7972],[-74.076786,40.796],[-74.077786,40.7928],[-74.081886,40.7877],[-74.083286,40.7863],[-74.089186,40.78],[-74.090086,40.7786],[-74.090316,40.775819],[-74.088077,40.767542],[-74.090694,40.762114],[-74.093486,40.763201],[-74.094086,40.762401],[-74.095486,40.762301],[-74.099086,40.767701],[-74.097886,40.769901],[-74.100886,40.7759],[-74.109487,40.7774],[-74.110887,40.7768],[-74.112887,40.7758],[-74.113887,40.7745],[-74.113787,40.7733],[-74.115787,40.7711],[-74.118187,40.7701],[-74.120087,40.7703],[-74.120844,40.771057],[-74.124387,40.7721],[-74.127587,40.7715],[-74.127687,40.7722],[-74.129687,40.7762],[-74.130387,40.7776],[-74.132387,40.7786],[-74.133187,40.7791],[-74.134787,40.7798],[-74.136387,40.7806],[-74.137087,40.7811],[-74.13846,40.781722],[-74.138766,40.781895],[-74.14043,40.782762],[-74.141241,40.783185],[-74.142588,40.7838],[-74.147588,40.7864],[-74.148288,40.7797],[-74.14841,40.779404],[-74.150406,40.776862],[-74.15327,40.774185],[-74.155798,40.770815],[-74.156369,40.768896],[-74.157406,40.766608],[-74.157688,40.7661],[-74.157747,40.76603],[-74.158402,40.76526],[-74.162149,40.761373],[-74.164529,40.756298],[-74.164821,40.754615],[-74.165467,40.751023],[-74.165988,40.748001],[-74.166088,40.747401],[-74.165988,40.745201],[-74.165101,40.742783],[-74.163788,40.739201],[-74.161953,40.735999],[-74.161688,40.735801],[-74.155688,40.733501],[-74.153997,40.733651],[-74.152164,40.733814],[-74.151188,40.733901],[-74.148066,40.734292],[-74.145288,40.735701],[-74.142688,40.739301],[-74.137492,40.741398],[-74.122787,40.742101],[-74.121187,40.741701],[-74.118287,40.740001],[-74.117487,40.735101],[-74.118087,40.732501],[-74.120987,40.722901],[-74.121387,40.721001],[-74.120287,40.715901],[-74.117057,40.710381],[-74.112787,40.703102],[-74.114559,40.701072],[-74.117187,40.697902],[-74.122911,40.691172],[-74.131403,40.680902],[-74.136387,40.674802],[-74.13822,40.672699],[-74.140108,40.670421],[-74.152387,40.655603],[-74.160288,40.645903],[-74.16110459,40.64405613],[-74.143387,40.641903],[-74.14230384,40.64207437],[-74.13409698,40.64337279],[-74.12557929,40.64472039],[-74.12028753,40.64555761],[-74.1121344,40.64684753],[-74.1083999,40.64743837],[-74.094086,40.649703],[-74.08739718,40.65360672],[-74.089986,40.659903],[-74.08724305,40.66515994],[-74.08394221,40.67148608],[-74.082786,40.673702],[-74.08238303,40.67403934],[-74.07461397,40.68054317],[-74.07134029,40.68328371],[-74.07008241,40.68433674],[-74.07006825,40.6843486],[-74.069885,40.684502],[-74.06795934,40.68566563],[-74.05778009,40.69181673],[-74.05619195,40.69277641],[-74.051185,40.695802],[-74.04326645,40.70515562],[-74.04246035,40.70610781],[-74.04030029,40.70865933],[-74.0394372,40.70967884],[-74.038538,40.710741],[-74.024543,40.709436],[-74.02369532,40.71388494],[-74.02333641,40.71576865],[-74.02242225,40.72056655],[-74.02184847,40.72357796],[-74.021117,40.727417],[-74.02076689,40.72881038],[-74.02038869,40.73031554],[-74.01804735,40.73963364],[-74.013784,40.756601],[-74.01240056,40.75870623],[-74.009184,40.763601],[-74.00139453,40.77442215],[-73.99535457,40.78281288],[-73.99285409,40.78628655],[-73.9915614,40.78808236],[-73.98480523,40.79746805]]]},"properties":{"name":"Hudson=HUD","type":"county"}},
{"type":"Feature","geometry":{"type":"Polygon","coordinates":[[[-74.889888,40.787703],[-74.904121,40.780878],[-74.903253,40.772936],[-74.904919,40.770753],[-74.911997,40.767067],[-74.914914,40.764399],[-74.915826,40.761632],[-74.922665,40.756557],[-74.925226,40.755762],[-74.927013,40.754647],[-74.930501,40.75158],[-74.931138,40.750099],[-74.93251,40.7483],[-74.938077,40.743198],[-74.939025,40.742415],[-74.941694,40.73871],[-74.943923,40.737041],[-74.949085,40.73171],[-74.951461,40.728232],[-74.958167,40.725668],[-74.960001,40.723165],[-74.963557,40.720387],[-74.967842,40.712149],[-74.968143,40.711633],[-74.968777,40.710541],[-74.970371,40.709923],[-74.971964,40.709899],[-74.975212,40.710791],[-74.979664,40.710698],[-74.981344,40.706052],[-74.983446,40.705356],[-74.988559,40.704173],[-74.991986,40.702775],[-74.999615,40.697051],[-74.999985,40.69673],[-75.004622,40.693227],[-75.009479,40.694529],[-75.022345,40.692072],[-75.03314,40.684112],[-75.03825,40.683542],[-75.043211,40.67892],[-75.047539,40.679699],[-75.049042,40.679401],[-75.056346,40.675581],[-75.060072,40.672926],[-75.062176,40.66954],[-75.071827,40.666373],[-75.073806,40.665558],[-75.07642,40.663452],[-75.07901,40.659694],[-75.082518,40.657433],[-75.088981,40.655509],[-75.09246,40.651184],[-75.095343,40.648666],[-75.106096,40.644772],[-75.108497,40.642666],[-75.108797,40.64111],[-75.108409,40.640501],[-75.109933,40.639079],[-75.114742,40.637149],[-75.117685,40.636735],[-75.119007,40.636437],[-75.120642,40.636516],[-75.121018,40.636534],[-75.124618,40.635421],[-75.124703,40.635387],[-75.128834,40.634036],[-75.130738,40.632388],[-75.135346,40.63058],[-75.146002,40.628916],[-75.148386,40.62618],[-75.147746,40.62322],[-75.149682,40.620772],[-75.151618,40.620692],[-75.153938,40.621956],[-75.161795,40.61802],[-75.162307,40.6173],[-75.161523,40.61506],[-75.163155,40.611508],[-75.168883,40.606676],[-75.172643,40.605188],[-75.173827,40.60362],[-75.175774,40.598679],[-75.178259,40.5981],[-75.181363,40.594356],[-75.185475,40.592644],[-75.189219,40.592452],[-75.19045584,40.59213817],[-75.19023018,40.59084236],[-75.190146,40.590359],[-75.19019591,40.59008866],[-75.190796,40.586838],[-75.194656,40.58194],[-75.195114,40.579689],[-75.19494993,40.57895069],[-75.19494979,40.57895006],[-75.19494934,40.57894804],[-75.19487,40.578591],[-75.194046,40.576256],[-75.192352,40.574257],[-75.18724776,40.56984727],[-75.186737,40.569406],[-75.18546904,40.56868044],[-75.18404428,40.56786516],[-75.183151,40.567354],[-75.1819276,40.56698623],[-75.175307,40.564996],[-75.168609,40.564111],[-75.162871,40.564096],[-75.15874981,40.5652043],[-75.158446,40.565286],[-75.1486169,40.57226521],[-75.147368,40.573152],[-75.141906,40.575273],[-75.136748,40.575731],[-75.12223398,40.5738511],[-75.117292,40.573211],[-75.110903,40.570671],[-75.10130333,40.56807551],[-75.10114284,40.56803212],[-75.100325,40.567811],[-75.09959761,40.56727469],[-75.0957,40.564401],[-75.08707305,40.55632186],[-75.078503,40.548296],[-75.068615,40.542223],[-75.067257,40.539584],[-75.066402,40.536532],[-75.06509,40.526148],[-75.065853,40.519495],[-75.06588456,40.51762305],[-75.066001,40.510716],[-75.065275,40.504682],[-75.06276393,40.49343929],[-75.062373,40.491689],[-75.061937,40.486362],[-75.062227,40.481391],[-75.064327,40.476795],[-75.067776,40.472827],[-75.06805,40.468578],[-75.067302,40.464954],[-75.070568,40.456348],[-75.070568,40.455165],[-75.067425,40.448323],[-75.062923,40.433407],[-75.061489,40.422848],[-75.058848,40.418065],[-75.05668264,40.41648868],[-75.056102,40.416066],[-75.05458802,40.41570846],[-75.04934187,40.41446952],[-75.04683422,40.41387731],[-75.046473,40.413792],[-75.04513935,40.41293387],[-75.0438739,40.41211962],[-75.04352908,40.41189775],[-75.043071,40.411603],[-75.041651,40.409894],[-75.036616,40.406796],[-75.028315,40.403883],[-75.02706103,40.40373139],[-75.02563718,40.40355924],[-75.024775,40.403455],[-75.017221,40.404638],[-75.003351,40.40785],[-74.998651,40.410093],[-74.996378,40.410528],[-74.98918823,40.40884042],[-74.988901,40.408773],[-74.98630572,40.40662816],[-74.98628107,40.40660778],[-74.985467,40.405935],[-74.982735,40.404432],[-74.98202376,40.40417962],[-74.969597,40.39977],[-74.96731007,40.39840925],[-74.965508,40.397337],[-74.96405222,40.39532241],[-74.963997,40.395246],[-74.95769487,40.38351975],[-74.95391711,40.37649056],[-74.95387075,40.37640429],[-74.953697,40.376081],[-74.948722,40.364768],[-74.946006,40.357306],[-74.94580545,40.35512705],[-74.94579667,40.35503163],[-74.945088,40.347332],[-74.943776,40.342564],[-74.94309901,40.34180491],[-74.942011,40.341706],[-74.938411,40.340806],[-74.929211,40.339606],[-74.875509,40.344606],[-74.858008,40.346206],[-74.855608,40.346406],[-74.856041,40.347614],[-74.859046,40.354144],[-74.864509,40.366206],[-74.866731,40.371011],[-74.868009,40.373606],[-74.869625,40.377337],[-74.858409,40.378605],[-74.830208,40.381805],[-74.820903,40.382969],[-74.819007,40.383105],[-74.801807,40.384805],[-74.804151,40.396649],[-74.804907,40.400505],[-74.805132,40.401345],[-74.805307,40.402305],[-74.808002,40.415474],[-74.801807,40.416505],[-74.787607,40.418505],[-74.757306,40.422705],[-74.748429,40.424351],[-74.752206,40.431505],[-74.753206,40.433205],[-74.772506,40.469104],[-74.776652,40.476731],[-74.782607,40.487904],[-74.797507,40.515603],[-74.789648,40.512215],[-74.785072,40.508497],[-74.784107,40.507403],[-74.779806,40.504337],[-74.774871,40.504274],[-74.761606,40.525303],[-74.751306,40.540903],[-74.749406,40.544103],[-74.747006,40.547603],[-74.746798,40.5479],[-74.743006,40.553303],[-74.728705,40.564103],[-74.726364,40.564989],[-74.723005,40.569202],[-74.719905,40.574002],[-74.719005,40.575302],[-74.717905,40.576802],[-74.715049,40.581239],[-74.713205,40.584102],[-74.722005,40.587702],[-74.724989,40.588625],[-74.723447,40.591527],[-74.719665,40.599131],[-74.721558,40.599995],[-74.721205,40.601802],[-74.719805,40.603602],[-74.718646,40.605341],[-74.715105,40.610102],[-74.713405,40.612302],[-74.711305,40.611402],[-74.703705,40.621202],[-74.706905,40.621702],[-74.711705,40.627202],[-74.713905,40.631002],[-74.717405,40.631602],[-74.726106,40.631702],[-74.727506,40.632802],[-74.728006,40.636401],[-74.724806,40.637801],[-74.723306,40.639601],[-74.722706,40.642401],[-74.724359,40.64379],[-74.724446,40.646559],[-74.723006,40.649101],[-74.719806,40.652301],[-74.719806,40.654501],[-74.727407,40.658502],[-74.729013,40.660532],[-74.729406,40.662801],[-74.730506,40.663601],[-74.730906,40.665501],[-74.723806,40.669401],[-74.722906,40.670601],[-74.721707,40.677899],[-74.721006,40.679201],[-74.718506,40.680701],[-74.717906,40.684201],[-74.721806,40.685101],[-74.724106,40.687201],[-74.723606,40.688901],[-74.720906,40.693101],[-74.720706,40.696801],[-74.717406,40.698401],[-74.715606,40.700401],[-74.717106,40.7056],[-74.719606,40.7064],[-74.721406,40.713],[-74.720806,40.7153],[-74.723606,40.7175],[-74.724306,40.7194],[-74.725759,40.719842],[-74.72596,40.719903],[-74.727135,40.719808],[-74.732677,40.719678],[-74.733506,40.72],[-74.738796,40.722153],[-74.742944,40.72324],[-74.743542,40.72514],[-74.743962,40.726062],[-74.744383,40.726293],[-74.752653,40.730726],[-74.768971,40.735779],[-74.774508,40.7368],[-74.782016,40.738127],[-74.783817,40.738493],[-74.783966,40.738607],[-74.78403,40.738703],[-74.79388,40.740289],[-74.798003,40.74212],[-74.801955,40.741695],[-74.813096,40.741168],[-74.81611,40.742604],[-74.816309,40.7426],[-74.816089,40.742645],[-74.816197,40.74268],[-74.818155,40.742809],[-74.82241,40.7424],[-74.82361,40.7424],[-74.82407,40.742482],[-74.826781,40.74371],[-74.827408,40.744195],[-74.827493,40.74426],[-74.829564,40.745855],[-74.829895,40.74611],[-74.843026,40.756454],[-74.844015,40.758488],[-74.848607,40.761519],[-74.859904,40.768939],[-74.868734,40.774503],[-74.868902,40.774609],[-74.889888,40.787703]]]},"properties":{"name":"Hunterdon=HUNT","type":"county"}},
{"type":"Feature","geometry":{"type":"Polygon","coordinates":[[[-74.748429,40.424351],[-74.757306,40.422705],[-74.787607,40.418505],[-74.801807,40.416505],[-74.808002,40.415474],[-74.805307,40.402305],[-74.805132,40.401345],[-74.804907,40.400505],[-74.804151,40.396649],[-74.801807,40.384805],[-74.819007,40.383105],[-74.820903,40.382969],[-74.830208,40.381805],[-74.858409,40.378605],[-74.869625,40.377337],[-74.868009,40.373606],[-74.866731,40.371011],[-74.864509,40.366206],[-74.859046,40.354144],[-74.856041,40.347614],[-74.855608,40.346406],[-74.858008,40.346206],[-74.875509,40.344606],[-74.929211,40.339606],[-74.938411,40.340806],[-74.942011,40.341706],[-74.94309901,40.34180491],[-74.939711,40.338006],[-74.933111,40.333106],[-74.92681,40.329406],[-74.91741,40.322406],[-74.90831,40.316907],[-74.90331,40.315607],[-74.896409,40.315107],[-74.891609,40.313007],[-74.887109,40.310307],[-74.88646614,40.30984216],[-74.88641289,40.30980366],[-74.88282854,40.3072119],[-74.88280445,40.30719448],[-74.880609,40.305607],[-74.868209,40.295207],[-74.864692,40.290684],[-74.860492,40.284584],[-74.856508,40.277407],[-74.853108,40.269707],[-74.846608,40.258808],[-74.842308,40.250508],[-74.836307,40.246208],[-74.823907,40.241508],[-74.819507,40.238508],[-74.80129035,40.23165822],[-74.795306,40.229408],[-74.7890846,40.22592225],[-74.78732446,40.22493608],[-74.78570099,40.22402647],[-74.78427471,40.22322735],[-74.78293758,40.22247818],[-74.781206,40.221508],[-74.77823674,40.21966571],[-74.77781251,40.21940249],[-74.77709075,40.21895467],[-74.77136,40.215399],[-74.77110516,40.21516099],[-74.77075671,40.21483555],[-74.7705812,40.21467163],[-74.770406,40.214508],[-74.766905,40.207709],[-74.76400106,40.2036527],[-74.760605,40.198909],[-74.7602268,40.19793795],[-74.756905,40.189409],[-74.755605,40.186709],[-74.754305,40.185209],[-74.75219689,40.18366846],[-74.751705,40.183309],[-74.744105,40.181009],[-74.737205,40.177609],[-74.733804,40.174509],[-74.722304,40.160609],[-74.721504,40.158409],[-74.721604,40.15381],[-74.722604,40.15001],[-74.724304,40.14701],[-74.718917,40.147832],[-74.708261,40.159952],[-74.704581,40.167219],[-74.704203,40.168309],[-74.706603,40.168409],[-74.708504,40.166309],[-74.710104,40.166409],[-74.710904,40.168109],[-74.708904,40.170009],[-74.708404,40.171609],[-74.711404,40.172809],[-74.713104,40.174909],[-74.713004,40.175709],[-74.70971,40.178201],[-74.710146,40.179048],[-74.711204,40.179509],[-74.711204,40.180409],[-74.708204,40.181509],[-74.704703,40.181709],[-74.701103,40.182909],[-74.699903,40.183109],[-74.698503,40.182409],[-74.696303,40.182409],[-74.695303,40.182609],[-74.694603,40.182009],[-74.696403,40.178909],[-74.693103,40.179109],[-74.688729,40.177097],[-74.682803,40.17651],[-74.679603,40.17361],[-74.674502,40.17361],[-74.674402,40.16961],[-74.677402,40.16721],[-74.677503,40.16611],[-74.675702,40.16561],[-74.669102,40.16671],[-74.662302,40.16521],[-74.661102,40.16211],[-74.655202,40.16001],[-74.647702,40.15551],[-74.637401,40.15161],[-74.623101,40.148811],[-74.623101,40.142211],[-74.621301,40.141111],[-74.618001,40.140611],[-74.616154,40.141485],[-74.6161,40.141511],[-74.6154,40.141611],[-74.6016,40.136711],[-74.5962,40.137511],[-74.59533,40.138128],[-74.594783,40.137694],[-74.587928,40.138108],[-74.5879,40.138111],[-74.591696,40.143983],[-74.5966,40.153111],[-74.6135,40.18261],[-74.5995,40.18681],[-74.5975,40.18611],[-74.597264,40.183374],[-74.5961,40.17971],[-74.5938,40.17961],[-74.5893,40.18111],[-74.587199,40.18321],[-74.580599,40.18511],[-74.574299,40.18681],[-74.573199,40.18711],[-74.572519,40.187447],[-74.569599,40.18611],[-74.564999,40.18831],[-74.561699,40.19081],[-74.559699,40.19491],[-74.556898,40.20001],[-74.550798,40.20611],[-74.548498,40.20761],[-74.546898,40.21251],[-74.543198,40.21651],[-74.534098,40.22031],[-74.516825,40.227242],[-74.495996,40.23651],[-74.487496,40.24011],[-74.481589,40.243069],[-74.481349,40.243555],[-74.480925,40.244507],[-74.481398,40.246201],[-74.487396,40.251801],[-74.487296,40.25321],[-74.484296,40.25321],[-74.483623,40.258405],[-74.483501,40.259347],[-74.482496,40.267109],[-74.481996,40.272209],[-74.483396,40.273709],[-74.487996,40.275409],[-74.488596,40.276609],[-74.490496,40.276809],[-74.495696,40.278809],[-74.497297,40.280509],[-74.497997,40.280609],[-74.49923,40.279917],[-74.499997,40.280109],[-74.501897,40.279109],[-74.504197,40.280509],[-74.505097,40.280209],[-74.506697,40.280509],[-74.516497,40.285909],[-74.520497,40.286409],[-74.522197,40.286309],[-74.522597,40.288108],[-74.521397,40.288808],[-74.521697,40.290008],[-74.523497,40.290708],[-74.524398,40.292008],[-74.526598,40.292908],[-74.528198,40.294008],[-74.533898,40.292408],[-74.5396,40.288229],[-74.542198,40.291308],[-74.544498,40.292108],[-74.546398,40.290908],[-74.548598,40.291008],[-74.551698,40.290408],[-74.556499,40.291408],[-74.567699,40.299508],[-74.572559,40.301185],[-74.575299,40.303708],[-74.580399,40.304808],[-74.5837,40.307108],[-74.5845,40.311708],[-74.5867,40.313208],[-74.5887,40.313708],[-74.5896,40.314208],[-74.5956,40.315008],[-74.5967,40.314608],[-74.5983,40.314908],[-74.6002,40.315807],[-74.6021,40.318207],[-74.6031,40.321307],[-74.6077,40.322107],[-74.612901,40.324007],[-74.613134,40.324123],[-74.613501,40.324307],[-74.615501,40.325007],[-74.621496,40.324425],[-74.623996,40.329225],[-74.623701,40.330407],[-74.622601,40.331807],[-74.623301,40.334707],[-74.629001,40.338907],[-74.630001,40.343407],[-74.630001,40.345112],[-74.626588,40.356912],[-74.624901,40.365406],[-74.624501,40.366406],[-74.622001,40.367206],[-74.620501,40.369906],[-74.619452,40.375107],[-74.619409,40.375169],[-74.617801,40.377606],[-74.618101,40.379706],[-74.621101,40.383106],[-74.623001,40.384506],[-74.629399,40.386186],[-74.636838,40.388084],[-74.651102,40.391706],[-74.654402,40.390906],[-74.659315,40.389394],[-74.66334,40.388194],[-74.666783,40.38717],[-74.670096,40.386184],[-74.674103,40.384506],[-74.679703,40.383606],[-74.698004,40.380906],[-74.703049,40.380203],[-74.703669,40.380043],[-74.717027,40.37705],[-74.717809,40.376906],[-74.719113,40.37672],[-74.722304,40.375406],[-74.725334,40.381178],[-74.735005,40.399305],[-74.736969,40.402758],[-74.74823,40.423991],[-74.748429,40.424351]]]},"properties":{"name":"Mercer=MER","type":"county"}},
{"type":"Feature","geometry":{"type":"Polygon","coordinates":[[[-74.20671556,40.5946948],[-74.208013,40.59536],[-74.212789,40.598904],[-74.213589,40.602403],[-74.215489,40.604503],[-74.216889,40.604703],[-74.218789,40.602203],[-74.223889,40.600403],[-74.228889,40.600103],[-74.231748,40.598881],[-74.232467,40.599145],[-74.234067,40.600345],[-74.234767,40.601945],[-74.235905,40.602512],[-74.236669,40.602893],[-74.238289,40.602803],[-74.240089,40.601103],[-74.242576,40.60022],[-74.24779,40.600103],[-74.25381,40.60099],[-74.25581,40.60219],[-74.25849,40.602103],[-74.26009,40.597603],[-74.266371,40.596501],[-74.27349,40.595203],[-74.280091,40.594003],[-74.280691,40.593903],[-74.288358,40.592497],[-74.291391,40.591903],[-74.291791,40.592103],[-74.292591,40.592703],[-74.292891,40.593003],[-74.295091,40.594503],[-74.295291,40.594603],[-74.297179,40.595923],[-74.298091,40.596503],[-74.300691,40.598203],[-74.305592,40.600603],[-74.304692,40.602703],[-74.304592,40.603103],[-74.303692,40.605603],[-74.304992,40.606503],[-74.303492,40.607203],[-74.303392,40.608903],[-74.310892,40.608103],[-74.313292,40.608003],[-74.320692,40.607203],[-74.321908,40.607001],[-74.322992,40.606503],[-74.328184,40.604999],[-74.328292,40.605803],[-74.330185,40.605783],[-74.330948,40.605733],[-74.331693,40.606203],[-74.338493,40.605503],[-74.346893,40.604703],[-74.356393,40.603803],[-74.358393,40.603603],[-74.372794,40.602303],[-74.377894,40.601903],[-74.394595,40.600903],[-74.402095,40.600303],[-74.407395,40.599803],[-74.415995,40.599103],[-74.420796,40.598603],[-74.424696,40.598302],[-74.426496,40.598102],[-74.437196,40.597202],[-74.438196,40.597102],[-74.444496,40.596502],[-74.445896,40.596402],[-74.455297,40.595502],[-74.456797,40.595502],[-74.458197,40.594502],[-74.462997,40.598902],[-74.469697,40.598102],[-74.473597,40.596502],[-74.474397,40.595402],[-74.477606,40.592854],[-74.477798,40.592702],[-74.482498,40.589302],[-74.488398,40.587302],[-74.492598,40.587102],[-74.493798,40.586102],[-74.498598,40.585702],[-74.501898,40.583602],[-74.507499,40.584702],[-74.509199,40.583902],[-74.509799,40.582702],[-74.511916,40.581693],[-74.515099,40.579102],[-74.520799,40.573702],[-74.523383,40.569432],[-74.525099,40.566303],[-74.524499,40.561803],[-74.524899,40.561003],[-74.525299,40.560203],[-74.526699,40.560203],[-74.526999,40.559703],[-74.527099,40.559303],[-74.522399,40.557803],[-74.519799,40.555403],[-74.517391,40.552167],[-74.515501,40.544815],[-74.511453,40.539429],[-74.506978,40.536821],[-74.505874,40.536138],[-74.499364,40.531953],[-74.497941,40.531038],[-74.491785,40.524668],[-74.489063,40.5211],[-74.485189,40.516024],[-74.482539,40.512614],[-74.477548,40.510792],[-74.466997,40.508204],[-74.466897,40.507904],[-74.466897,40.505304],[-74.466997,40.504804],[-74.465634,40.501861],[-74.460196,40.498404],[-74.458896,40.495904],[-74.459296,40.490904],[-74.462556,40.489548],[-74.463497,40.489004],[-74.467017,40.487171],[-74.471497,40.485704],[-74.472497,40.485404],[-74.473297,40.485304],[-74.475997,40.484504],[-74.479697,40.483204],[-74.484597,40.479904],[-74.489397,40.474404],[-74.492897,40.470804],[-74.493497,40.470304],[-74.494397,40.469404],[-74.499598,40.466065],[-74.501929,40.464673],[-74.502132,40.464549],[-74.502621,40.46425],[-74.504498,40.463104],[-74.506729,40.461586],[-74.510461,40.458439],[-74.512454,40.456809],[-74.517392,40.453341],[-74.517689,40.453152],[-74.520182,40.451577],[-74.520898,40.451105],[-74.522105,40.449812],[-74.524012,40.447772],[-74.526598,40.445005],[-74.531699,40.441505],[-74.534999,40.439205],[-74.537757,40.437796],[-74.538126,40.437616],[-74.539713,40.436844],[-74.543018,40.435338],[-74.545299,40.434305],[-74.546693,40.433649],[-74.550233,40.432173],[-74.551918,40.431389],[-74.555899,40.429805],[-74.558818,40.428789],[-74.560499,40.428205],[-74.562075,40.427601],[-74.566253,40.425999],[-74.5701,40.424605],[-74.571371,40.424156],[-74.5727,40.423705],[-74.576394,40.422274],[-74.578487,40.421464],[-74.5858,40.418005],[-74.585926,40.415878],[-74.585201,40.411165],[-74.58585,40.408002],[-74.5863,40.406506],[-74.5859,40.402306],[-74.5873,40.399906],[-74.5876,40.397363],[-74.592,40.392206],[-74.592295,40.391784],[-74.5951,40.387506],[-74.595959,40.385785],[-74.5987,40.383706],[-74.602801,40.380906],[-74.610042,40.377199],[-74.611201,40.376606],[-74.614768,40.375106],[-74.619452,40.375107],[-74.620501,40.369906],[-74.622001,40.367206],[-74.624501,40.366406],[-74.624901,40.365406],[-74.626588,40.356912],[-74.630001,40.345112],[-74.630001,40.343407],[-74.629001,40.338907],[-74.623301,40.334707],[-74.622601,40.331807],[-74.623701,40.330407],[-74.623996,40.329225],[-74.621496,40.324425],[-74.615501,40.325007],[-74.613501,40.324307],[-74.613134,40.324123],[-74.612901,40.324007],[-74.6077,40.322107],[-74.6031,40.321307],[-74.6021,40.318207],[-74.6002,40.315807],[-74.5983,40.314908],[-74.5967,40.314608],[-74.5956,40.315008],[-74.5896,40.314208],[-74.5887,40.313708],[-74.5867,40.313208],[-74.5845,40.311708],[-74.5837,40.307108],[-74.580399,40.304808],[-74.575299,40.303708],[-74.572559,40.301185],[-74.567699,40.299508],[-74.556499,40.291408],[-74.551698,40.290408],[-74.548598,40.291008],[-74.546398,40.290908],[-74.544498,40.292108],[-74.542198,40.291308],[-74.5396,40.288229],[-74.533898,40.292408],[-74.528198,40.294008],[-74.526598,40.292908],[-74.524398,40.292008],[-74.523497,40.290708],[-74.521697,40.290008],[-74.521397,40.288808],[-74.522597,40.288108],[-74.522197,40.286309],[-74.520497,40.286409],[-74.516497,40.285909],[-74.506697,40.280509],[-74.505097,40.280209],[-74.504197,40.280509],[-74.501897,40.279109],[-74.499997,40.280109],[-74.49923,40.279917],[-74.497997,40.280609],[-74.497297,40.280509],[-74.495696,40.278809],[-74.490496,40.276809],[-74.488596,40.276609],[-74.487996,40.275409],[-74.483396,40.273709],[-74.481996,40.272209],[-74.482496,40.267109],[-74.483501,40.259347],[-74.483623,40.258405],[-74.484296,40.25321],[-74.468496,40.25241],[-74.464172,40.251997],[-74.461695,40.25111],[-74.437795,40.26131],[-74.437195,40.26161],[-74.408894,40.273509],[-74.393894,40.279909],[-74.393567,40.281519],[-74.394263,40.283179],[-74.394463,40.287628],[-74.393794,40.289009],[-74.381393,40.301309],[-74.378693,40.304109],[-74.375893,40.306309],[-74.362893,40.316509],[-74.360693,40.318209],[-74.355992,40.321909],[-74.352492,40.324609],[-74.328192,40.343708],[-74.327292,40.344508],[-74.321291,40.349108],[-74.312991,40.355708],[-74.305291,40.361808],[-74.301391,40.364908],[-74.299991,40.366008],[-74.291091,40.373008],[-74.2841,40.378466],[-74.27679,40.384174],[-74.26809,40.391008],[-74.26189,40.395908],[-74.26089,40.396808],[-74.248116,40.406889],[-74.248116,40.407901],[-74.248789,40.408407],[-74.249189,40.408807],[-74.248289,40.412107],[-74.248051,40.412305],[-74.248056,40.4129],[-74.248289,40.412807],[-74.248122,40.41647],[-74.248089,40.418607],[-74.247789,40.429607],[-74.247689,40.431307],[-74.246989,40.432007],[-74.245589,40.433507],[-74.240689,40.438907],[-74.235693,40.444302],[-74.232925,40.444171],[-74.232089,40.444607],[-74.230989,40.445307],[-74.227188,40.444207],[-74.225988,40.445107],[-74.225788,40.446407],[-74.224488,40.448307],[-74.222988,40.451107],[-74.223388,40.451906],[-74.222915,40.452189],[-74.222888,40.452206],[-74.22294794,40.45249418],[-74.236689,40.457806],[-74.25531698,40.46290652],[-74.25764975,40.46354525],[-74.25796315,40.46363106],[-74.261889,40.464706],[-74.26716158,40.47127245],[-74.26759,40.471806],[-74.26983729,40.47912027],[-74.27138652,40.48416257],[-74.27195503,40.4860129],[-74.27269,40.488405],[-74.26999764,40.49501352],[-74.26829,40.499205],[-74.26683508,40.50064046],[-74.265823,40.501639],[-74.26360352,40.50382879],[-74.26355273,40.5038789],[-74.26271316,40.50470724],[-74.25920638,40.50816711],[-74.25726007,40.51008738],[-74.2515948,40.51567687],[-74.246237,40.520963],[-74.24803143,40.52832073],[-74.25090475,40.54010222],[-74.251441,40.542301],[-74.248641,40.549601],[-74.23163413,40.55917859],[-74.23163363,40.55917886],[-74.231589,40.559204],[-74.23099716,40.55911567],[-74.22981112,40.55893865],[-74.218189,40.557204],[-74.214788,40.560604],[-74.21200882,40.56812696],[-74.208988,40.576304],[-74.2089063,40.57696519],[-74.20772281,40.58654313],[-74.20747349,40.5885609],[-74.20671556,40.5946948]]]},"properties":{"name":"Middlesex=MSX","type":"county"}},
{"type":"Feature","geometry":{"type":"Polygon","coordinates":[[[-74.22294794,40.45249418],[-74.222888,40.452206],[-74.222915,40.452189],[-74.223388,40.451906],[-74.222988,40.451107],[-74.224488,40.448307],[-74.225788,40.446407],[-74.225988,40.445107],[-74.227188,40.444207],[-74.230989,40.445307],[-74.232089,40.444607],[-74.232925,40.444171],[-74.235693,40.444302],[-74.240689,40.438907],[-74.245589,40.433507],[-74.246989,40.432007],[-74.247689,40.431307],[-74.247789,40.429607],[-74.248089,40.418607],[-74.248122,40.41647],[-74.248289,40.412807],[-74.248056,40.4129],[-74.248051,40.412305],[-74.248289,40.412107],[-74.249189,40.408807],[-74.248789,40.408407],[-74.248116,40.407901],[-74.248116,40.406889],[-74.26089,40.396808],[-74.26189,40.395908],[-74.26809,40.391008],[-74.27679,40.384174],[-74.2841,40.378466],[-74.291091,40.373008],[-74.299991,40.366008],[-74.301391,40.364908],[-74.305291,40.361808],[-74.312991,40.355708],[-74.321291,40.349108],[-74.327292,40.344508],[-74.328192,40.343708],[-74.352492,40.324609],[-74.355992,40.321909],[-74.360693,40.318209],[-74.362893,40.316509],[-74.375893,40.306309],[-74.378693,40.304109],[-74.381393,40.301309],[-74.393794,40.289009],[-74.394463,40.287628],[-74.394263,40.283179],[-74.393567,40.281519],[-74.393894,40.279909],[-74.408894,40.273509],[-74.437195,40.26161],[-74.437795,40.26131],[-74.461695,40.25111],[-74.464172,40.251997],[-74.468496,40.25241],[-74.484296,40.25321],[-74.487296,40.25321],[-74.487396,40.251801],[-74.481398,40.246201],[-74.480925,40.244507],[-74.481349,40.243555],[-74.481589,40.243069],[-74.487496,40.24011],[-74.495996,40.23651],[-74.516825,40.227242],[-74.534098,40.22031],[-74.543198,40.21651],[-74.546898,40.21251],[-74.548498,40.20761],[-74.550798,40.20611],[-74.556898,40.20001],[-74.559699,40.19491],[-74.561699,40.19081],[-74.564999,40.18831],[-74.569599,40.18611],[-74.572519,40.187447],[-74.573199,40.18711],[-74.574299,40.18681],[-74.580599,40.18511],[-74.587199,40.18321],[-74.5893,40.18111],[-74.5938,40.17961],[-74.5961,40.17971],[-74.597264,40.183374],[-74.5975,40.18611],[-74.5995,40.18681],[-74.6135,40.18261],[-74.5966,40.153111],[-74.591696,40.143983],[-74.5879,40.138111],[-74.585775,40.134031],[-74.580446,40.125111],[-74.556192,40.083997],[-74.553293,40.079115],[-74.545252,40.082327],[-74.54487,40.082457],[-74.533533,40.087301],[-74.528604,40.089544],[-74.50892,40.102499],[-74.507592,40.103353],[-74.48988,40.115343],[-74.469396,40.128612],[-74.457844,40.136573],[-74.439495,40.149512],[-74.435595,40.152312],[-74.421694,40.162012],[-74.416794,40.165512],[-74.406694,40.172312],[-74.380393,40.171012],[-74.349792,40.170312],[-74.305591,40.169612],[-74.302502,40.169553],[-74.3015,40.169536],[-74.29269,40.169513],[-74.28614,40.16935],[-74.265589,40.168913],[-74.264289,40.168813],[-74.260775,40.166585],[-74.258607,40.161696],[-74.258561,40.159598],[-74.259689,40.157413],[-74.260189,40.156713],[-74.259812,40.149222],[-74.258775,40.148665],[-74.253889,40.147913],[-74.252,40.147131],[-74.248963,40.143614],[-74.248665,40.14108],[-74.247239,40.138153],[-74.241888,40.129314],[-74.244289,40.120414],[-74.244508,40.118324],[-74.243888,40.116714],[-74.238907,40.112205],[-74.234788,40.111614],[-74.231688,40.109714],[-74.225815,40.109252],[-74.219087,40.110114],[-74.212582,40.110094],[-74.205108,40.112442],[-74.199487,40.111814],[-74.199287,40.111814],[-74.197787,40.111814],[-74.180686,40.110614],[-74.178327,40.110656],[-74.174055,40.108398],[-74.168653,40.106812],[-74.164285,40.106915],[-74.160385,40.107015],[-74.15881,40.105958],[-74.154843,40.101418],[-74.154485,40.099515],[-74.151585,40.098915],[-74.150085,40.098715],[-74.143285,40.104815],[-74.140183,40.10771],[-74.135684,40.111814],[-74.134596,40.112829],[-74.131184,40.116014],[-74.127884,40.119014],[-74.125684,40.121014],[-74.122584,40.123914],[-74.121584,40.124514],[-74.112784,40.132714],[-74.112584,40.132914],[-74.107984,40.137014],[-74.104683,40.134714],[-74.103251,40.130584],[-74.099131,40.127624],[-74.098483,40.127414],[-74.097683,40.128914],[-74.095973,40.128585],[-74.096478,40.125079],[-74.096483,40.124314],[-74.096987,40.120486],[-74.09524,40.117065],[-74.092814,40.106278],[-74.090683,40.103715],[-74.086182,40.097615],[-74.085782,40.097315],[-74.081982,40.094715],[-74.074471,40.09082],[-74.068182,40.090515],[-74.067382,40.091215],[-74.065701,40.092545],[-74.061781,40.095615],[-74.057397,40.097201],[-74.056381,40.100515],[-74.052281,40.102415],[-74.049681,40.103915],[-74.049481,40.104015],[-74.042595,40.105464],[-74.036751,40.103461],[-74.03187536,40.10106043],[-74.03408,40.103115],[-74.031192,40.1177061],[-74.030181,40.122814],[-74.027117,40.13235384],[-74.02523049,40.13822756],[-74.02070616,40.15231421],[-74.01601701,40.166914],[-74.01364921,40.17428621],[-74.0127668,40.17703364],[-74.01215901,40.178926],[-74.0111165,40.18217188],[-74.00989319,40.18598069],[-74.00943563,40.18740533],[-74.00796567,40.1919821],[-74.0079594,40.1920016],[-74.00684826,40.19546118],[-74.00678285,40.19566485],[-74.00593554,40.19830295],[-74.00503016,40.20112189],[-74.00435629,40.20322],[-74.00273909,40.20825522],[-74.00263434,40.20858133],[-73.99991143,40.2170592],[-73.99958005,40.21809096],[-73.99863222,40.22104206],[-73.99828703,40.22211682],[-73.99755435,40.22439806],[-73.99614726,40.22877905],[-73.99563278,40.23038092],[-73.99474322,40.23315059],[-73.993292,40.237669],[-73.99328441,40.2376963],[-73.98697497,40.26037898],[-73.98512201,40.26704043],[-73.98427526,40.27008453],[-73.98257817,40.27618565],[-73.981681,40.279411],[-73.98025823,40.286111],[-73.9785201,40.29429608],[-73.977442,40.299373],[-73.97711912,40.301964],[-73.97645603,40.30728499],[-73.97569514,40.31339082],[-73.97566785,40.31360984],[-73.97564798,40.31376929],[-73.97458366,40.32231],[-73.97336969,40.33205163],[-73.97243672,40.33953825],[-73.97165497,40.34581154],[-73.971381,40.34801],[-73.971381,40.36150414],[-73.971381,40.371709],[-73.97346642,40.38541036],[-73.97560482,40.39945981],[-73.976982,40.408508],[-73.978282,40.440208],[-73.995683,40.468707],[-74.00317419,40.47303164],[-74.0071,40.475298],[-74.014031,40.476471],[-74.017917,40.474338],[-74.017783,40.472207],[-74.00767031,40.46565699],[-74.006077,40.464625],[-73.99454615,40.447229],[-73.991682,40.442908],[-73.993561,40.43133259],[-73.99547707,40.41952881],[-73.99548637,40.41947151],[-73.99850533,40.41091107],[-73.99850533,40.41091106],[-74.00240596,40.41100857],[-74.006383,40.411108],[-74.03649262,40.41676702],[-74.047884,40.418908],[-74.05355064,40.42084793],[-74.05419439,40.42106831],[-74.058984,40.422708],[-74.06040439,40.42361625],[-74.0605989,40.42374063],[-74.06120827,40.42413029],[-74.06510961,40.42662496],[-74.06720924,40.42796754],[-74.076185,40.433707],[-74.0812784,40.43571868],[-74.088085,40.438407],[-74.0915176,40.43932097],[-74.0922606,40.4395188],[-74.10305365,40.44239258],[-74.11670536,40.44602752],[-74.1168626,40.44606938],[-74.11690088,40.44608472],[-74.1223272,40.44825816],[-74.12469226,40.44958025],[-74.12745516,40.4510551],[-74.12746604,40.45106091],[-74.12871545,40.45180461],[-74.13113514,40.4532449],[-74.13372681,40.45467177],[-74.13453223,40.45487313],[-74.13476165,40.45493049],[-74.13567086,40.45515779],[-74.13577703,40.45518433],[-74.13582344,40.45519593],[-74.13655116,40.45499152],[-74.13815227,40.45454177],[-74.13841511,40.45446794],[-74.139886,40.453407],[-74.142886,40.450407],[-74.14752567,40.44920692],[-74.15195155,40.44806214],[-74.15268557,40.44734408],[-74.15361107,40.44764726],[-74.157787,40.446607],[-74.1633139,40.4484241],[-74.16402871,40.44831189],[-74.16615722,40.44714745],[-74.16619299,40.44712788],[-74.16621191,40.44716519],[-74.16700864,40.4487365],[-74.16997666,40.45063967],[-74.17531144,40.44663295],[-74.1753463,40.44660678],[-74.17679277,40.44770259],[-74.17684164,40.44773961],[-74.17507442,40.44914433],[-74.17489316,40.4544913],[-74.174787,40.455607],[-74.187787,40.447407],[-74.19130873,40.44298951],[-74.19390772,40.44099494],[-74.19493527,40.44073805],[-74.202088,40.43894987],[-74.20212778,40.43893992],[-74.207188,40.43544596],[-74.20720488,40.4354343],[-74.20863255,40.43748658],[-74.20865548,40.43751954],[-74.20641914,40.43878882],[-74.206188,40.440707],[-74.20892758,40.44580566],[-74.20954499,40.44695473],[-74.209788,40.447407],[-74.22294794,40.45249418]]]},"properties":{"name":"Monmouth=MON","type":"county"}},
{"type":"Feature","geometry":{"type":"Polygon","coordinates":[[[-74.502801,41.085996],[-74.503791,41.085113],[-74.504852,41.084874],[-74.505436,41.08438],[-74.536002,41.058497],[-74.548303,41.048097],[-74.584203,41.016497],[-74.593162,41.008249],[-74.605284,40.997431],[-74.61367,40.99012],[-74.628707,40.976458],[-74.638993,40.967267],[-74.641424,40.961365],[-74.640904,40.9591],[-74.636654,40.954105],[-74.634837,40.9507],[-74.636305,40.942398],[-74.6394,40.938639],[-74.645791,40.934146],[-74.653053,40.928821],[-74.653638,40.925909],[-74.651805,40.923298],[-74.651994,40.922762],[-74.65303,40.921623],[-74.663105,40.917998],[-74.664405,40.917598],[-74.664906,40.917367],[-74.665706,40.916998],[-74.670263,40.91434],[-74.674006,40.912098],[-74.675035,40.911534],[-74.677106,40.910398],[-74.683206,40.910098],[-74.684107,40.910099],[-74.688006,40.908798],[-74.688906,40.905198],[-74.691406,40.903998],[-74.69276,40.904772],[-74.692806,40.904798],[-74.694906,40.906298],[-74.696006,40.906498],[-74.704115,40.901939],[-74.704207,40.901898],[-74.704807,40.901698],[-74.705007,40.901698],[-74.706807,40.901498],[-74.711707,40.899198],[-74.713907,40.900298],[-74.714407,40.902498],[-74.713588,40.903058],[-74.712172,40.904438],[-74.712802,40.908101],[-74.717282,40.910843],[-74.720861,40.913646],[-74.72166,40.91416],[-74.722425,40.914652],[-74.723628,40.914769],[-74.728532,40.916412],[-74.728654,40.91736],[-74.731608,40.920798],[-74.733093,40.920347],[-74.734925,40.919481],[-74.736302,40.91901],[-74.736372,40.918977],[-74.738066,40.918919],[-74.741714,40.920232],[-74.747164,40.919929],[-74.751117,40.918006],[-74.75167,40.916063],[-74.7536,40.914742],[-74.753938,40.914617],[-74.76033,40.912844],[-74.764611,40.912263],[-74.767909,40.911898],[-74.77571,40.905577],[-74.77927,40.905815],[-74.781543,40.902913],[-74.781657,40.90287],[-74.782161,40.902693],[-74.785888,40.898365],[-74.787166,40.89819],[-74.790015,40.896223],[-74.790139,40.894724],[-74.789415,40.893154],[-74.791187,40.890672],[-74.794174,40.88915],[-74.803073,40.886201],[-74.806168,40.88393],[-74.80721,40.881998],[-74.806785,40.877348],[-74.805554,40.874947],[-74.80597,40.873382],[-74.806571,40.867544],[-74.802139,40.864733],[-74.801924,40.863925],[-74.802956,40.861993],[-74.812519,40.852503],[-74.814864,40.851168],[-74.816524,40.851156],[-74.820851,40.849586],[-74.82171,40.848599],[-74.822597,40.845153],[-74.818206,40.837241],[-74.819291,40.836106],[-74.82311,40.834899],[-74.827834,40.832265],[-74.831711,40.828399],[-74.831834,40.828097],[-74.831789,40.827025],[-74.830013,40.825494],[-74.830746,40.824465],[-74.832911,40.823599],[-74.835191,40.821749],[-74.835209,40.819166],[-74.839527,40.816503],[-74.841934,40.813427],[-74.849413,40.805273],[-74.850826,40.803815],[-74.859761,40.801031],[-74.860561,40.801513],[-74.861574,40.803435],[-74.863174,40.80328],[-74.864865,40.801509],[-74.868061,40.795827],[-74.870354,40.794673],[-74.873785,40.794423],[-74.877529,40.791923],[-74.879543,40.790779],[-74.881266,40.790683],[-74.88348,40.791266],[-74.885003,40.791018],[-74.8891,40.788748],[-74.889888,40.787703],[-74.868902,40.774609],[-74.868734,40.774503],[-74.859904,40.768939],[-74.848607,40.761519],[-74.844015,40.758488],[-74.843026,40.756454],[-74.829895,40.74611],[-74.829564,40.745855],[-74.827493,40.74426],[-74.827408,40.744195],[-74.826781,40.74371],[-74.82407,40.742482],[-74.82361,40.7424],[-74.82241,40.7424],[-74.818155,40.742809],[-74.816197,40.74268],[-74.816089,40.742645],[-74.816309,40.7426],[-74.81611,40.742604],[-74.813096,40.741168],[-74.801955,40.741695],[-74.798003,40.74212],[-74.79388,40.740289],[-74.78403,40.738703],[-74.783966,40.738607],[-74.783817,40.738493],[-74.782016,40.738127],[-74.774508,40.7368],[-74.768971,40.735779],[-74.752653,40.730726],[-74.744383,40.726293],[-74.743962,40.726062],[-74.743542,40.72514],[-74.742944,40.72324],[-74.738796,40.722153],[-74.733506,40.72],[-74.732677,40.719678],[-74.727135,40.719808],[-74.72596,40.719903],[-74.725759,40.719842],[-74.718941,40.721486],[-74.706669,40.724692],[-74.689705,40.7281],[-74.682605,40.7297],[-74.664404,40.7339],[-74.658504,40.735],[-74.637904,40.7395],[-74.630904,40.741201],[-74.619203,40.744],[-74.590402,40.7505],[-74.571102,40.7548],[-74.555801,40.758],[-74.555201,40.7567],[-74.553101,40.7562],[-74.551001,40.751],[-74.550901,40.7482],[-74.548701,40.7463],[-74.548963,40.740977],[-74.549001,40.7402],[-74.548101,40.7375],[-74.549401,40.7339],[-74.545101,40.7331],[-74.54,40.7334],[-74.5369,40.7319],[-74.5365,40.7313],[-74.5331,40.7301],[-74.5312,40.7299],[-74.5294,40.7266],[-74.5304,40.7259],[-74.5319,40.7212],[-74.532,40.721],[-74.5319,40.7198],[-74.5294,40.7193],[-74.5246,40.7158],[-74.5248,40.7125],[-74.5269,40.710701],[-74.5248,40.708501],[-74.5218,40.707901],[-74.5183,40.705301],[-74.514299,40.701101],[-74.513699,40.697701],[-74.514599,40.694401],[-74.517799,40.691201],[-74.516699,40.689501],[-74.5213,40.688101],[-74.5235,40.689301],[-74.5243,40.689201],[-74.5277,40.684501],[-74.5288,40.680201],[-74.528,40.677301],[-74.5257,40.671001],[-74.5293,40.669301],[-74.533,40.665601],[-74.5312,40.665501],[-74.53,40.664701],[-74.5261,40.660701],[-74.5266,40.657501],[-74.5264,40.652001],[-74.523599,40.649101],[-74.523061,40.648911],[-74.523011,40.648924],[-74.515799,40.650801],[-74.514099,40.650401],[-74.513299,40.649501],[-74.510599,40.650401],[-74.507599,40.652701],[-74.505199,40.656401],[-74.499599,40.661301],[-74.495399,40.662001],[-74.493799,40.661101],[-74.491398,40.661701],[-74.491198,40.663301],[-74.483698,40.666301],[-74.482398,40.666201],[-74.468598,40.668501],[-74.462098,40.672301],[-74.460797,40.674201],[-74.458797,40.675101],[-74.454697,40.674301],[-74.453097,40.676501],[-74.453597,40.677301],[-74.452297,40.679701],[-74.453197,40.683501],[-74.451797,40.685801],[-74.448897,40.685701],[-74.446497,40.686701],[-74.445597,40.688001],[-74.444297,40.687901],[-74.439897,40.689701],[-74.437997,40.690301],[-74.438197,40.691801],[-74.435197,40.693401],[-74.431697,40.693101],[-74.430484,40.696596],[-74.428997,40.699001],[-74.427096,40.701801],[-74.425096,40.702001],[-74.416596,40.705301],[-74.414496,40.706601],[-74.413796,40.708001],[-74.412496,40.710301],[-74.410996,40.709501],[-74.409196,40.710001],[-74.407196,40.713501],[-74.402396,40.718001],[-74.398906,40.717914],[-74.395995,40.717301],[-74.392695,40.718001],[-74.390795,40.718401],[-74.390495,40.725501],[-74.387095,40.725801],[-74.385295,40.724301],[-74.379295,40.729001],[-74.380295,40.7333],[-74.377695,40.7343],[-74.373895,40.7337],[-74.371295,40.735],[-74.371895,40.7393],[-74.372695,40.741],[-74.372195,40.7437],[-74.371095,40.7442],[-74.369295,40.7428],[-74.366495,40.7441],[-74.364995,40.7468],[-74.367795,40.7487],[-74.367195,40.7494],[-74.364795,40.7498],[-74.363495,40.7505],[-74.360194,40.7511],[-74.357594,40.7548],[-74.358094,40.7563],[-74.361695,40.7558],[-74.367795,40.7582],[-74.367695,40.7609],[-74.369095,40.7607],[-74.374895,40.7579],[-74.375595,40.7586],[-74.375495,40.7606],[-74.377695,40.7614],[-74.375895,40.7628],[-74.373995,40.7627],[-74.371195,40.764],[-74.370295,40.7667],[-74.369895,40.7715],[-74.370995,40.7746],[-74.369995,40.7776],[-74.368995,40.7791],[-74.367095,40.7803],[-74.366439,40.79459],[-74.364695,40.7974],[-74.364295,40.7991],[-74.361595,40.8001],[-74.359695,40.7998],[-74.358995,40.8007],[-74.354294,40.8051],[-74.351194,40.8068],[-74.350894,40.809299],[-74.349694,40.812299],[-74.344094,40.813699],[-74.341394,40.812699],[-74.338194,40.813799],[-74.334494,40.818499],[-74.332394,40.821899],[-74.335194,40.827499],[-74.333194,40.829599],[-74.329494,40.831099],[-74.329094,40.831699],[-74.330294,40.834999],[-74.329194,40.838299],[-74.329694,40.841499],[-74.327894,40.841599],[-74.325994,40.843599],[-74.326494,40.844199],[-74.328694,40.844599],[-74.329794,40.849099],[-74.327494,40.850099],[-74.325194,40.854199],[-74.325694,40.856999],[-74.323593,40.858199],[-74.319593,40.858299],[-74.317793,40.864899],[-74.318893,40.865799],[-74.320293,40.865899],[-74.321593,40.863999],[-74.331494,40.866799],[-74.332894,40.867899],[-74.334094,40.867999],[-74.336094,40.867599],[-74.336494,40.866399],[-74.337794,40.868099],[-74.338194,40.870099],[-74.337794,40.875799],[-74.335294,40.876599],[-74.335294,40.877599],[-74.340394,40.879299],[-74.339894,40.882199],[-74.338294,40.887499],[-74.339794,40.888599],[-74.339694,40.890398],[-74.338594,40.892398],[-74.335994,40.892998],[-74.336494,40.893598],[-74.338994,40.893698],[-74.337994,40.895998],[-74.334294,40.896398],[-74.334492,40.897389],[-74.336304,40.900616],[-74.334295,40.905399],[-74.330995,40.908099],[-74.329395,40.908599],[-74.323094,40.908898],[-74.322994,40.907098],[-74.318993,40.903298],[-74.305593,40.905298],[-74.303493,40.904498],[-74.301293,40.904598],[-74.295293,40.906198],[-74.292192,40.905598],[-74.292292,40.903298],[-74.291492,40.901898],[-74.292392,40.901198],[-74.292292,40.900498],[-74.290692,40.899498],[-74.289392,40.899398],[-74.286792,40.900798],[-74.282692,40.901198],[-74.281792,40.900198],[-74.286692,40.898898],[-74.283792,40.894898],[-74.279484,40.897827],[-74.275892,40.896998],[-74.272692,40.897298],[-74.272057,40.897421],[-74.272378,40.897965],[-74.272509,40.898187],[-74.272667,40.89975],[-74.272302,40.90023],[-74.272284,40.900254],[-74.273292,40.906698],[-74.272031,40.908889],[-74.271992,40.909598],[-74.270771,40.909987],[-74.269291,40.907904],[-74.267582,40.907782],[-74.26665,40.908461],[-74.267032,40.910079],[-74.270892,40.914398],[-74.272007,40.915564],[-74.274326,40.916075],[-74.279319,40.915918],[-74.279012,40.916183],[-74.280424,40.917865],[-74.280506,40.917835],[-74.284092,40.919898],[-74.284113,40.920446],[-74.285565,40.922983],[-74.289139,40.928506],[-74.288907,40.928929],[-74.288441,40.929663],[-74.284687,40.931624],[-74.282177,40.936219],[-74.281892,40.936798],[-74.279792,40.940698],[-74.279092,40.943398],[-74.278859,40.945643],[-74.277492,40.950998],[-74.277439,40.951243],[-74.276783,40.954901],[-74.278843,40.955626],[-74.279804,40.956565],[-74.280273,40.958304],[-74.278792,40.965597],[-74.281592,40.968997],[-74.282204,40.969874],[-74.279292,40.971597],[-74.278043,40.971169],[-74.277154,40.971986],[-74.277503,40.974428],[-74.280892,40.976297],[-74.281192,40.979997],[-74.284892,40.978897],[-74.285892,40.979397],[-74.28901,40.979596],[-74.292592,40.979688],[-74.294927,40.97878],[-74.297216,40.979795],[-74.297231,40.983426],[-74.296113,40.984422],[-74.292893,40.987597],[-74.292593,40.987797],[-74.29601,40.99529],[-74.29749,40.996275],[-74.297993,40.998597],[-74.299145,41.002907],[-74.300293,41.002697],[-74.301091,40.999311],[-74.305994,40.999087],[-74.307207,40.99877],[-74.309591,40.998396],[-74.315817,41.002012],[-74.321894,41.001497],[-74.327594,41.001197],[-74.32807,41.001295],[-74.328558,41.001547],[-74.334294,41.003797],[-74.338294,41.006854],[-74.341941,41.006704],[-74.348006,41.004107],[-74.351495,41.006497],[-74.351095,41.006897],[-74.351495,41.010997],[-74.35453,41.013593],[-74.359458,41.014021],[-74.361839,41.013708],[-74.362795,41.013097],[-74.365796,41.011397],[-74.367302,41.011839],[-74.370919,41.011251],[-74.373431,41.011944],[-74.373543,41.012018],[-74.377295,41.013944],[-74.380333,41.01414],[-74.387685,41.011767],[-74.38901,41.01218],[-74.389623,41.013524],[-74.391097,41.015771],[-74.399453,41.017278],[-74.402297,41.019597],[-74.403122,41.021747],[-74.406235,41.023971],[-74.417773,41.028552],[-74.422556,41.028146],[-74.423747,41.027402],[-74.424176,41.026233],[-74.424514,41.024333],[-74.426837,41.021771],[-74.428677,41.02055],[-74.429798,41.020597],[-74.432898,41.019497],[-74.434198,41.020297],[-74.433498,41.025397],[-74.431198,41.030297],[-74.428298,41.032297],[-74.427098,41.036597],[-74.432898,41.037997],[-74.439699,41.043297],[-74.440999,41.044597],[-74.441399,41.045897],[-74.442049,41.048346],[-74.441812,41.04957],[-74.447102,41.054151],[-74.449062,41.054075],[-74.462231,41.051022],[-74.464546,41.050114],[-74.466256,41.048919],[-74.469995,41.047862],[-74.475892,41.047734],[-74.479148,41.045865],[-74.481139,41.045404],[-74.484499,41.04286],[-74.487974,41.038786],[-74.496885,41.034972],[-74.499213,41.036395],[-74.5001,41.038291],[-74.501801,41.038897],[-74.501001,41.040849],[-74.500993,41.042893],[-74.498726,41.046197],[-74.497472,41.050926],[-74.497468,41.055901],[-74.496604,41.05979],[-74.494494,41.062183],[-74.492652,41.063221],[-74.491215,41.063512],[-74.488653,41.063149],[-74.486991,41.0656],[-74.487244,41.068006],[-74.48867,41.070787],[-74.488742,41.071792],[-74.487522,41.074896],[-74.488522,41.077898],[-74.49172,41.078368],[-74.492932,41.080701],[-74.498956,41.083774],[-74.499014,41.084154],[-74.502801,41.085996]]]},"properties":{"name":"Morris=MOR","type":"county"}},
{"type":"Feature","geometry":{"type":"Polygon","coordinates":[[[-74.03187536,40.10106043],[-74.036751,40.103461],[-74.042595,40.105464],[-74.049481,40.104015],[-74.049681,40.103915],[-74.052281,40.102415],[-74.056381,40.100515],[-74.057397,40.097201],[-74.061781,40.095615],[-74.065701,40.092545],[-74.067382,40.091215],[-74.068182,40.090515],[-74.074471,40.09082],[-74.081982,40.094715],[-74.085782,40.097315],[-74.086182,40.097615],[-74.090683,40.103715],[-74.092814,40.106278],[-74.09524,40.117065],[-74.096987,40.120486],[-74.096483,40.124314],[-74.096478,40.125079],[-74.095973,40.128585],[-74.097683,40.128914],[-74.098483,40.127414],[-74.099131,40.127624],[-74.103251,40.130584],[-74.104683,40.134714],[-74.107984,40.137014],[-74.112584,40.132914],[-74.112784,40.132714],[-74.121584,40.124514],[-74.122584,40.123914],[-74.125684,40.121014],[-74.127884,40.119014],[-74.131184,40.116014],[-74.134596,40.112829],[-74.135684,40.111814],[-74.140183,40.10771],[-74.143285,40.104815],[-74.150085,40.098715],[-74.151585,40.098915],[-74.154485,40.099515],[-74.154843,40.101418],[-74.15881,40.105958],[-74.160385,40.107015],[-74.164285,40.106915],[-74.168653,40.106812],[-74.174055,40.108398],[-74.178327,40.110656],[-74.180686,40.110614],[-74.197787,40.111814],[-74.199287,40.111814],[-74.199487,40.111814],[-74.205108,40.112442],[-74.212582,40.110094],[-74.219087,40.110114],[-74.225815,40.109252],[-74.231688,40.109714],[-74.234788,40.111614],[-74.238907,40.112205],[-74.243888,40.116714],[-74.244508,40.118324],[-74.244289,40.120414],[-74.241888,40.129314],[-74.247239,40.138153],[-74.248665,40.14108],[-74.248963,40.143614],[-74.252,40.147131],[-74.253889,40.147913],[-74.258775,40.148665],[-74.259812,40.149222],[-74.260189,40.156713],[-74.259689,40.157413],[-74.258561,40.159598],[-74.258607,40.161696],[-74.260775,40.166585],[-74.264289,40.168813],[-74.265589,40.168913],[-74.28614,40.16935],[-74.29269,40.169513],[-74.3015,40.169536],[-74.302502,40.169553],[-74.305591,40.169612],[-74.349792,40.170312],[-74.380393,40.171012],[-74.406694,40.172312],[-74.416794,40.165512],[-74.421694,40.162012],[-74.435595,40.152312],[-74.439495,40.149512],[-74.457844,40.136573],[-74.469396,40.128612],[-74.48988,40.115343],[-74.507592,40.103353],[-74.50892,40.102499],[-74.528604,40.089544],[-74.533533,40.087301],[-74.54487,40.082457],[-74.545252,40.082327],[-74.553293,40.079115],[-74.5487,40.071371],[-74.544031,40.063528],[-74.543375,40.062368],[-74.540522,40.056822],[-74.539316,40.054701],[-74.538112,40.052667],[-74.535044,40.047483],[-74.533731,40.045271],[-74.531336,40.041274],[-74.530715,40.040236],[-74.528604,40.036582],[-74.527506,40.034354],[-74.527124,40.033561],[-74.514794,40.007453],[-74.510956,39.999605],[-74.506982,39.991982],[-74.506585,39.991219],[-74.498635,39.976196],[-74.494987,39.969414],[-74.484962,39.949662],[-74.470679,39.922326],[-74.459388,39.900782],[-74.459403,39.900705],[-74.445948,39.875117],[-74.445782,39.875117],[-74.444815,39.873509],[-74.434596,39.854792],[-74.417156,39.823103],[-74.413589,39.816523],[-74.412907,39.81499],[-74.400087,39.792042],[-74.398729,39.789569],[-74.389833,39.773371],[-74.390272,39.628406],[-74.39027,39.62691],[-74.390412,39.595879],[-74.392336,39.593912],[-74.395772,39.586223],[-74.397786,39.580937],[-74.39764,39.578099],[-74.398203,39.57636],[-74.401104,39.572081],[-74.405748,39.56929],[-74.407256,39.569085],[-74.415121,39.570185],[-74.416274,39.570088],[-74.418869,39.56795],[-74.417117,39.564297],[-74.414035,39.562628],[-74.414328,39.561017],[-74.41613,39.559552],[-74.419022,39.557431],[-74.416614,39.556698],[-74.41589,39.554941],[-74.416796,39.55106],[-74.415871,39.549405],[-74.409596,39.547255],[-74.408197,39.544836],[-74.407066,39.543328],[-74.405298,39.542064],[-74.398534,39.531939],[-74.389572,39.51497],[-74.381735,39.500117],[-74.375566,39.49952],[-74.372494,39.500117],[-74.36102,39.501971],[-74.355648,39.505138],[-74.354358,39.505469],[-74.337652,39.506808],[-74.326774,39.506183],[-74.322671,39.505032],[-74.319883,39.503353],[-74.316414,39.500117],[-74.31326838,39.49591065],[-74.31239966,39.500117],[-74.31104655,39.50666875],[-74.311037,39.506715],[-74.29648616,39.50745556],[-74.29214377,39.50767656],[-74.29202578,39.50768257],[-74.291585,39.507705],[-74.29074324,39.50808155],[-74.27737,39.514064],[-74.26217239,39.53226765],[-74.24985793,39.54701788],[-74.249043,39.547994],[-74.24772431,39.54906245],[-74.24373944,39.55229115],[-74.24181171,39.55385306],[-74.240506,39.554911],[-74.23952329,39.55630391],[-74.23913984,39.5568474],[-74.23009526,39.56966726],[-74.21651186,39.58892046],[-74.21624166,39.58930345],[-74.21476186,39.59140092],[-74.21275767,39.59424167],[-74.20587883,39.60399179],[-74.190974,39.625118],[-74.18342077,39.63498379],[-74.18309227,39.63541287],[-74.17196965,39.64994087],[-74.17066168,39.6516493],[-74.15711843,39.66933904],[-74.1452633,39.68482384],[-74.14263639,39.68825503],[-74.141733,39.689435],[-74.14135912,39.69011788],[-74.14023351,39.69217379],[-74.12995735,39.71094302],[-74.12530822,39.71943459],[-74.11455204,39.73908057],[-74.11451686,39.73914483],[-74.113655,39.740719],[-74.11211978,39.74266178],[-74.10883833,39.74681438],[-74.101443,39.756173],[-74.10134314,39.75630622],[-74.09892025,39.75953828],[-74.09690565,39.76303026],[-74.09697109,39.76493649],[-74.09705968,39.76751729],[-74.097071,39.767847],[-74.090945,39.799978],[-74.08390277,39.85705053],[-74.08357066,39.85974199],[-74.08167328,39.875119],[-74.0784387,39.90133307],[-74.07803994,39.90456477],[-74.077247,39.910991],[-74.0768571,39.913018],[-74.07520395,39.9216123],[-74.07454723,39.9250264],[-74.07291147,39.93353033],[-74.07224404,39.93700012],[-74.0717179,39.93973541],[-74.07006272,39.94834029],[-74.06877889,39.95501456],[-74.06795982,39.95927275],[-74.06603175,39.96929626],[-74.06556483,39.97172365],[-74.06437533,39.97790756],[-74.064135,39.979157],[-74.06382703,39.98043153],[-74.06191036,39.98836378],[-74.05879367,40.00126232],[-74.05763158,40.00607168],[-74.05262904,40.02677491],[-74.04505733,40.05811081],[-74.04081673,40.07566071],[-74.039421,40.081437],[-74.03880645,40.08332836],[-74.03813157,40.08540536],[-74.03572206,40.09282092],[-74.033546,40.099518],[-74.031318,40.100541],[-74.03187536,40.10106043]]]},"properties":{"name":"Ocean=OCN","type":"county"}},
{"type":"Feature","geometry":{"type":"Polygon","coordinates":[[[-74.36586476,41.20300667],[-74.36586613,41.20300549],[-74.373523,41.196419],[-74.389498,41.182795],[-74.393415,41.179479],[-74.39492,41.178205],[-74.39863,41.175063],[-74.416899,41.159595],[-74.43509,41.14436],[-74.450681,41.131085],[-74.477701,41.107996],[-74.481401,41.104896],[-74.481701,41.104696],[-74.482601,41.103796],[-74.502801,41.085996],[-74.499014,41.084154],[-74.498956,41.083774],[-74.492932,41.080701],[-74.49172,41.078368],[-74.488522,41.077898],[-74.487522,41.074896],[-74.488742,41.071792],[-74.48867,41.070787],[-74.487244,41.068006],[-74.486991,41.0656],[-74.488653,41.063149],[-74.491215,41.063512],[-74.492652,41.063221],[-74.494494,41.062183],[-74.496604,41.05979],[-74.497468,41.055901],[-74.497472,41.050926],[-74.498726,41.046197],[-74.500993,41.042893],[-74.501001,41.040849],[-74.501801,41.038897],[-74.5001,41.038291],[-74.499213,41.036395],[-74.496885,41.034972],[-74.487974,41.038786],[-74.484499,41.04286],[-74.481139,41.045404],[-74.479148,41.045865],[-74.475892,41.047734],[-74.469995,41.047862],[-74.466256,41.048919],[-74.464546,41.050114],[-74.462231,41.051022],[-74.449062,41.054075],[-74.447102,41.054151],[-74.441812,41.04957],[-74.442049,41.048346],[-74.441399,41.045897],[-74.440999,41.044597],[-74.439699,41.043297],[-74.432898,41.037997],[-74.427098,41.036597],[-74.428298,41.032297],[-74.431198,41.030297],[-74.433498,41.025397],[-74.434198,41.020297],[-74.432898,41.019497],[-74.429798,41.020597],[-74.428677,41.02055],[-74.426837,41.021771],[-74.424514,41.024333],[-74.424176,41.026233],[-74.423747,41.027402],[-74.422556,41.028146],[-74.417773,41.028552],[-74.406235,41.023971],[-74.403122,41.021747],[-74.402297,41.019597],[-74.399453,41.017278],[-74.391097,41.015771],[-74.389623,41.013524],[-74.38901,41.01218],[-74.387685,41.011767],[-74.380333,41.01414],[-74.377295,41.013944],[-74.373543,41.012018],[-74.373431,41.011944],[-74.370919,41.011251],[-74.367302,41.011839],[-74.365796,41.011397],[-74.362795,41.013097],[-74.361839,41.013708],[-74.359458,41.014021],[-74.35453,41.013593],[-74.351495,41.010997],[-74.351095,41.006897],[-74.351495,41.006497],[-74.348006,41.004107],[-74.341941,41.006704],[-74.338294,41.006854],[-74.334294,41.003797],[-74.328558,41.001547],[-74.32807,41.001295],[-74.327594,41.001197],[-74.321894,41.001497],[-74.315817,41.002012],[-74.309591,40.998396],[-74.307207,40.99877],[-74.305994,40.999087],[-74.301091,40.999311],[-74.300293,41.002697],[-74.299145,41.002907],[-74.297993,40.998597],[-74.29749,40.996275],[-74.29601,40.99529],[-74.292593,40.987797],[-74.292893,40.987597],[-74.296113,40.984422],[-74.297231,40.983426],[-74.297216,40.979795],[-74.294927,40.97878],[-74.292592,40.979688],[-74.28901,40.979596],[-74.285892,40.979397],[-74.284892,40.978897],[-74.281192,40.979997],[-74.280892,40.976297],[-74.277503,40.974428],[-74.277154,40.971986],[-74.278043,40.971169],[-74.279292,40.971597],[-74.282204,40.969874],[-74.281592,40.968997],[-74.278792,40.965597],[-74.280273,40.958304],[-74.279804,40.956565],[-74.278843,40.955626],[-74.276783,40.954901],[-74.277439,40.951243],[-74.277492,40.950998],[-74.278859,40.945643],[-74.279092,40.943398],[-74.279792,40.940698],[-74.281892,40.936798],[-74.282177,40.936219],[-74.284687,40.931624],[-74.288441,40.929663],[-74.288907,40.928929],[-74.289139,40.928506],[-74.285565,40.922983],[-74.284113,40.920446],[-74.284092,40.919898],[-74.280506,40.917835],[-74.280424,40.917865],[-74.279012,40.916183],[-74.279319,40.915918],[-74.274326,40.916075],[-74.272007,40.915564],[-74.270892,40.914398],[-74.267032,40.910079],[-74.26665,40.908461],[-74.267582,40.907782],[-74.269291,40.907904],[-74.270771,40.909987],[-74.271992,40.909598],[-74.272031,40.908889],[-74.273292,40.906698],[-74.272284,40.900254],[-74.272302,40.90023],[-74.272667,40.89975],[-74.272509,40.898187],[-74.272378,40.897965],[-74.272057,40.897421],[-74.266991,40.894698],[-74.265791,40.892398],[-74.264591,40.887098],[-74.262424,40.885322],[-74.258291,40.883099],[-74.254491,40.883099],[-74.252791,40.881599],[-74.246691,40.880799],[-74.244991,40.880699],[-74.242391,40.880499],[-74.240991,40.880299],[-74.239632,40.87988],[-74.238054,40.879048],[-74.237449,40.878649],[-74.23503,40.877361],[-74.23429,40.876899],[-74.23159,40.875599],[-74.230723,40.875099],[-74.230657,40.875099],[-74.229052,40.874136],[-74.228701,40.873941],[-74.22479,40.871899],[-74.224314,40.871645],[-74.22329,40.871099],[-74.22279,40.870699],[-74.21509,40.866499],[-74.21259,40.865199],[-74.20909,40.863399],[-74.206645,40.861901],[-74.205389,40.861199],[-74.202089,40.859599],[-74.201189,40.861799],[-74.196489,40.859799],[-74.197089,40.858099],[-74.197589,40.857199],[-74.191989,40.854199],[-74.185289,40.850199],[-74.182689,40.848799],[-74.181089,40.847899],[-74.179789,40.847199],[-74.179032,40.846758],[-74.162621,40.837855],[-74.161925,40.837481],[-74.158488,40.835699],[-74.158488,40.835639],[-74.151788,40.831999],[-74.151188,40.831599],[-74.148088,40.8299],[-74.145188,40.8284],[-74.143988,40.8277],[-74.139587,40.8253],[-74.130031,40.819962],[-74.124187,40.8226],[-74.123987,40.8231],[-74.121341,40.830307],[-74.121853,40.834098],[-74.122787,40.836199],[-74.12298,40.841558],[-74.122378,40.842592],[-74.121387,40.847299],[-74.121073,40.847954],[-74.119487,40.853599],[-74.119579,40.85397],[-74.119687,40.854399],[-74.120488,40.8558],[-74.119947,40.858775],[-74.119242,40.859122],[-74.116016,40.859881],[-74.11271,40.858654],[-74.109286,40.855599],[-74.107086,40.862699],[-74.109932,40.864677],[-74.110186,40.864799],[-74.111946,40.86801],[-74.112286,40.868899],[-74.11487,40.874182],[-74.117813,40.876819],[-74.120287,40.879799],[-74.12431,40.882415],[-74.126587,40.883599],[-74.129102,40.885275],[-74.130187,40.886376],[-74.130187,40.886899],[-74.130089,40.887633],[-74.129787,40.889899],[-74.128987,40.893799],[-74.129233,40.894081],[-74.130682,40.895741],[-74.13188,40.897113],[-74.133787,40.899298],[-74.133587,40.901898],[-74.132387,40.904098],[-74.131804,40.907401],[-74.132296,40.909177],[-74.13284,40.910905],[-74.133287,40.912399],[-74.133287,40.912454],[-74.132087,40.915298],[-74.130187,40.918198],[-74.132003,40.922186],[-74.136219,40.922848],[-74.141423,40.92573],[-74.141601,40.926162],[-74.142098,40.92804],[-74.142032,40.929468],[-74.139969,40.932107],[-74.139497,40.932685],[-74.139485,40.932711],[-74.13934,40.933508],[-74.139287,40.933798],[-74.143687,40.940398],[-74.147987,40.941598],[-74.147987,40.941998],[-74.146187,40.948198],[-74.146087,40.948898],[-74.145966,40.949481],[-74.145487,40.951798],[-74.144187,40.955898],[-74.143487,40.957698],[-74.143187,40.958598],[-74.142138,40.961544],[-74.140987,40.965597],[-74.140787,40.966197],[-74.144487,40.968397],[-74.146587,40.969697],[-74.147218,40.970062],[-74.148072,40.970556],[-74.148487,40.970797],[-74.149173,40.971185],[-74.155598,40.974954],[-74.159778,40.97738],[-74.16077,40.977998],[-74.170246,40.983553],[-74.170988,40.976997],[-74.181479,40.977799],[-74.184606,40.978082],[-74.185745,40.978167],[-74.186287,40.978208],[-74.187317,40.978296],[-74.191487,40.978662],[-74.19843,40.979112],[-74.211843,40.980302],[-74.224981,40.98163],[-74.233909,40.985678],[-74.248557,40.992342],[-74.264076,41.012079],[-74.26664,41.014009],[-74.269157,41.015833],[-74.269615,41.016191],[-74.270521,41.022131],[-74.269939,41.023276],[-74.263603,41.035737],[-74.250592,41.060682],[-74.248939,41.06382],[-74.228797,41.102995],[-74.21319539,41.13418615],[-74.23296605,41.14226706],[-74.234473,41.142883],[-74.24285076,41.14656943],[-74.27959502,41.16273787],[-74.301994,41.172594],[-74.320995,41.182394],[-74.32168967,41.18271312],[-74.32949219,41.18629752],[-74.34410818,41.19301194],[-74.3482455,41.19491258],[-74.35540653,41.19820228],[-74.36586476,41.20300667]]]},"properties":{"name":"Passaic=PASS","type":"county"}},
{"type":"Feature","geometry":{"type":"Polygon","coordinates":[[[-75.448135,39.773969],[-75.447339,39.773313],[-75.452339,39.769013],[-75.459439,39.765813],[-75.463339,39.761213],[-75.463039,39.758313],[-75.46509288,39.75348606],[-75.466249,39.750769],[-75.466263,39.750737],[-75.469239,39.743613],[-75.47188115,39.73924962],[-75.474168,39.735473],[-75.47483563,39.73304845],[-75.475384,39.731057],[-75.47544,39.728713],[-75.47724,39.724713],[-75.477432,39.720561],[-75.476888,39.718337],[-75.47761799,39.71511029],[-75.47761805,39.71511],[-75.47761806,39.71510998],[-75.47764,39.715013],[-75.47894,39.713813],[-75.48174067,39.71454633],[-75.4824187,39.71501439],[-75.483141,39.715513],[-75.485241,39.715813],[-75.488553,39.714833],[-75.491341,39.711113],[-75.496241,39.701413],[-75.504042,39.698313],[-75.507162,39.696961],[-75.509042,39.694513],[-75.509742,39.686113],[-75.509342,39.685313],[-75.51141888,39.67579792],[-75.511743,39.674313],[-75.514643,39.668613],[-75.51595297,39.66694898],[-75.518343,39.663913],[-75.51919059,39.66325611],[-75.51937122,39.66311613],[-75.522343,39.660813],[-75.5250292,39.65785892],[-75.52529223,39.65756966],[-75.526344,39.656413],[-75.526844,39.655713],[-75.526744,39.655113],[-75.52884897,39.65313307],[-75.52905408,39.65294015],[-75.53183998,39.65031975],[-75.53216881,39.65001045],[-75.535144,39.647212],[-75.53557167,39.64709729],[-75.539245,39.646112],[-75.53927681,39.64611086],[-75.542045,39.646012],[-75.5429526,39.64504591],[-75.54296247,39.64503541],[-75.54449388,39.64340531],[-75.54458009,39.64331355],[-75.547197,39.640528],[-75.5505309,39.63799857],[-75.550645,39.637912],[-75.556246,39.634912],[-75.55782597,39.63239392],[-75.559446,39.629812],[-75.559102,39.629056],[-75.559614,39.624208],[-75.558446,39.617296],[-75.556878,39.612144],[-75.557502,39.609184],[-75.556734,39.606688],[-75.55587,39.605824],[-75.553502,39.602],[-75.545405,39.596784],[-75.543965,39.596],[-75.539949,39.594384],[-75.53954,39.594251],[-75.537213,39.592944],[-75.534477,39.590384],[-75.531133,39.587984],[-75.525677,39.584048],[-75.521596,39.583088],[-75.519628,39.583248],[-75.515228,39.580752],[-75.512732,39.578],[-75.511932,39.567616],[-75.5139511,39.56403825],[-75.514756,39.562612],[-75.519026,39.555401],[-75.526003,39.548488],[-75.532342,39.54328],[-75.534014,39.540702],[-75.531575,39.536825],[-75.527676,39.535278],[-75.526787,39.53144],[-75.526654,39.526638],[-75.529978,39.510817],[-75.52998499,39.51058224],[-75.53014,39.505373],[-75.52939003,39.50134726],[-75.529368,39.501229],[-75.52879395,39.50094107],[-75.52773433,39.5004096],[-75.527141,39.500112],[-75.528088,39.498114],[-75.542693,39.496568],[-75.54427551,39.48053881],[-75.544368,39.479602],[-75.5439596,39.47706544],[-75.542894,39.470447],[-75.53657991,39.46078682],[-75.536431,39.460559],[-75.53600818,39.46053747],[-75.5344241,39.46045682],[-75.508383,39.459131],[-75.50680493,39.45551965],[-75.5058319,39.45329293],[-75.505672,39.452927],[-75.50508369,39.45260481],[-75.49838924,39.44893862],[-75.483572,39.440824],[-75.476279,39.438126],[-75.4653796,39.43891782],[-75.465212,39.43893],[-75.46512136,39.43878446],[-75.45826104,39.42776928],[-75.45154389,39.41698399],[-75.44772018,39.41084452],[-75.442393,39.402291],[-75.431803,39.391625],[-75.42214233,39.38654379],[-75.422099,39.386521],[-75.41349215,39.38386626],[-75.40718938,39.3819222],[-75.408619,39.387307],[-75.410836,39.387433],[-75.411392,39.387043],[-75.411956,39.38479],[-75.412703,39.384095],[-75.413633,39.384314],[-75.4169,39.387326],[-75.417288,39.388671],[-75.414797,39.390786],[-75.417798,39.393225],[-75.417999,39.394316],[-75.417746,39.395217],[-75.416865,39.395862],[-75.411584,39.394636],[-75.409361,39.394913],[-75.407456,39.395951],[-75.407372,39.398032],[-75.409882,39.399362],[-75.41124,39.400755],[-75.408584,39.402746],[-75.405033,39.406597],[-75.405354,39.407636],[-75.409767,39.408702],[-75.411286,39.408442],[-75.411812,39.407302],[-75.415187,39.407729],[-75.419407,39.411212],[-75.419562,39.413255],[-75.418797,39.415119],[-75.414755,39.419502],[-75.411203,39.42038],[-75.412338,39.422173],[-75.411984,39.423501],[-75.408753,39.423785],[-75.408174,39.424279],[-75.410106,39.43017],[-75.410851,39.430968],[-75.41207279,39.43099556],[-75.41438,39.428944],[-75.415275,39.428791],[-75.417678,39.429693],[-75.418821,39.432301],[-75.417908,39.43364],[-75.416559,39.434273],[-75.41290763,39.43348361],[-75.411556,39.433669],[-75.409389,39.437544],[-75.409571,39.443136],[-75.411476,39.447429],[-75.413409,39.450585],[-75.414041,39.45064],[-75.414662,39.451468],[-75.414305,39.453054],[-75.407791,39.458727],[-75.402825,39.461316],[-75.401308,39.461739],[-75.398622,39.46156],[-75.394081,39.459798],[-75.386566,39.457838],[-75.381134,39.458238],[-75.37663,39.456547],[-75.374949,39.455305],[-75.374639,39.454513],[-75.373677,39.45439],[-75.369572,39.455504],[-75.366383,39.457282],[-75.36382,39.461119],[-75.362889,39.46395],[-75.356953,39.469702],[-75.351437,39.470313],[-75.351337,39.470513],[-75.350939,39.471381],[-75.350537,39.474113],[-75.350726,39.475684],[-75.349964,39.478262],[-75.349399,39.479483],[-75.345462,39.483992],[-75.343937,39.488413],[-75.341846,39.490241],[-75.337985,39.490248],[-75.337115,39.489554],[-75.326525,39.488037],[-75.324236,39.489214],[-75.32062,39.490951],[-75.31824,39.491416],[-75.310435,39.498214],[-75.307009,39.501308],[-75.304933,39.503491],[-75.295144,39.510754],[-75.288528,39.516287],[-75.286887,39.517697],[-75.278133,39.52516],[-75.27087,39.531467],[-75.249631,39.549653],[-75.23988,39.558829],[-75.239529,39.559188],[-75.220532,39.547013],[-75.188531,39.526549],[-75.186288,39.525131],[-75.174295,39.517403],[-75.174264,39.517456],[-75.153539,39.504153],[-75.148902,39.501221],[-75.128825,39.487715],[-75.123825,39.484415],[-75.113425,39.477415],[-75.083823,39.457715],[-75.081023,39.462415],[-75.081923,39.466915],[-75.074922,39.482115],[-75.075222,39.488415],[-75.074322,39.491915],[-75.075086,39.493261],[-75.076422,39.495615],[-75.079054,39.502218],[-75.077922,39.504015],[-75.074522,39.520415],[-75.073022,39.521915],[-75.072322,39.524115],[-75.072321,39.535715],[-75.071521,39.536715],[-75.071121,39.540015],[-75.074421,39.544415],[-75.071521,39.548815],[-75.071021,39.550315],[-75.069821,39.553115],[-75.06792,39.555515],[-75.06662,39.556215],[-75.06642,39.560815],[-75.06182,39.568715],[-75.07702,39.579415],[-75.086321,39.586115],[-75.087621,39.586915],[-75.095821,39.592815],[-75.100621,39.596315],[-75.100641,39.59633],[-75.106111,39.600273],[-75.124622,39.613614],[-75.134098,39.620383],[-75.157125,39.636558],[-75.174872,39.649108],[-75.176092,39.649955],[-75.176596,39.650313],[-75.187156,39.65766],[-75.192481,39.661368],[-75.195823,39.663436],[-75.200111,39.667007],[-75.208199,39.665168],[-75.210533,39.664123],[-75.211586,39.664145],[-75.213143,39.664298],[-75.219079,39.662093],[-75.220865,39.661887],[-75.224649,39.663123],[-75.233256,39.661506],[-75.235651,39.662124],[-75.235789,39.662215],[-75.236643,39.662742],[-75.247921,39.66464],[-75.249854,39.667665],[-75.25075,39.670113],[-75.250478,39.673137],[-75.25163,39.676929],[-75.253966,39.678961],[-75.25795,39.679603],[-75.266398,39.682097],[-75.285823,39.679505],[-75.293216,39.684545],[-75.295248,39.685921],[-75.306304,39.689361],[-75.314465,39.688865],[-75.317105,39.691089],[-75.320933,39.691122],[-75.323089,39.690161],[-75.324129,39.689521],[-75.326049,39.689841],[-75.326673,39.690577],[-75.327041,39.696593],[-75.332945,39.699217],[-75.336498,39.704145],[-75.34557,39.706305],[-75.348082,39.709969],[-75.349762,39.711233],[-75.358866,39.713761],[-75.359939,39.713009],[-75.360079,39.713186],[-75.360787,39.716241],[-75.362995,39.716225],[-75.366547,39.720433],[-75.373131,39.723905],[-75.375203,39.725009],[-75.376787,39.726545],[-75.376083,39.731249],[-75.374723,39.734481],[-75.374819,39.736945],[-75.375459,39.73957],[-75.378411,39.745763],[-75.380019,39.748097],[-75.385907,39.746961],[-75.387187,39.748433],[-75.387443,39.750097],[-75.386659,39.751137],[-75.387636,39.752098],[-75.392356,39.752104],[-75.395911,39.754323],[-75.394468,39.755649],[-75.392212,39.754641],[-75.390188,39.755926],[-75.390003,39.756747],[-75.392253,39.760443],[-75.395835,39.76142],[-75.403988,39.761441],[-75.405812,39.763121],[-75.405988,39.764257],[-75.404404,39.769425],[-75.403316,39.769441],[-75.402756,39.768337],[-75.401812,39.767761],[-75.400212,39.767761],[-75.396932,39.769841],[-75.39522,39.772593],[-75.395172,39.773841],[-75.396324,39.774241],[-75.407989,39.787473],[-75.409013,39.787505],[-75.412533,39.784849],[-75.430582,39.783121],[-75.435782,39.781905],[-75.440022,39.780161],[-75.448135,39.773969]]]},"properties":{"name":"Salem=SAL","type":"county"}},
{"type":"Feature","geometry":{"type":"Polygon","coordinates":[[[-74.460797,40.674201],[-74.462098,40.672301],[-74.468598,40.668501],[-74.482398,40.666201],[-74.483698,40.666301],[-74.491198,40.663301],[-74.491398,40.661701],[-74.493799,40.661101],[-74.495399,40.662001],[-74.499599,40.661301],[-74.505199,40.656401],[-74.507599,40.652701],[-74.510599,40.650401],[-74.513299,40.649501],[-74.514099,40.650401],[-74.515799,40.650801],[-74.523011,40.648924],[-74.523061,40.648911],[-74.523599,40.649101],[-74.5264,40.652001],[-74.5266,40.657501],[-74.5261,40.660701],[-74.53,40.664701],[-74.5312,40.665501],[-74.533,40.665601],[-74.5293,40.669301],[-74.5257,40.671001],[-74.528,40.677301],[-74.5288,40.680201],[-74.5277,40.684501],[-74.5243,40.689201],[-74.5235,40.689301],[-74.5213,40.688101],[-74.516699,40.689501],[-74.517799,40.691201],[-74.514599,40.694401],[-74.513699,40.697701],[-74.514299,40.701101],[-74.5183,40.705301],[-74.5218,40.707901],[-74.5248,40.708501],[-74.5269,40.710701],[-74.5248,40.7125],[-74.5246,40.7158],[-74.5294,40.7193],[-74.5319,40.7198],[-74.532,40.721],[-74.5319,40.7212],[-74.5304,40.7259],[-74.5294,40.7266],[-74.5312,40.7299],[-74.5331,40.7301],[-74.5365,40.7313],[-74.5369,40.7319],[-74.54,40.7334],[-74.545101,40.7331],[-74.549401,40.7339],[-74.548101,40.7375],[-74.549001,40.7402],[-74.548963,40.740977],[-74.548701,40.7463],[-74.550901,40.7482],[-74.551001,40.751],[-74.553101,40.7562],[-74.555201,40.7567],[-74.555801,40.758],[-74.571102,40.7548],[-74.590402,40.7505],[-74.619203,40.744],[-74.630904,40.741201],[-74.637904,40.7395],[-74.658504,40.735],[-74.664404,40.7339],[-74.682605,40.7297],[-74.689705,40.7281],[-74.706669,40.724692],[-74.718941,40.721486],[-74.725759,40.719842],[-74.724306,40.7194],[-74.723606,40.7175],[-74.720806,40.7153],[-74.721406,40.713],[-74.719606,40.7064],[-74.717106,40.7056],[-74.715606,40.700401],[-74.717406,40.698401],[-74.720706,40.696801],[-74.720906,40.693101],[-74.723606,40.688901],[-74.724106,40.687201],[-74.721806,40.685101],[-74.717906,40.684201],[-74.718506,40.680701],[-74.721006,40.679201],[-74.721707,40.677899],[-74.722906,40.670601],[-74.723806,40.669401],[-74.730906,40.665501],[-74.730506,40.663601],[-74.729406,40.662801],[-74.729013,40.660532],[-74.727407,40.658502],[-74.719806,40.654501],[-74.719806,40.652301],[-74.723006,40.649101],[-74.724446,40.646559],[-74.724359,40.64379],[-74.722706,40.642401],[-74.723306,40.639601],[-74.724806,40.637801],[-74.728006,40.636401],[-74.727506,40.632802],[-74.726106,40.631702],[-74.717405,40.631602],[-74.713905,40.631002],[-74.711705,40.627202],[-74.706905,40.621702],[-74.703705,40.621202],[-74.711305,40.611402],[-74.713405,40.612302],[-74.715105,40.610102],[-74.718646,40.605341],[-74.719805,40.603602],[-74.721205,40.601802],[-74.721558,40.599995],[-74.719665,40.599131],[-74.723447,40.591527],[-74.724989,40.588625],[-74.722005,40.587702],[-74.713205,40.584102],[-74.715049,40.581239],[-74.717905,40.576802],[-74.719005,40.575302],[-74.719905,40.574002],[-74.723005,40.569202],[-74.726364,40.564989],[-74.728705,40.564103],[-74.743006,40.553303],[-74.746798,40.5479],[-74.747006,40.547603],[-74.749406,40.544103],[-74.751306,40.540903],[-74.761606,40.525303],[-74.774871,40.504274],[-74.779806,40.504337],[-74.784107,40.507403],[-74.785072,40.508497],[-74.789648,40.512215],[-74.797507,40.515603],[-74.782607,40.487904],[-74.776652,40.476731],[-74.772506,40.469104],[-74.753206,40.433205],[-74.752206,40.431505],[-74.748429,40.424351],[-74.74823,40.423991],[-74.736969,40.402758],[-74.735005,40.399305],[-74.725334,40.381178],[-74.722304,40.375406],[-74.719113,40.37672],[-74.717809,40.376906],[-74.717027,40.37705],[-74.703669,40.380043],[-74.703049,40.380203],[-74.698004,40.380906],[-74.679703,40.383606],[-74.674103,40.384506],[-74.670096,40.386184],[-74.666783,40.38717],[-74.66334,40.388194],[-74.659315,40.389394],[-74.654402,40.390906],[-74.651102,40.391706],[-74.636838,40.388084],[-74.629399,40.386186],[-74.623001,40.384506],[-74.621101,40.383106],[-74.618101,40.379706],[-74.617801,40.377606],[-74.619409,40.375169],[-74.619452,40.375107],[-74.614768,40.375106],[-74.611201,40.376606],[-74.610042,40.377199],[-74.602801,40.380906],[-74.5987,40.383706],[-74.595959,40.385785],[-74.5951,40.387506],[-74.592295,40.391784],[-74.592,40.392206],[-74.5876,40.397363],[-74.5873,40.399906],[-74.5859,40.402306],[-74.5863,40.406506],[-74.58585,40.408002],[-74.585201,40.411165],[-74.585926,40.415878],[-74.5858,40.418005],[-74.578487,40.421464],[-74.576394,40.422274],[-74.5727,40.423705],[-74.571371,40.424156],[-74.5701,40.424605],[-74.566253,40.425999],[-74.562075,40.427601],[-74.560499,40.428205],[-74.558818,40.428789],[-74.555899,40.429805],[-74.551918,40.431389],[-74.550233,40.432173],[-74.546693,40.433649],[-74.545299,40.434305],[-74.543018,40.435338],[-74.539713,40.436844],[-74.538126,40.437616],[-74.537757,40.437796],[-74.534999,40.439205],[-74.531699,40.441505],[-74.526598,40.445005],[-74.524012,40.447772],[-74.522105,40.449812],[-74.520898,40.451105],[-74.520182,40.451577],[-74.517689,40.453152],[-74.517392,40.453341],[-74.512454,40.456809],[-74.510461,40.458439],[-74.506729,40.461586],[-74.504498,40.463104],[-74.502621,40.46425],[-74.502132,40.464549],[-74.501929,40.464673],[-74.499598,40.466065],[-74.494397,40.469404],[-74.493497,40.470304],[-74.492897,40.470804],[-74.489397,40.474404],[-74.484597,40.479904],[-74.479697,40.483204],[-74.475997,40.484504],[-74.473297,40.485304],[-74.472497,40.485404],[-74.471497,40.485704],[-74.467017,40.487171],[-74.463497,40.489004],[-74.462556,40.489548],[-74.459296,40.490904],[-74.458896,40.495904],[-74.460196,40.498404],[-74.465634,40.501861],[-74.466997,40.504804],[-74.466897,40.505304],[-74.466897,40.507904],[-74.466997,40.508204],[-74.477548,40.510792],[-74.482539,40.512614],[-74.485189,40.516024],[-74.489063,40.5211],[-74.491785,40.524668],[-74.497941,40.531038],[-74.499364,40.531953],[-74.505874,40.536138],[-74.506978,40.536821],[-74.511453,40.539429],[-74.515501,40.544815],[-74.517391,40.552167],[-74.519799,40.555403],[-74.522399,40.557803],[-74.527099,40.559303],[-74.526999,40.559703],[-74.526699,40.560203],[-74.525299,40.560203],[-74.524899,40.561003],[-74.524499,40.561803],[-74.525099,40.566303],[-74.523383,40.569432],[-74.520799,40.573702],[-74.515099,40.579102],[-74.511916,40.581693],[-74.509799,40.582702],[-74.509199,40.583902],[-74.507499,40.584702],[-74.501898,40.583602],[-74.498598,40.585702],[-74.493798,40.586102],[-74.492598,40.587102],[-74.488398,40.587302],[-74.482498,40.589302],[-74.477798,40.592702],[-74.477606,40.592854],[-74.474397,40.595402],[-74.473597,40.596502],[-74.469697,40.598102],[-74.462997,40.598902],[-74.461652,40.599171],[-74.459497,40.599602],[-74.459297,40.600902],[-74.457697,40.602202],[-74.455397,40.602402],[-74.454997,40.604002],[-74.451597,40.603602],[-74.449897,40.605402],[-74.448497,40.607702],[-74.445397,40.609102],[-74.444097,40.608902],[-74.437496,40.610002],[-74.433696,40.613402],[-74.43359,40.613543],[-74.433396,40.613802],[-74.429396,40.616102],[-74.427396,40.617202],[-74.426796,40.617902],[-74.425096,40.619002],[-74.423696,40.620702],[-74.423996,40.620916],[-74.423465,40.624356],[-74.422196,40.62566],[-74.421706,40.625747],[-74.421296,40.626202],[-74.418475,40.627268],[-74.417169,40.629311],[-74.417145,40.629406],[-74.417064,40.629729],[-74.416596,40.631002],[-74.41567,40.631999],[-74.415239,40.633378],[-74.415196,40.637602],[-74.414921,40.638565],[-74.413796,40.640802],[-74.413196,40.642102],[-74.412267,40.642388],[-74.410696,40.642602],[-74.408495,40.644502],[-74.407288,40.646663],[-74.406595,40.648302],[-74.406995,40.649202],[-74.403895,40.654802],[-74.402995,40.656402],[-74.403395,40.660002],[-74.402095,40.663302],[-74.402395,40.664602],[-74.403695,40.666501],[-74.405496,40.667701],[-74.408849,40.665878],[-74.412935,40.662657],[-74.415396,40.662302],[-74.417396,40.661102],[-74.417796,40.659902],[-74.420496,40.657802],[-74.421496,40.657802],[-74.424196,40.661002],[-74.427296,40.663101],[-74.428596,40.663201],[-74.434196,40.664301],[-74.434435,40.664174],[-74.436997,40.663401],[-74.441506,40.659538],[-74.442997,40.658501],[-74.449289,40.655089],[-74.449637,40.654936],[-74.451697,40.654202],[-74.452697,40.656401],[-74.454314,40.659939],[-74.457397,40.666601],[-74.460797,40.674201]]]},"properties":{"name":"Somerset=SOM","type":"county"}},
{"type":"Feature","geometry":{"type":"Polygon","coordinates":[[[-74.36586476,41.20300667],[-74.36999396,41.20490358],[-74.378898,41.208994],[-74.41322653,41.2261094],[-74.41339942,41.2261956],[-74.41437696,41.22668298],[-74.42020712,41.22958976],[-74.42095992,41.22996509],[-74.4242243,41.23159263],[-74.457584,41.248225],[-74.46848301,41.25318414],[-74.47100554,41.25433192],[-74.47700693,41.2570626],[-74.499603,41.267344],[-74.53645814,41.28459403],[-74.55605885,41.29376813],[-74.57349908,41.30193103],[-74.607348,41.317774],[-74.641544,41.332879],[-74.64902815,41.33632084],[-74.66177752,41.34218407],[-74.68541081,41.35305264],[-74.694914,41.357423],[-74.700595,41.354553],[-74.704429,41.354043],[-74.708514,41.352734],[-74.720923,41.347384],[-74.730373,41.345983],[-74.735622,41.346518],[-74.753239,41.346122],[-74.755971,41.344953],[-74.760325,41.340325],[-74.76048526,41.33988283],[-74.76185425,41.33610584],[-74.76304869,41.33281039],[-74.763499,41.331568],[-74.76436636,41.33075594],[-74.76578271,41.3294299],[-74.766714,41.328558],[-74.771588,41.325079],[-74.77218761,41.32494214],[-74.77359939,41.3246199],[-74.774887,41.324326],[-74.781584,41.324229],[-74.789095,41.323281],[-74.792116,41.322465],[-74.794764,41.32060126],[-74.79504,41.320407],[-74.79508414,41.32030026],[-74.795822,41.318516],[-74.792377,41.314088],[-74.791991,41.311639],[-74.792558,41.310628],[-74.806858,41.303155],[-74.812033,41.298157],[-74.815703,41.296151],[-74.821884,41.293838],[-74.830057,41.2872],[-74.834067,41.281111],[-74.83639666,41.2790382],[-74.838366,41.277286],[-74.841137,41.27098],[-74.846319,41.263077],[-74.846506,41.261576],[-74.845031,41.258055],[-74.845883,41.254945],[-74.846932,41.253318],[-74.848987,41.251192],[-74.854669,41.25051],[-74.856003,41.250094],[-74.857151,41.248975],[-74.861678,41.241575],[-74.862049,41.237609],[-74.866182,41.232132],[-74.867405,41.22777],[-74.866839,41.226865],[-74.860837,41.222317],[-74.859323,41.220507],[-74.85952988,41.21954958],[-74.859632,41.219077],[-74.860398,41.217454],[-74.867287,41.208754],[-74.87142541,41.20249087],[-74.87230729,41.20115622],[-74.874034,41.198543],[-74.878275,41.190489],[-74.878492,41.187504],[-74.882139,41.180836],[-74.889424,41.1736],[-74.899701,41.166181],[-74.901172,41.16387],[-74.90178,41.161394],[-74.905256,41.155668],[-74.923169,41.138146],[-74.931141,41.133387],[-74.945067,41.129052],[-74.947714,41.126292],[-74.947334,41.124439],[-74.947912,41.12356],[-74.964294,41.114237],[-74.966298,41.113669],[-74.969312,41.113869],[-74.972917,41.113327],[-74.979873,41.110423],[-74.982212,41.108245],[-74.991718,41.092284],[-74.991815,41.089132],[-74.991013,41.088578],[-74.988263,41.088222],[-74.984782,41.088545],[-74.98361019,41.08898933],[-74.981314,41.08986],[-74.97583311,41.09369826],[-74.975298,41.094073],[-74.972036,41.095562],[-74.969434,41.096074],[-74.967464,41.095327],[-74.96728619,41.09484728],[-74.965962,41.093654],[-74.963719,41.091634],[-74.940129,41.069776],[-74.938971,41.068729],[-74.93133,41.061823],[-74.907878,41.039872],[-74.886491,41.020027],[-74.886006,41.019581],[-74.88517,41.018812],[-74.884281,41.017994],[-74.882273,41.016146],[-74.881815,41.015725],[-74.879782,41.013854],[-74.878736,41.012892],[-74.875997,41.010371],[-74.860713,40.996306],[-74.860273,40.995901],[-74.854413,40.990497],[-74.843212,40.980297],[-74.842811,40.979911],[-74.836712,40.974297],[-74.821711,40.960697],[-74.814311,40.954198],[-74.80091,40.941898],[-74.78921,40.931298],[-74.767909,40.911898],[-74.764611,40.912263],[-74.76033,40.912844],[-74.753938,40.914617],[-74.7536,40.914742],[-74.75167,40.916063],[-74.751117,40.918006],[-74.747164,40.919929],[-74.741714,40.920232],[-74.738066,40.918919],[-74.736372,40.918977],[-74.736302,40.91901],[-74.734925,40.919481],[-74.733093,40.920347],[-74.731608,40.920798],[-74.728654,40.91736],[-74.728532,40.916412],[-74.723628,40.914769],[-74.722425,40.914652],[-74.72166,40.91416],[-74.720861,40.913646],[-74.717282,40.910843],[-74.712802,40.908101],[-74.712172,40.904438],[-74.713588,40.903058],[-74.714407,40.902498],[-74.713907,40.900298],[-74.711707,40.899198],[-74.706807,40.901498],[-74.705007,40.901698],[-74.704807,40.901698],[-74.704207,40.901898],[-74.704115,40.901939],[-74.696006,40.906498],[-74.694906,40.906298],[-74.692806,40.904798],[-74.69276,40.904772],[-74.691406,40.903998],[-74.688906,40.905198],[-74.688006,40.908798],[-74.684107,40.910099],[-74.683206,40.910098],[-74.677106,40.910398],[-74.675035,40.911534],[-74.674006,40.912098],[-74.670263,40.91434],[-74.665706,40.916998],[-74.664906,40.917367],[-74.664405,40.917598],[-74.663105,40.917998],[-74.65303,40.921623],[-74.651994,40.922762],[-74.651805,40.923298],[-74.653638,40.925909],[-74.653053,40.928821],[-74.645791,40.934146],[-74.6394,40.938639],[-74.636305,40.942398],[-74.634837,40.9507],[-74.636654,40.954105],[-74.640904,40.9591],[-74.641424,40.961365],[-74.638993,40.967267],[-74.628707,40.976458],[-74.61367,40.99012],[-74.605284,40.997431],[-74.593162,41.008249],[-74.584203,41.016497],[-74.548303,41.048097],[-74.536002,41.058497],[-74.505436,41.08438],[-74.504852,41.084874],[-74.503791,41.085113],[-74.502801,41.085996],[-74.482601,41.103796],[-74.481701,41.104696],[-74.481401,41.104896],[-74.477701,41.107996],[-74.450681,41.131085],[-74.43509,41.14436],[-74.416899,41.159595],[-74.39863,41.175063],[-74.39492,41.178205],[-74.393415,41.179479],[-74.389498,41.182795],[-74.373523,41.196419],[-74.36586613,41.20300549],[-74.36586476,41.20300667]]]},"properties":{"name":"Sussex=SUS","type":"county"}},
{"type":"Feature","geometry":{"type":"Polygon","coordinates":[[[-74.371895,40.7393],[-74.371295,40.735],[-74.373895,40.7337],[-74.377695,40.7343],[-74.380295,40.7333],[-74.379295,40.729001],[-74.385295,40.724301],[-74.387095,40.725801],[-74.390495,40.725501],[-74.390795,40.718401],[-74.392695,40.718001],[-74.395995,40.717301],[-74.398906,40.717914],[-74.402396,40.718001],[-74.407196,40.713501],[-74.409196,40.710001],[-74.410996,40.709501],[-74.412496,40.710301],[-74.413796,40.708001],[-74.414496,40.706601],[-74.416596,40.705301],[-74.425096,40.702001],[-74.427096,40.701801],[-74.428997,40.699001],[-74.430484,40.696596],[-74.431697,40.693101],[-74.435197,40.693401],[-74.438197,40.691801],[-74.437997,40.690301],[-74.439897,40.689701],[-74.444297,40.687901],[-74.445597,40.688001],[-74.446497,40.686701],[-74.448897,40.685701],[-74.451797,40.685801],[-74.453197,40.683501],[-74.452297,40.679701],[-74.453597,40.677301],[-74.453097,40.676501],[-74.454697,40.674301],[-74.458797,40.675101],[-74.460797,40.674201],[-74.457397,40.666601],[-74.454314,40.659939],[-74.452697,40.656401],[-74.451697,40.654202],[-74.449637,40.654936],[-74.449289,40.655089],[-74.442997,40.658501],[-74.441506,40.659538],[-74.436997,40.663401],[-74.434435,40.664174],[-74.434196,40.664301],[-74.428596,40.663201],[-74.427296,40.663101],[-74.424196,40.661002],[-74.421496,40.657802],[-74.420496,40.657802],[-74.417796,40.659902],[-74.417396,40.661102],[-74.415396,40.662302],[-74.412935,40.662657],[-74.408849,40.665878],[-74.405496,40.667701],[-74.403695,40.666501],[-74.402395,40.664602],[-74.402095,40.663302],[-74.403395,40.660002],[-74.402995,40.656402],[-74.403895,40.654802],[-74.406995,40.649202],[-74.406595,40.648302],[-74.407288,40.646663],[-74.408495,40.644502],[-74.410696,40.642602],[-74.412267,40.642388],[-74.413196,40.642102],[-74.413796,40.640802],[-74.414921,40.638565],[-74.415196,40.637602],[-74.415239,40.633378],[-74.41567,40.631999],[-74.416596,40.631002],[-74.417064,40.629729],[-74.417145,40.629406],[-74.417169,40.629311],[-74.418475,40.627268],[-74.421296,40.626202],[-74.421706,40.625747],[-74.422196,40.62566],[-74.423465,40.624356],[-74.423996,40.620916],[-74.423696,40.620702],[-74.425096,40.619002],[-74.426796,40.617902],[-74.427396,40.617202],[-74.429396,40.616102],[-74.433396,40.613802],[-74.43359,40.613543],[-74.433696,40.613402],[-74.437496,40.610002],[-74.444097,40.608902],[-74.445397,40.609102],[-74.448497,40.607702],[-74.449897,40.605402],[-74.451597,40.603602],[-74.454997,40.604002],[-74.455397,40.602402],[-74.457697,40.602202],[-74.459297,40.600902],[-74.459497,40.599602],[-74.461652,40.599171],[-74.462997,40.598902],[-74.458197,40.594502],[-74.456797,40.595502],[-74.455297,40.595502],[-74.445896,40.596402],[-74.444496,40.596502],[-74.438196,40.597102],[-74.437196,40.597202],[-74.426496,40.598102],[-74.424696,40.598302],[-74.420796,40.598603],[-74.415995,40.599103],[-74.407395,40.599803],[-74.402095,40.600303],[-74.394595,40.600903],[-74.377894,40.601903],[-74.372794,40.602303],[-74.358393,40.603603],[-74.356393,40.603803],[-74.346893,40.604703],[-74.338493,40.605503],[-74.331693,40.606203],[-74.330948,40.605733],[-74.330185,40.605783],[-74.328292,40.605803],[-74.328184,40.604999],[-74.322992,40.606503],[-74.321908,40.607001],[-74.320692,40.607203],[-74.313292,40.608003],[-74.310892,40.608103],[-74.303392,40.608903],[-74.303492,40.607203],[-74.304992,40.606503],[-74.303692,40.605603],[-74.304592,40.603103],[-74.304692,40.602703],[-74.305592,40.600603],[-74.300691,40.598203],[-74.298091,40.596503],[-74.297179,40.595923],[-74.295291,40.594603],[-74.295091,40.594503],[-74.292891,40.593003],[-74.292591,40.592703],[-74.291791,40.592103],[-74.291391,40.591903],[-74.288358,40.592497],[-74.280691,40.593903],[-74.280091,40.594003],[-74.27349,40.595203],[-74.266371,40.596501],[-74.26009,40.597603],[-74.25849,40.602103],[-74.25581,40.60219],[-74.25381,40.60099],[-74.24779,40.600103],[-74.242576,40.60022],[-74.240089,40.601103],[-74.238289,40.602803],[-74.236669,40.602893],[-74.235905,40.602512],[-74.234767,40.601945],[-74.234067,40.600345],[-74.232467,40.599145],[-74.231748,40.598881],[-74.228889,40.600103],[-74.223889,40.600403],[-74.218789,40.602203],[-74.216889,40.604703],[-74.215489,40.604503],[-74.213589,40.602403],[-74.212789,40.598904],[-74.208013,40.59536],[-74.20671556,40.5946948],[-74.20528162,40.60629964],[-74.20399751,40.61669194],[-74.20332261,40.62215392],[-74.202223,40.631053],[-74.20050647,40.6327253],[-74.19641383,40.63671248],[-74.19140795,40.64158937],[-74.189106,40.643832],[-74.18797363,40.64465728],[-74.18784876,40.64474829],[-74.186027,40.646076],[-74.181083,40.646484],[-74.16110459,40.64405613],[-74.160288,40.645903],[-74.152387,40.655603],[-74.140108,40.670421],[-74.13822,40.672699],[-74.136387,40.674802],[-74.147687,40.681302],[-74.154288,40.685902],[-74.159088,40.686302],[-74.161788,40.689602],[-74.163088,40.689702],[-74.165188,40.690202],[-74.168088,40.689902],[-74.169688,40.688602],[-74.179288,40.688302],[-74.192789,40.687302],[-74.193289,40.687202],[-74.197489,40.687002],[-74.198489,40.686902],[-74.201889,40.686702],[-74.204189,40.688002],[-74.207589,40.689702],[-74.208589,40.690202],[-74.209042,40.690428],[-74.212289,40.699102],[-74.213389,40.700801],[-74.21919,40.704801],[-74.22039,40.705701],[-74.220798,40.70601],[-74.222082,40.706988],[-74.22329,40.707401],[-74.22609,40.707801],[-74.22689,40.708001],[-74.228149,40.708219],[-74.229211,40.708402],[-74.231977,40.708881],[-74.233012,40.709061],[-74.236765,40.709651],[-74.238448,40.709965],[-74.24349,40.711101],[-74.24419,40.711101],[-74.24459,40.711201],[-74.24579,40.711401],[-74.245861,40.711444],[-74.24889,40.712001],[-74.252191,40.712601],[-74.255791,40.713301],[-74.256291,40.713301],[-74.260291,40.714601],[-74.262591,40.715201],[-74.263291,40.715501],[-74.266531,40.716449],[-74.267391,40.716701],[-74.269391,40.717301],[-74.269891,40.717501],[-74.272091,40.718101],[-74.274143,40.718809],[-74.276191,40.719401],[-74.276991,40.719701],[-74.277291,40.719701],[-74.278391,40.720101],[-74.279191,40.720301],[-74.283692,40.721601],[-74.284792,40.721901],[-74.285492,40.722101],[-74.290792,40.721301],[-74.292292,40.721201],[-74.294192,40.719301],[-74.294592,40.718101],[-74.294592,40.717501],[-74.295192,40.716601],[-74.297492,40.716101],[-74.297692,40.715401],[-74.298692,40.714801],[-74.299892,40.714301],[-74.300792,40.713901],[-74.302092,40.713301],[-74.303692,40.713301],[-74.304447,40.713479],[-74.306992,40.714001],[-74.308792,40.714501],[-74.315993,40.719201],[-74.318993,40.719201],[-74.320993,40.719101],[-74.322693,40.718401],[-74.325693,40.717201],[-74.332093,40.720201],[-74.338794,40.723401],[-74.339894,40.723901],[-74.341194,40.724301],[-74.348794,40.730101],[-74.351194,40.731301],[-74.352794,40.732501],[-74.352894,40.733001],[-74.355094,40.7339],[-74.356074,40.734654],[-74.356394,40.7349],[-74.363395,40.7375],[-74.363495,40.7373],[-74.365495,40.7377],[-74.367097,40.738337],[-74.367695,40.7385],[-74.370295,40.7394],[-74.369895,40.7389],[-74.371395,40.7394],[-74.371895,40.7393]]]},"properties":{"name":"Union=UNI","type":"county"}},
{"type":"Feature","geometry":{"type":"Polygon","coordinates":[[[-74.767909,40.911898],[-74.78921,40.931298],[-74.80091,40.941898],[-74.814311,40.954198],[-74.821711,40.960697],[-74.836712,40.974297],[-74.842811,40.979911],[-74.843212,40.980297],[-74.854413,40.990497],[-74.860273,40.995901],[-74.860713,40.996306],[-74.875997,41.010371],[-74.878736,41.012892],[-74.879782,41.013854],[-74.881815,41.015725],[-74.882273,41.016146],[-74.884281,41.017994],[-74.88517,41.018812],[-74.886006,41.019581],[-74.886491,41.020027],[-74.907878,41.039872],[-74.93133,41.061823],[-74.938971,41.068729],[-74.940129,41.069776],[-74.963719,41.091634],[-74.965962,41.093654],[-74.96728619,41.09484728],[-74.96688083,41.09375369],[-74.966759,41.093425],[-74.96684618,41.09312399],[-74.968389,41.087797],[-74.970987,41.085293],[-74.98259,41.079172],[-74.989332,41.078319],[-74.994847,41.076556],[-74.999617,41.073943],[-75.006376,41.067546],[-75.011133,41.067521],[-75.01257,41.066281],[-75.015271,41.061215],[-75.015867,41.05821],[-75.017239,41.055491],[-75.019186,41.052968],[-75.025702,41.046482],[-75.026376,41.04444],[-75.02543,41.04071],[-75.025777,41.039806],[-75.030701,41.038416],[-75.034496,41.036755],[-75.040668,41.031755],[-75.070532,41.01862],[-75.074999,41.01713],[-75.081101,41.016838],[-75.089787,41.014549],[-75.090312,41.013302],[-75.09117086,41.01257679],[-75.09259394,41.01137514],[-75.095556,41.008874],[-75.09645256,41.00849656],[-75.0994795,41.00722224],[-75.100682,41.006716],[-75.109114,41.004102],[-75.110595,41.002174],[-75.123423,40.996129],[-75.127196,40.993954],[-75.12816198,40.99313611],[-75.12902272,40.99240731],[-75.130575,40.991093],[-75.13087017,40.99047298],[-75.13149598,40.98915842],[-75.131619,40.9889],[-75.13161114,40.98854791],[-75.13153,40.984914],[-75.132106,40.982566],[-75.133086,40.980179],[-75.135521,40.976865],[-75.135526,40.973807],[-75.13378,40.970973],[-75.131364,40.969277],[-75.129074,40.968976],[-75.122603,40.970152],[-75.12146009,40.96917673],[-75.120435,40.968302],[-75.11977,40.96651],[-75.12065,40.964028],[-75.120316,40.96263],[-75.119893,40.961646],[-75.118904,40.956361],[-75.117764,40.953023],[-75.111683,40.948111],[-75.106153,40.939671],[-75.105524,40.936294],[-75.1002224,40.92976211],[-75.09772,40.926679],[-75.095526,40.924152],[-75.08865299,40.91981084],[-75.079279,40.91389],[-75.07883105,40.91311675],[-75.076956,40.90988],[-75.076092,40.907042],[-75.075188,40.900154],[-75.075957,40.895694],[-75.07534,40.894162],[-75.07392,40.892176],[-75.065438,40.885682],[-75.062149,40.882289],[-75.058655,40.877654],[-75.053664,40.87366],[-75.051508,40.870224],[-75.050839,40.868067],[-75.051029,40.865662],[-75.05251718,40.86187618],[-75.053294,40.8599],[-75.05397554,40.85924848],[-75.05405632,40.85917126],[-75.05406673,40.8591613],[-75.060491,40.85302],[-75.064328,40.848338],[-75.066014,40.847591],[-75.07083,40.847392],[-75.073544,40.84894],[-75.076684,40.849875],[-75.090962,40.849187],[-75.095784,40.847082],[-75.097221,40.844672],[-75.097586,40.843042],[-75.097572,40.840967],[-75.097006,40.839336],[-75.09494,40.837103],[-75.08740362,40.8314901],[-75.08702773,40.83121015],[-75.085517,40.830085],[-75.08471909,40.82901171],[-75.08410647,40.82818765],[-75.083822,40.827805],[-75.083929,40.824471],[-75.08404502,40.82427214],[-75.08404558,40.82427118],[-75.085387,40.821972],[-75.090518,40.815913],[-75.09571991,40.81249188],[-75.096147,40.812211],[-75.098279,40.810286],[-75.100277,40.807578],[-75.100739,40.805488],[-75.100165,40.803],[-75.100277,40.801176],[-75.1008,40.799797],[-75.108505,40.791094],[-75.11069058,40.7901714],[-75.11069214,40.79017074],[-75.111343,40.789896],[-75.11610948,40.78942273],[-75.11637838,40.78939603],[-75.116842,40.78935],[-75.123088,40.786746],[-75.125867,40.784026],[-75.131465,40.77595],[-75.133303,40.774124],[-75.1344,40.773765],[-75.139106,40.773606],[-75.149378,40.774786],[-75.16365,40.778386],[-75.169523,40.778473],[-75.171587,40.777745],[-75.17253215,40.77687816],[-75.173349,40.776129],[-75.17562,40.772923],[-75.176855,40.768721],[-75.177477,40.764225],[-75.17904,40.761897],[-75.183037,40.759344],[-75.191796,40.75583],[-75.196533,40.751631],[-75.196861,40.750097],[-75.196325,40.747137],[-75.195349,40.745473],[-75.18983427,40.7407432],[-75.18657632,40.73794898],[-75.18578,40.737266],[-75.182804,40.73365],[-75.182084,40.731522],[-75.1825,40.729922],[-75.18529854,40.72562012],[-75.18607424,40.72442772],[-75.186372,40.72397],[-75.189412,40.71797],[-75.192612,40.715874],[-75.19341467,40.71505002],[-75.19413309,40.71431253],[-75.19442,40.714018],[-75.1980937,40.70656808],[-75.19872,40.705298],[-75.20035807,40.70095082],[-75.2028062,40.69445386],[-75.20392,40.691498],[-75.2019821,40.6876222],[-75.20178161,40.68722121],[-75.20142711,40.68651223],[-75.20092,40.685498],[-75.19692,40.681299],[-75.19083423,40.67945599],[-75.19058,40.679379],[-75.18989158,40.67944621],[-75.18966375,40.67946845],[-75.184516,40.679971],[-75.18351254,40.67981662],[-75.18191241,40.67957045],[-75.180564,40.679363],[-75.18021875,40.67917374],[-75.17829916,40.67812141],[-75.177587,40.677731],[-75.17751826,40.67755425],[-75.176803,40.675715],[-75.177491,40.672595],[-75.18065522,40.66861404],[-75.18120733,40.66791941],[-75.182756,40.665971],[-75.18281845,40.66594498],[-75.18794,40.663811],[-75.190852,40.661939],[-75.19165654,40.66099742],[-75.196676,40.655123],[-75.200452,40.649219],[-75.200468,40.646899],[-75.193492,40.642275],[-75.19337934,40.64213863],[-75.19250023,40.64107444],[-75.192276,40.640803],[-75.191059,40.637971],[-75.19033169,40.63405788],[-75.188579,40.624628],[-75.18905446,40.62251006],[-75.18910688,40.62227654],[-75.189283,40.621492],[-75.190691,40.619956],[-75.197891,40.619332],[-75.200708,40.618356],[-75.201812,40.617188],[-75.201348,40.614628],[-75.198499,40.611492],[-75.196803,40.60858],[-75.195923,40.606788],[-75.192291,40.602676],[-75.19063572,40.59317107],[-75.19045584,40.59213817],[-75.189219,40.592452],[-75.185475,40.592644],[-75.181363,40.594356],[-75.178259,40.5981],[-75.175774,40.598679],[-75.173827,40.60362],[-75.172643,40.605188],[-75.168883,40.606676],[-75.163155,40.611508],[-75.161523,40.61506],[-75.162307,40.6173],[-75.161795,40.61802],[-75.153938,40.621956],[-75.151618,40.620692],[-75.149682,40.620772],[-75.147746,40.62322],[-75.148386,40.62618],[-75.146002,40.628916],[-75.135346,40.63058],[-75.130738,40.632388],[-75.128834,40.634036],[-75.124703,40.635387],[-75.124618,40.635421],[-75.121018,40.636534],[-75.120642,40.636516],[-75.119007,40.636437],[-75.117685,40.636735],[-75.114742,40.637149],[-75.109933,40.639079],[-75.108409,40.640501],[-75.108797,40.64111],[-75.108497,40.642666],[-75.106096,40.644772],[-75.095343,40.648666],[-75.09246,40.651184],[-75.088981,40.655509],[-75.082518,40.657433],[-75.07901,40.659694],[-75.07642,40.663452],[-75.073806,40.665558],[-75.071827,40.666373],[-75.062176,40.66954],[-75.060072,40.672926],[-75.056346,40.675581],[-75.049042,40.679401],[-75.047539,40.679699],[-75.043211,40.67892],[-75.03825,40.683542],[-75.03314,40.684112],[-75.022345,40.692072],[-75.009479,40.694529],[-75.004622,40.693227],[-74.999985,40.69673],[-74.999615,40.697051],[-74.991986,40.702775],[-74.988559,40.704173],[-74.983446,40.705356],[-74.981344,40.706052],[-74.979664,40.710698],[-74.975212,40.710791],[-74.971964,40.709899],[-74.970371,40.709923],[-74.968777,40.710541],[-74.968143,40.711633],[-74.967842,40.712149],[-74.963557,40.720387],[-74.960001,40.723165],[-74.958167,40.725668],[-74.951461,40.728232],[-74.949085,40.73171],[-74.943923,40.737041],[-74.941694,40.73871],[-74.939025,40.742415],[-74.938077,40.743198],[-74.93251,40.7483],[-74.931138,40.750099],[-74.930501,40.75158],[-74.927013,40.754647],[-74.925226,40.755762],[-74.922665,40.756557],[-74.915826,40.761632],[-74.914914,40.764399],[-74.911997,40.767067],[-74.904919,40.770753],[-74.903253,40.772936],[-74.904121,40.780878],[-74.889888,40.787703],[-74.8891,40.788748],[-74.885003,40.791018],[-74.88348,40.791266],[-74.881266,40.790683],[-74.879543,40.790779],[-74.877529,40.791923],[-74.873785,40.794423],[-74.870354,40.794673],[-74.868061,40.795827],[-74.864865,40.801509],[-74.863174,40.80328],[-74.861574,40.803435],[-74.860561,40.801513],[-74.859761,40.801031],[-74.850826,40.803815],[-74.849413,40.805273],[-74.841934,40.813427],[-74.839527,40.816503],[-74.835209,40.819166],[-74.835191,40.821749],[-74.832911,40.823599],[-74.830746,40.824465],[-74.830013,40.825494],[-74.831789,40.827025],[-74.831834,40.828097],[-74.831711,40.828399],[-74.827834,40.832265],[-74.82311,40.834899],[-74.819291,40.836106],[-74.818206,40.837241],[-74.822597,40.845153],[-74.82171,40.848599],[-74.820851,40.849586],[-74.816524,40.851156],[-74.814864,40.851168],[-74.812519,40.852503],[-74.802956,40.861993],[-74.801924,40.863925],[-74.802139,40.864733],[-74.806571,40.867544],[-74.80597,40.873382],[-74.805554,40.874947],[-74.806785,40.877348],[-74.80721,40.881998],[-74.806168,40.88393],[-74.803073,40.886201],[-74.794174,40.88915],[-74.791187,40.890672],[-74.789415,40.893154],[-74.790139,40.894724],[-74.790015,40.896223],[-74.787166,40.89819],[-74.785888,40.898365],[-74.782161,40.902693],[-74.781657,40.90287],[-74.781543,40.902913],[-74.77927,40.905815],[-74.77571,40.905577],[-74.767909,40.911898]]]},"properties":{"name":"Warren=WAR","type":"county"}}
]}