{"type":"FeatureCollection", "features": [
{"type":"Feature","geometry":{"type":"Polygon","coordinates":[[[-85.0619389430691,45.2366479918169],[-85.0620978791691,45.2365952108154],[-85.0621945934496,45.236503486878],[-85.0622344218962,45.2363145365213],[-85.0621362768605,45.235954014471],[-85.0621761583272,45.2357822289758],[-85.0621028547875,45.235604869022],[-85.0621506104457,45.235370108295],[-85.0619140403013,45.234683483664],[-85.0618648497917,45.2344660152078],[-85.0618965915864,45.2342770696831],[-85.0617504933602,45.2340883456218],[-85.0611025637506,45.2336827492],[-85.0604961994285,45.2336491867828],[-85.0599710922667,45.2337471717109],[-85.0597769570868,45.2337073427089],[-85.0590964249533,45.2332101870116],[-85.0590394844736,45.2330957788055],[-85.0588049951328,45.2330731749793],[-85.0587073124805,45.2328500464518],[-85.058399965636,45.232793189504],[-85.0582211938954,45.2324842982756],[-85.0582936959974,45.2324040624493],[-85.0585198667589,45.2323522565146],[-85.0582846609701,45.2320949560091],[-85.0577824907919,45.2317635710057],[-85.0575957747105,45.2315004778798],[-85.0571976215019,45.2311760042216],[-85.0567067626218,45.2310636606262],[-85.0559170291084,45.230643315919],[-85.0552286991875,45.2305446095689],[-85.0550505097575,45.2304526474656],[-85.0542485736986,45.2296723929593],[-85.0539894069272,45.2295058440451],[-85.0527260408067,45.2290395337095],[-85.0525478616134,45.2289246628979],[-85.051859528561,45.2287629503276],[-85.0517137353125,45.2286595987241],[-85.050701434902,45.2281995107265],[-85.0502478332324,45.2276833119672],[-85.0497942707718,45.2272644319174],[-85.048822476993,45.2267471578375],[-85.0478624942868,45.2267350430353],[-85.0474543093796,45.2272698428345],[-85.0473784489196,45.2273046672032],[-85.0470687177097,45.2272205323896],[-85.0435636913199,45.225857928193],[-85.0434185952415,45.2258318929429],[-85.0420832410565,45.2258632826837],[-85.040487933215,45.2258357302894],[-85.0402713251173,45.2263835298525],[-85.0389150795045,45.2260990405123],[-85.0371389630645,45.2255972232506],[-85.0370424531107,45.2310350703161],[-85.0377746372882,45.2316369876154],[-85.0395851328514,45.2334555398718],[-85.0369996440416,45.2334467862615],[-85.0369286804836,45.237052953164],[-85.043242978139,45.2370679714458],[-85.0452474844238,45.2391612205987],[-85.0467890991772,45.2406883930295],[-85.0584550704199,45.2407486177381],[-85.0593176524359,45.2394037512817],[-85.0597363239566,45.2388536680479],[-85.0610091834569,45.2374323736573],[-85.0617344844031,45.2367158903099],[-85.0619389430691,45.2366479918169]]]},"properties":{"NAME":"Young State Park","CreatedUser":"MichiganDNR"}},
{"type":"Feature","geometry":{"type":"MultiPolygon","coordinates":[[[[-82.8549468101815,42.7479173551034],[-82.855379852388,42.7479067081758],[-82.8553645703443,42.7473030638394],[-82.8561078140252,42.7472911193204],[-82.8559030050956,42.7403952975204],[-82.8555457486229,42.7373837732303],[-82.8550597965705,42.7373966471721],[-82.8549767804289,42.7357489268746],[-82.8521955439158,42.7358250187073],[-82.852129918913,42.735175753162],[-82.8603171226981,42.7349319179424],[-82.8603416767758,42.7358985680208],[-82.8607754288862,42.7349907805213],[-82.8610876708442,42.7340732345119],[-82.8623208467233,42.7313457663424],[-82.8640499020284,42.7279517984391],[-82.864402285216,42.7271268620494],[-82.8600360488483,42.7272404205377],[-82.8599865283831,42.7260289629055],[-82.8516330731511,42.7262442201959],[-82.8517896567664,42.7293717475864],[-82.8492688292499,42.7294420081324],[-82.8492312198879,42.7277072278464],[-82.8487262811833,42.7279486197042],[-82.8486939281296,42.7280613630908],[-82.848238130013,42.7282719259356],[-82.8482378369947,42.7281540318683],[-82.8476742900284,42.7282934059706],[-82.8422326781868,42.7284541621007],[-82.841967161796,42.7285196513658],[-82.8418817277598,42.7285933143781],[-82.8418441157828,42.7287694936931],[-82.8420001487535,42.7332974567396],[-82.8418156615181,42.7333101472696],[-82.8390194165993,42.736987843215],[-82.8388056441517,42.7371044289235],[-82.838671736578,42.7371221522934],[-82.8371601618607,42.7371749941395],[-82.8377199197046,42.7483125389922],[-82.8406380734906,42.7482479444203],[-82.842582608661,42.7488860336181],[-82.8425550350284,42.7482489187901],[-82.8549468101815,42.7479173551034]]],[[[-82.8444019690476,42.7337430024261],[-82.8437322669457,42.733759578208],[-82.8437107327983,42.7332489122298],[-82.8431504609619,42.7332648125554],[-82.8431913642885,42.73412992482],[-82.8444183840349,42.7340886966079],[-82.8444019690476,42.7337430024261]]],[[[-82.8567238755845,42.725606527969],[-82.8587367004694,42.7255622785834],[-82.8584643500348,42.7182296820048],[-82.8564246014537,42.7182745173673],[-82.8567238755845,42.725606527969]]]]},"properties":{"NAME":"W.C. Wetzel Recreation Area","CreatedUser":"MichiganDNR"}},
{"type":"Feature","geometry":{"type":"Polygon","coordinates":[[[-84.2237908721065,45.4378345494639],[-84.2245353679655,45.4371796099825],[-84.2251974963286,45.4367549936955],[-84.2258689463298,45.4364683853743],[-84.2263413524136,45.4363782946678],[-84.2269926436091,45.4361441828981],[-84.2274025105011,45.4360599798798],[-84.2292658985723,45.4360092056724],[-84.2298547163144,45.4361225552788],[-84.2306830702457,45.436146314757],[-84.2310821873557,45.4362821102343],[-84.2334161561065,45.4365444425962],[-84.2343034127733,45.4364600240774],[-84.2345203585674,45.4363447025194],[-84.2346802099305,45.4363423623133],[-84.2351280566814,45.4361956120629],[-84.2354314075093,45.4362469225723],[-84.2355510349802,45.4361280436438],[-84.2356409643123,45.4361184529313],[-84.2357903271109,45.4361715083571],[-84.2362490139925,45.4359892542021],[-84.2373643971949,45.4357738820253],[-84.2379812542461,45.4357374071483],[-84.2393581882089,45.4358840616329],[-84.2392473262242,45.432524773904],[-84.2238140918248,45.4320009367059],[-84.2237908721065,45.4378345494639]]]},"properties":{"NAME":"Onaway State Park","CreatedUser":"MichiganDNR"}},
{"type":"Feature","geometry":{"type":"MultiPolygon","coordinates":[[[[-83.3726875599138,42.6179229185482],[-83.3736109969855,42.617897137948],[-83.3733819489637,42.6182663460176],[-83.373349622221,42.6187278045059],[-83.3734873058069,42.6187687635368],[-83.3734528393414,42.6187868414112],[-83.3735761792555,42.6191011496439],[-83.3738116729428,42.6192190397874],[-83.3741794145159,42.6197685818323],[-83.374116906567,42.6188543611894],[-83.3744765293461,42.6188444594891],[-83.3745846133425,42.6205912556687],[-83.379239289681,42.6204901284737],[-83.3790462486955,42.6168329810708],[-83.3760456684446,42.6168927816344],[-83.3762778698179,42.6166254564327],[-83.3764321577342,42.6165492317492],[-83.3764398051345,42.6161512306994],[-83.3765720443625,42.6159105892066],[-83.376504670759,42.6158283594003],[-83.3765609096763,42.6157627302687],[-83.3763732543684,42.615694869212],[-83.3763533739229,42.6154249509949],[-83.3762049203422,42.6153914679905],[-83.3761858525644,42.6153481180628],[-83.3764961382349,42.6151553762563],[-83.3767350960346,42.6145911178235],[-83.3768240313062,42.6141666848891],[-83.3766248767181,42.6141234446278],[-83.3763515742637,42.613829619967],[-83.3762393900257,42.613817574637],[-83.3762538653073,42.6136685940565],[-83.3757734429515,42.6134368927106],[-83.3755791883954,42.6133877569628],[-83.3751967153842,42.6135024440554],[-83.3749712404397,42.6134225464863],[-83.3748195438124,42.6134653622952],[-83.3745135693198,42.613311509284],[-83.3746375492596,42.6125283298588],[-83.3746299021225,42.6123805515851],[-83.3745362373536,42.6121792848829],[-83.3746559077927,42.6121245707409],[-83.3747943446521,42.6121475245108],[-83.3750673711046,42.6123383696413],[-83.3751543082419,42.6124794086777],[-83.3756933235357,42.6124807753567],[-83.3757551300206,42.6123389007756],[-83.3755508934173,42.6121968536392],[-83.3756847987136,42.6120806819426],[-83.3757112529436,42.6118959376194],[-83.3755793637926,42.611814171606],[-83.3735902909392,42.6118577479073],[-83.3734094915233,42.6082365383936],[-83.3684910028763,42.608344144502],[-83.3688200896628,42.613441142411],[-83.3685444242969,42.6131242940085],[-83.3680993569229,42.612908830213],[-83.3665286284625,42.6124457312534],[-83.3664500328885,42.6123546513523],[-83.3662604060294,42.6122790055681],[-83.3662043752771,42.6121764383755],[-83.3660638035925,42.6121491332931],[-83.3658099154995,42.6126529528636],[-83.366093951574,42.6129933933787],[-83.365295609132,42.6132150597664],[-83.3637865854012,42.6133197385423],[-83.3636239312779,42.6135098849065],[-83.3637848210881,42.6136869841558],[-83.3637496435978,42.6138154607577],[-83.3662867097583,42.6145388622492],[-83.3675645333222,42.6150245011006],[-83.3676688758364,42.6153289995636],[-83.3673922983989,42.6161415540628],[-83.3673854679697,42.6165838842318],[-83.3675800620034,42.6168289667577],[-83.3678028763694,42.6169522986693],[-83.3680840327413,42.6170343649225],[-83.3690488565151,42.6169839246262],[-83.3690555033139,42.6170868556364],[-83.3691757083585,42.6170830804996],[-83.3692244720416,42.6180196005097],[-83.3726875599138,42.6179229185482]]],[[[-83.3749451041977,42.6166033404717],[-83.3748559163755,42.6164393897369],[-83.3748958290163,42.6162661138535],[-83.3750523250241,42.6160835327035],[-83.3750891382353,42.6155737930543],[-83.375524158392,42.615016666081],[-83.3755391820682,42.6148548257654],[-83.3753181639578,42.6146428786021],[-83.3748837323256,42.6145315243334],[-83.3744745329675,42.6143460959397],[-83.3741444779134,42.614293801822],[-83.3739560009809,42.6143271793342],[-83.3737598256398,42.6142685558794],[-83.3737092106935,42.6142021604605],[-83.3737524272648,42.6141422373861],[-83.3737024313631,42.6141036259369],[-83.3738438830482,42.6169363601677],[-83.3744647942512,42.6169242584818],[-83.3745797289342,42.6168405908318],[-83.3748997480056,42.6167742258247],[-83.3749587502858,42.6166983639624],[-83.3749451041977,42.6166033404717]]],[[[-83.3757411480481,42.6106199586827],[-83.3757538029255,42.6098297194982],[-83.3754930360271,42.6098911528694],[-83.3754051440493,42.6095861787501],[-83.3752714826966,42.6095895502679],[-83.3752403693979,42.6096781022326],[-83.3751067151934,42.6096814728269],[-83.3750153039619,42.609596010312],[-83.3747182894166,42.6096034966016],[-83.3746247637114,42.6096497405068],[-83.3744948177082,42.6096530163774],[-83.3744658187872,42.6096098605053],[-83.3738489838941,42.6096583259838],[-83.3739473008368,42.6100069211755],[-83.3742360161161,42.6100544993832],[-83.3743274232,42.6101399642178],[-83.3744573726912,42.6101366877033],[-83.3744863683025,42.610179840789],[-83.3750075662477,42.610078930529],[-83.3752609286196,42.6102480770945],[-83.3753945911057,42.6102447119038],[-83.3754860002075,42.6103301722329],[-83.3754812546002,42.6106265110126],[-83.3757411480481,42.6106199586827]]]]},"properties":{"NAME":"Dodge 4 State Park","CreatedUser":"MichiganDNR"}},
{"type":"Feature","geometry":{"type":"MultiPolygon","coordinates":[[[[-87.8778413059764,47.459951066075],[-87.8778409688857,47.4601691595609],[-87.877927234394,47.4602835837385],[-87.8761744644569,47.4609937495702],[-87.8759314908796,47.4599599453529],[-87.8140445088129,47.4601595876868],[-87.8139426935296,47.4673955142456],[-87.8246538507275,47.4673731402316],[-87.8246718497588,47.4629264656709],[-87.8251412958437,47.4629967471477],[-87.8259832733438,47.4629835049002],[-87.8271945543116,47.46306388821],[-87.8277399242695,47.4631307425971],[-87.8283864391534,47.4633160215584],[-87.8299999886152,47.4633119726728],[-87.8300004025861,47.4637443882919],[-87.8353378394136,47.4637326249457],[-87.8353425061867,47.4635861532638],[-87.8385340908249,47.4636589048147],[-87.8386536576956,47.4637203858284],[-87.8421792885199,47.4637079570363],[-87.8420876018038,47.4633465167162],[-87.8420850895733,47.4630393048336],[-87.842320102536,47.4622887060879],[-87.8425708491881,47.4621112109194],[-87.843053804756,47.4619224836498],[-87.8434886429634,47.4618339628122],[-87.8456500813762,47.461842131105],[-87.8461779406912,47.4619578700648],[-87.8469380575496,47.461975952013],[-87.848213333417,47.4618596332051],[-87.8504501118396,47.4619988751152],[-87.8514852741339,47.4620159699831],[-87.8525484066465,47.4621395984125],[-87.8536132744756,47.4621383691801],[-87.8549571886965,47.462251317575],[-87.8563468598064,47.4624293580012],[-87.8586631442801,47.4624979000476],[-87.8593417920725,47.4625864735149],[-87.8600795107287,47.4626288312901],[-87.8620520363198,47.4626705796823],[-87.8632437160853,47.4627961613611],[-87.8649932977367,47.4628825895653],[-87.8658233606111,47.4629625185968],[-87.8666682615405,47.4629461864696],[-87.8684022359936,47.4630197820344],[-87.8689987348921,47.4629566806442],[-87.8698738787441,47.4630530000457],[-87.8708039733263,47.4630146894701],[-87.8713860473406,47.4631170938512],[-87.8717156055069,47.4630555399041],[-87.8722454374102,47.4630524785598],[-87.8728783416895,47.4631334802059],[-87.8734567148602,47.4631015105781],[-87.8745979889937,47.4632305325376],[-87.8756277134798,47.4631494230433],[-87.8768250401215,47.463232936664],[-87.877009452956,47.4631853743123],[-87.8778032014275,47.4632959808642],[-87.8779798751399,47.4633733639416],[-87.8780711193672,47.4634946512915],[-87.8787944085036,47.463844376782],[-87.8790829219023,47.4637087102895],[-87.8793480764541,47.4636564073236],[-87.8801214678842,47.4637056026034],[-87.8801549088863,47.4636213889421],[-87.8799481290805,47.4635794745261],[-87.8800903706265,47.4634832095256],[-87.8805614375792,47.4633048025492],[-87.8809367359974,47.4632500247068],[-87.8818555241141,47.4632639309351],[-87.8820074618086,47.4633279923872],[-87.8822761055996,47.4635779268767],[-87.8885699412442,47.4635268474887],[-87.8885746284858,47.4598618235575],[-87.8883528000734,47.449038197796],[-87.8778093560078,47.4491583709338],[-87.8778413059764,47.459951066075]]],[[[-87.8676082176167,47.4691370383276],[-87.868262274896,47.4692856609956],[-87.8682611340917,47.4691375388305],[-87.8687798624254,47.469104496493],[-87.8688935343888,47.4691445016049],[-87.8688759197807,47.4691036353814],[-87.8689695712096,47.46909183963],[-87.8693374792358,47.4691421518624],[-87.8694583304229,47.4690983692867],[-87.8696879655783,47.4691282754218],[-87.8696747822809,47.4690407013488],[-87.8701295316935,47.4690580635663],[-87.8700852821536,47.4688633145658],[-87.870416721899,47.4683785383938],[-87.8706750776973,47.4682180040863],[-87.8711425474568,47.4680356159591],[-87.8730633449917,47.4678077932559],[-87.8744804419297,47.4678390908667],[-87.8746093947231,47.467709441871],[-87.8746782528321,47.4677117585929],[-87.8747483882085,47.4677792096577],[-87.8748601091874,47.4677060770681],[-87.8752021857491,47.4676834036421],[-87.8754118080135,47.4674605493051],[-87.8756089007345,47.4675142877933],[-87.8757497455077,47.4674928077577],[-87.8766543882541,47.4676201478256],[-87.8768641675797,47.4676894531547],[-87.877081643721,47.4676612452749],[-87.8772816151076,47.4676963808435],[-87.8773845000734,47.4676309328611],[-87.8775338516235,47.4676354115559],[-87.8778297991799,47.4677389850572],[-87.8778538881921,47.4677049884766],[-87.8780186253478,47.4677448079786],[-87.8781298037682,47.4677279570596],[-87.8787811403423,47.4678422343344],[-87.8789706547798,47.4679458271284],[-87.8790951840135,47.4678851573442],[-87.8792734831237,47.4679220480957],[-87.8793829897736,47.4679010711314],[-87.8795455958213,47.467722178043],[-87.8802699488491,47.4679566566815],[-87.880409737516,47.4679626213658],[-87.8806043884153,47.4680616559371],[-87.8808893723246,47.4680261741492],[-87.8811627514768,47.4681205032955],[-87.8814086591999,47.4681528654545],[-87.8816137158172,47.4682887646476],[-87.8820633786001,47.4684200103305],[-87.8821654897417,47.4685047691005],[-87.882144991927,47.4685544825463],[-87.8823444006698,47.4686307676176],[-87.8824190859359,47.4687262955002],[-87.8826213862262,47.4687552475406],[-87.8827372418171,47.4686463631947],[-87.883397029316,47.4669793980802],[-87.8847814289692,47.4671663618634],[-87.8857667936437,47.4674693667497],[-87.8866400939282,47.4652625409484],[-87.886267908681,47.465265484622],[-87.886249110463,47.4656759978623],[-87.8861741691492,47.4657876356277],[-87.8860386620897,47.4658453910985],[-87.8849397113581,47.465943492677],[-87.8844138339654,47.4661166352083],[-87.8836525628274,47.4660967625687],[-87.8833230453853,47.4660163824246],[-87.8825325983574,47.4660868202263],[-87.8821125041549,47.4662198298657],[-87.8818052190232,47.4662536190391],[-87.8813303590037,47.4661529569133],[-87.880156953397,47.465688463186],[-87.8794620892564,47.4656585708225],[-87.8787565019053,47.465726236266],[-87.8783481016065,47.4656457474947],[-87.8779318030573,47.4654844567504],[-87.8774485362898,47.4654319239939],[-87.8761658278231,47.4655390868659],[-87.8757097588607,47.4655121686665],[-87.8743053181314,47.4658393732719],[-87.874118702636,47.4658245558782],[-87.8732279598349,47.4655735219087],[-87.8721170570495,47.4655043498728],[-87.8718953768565,47.4655278153954],[-87.8713080400053,47.4657375519286],[-87.8701307702982,47.4658813530333],[-87.8684866418322,47.4657480400527],[-87.867906887937,47.4657992096483],[-87.8673614852885,47.4657627228674],[-87.8671946243175,47.4657921553729],[-87.8669890720425,47.4659586906584],[-87.8665861431667,47.4659473410749],[-87.8664657472217,47.4660329500033],[-87.8659881574779,47.4658822027983],[-87.8646737287626,47.4657771387259],[-87.8638121337224,47.4657512021226],[-87.8627531320484,47.4655459960454],[-87.8622400390809,47.4655946960524],[-87.8615890699806,47.465518039291],[-87.8603623721848,47.4652599499234],[-87.859804453277,47.4652702643825],[-87.8592750619814,47.465431687593],[-87.8585875260976,47.4654955099826],[-87.857952250622,47.4654336704305],[-87.8566813181095,47.4651834512603],[-87.8566565362856,47.4684890609436],[-87.8574629413232,47.4685114746977],[-87.8579258633044,47.4686185982335],[-87.8583135762892,47.4686281647081],[-87.8586226413785,47.4687027716586],[-87.8593264970435,47.4686997270435],[-87.8597713867913,47.4687705031637],[-87.8598345313831,47.4688120127136],[-87.8601706834051,47.468764103635],[-87.8601581612164,47.4686950354877],[-87.8602439181161,47.4686888600751],[-87.8604889104049,47.4687823206429],[-87.8606651862735,47.4687904678215],[-87.8609915142016,47.4687509437951],[-87.8610383148233,47.4687008135007],[-87.8611514540927,47.4687257464921],[-87.8612635494152,47.4686917146931],[-87.8611367482523,47.4686231077614],[-87.8611740854566,47.4685916465976],[-87.8616354584836,47.4684511952327],[-87.8619696361039,47.4680569671039],[-87.8623527998951,47.4678930398564],[-87.8634127751998,47.4677046035738],[-87.8636383335619,47.4677339013663],[-87.8636857771604,47.4677022770493],[-87.8636126660072,47.4676650446375],[-87.8637698028979,47.4676755518386],[-87.8637587447657,47.4677353967349],[-87.8638137157597,47.4677626401385],[-87.8639021674811,47.4677296640664],[-87.863865590471,47.4676959599958],[-87.8646750493813,47.4676472929269],[-87.8650956020844,47.4676995160242],[-87.8655009854698,47.4678095912717],[-87.8659420895904,47.4680734036929],[-87.8661318753095,47.468352228586],[-87.8658268423095,47.4687981238192],[-87.8656800021374,47.4687929405075],[-87.8657998280651,47.4688643988565],[-87.8657545220952,47.4689282237482],[-87.8659204945879,47.4689598467614],[-87.8659644018866,47.4689138759047],[-87.8666146001704,47.4689960065071],[-87.8666673464795,47.4690870594725],[-87.8668671333515,47.4691311679965],[-87.8669370216367,47.4689894482263],[-87.8671459096844,47.4690046049222],[-87.8672103364149,47.4690536339952],[-87.86753778854,47.4690463072488],[-87.8676082176167,47.4691370383276]]],[[[-87.8763118657607,47.4743881506516],[-87.8762768495723,47.4745142241529],[-87.8763971335536,47.4745403984502],[-87.8764172982582,47.4744234808728],[-87.8763118657607,47.4743881506516]]],[[[-87.8770707321119,47.4744801249531],[-87.8775400003882,47.4745349442928],[-87.8774818326471,47.4743767722],[-87.8772570613049,47.4744284167841],[-87.8771582729768,47.4744094398378],[-87.8771111932902,47.4744513513432],[-87.8768722371281,47.4743873188981],[-87.8768794548258,47.4743337072197],[-87.876455396879,47.4743275341113],[-87.876542568114,47.4745051268325],[-87.876799842076,47.4745434879142],[-87.8769230087941,47.4744790851378],[-87.8770707321119,47.4744801249531]]],[[[-87.8795743404425,47.4755234488142],[-87.8798451873609,47.4754875133324],[-87.8793962905635,47.4753795633592],[-87.8797035891888,47.475402019491],[-87.8794467624852,47.4753190784766],[-87.8797549185277,47.4752797956094],[-87.8796955494609,47.4752025723157],[-87.8793359670384,47.475160387924],[-87.8790379423242,47.475171386472],[-87.8788332847544,47.4751335501644],[-87.8787824515028,47.4751837531282],[-87.8788963162002,47.4752573512268],[-87.8788194808196,47.4752585952347],[-87.8786821207139,47.4751785191033],[-87.8785236096398,47.4751584526533],[-87.8783475848487,47.4752442877138],[-87.8784554286056,47.4752905503883],[-87.8784319854474,47.4753142481757],[-87.8783009398097,47.4752985376613],[-87.87804699132,47.4753547709948],[-87.878094372324,47.4754363041232],[-87.8783238710102,47.4754613946983],[-87.8783690092847,47.4755079874487],[-87.8795743404425,47.4755234488142]]],[[[-87.8866122533323,47.4737327531784],[-87.8861803884836,47.4737181701674],[-87.8856830711924,47.4736067045141],[-87.8855407379996,47.4736222615924],[-87.8842313908502,47.4741832823764],[-87.8833410110821,47.4744350360933],[-87.8830530325162,47.4744726296285],[-87.8828193227036,47.4744428160557],[-87.8827412078426,47.474551073513],[-87.8817854218915,47.4744115784996],[-87.8809915886918,47.4745904204925],[-87.8808194524625,47.4745568614231],[-87.8803642326606,47.4746424236499],[-87.8801192430915,47.4744934523817],[-87.8799206915932,47.4745125827653],[-87.8799253842876,47.474561061387],[-87.8797118664122,47.4745014235495],[-87.8798037550969,47.4745829208828],[-87.8794762738103,47.474619087769],[-87.8792356542934,47.4745653746494],[-87.879081601041,47.4745857009464],[-87.8791345677321,47.4746822315419],[-87.8789921344743,47.4748601111214],[-87.878765668105,47.4748061678407],[-87.8788089409861,47.4749721255413],[-87.8787153567074,47.4750147906231],[-87.8792001069679,47.4750494634336],[-87.8794765104675,47.4749990363202],[-87.8797956822623,47.4751001706776],[-87.8799589081004,47.4750817523378],[-87.8803829826338,47.4751743272484],[-87.8800826535425,47.4752347458406],[-87.8801365371164,47.4753285187092],[-87.8799580262211,47.4753437557489],[-87.8798519018682,47.4754037707376],[-87.8801742895349,47.4753951186897],[-87.8803905862219,47.4753326323904],[-87.880620763486,47.475376910699],[-87.880575063125,47.4754578937842],[-87.8811833166368,47.4755810867426],[-87.8813930295337,47.4755900319314],[-87.8815963518581,47.4755325545271],[-87.8818287934793,47.4755836520465],[-87.8822006191401,47.4755426442423],[-87.8829113230373,47.4756449629758],[-87.8830922461344,47.4755261213216],[-87.8836444574506,47.475465721442],[-87.8832315388276,47.4753455441304],[-87.8829073478053,47.4753604065671],[-87.8827384013726,47.4754173286048],[-87.8825749782528,47.4754014624355],[-87.8825022237944,47.4753464043663],[-87.8822865631254,47.4753121818597],[-87.882341819174,47.4752440729863],[-87.8827641050008,47.4752571114667],[-87.8828305780611,47.4751915645885],[-87.8829861168199,47.4752706559101],[-87.8839264303441,47.4753438664437],[-87.8842058276379,47.4752350824941],[-87.8844588655873,47.4752392044579],[-87.8845057173498,47.4751623151434],[-87.8843214136588,47.4750994680381],[-87.8844598885513,47.4750677284923],[-87.8842510145131,47.4749106352246],[-87.8844661479299,47.4747295098611],[-87.8848259117677,47.4746050175574],[-87.8853465046264,47.4745375787019],[-87.8861846216852,47.4744958391362],[-87.8868617164085,47.4745060919387],[-87.8875034019604,47.4746019601836],[-87.8875277051372,47.4746598607795],[-87.8877722803062,47.4747107488822],[-87.8880930770347,47.4747144453493],[-87.8882362963688,47.4747882434],[-87.8883877651685,47.4747521726036],[-87.888325812147,47.474688025634],[-87.8881913197783,47.4746607233337],[-87.8883919933647,47.4743858672559],[-87.888941543206,47.4744221875622],[-87.8887175965568,47.4740397071722],[-87.8885498338964,47.4741583437833],[-87.8882148385756,47.4742392373374],[-87.8877811801061,47.474247664952],[-87.8874410524955,47.4740405892641],[-87.8869862958298,47.4739958619865],[-87.8866122533323,47.4737327531784]]],[[[-87.8555979144023,47.4760243552697],[-87.8561790303364,47.4760959913241],[-87.856538159576,47.4760093197236],[-87.8563922104596,47.4759430712143],[-87.8568428497478,47.4758117277586],[-87.8566064572411,47.4757627004631],[-87.8566492608126,47.4755974158933],[-87.8568058851696,47.47547626194],[-87.8569946984502,47.4754080874392],[-87.8571985392424,47.4753938526713],[-87.8575813981356,47.4754659103922],[-87.8580068396821,47.4754536140037],[-87.8580878464394,47.4755140418455],[-87.8584859447052,47.4755008097524],[-87.8588466912694,47.4751994393694],[-87.8589364952074,47.4753091063522],[-87.8590275005958,47.4751629378113],[-87.8592113104001,47.4750674065568],[-87.8593350502549,47.4751058882708],[-87.8593918963573,47.4750535403684],[-87.8597750244581,47.4750172253583],[-87.8599399985113,47.4749617728487],[-87.8596878924937,47.4748101292864],[-87.8597991714955,47.4747233024211],[-87.8599583195192,47.4747619028008],[-87.8602520167826,47.474742792477],[-87.8604288583971,47.4746796049011],[-87.8603158643522,47.4746011740025],[-87.8603974984147,47.4745635165146],[-87.8607499510891,47.4745468931214],[-87.8607442550407,47.474479339295],[-87.8600993148185,47.4744804573884],[-87.8601041643208,47.4736180899759],[-87.8597586798429,47.4735570875331],[-87.8594795877026,47.4734191722764],[-87.8592136706173,47.4733644501173],[-87.8593674892794,47.473337296083],[-87.8591125817241,47.4732501642182],[-87.8591174371979,47.4731863042764],[-87.8591908550646,47.4731741549363],[-87.8591663370994,47.4731381987129],[-87.858748779314,47.4731730057799],[-87.85872622799,47.4730773507883],[-87.8588770914635,47.4730234973736],[-87.8584907137602,47.4730241984598],[-87.8585086559147,47.473074662544],[-87.8584249367376,47.4731685901207],[-87.8582275048881,47.4731923261957],[-87.8580503972755,47.4731025746798],[-87.8579191538611,47.4731389671759],[-87.8578443991489,47.4731127306429],[-87.8578197951877,47.4730452273612],[-87.8575768400156,47.4730107096692],[-87.8573464949935,47.4729026050135],[-87.8571925646886,47.4729846244763],[-87.8568158243896,47.4728843487776],[-87.8565556499932,47.4728782234159],[-87.8562287677377,47.4727572592111],[-87.8559809591284,47.4728448933872],[-87.8555844699558,47.4732456369673],[-87.8550632374064,47.4735430135444],[-87.8551308216484,47.4741829791401],[-87.855859822615,47.4736123670048],[-87.8566165336814,47.4736159002615],[-87.8566116174783,47.4744800922363],[-87.8497374490124,47.4744790598515],[-87.8499773026141,47.4745867320297],[-87.8498651629525,47.4746783627523],[-87.8499836262643,47.4747107661226],[-87.8499826243685,47.4747985680825],[-87.8501334759739,47.474860631522],[-87.8500716723603,47.4748869922614],[-87.8501400504697,47.4749627160104],[-87.8506225200075,47.4750489831162],[-87.8507965690107,47.4749632227872],[-87.8509666066588,47.4749659979922],[-87.8509600873319,47.475069662012],[-87.8507050993095,47.4751258508746],[-87.8510185091076,47.475237444101],[-87.8509229509949,47.4752821751135],[-87.8506838061823,47.4752702142876],[-87.8506547815596,47.4754249892846],[-87.8509303355633,47.4754075648108],[-87.8509280151097,47.4754864720511],[-87.8514367891901,47.4754852161482],[-87.8515029814907,47.4755561722792],[-87.8518937180102,47.4755348506378],[-87.851942782158,47.4756369420696],[-87.852054909435,47.4756907051052],[-87.8533692851146,47.4757005875481],[-87.8535833239036,47.4757177445252],[-87.8535147916286,47.4757833077112],[-87.8536485785229,47.4757907728138],[-87.8551752652974,47.4757389482912],[-87.8554226387683,47.4756965868486],[-87.8555757846322,47.4756207549351],[-87.8556520578883,47.4757196665609],[-87.8554498070058,47.4757215282156],[-87.855436191352,47.4757663256486],[-87.8560830532764,47.4758087921564],[-87.8554708236794,47.4758604164094],[-87.8554323225551,47.4758877792042],[-87.8555276928143,47.4758958562215],[-87.8555270296159,47.4759349590698],[-87.8553242534977,47.4759217406539],[-87.8552470391008,47.4759702970592],[-87.8555979144023,47.4760243552697]]]]},"properties":{"NAME":"Fort Wilkins State Historic Park","CreatedUser":"MichiganDNR"}},
{"type":"Feature","geometry":{"type":"Polygon","coordinates":[[[-83.0278370370172,43.652281331481],[-83.0176800852871,43.6526416845841],[-83.0177655185161,43.6599203530586],[-83.0276121151446,43.6596090915086],[-83.0275764614784,43.6559531159715],[-83.0375490199085,43.6556203918882],[-83.0374931225399,43.6519402268572],[-83.0278370370172,43.652281331481]]]},"properties":{"NAME":"Sanilac Petroglyphs State Park","CreatedUser":"MichiganDNR"}},
{"type":"Feature","geometry":{"type":"MultiPolygon","coordinates":[[[[-84.7239228954659,45.851729951719],[-84.7235811628137,45.8505919943385],[-84.7207226486078,45.8508866215244],[-84.7204738753483,45.8495923559779],[-84.7213580416343,45.849501241295],[-84.7209560620074,45.8477951371449],[-84.7204515731639,45.8479880721943],[-84.7189744615988,45.8484382812381],[-84.7175055630438,45.8485945154308],[-84.7169629270783,45.8485892894552],[-84.716189999364,45.8484863332432],[-84.7153200380751,45.8486026034969],[-84.7150192987893,45.8485839188255],[-84.7157024158356,45.8520145462311],[-84.7115672941668,45.8524322678577],[-84.7119317476537,45.853959385992],[-84.7190797085725,45.8532422141248],[-84.7202227428777,45.8580250812193],[-84.7231374880428,45.8577220394682],[-84.7234697905024,45.857599781228],[-84.7237151036023,45.8573727147488],[-84.723907326564,45.8570702816372],[-84.7248306512582,45.854543555589],[-84.7248025092026,45.8541746496956],[-84.7239228954659,45.851729951719]]],[[[-84.7303010025905,45.8568848245853],[-84.7317358425955,45.8568482343444],[-84.7334546984344,45.8567173585475],[-84.7332914046241,45.8563892353179],[-84.7328934366508,45.8560903034566],[-84.7295275011979,45.8549256567898],[-84.7290291061202,45.8545895088232],[-84.7288716602916,45.8543457196543],[-84.7275862759976,45.849031128239],[-84.7251805198336,45.8492555495158],[-84.7247507052124,45.8493299211766],[-84.7243856382666,45.8495430634209],[-84.7251150227477,45.8524935057082],[-84.7259918228463,45.8541858874831],[-84.7266793469683,45.8551479072549],[-84.7270706662768,45.8556585897177],[-84.7274737998721,45.8560039179966],[-84.7282324716701,45.8564647283381],[-84.7290346197079,45.8567381932549],[-84.7293616128899,45.8568068677041],[-84.7303010025905,45.8568848245853]]]]},"properties":{"NAME":"Straits State Park","CreatedUser":"MichiganDNR"}},
{"type":"Feature","geometry":{"type":"Polygon","coordinates":[[[-84.5601486970458,46.416091978992],[-84.5601005655512,46.4144641732586],[-84.5619202806074,46.4141227091428],[-84.5619103289174,46.4116639792771],[-84.5605471744287,46.4117184728402],[-84.560028777726,46.4117854321994],[-84.5564129130895,46.4125909167122],[-84.5562663325907,46.4122364883992],[-84.5555039242805,46.4123872599669],[-84.5556565514466,46.4127560985642],[-84.5514745432237,46.4136941209484],[-84.551442558744,46.4186177567234],[-84.5522777085332,46.4181725726656],[-84.5533838369105,46.4179649172992],[-84.5554576738153,46.417447640952],[-84.5577643567486,46.4167996442065],[-84.5601519774308,46.4161928459638],[-84.5601486970458,46.416091978992]]]},"properties":{"NAME":"Brimley State Park","CreatedUser":"MichiganDNR"}},
{"type":"Feature","geometry":{"type":"MultiPolygon","coordinates":[[[[-83.3611895940989,41.9102999756381],[-83.3618079413886,41.9103228185422],[-83.3644826837578,41.9119471100015],[-83.3655361048608,41.909969295389],[-83.3663283348802,41.9086705387078],[-83.3672769231349,41.9072667626705],[-83.3685682424118,41.9055089594794],[-83.3679728313908,41.9049908068561],[-83.3674314118735,41.9046194658995],[-83.3669609522832,41.904358768654],[-83.3661870190147,41.9040146367302],[-83.3653790513912,41.9037541836321],[-83.3647113496746,41.903605670283],[-83.3580457980114,41.9028985739644],[-83.3587920494262,41.9052820310707],[-83.3579793744763,41.9062800330966],[-83.3583254109677,41.906979527435],[-83.3572642604567,41.9091596240341],[-83.3499879603809,41.9071402284093],[-83.3461730461187,41.9061449072364],[-83.3395714940076,41.9042780996566],[-83.3392372461803,41.9031981974464],[-83.3377098089089,41.9019665126038],[-83.3322025593234,41.9018293527608],[-83.332062306397,41.9026466425441],[-83.3288601825877,41.9127333439538],[-83.3250587222682,41.9212553146433],[-83.326016637446,41.921235322557],[-83.3271078923689,41.9225249616965],[-83.3272794995764,41.922650926323],[-83.3275130270359,41.9227300763362],[-83.3265272423802,41.9242189329149],[-83.3301847499721,41.9251972368516],[-83.3349124785545,41.9255816586838],[-83.3365491803998,41.9260097805467],[-83.3370814651846,41.9261880249039],[-83.3374669728275,41.9263697229577],[-83.3378765887496,41.9267298267356],[-83.3379870415314,41.9269104459369],[-83.3386167098275,41.9286172370647],[-83.3390909301261,41.9293062131394],[-83.3406924093507,41.9278638174946],[-83.3430974556499,41.9281615870746],[-83.3432530926521,41.9278847016932],[-83.344024368281,41.9298763315345],[-83.3436235545108,41.9300282246532],[-83.3441004128629,41.9307221567298],[-83.3451406042012,41.9303279598609],[-83.3443801070814,41.9298094957404],[-83.3435597147669,41.9276929066216],[-83.3447567312619,41.925563248606],[-83.3447822859436,41.9245918503388],[-83.3469961737465,41.9252826226374],[-83.3521269982299,41.916050202189],[-83.3542004693764,41.9124591102475],[-83.3563927074352,41.9131352153882],[-83.3582157161428,41.9098627241414],[-83.3602718119476,41.9102660675727],[-83.3611895940989,41.9102999756381]]],[[[-83.3406665589197,41.9320149848625],[-83.3417413816485,41.9316297999079],[-83.3403093361138,41.9300127847229],[-83.3400727824663,41.9308386839272],[-83.3400392667499,41.9312215463458],[-83.3401319501023,41.9315018288319],[-83.340325771489,41.9317553271726],[-83.3405925949465,41.9320410858288],[-83.3406665589197,41.9320149848625]]]]},"properties":{"NAME":"Sterling State Park","CreatedUser":"MichiganDNR"}},
{"type":"Feature","geometry":{"type":"Polygon","coordinates":[[[-85.3564136139764,45.285690983135],[-85.3571597654911,45.2862506785543],[-85.3571701638457,45.286449470093],[-85.357113097685,45.2865981048391],[-85.356724274099,45.2868205345387],[-85.356667106987,45.2870035039175],[-85.3566331637254,45.2875068674958],[-85.3568106964108,45.2876216012818],[-85.3569643819967,45.2876047117891],[-85.3570538391534,45.2874446823855],[-85.3569984228925,45.2870670132428],[-85.3570473097047,45.2869469619493],[-85.3571848257404,45.2869300442657],[-85.3573382738548,45.2869875226707],[-85.3574670255735,45.2871879837308],[-85.3590348199152,45.2874653346596],[-85.3592998599573,45.2880435980534],[-85.359340114239,45.2881008824379],[-85.3595017361458,45.2881354849254],[-85.3598105016477,45.2876497522468],[-85.360198790813,45.2875989538573],[-85.3604018098567,45.2873132566616],[-85.3605798721583,45.2872620795016],[-85.3609517323982,45.2872913318073],[-85.361421283644,45.2871033544554],[-85.3618334358613,45.2871784387151],[-85.3618337044633,45.2870926205439],[-85.3615025156415,45.2869833612517],[-85.3613654638563,45.2868515391495],[-85.3615847259949,45.2865429982251],[-85.3615045322188,45.2863254696406],[-85.3612626667887,45.2860962147061],[-85.3608990003609,45.2860326521429],[-85.3608018633118,45.2860668164715],[-85.3606806351526,45.2860494365047],[-85.3604701762815,45.286123447786],[-85.360211494932,45.2861058341864],[-85.3600415829486,45.2861398616678],[-85.3597985848297,45.2862767390459],[-85.3594266436844,45.2862760848917],[-85.3593046244484,45.2865104331291],[-85.3590136479294,45.2864755996018],[-85.3583019564762,45.2865201087738],[-85.357752159424,45.2865077041727],[-85.3573970297837,45.2863011252114],[-85.3573003389778,45.2861922592562],[-85.3564532537571,45.2857051702767],[-85.3561882645522,45.2852348277225],[-85.3556601471556,45.2847178488249],[-85.3553407483556,45.283987875105],[-85.3552498745993,45.2834390900629],[-85.3552325754727,45.2829563220123],[-85.3553554165713,45.2824645394566],[-85.3556482284847,45.2819101447261],[-85.3559155132091,45.2817676005186],[-85.3560291022794,45.2816362244994],[-85.3561759181795,45.281236018081],[-85.3567270198577,45.2808136479091],[-85.3568410687764,45.2805392562468],[-85.357231026549,45.2799449830194],[-85.3578554989896,45.2794705361668],[-85.353249378954,45.2794485831329],[-85.3534284067103,45.272175207079],[-85.3637087791598,45.272227206842],[-85.3638764283994,45.2649570048777],[-85.3738122375152,45.2650363325419],[-85.3738012054954,45.2643150707616],[-85.3738912715656,45.2639090412328],[-85.3743619667713,45.2632404610548],[-85.3746465776731,45.2626345070044],[-85.3746406915041,45.2618621810281],[-85.3749261117665,45.260964458791],[-85.3753561756454,45.260364466395],[-85.3756317300192,45.260096023822],[-85.3758017214604,45.2599990389879],[-85.3759310993161,45.2599763716413],[-85.3763105002855,45.2601371601575],[-85.3764805252208,45.260034452196],[-85.3766508606627,45.2598173274893],[-85.3767248019337,45.2593883848491],[-85.3769923067172,45.2591027686715],[-85.3768954565528,45.2590568459885],[-85.3766204855649,45.2591193341509],[-85.3765313126088,45.2592164530359],[-85.3764498944178,45.2594279990278],[-85.3764976552945,45.2596912253355],[-85.3764324629593,45.2598799147379],[-85.3763434475643,45.2599198229795],[-85.3762061202659,45.2598967103989],[-85.3761174617311,45.259810760318],[-85.3760935730397,45.2596848662011],[-85.3762397788646,45.2594219382107],[-85.3763543087748,45.2589301214793],[-85.3766056099858,45.258661644132],[-85.3769538026392,45.2584219195493],[-85.3770507066459,45.2584506818664],[-85.3772843002144,45.2587313786166],[-85.3773408547437,45.2587371883504],[-85.3773814063056,45.2586857634782],[-85.3774225412375,45.2584226659524],[-85.3776010961959,45.258154072055],[-85.3775370473991,45.257936572821],[-85.3777639921094,45.2577023796525],[-85.3777966719027,45.2575765704033],[-85.3777807387087,45.2574964569188],[-85.3774743805724,45.257227091353],[-85.3774264822754,45.2570153410323],[-85.3774674119986,45.2568266142818],[-85.3777756489015,45.2564209188726],[-85.3778164816614,45.2562665243999],[-85.3777684125777,45.2561177042461],[-85.3782547496518,45.2555978749884],[-85.3783523092497,45.2553863531907],[-85.3787005439932,45.2551237467434],[-85.3788308047884,45.2547807017365],[-85.3790168061847,45.2547295018806],[-85.3792192254024,45.2545925210871],[-85.3794232280315,45.2538777292078],[-85.3797799863576,45.2534492258158],[-85.3799428788533,45.2529860861364],[-85.380202451729,45.2526317999465],[-85.3803492417115,45.2521457568876],[-85.3803173272296,45.2519969604036],[-85.3804157413284,45.2514707923493],[-85.3805536657005,45.251270778814],[-85.3809668853126,45.2508709593973],[-85.3810324701266,45.2505278071782],[-85.3811502677562,45.2503654006326],[-85.3815172661665,45.2500886481981],[-85.3810708731688,45.2495853442358],[-85.3809888731032,45.2490536151105],[-85.3810766862265,45.2485160413525],[-85.3813750740771,45.2480983812607],[-85.3820690941557,45.2473659180449],[-85.3821821339389,45.2472686184299],[-85.3823842351527,45.2472227227691],[-85.3824164384568,45.2471597900626],[-85.3823186867535,45.2468339368627],[-85.3823827167709,45.2465193876849],[-85.3828580887571,45.2456784309851],[-85.3833263013014,45.2452663646888],[-85.3838273730356,45.2450886926717],[-85.3838752360498,45.2447913124115],[-85.3839397731553,45.2447112127719],[-85.384262950413,45.2445565659078],[-85.3842626613651,45.24441933032],[-85.3837596093811,45.2436935164097],[-85.3836537422929,45.2433619403498],[-85.3836533632802,45.243184681272],[-85.3839104606471,45.2424010731281],[-85.384482734722,45.2415200166909],[-85.3846113386281,45.2411539570118],[-85.3847066646179,45.2403647582244],[-85.3850202600952,45.2395468129271],[-85.3856811442935,45.2385227182307],[-85.386391575578,45.2379731934928],[-85.3864315823876,45.237784465948],[-85.3867814023046,45.2372610826751],[-85.3872370293973,45.2369481616351],[-85.3874922085118,45.2366835417441],[-85.3875931258815,45.2364683169891],[-85.3878111692362,45.2363309064475],[-85.3879243669796,45.2363250961223],[-85.3881585338929,45.2361705151144],[-85.3885387086406,45.2362159457124],[-85.3886111541111,45.2360614952735],[-85.3886027653458,45.2359357031162],[-85.388764269443,45.2358269124223],[-85.3888044163197,45.2357010862788],[-85.388731178344,45.2355010035904],[-85.3886662738122,45.2354095664232],[-85.3884071112614,45.2352382252342],[-85.3883907582422,45.235152467479],[-85.3885596699191,45.2347635014299],[-85.3885343574822,45.2342888956581],[-85.3885906470119,45.2341516130891],[-85.3888406307629,45.2338540577156],[-85.3888479414935,45.2335052467443],[-85.3886773422726,45.2331565774426],[-85.3887319758029,45.2322873641593],[-85.3885941870343,45.2321445204474],[-85.3885856294733,45.2319386712564],[-85.3884964819133,45.2318472537001],[-85.3881725209103,45.2316187937415],[-85.3877434664845,45.2314018530243],[-85.3875499275755,45.2316364603444],[-85.3873884673771,45.2317509575846],[-85.3868379375047,45.2314483412082],[-85.3868370717859,45.2310595055578],[-85.3869339330085,45.2309850836585],[-85.3871763964654,45.2309334196756],[-85.3868927219322,45.2306363067489],[-85.3866086144742,45.2301447698255],[-85.3864290501595,45.22939582697],[-85.3863547123412,45.2286925422325],[-85.3864587116101,45.2281892488565],[-85.3868857922077,45.2275427411818],[-85.3868770365744,45.2272454077956],[-85.3870459954607,45.2268678711648],[-85.3871267098834,45.2264142960611],[-85.3872918856356,45.2262862265032],[-85.3875427478629,45.2256350827717],[-85.3876708918563,45.2254522841007],[-85.3878578127308,45.2253323902365],[-85.3879215996916,45.2251543902248],[-85.3878588247925,45.2248985469025],[-85.3875262943207,45.2245675208761],[-85.3873680576463,45.2239364776047],[-85.387378928451,45.2233765477471],[-85.3875443763646,45.2228827097437],[-85.3877722520202,45.2224599425417],[-85.3863834802302,45.2224324975324],[-85.3864201372716,45.2166524661666],[-85.3854621384342,45.2166420619721],[-85.385419738924,45.2224156252123],[-85.3828709414703,45.2223557471672],[-85.3827024712216,45.2259757862145],[-85.3801930631716,45.2259168679933],[-85.3800794592555,45.2295369576567],[-85.3749609179397,45.2294127661323],[-85.3746844364343,45.2383991468124],[-85.369569970548,45.2383205496872],[-85.3696481265632,45.2356018061402],[-85.3645275134134,45.2355208656586],[-85.3640194756944,45.2577489523988],[-85.3537377388728,45.2576422798342],[-85.3536074044139,45.2649018269881],[-85.348472902488,45.264873887809],[-85.3484604373778,45.2653651425242],[-85.346403085935,45.2653383781228],[-85.3463976426504,45.2658065368697],[-85.3433137166817,45.2657895817263],[-85.3432432404726,45.2684840133932],[-85.3483805764373,45.2685113764902],[-85.3482165826954,45.2749716932399],[-85.3452823308368,45.2749344963487],[-85.345077881777,45.2741964070329],[-85.3446818601117,45.2731810878331],[-85.3447125293933,45.2726491228827],[-85.3431315729289,45.2727531353382],[-85.3429631851216,45.2793988772339],[-85.3374306336862,45.2792944936531],[-85.3374986589452,45.2756668349286],[-85.3323723813248,45.2755800896597],[-85.3323043458507,45.2791974758221],[-85.3323543227532,45.2864398326947],[-85.3221006002686,45.2862433373446],[-85.3221574437533,45.297246170895],[-85.31426751968,45.3007708286951],[-85.3118983367584,45.3007510429458],[-85.3016163146319,45.3024800577109],[-85.3015164531221,45.3114791539949],[-85.3093043742638,45.3115187944196],[-85.3095884112151,45.3110803220447],[-85.3096846511775,45.310665156562],[-85.3100323787794,45.3103381169391],[-85.3103332172575,45.3099440375884],[-85.3101886071427,45.3096920078078],[-85.31016514162,45.3094917343499],[-85.3106939143736,45.3087377382102],[-85.3108643308108,45.3085950805318],[-85.3111376584149,45.3079662542527],[-85.3116702290786,45.3072982189197],[-85.3124406835555,45.3067850101953],[-85.3128315875242,45.3061050773198],[-85.3141202411005,45.3054442273758],[-85.3150932777256,45.3048170158335],[-85.316049065785,45.3044700931615],[-85.3165509032724,45.3043738909028],[-85.3176953183656,45.3040565144446],[-85.3180277226498,45.3038512651676],[-85.3184904091613,45.303417459989],[-85.3191141460502,45.3031670550817],[-85.3201173770018,45.3030890666475],[-85.3215248307161,45.3030576724849],[-85.3218961940771,45.3032415079423],[-85.3223444631643,45.3037510238844],[-85.3225648169886,45.303691455637],[-85.3229768933699,45.3033347275043],[-85.3233413046744,45.3032210552938],[-85.3234625422205,45.3032384729487],[-85.32371276208,45.3033762786332],[-85.3239960605177,45.303319665916],[-85.3247970191785,45.3032583781409],[-85.3249593870952,45.3030985273952],[-85.3252105675692,45.3029789105346],[-85.3254047988418,45.3029449729061],[-85.3255664170744,45.3029853624835],[-85.3260015636059,45.3034210239368],[-85.3261791437674,45.3035186275245],[-85.3262843563584,45.3035016799706],[-85.326276456258,45.3034501835592],[-85.3260819563115,45.3032849574706],[-85.3260390566605,45.3031299787918],[-85.3261159830036,45.303100887317],[-85.3261892279834,45.3029751861902],[-85.3263188173963,45.3029296773174],[-85.3264159410365,45.3029069831469],[-85.326668524237,45.3029522725622],[-85.3270554797544,45.3027481175292],[-85.3272324445817,45.3030173502119],[-85.3274667394039,45.303086477886],[-85.3276285160792,45.3030868025005],[-85.3278713172907,45.3030415333626],[-85.3283736622914,45.3028022655286],[-85.3287457693487,45.3027858474342],[-85.3288429840439,45.3027402744236],[-85.3288674122431,45.3027002845673],[-85.3287545106802,45.3026028000837],[-85.3284876493137,45.3025908198107],[-85.3284392848728,45.3025449657471],[-85.328471956985,45.3024592094296],[-85.3288046482476,45.302162403252],[-85.3290164073359,45.3017566553378],[-85.3293086416887,45.3014654747919],[-85.3296979443084,45.301163056017],[-85.3304350138748,45.3008670488037],[-85.3311798583053,45.3006511470924],[-85.3319336104207,45.3002121524227],[-85.3320796694136,45.300075149182],[-85.3324200770689,45.2998755820116],[-85.332509429841,45.2997670628468],[-85.332591225466,45.2995098018071],[-85.3327693736009,45.2994472185479],[-85.3330531715772,45.2992361150391],[-85.3332569085202,45.2988017387879],[-85.3333705278684,45.2986932622698],[-85.3339136422751,45.2983396318595],[-85.3342949411111,45.2980028702261],[-85.3347080720794,45.2978148921125],[-85.3348865925287,45.297643618063],[-85.3349598017747,45.2975236278505],[-85.3350178237021,45.2971289914717],[-85.3348516899738,45.2960760446741],[-85.3351690581469,45.2955217421122],[-85.3353881310414,45.2953105102491],[-85.3355994908535,45.2950019933726],[-85.3355107942075,45.2949274613245],[-85.3351714531742,45.2948352500026],[-85.3350426815445,45.2946633834682],[-85.3349082645661,45.293799279799],[-85.3351040319464,45.2933248416646],[-85.3353070233988,45.2930906822149],[-85.3357855175891,45.2926968757552],[-85.3361359518788,45.2919252556623],[-85.3364527432232,45.2915196868886],[-85.3366229061126,45.2914227734221],[-85.3367852926329,45.2912342961159],[-85.3371902529394,45.2910520143132],[-85.3374092441403,45.2908636606989],[-85.3374588156817,45.2905605505783],[-85.3375972499248,45.2902804940368],[-85.3383189261626,45.2897098097314],[-85.3387565299503,45.2894360522454],[-85.3392269064897,45.2890364988409],[-85.3393812413183,45.2888308413413],[-85.3398517369998,45.2883969631837],[-85.3413590028872,45.2874444573194],[-85.3438131591494,45.286224852159],[-85.3442670216117,45.2859110721099],[-85.344283361954,45.2858596032128],[-85.345124878114,45.2856838325024],[-85.3458047020841,45.2854905968043],[-85.3468085897578,45.2851148929508],[-85.3474074965536,45.2849443762043],[-85.348499770764,45.2847232978018],[-85.3496968406448,45.2845996272253],[-85.3505297708481,45.2845668275634],[-85.3515813346536,45.2844257183576],[-85.3525757830823,45.2844504148146],[-85.3528990526824,45.2844967479814],[-85.354776017382,45.2850010401624],[-85.3564136139764,45.285690983135]]]},"properties":{"NAME":"Fisherman's Island State Park","CreatedUser":"MichiganDNR"}},
{"type":"Feature","geometry":{"type":"MultiPolygon","coordinates":[[[[-85.9310947432996,44.2668658185954],[-85.942375057447,44.2670751422765],[-85.9419887630242,44.2666604629632],[-85.9418288416787,44.2662536978889],[-85.9418013008513,44.2655555383994],[-85.9419056532705,44.2649930167117],[-85.9421705204764,44.2642746906567],[-85.9422089028911,44.2634809572974],[-85.9419028487412,44.2627052190494],[-85.9421160167102,44.2617429978894],[-85.9426866933198,44.2612168823415],[-85.9431914433524,44.2603334250204],[-85.9432547072359,44.2600595265973],[-85.9430329549302,44.2597521251634],[-85.9427347787808,44.259625714992],[-85.9421316166809,44.2595467781076],[-85.9414853042964,44.259527363828],[-85.9407624950905,44.2597484878744],[-85.9401624866009,44.2598172271339],[-85.9388523963206,44.2605691961017],[-85.9387198763589,44.2605131417788],[-85.9384148338157,44.260601099242],[-85.9382721932305,44.2607010609016],[-85.938205748431,44.2608367977818],[-85.9387311996074,44.2612022894395],[-85.9390420140917,44.2615955944856],[-85.939645453316,44.2617789573187],[-85.9400372974062,44.2621324860224],[-85.9401826406278,44.2625899176906],[-85.9400128476302,44.2632639352425],[-85.9392528757675,44.2640674336227],[-85.9388125293647,44.2643812459925],[-85.938538950534,44.2644149759015],[-85.9378789446401,44.2641909097862],[-85.9375491722523,44.2638789291908],[-85.9372474865245,44.2637567466767],[-85.9364268293218,44.2638036977177],[-85.935978788168,44.2639069982679],[-85.9358312668444,44.2640732757333],[-85.9359130426371,44.2641890055256],[-85.9358730238594,44.2643606624474],[-85.9357092779854,44.2644065186088],[-85.935247387271,44.2641622295417],[-85.934549513836,44.2640669004767],[-85.9340753347902,44.2639345152215],[-85.9336574110928,44.2641510190768],[-85.932984383465,44.2642530237335],[-85.9324083938197,44.2640655594376],[-85.9321725554558,44.2640992980601],[-85.9317383797906,44.2643294770883],[-85.9315259256521,44.2642092182115],[-85.9316257705048,44.2638617255435],[-85.9314847924531,44.2634617241815],[-85.9313479577341,44.2632846808593],[-85.9315509842246,44.2627192759714],[-85.931707032571,44.2625133308673],[-85.9319192965671,44.2624134219645],[-85.9320587003873,44.2622634431983],[-85.9320093452636,44.2619680401488],[-85.9317478862551,44.2616462990408],[-85.9309726996206,44.2616243972001],[-85.9310947432996,44.2668658185954]]],[[[-85.9359978615408,44.261236813159],[-85.9355144330461,44.2616612894542],[-85.9352346566761,44.26185333749],[-85.9349627295521,44.2619579802978],[-85.9352309218847,44.2621287957774],[-85.9353439255623,44.2619510669979],[-85.9355726770895,44.2619178586191],[-85.9361939467132,44.2612956791761],[-85.9362412470772,44.261173703691],[-85.9361569670971,44.2611392887456],[-85.9359978615408,44.261236813159]]]]},"properties":{"NAME":"Tippy Dam Rec Area (leased from Consumer's Energy)","CreatedUser":"MichiganDNR"}},
{"type":"Feature","geometry":{"type":"MultiPolygon","coordinates":[[[[-84.2700402679876,42.3138660308663],[-84.2700012683905,42.310224590645],[-84.2601557293729,42.310141623192],[-84.2601563201868,42.3102599005963],[-84.2585096373916,42.3102123839318],[-84.2585071263741,42.3089148468209],[-84.2601063913028,42.308928857206],[-84.260081340882,42.3072715256855],[-84.254100812421,42.3072189377452],[-84.2541170390823,42.3125415708792],[-84.253777902495,42.3125386780653],[-84.2537778430125,42.3126210316643],[-84.2541169670845,42.3126238251859],[-84.2541161795708,42.3137355825936],[-84.2527791104955,42.3137245800805],[-84.2527788072968,42.3210175444905],[-84.2506720719101,42.3210014009523],[-84.25066617163,42.3214543138484],[-84.2503050949952,42.321451546753],[-84.2503076058153,42.3200062299969],[-84.24786401156,42.3200145992094],[-84.2478471263736,42.3191086583949],[-84.2503081652941,42.3190959190132],[-84.250309385148,42.3177248402805],[-84.2489153191929,42.3177321740708],[-84.2489105247539,42.3173589648375],[-84.2489127618709,42.3137146777209],[-84.2503074110279,42.3137047204473],[-84.2503089085153,42.3117765715305],[-84.249537063396,42.3117835270884],[-84.2495378539299,42.3107784674191],[-84.2487660184961,42.3107854177591],[-84.2487665886972,42.310071695327],[-84.2464244311296,42.3100927400205],[-84.246466787654,42.3123689020986],[-84.2437656190869,42.3124084468406],[-84.2420640995649,42.3124156851602],[-84.2421033487021,42.3101649017608],[-84.241288351597,42.3101382867545],[-84.2280415953128,42.310253623832],[-84.2279347123944,42.3104242686442],[-84.2271038279263,42.3109542950182],[-84.2270331512115,42.3111536063575],[-84.2270065863476,42.3116282993021],[-84.2280897309413,42.3144943501695],[-84.2283028331274,42.3147443361196],[-84.2288206729164,42.3151726385334],[-84.2242796541418,42.3151998788646],[-84.2241958967802,42.3102780388666],[-84.2280415953128,42.310253623832],[-84.2282418932585,42.3099362783834],[-84.2281484347636,42.3088883224071],[-84.2285986294,42.3082612958857],[-84.2289618011221,42.3074482718286],[-84.2290294980144,42.3070193263207],[-84.2290244591895,42.3066389420187],[-84.2241345456342,42.306672842373],[-84.2240463447203,42.299455476322],[-84.2173653059231,42.2995023581324],[-84.2173086168366,42.2934350685565],[-84.2130016050821,42.2934361218412],[-84.2116130688283,42.2933883313463],[-84.2110131059851,42.2932035129491],[-84.2101939259325,42.2926198475039],[-84.2099814415353,42.29253679627],[-84.2093779901037,42.2924776411233],[-84.2094280460497,42.2995575430563],[-84.2060266055079,42.2995969180468],[-84.2062393831231,42.3018398522758],[-84.2047603947746,42.3018232939255],[-84.2050031479194,42.3021013833337],[-84.2053491861318,42.3023554132114],[-84.2058413648245,42.3025413551755],[-84.2071705142062,42.3031905637349],[-84.2077412755109,42.3035383655264],[-84.209084304352,42.3049676391485],[-84.2045999998629,42.3050341667152],[-84.2045868731127,42.303227393607],[-84.1997174912428,42.3032910755194],[-84.1996762221793,42.2971468762052],[-84.1984746527728,42.29716122776],[-84.1984672087617,42.2960608116725],[-84.1948033378213,42.2960971712717],[-84.1948480926798,42.3033545506499],[-84.1899786798189,42.3034178217416],[-84.1899545946025,42.2988989275924],[-84.1881944954849,42.2991364711066],[-84.1854939473885,42.2994345042845],[-84.183859689631,42.2998728788004],[-84.1831933271093,42.2999370281344],[-84.1832158048745,42.3035058006627],[-84.1703570727965,42.303671982459],[-84.1629985428082,42.3037216055821],[-84.1629657023243,42.3001081797403],[-84.160511868011,42.3001253151009],[-84.1604395348173,42.2929659668855],[-84.1589943740449,42.2933085720132],[-84.1526351533519,42.2956295913526],[-84.1512590489698,42.2960256454336],[-84.150120713633,42.2961969863538],[-84.1502283258709,42.2965895250166],[-84.1506586977889,42.2965834103721],[-84.1507721298159,42.3074131658524],[-84.160579537162,42.3073507595096],[-84.1606176980321,42.3109510753122],[-84.1655160675747,42.3109161850181],[-84.1655488938218,42.3145131222794],[-84.1704419167494,42.314474657992],[-84.1739016360799,42.3144194770204],[-84.1742835392295,42.3143545009906],[-84.1752711883134,42.3115834403297],[-84.1726454807382,42.3116069240144],[-84.1726458248083,42.3108548098242],[-84.1755427986068,42.3108251228974],[-84.1757172445807,42.3104124480655],[-84.1759162006966,42.3082614865889],[-84.1758851676048,42.3079154428816],[-84.1756775954794,42.3072248765186],[-84.1801930472246,42.3071712256326],[-84.1803016768446,42.3206397616469],[-84.1753958373029,42.3206978948495],[-84.1753747204211,42.3180101844954],[-84.170469430184,42.3180682427957],[-84.1704764499351,42.3189860836355],[-84.1694438289541,42.3189285989923],[-84.1664819598726,42.3185558233715],[-84.1658909320964,42.318532940588],[-84.1657941428234,42.3188078016353],[-84.1655896372051,42.3189282654084],[-84.1656196564325,42.321706512985],[-84.1607523998004,42.3217517866223],[-84.1607552189803,42.3242706497026],[-84.155868951055,42.3241909430799],[-84.155767914427,42.3145889178862],[-84.1508748721475,42.3146267447164],[-84.1508994796237,42.3164443055142],[-84.1460133243158,42.3165132300993],[-84.1459917104925,42.3146918935714],[-84.1379342824293,42.3147986675565],[-84.1378709091011,42.3130081365291],[-84.1362151688885,42.313025268592],[-84.13620112645,42.311376920091],[-84.1332033271621,42.3113999891428],[-84.1332024736743,42.3100860259955],[-84.131317845332,42.3100145327582],[-84.1313799755213,42.3189730645341],[-84.1235080328648,42.319132164321],[-84.1235060752622,42.3172942205365],[-84.1290534312863,42.3173660469662],[-84.1290511766734,42.3154129857986],[-84.1186252215625,42.3155983918458],[-84.1186319553583,42.3217749507466],[-84.1184525056518,42.3220114220885],[-84.1181494134511,42.3221477937275],[-84.1169358676049,42.3224579870087],[-84.116760273928,42.3224688293137],[-84.1168060446231,42.3223372823743],[-84.1167643874025,42.3222108875393],[-84.1161561171082,42.3223032521835],[-84.1160970877259,42.3223471646442],[-84.1160934993332,42.3224898268996],[-84.11620782875,42.3226710864514],[-84.1162664464592,42.322911383659],[-84.1137594428526,42.3229709927918],[-84.113771162119,42.3262656921196],[-84.1148749414212,42.3263905614784],[-84.1142213509596,42.3276156692472],[-84.114282282377,42.3282883694372],[-84.1140098737767,42.3282877277936],[-84.1150860743158,42.3284247654951],[-84.1148719540978,42.3287266581194],[-84.1148220036828,42.3288937117377],[-84.1139005953567,42.3287418182115],[-84.1138468107297,42.3289082401352],[-84.1147720541882,42.3290607662493],[-84.1147221032422,42.3292278198124],[-84.1137658359869,42.3290701792786],[-84.1135989446805,42.3293932434399],[-84.1146222005535,42.329561926856],[-84.1146637876057,42.3294228458631],[-84.1147457439158,42.3294379557165],[-84.1146893721588,42.3296057775201],[-84.1146132938208,42.3295917090277],[-84.1145722487833,42.3297289812369],[-84.1134806402178,42.3295490286161],[-84.1131882745676,42.3298514078342],[-84.1144723445013,42.3300630881151],[-84.1143943938174,42.3303237733617],[-84.1136902053405,42.3303306028849],[-84.1137003465896,42.3320392828625],[-84.1123826010584,42.3318220498508],[-84.1109794691125,42.3318865252967],[-84.1108172343577,42.3308271060739],[-84.1113358955018,42.3308801152752],[-84.1118253311105,42.3308237372082],[-84.1118926639817,42.3308001621986],[-84.1119185381127,42.3306804714415],[-84.1121245723889,42.3305686267517],[-84.1122378904671,42.3304332511587],[-84.1122392367988,42.3303577506668],[-84.1098835881056,42.3303917544376],[-84.110211608333,42.3305791241976],[-84.1088586254593,42.3309601581757],[-84.1088210037666,42.3295256506152],[-84.1086583095303,42.3295359161517],[-84.1086656826885,42.3288477514835],[-84.1088244434379,42.3288446595334],[-84.1088229864203,42.3267235318776],[-84.1038778197834,42.3268532776974],[-84.1038776696061,42.3262704378229],[-84.1039491535358,42.3261404261935],[-84.1043089316507,42.3257344739302],[-84.1046545890933,42.3254855988895],[-84.1042633845626,42.3251071444494],[-84.103877313529,42.3248900939915],[-84.1038768909207,42.3232482848174],[-84.0989355702715,42.3233250506181],[-84.0989376763115,42.3196920357851],[-84.0939984060064,42.3198130948707],[-84.0939976909867,42.3204382143156],[-84.0937486920509,42.3204348358512],[-84.0937449639556,42.3189268610973],[-84.0934851333812,42.3186061284972],[-84.09322442893,42.3181553425208],[-84.093046233235,42.3176626022333],[-84.0924371772699,42.3154784979798],[-84.0924265212134,42.3152969973024],[-84.0924368361592,42.3150236981388],[-84.0927267123138,42.3144330960164],[-84.0933680492195,42.3137619146185],[-84.0942804533018,42.3130217332378],[-84.0945272140708,42.3127554047424],[-84.0947640655896,42.3123083149757],[-84.0953327640384,42.3116696176314],[-84.0950200047753,42.3114653860053],[-84.094004408577,42.3100734018893],[-84.0940039227109,42.3105003812884],[-84.0936837116715,42.3106830401916],[-84.0926429094446,42.3111287559358],[-84.0923656200486,42.3097054803158],[-84.090845628518,42.3095287794888],[-84.0890456783293,42.3091325424196],[-84.0890451531154,42.3088561840554],[-84.0818968922431,42.3089597339267],[-84.0819015902318,42.3099205050266],[-84.0794981156523,42.3099554852832],[-84.0795171555342,42.3122268903919],[-84.0791492358335,42.3122477722718],[-84.0791574817936,42.3132675806984],[-84.0754616303354,42.3133312287447],[-84.0754556168481,42.3127822384597],[-84.0752015019311,42.3127866209537],[-84.0752982142391,42.3106834959351],[-84.0740907043671,42.3106627011751],[-84.0739916970055,42.3128059662438],[-84.0691840290467,42.3128545273562],[-84.0693008899366,42.3239352417252],[-84.0691939665587,42.3275160677175],[-84.0697745609897,42.3275097538719],[-84.0697723218991,42.3279115800228],[-84.0691930069662,42.3279217689477],[-84.0691466245057,42.3385935998184],[-84.0688352917665,42.3386026190183],[-84.0688147563948,42.3422144479438],[-84.0639521597135,42.3423481237293],[-84.0638722818668,42.3531629342174],[-84.0638987320488,42.3567616383285],[-84.0579846164721,42.3569130209962],[-84.0602286886945,42.3594214847486],[-84.0639085431612,42.3583780280623],[-84.0639205791509,42.360360814276],[-84.0612058387129,42.3604425149387],[-84.0632002454603,42.3626589432155],[-84.0639343949918,42.362638443382],[-84.0639424141079,42.3639599982617],[-84.0640644561729,42.3639562669622],[-84.06430750428,42.3639488365071],[-84.0674587855169,42.3674567647631],[-84.0675026075153,42.3674556340205],[-84.0688246913278,42.368929766827],[-84.0698799556721,42.3700933291319],[-84.0704438109,42.3706367618991],[-84.0711993940902,42.3712289728514],[-84.0720290550137,42.3717614824599],[-84.0727509568706,42.3721461079937],[-84.0733127209152,42.3724014344945],[-84.0735474122258,42.3724960465357],[-84.0735507241167,42.3724972476064],[-84.0735507170317,42.3724977456521],[-84.0735739245931,42.3725067346079],[-84.0752663735364,42.3731819317914],[-84.0758399609893,42.3734471996315],[-84.0768261969425,42.3740210613405],[-84.0773074347045,42.3743599626514],[-84.0774042824921,42.3744281651955],[-84.0786536735255,42.3743841234104],[-84.0786699316639,42.375611878291],[-84.0785189796563,42.378045130245],[-84.0785484100703,42.3799578936796],[-84.0791538987115,42.3799146739329],[-84.0792126263516,42.3805438215172],[-84.080676393928,42.3808679097386],[-84.0815470744317,42.3811844161241],[-84.0821609575534,42.3815021386154],[-84.084051076404,42.3814183978294],[-84.0879979050726,42.3804830190894],[-84.0882457833356,42.3804579405788],[-84.0885999982082,42.3805025828604],[-84.0886298312773,42.3849065314012],[-84.0935485149184,42.3847057551762],[-84.0935439279028,42.3810643075354],[-84.1030323402233,42.3808024366377],[-84.1030286512173,42.3801243475163],[-84.1043341406692,42.3789362719532],[-84.1055547532196,42.3781362115929],[-84.107351183556,42.3770905125986],[-84.107782398627,42.3770792922447],[-84.1077771829606,42.377998752032],[-84.1125741615799,42.3778701506023],[-84.112609046644,42.3550706314248],[-84.1150863764243,42.355008624356],[-84.1151427126732,42.3513641174027],[-84.1133938719193,42.3514074814759],[-84.1128079371805,42.3508110357158],[-84.1130301720897,42.3508138221981],[-84.111107583276,42.3478431680085],[-84.1110917198883,42.3477518276776],[-84.1113508801787,42.347741406947],[-84.1114400994623,42.3476042847097],[-84.1122979235284,42.3475005261775],[-84.1121456431368,42.3473926655059],[-84.1115946713297,42.347143231237],[-84.1112968557685,42.3470761587984],[-84.1094435802458,42.3482119353219],[-84.1084934215502,42.3479748837364],[-84.1083788699992,42.3478996953902],[-84.1083366849649,42.347984637666],[-84.1072620228881,42.3477198716977],[-84.1074791148511,42.347308679017],[-84.1062290978053,42.3472537394523],[-84.1045654978021,42.3463110869551],[-84.1041893828397,42.3479563663433],[-84.1030067226735,42.34799921827],[-84.1030286733002,42.3448103281191],[-84.1024303333067,42.3446760373438],[-84.1024403707851,42.3445509407069],[-84.1005216063267,42.3446229050415],[-84.1005274671282,42.3436567619407],[-84.1025086466439,42.3435829614533],[-84.1024403707851,42.3445509407069],[-84.1082219709899,42.3443346648012],[-84.1073136424242,42.3427366622734],[-84.1065497845844,42.3429191795318],[-84.1067571586263,42.3432802132636],[-84.1053535335777,42.3433708524067],[-84.1055032226784,42.3427450411446],[-84.105705074306,42.3428312205242],[-84.1058379623885,42.3428389572444],[-84.1060385660467,42.3428094366189],[-84.1061739837356,42.3427349155852],[-84.1062422666978,42.3426803914988],[-84.1059769506469,42.3423231427998],[-84.1068299626238,42.341926629659],[-84.1074756851912,42.3412282740079],[-84.1075968288806,42.3412589256626],[-84.1079392251845,42.3408412454448],[-84.1079721689261,42.3370736453443],[-84.1128760286159,42.3369294703109],[-84.1128556128789,42.3384413031051],[-84.1176506730475,42.3455993691215],[-84.1176348137122,42.3469817010701],[-84.1157653846926,42.3469911060953],[-84.1153960012243,42.3472341035288],[-84.1149675264668,42.3473208952127],[-84.1146850523482,42.3473158086504],[-84.1141439891477,42.3476473668055],[-84.1143556658447,42.3478199841383],[-84.113980603485,42.3480756084722],[-84.1138935376391,42.3479926059859],[-84.1131761686253,42.3484255659628],[-84.1138733483281,42.3491819660742],[-84.1150493885186,42.3489393928606],[-84.1151737051962,42.3490232284804],[-84.1166747005806,42.348912939432],[-84.1167146684914,42.3477125836611],[-84.1176266908842,42.3476896134407],[-84.1175824978708,42.3513940196353],[-84.1197518509306,42.3513401904327],[-84.1197401266998,42.3536340096403],[-84.1249453768758,42.35352271109],[-84.1270981511809,42.3536712552597],[-84.1294175604104,42.3536826256217],[-84.1316178805401,42.3537549738405],[-84.1315793563182,42.3438192842649],[-84.1424065873733,42.34376083809],[-84.1481997147189,42.3405744154977],[-84.149307258508,42.3398449048135],[-84.1512723066097,42.3382982570897],[-84.1510648988762,42.3381827606093],[-84.1510716198497,42.3364453460377],[-84.1498136829181,42.3364607873947],[-84.1498143260329,42.3362849260769],[-84.1494097437017,42.3362398110455],[-84.1491605956484,42.3361636520678],[-84.1488377786703,42.335854981001],[-84.1484512820983,42.3352369573123],[-84.1479068494285,42.334693048402],[-84.1472565290062,42.3344388283059],[-84.1470190676895,42.3344564209286],[-84.1464097861864,42.3340819020054],[-84.1458143720893,42.3338208512819],[-84.145706080715,42.3341076640494],[-84.1457047401978,42.3346566758093],[-84.1447096939685,42.3346714851169],[-84.1447086644077,42.3350903428573],[-84.1441824997682,42.3350981538654],[-84.144184492647,42.334286495679],[-84.1438145932489,42.3342920014313],[-84.1429868916582,42.3332333348486],[-84.1426725685848,42.3330783939753],[-84.1424291577709,42.3331759095239],[-84.1424285470422,42.3329486720288],[-84.1413060962508,42.3329653463992],[-84.1413008350631,42.3321723438332],[-84.1423858375304,42.3322688736535],[-84.1422111963539,42.3315364075438],[-84.1418117649191,42.3310362508516],[-84.1417506725534,42.3308613454683],[-84.1417848256001,42.330717177359],[-84.1418458752635,42.330624711384],[-84.1420832700793,42.3304788960003],[-84.1424692240432,42.3303928352498],[-84.14267559886,42.3302877065855],[-84.1429481920208,42.3297836506364],[-84.1434675715759,42.3295527235256],[-84.1434630734396,42.3291873751022],[-84.146148047858,42.3291512024583],[-84.1461126885142,42.3255292379422],[-84.144586662325,42.3255497922746],[-84.1445749778585,42.3244266766252],[-84.1461049586281,42.3244184560712],[-84.1461131413379,42.3250531622671],[-84.1504860822513,42.3247766322709],[-84.1509885947447,42.3242059265697],[-84.1509957745957,42.3252655112894],[-84.1519824201878,42.3267684121492],[-84.1514609296925,42.3267765615995],[-84.1520925835585,42.3272666390967],[-84.1558881337029,42.3272312531803],[-84.1558974945924,42.329040890476],[-84.1607783960267,42.3289961380359],[-84.1608015071483,42.3326182120896],[-84.170561837916,42.3325280701333],[-84.1705891096683,42.3362863187637],[-84.1803837529343,42.3362591971021],[-84.1803834756636,42.3362045113496],[-84.1814455796829,42.3361654319872],[-84.1828755266655,42.3355794248086],[-84.1831188556335,42.335517403908],[-84.1835186705744,42.3355483729539],[-84.1852816022092,42.3359860338053],[-84.1852768939715,42.3349297469046],[-84.190182605109,42.3348710008185],[-84.1901883213442,42.3362298049083],[-84.1947524486699,42.3361543156115],[-84.1948361885376,42.3360057291473],[-84.1949840720703,42.3359674106738],[-84.195612180436,42.3360176683353],[-84.1960853634633,42.3359357412775],[-84.1967216446296,42.3356175231295],[-84.1965446792689,42.3354248168713],[-84.1965155566914,42.3352267883045],[-84.1962941362553,42.3350835272101],[-84.195969063551,42.3350336386483],[-84.195784476988,42.3349509214345],[-84.1953416957053,42.3346478937092],[-84.1944937140529,42.3337613896723],[-84.1941835184638,42.3336730233693],[-84.1939990982966,42.3335132986794],[-84.1937928203311,42.333216054011],[-84.1935787368243,42.333111298414],[-84.1933500471225,42.3329185241632],[-84.193483790799,42.3325941970124],[-84.1934141250927,42.3322520756504],[-84.199959500102,42.3321660126781],[-84.2030996408542,42.328496015659],[-84.2039951260388,42.3279633435975],[-84.2058943601636,42.3264373951266],[-84.2062322336506,42.3262143901233],[-84.2073984907622,42.3256454179506],[-84.2061606043539,42.3241645017346],[-84.2062462788041,42.3212157775072],[-84.2074932323593,42.3211992494868],[-84.2074360138129,42.3171215486603],[-84.2096188682449,42.3171007465335],[-84.2096486626437,42.3179098391708],[-84.2102437611556,42.3179041766425],[-84.2102854571282,42.3211672021943],[-84.209675085572,42.3211703522131],[-84.2096862973486,42.3232538445811],[-84.2104795806801,42.3232408712271],[-84.2105064911541,42.3241465198567],[-84.209693164615,42.3241601018383],[-84.2097251061652,42.328414507014],[-84.224432441306,42.3283377668329],[-84.2243799980876,42.3210935988262],[-84.2292831120913,42.321067593525],[-84.2293348711606,42.3283117472333],[-84.2317753607981,42.3283048816611],[-84.2318286737557,42.3357338694744],[-84.2496479868083,42.342646852057],[-84.2552854008175,42.3426424706075],[-84.2552134153598,42.3372321948232],[-84.2502827082229,42.337209210971],[-84.2502465751084,42.3353551397247],[-84.2498764080826,42.3354438644203],[-84.2453172218827,42.3355191418818],[-84.2453003579919,42.3331725878441],[-84.2502437816475,42.3331579134676],[-84.2502738804356,42.3282510538341],[-84.2649360177032,42.3283565975547],[-84.2649819759886,42.3211102739655],[-84.2627280001679,42.3210932437051],[-84.2627181177598,42.3198237948212],[-84.2651592878805,42.3198429481874],[-84.2651070406286,42.3138260239398],[-84.2700402679876,42.3138660308663]]],[[[-84.1314069537805,42.3225748624124],[-84.1314039871338,42.3223029323881],[-84.1310491240654,42.3223096121441],[-84.1310513345197,42.3225813692064],[-84.1314069537805,42.3225748624124]]],[[[-84.2501404188855,42.3217255178166],[-84.2501361003764,42.3211308047273],[-84.2497619969717,42.3212831765737],[-84.249760282766,42.3217268019787],[-84.2501404188855,42.3217255178166]]],[[[-84.2492924650578,42.3215220670414],[-84.2492774019241,42.321089142188],[-84.2485724858951,42.3211163187463],[-84.2485684338872,42.3219062906544],[-84.2492924650578,42.3215220670414]]],[[[-84.2088880319313,42.3073172395013],[-84.2088919415635,42.307473158976],[-84.2097768204853,42.3074646285994],[-84.2098999176858,42.3070537858076],[-84.2099304100386,42.306738084249],[-84.2088807200952,42.306748235795],[-84.2088880319313,42.3073172395013]]],[[[-84.1052127748484,42.3771483071636],[-84.1051396403524,42.3767878604332],[-84.1030056984597,42.3768456317448],[-84.1030076718732,42.3772074807476],[-84.1052127748484,42.3771483071636]]],[[[-84.2450637136703,42.3210140423936],[-84.2477878328643,42.3210065388852],[-84.2477836512666,42.3204184025129],[-84.2450733103839,42.3204325792932],[-84.2450637136703,42.3210140423936]]],[[[-84.0740620522967,42.3294838195288],[-84.0740681661533,42.3277852156446],[-84.0740038840914,42.3276932651031],[-84.0738714707522,42.3275968758919],[-84.0736346859381,42.3275385656044],[-84.0719693298022,42.327471644407],[-84.0719618876854,42.3295203231337],[-84.0740620522967,42.3294838195288]]],[[[-84.2157770501516,42.315645722259],[-84.2157614428105,42.3139336174953],[-84.2131685435112,42.3139488738948],[-84.2131982048091,42.3156689719299],[-84.2157770501516,42.315645722259]]],[[[-84.0986937814335,42.3342349431269],[-84.0986960271861,42.3355192646409],[-84.0967217835597,42.3356054679789],[-84.0967228836609,42.3375270086688],[-84.0989390400437,42.3374305236115],[-84.098937086631,42.3342270049215],[-84.0986937814335,42.3342349431269]]],[[[-84.0791460491764,42.332084308396],[-84.0791540424413,42.331391329544],[-84.0784842216767,42.3313943192423],[-84.0772954984883,42.3312127253717],[-84.0770532753461,42.3311236828691],[-84.0741299540636,42.3311885418113],[-84.0741263219438,42.3321981170995],[-84.0791460491764,42.332084308396]]],[[[-84.1754084676063,42.3226002554497],[-84.1803140449248,42.3225421494697],[-84.1803089856991,42.3215454815161],[-84.1754029639392,42.3216037455234],[-84.1754084676063,42.3226002554497]]],[[[-84.0791156733587,42.3347143266471],[-84.0791138136441,42.3348782739296],[-84.08155554394,42.3347319572178],[-84.0815565913444,42.3346410027868],[-84.0800269671221,42.3346759911164],[-84.0800368155836,42.3338214850066],[-84.0815942627538,42.3337859307968],[-84.0816655955745,42.3340876949419],[-84.0819281640193,42.3346328660579],[-84.0840715833749,42.3345838039656],[-84.0840807917703,42.3334163184723],[-84.0837197078219,42.333562951084],[-84.0834209735928,42.3335479626631],[-84.0829935993965,42.3332865764403],[-84.082471464153,42.3328656955962],[-84.0819599008809,42.3327459308325],[-84.0815461710436,42.3327162655139],[-84.0815509467486,42.3328894161828],[-84.0791369263504,42.3328741065841],[-84.0791156733587,42.3347143266471]]],[[[-84.1781918251201,42.3227248925146],[-84.1781955935007,42.3234712391637],[-84.1787751222223,42.3234643500511],[-84.1787837047433,42.325004317463],[-84.1803264803586,42.3249864885602],[-84.180331830351,42.3254392685651],[-84.1822805205891,42.3254160672744],[-84.1822717698777,42.3234684556656],[-84.1803188830371,42.3234920064362],[-84.1803145148095,42.3226325051234],[-84.1781914842794,42.3226574164419],[-84.1781918251201,42.3227248925146]]],[[[-84.2602099937768,42.3210741662112],[-84.2602008551979,42.3192314889653],[-84.2552519668418,42.3191743226541],[-84.2552558721176,42.3210364665497],[-84.2602099937768,42.3210741662112]]],[[[-84.1900245010115,42.310648131743],[-84.1899940352147,42.3070545713999],[-84.1850910006645,42.307113246918],[-84.185120726515,42.310706809711],[-84.1900245010115,42.310648131743]]],[[[-84.0987579823094,42.344688531639],[-84.0984492269946,42.344700069784],[-84.0984511568155,42.3440632121781],[-84.0981484546281,42.3440749775878],[-84.09815203121,42.3428996043718],[-84.0949753453445,42.3430210891976],[-84.0949751397291,42.3448293306569],[-84.0954591568104,42.344811326978],[-84.0953135676268,42.3496028666818],[-84.0981345585149,42.3486471315292],[-84.0981355379218,42.3483245755311],[-84.0987470409456,42.3483024451658],[-84.0987579823094,42.344688531639]]],[[[-84.1852647430035,42.3318174106995],[-84.1852486197029,42.3287311871537],[-84.1825762355096,42.3287630883582],[-84.1825804957547,42.3265079112028],[-84.1803514447415,42.3265343337291],[-84.1803762140011,42.3347754776991],[-84.1817153476484,42.3337423657057],[-84.1838555050242,42.3324974441466],[-84.1847826001729,42.3320073819566],[-84.1852647430035,42.3318174106995]]],[[[-84.2144193037288,42.3103393497299],[-84.2095309911205,42.310369685827],[-84.209532291444,42.3104595885274],[-84.2144205902253,42.3104292574543],[-84.2144193037288,42.3103393497299],[-84.2193076013406,42.3103087952708],[-84.2192511787234,42.3067052569632],[-84.2176233486038,42.3067160176958],[-84.2175846291007,42.3031085550856],[-84.2143343224449,42.3031306007126],[-84.2144193037288,42.3103393497299]]],[[[-84.2047198016592,42.3158671622075],[-84.2046981827638,42.3140380427049],[-84.2051786556987,42.3140310015116],[-84.2051544619357,42.3115874152343],[-84.2041786080245,42.3112605158573],[-84.2030774995966,42.310685582987],[-84.2026757426028,42.3105233860148],[-84.2026625978984,42.3104679617043],[-84.1997803106327,42.3105090742984],[-84.1997706153198,42.309603362772],[-84.1982915576578,42.3096243007744],[-84.198301231279,42.3105301538221],[-84.1973401661413,42.3105442540741],[-84.1973975425523,42.3159527991338],[-84.2047198016592,42.3158671622075]]],[[[-84.0883686151726,42.3414843046861],[-84.0883649492555,42.3450760232852],[-84.0908037280884,42.3449943601744],[-84.090812789444,42.3471504668738],[-84.0924613247824,42.3470827043533],[-84.0924525682753,42.344929836027],[-84.0932654113547,42.3448963250376],[-84.0932653129934,42.3471250724777],[-84.094515723729,42.3471029036128],[-84.0945630093067,42.344844657914],[-84.0932655172694,42.3448929054286],[-84.0932658121354,42.3376773707401],[-84.0883723038838,42.3378737796912],[-84.0883686151726,42.3414843046861]]],[[[-84.1901210954691,42.3214423984414],[-84.190158221683,42.3289880023847],[-84.1895478929773,42.3289953270024],[-84.189552463992,42.3299682588545],[-84.1907417036131,42.3294353560791],[-84.1922370523754,42.3288493927353],[-84.1937730320739,42.3284834216025],[-84.1962758657732,42.3279743622958],[-84.1968228320529,42.3279223699941],[-84.1974882688912,42.3279686117911],[-84.1974718605933,42.3249540502334],[-84.1999170586871,42.324921829793],[-84.1998958481331,42.3212997397955],[-84.1901210954691,42.3214423984414]]],[[[-84.2050556169174,42.3505697958417],[-84.200145235094,42.3506025821916],[-84.2001850733726,42.3542447407034],[-84.1952785113287,42.3542723471605],[-84.1952541309988,42.3524539956719],[-84.1903430822657,42.3524823227807],[-84.1903414024029,42.3523185500127],[-84.187158581259,42.3526196944743],[-84.1860278243045,42.3538639670843],[-84.1834973048272,42.3527307129686],[-84.181914292351,42.3546238875263],[-84.1816219805503,42.3550548492124],[-84.181251890227,42.3558107892506],[-84.1816402780947,42.3559060066075],[-84.1813787238421,42.3564772789935],[-84.1809744686952,42.3563788442242],[-84.1805800222355,42.3572820859774],[-84.180586145883,42.3580408610125],[-84.180463079435,42.3580422625375],[-84.180417657121,42.3581933589553],[-84.1801891475078,42.3584377021974],[-84.1792946660005,42.358948091473],[-84.1787062683569,42.3586251880797],[-84.1782462776178,42.3580663332394],[-84.1779234934386,42.3580698425984],[-84.1775990781146,42.3575456943135],[-84.1779242806533,42.3571244194199],[-84.1772887560591,42.3560944297909],[-84.1765642360723,42.3560679015037],[-84.1761094334883,42.3542005778554],[-84.1779158644203,42.3519931120083],[-84.1781565225512,42.3507429319415],[-84.165793342758,42.350842899147],[-84.1658154878683,42.3545167483446],[-84.1685966488891,42.3544895458181],[-84.1672132747977,42.3561465827724],[-84.1665149196534,42.3578970271841],[-84.1664531429789,42.3581852762118],[-84.1669241346033,42.3581812019892],[-84.1667937010413,42.3587670165011],[-84.1667909179048,42.3614437077843],[-84.1675154253791,42.3614388596099],[-84.1693406627974,42.3608661031478],[-84.1703370167628,42.3609758512493],[-84.1718854926053,42.3604847685062],[-84.1726820211897,42.3604831827279],[-84.1733652854035,42.3602892939862],[-84.173790503806,42.3600971497287],[-84.174153260948,42.360020741532],[-84.1749745738381,42.3599375704887],[-84.1756148006455,42.3599396377793],[-84.1756933628321,42.3599436550282],[-84.1757026361275,42.3617620950889],[-84.1707845853233,42.3618273055167],[-84.170806181383,42.3655066927512],[-84.1658819437947,42.3655383114858],[-84.1658803639491,42.3691565377934],[-84.1560406661634,42.3692199619616],[-84.1560478926755,42.3728390012957],[-84.1511114160516,42.3728707441434],[-84.1413518652751,42.3728383265785],[-84.1413641614601,42.3710225627375],[-84.131601719295,42.3709831929064],[-84.131571303675,42.3728050026645],[-84.136461580958,42.3728217701272],[-84.1363761377658,42.3800969213927],[-84.1413026461276,42.3801014166463],[-84.1413226112375,42.377155605256],[-84.1459744080337,42.3771653758369],[-84.1459629133459,42.3788439116616],[-84.1462319074133,42.3785774901855],[-84.1462291699253,42.3801051952879],[-84.1448235185098,42.3801054689856],[-84.1447500067038,42.3803859975432],[-84.1447871890914,42.3808922164353],[-84.1447094524288,42.3819201675747],[-84.1511437410898,42.381925982381],[-84.1510838464117,42.391028564881],[-84.1492588566558,42.3910224984606],[-84.1492828680978,42.3873844208477],[-84.1363352670948,42.3873513890236],[-84.1363761377658,42.3800969213927],[-84.1314496232046,42.3800922271486],[-84.1313816770511,42.3909615175942],[-84.1289385961706,42.3910179436543],[-84.1289161770848,42.3946105393881],[-84.1247706922471,42.3946766723574],[-84.1247568632509,42.3983928656067],[-84.1313210506163,42.3982501694879],[-84.1313590329849,42.39458460744],[-84.1352696699512,42.3946014635992],[-84.1352485044072,42.3968500080608],[-84.1362631095148,42.3968543817174],[-84.1362498255532,42.3982686759677],[-84.1386146725238,42.3982774815832],[-84.13858364808,42.4019390317816],[-84.1379625172566,42.4019370675224],[-84.1392788563141,42.4054312183584],[-84.1411273857767,42.4043586858842],[-84.1411123311273,42.4061434383828],[-84.1400216230616,42.4061406085429],[-84.1399426705372,42.4077735958954],[-84.1409267426767,42.4092619296627],[-84.150964864029,42.4092870560741],[-84.1508975084514,42.4165311058965],[-84.1558391535013,42.416494177484],[-84.1558703324892,42.412872140941],[-84.1608094811822,42.4128349840444],[-84.1608381575649,42.4092129291948],[-84.1657747990446,42.4091755494697],[-84.1657223749212,42.4164196813414],[-84.1805650646822,42.4163089715082],[-84.1805801702698,42.412749739971],[-84.1834635793431,42.4129224166163],[-84.1851770116181,42.414509104932],[-84.1904752460974,42.4115012395502],[-84.1904801947551,42.4089907454731],[-84.1757147442619,42.4091010233135],[-84.1757556774233,42.4018053010073],[-84.1756947306565,42.4018057868837],[-84.1756914384617,42.4023931357331],[-84.1742183441392,42.4022346170509],[-84.1742207011169,42.4018175085495],[-84.1732737709676,42.4018250302177],[-84.1732478381419,42.4054717325465],[-84.165800545264,42.4055269826944],[-84.1658520324636,42.3982298515287],[-84.1683213377067,42.3982141646266],[-84.1683474136098,42.3945666116692],[-84.1708170402009,42.3945518972495],[-84.170808346971,42.3909084057394],[-84.1806573224068,42.3908251662582],[-84.180662829545,42.3835393698827],[-84.1804802811577,42.3835409346991],[-84.1805530833787,42.3830681406806],[-84.1807267798036,42.3798955163072],[-84.1954228407795,42.379764220627],[-84.1954209391751,42.3789631313536],[-84.1955987395611,42.378761381823],[-84.1958317322987,42.3786328938579],[-84.2003054957806,42.3780723867598],[-84.2019744601198,42.3776175166495],[-84.2027420046723,42.3773571846443],[-84.2027444547806,42.3724264162357],[-84.205195418438,42.3724100655248],[-84.2052106811331,42.3692313231823],[-84.2101402032416,42.3692079422716],[-84.2101358724547,42.3654781892104],[-84.2069895201186,42.3654878781484],[-84.2069766501819,42.3642429498691],[-84.2072955089813,42.3640165084232],[-84.207679340205,42.3640153312703],[-84.2076831975831,42.3643488222227],[-84.2101261979491,42.3643410197314],[-84.2101354864125,42.3651412608437],[-84.2150579715543,42.3650942069419],[-84.2150485102291,42.3687052231014],[-84.2249198777453,42.3685965196884],[-84.2248479697305,42.3613386290193],[-84.2242372942431,42.361344919323],[-84.2241828837918,42.3576849105144],[-84.218585414573,42.3577453396119],[-84.2187670563398,42.3579769585007],[-84.2189031666796,42.3583278741509],[-84.2188304842885,42.3589508842853],[-84.2189077772888,42.3593006691236],[-84.2190978232776,42.3595306692588],[-84.2191014705119,42.3597820103492],[-84.2189863592681,42.3599828255029],[-84.2184073419436,42.3599735917517],[-84.2181532579934,42.3600668199396],[-84.2175718908593,42.3601385991447],[-84.2171892859303,42.3601406006166],[-84.2162894619778,42.3602640381238],[-84.215874553244,42.3602493046655],[-84.2156253940184,42.3601723694362],[-84.2154230078536,42.3599908122388],[-84.2151633946031,42.3598974906409],[-84.215092812813,42.3596937121446],[-84.2149851325585,42.3595788127207],[-84.214961456166,42.3577858251306],[-84.2051378287298,42.3578630745143],[-84.2050556169174,42.3505697958417]]],[[[-84.180054328498,42.3609729058292],[-84.1800494759693,42.3605546376209],[-84.1801090047981,42.360389730821],[-84.1799690832883,42.3601585534885],[-84.1797253688065,42.3600427306657],[-84.1779237685498,42.359779274273],[-84.180054328498,42.3609729058292]]],[[[-84.1552672357943,42.401360442192],[-84.1555042422356,42.3997755046183],[-84.1548508871884,42.3996922313564],[-84.1547429372672,42.4013232812392],[-84.1552672357943,42.401360442192]]],[[[-84.1620975627893,42.4055535035895],[-84.1621228070939,42.4019034032191],[-84.1608883253405,42.4019116989998],[-84.1608632504705,42.4055623181922],[-84.1620975627893,42.4055535035895]]],[[[-84.1708064835163,42.3754604126574],[-84.1708163478434,42.3727423321517],[-84.1683678266392,42.3727589013287],[-84.1683631096574,42.375476835986],[-84.1708064835163,42.3754604126574]]],[[[-84.2101142931097,42.3633156995285],[-84.2100719018354,42.359662806607],[-84.2051634830447,42.3596863711829],[-84.205184028292,42.3615092230051],[-84.2047531084668,42.3615102520125],[-84.2048746761193,42.3633374813406],[-84.2101142931097,42.3633156995285]]],[[[-84.1658772305344,42.3909387760423],[-84.1658766982621,42.3872962518042],[-84.167764971521,42.3872820401647],[-84.1677289188316,42.3873491688325],[-84.1777358552023,42.3835640782781],[-84.180356603725,42.3835419620616],[-84.1804311783335,42.383061170636],[-84.1806044813834,42.3798968275123],[-84.1805714122721,42.3789913893311],[-84.1788922064405,42.3790048233133],[-84.1795670040165,42.3797644581763],[-84.1799863847563,42.3799016462757],[-84.1757239202192,42.3799373105009],[-84.1757237160561,42.3763105938375],[-84.1708099951559,42.3763599092591],[-84.1707822640017,42.3799779358976],[-84.1609689828588,42.3800442573924],[-84.1609461021777,42.3909689126852],[-84.1658772305344,42.3909387760423]]],[[[-84.2570358041466,42.3043987736051],[-84.2570104778077,42.3052918253226],[-84.2569532054899,42.3048935228099],[-84.2568791382318,42.3049870818535],[-84.2564990657272,42.3052064623595],[-84.2552305216802,42.3052313553725],[-84.2552249855549,42.3054036295451],[-84.2548839465914,42.3052890631377],[-84.2539359839595,42.3052291758749],[-84.2535312037229,42.304566786339],[-84.2533539457344,42.304362928332],[-84.2526142858057,42.3043623980136],[-84.2523850090787,42.3043291917752],[-84.2521781049372,42.3041693804857],[-84.25194889644,42.3041086309823],[-84.250647169888,42.3040250969928],[-84.2503194186303,42.3041060453247],[-84.2503177778569,42.3047013243434],[-84.2497205552034,42.3049962559226],[-84.2496377156382,42.3050832337576],[-84.2492813573134,42.3051392244489],[-84.2487733619405,42.3049224698026],[-84.2482634856023,42.3050631970878],[-84.2483698491431,42.3056124665437],[-84.2477878212264,42.3053104679853],[-84.2472305205197,42.3053665497931],[-84.2483321132945,42.306432235168],[-84.2503130643611,42.3064108811294],[-84.2552253584497,42.3064542596206],[-84.2552248017343,42.3054578126898],[-84.2598837024547,42.3054972712797],[-84.2598648072983,42.3053173463231],[-84.2601344948262,42.3053197491635],[-84.2601376495536,42.306497434798],[-84.2699622865306,42.3065831464574],[-84.2945561015748,42.3064537104487],[-84.2945300464943,42.3046359461681],[-84.2896135098209,42.3046836329393],[-84.2896060951154,42.3039494996301],[-84.2869199466789,42.3039559481714],[-84.2869116084102,42.3031191965643],[-84.2895926200908,42.3031126906638],[-84.2895536844606,42.2992215225203],[-84.2797282793155,42.2992283090291],[-84.2796621397313,42.2919124319736],[-84.2698434613011,42.2918853406021],[-84.2698620958322,42.290443200434],[-84.2684735355207,42.2908422427655],[-84.2666598319097,42.2912821991112],[-84.2666593454053,42.2914646180118],[-84.2649817119951,42.2918285894932],[-84.2649710417678,42.2919045146873],[-84.2600986119229,42.2919234897863],[-84.2601336462772,42.2883104614062],[-84.2576886846688,42.2883248932273],[-84.2576624008652,42.2919328979957],[-84.2531266344925,42.2919502685998],[-84.2531259504502,42.2922247740342],[-84.2514621637324,42.2922311013672],[-84.2514629316322,42.2919565890405],[-84.2503537726186,42.2919607942968],[-84.2503435946096,42.295573317664],[-84.2504547766765,42.2955732501473],[-84.2504592805738,42.2972979673194],[-84.2512854100997,42.2973109224698],[-84.2512836880974,42.2964564528269],[-84.2518196241036,42.2964481304404],[-84.2518210866387,42.296265709296],[-84.2523790348281,42.2962518136446],[-84.2523789607954,42.2963439637034],[-84.2527862913853,42.2963412245706],[-84.2527875732613,42.296436321724],[-84.2531946490072,42.2964426979441],[-84.2531933349809,42.2966294263854],[-84.2527820994541,42.2966289088087],[-84.2527873926489,42.2967238408878],[-84.2531946131091,42.2967242928512],[-84.2531951845243,42.2977025743266],[-84.2527894930443,42.2976962199173],[-84.2527905498222,42.2977902298346],[-84.2531925933693,42.2977937588796],[-84.2531939149909,42.2980864658739],[-84.2527860494256,42.298081719636],[-84.2527860632276,42.2978946735906],[-84.2523868662958,42.2978913796067],[-84.2523907680525,42.2981760025922],[-84.2527876333396,42.2981762665855],[-84.2527925376964,42.2986538221061],[-84.2531953304466,42.298660131013],[-84.2531937940316,42.2988349984076],[-84.254005336372,42.2988388528456],[-84.254001398533,42.2992913521339],[-84.2526663335959,42.2992816803161],[-84.2530239425595,42.2995323985677],[-84.252158203895,42.3000117508221],[-84.2525803817328,42.3000559242931],[-84.2529322178596,42.3001410582253],[-84.2532161006893,42.3003482031625],[-84.2532889276666,42.3006096831815],[-84.2539265972365,42.3006094591417],[-84.253926865877,42.3007344790504],[-84.254579999503,42.3007366608075],[-84.2545709178675,42.3015087710843],[-84.2539276588214,42.3015085140841],[-84.2539211848906,42.3020542794055],[-84.2543929694251,42.3020557228481],[-84.254383000305,42.302810112581],[-84.254772464724,42.3028106993489],[-84.2547762413039,42.3025360150102],[-84.2549060613804,42.3025362111889],[-84.2549022853902,42.3028108946317],[-84.2552888812303,42.3028114744024],[-84.2552864644773,42.3031960384145],[-84.2568418366984,42.3031983677306],[-84.2568452335204,42.3035829368837],[-84.2552811791444,42.3035805944646],[-84.2552796149549,42.3036944370642],[-84.2564595303721,42.304073864624],[-84.2569568589506,42.3040987971564],[-84.2569559869165,42.30434713457],[-84.2570358041466,42.3043987736051]]],[[[-84.2547151417176,42.2988569874633],[-84.2547160775519,42.298780478397],[-84.2543019041285,42.2987710618506],[-84.2543083144026,42.2988433241303],[-84.2547151417176,42.2988569874633]]],[[[-84.2527784588151,42.2957602475379],[-84.2527773007647,42.295674370407],[-84.252377956467,42.2956770093755],[-84.2523794269997,42.29576596051],[-84.2527784588151,42.2957602475379]]],[[[-84.2560690963978,42.3009279308609],[-84.2560682333167,42.3001329897575],[-84.2556893961603,42.3001306437855],[-84.2556965251981,42.3009252181339],[-84.2560690963978,42.3009279308609]]],[[[-84.2584057090357,42.299898035328],[-84.2582552121609,42.299201483755],[-84.2574575724352,42.2992033410397],[-84.2576266246874,42.2999770901588],[-84.2584057090357,42.299898035328]]],[[[-84.2590346213263,42.3012821993459],[-84.2601286520458,42.3012350107492],[-84.2601281826897,42.301059935776],[-84.259297231276,42.3010552582622],[-84.2592098451456,42.3004812775952],[-84.2592180771067,42.3000246903377],[-84.259255332705,42.2997707429206],[-84.2594863634826,42.2992083870088],[-84.2587661535346,42.2992066045354],[-84.2592050628635,42.3012650264299],[-84.2590346213263,42.3012821993459],[-84.2588381343988,42.3013011841257],[-84.2587682402051,42.3009740256082],[-84.257728971404,42.3010772263532],[-84.257798694326,42.301403606397],[-84.2573316634386,42.3014496234032],[-84.2573259471708,42.3044033070899],[-84.2575903903387,42.3044074383746],[-84.2576057340113,42.3014247376653],[-84.2590346213263,42.3012821993459]]],[[[-84.2717551241171,42.2992332510621],[-84.2699062434816,42.2992342980192],[-84.2699247045943,42.3015169979012],[-84.270097303774,42.3013591970556],[-84.2703423084767,42.3012502586898],[-84.2711893835242,42.3006372655626],[-84.2713383723886,42.3004012744989],[-84.2715282057143,42.2995162436403],[-84.2716480610437,42.2993132514712],[-84.2717551241171,42.2992332510621]]],[[[-84.0444340265052,42.3465372215896],[-84.0468737085602,42.3464543789307],[-84.0469065224103,42.3428559878798],[-84.0444646950622,42.3429364252013],[-84.0444953629888,42.3393356200074],[-84.0420513693302,42.3394135897704],[-84.0420029602789,42.3350100258541],[-84.0346455808998,42.3351195177085],[-84.0347131730229,42.340660389453],[-84.0358160211705,42.3415664421466],[-84.0359476681986,42.3416777351541],[-84.0359763237833,42.3417019602242],[-84.037553197914,42.3430350173473],[-84.03763019141,42.3431001604342],[-84.0395689874598,42.3447424194505],[-84.0400223894126,42.345126456842],[-84.0415896430779,42.3464169626008],[-84.0417618841797,42.3465407310943],[-84.0422292473548,42.3468640956403],[-84.0423327762049,42.3469328110093],[-84.0430380115318,42.3473598655836],[-84.0435590597261,42.3476424866423],[-84.0441499479973,42.3479281533377],[-84.0444211475353,42.3480498413838],[-84.0444340265052,42.3465372215896],[-84.0434576522229,42.3465703635056],[-84.0434600348818,42.3462912927573],[-84.0444363412892,42.3462654700565],[-84.0444340265052,42.3465372215896]]],[[[-84.2700402679876,42.3138660308663],[-84.2700792718966,42.3175074696133],[-84.2798798379216,42.3175035752584],[-84.2799025645245,42.3197656275648],[-84.2808263711603,42.3196347305194],[-84.2808228929172,42.3203040862377],[-84.2832329771554,42.3199857580327],[-84.2839384151241,42.3200441456954],[-84.2848162485799,42.3203213127267],[-84.2847569032218,42.3138423471408],[-84.2700402679876,42.3138660308663]]],[[[-84.2003474680644,42.3979461040938],[-84.2003168422048,42.3870032054529],[-84.1954186654736,42.3870510876418],[-84.1954182937368,42.3979907701566],[-84.2003474680644,42.3979461040938]]],[[[-84.2436043689852,42.3028060276427],[-84.2435863468107,42.3015115699771],[-84.2484670156677,42.3014582031231],[-84.2485041562632,42.3010172509776],[-84.2448801343528,42.3009824405076],[-84.2453862258748,42.3000378374401],[-84.2455193697221,42.2998949525021],[-84.2473005039048,42.2991538292806],[-84.2477145622305,42.2988461613961],[-84.2486311271341,42.2983408634473],[-84.2490596465532,42.2982531767249],[-84.2493395361506,42.2988528673098],[-84.2496936885888,42.2991611151885],[-84.2497696473274,42.2991916413923],[-84.250338561893,42.2991680453476],[-84.2503434542606,42.2974304087891],[-84.2386563984915,42.2975010693898],[-84.2387254508754,42.3028591177758],[-84.2436043689852,42.3028060276427]]],[[[-84.1361315517434,42.4128890654004],[-84.1361854570567,42.4055930027185],[-84.1312441220918,42.405582404975],[-84.1312013449659,42.4108157725206],[-84.1357287095362,42.4128823554778],[-84.1361315517434,42.4128890654004]]],[[[-84.2700663976778,42.3283930896163],[-84.2700923409508,42.3247710039375],[-84.2676167627059,42.3247534293578],[-84.2676289775225,42.3229418677525],[-84.2651525833234,42.3229363124331],[-84.2651182627388,42.3283579011269],[-84.2700663976778,42.3283930896163]]],[[[-84.1658154878683,42.3545167483446],[-84.1608895880359,42.3545647639044],[-84.1609122915437,42.3582330820857],[-84.1658376371351,42.3581906031496],[-84.1658154878683,42.3545167483446]]],[[[-84.2552854008175,42.3426424706075],[-84.2553336771155,42.3462713146574],[-84.2602080220072,42.3462711628259],[-84.2601823885688,42.3426521797644],[-84.2552854008175,42.3426424706075]]],[[[-84.2099418170759,42.3505369631737],[-84.2099032282147,42.3477833885721],[-84.205022992384,42.347831776696],[-84.2050556169174,42.3505697958417],[-84.2099418170759,42.3505369631737]]],[[[-84.2099418170759,42.3505369631737],[-84.209957305814,42.3519861567846],[-84.2148847560642,42.3519768583464],[-84.2165978376983,42.3519650256177],[-84.2165374136846,42.3518488883754],[-84.216991836198,42.3510755201509],[-84.2170449518683,42.3505169315462],[-84.2099418170759,42.3505369631737]]],[[[-84.1326456374604,42.3492064567655],[-84.1324228606578,42.3496418780779],[-84.1325439341204,42.3497954615244],[-84.1328265297559,42.3499556229073],[-84.1332110786025,42.3504740576869],[-84.1342140215283,42.3499399500973],[-84.135161211709,42.3495268395466],[-84.1351847255702,42.3488528590703],[-84.133923166356,42.3488771932117],[-84.1339614981864,42.3477656909952],[-84.1317930221235,42.3477815212792],[-84.1317903575647,42.3480418530618],[-84.1322409190677,42.3480416076703],[-84.1322159622044,42.3481733211285],[-84.1326456374604,42.3492064567655]]],[[[-84.2373370949059,42.3065506644327],[-84.2339022241569,42.3065875271994],[-84.2339373054615,42.3084896836228],[-84.2369862690249,42.3069210662489],[-84.2374055934087,42.306631089113],[-84.2387644375709,42.3066165678085],[-84.2387705505946,42.3057478749356],[-84.2373370949059,42.3065506644327]]],[[[-84.2404833269071,42.3458725096542],[-84.2404561662809,42.3453398810357],[-84.2406062075252,42.3450245093911],[-84.2409232688848,42.344543895351],[-84.2411813119312,42.3443373046023],[-84.2415014077004,42.3437327567618],[-84.2415743197476,42.3436960818502],[-84.2428711131351,42.3441050936824],[-84.2441420302481,42.3447268225313],[-84.244141621689,42.3445583034803],[-84.2429538757911,42.3439812353705],[-84.2415615396586,42.3435366786069],[-84.2411394121623,42.3437819685228],[-84.2406128634437,42.3440113883267],[-84.2405805832583,42.3440988721108],[-84.2409550480553,42.3439514075819],[-84.2412077989919,42.3439118544084],[-84.241021864944,42.3442630154768],[-84.2407690523847,42.3444654274425],[-84.2404353086418,42.3449713252541],[-84.2402691399837,42.3453205824669],[-84.2402974508329,42.3458402593523],[-84.2401607282515,42.3461199529823],[-84.2402977756232,42.3461378928067],[-84.2404833269071,42.3458725096542]]],[[[-84.1105539871861,42.3386580639088],[-84.1102181263796,42.3390951978134],[-84.1101862013862,42.3392577470812],[-84.1110904350322,42.3388620415814],[-84.111292951092,42.3383323770143],[-84.1111866107703,42.3379282462034],[-84.1104476547215,42.3382539316079],[-84.1105539871861,42.3386580639088]]],[[[-84.2507041913517,42.34590957325],[-84.2506612240168,42.3440995119124],[-84.2504169919259,42.3440988755536],[-84.2504522589241,42.3459079308961],[-84.2507041913517,42.34590957325]]],[[[-84.201604286674,42.3343220477454],[-84.2012871248176,42.3341775996884],[-84.2008223747808,42.3343563297119],[-84.2002982099077,42.3343138460128],[-84.199977923142,42.3344401266453],[-84.1999796502772,42.3346229076237],[-84.2013464121357,42.3346002010079],[-84.2014407527142,42.3344456928884],[-84.201604286674,42.3343220477454]]],[[[-84.2683945140088,42.322947786528],[-84.2684075264309,42.3211360613195],[-84.26816338623,42.3211342260266],[-84.2681503751215,42.3229459576395],[-84.2683945140088,42.322947786528]]],[[[-84.2518425176234,42.2975950074561],[-84.2518255186334,42.2979744682796],[-84.2522327689711,42.2979749240037],[-84.2522315779465,42.2975954970145],[-84.2518425176234,42.2975950074561]]],[[[-84.2518207579534,42.2965393788014],[-84.2514407272115,42.296547238485],[-84.25143918866,42.2967324212568],[-84.2522284910155,42.2967210260405],[-84.252221920129,42.296531207611],[-84.2518207579534,42.2965393788014]]],[[[-84.2538035467765,42.303117780648],[-84.2538411246976,42.3031284112449],[-84.2538440047656,42.3029191735692],[-84.2534585137894,42.3029185891228],[-84.2535675163218,42.303044584515],[-84.2538035467765,42.303117780648]]],[[[-84.2541233577681,42.302809720674],[-84.254127137271,42.3025350327565],[-84.2539981787386,42.3025348374714],[-84.2539946352814,42.3028095263857],[-84.2541233577681,42.302809720674]]]]},"properties":{"NAME":"Waterloo Recreation Area","CreatedUser":"MichiganDNR"}},
{"type":"Feature","geometry":{"type":"Polygon","coordinates":[[[-86.3615213310342,43.264434647566],[-86.3611589205771,43.2636167043139],[-86.3606266820723,43.2627788620295],[-86.3595981426204,43.2614696317059],[-86.3583787220697,43.259644489648],[-86.3580729866879,43.2588476825372],[-86.3577120756175,43.2581021417188],[-86.3570574796046,43.2569661787301],[-86.3558542046828,43.2551010046028],[-86.3528616866837,43.2513452075606],[-86.3524078284184,43.2505133987946],[-86.3523185683155,43.2500195976571],[-86.3510691112009,43.2484885771714],[-86.3499684971721,43.2464419644965],[-86.3492076998862,43.2454840135758],[-86.3487844704803,43.2445764146994],[-86.3477680745068,43.2437002137156],[-86.3469401289109,43.2426761512445],[-86.3465087823431,43.2418948688372],[-86.345369094515,43.2401997096447],[-86.3449401011028,43.2389734156656],[-86.3440640693196,43.2371141155634],[-86.3438572154572,43.2364762471481],[-86.3434897767916,43.2349699034895],[-86.3429325617014,43.2338751197958],[-86.3428925882221,43.2329080606064],[-86.3423003845285,43.2313351816439],[-86.3432571065447,43.2306454673497],[-86.3422923595395,43.2300001000819],[-86.3412447580775,43.2294094535176],[-86.3408711803526,43.2290952822882],[-86.3403264863781,43.2284949762867],[-86.3403648609203,43.2283357573524],[-86.340485852008,43.2281602701275],[-86.3417791720301,43.2276747447357],[-86.341750117012,43.2274933513893],[-86.3402432062285,43.2281365517132],[-86.332093302672,43.2313955434443],[-86.3280269997856,43.2325160974303],[-86.3279058654486,43.2327080555155],[-86.3281003606778,43.2328239704427],[-86.3281220783204,43.2329723722483],[-86.3280226699527,43.233307232088],[-86.3278029989948,43.2336802224689],[-86.3269510319246,43.2343865811543],[-86.3266487767295,43.2347593382048],[-86.3264593487259,43.2351355053297],[-86.3262803481456,43.2353239528479],[-86.3262214102688,43.2360492512358],[-86.3259343788085,43.2363780884162],[-86.3257441089435,43.2368555426279],[-86.3256857553646,43.2379157306734],[-86.3255453158489,43.2388877971733],[-86.3255851282585,43.2398383756686],[-86.3257911310668,43.2405971315619],[-86.3259479956592,43.2407349233194],[-86.3261800863634,43.2408454512319],[-86.3262155629362,43.2412191467015],[-86.3267856002309,43.242671171382],[-86.326737175048,43.2432863618427],[-86.3269317951247,43.2433858064235],[-86.3273573813614,43.2438045370415],[-86.3283680364319,43.2443018118754],[-86.3284806158396,43.2443076188099],[-86.3284447817505,43.2439943557101],[-86.3285583710116,43.2438133673694],[-86.3288666149589,43.2437263181005],[-86.329294110099,43.2437934274979],[-86.3297584645312,43.2439870044925],[-86.3300128274848,43.2441470377127],[-86.3305710700316,43.2450221291547],[-86.3307576741615,43.2452204295259],[-86.3314988592942,43.2455850740737],[-86.3328329141785,43.2459843001472],[-86.3331757392598,43.2460381062801],[-86.3338311734192,43.2460090041631],[-86.3342981490759,43.2457190982409],[-86.3352266502589,43.2447491731977],[-86.3353636686149,43.2443924309597],[-86.335260251499,43.2440789946369],[-86.335006651037,43.2437761314236],[-86.3352399681549,43.2436613835003],[-86.3355926815844,43.2436788282853],[-86.335839680746,43.2438113519182],[-86.3359887532532,43.2440095446661],[-86.3359797269266,43.2442952060872],[-86.3358058594792,43.24452549],[-86.3356629017968,43.2445855335155],[-86.3350590762294,43.245204726316],[-86.3350210788965,43.2452925262384],[-86.3351258656099,43.2453477522312],[-86.335110125817,43.2454850563712],[-86.3347458714217,43.2462202717557],[-86.3346706325057,43.2462530295408],[-86.3345959450386,43.246181413653],[-86.3346466706314,43.2465221761164],[-86.3341612374189,43.2474548352496],[-86.3337689450429,43.2478163770061],[-86.3332491010164,43.2481610845245],[-86.3318594043489,43.2488503327523],[-86.3314578965914,43.2481104962495],[-86.3312177744306,43.248183191691],[-86.3312781337748,43.2482859350043],[-86.3312247280504,43.2486231064788],[-86.3310921311461,43.2488455812117],[-86.3305954310829,43.2492148410009],[-86.3301084800667,43.2491981662077],[-86.3300432327149,43.2492377145708],[-86.329998435633,43.2508828675818],[-86.3322626025275,43.2514092129937],[-86.3323973633037,43.2514690873461],[-86.3323981784404,43.251528468418],[-86.3374086624787,43.2515689912159],[-86.337426158405,43.2533951489717],[-86.3331584260325,43.2533523400259],[-86.333052791763,43.2570045713096],[-86.3374663202252,43.2570475205472],[-86.337455386874,43.255905994842],[-86.3390170982625,43.2559218990937],[-86.3390280733263,43.2570634242408],[-86.3424906860925,43.257098611143],[-86.3425723111689,43.2644175747907],[-86.3615213310342,43.264434647566]],[[-86.3390092976312,43.2551097192435],[-86.3390543166247,43.2551100903423],[-86.3390552577992,43.2551951547258],[-86.3374484361298,43.2551821061461],[-86.3374365692312,43.2539440276241],[-86.3390433499981,43.2539581094926],[-86.3390092976312,43.2551097192435]]]},"properties":{"NAME":"Muskegon State Park","CreatedUser":"MichiganDNR"}},
{"type":"Feature","geometry":{"type":"MultiPolygon","coordinates":[[[[-83.4188911404904,45.232675141667],[-83.429140189557,45.2326686055664],[-83.4291543917604,45.2290248820975],[-83.434300600523,45.2290192423581],[-83.4343364735196,45.2253734840252],[-83.4240006914414,45.2253885992495],[-83.4238999278548,45.2143602017285],[-83.4341794117764,45.2143320222827],[-83.4341386356797,45.2127239134461],[-83.431517075426,45.2127437784741],[-83.4314638823621,45.2106425813444],[-83.4340909866354,45.210633497028],[-83.433997225656,45.2069354148621],[-83.4238067264436,45.2069787328898],[-83.4239565732243,45.1929751470594],[-83.4188213389516,45.1929112405083],[-83.4187152411098,45.1890614320028],[-83.3980477271892,45.1889800950996],[-83.3979482446318,45.1852955366805],[-83.3927791616157,45.1853264778097],[-83.3926841764304,45.1816555132154],[-83.4081740969894,45.1814476972074],[-83.4080634436873,45.1776787756926],[-83.4029052010985,45.1778024046471],[-83.4027802951388,45.170681115113],[-83.3975968580793,45.1707771987416],[-83.3977477222957,45.1779258175123],[-83.3932632897481,45.178032853648],[-83.3930980236865,45.1781361465301],[-83.3929969719283,45.1782732926723],[-83.392864416549,45.1786630231985],[-83.3924986197823,45.1793929083811],[-83.3924590875242,45.1797772969887],[-83.3924974703324,45.1799640881313],[-83.3924192286119,45.1803209541483],[-83.3922948222656,45.1805074941309],[-83.3919842945622,45.180732177223],[-83.3909599370258,45.1812632868455],[-83.3902434212948,45.1815481255163],[-83.3896611470077,45.181661749104],[-83.3895793093349,45.1817547073583],[-83.3896726739234,45.1818455211364],[-83.3899283416594,45.18195540632],[-83.3899520806356,45.1820290880192],[-83.3897369970838,45.1822359042821],[-83.3894665924983,45.1822465961242],[-83.3893339063066,45.1820272942107],[-83.3892332533224,45.1819943202093],[-83.3886691656962,45.1819992403466],[-83.388182882294,45.1820919042937],[-83.3878190910651,45.1819929156284],[-83.3871824543858,45.1818931919538],[-83.3869899563624,45.1820080696992],[-83.3867814740763,45.1820352470929],[-83.3864953154413,45.1819966049692],[-83.3861627944548,45.1820346239104],[-83.3860621797496,45.1819304111467],[-83.3858432131645,45.1818255323807],[-83.3822923563163,45.1819138018693],[-83.3822111135422,45.1784094049118],[-83.3771003220667,45.1786058259418],[-83.3771788683446,45.1820403908304],[-83.372065366558,45.1821670345537],[-83.3721428289206,45.1855318180782],[-83.3696231086025,45.1854514723147],[-83.3696004940395,45.1856824390597],[-83.3696770752351,45.1862261172873],[-83.3695451872275,45.1863084030123],[-83.3702109756943,45.1867481026319],[-83.3702727208315,45.1869018893821],[-83.3702569324581,45.1870721079225],[-83.3699846794093,45.1876649936122],[-83.3699072537209,45.1876210172975],[-83.369628936315,45.1872090119452],[-83.3695513740488,45.1872419145236],[-83.3695511953863,45.1873462449292],[-83.3697598801891,45.1876923190926],[-83.3703091239869,45.1883131462619],[-83.3703164446553,45.1885767334124],[-83.3705094224587,45.1890435963281],[-83.3711827872924,45.1896150753501],[-83.3712828917749,45.1900050085211],[-83.3717935651392,45.190543443161],[-83.3722690461587,45.1915150588808],[-83.372469425858,45.1920507800089],[-83.3727245214502,45.1930201038743],[-83.3728944891646,45.1933716355556],[-83.3732812197951,45.1938825290472],[-83.3738603633982,45.1952501616593],[-83.3749669464691,45.1964313803737],[-83.3755039560103,45.1970988782083],[-83.3759677831269,45.1978571059133],[-83.3768112604629,45.1988463616587],[-83.3774761383807,45.1994977473212],[-83.3786321571507,45.2010286198412],[-83.3788329459266,45.2014735897616],[-83.3795377048482,45.2020618436803],[-83.379769770222,45.2023860441513],[-83.3798623720344,45.2026277315151],[-83.3798693180825,45.2030230886008],[-83.3800699278735,45.2035504126051],[-83.3802867166011,45.2037647690515],[-83.3806605240277,45.2039046981728],[-83.3808683116989,45.203902653443],[-83.3812565822229,45.2037328592811],[-83.3814742325255,45.2035354081635],[-83.3817769619084,45.203447879264],[-83.3818163674895,45.2031514256363],[-83.3814754761063,45.20292594388],[-83.3813518104434,45.2026952090407],[-83.3813756995981,45.2023877443363],[-83.381445745221,45.2022780155675],[-83.3817638732473,45.202261880863],[-83.3818568483443,45.2023113863378],[-83.382209279114,45.2028686057738],[-83.3823798681142,45.2029127098042],[-83.382682556469,45.2028526278511],[-83.3828068212017,45.2027868684974],[-83.3830634141406,45.202501620202],[-83.3833975088204,45.2022548845526],[-83.3836224257025,45.2022880603933],[-83.3839295702907,45.2025443930801],[-83.3841183828214,45.2025685995252],[-83.3842266909748,45.2027224524364],[-83.3840783269898,45.203205480136],[-83.3841090173125,45.2033757245297],[-83.384759613558,45.2039309552056],[-83.3849299028707,45.2041287941136],[-83.3852854781395,45.2047935347405],[-83.3863152267843,45.2058817399526],[-83.3870201989223,45.2064260332892],[-83.3884901524295,45.2071164820708],[-83.3888369114031,45.2073654581007],[-83.3891429054138,45.2075116080836],[-83.3894870770689,45.2077983991646],[-83.3898388296345,45.2081825608019],[-83.3901521380509,45.2088696330033],[-83.390350635942,45.2096107485076],[-83.3903045435808,45.2098974196196],[-83.390067116115,45.2102002579554],[-83.3900823262501,45.2103408993753],[-83.3902352552265,45.2105410790308],[-83.3910844986124,45.2108983590369],[-83.3914974778391,45.2113203910135],[-83.3915509490192,45.211482680271],[-83.3920480330424,45.2120616162613],[-83.3923691680555,45.2125323070956],[-83.3926978054017,45.2132896834957],[-83.3931796822685,45.2137333828967],[-83.3940901949471,45.2141176922718],[-83.3945491932719,45.2144585944556],[-83.3951459991849,45.2147238074984],[-83.3953678448619,45.2149131901264],[-83.3952761020164,45.2147454808602],[-83.3950542547725,45.2145723284417],[-83.395192026836,45.2145507249683],[-83.3954139211467,45.2146427458228],[-83.3956203829154,45.2149565350424],[-83.395750442638,45.2150539296992],[-83.3965385090076,45.2154814584408],[-83.3968368795718,45.2156979005472],[-83.3973801746624,45.2158873653184],[-83.3974870103818,45.2164823979214],[-83.3975019303675,45.2172613166055],[-83.3972028059273,45.2184891232091],[-83.3967662215144,45.219084015273],[-83.3962839527909,45.2192299364015],[-83.3959777806883,45.2192406715329],[-83.3957787600845,45.2192947108429],[-83.3956178521193,45.2196083955716],[-83.3954264827734,45.2196570237164],[-83.3949901906331,45.219673134002],[-83.3947757138285,45.2199759861671],[-83.3953189904237,45.220268237395],[-83.3954795711583,45.2205441363492],[-83.3954564821116,45.220782131483],[-83.3961070007805,45.2209283560432],[-83.3963744660997,45.2217343911146],[-83.3966216056393,45.2219566757333],[-83.3968970646243,45.2221082132462],[-83.3972642326878,45.2225897145718],[-83.3976315740942,45.2226925947531],[-83.3981445080359,45.2225142138142],[-83.398649723147,45.2224494268007],[-83.3987262033118,45.2225900831797],[-83.398718463221,45.2227307157409],[-83.3991929987064,45.2228552414551],[-83.3994378602661,45.2229742983438],[-83.3996597242935,45.2232231736451],[-83.399904643762,45.2232935504869],[-83.4001494046977,45.2236506110334],[-83.4005857566264,45.2235587590375],[-83.4009608224841,45.2235750737207],[-83.4018102854452,45.2240133949194],[-83.4020551064664,45.2243109397693],[-83.4024757400332,45.2251278093332],[-83.4031263870001,45.2251820465721],[-83.4033023925694,45.2252578056983],[-83.4036161407617,45.2255337308612],[-83.4039605969061,45.2255229861218],[-83.4042284909764,45.2256312214675],[-83.4044886813857,45.2257935518234],[-83.4045651562608,45.2259558285674],[-83.4046490884515,45.2266806686302],[-83.4047332577229,45.226778053735],[-83.4050088612192,45.2266699277171],[-83.4053915703038,45.2267998160729],[-83.4055063693662,45.2268755536967],[-83.4057052713819,45.2272109722402],[-83.4059119359568,45.2272380486838],[-83.4061108161554,45.227681632923],[-83.4060800941687,45.2279088152675],[-83.4059346186153,45.227989914452],[-83.4056131685467,45.2278600381153],[-83.4054982952182,45.2279411452412],[-83.4057431683749,45.2282441068412],[-83.4061948257578,45.2281846928509],[-83.4064014994774,45.2282658655646],[-83.4066080163006,45.2287581296318],[-83.4069294181941,45.2290502766799],[-83.406967537989,45.2295154712232],[-83.4068220704232,45.2295965833756],[-83.4066000555283,45.2296073704351],[-83.406760776275,45.2297534417837],[-83.4068602846268,45.2297859065463],[-83.406775955214,45.2300347094335],[-83.4067988951532,45.2301428994777],[-83.4071662555906,45.2304512899837],[-83.4072503952164,45.2306514441407],[-83.4079768458497,45.2331235234163],[-83.4081069179222,45.2333777720845],[-83.4078157125909,45.234194515055],[-83.4078539477496,45.2343784321479],[-83.4081907069639,45.234665152248],[-83.4084047917067,45.2355522982256],[-83.4089015447243,45.2358809687721],[-83.4097903620181,45.2361312796187],[-83.4102037488227,45.2362936120084],[-83.4102703223996,45.2364283928088],[-83.4107678242958,45.2369747825541],[-83.4107983926906,45.2371803426362],[-83.4112345875876,45.2379376741393],[-83.4117397291004,45.2386301088854],[-83.4124822927323,45.2391116079953],[-83.412466930885,45.2392792926643],[-83.4122600889986,45.2397228186682],[-83.4122830380036,45.2398364088119],[-83.4126198005102,45.2403719555747],[-83.413079062652,45.2409670102916],[-83.4131632408773,45.2411671574661],[-83.4131325618966,45.2413402421447],[-83.4127955590646,45.2417621111039],[-83.4128184612267,45.2420758501853],[-83.4127570877821,45.2425518376014],[-83.4123971643009,45.2427086575238],[-83.4122516424423,45.2428655024426],[-83.4126421244203,45.2429953716167],[-83.4126803594075,45.243200925329],[-83.4124582740325,45.243303672666],[-83.4123662937567,45.24369852415],[-83.4124964015081,45.2439149021136],[-83.4128944937662,45.2442989986648],[-83.4129480104927,45.2446505935312],[-83.4128483440983,45.2451428092015],[-83.412345899571,45.245974780894],[-83.412007019185,45.2462383316496],[-83.4106761851152,45.2467909352214],[-83.41026724841,45.2471276148919],[-83.4101064221563,45.2471708726108],[-83.4100527692873,45.2473114939981],[-83.4098689523085,45.2474521109488],[-83.4096620905168,45.2477982547424],[-83.4096619092937,45.248382445518],[-83.4099910951164,45.2487232652861],[-83.4105959670408,45.2490857546928],[-83.4106877773606,45.2493994978406],[-83.4115223072459,45.2500919791199],[-83.4118095396733,45.2501337086527],[-83.4119782239801,45.2502527668487],[-83.4122772134931,45.2503122283517],[-83.4132355573138,45.2506909068419],[-83.4140585562342,45.2508741545802],[-83.4141985286824,45.2510238851211],[-83.4144187009684,45.2511489131839],[-83.4146035815581,45.2511824469603],[-83.4149761342469,45.2511084963333],[-83.4153677973353,45.2511701828272],[-83.4159524727146,45.2506615556748],[-83.4192336470124,45.2506253675886],[-83.4192002701786,45.2491171648764],[-83.4179082483265,45.2477344949018],[-83.4191699155511,45.2477460829006],[-83.4141757326138,45.2434720076282],[-83.4138174596591,45.2363157019904],[-83.4189149562827,45.2363152522208],[-83.4188911404904,45.232675141667],[-83.4137612472856,45.2326785187497],[-83.413710402137,45.2290408703393],[-83.4188619762591,45.229035468036],[-83.4188911404904,45.232675141667]]],[[[-83.4105962686108,45.2479660275895],[-83.4111859807983,45.2477876418942],[-83.4113588319106,45.247672994724],[-83.4101430016239,45.2476612248647],[-83.4101062153273,45.247857752095],[-83.4105962686108,45.2479660275895]]],[[[-83.3335710581771,45.1979011739013],[-83.3347352811649,45.1979813804921],[-83.3355177059064,45.1979781096987],[-83.3357554848487,45.1979244624986],[-83.3359186344463,45.197754179298],[-83.3357296338347,45.1978020992606],[-83.3356492119221,45.1978885539754],[-83.3356008519091,45.1978591338104],[-83.3356921815023,45.1977206260792],[-83.3356899642334,45.1976116733041],[-83.3355118757769,45.1972679732646],[-83.3353402079864,45.1971516574392],[-83.3352580609616,45.1971969115623],[-83.3355245486227,45.197543521285],[-83.335526067007,45.1976936172204],[-83.3354310259659,45.1977814473742],[-83.3352474080498,45.1978440683413],[-83.3351761931854,45.1977583811532],[-83.3350387387248,45.1977148872826],[-83.3349524689459,45.1976399981658],[-83.3351138933354,45.1974285166397],[-83.3346947073098,45.197236137669],[-83.3346296448162,45.1969919573982],[-83.3342759963815,45.1964332362686],[-83.3337657546823,45.1962953330924],[-83.3337052769784,45.1963179377976],[-83.3337537259327,45.1964236767859],[-83.3335993117671,45.1966147396515],[-83.3334520569322,45.1967039271825],[-83.3333067744754,45.1967245613572],[-83.3327698462497,45.196534584487],[-83.3325663181574,45.1963472091831],[-83.3325814556358,45.1961520538148],[-83.332729781319,45.1959094015187],[-83.3327085727957,45.1957134014354],[-83.3329145796283,45.1955604101479],[-83.33298688671,45.1954137445525],[-83.3331509754895,45.1953798279612],[-83.3331443891885,45.1953127908694],[-83.3332687708144,45.1951416104437],[-83.3333743314405,45.1950883268257],[-83.3334349613911,45.1949319568065],[-83.3335486208401,45.1949131607095],[-83.3336082484761,45.1948305121734],[-83.333823516517,45.1947651981676],[-83.3340595347171,45.1945142912976],[-83.3339895363647,45.1944286315154],[-83.3342038917953,45.194330711951],[-83.3344010350907,45.1941595052928],[-83.3345215774554,45.1942274739457],[-83.3346053918562,45.1943811962734],[-83.3346724765246,45.1943990469109],[-83.3346912356112,45.1942562815894],[-83.3347574146396,45.1941892193752],[-83.3346998605523,45.1941457610375],[-83.3291467479985,45.1940923410658],[-83.3290891587172,45.1975016890848],[-83.3293610476042,45.1975949196563],[-83.3297082995011,45.1977950772829],[-83.3300441982153,45.1978483380657],[-83.3310958232979,45.1977939081009],[-83.3329069649618,45.1979157561904],[-83.3335710581771,45.1979011739013]]]]},"properties":{"NAME":"Rockport Recreation Area","CreatedUser":"MichiganDNR"}},
{"type":"Feature","geometry":{"type":"MultiPolygon","coordinates":[[[[-86.4401125556905,43.785565768944],[-86.440874271641,43.7843391939964],[-86.4422998817859,43.7825366177585],[-86.439048738234,43.7818261561857],[-86.4390026942911,43.782731407735],[-86.4372256334506,43.782710009258],[-86.4371795551866,43.7836152603366],[-86.4346978511766,43.7835853305965],[-86.4346185396915,43.7853959865991],[-86.433962183966,43.7853880616205],[-86.4339451058206,43.7861126806899],[-86.439720602713,43.7861822843741],[-86.4401125556905,43.785565768944]]],[[[-86.4424628651576,43.7823827555136],[-86.4426507464386,43.7821920620201],[-86.442661752313,43.7819956226497],[-86.4426327489131,43.7820396067837],[-86.4419522783275,43.7818352715131],[-86.4419816420654,43.7817857295865],[-86.4411935057357,43.7815398547098],[-86.440894851754,43.7820400900941],[-86.4424628651576,43.7823827555136]]],[[[-86.4334248027258,43.7857439832605],[-86.4339014597781,43.7857497413551],[-86.4339057288396,43.785568585914],[-86.4334280864584,43.7855628161888],[-86.4334248027258,43.7857439832605]]]]},"properties":{"NAME":"Charles Mears State Park","CreatedUser":"MichiganDNR"}},
{"type":"Feature","geometry":{"type":"MultiPolygon","coordinates":[[[[-83.0300999064298,42.3310541225702],[-83.028526769331,42.3315977938055],[-83.0289761815567,42.3322619654199],[-83.0305391793716,42.3317218671714],[-83.0300999064298,42.3310541225702]]],[[[-83.0278918057376,42.3335796803838],[-83.0275035265155,42.3329564659825],[-83.0267091721351,42.3332358649421],[-83.0271163313982,42.3338507439781],[-83.0278918057376,42.3335796803838]]],[[[-83.0239571150832,42.3340435854828],[-83.0232588299007,42.3330086427214],[-83.0225442435121,42.3332967328151],[-83.0232143023112,42.3343014837014],[-83.0239571150832,42.3340435854828]]]]},"properties":{"NAME":"William G. Milliken State Park & Harbor","CreatedUser":"MichiganDNR"}},
{"type":"Feature","geometry":{"type":"Polygon","coordinates":[[[-87.0593048034188,46.4020374029082],[-87.0645697802864,46.40204384982],[-87.0645925820942,46.3983977445106],[-87.0698557348065,46.3984008003849],[-87.0698976824911,46.391101027518],[-87.0751571819175,46.3910962809897],[-87.0748969482441,46.383808357756],[-87.0905811272616,46.3838502169267],[-87.090487616342,46.3765742754633],[-87.0852058220943,46.3765563694985],[-87.0852794360026,46.3801964378636],[-87.0747695794809,46.3801640898926],[-87.0746476564877,46.3765191931595],[-87.064226685944,46.3764544310073],[-87.0645352859453,46.3874427621083],[-87.059288047497,46.3874377785108],[-87.0593786861447,46.391109804372],[-87.0541402284785,46.3911138109987],[-87.0540873474828,46.3983909420734],[-87.0487892935545,46.3983864407834],[-87.0487703606327,46.4056581054612],[-87.0592801807916,46.4056791058921],[-87.0593048034188,46.4020374029082]]]},"properties":{"NAME":"Laughing Whitefish Falls State Park","CreatedUser":"MichiganDNR"}},
{"type":"Feature","geometry":{"type":"MultiPolygon","coordinates":[[[[-83.9122489633701,43.6699621699074],[-83.9122517208385,43.6710867907051],[-83.9129740056725,43.671149845517],[-83.9130357479068,43.6710895088119],[-83.9133852756038,43.6715777648254],[-83.9130358289018,43.6717936547237],[-83.9132758278038,43.6721833565794],[-83.9136469789174,43.6719792651225],[-83.9142137766551,43.672963262771],[-83.9149860427361,43.6745400565334],[-83.9136673820402,43.6745167936039],[-83.9122243214493,43.673008079635],[-83.9122196015289,43.6721407545557],[-83.9118583341563,43.6726086755697],[-83.9108108493668,43.6737292739085],[-83.9127821112375,43.6756681529446],[-83.9151618143395,43.6747444384064],[-83.9154039940455,43.6747472089854],[-83.9171814203974,43.6783220529215],[-83.9171909834563,43.6784964524703],[-83.9172635698863,43.6784962566962],[-83.9191099091065,43.6822265648865],[-83.9188583467358,43.6822219600041],[-83.9205135571199,43.685611893275],[-83.9206243669773,43.6856139200787],[-83.9233442484934,43.6910682927679],[-83.9237723648568,43.6917884408101],[-83.9267538599661,43.6960663151999],[-83.9269749185342,43.6960755695737],[-83.9335144409844,43.7050378157565],[-83.9345938688898,43.7045644783825],[-83.9353258629967,43.7043613449479],[-83.935296552988,43.7046306430348],[-83.9353427744219,43.7049053158843],[-83.9355703245743,43.7052072047854],[-83.9358351402083,43.7053661494305],[-83.9360929767684,43.7056899645829],[-83.936244390057,43.7058051284865],[-83.9365538815897,43.7057716804735],[-83.9367649692014,43.705666959355],[-83.936961339579,43.7056776509208],[-83.9370899988876,43.7057653729524],[-83.9375431919159,43.7057976542663],[-83.9377095055921,43.7058523420236],[-83.9378080184951,43.7059511008186],[-83.9372276760665,43.7062871776826],[-83.9368201846953,43.7063702229901],[-83.9365039305417,43.7066399606532],[-83.9363685803913,43.7068160027579],[-83.9361593859997,43.7074867017456],[-83.9360616320228,43.7076132355558],[-83.9355776570129,43.707886406682],[-83.9369551086423,43.7097852910244],[-83.9384759204433,43.7098036424534],[-83.9369632268977,43.7097964553395],[-83.9397210485938,43.7135861158691],[-83.9405731115378,43.7149536650143],[-83.9445444422588,43.7149469428517],[-83.9445357678407,43.7170096359269],[-83.9535424784088,43.7170258859224],[-83.9535877228963,43.709939991385],[-83.953763449242,43.7064762800858],[-83.9536554758631,43.7064761747792],[-83.9537651970512,43.705091848715],[-83.9522165024812,43.7030875103087],[-83.9490302451134,43.7030300732869],[-83.9488532157537,43.7064713684734],[-83.9464900196619,43.7064538192346],[-83.9466319902884,43.7030197933625],[-83.9442285856324,43.7030096016844],[-83.9445013280572,43.6961572186026],[-83.9493945535491,43.6961475179928],[-83.9503341381915,43.6820800623909],[-83.9498073745022,43.6784679283628],[-83.9490609234754,43.6784647135903],[-83.949806419528,43.6784612457724],[-83.9486681175106,43.6712279889964],[-83.9412453234831,43.6712483930568],[-83.9411125788692,43.6785013845791],[-83.9303881741047,43.6785500332693],[-83.9304549881567,43.6749178474295],[-83.9223573271431,43.6748259960867],[-83.9223632653655,43.6742826895765],[-83.9222092694362,43.6742809367236],[-83.9222029432202,43.67536807171],[-83.9197074792451,43.6753396238953],[-83.9197106942282,43.6747963891313],[-83.9154878520346,43.6747481676031],[-83.9154262229606,43.6746179928975],[-83.9156896425093,43.6745160125986],[-83.9152222190632,43.6721137307414],[-83.9160619830801,43.671481207625],[-83.9152112249295,43.6710013467208],[-83.9129443924749,43.6709586139185],[-83.9122489633701,43.6699621699074]]],[[[-83.9369880907377,43.7084631073567],[-83.9369865518695,43.7085800725345],[-83.9374360552726,43.7085834292571],[-83.9374448128156,43.7082541934722],[-83.9369908852474,43.708250784407],[-83.9369880907377,43.7084631073567]]],[[[-83.9430680166523,43.6961595298159],[-83.940789593617,43.6924867846107],[-83.9397929031732,43.6924887108802],[-83.9397618153121,43.6930906092799],[-83.9399874579176,43.6933727571112],[-83.9404840367576,43.6944900996727],[-83.9419056201,43.696161788158],[-83.9430680166523,43.6961595298159]]],[[[-83.9122489633701,43.6699621699074],[-83.9122796208351,43.667133757758],[-83.910471495632,43.6671075363445],[-83.91050820478,43.6654169658378],[-83.909846127491,43.6654160552274],[-83.9098859861961,43.663547617063],[-83.9098307320243,43.6635465443438],[-83.9098402833691,43.6633723479801],[-83.9123347076142,43.663405587757],[-83.9123390764154,43.6631257218513],[-83.91113427654,43.6631023202813],[-83.9111562640826,43.6626664489897],[-83.9074312695332,43.6626038542186],[-83.9073763376781,43.6651129402002],[-83.8980235890974,43.6562111563318],[-83.8976222398966,43.6562060270201],[-83.8976149078896,43.6570167008389],[-83.8984114777489,43.6570263322587],[-83.901382192971,43.659823432987],[-83.8975967104932,43.6598631651678],[-83.8975916194964,43.6618514064983],[-83.8975191736359,43.6618500666268],[-83.8975143601987,43.6619872320696],[-83.8976008575488,43.661988831817],[-83.8975680409628,43.6632755397222],[-83.8956895658535,43.6632518659003],[-83.8955529357332,43.6635373070677],[-83.8949960839003,43.664169216913],[-83.8952961048635,43.6643552333025],[-83.8965792000583,43.6649276928326],[-83.8977416704102,43.6655737684688],[-83.9004652465227,43.6669433194938],[-83.9016458623062,43.6677839211064],[-83.9027277381069,43.6682923747532],[-83.9029443064384,43.6682010546237],[-83.9035063134504,43.6685569375146],[-83.9040081317225,43.6687568206799],[-83.9044057048264,43.6691215813377],[-83.9040226052705,43.6692813199646],[-83.9040146892915,43.669507546289],[-83.9041245115647,43.6696525440225],[-83.9051690540804,43.6702913434807],[-83.9051439063002,43.6705410815189],[-83.905496867169,43.6707739572829],[-83.9063383600799,43.6715877197873],[-83.9088915242782,43.6736601394974],[-83.9093925798838,43.6741694707133],[-83.9099410927385,43.6745521467231],[-83.9108108493668,43.6737292739085],[-83.9118379818525,43.6726079270705],[-83.9121939688573,43.6721533138157],[-83.9122489633701,43.6699621699074]]],[[[-83.9012639296402,43.6621638907547],[-83.9024924664429,43.6626730294973],[-83.9025114356757,43.660923029396],[-83.8981943789587,43.6608916916547],[-83.9012639296402,43.6621638907547]]],[[[-83.9355339607618,43.6707470486361],[-83.9398915619645,43.6707318299767],[-83.9399484420273,43.6676259540739],[-83.930588586722,43.6676534643537],[-83.9305313846454,43.6707643044079],[-83.9355339607618,43.6707470486361]]]]},"properties":{"NAME":"Bay City State Park","CreatedUser":"MichiganDNR"}},
{"type":"Feature","geometry":{"type":"Polygon","coordinates":[[[-83.2937120047263,44.6510545655941],[-83.2961243755092,44.6510227556307],[-83.2961717196307,44.6528345613766],[-83.2968641878614,44.6528281943158],[-83.2991070833263,44.6492041738069],[-83.3008930355195,44.6491879567263],[-83.3018596549144,44.6479112300363],[-83.3024639269802,44.6470134406237],[-83.3010695845321,44.6464807414916],[-83.300964368428,44.6424666508044],[-83.3032294500012,44.6424573131197],[-83.3034362829813,44.6420614794982],[-83.3009540158897,44.6420717306888],[-83.3009612634549,44.64234820946],[-83.2981536259976,44.6456093179479],[-83.2954634496789,44.6456512498102],[-83.295320460927,44.6457092437714],[-83.2917757078033,44.6492092879398],[-83.291768207384,44.6492704993105],[-83.2910146592797,44.6492772883789],[-83.2910236626819,44.6496231509576],[-83.2908663178546,44.6499847737195],[-83.2907043839213,44.6505832685873],[-83.2900233115334,44.6516511477049],[-83.291078396397,44.6517249650789],[-83.2910612851022,44.6510679177103],[-83.2937120047263,44.6510545655941]]]},"properties":{"NAME":"Harrisville State Park","CreatedUser":"MichiganDNR"}},
{"type":"Feature","geometry":{"type":"MultiPolygon","coordinates":[[[[-84.4293645725057,45.6702153213158],[-84.4290328200964,45.6698772773467],[-84.4290949644698,45.6695780662126],[-84.4294223279688,45.6691958971627],[-84.4298091625434,45.6689174210237],[-84.4306129639438,45.6681122529633],[-84.4306751851116,45.6679416401632],[-84.4307975692168,45.6678061435393],[-84.4308341690352,45.667633464465],[-84.4309968352557,45.667456510527],[-84.4309419858337,45.667362311447],[-84.4310079745183,45.6672320436711],[-84.4311557618268,45.6671063243243],[-84.4311761471558,45.6670328735291],[-84.4317002323358,45.6666988275641],[-84.4316331241408,45.6666936235382],[-84.4316593824038,45.6666288261991],[-84.431782656119,45.6665490661416],[-84.4317404414964,45.6664841891717],[-84.4315469113982,45.6664961170744],[-84.4314926893173,45.6665991118302],[-84.4313671559081,45.6666282582026],[-84.4312712319125,45.6667358253939],[-84.4312274197264,45.6667283674211],[-84.4313147406134,45.6666223972164],[-84.4312616496719,45.6665968081015],[-84.4312067777396,45.6666792180962],[-84.431075949302,45.6667228657344],[-84.4309790465112,45.6668655708464],[-84.4308132581862,45.6669790402262],[-84.4307733745919,45.6669622057495],[-84.4307023178496,45.6671867094726],[-84.4305416737356,45.6672470957852],[-84.4305498834247,45.6673475143836],[-84.4304309599591,45.6673587468872],[-84.4304157491826,45.6674219805103],[-84.4302290006501,45.6674537169793],[-84.430252096942,45.6675903478116],[-84.4306228863042,45.6675362675305],[-84.4307303662493,45.6676286146297],[-84.4305678848167,45.6677549900677],[-84.4305959083045,45.6678025258762],[-84.4303731582417,45.6678097648154],[-84.43028487452,45.6679062918989],[-84.4301694968535,45.6679218588306],[-84.4301972575277,45.6679788221268],[-84.4300330131171,45.6682123374433],[-84.4299250243796,45.6682231511878],[-84.4298871890517,45.6680888900126],[-84.4299705928751,45.667860269749],[-84.4300375468699,45.6678300330575],[-84.4301591591387,45.6678539884214],[-84.4303279268993,45.6677654226832],[-84.4304647871611,45.667636982245],[-84.4304461606342,45.6676032921797],[-84.430382504348,45.6676058501239],[-84.4303218758537,45.6676753205947],[-84.4301919275172,45.667687258802],[-84.4300921647444,45.6678007741291],[-84.42984664335,45.6677914116161],[-84.4297769396938,45.6678764791472],[-84.429663864651,45.6678972210351],[-84.4295093110437,45.6680022700424],[-84.4291193902584,45.6680406519463],[-84.4289938798503,45.6681126630287],[-84.4290836925383,45.6681807645864],[-84.4290096441765,45.6682929165964],[-84.4290281302665,45.6683754727569],[-84.428864727087,45.6684469636433],[-84.4286658910187,45.6684296650559],[-84.4285484594502,45.6682557336437],[-84.4286863881189,45.6677746702972],[-84.4291218893568,45.6671173490317],[-84.4291795350715,45.6669355286674],[-84.4295235129515,45.6665270100982],[-84.4300952559443,45.6660624533311],[-84.4304271229499,45.6656932038849],[-84.4311657485181,45.6650311692742],[-84.4313818334121,45.6649115279065],[-84.4319661968914,45.6644002088024],[-84.4325414839857,45.6640580588816],[-84.4331420395514,45.6639188072705],[-84.4334686808551,45.6639099382996],[-84.4337117959396,45.6639650813313],[-84.4340197407217,45.6641476113931],[-84.4341874595145,45.6643162224273],[-84.4342773921473,45.6645120631853],[-84.4342139080211,45.6647726801834],[-84.4342571240245,45.6648015623998],[-84.4346353441121,45.6647432844595],[-84.4352617621821,45.6643771829982],[-84.435276078064,45.6643019339508],[-84.4347044379412,45.6640163593043],[-84.4345379027681,45.6640252305546],[-84.4342858399439,45.6639375274349],[-84.4340146986868,45.6637293921852],[-84.4339884433958,45.6636621624231],[-84.4340807874586,45.6636831415305],[-84.4340967160019,45.6636379213903],[-84.4344077127561,45.6636059363568],[-84.4344140920672,45.6635082877376],[-84.4345094819565,45.6634360844509],[-84.4342415727105,45.6634244868695],[-84.4341406679448,45.663491694805],[-84.4340103164626,45.6634744828454],[-84.4339706330926,45.663511029438],[-84.4340625959924,45.6635457214234],[-84.4339063235797,45.6635813093763],[-84.4335292541613,45.6634499077042],[-84.4332932062824,45.6633190311776],[-84.432893735469,45.6632184090807],[-84.4325093554132,45.663058837041],[-84.4322210516566,45.6630497515923],[-84.4320056168109,45.6629705036192],[-84.4319119411031,45.6629975147261],[-84.4315547107733,45.6629609075255],[-84.4312918855406,45.6628914913718],[-84.4304284362825,45.6627928028128],[-84.4298205897562,45.6626233040997],[-84.4289209123653,45.6624387475173],[-84.4278560835433,45.6625218887778],[-84.4277096331792,45.6625121644046],[-84.4276847283146,45.6624406646234],[-84.4276142942305,45.6624234101109],[-84.4272490557405,45.662586436502],[-84.4271160932522,45.6628821043554],[-84.4270438860013,45.662884543158],[-84.4272817146973,45.6632127321986],[-84.4277406916625,45.6634590768821],[-84.4280527778072,45.6635799515862],[-84.428482265412,45.6636124160324],[-84.4289060489089,45.6638934243861],[-84.4290130055995,45.6638725993996],[-84.4290595377473,45.6637823606694],[-84.4291168548278,45.6637703585164],[-84.4290792612143,45.6638470025603],[-84.4291346485146,45.6638777681026],[-84.4294296966535,45.6637326346238],[-84.4294390738884,45.6637910619251],[-84.4295362085625,45.6638155395886],[-84.4296476142177,45.6637215312097],[-84.4297936580919,45.6637020985618],[-84.4296538738494,45.663761424624],[-84.4298684391446,45.6637840817602],[-84.4299429192577,45.6637439500947],[-84.4304898053053,45.6636879950895],[-84.4307428859886,45.6637326103991],[-84.4303439690649,45.6638317437439],[-84.4303486717723,45.6638823906227],[-84.4304449254499,45.6639385768565],[-84.4302830583355,45.6639114982814],[-84.4301564325546,45.6639800652527],[-84.4298234077287,45.6639960812233],[-84.4294767145679,45.6639321784405],[-84.4294085206993,45.6640538420328],[-84.4294688448928,45.664302435042],[-84.4296946798138,45.6643595388646],[-84.429570616187,45.6644238541066],[-84.429583058923,45.6644600320751],[-84.4296870216129,45.6644588834348],[-84.4297292186745,45.6643925901214],[-84.4298729911088,45.6644108484735],[-84.4299042164432,45.6643872709997],[-84.4298376559715,45.6643186306313],[-84.4299045168832,45.6642886825382],[-84.4299957793651,45.6643045070744],[-84.4300087279391,45.6643664116086],[-84.4298944188269,45.6644317176291],[-84.4298088848739,45.6644296886223],[-84.4298565815499,45.6644732087906],[-84.4298051090961,45.6645213709074],[-84.4296177689597,45.6645308079114],[-84.4295646953756,45.6646363890673],[-84.4294546443116,45.6646365964343],[-84.4294887148699,45.6647742356202],[-84.4294428936392,45.6647950406452],[-84.4291665016477,45.6646215047376],[-84.4290723717791,45.6647085198929],[-84.4289583869136,45.6646743790823],[-84.4290254826241,45.6645921384808],[-84.4289699239456,45.6645236483423],[-84.4290222807656,45.664443777321],[-84.4288718724583,45.6644442880849],[-84.4289137728769,45.6647835060289],[-84.4289974121143,45.6647657908691],[-84.4290544805734,45.6648240129008],[-84.4291535800304,45.6648219412425],[-84.4292134551567,45.6649110661604],[-84.429138352072,45.6649734791964],[-84.4289167916878,45.6650261701632],[-84.4287216577805,45.6652712630967],[-84.4286228726557,45.6653059169496],[-84.4284639445937,45.6654803473605],[-84.4281217916945,45.6656479798402],[-84.4279419287139,45.6656960965761],[-84.427900361735,45.6655643558988],[-84.4278334465267,45.6655522928189],[-84.4276452937771,45.6656345883344],[-84.4278887498565,45.6657176578783],[-84.4277326111646,45.6657480953273],[-84.4275551381473,45.6657105110785],[-84.4274718102566,45.6657608077107],[-84.4274682323487,45.6656698824584],[-84.4272524951013,45.6657766609371],[-84.4272036677234,45.6656422489102],[-84.4270343532439,45.6654924192521],[-84.4269049852452,45.6655275098712],[-84.4268769847667,45.665391667868],[-84.4268003616593,45.6653331764823],[-84.4268347029958,45.665285636664],[-84.4267571712133,45.6652597110411],[-84.4268122394716,45.6651704472423],[-84.4267253315883,45.6651082773991],[-84.426718710601,45.6649950199626],[-84.427160511813,45.6652742575667],[-84.4274184356509,45.6652769382389],[-84.4280990406884,45.6651619580452],[-84.4284468985913,45.6650095475841],[-84.4284971700827,45.6651924003007],[-84.428555934515,45.6651215343782],[-84.4285211436295,45.6650454052716],[-84.4286242947027,45.665011978733],[-84.4285788446465,45.664910816459],[-84.4286269620116,45.6646616218664],[-84.4287491204776,45.6646593148046],[-84.4287562348622,45.6645568818882],[-84.4283171203835,45.6644194672263],[-84.428029063564,45.6644652901298],[-84.4280501883297,45.664522319647],[-84.4279760911644,45.6645830202756],[-84.4273802298074,45.6645312023612],[-84.427321198003,45.6645706693637],[-84.4270257871109,45.6646018427563],[-84.4268538133104,45.6645069079695],[-84.4265489421204,45.6644429985837],[-84.4262564481604,45.6642408930979],[-84.4261880751603,45.6641170537429],[-84.4262900261142,45.6641441726681],[-84.4264331033498,45.664095803014],[-84.4263490728197,45.663952334229],[-84.4261300939644,45.6638250165462],[-84.4260716617637,45.6637281943386],[-84.4261507394997,45.6635672452324],[-84.4261630396257,45.6631704730016],[-84.4262622938335,45.6629875103153],[-84.4265201021091,45.6628187258782],[-84.4265445160823,45.6626887477514],[-84.4263216757007,45.6624370650596],[-84.4260268540706,45.6623112786528],[-84.4259694776308,45.6622204716539],[-84.4258007499414,45.6621632390037],[-84.4257675560847,45.6620821948948],[-84.4253863467448,45.6620289506225],[-84.4251389770497,45.6618678050374],[-84.4247552911439,45.6618497941803],[-84.4246450966795,45.6616365209578],[-84.4244339919827,45.6615341709626],[-84.4243287120549,45.6613638311258],[-84.4243831093793,45.6612111172136],[-84.4243627018303,45.6609547026695],[-84.4244978929335,45.6608894117706],[-84.4247682379044,45.6610594467472],[-84.4250780697611,45.6609539651918],[-84.4253762352611,45.6610034977452],[-84.4253219038732,45.6608912995573],[-84.4253513309742,45.660844551308],[-84.4256577601357,45.660817037474],[-84.4255102289571,45.6606272574537],[-84.4255608072959,45.6603484634543],[-84.4256914060779,45.660225087285],[-84.4258522377813,45.6598946527013],[-84.4259858559849,45.6597944658321],[-84.4264350755833,45.6596883214429],[-84.427250174417,45.6596146286135],[-84.4274507540935,45.6596559596026],[-84.4276238518742,45.6597620700216],[-84.4277411240542,45.6596779447706],[-84.4279085565279,45.659636517345],[-84.4280851942457,45.6596595147212],[-84.4282593488283,45.6597716394884],[-84.4283146330398,45.6597621093746],[-84.4281668057617,45.6595388934586],[-84.4280390249031,45.6594736988932],[-84.4271344143807,45.6593815632948],[-84.4260612403255,45.6591525057109],[-84.4255973563173,45.6592147233258],[-84.4255142072374,45.659346467333],[-84.4253607708004,45.6594120894534],[-84.4250884475621,45.6594006331311],[-84.4241531493263,45.6595318146472],[-84.4235903381447,45.6595463690822],[-84.4225617409426,45.6598219991684],[-84.4221835721213,45.6596170392438],[-84.4217826152742,45.6594837805529],[-84.4216009738883,45.6593775437246],[-84.4215953888498,45.6594460527812],[-84.4214625577172,45.6594742310722],[-84.4213189434623,45.6594508204035],[-84.4211923401437,45.6595622441173],[-84.4210703908204,45.6595074108879],[-84.4209292196692,45.6595277573561],[-84.4209162104475,45.6593932883877],[-84.4207519675837,45.6593207259025],[-84.4207784506364,45.659248217625],[-84.4209573147502,45.6592352489958],[-84.4210780981294,45.6590697344129],[-84.421184833453,45.6590129051106],[-84.4214212357341,45.6589535755811],[-84.4215777865176,45.6589951675616],[-84.4215253110782,45.6588607026211],[-84.4215589097785,45.6587960075755],[-84.4214890579722,45.65875818152],[-84.4214017117297,45.6587775548632],[-84.4213615999302,45.6586818391925],[-84.4212512726808,45.6586923227939],[-84.4212109168614,45.6587363480325],[-84.4211093141003,45.6586972268064],[-84.4210479714061,45.6586175083006],[-84.4211587304819,45.6585915990006],[-84.4211668561672,45.6585196956313],[-84.4207553711968,45.6582825507372],[-84.4207376175235,45.6582180073385],[-84.4206643133352,45.6582161399558],[-84.4207602196833,45.6581094379617],[-84.420748359961,45.6580526912055],[-84.420612128805,45.6580713906774],[-84.4206312703066,45.6581736763927],[-84.4205548255534,45.6582403516444],[-84.4205531538299,45.658125447133],[-84.420476452578,45.6580266556156],[-84.4200300370494,45.6578024335868],[-84.4194994270067,45.6573837395145],[-84.4191452949754,45.6571945325823],[-84.4188647830466,45.6569523286916],[-84.4181507641172,45.6565593166034],[-84.4179781266946,45.6564229960175],[-84.4179483002513,45.6563531416361],[-84.4180031341122,45.6562724518285],[-84.4177390382593,45.6560990576067],[-84.4177643297922,45.6559819526045],[-84.4175651261769,45.6558051662834],[-84.4176147110567,45.6557372645385],[-84.4175415836617,45.6556856727413],[-84.4175373587209,45.6555312958977],[-84.4173496803793,45.6553795311138],[-84.4172334297414,45.6550349955326],[-84.417049204114,45.6548909933705],[-84.4169542698007,45.654875965589],[-84.4168913818589,45.6549822634973],[-84.4167442269952,45.6550419592055],[-84.4167625928626,45.6547361471681],[-84.4168435022064,45.6545975197675],[-84.4167855238519,45.654528990114],[-84.4169058888462,45.6544654951873],[-84.4170137548166,45.6545424289688],[-84.4169868561571,45.6546732288778],[-84.4172291414681,45.6545779805426],[-84.4170280878847,45.6545109062424],[-84.4170846436074,45.6544559603639],[-84.417043098664,45.6544116637038],[-84.4171738847746,45.6543688872678],[-84.4170539910638,45.65428492899],[-84.4170735970301,45.6542397618367],[-84.4171644840905,45.6542247268117],[-84.4171630302923,45.6541458327907],[-84.4170394421395,45.6541064044263],[-84.4169473667323,45.6542508786599],[-84.4168995682073,45.6542116395641],[-84.4169363971023,45.6539883855843],[-84.4168196122931,45.65396791207],[-84.4167374973557,45.6537575899438],[-84.4165072184244,45.6538607185473],[-84.4164063677712,45.6538387500009],[-84.4165168846369,45.6537776918903],[-84.4163191151243,45.653724377994],[-84.416273140527,45.6536637302283],[-84.4163036300562,45.6535792756304],[-84.4162473018948,45.6535390606746],[-84.4162174766297,45.6536869665372],[-84.4161188778812,45.6536718874462],[-84.4159593404213,45.6535196512261],[-84.4158979155766,45.6536173955888],[-84.4158017559782,45.6536460730843],[-84.4156405328257,45.6535538268353],[-84.4155344767119,45.6535866544469],[-84.4154154187042,45.6534398894334],[-84.4154933739246,45.6533242749435],[-84.4155890216537,45.6533041638888],[-84.4158869315175,45.6533368573644],[-84.4161294104549,45.6532878141714],[-84.4162196576481,45.6533390718145],[-84.416392774742,45.65334146276],[-84.4165412768931,45.6532530177346],[-84.4166767220129,45.6532667951838],[-84.4167546744318,45.6531511797967],[-84.4170730858891,45.6531793909498],[-84.417243811333,45.6531460252395],[-84.4174420144342,45.6532225862961],[-84.4174195099892,45.6532984827429],[-84.4175728614439,45.6532791655209],[-84.417632438607,45.6532133070819],[-84.4175804642571,45.653129237971],[-84.4172319962722,45.6528410348745],[-84.417593866277,45.6528936578533],[-84.4178456223974,45.6530275155432],[-84.4183597127082,45.6529267817519],[-84.4183542365223,45.6528578537217],[-84.4184927550452,45.652806501157],[-84.4183421235912,45.6526952987617],[-84.4185023887261,45.6526611343385],[-84.4185011306668,45.6525078226027],[-84.4185818806945,45.6524686640154],[-84.418426272804,45.6524028624186],[-84.4185443150375,45.6522830166099],[-84.4184645081066,45.6522081858669],[-84.4182957812689,45.6521655647185],[-84.4182493535705,45.6520774761295],[-84.4180413201507,45.6519108574295],[-84.4179851091777,45.6519100819242],[-84.4179518588083,45.6518316060472],[-84.4180117603234,45.6518315747087],[-84.4180113115723,45.6517604108945],[-84.4180924907111,45.6517426696656],[-84.4182030583687,45.6518539327159],[-84.4182184748808,45.6517401205489],[-84.4182935478263,45.6516785717595],[-84.4186438661131,45.651740843887],[-84.4186721814353,45.6518209661606],[-84.4185444428668,45.6518860759378],[-84.4185056687884,45.6519609858708],[-84.4186603830439,45.6519365429337],[-84.4186525436953,45.6519981623047],[-84.4187347932697,45.6520730266062],[-84.4186675086984,45.6521183943376],[-84.4184815583729,45.6520360980351],[-84.4184666709987,45.652131056351],[-84.4185407589533,45.652104643742],[-84.4186162468051,45.6522340002131],[-84.4187179799247,45.6522393005241],[-84.4188867056373,45.6521675784919],[-84.418859522567,45.6520139092621],[-84.4189973469001,45.6519872293984],[-84.4188618525712,45.6519307992078],[-84.4188059856793,45.6518092120163],[-84.4188542794433,45.6517384269016],[-84.4189701325461,45.6517686045843],[-84.4190165020144,45.6517003913995],[-84.418777982298,45.6514866476223],[-84.4185463185498,45.6513587386217],[-84.4185354693205,45.6512832414863],[-84.4186189439407,45.6512129416615],[-84.4186892694909,45.6512152112211],[-84.4186408303756,45.6512911895353],[-84.4188033375154,45.6513090199259],[-84.4188496230154,45.651375913065],[-84.4188201747238,45.651435265113],[-84.4189599163414,45.6514722680911],[-84.4190023997992,45.6514104972032],[-84.4191386210206,45.6514409555482],[-84.4192203568522,45.6513004799767],[-84.4193815225183,45.6513001031386],[-84.4194762516165,45.6512247616666],[-84.4195118059227,45.6510797519745],[-84.419426202052,45.6509616525226],[-84.4196275475362,45.6508779948052],[-84.4197247436818,45.6506375683],[-84.4199293723657,45.650445774643],[-84.4201210917406,45.6501474933536],[-84.4198483949025,45.6499749563206],[-84.420033859707,45.6495958868238],[-84.4208454480097,45.6487694570333],[-84.4213238528231,45.64836023959],[-84.4215836420375,45.6482497919305],[-84.4218060732429,45.6484260336204],[-84.4219483176832,45.6484099878865],[-84.4225363466309,45.6480142765621],[-84.4231344643369,45.6474550508933],[-84.4213388902526,45.6463166899837],[-84.422600481374,45.6454325196111],[-84.4226287336588,45.642647498279],[-84.4122355351566,45.6421089286856],[-84.4122789414428,45.6402655955576],[-84.408566328505,45.641116767772],[-84.4085698767035,45.6407012792809],[-84.4082003519694,45.6407859910833],[-84.4081978885072,45.6412012299885],[-84.4071899051116,45.6414338367189],[-84.4071980043719,45.6410164934411],[-84.4043248050339,45.6417318068645],[-84.4032504143097,45.6420704189928],[-84.4021149630999,45.6424861704878],[-84.4021197856937,45.6421710413143],[-84.4007499817924,45.6427378632459],[-84.3990762718703,45.6435718381047],[-84.3970368695832,45.6448211531816],[-84.3970367830917,45.6452237523875],[-84.3927931162992,45.6482154190758],[-84.4005422330377,45.6486445665061],[-84.4006587087328,45.6494364243497],[-84.401369094335,45.651759401987],[-84.401678936547,45.6523133145094],[-84.4021017237647,45.6523345692382],[-84.4021467733323,45.6643064866059],[-84.4023464650848,45.6644863077438],[-84.4025031707377,45.6645656499836],[-84.4033176638084,45.6646464364587],[-84.4041835750441,45.6649842736508],[-84.4054580171086,45.665706723302],[-84.4072367141644,45.6666299186232],[-84.4072629133031,45.6666980105461],[-84.4083591566791,45.6671084585928],[-84.4093576240685,45.6677344419645],[-84.4106906462837,45.6683787710018],[-84.4113848930321,45.668780188432],[-84.4123062221815,45.6689344070714],[-84.412850558093,45.6692754410902],[-84.4132964504938,45.6694213556704],[-84.4145507706203,45.6693452563732],[-84.4151758393096,45.6694250551017],[-84.4160855021723,45.6696905340053],[-84.4173285134691,45.6694505011392],[-84.4181293679283,45.6694546913518],[-84.4197348521162,45.6698506209328],[-84.4202476520165,45.6697916725043],[-84.4208796395189,45.6697995205331],[-84.4212830227075,45.669761351009],[-84.4219984422892,45.6698029197388],[-84.4221831157235,45.6698457546121],[-84.4225371670396,45.6700409519992],[-84.4228956859906,45.6698144057773],[-84.4231512340751,45.6697279018854],[-84.423392807838,45.6697037884103],[-84.423806279536,45.6697420517141],[-84.4240834681425,45.669624978737],[-84.4247161493268,45.6695642286024],[-84.4253223675912,45.6694439568519],[-84.4258479621278,45.6695394779429],[-84.4259058914143,45.6694794028971],[-84.4258763359065,45.6693992658169],[-84.4260487321663,45.6693124708429],[-84.4265410021954,45.6692000586232],[-84.42688647328,45.6691773643329],[-84.4276835310746,45.6693168945661],[-84.4279514595788,45.669425875071],[-84.4282537604206,45.6696357771723],[-84.4283226378431,45.6698407637628],[-84.4284214862825,45.6698918432198],[-84.4285260279155,45.6700896030215],[-84.4283749696278,45.6702444229814],[-84.4284360260862,45.6700720808883],[-84.4283215863539,45.6698784714936],[-84.4282365448365,45.6698584447766],[-84.4283352970112,45.6701146284674],[-84.4282376391889,45.6702838972971],[-84.4282749642373,45.6703487084592],[-84.4285294378152,45.6703882036931],[-84.4288025203109,45.670242771047],[-84.4290563609096,45.6701733770849],[-84.4291908225364,45.6701752191333],[-84.4293209300917,45.6702455870902],[-84.4293645725057,45.6702153213158]]],[[[-84.4071434804557,45.6597427533793],[-84.4071263559096,45.6561645191192],[-84.4025067454337,45.6559552243328],[-84.4025203218902,45.6595561930856],[-84.4071434804557,45.6597427533793]]],[[[-84.4292030586341,45.6601933549282],[-84.429186649685,45.6602557152362],[-84.4292357324166,45.6602932520896],[-84.4298966299446,45.6604446193402],[-84.4298517614437,45.6603874215793],[-84.4292030586341,45.6601933549282]]],[[[-84.4282984216776,45.6639177485956],[-84.4282244316743,45.6638087117178],[-84.4280044918803,45.6637156773487],[-84.427993140842,45.6638158289743],[-84.4276680927948,45.6637650759691],[-84.4275376888016,45.663662123654],[-84.4273617882978,45.6637437289935],[-84.4274367064519,45.6637756209893],[-84.427426118133,45.6638483477826],[-84.4276633297651,45.6638481714374],[-84.4275545798304,45.6639332702511],[-84.4277028090898,45.6639670233494],[-84.4282984216776,45.6639177485956]]],[[[-84.4290121693433,45.6642849859119],[-84.4290202395904,45.6642147960035],[-84.4286096979401,45.6641165797995],[-84.4284821542013,45.6641302636808],[-84.4284102635356,45.6642090098672],[-84.4284412102753,45.6642831637776],[-84.4285942151309,45.6643649912536],[-84.4286951325712,45.6643415122835],[-84.4288027658671,45.6643841386562],[-84.4288425910623,45.6643152407472],[-84.4290121693433,45.6642849859119]]]]},"properties":{"NAME":"Cheboygan State Park","CreatedUser":"MichiganDNR"}},
{"type":"Feature","geometry":{"type":"MultiPolygon","coordinates":[[[[-89.9695483093373,46.6787563237954],[-89.9695211983284,46.6649781040906],[-89.9530112658801,46.6651026677932],[-89.9530710743659,46.6713058256958],[-89.953143365518,46.6717819698869],[-89.9534833273226,46.6726796925224],[-89.9542259441674,46.6736803602914],[-89.9549468278148,46.6743832805284],[-89.9560787055708,46.6751311800479],[-89.9568430817706,46.6754555731414],[-89.9575502274528,46.675696780691],[-89.9586333061197,46.6759993932659],[-89.9598280059932,46.6763943452423],[-89.9608289889463,46.6768338421128],[-89.9612426749914,46.6770628398611],[-89.9618568515313,46.6775014067116],[-89.9631775207057,46.6788050906133],[-89.9623329881888,46.6788150276692],[-89.9633093585442,46.6798051170175],[-89.9639712667068,46.6806076072687],[-89.9643590930953,46.6812235631397],[-89.9651365287859,46.6830116967012],[-89.9654082702262,46.6834138649618],[-89.9657432374714,46.6837732938282],[-89.966170233879,46.684112249005],[-89.9666486574919,46.684379569951],[-89.9694663302214,46.6855528883718],[-89.9694730543442,46.6849954565127],[-89.9699955452416,46.6852093761898],[-89.9708779621805,46.6857468718826],[-89.9715733948003,46.6863473306278],[-89.974159857149,46.6893906111524],[-89.9754495999185,46.6910214216778],[-89.9757762354586,46.6915976534091],[-89.9760016761279,46.6922281385772],[-89.9761475541969,46.6934088439205],[-89.9753806050521,46.6934099553861],[-89.9756549672682,46.6967146921798],[-89.9756317505866,46.6974813922236],[-89.9754447007873,46.6983393700882],[-89.9746730943243,46.7005148845208],[-89.9744008761239,46.7005134422759],[-89.9751865666393,46.6983008735378],[-89.9753830547806,46.6973143055148],[-89.9753910858314,46.6967218611614],[-89.9751160594165,46.6934103371385],[-89.974288890568,46.6934115274195],[-89.9741976373149,46.6926576904091],[-89.9739598266737,46.6921561754901],[-89.9738345759061,46.6920591312833],[-89.9736761464654,46.6919908049522],[-89.9729770443754,46.6920038757313],[-89.9720279527334,46.6919488186721],[-89.9716698013376,46.6918866640473],[-89.971511378777,46.6918183317823],[-89.971402697027,46.6917040879941],[-89.9712887835471,46.6914748852399],[-89.9709286171858,46.6913319000352],[-89.9704789628247,46.6910358630353],[-89.9704611058449,46.6909785137015],[-89.9706280974068,46.6908010761824],[-89.9705197505731,46.6907153836867],[-89.9707699792781,46.6907094496013],[-89.9716543326027,46.6905028320062],[-89.9722635330897,46.6901877629198],[-89.9724074714924,46.6898633181502],[-89.970704820158,46.6878669044219],[-89.9701299219621,46.6878673765052],[-89.9697380172016,46.6877475784925],[-89.9694503497595,46.6877747785322],[-89.9694636207721,46.6857775669192],[-89.9664960176184,46.6845278277103],[-89.965986583029,46.6842428022506],[-89.9655294244999,46.6838799765177],[-89.9651770283128,46.6835016113391],[-89.9648893992788,46.683075755027],[-89.9641102674211,46.6812844872944],[-89.9637334657865,46.6806866895637],[-89.9630865966124,46.679902626253],[-89.9620125488088,46.6788155891076],[-89.9609446400134,46.6788226019016],[-89.960216667486,46.6781617502772],[-89.9593616774584,46.6776916487677],[-89.95788174239,46.6771681373073],[-89.9567880626926,46.6768625522391],[-89.9559420494361,46.6765739832422],[-89.9549809802766,46.6761661061775],[-89.9544128301036,46.6758308407505],[-89.9535415814055,46.6752187832097],[-89.9530880492103,46.6748331658749],[-89.9526320555017,46.6743355645412],[-89.9522042345006,46.673813988341],[-89.9517482107473,46.6731412465081],[-89.9514855001852,46.6725586014346],[-89.9513076844464,46.671981420513],[-89.9512162706149,46.6713792161023],[-89.9511557482118,46.665116518545],[-89.9434479097125,46.6651380715811],[-89.9434365375687,46.6615157725759],[-89.9486785970252,46.6615190310194],[-89.9486251411427,46.6506715964188],[-89.9277344343251,46.6505791158162],[-89.9277023486042,46.6651463567555],[-89.9272967617565,46.6861390353881],[-89.9484634552588,46.6861011951314],[-89.9483640718414,46.6932834635814],[-89.9588731710185,46.6933506924985],[-89.9589770888626,46.70052945553],[-89.9483493712924,46.7005715870508],[-89.9483346550155,46.7078597094394],[-89.9377902593663,46.7078747857137],[-89.9378001287739,46.7150616935538],[-89.9167510335679,46.7152006868607],[-89.9167962920757,46.7224247600296],[-89.9062783777103,46.7225115091333],[-89.8852171929903,46.7225272652103],[-89.8744492308994,46.7225948537735],[-89.8744056080081,46.7152510810839],[-89.8636435199659,46.7152753981553],[-89.8636057937483,46.7078893466738],[-89.8441428089939,46.7079455051564],[-89.8233538516255,46.7082604773299],[-89.8020576635357,46.7080192311337],[-89.7811719859921,46.7079324406169],[-89.7810750563107,46.722693661375],[-89.7599387467254,46.7227984863777],[-89.738711857449,46.7225884244148],[-89.7386028061225,46.7370458119185],[-89.7187637746917,46.7371534037362],[-89.6977248113854,46.7369784639267],[-89.687236627171,46.7371192187923],[-89.6871418788265,46.7444191978933],[-89.6766255880449,46.7444922422418],[-89.6555923922884,46.7442934838506],[-89.6344330999458,46.7442857327123],[-89.6344517589441,46.7407382573177],[-89.6292022257507,46.7407420630938],[-89.6291940285626,46.7442955546803],[-89.6134768283359,46.7443235842982],[-89.6135232279505,46.7514666187454],[-89.6134538032019,46.7650086400488],[-89.6083109999447,46.7650173389175],[-89.6088288955105,46.7795281711557],[-89.6087037898984,46.7939347421736],[-89.6086695993174,46.8084052013646],[-89.6092651674283,46.8158927686097],[-89.5987452193939,46.8158017707416],[-89.5990406572111,46.819399845787],[-89.5932828685497,46.819425162532],[-89.5875167639055,46.8193488463937],[-89.587484851164,46.822994690896],[-89.5968250623255,46.8229958892787],[-89.5992850566911,46.8223758648011],[-89.604689614425,46.8211265125724],[-89.6061824349987,46.8207461957],[-89.6095483938955,46.8197380138051],[-89.6095208848937,46.8193716838746],[-89.6123872006939,46.8185582574753],[-89.6144666285781,46.8181546662611],[-89.6143547933629,46.8161463446739],[-89.6145540534803,46.8161454984116],[-89.6145446252702,46.8158704689363],[-89.619430601015,46.8158510540371],[-89.6194964431479,46.8177844846768],[-89.6214784877795,46.8177143164182],[-89.621696185841,46.8158405921349],[-89.6219618366233,46.8158394470514],[-89.6217448931708,46.8177067591917],[-89.626094931619,46.81758200121],[-89.6285477804623,46.8176075725796],[-89.6310701994306,46.8178251233119],[-89.6349143929895,46.8184163204942],[-89.6349235774286,46.8194847628447],[-89.6358029554324,46.8197156664198],[-89.6365913632796,46.8199891675058],[-89.636620892337,46.8200672985762],[-89.636557371766,46.8200693205761],[-89.6368569748284,46.8201742269061],[-89.6370404689057,46.8203327695476],[-89.6371940265997,46.8205193145014],[-89.6372182681344,46.8206537946658],[-89.6371589970155,46.8206962572877],[-89.6372546978909,46.8206994534319],[-89.6374721323975,46.8212481054829],[-89.6374003709124,46.8213076121727],[-89.6372092551894,46.8212606371234],[-89.6371750533815,46.8213376751223],[-89.6372613532244,46.821403594493],[-89.6375350202909,46.8214385778586],[-89.637451128071,46.8214755824432],[-89.6375452010108,46.8215443742753],[-89.6375318679248,46.8217507987302],[-89.6373735546434,46.8217631224045],[-89.6374587415723,46.8217676932079],[-89.6373971130769,46.821797745856],[-89.637489893664,46.8218249632434],[-89.6374670582368,46.8218683469147],[-89.637521076072,46.8219051224881],[-89.6376514561315,46.821928021514],[-89.6375389436905,46.8221022294844],[-89.6378537067513,46.8222742775853],[-89.6378069616854,46.8222778470772],[-89.6379124343046,46.8223358724037],[-89.637814016293,46.8223598145917],[-89.6378548059811,46.8224251016859],[-89.6381521093501,46.8224957445815],[-89.6381979966974,46.8225691923545],[-89.6382991820707,46.8226086265953],[-89.6382739228533,46.8226385624247],[-89.6385317884357,46.8227760061976],[-89.6383948884881,46.8228136596241],[-89.6384057489156,46.8228622124849],[-89.6385690552912,46.822878859797],[-89.6383858623689,46.8229491991028],[-89.6384374564341,46.8229725262546],[-89.6384400464507,46.8230556759906],[-89.6386776591671,46.8231625520535],[-89.6389895512178,46.8235550548786],[-89.6389735456107,46.8237681301307],[-89.6391464883958,46.8238740593408],[-89.6390363306473,46.8240743500655],[-89.6390868912271,46.8241281253667],[-89.6396621492898,46.8242907803305],[-89.639834306385,46.8243802331731],[-89.6407174496175,46.8249588698441],[-89.6417503784787,46.8253307818322],[-89.6425241637455,46.825466910661],[-89.6434232881093,46.8257155242155],[-89.6435432939846,46.8257182714323],[-89.6436114124645,46.8256397904008],[-89.6439975000959,46.8256913762298],[-89.6462800446477,46.8261225390031],[-89.6465911148646,46.8262747321691],[-89.646970128868,46.8270022103143],[-89.6475909384713,46.8271143367923],[-89.6477231968298,46.8272047015452],[-89.6480159130983,46.8273078721117],[-89.6486218406833,46.8274422968085],[-89.6492317912265,46.8278238649992],[-89.6502177256436,46.8280484507907],[-89.6513784827892,46.8282525359409],[-89.653218333318,46.8284520032099],[-89.6535254402027,46.8285218688656],[-89.6537442294683,46.8287475756884],[-89.6539653948703,46.8288578559503],[-89.6547690416278,46.828949258309],[-89.656604745396,46.8293904963769],[-89.6570523731125,46.8295559941554],[-89.6570667985264,46.8296875065068],[-89.6576575980871,46.8298387331798],[-89.6582048081086,46.8300788518213],[-89.6587147109961,46.8302099550076],[-89.6587328803143,46.8304182946654],[-89.6589535229966,46.8305175971548],[-89.6591773326046,46.8305179353233],[-89.6594455996377,46.8306106489524],[-89.659858155289,46.8308758372622],[-89.6601677004276,46.8309950563605],[-89.6608812242313,46.8312038621084],[-89.6618547106219,46.8313352576026],[-89.6623481404599,46.8314557301084],[-89.6627093289592,46.8316506827091],[-89.6632114964956,46.8316226054185],[-89.6635976375363,46.8316741406134],[-89.664097981135,46.8317724669316],[-89.6657920431645,46.8322552867475],[-89.6661598193466,46.8322577884395],[-89.6665326962885,46.8323645493231],[-89.6667768502877,46.8326171187533],[-89.6675834689779,46.8326039845818],[-89.6692826882243,46.8327020529446],[-89.6722428942453,46.8332420589122],[-89.6746994103579,46.8333073928946],[-89.6762229242092,46.8332446237637],[-89.6765637811266,46.8331872685395],[-89.6769383612761,46.8330027816976],[-89.6783668689803,46.832958675638],[-89.6789434498677,46.832818940773],[-89.6802616717606,46.8326455146565],[-89.6816444469986,46.8323222337609],[-89.6823338619675,46.8322018272197],[-89.684176666713,46.8314832582472],[-89.6845593090697,46.8314633827024],[-89.6848990748866,46.8313840580194],[-89.6853297652355,46.8312037309586],[-89.6858121354271,46.8310991203371],[-89.6863771757441,46.8308881914251],[-89.6869454687069,46.8307431202001],[-89.6877790923095,46.830630319882],[-89.6884277336018,46.8304943581041],[-89.6894377910572,46.8303939141743],[-89.690367634097,46.830449162519],[-89.6911901560084,46.8304354958233],[-89.691801483028,46.8305146387637],[-89.6923459615803,46.8305349037535],[-89.6929070607407,46.8304064588717],[-89.6947919742369,46.8302196340679],[-89.6952277814938,46.8301435370556],[-89.6956189545104,46.8301344032531],[-89.6959412608204,46.8301873206701],[-89.6971679160594,46.830103720658],[-89.6990656362727,46.8301747464309],[-89.6998593733542,46.8303869347388],[-89.7005880237258,46.8304138465175],[-89.70198162265,46.8306339637942],[-89.7030114392581,46.8306098546611],[-89.7036882763053,46.8307203731552],[-89.7051671771021,46.8310483260543],[-89.7059456445468,46.8311124989084],[-89.707276372236,46.8310318602094],[-89.70773659466,46.8311254513681],[-89.7081217008827,46.8311548747896],[-89.7088129533848,46.8310727394467],[-89.7089846897115,46.8311511174999],[-89.709458149012,46.8311894459762],[-89.7105158636432,46.830922898444],[-89.7114708292626,46.8308400421411],[-89.7124277100262,46.8307955910832],[-89.7137580882715,46.8308687184606],[-89.7153734081673,46.8308856776885],[-89.7161854897509,46.8308226266829],[-89.7174300498467,46.8306175298147],[-89.7190608166104,46.8304637623185],[-89.721148848717,46.8300245059553],[-89.7225117164746,46.8299484319337],[-89.7237788400105,46.8297152663915],[-89.7249371643333,46.829704419757],[-89.7265923887564,46.8295609545945],[-89.7269956551443,46.8294745216639],[-89.7301827173238,46.8291190058658],[-89.7310820204419,46.8288834805167],[-89.7327759912784,46.8287170255518],[-89.7332599098129,46.8286451328127],[-89.7339461359755,46.8284640792986],[-89.7340766226023,46.8285159317837],[-89.7342527747672,46.8285227363984],[-89.7345778582957,46.8284710937471],[-89.7353494136264,46.8282385439795],[-89.7365167762978,46.8280900176263],[-89.736855065998,46.8279831027649],[-89.7378322289018,46.8278665427256],[-89.7384642194327,46.8278790313444],[-89.7392093098411,46.8275976348182],[-89.7414881329995,46.8273018137845],[-89.7439876130438,46.8267864348154],[-89.7442975444372,46.8267516011983],[-89.744826049345,46.8267719961114],[-89.744984305777,46.8267407605833],[-89.7452154692613,46.8265704442824],[-89.7502796126251,46.825807114946],[-89.7504641963177,46.8258966063145],[-89.7508705687716,46.8258811964283],[-89.751711515362,46.8255687546423],[-89.753998588855,46.8251759506705],[-89.7546169532725,46.8250293351146],[-89.7559579599607,46.8246533319875],[-89.7576965413672,46.824055685944],[-89.7605092502147,46.8234151296916],[-89.7622533579974,46.8230924848379],[-89.7635311851581,46.8229529540295],[-89.7646873787976,46.8227188756134],[-89.7658400848643,46.8224160623951],[-89.768036347531,46.8219620855544],[-89.7692686765462,46.8217490687147],[-89.7710489886431,46.8215811106608],[-89.771861778391,46.8213580023874],[-89.7727740547551,46.8213136463785],[-89.7741558048883,46.8209662944711],[-89.7747233360273,46.8209134689909],[-89.7754932657758,46.8206425081697],[-89.7779237991215,46.8200905860335],[-89.7787390404352,46.8199962154708],[-89.7822207241179,46.8193386195307],[-89.782910195226,46.819268401078],[-89.7863049689112,46.819215362434],[-89.7882553706893,46.8189115938358],[-89.7893501525586,46.8185270000464],[-89.7898961784678,46.8184508152673],[-89.790414082649,46.8182840093168],[-89.7916547989133,46.8176241063992],[-89.7931652235826,46.8171545027893],[-89.7939757351266,46.81675219548],[-89.7962579830809,46.8160456119827],[-89.798078607333,46.8156218034225],[-89.7987928879711,46.8153346999003],[-89.7997595570924,46.8147862319929],[-89.8015511394982,46.8143528049196],[-89.8021064291193,46.8143123518083],[-89.8029263893374,46.8138802493794],[-89.8042014189818,46.813317341199],[-89.8076836901523,46.8120187888383],[-89.8091571798845,46.8115366800691],[-89.8119290052006,46.8104369330111],[-89.8140249102292,46.8097979355015],[-89.8161173695885,46.8090953843115],[-89.8190239919259,46.8079942914088],[-89.8201629204513,46.8077256086409],[-89.8224144198391,46.8069080250374],[-89.8255613897471,46.8059881936886],[-89.8276853883063,46.8054488262591],[-89.8282658440919,46.8053829928543],[-89.8289745441475,46.8052165553376],[-89.8298087625227,46.804897951148],[-89.8304454878049,46.8044981411164],[-89.8308126870746,46.8044355876974],[-89.8312341182981,46.8044787980351],[-89.8314719446284,46.8043658737764],[-89.8348984384235,46.8033281903875],[-89.8363459807608,46.8024555521138],[-89.8379452034974,46.8016135476396],[-89.8390131079819,46.8009795452361],[-89.8393414773162,46.8007687816612],[-89.8396856487779,46.8004524018951],[-89.8400145065368,46.800275201486],[-89.8402107430207,46.80003776432],[-89.8409712647036,46.799684457547],[-89.842596060513,46.7985176876415],[-89.8437928966912,46.7979984370699],[-89.845239803736,46.7975209781537],[-89.8457575735749,46.7972529444462],[-89.8461522407948,46.7969851932193],[-89.8467952653198,46.7966826508327],[-89.8473029406995,46.796343331706],[-89.8484744549865,46.7957812061029],[-89.8494447995257,46.7950405586725],[-89.8499696988699,46.794712255846],[-89.8506845157259,46.7940295167024],[-89.8512056019844,46.7939478363391],[-89.8517283859362,46.7935794489079],[-89.8519493576285,46.7934994438155],[-89.8520489335582,46.7933307185353],[-89.8519420805587,46.7932014855319],[-89.8519729423821,46.7929943302722],[-89.8521462577271,46.7928008289522],[-89.8525095741743,46.7924134504627],[-89.8530762879359,46.7919292943365],[-89.8537114293042,46.7914778374603],[-89.8543863245368,46.7908304653503],[-89.8559116917943,46.7898638903559],[-89.8572479652266,46.7891083860021],[-89.8581900743228,46.7883110261947],[-89.8588706632056,46.7879329567658],[-89.8608967574334,46.7865009560281],[-89.8615926725393,46.7859390114617],[-89.8624461652287,46.785405812794],[-89.8631383238998,46.7850463687104],[-89.8637046025803,46.7846489524455],[-89.8644183827421,46.7842383608345],[-89.8660212523043,46.7831056455578],[-89.8662099465543,46.78288882603],[-89.867303521928,46.7821220253968],[-89.8680315239866,46.7816968437548],[-89.870461453369,46.7797099314115],[-89.8711323246803,46.7793090963123],[-89.8725287232686,46.7781218865692],[-89.8738749559265,46.7770907190597],[-89.876100712479,46.7750342282103],[-89.8775692612158,46.7739540948845],[-89.8779708542729,46.7735083246909],[-89.8784902240789,46.7730825499856],[-89.8802916761519,46.7719940661641],[-89.880507521788,46.771661859651],[-89.8809557219271,46.7711518500515],[-89.8816135248241,46.7706652608785],[-89.8830396486219,46.7698899840228],[-89.8842498365425,46.7688162170625],[-89.8853050312964,46.7679641840353],[-89.88539053749,46.7678473650471],[-89.8853675139626,46.7677275399834],[-89.8850717274825,46.7671787938562],[-89.8847951682463,46.7668359623277],[-89.8848522457523,46.7668116036455],[-89.8849625764809,46.7668489745624],[-89.8854284858821,46.7674622706017],[-89.8857298520051,46.7676439429609],[-89.8862793765142,46.7671600223265],[-89.8871230410122,46.7662502077904],[-89.8879596295522,46.7656788304125],[-89.889114430209,46.7646637219338],[-89.8903813185001,46.7637203280254],[-89.8916063219117,46.7630875850977],[-89.8928366208201,46.7619272125108],[-89.8934600193738,46.7614242024923],[-89.8944033469257,46.7609739808576],[-89.8952503184504,46.7602956102932],[-89.8956926972833,46.7598372829572],[-89.8961139399808,46.7596088153703],[-89.8965121487082,46.7592605325053],[-89.8971251992984,46.758575118016],[-89.8985418754497,46.7572917591777],[-89.8996791153845,46.7564402597936],[-89.8997010307497,46.7563823614304],[-89.8996234184768,46.7563422810797],[-89.8998040230922,46.7562188713786],[-89.8999276735471,46.7562562584104],[-89.9001015330203,46.7562346832415],[-89.9002942639845,46.7560979615229],[-89.9006726973537,46.7552226691224],[-89.9009350568138,46.7551415278939],[-89.9011690990622,46.7549980373528],[-89.9013909362388,46.7546254986068],[-89.9019731717384,46.7541349516596],[-89.9027073844247,46.7530557533444],[-89.9033444713958,46.7525007338728],[-89.9039140734107,46.7520866449882],[-89.9046535210184,46.7512635004852],[-89.9048718381668,46.751138182666],[-89.9055004011189,46.7505802849124],[-89.9059185489259,46.7502958605985],[-89.9059504242862,46.749980029761],[-89.9063957824643,46.7497630833591],[-89.907845524238,46.7488254475155],[-89.9083945607754,46.7484065696533],[-89.9088274741893,46.7482458445412],[-89.908952264619,46.7481540265866],[-89.9092430383794,46.7477581759436],[-89.9106411108339,46.746966205454],[-89.9114148410178,46.7464497338055],[-89.9118306776221,46.7461054609362],[-89.9123793048051,46.7455259650419],[-89.9129615101798,46.7450669112212],[-89.9133185386446,46.744498962081],[-89.9139835184657,46.7438047046843],[-89.9141582167389,46.743684195106],[-89.9147657850956,46.7434144001503],[-89.9152980692108,46.7430012358065],[-89.9155722325363,46.7426569988961],[-89.9163627134605,46.742226518525],[-89.9168285197783,46.7419051423277],[-89.917052932939,46.7416699017228],[-89.9173102179748,46.7412338909877],[-89.9175430973162,46.7410674645401],[-89.9179003233796,46.7406256792344],[-89.9183827409098,46.7402870800684],[-89.9189903080523,46.7400344727751],[-89.9193314128048,46.7398393220895],[-89.9198133544662,46.7393057074048],[-89.9215935101283,46.7381979857474],[-89.9219013727271,46.7380487261385],[-89.9225251367231,46.7376182825799],[-89.9246629836125,46.7363612070287],[-89.9270598014335,46.7354366789045],[-89.9286158600296,46.7347705858665],[-89.929715134183,46.7346667965922],[-89.9314795551939,46.7340693962083],[-89.9318870749931,46.7338168205429],[-89.9321448084523,46.7336216773088],[-89.9327428073716,46.7329445446691],[-89.9333000393524,46.732600117041],[-89.9338985507861,46.7321352148104],[-89.9349124086072,46.7312284344646],[-89.9362496148388,46.7301376334472],[-89.9366398605646,46.7296613546457],[-89.9376281446815,46.7289488142725],[-89.9383061669776,46.7281379658165],[-89.9390154326474,46.7275743871116],[-89.9395336941327,46.7270701275039],[-89.9402196080249,46.7265557826718],[-89.9405395836012,46.7262402168752],[-89.9411147910722,46.7258669362156],[-89.9429020695618,46.7251815529302],[-89.9432705732374,46.7250864639515],[-89.9433477423095,46.7249988764062],[-89.9435246081194,46.7249953331787],[-89.9437267397438,46.72485967705],[-89.9442763406794,46.7246313712239],[-89.9454244549663,46.7238205145632],[-89.9461473347943,46.7233759661827],[-89.9461645214637,46.7233145528046],[-89.9464240830353,46.7232309444734],[-89.9470273318952,46.7228498000046],[-89.9472873191578,46.7227550233891],[-89.947894752829,46.722431199674],[-89.9485811170676,46.7219759742612],[-89.9491774793563,46.7216885541964],[-89.9502099384195,46.7213021446479],[-89.951240912199,46.7207164075382],[-89.9534197651869,46.7196939357042],[-89.9541844590482,46.7192001362427],[-89.9545746942123,46.7188040938967],[-89.955413652791,46.7180922675808],[-89.9561284954219,46.7176558368616],[-89.9572927418277,46.7171330346949],[-89.9579994186792,46.7167539629334],[-89.9592471831617,46.7163285912879],[-89.9599041097774,46.7160298304639],[-89.961492223905,46.7152657679682],[-89.9622484580682,46.7147776514967],[-89.9635121410529,46.7141399969493],[-89.964269038723,46.7138698232808],[-89.9651171048071,46.7134733763736],[-89.9663480611761,46.7130364584502],[-89.9667886844516,46.7128181491009],[-89.9675291847841,46.7126454735961],[-89.9682752912506,46.7122501421767],[-89.9689873319792,46.7121835763774],[-89.9702288706894,46.7119416285016],[-89.9712746678363,46.7116502272318],[-89.9724972095202,46.711144708977],[-89.9726307618715,46.7109558550972],[-89.9730978604648,46.710686618946],[-89.9731730101349,46.7105321358298],[-89.9734648921952,46.7104174867077],[-89.9736090469038,46.710454023287],[-89.9739652116622,46.7102912337923],[-89.9742405083514,46.7100564898429],[-89.974223912967,46.7099649892038],[-89.9746233390142,46.709701499622],[-89.9750827899548,46.7097068570228],[-89.9769008430892,46.7088759255463],[-89.977909785163,46.7085604367773],[-89.978310173913,46.708256946047],[-89.9791945218925,46.7073238433977],[-89.9796698953793,46.7070488617506],[-89.979970195351,46.7067854824905],[-89.9803141819707,46.7065717179906],[-89.9809875807711,46.7062411812491],[-89.9819633255271,46.7056340017688],[-89.9832058342421,46.7049750851594],[-89.983556099616,46.7047230893251],[-89.9839980233065,46.7045453579366],[-89.984531736107,46.7042131121444],[-89.9848904650376,46.703760920267],[-89.9855325460016,46.7033828101618],[-89.9858578215481,46.7030907997124],[-89.9871003721506,46.7022087536514],[-89.9876424479048,46.7017506568281],[-89.988159585764,46.701166746358],[-89.9884266060888,46.700663148279],[-89.9890735198492,46.7000458416463],[-89.9891077484796,46.6969897281464],[-89.9826335942951,46.6969780405218],[-89.9825220275454,46.6933994122222],[-89.9798919087931,46.6934033463976],[-89.979989510645,46.6861166902396],[-89.9891986640822,46.6861428675683],[-89.9892384035496,46.6788980133249],[-89.9695483093373,46.6787563237954],[-89.9695034834154,46.682472906307],[-89.9688761995923,46.682215869764],[-89.9687626691307,46.682106477423],[-89.9679903877885,46.6803343790107],[-89.9674416665833,46.6794534162466],[-89.9669138625655,46.678777126243],[-89.9695483093373,46.6787563237954]]],[[[-89.9377991439978,46.7222500910989],[-89.935175196447,46.722272302496],[-89.9351864728324,46.723177618663],[-89.9378104649112,46.7231554070393],[-89.9377991439978,46.7222500910989]]],[[[-89.6421701032679,46.7527161029393],[-89.6431144193991,46.752666123393],[-89.6449959541897,46.7523418458597],[-89.6449823835657,46.7496514928659],[-89.6396882943934,46.7496300672948],[-89.6397030754594,46.7523315398645],[-89.6411254308711,46.7526475082047],[-89.6421701032679,46.7527161029393]]],[[[-89.5288099993753,46.8380148669018],[-89.5289016850489,46.8380026013279],[-89.5288499651782,46.8379381570614],[-89.5289105241171,46.8379277105855],[-89.5289027288487,46.8378850671743],[-89.5291248160669,46.8379554016702],[-89.5290357881136,46.8378938238506],[-89.5291526447611,46.8378842125453],[-89.5291222422135,46.8378208246716],[-89.5294380235072,46.8379285771483],[-89.5293740409604,46.8378868105876],[-89.5293895333276,46.8377799796858],[-89.5296570678979,46.837800021499],[-89.5296815211911,46.8377726786866],[-89.5297649559306,46.8378061247817],[-89.5297400028636,46.8377305612325],[-89.5298399890198,46.8377686422361],[-89.529937711563,46.8377150215551],[-89.5300413713231,46.8377709997997],[-89.5300989860569,46.8377537821542],[-89.5300498589604,46.8377098427083],[-89.5300928541557,46.8376793536615],[-89.5303786126,46.8377485764843],[-89.5303905488885,46.8377018929868],[-89.5305419126816,46.8377229481967],[-89.5305456235086,46.8376842383379],[-89.5307300801913,46.8377334322997],[-89.5307943477733,46.8376842741055],[-89.5307316367004,46.8376047319182],[-89.5309520164854,46.8376871231333],[-89.5310755826498,46.837646425104],[-89.5310483129721,46.8375546378758],[-89.5311718872203,46.8375902736439],[-89.5312521118339,46.8374985962333],[-89.5313348732012,46.8375217697952],[-89.5313479317451,46.8374922051547],[-89.5315556140809,46.8375715567623],[-89.5314916103307,46.8374723277823],[-89.5316102279555,46.8375467114646],[-89.531777550242,46.8375252459596],[-89.5316691356016,46.837453977025],[-89.5317233999934,46.8374428662848],[-89.5319188902405,46.8375268819101],[-89.5319327814347,46.8374338229794],[-89.5321395340028,46.8374608840819],[-89.5321996410224,46.8374435883339],[-89.5321209260479,46.8373868402981],[-89.532273672947,46.8373718277862],[-89.5323884365009,46.8374446153045],[-89.5325086412325,46.8373336896112],[-89.5326807602294,46.8374424422417],[-89.5326445205681,46.8373663708814],[-89.5327861758029,46.8374108801228],[-89.5326776036345,46.8373181753974],[-89.5327892548951,46.8372864205446],[-89.5328800503512,46.8373367914012],[-89.5328635320772,46.8372755479229],[-89.532929291433,46.8372872382785],[-89.53288425416,46.8372294507035],[-89.5330220100257,46.8372526385595],[-89.5330942869682,46.8371732130094],[-89.5332935547448,46.8372957056737],[-89.5332117921669,46.8371164044366],[-89.533360054599,46.8370140445396],[-89.5334844823903,46.8370436480693],[-89.5333917754056,46.8368689732637],[-89.5334410824612,46.8367062046638],[-89.5341441385925,46.8362401875553],[-89.5343339169769,46.8361991539167],[-89.5342673590397,46.8360991473121],[-89.5343607463313,46.8359796147317],[-89.5345193738293,46.8358829369585],[-89.5347192413622,46.8358433069211],[-89.5350639701237,46.8356876965646],[-89.5358452984119,46.8355194375879],[-89.5371209812241,46.8353616050062],[-89.5377697297702,46.8353440997862],[-89.5382084111413,46.8352490401188],[-89.5385570833062,46.835229668999],[-89.5394129247302,46.835339541266],[-89.5398461725849,46.8355799992729],[-89.5401708790281,46.8356522799589],[-89.5401687654464,46.8355631462757],[-89.5403473760796,46.8355044374334],[-89.5405213101686,46.8352606124822],[-89.5411332289886,46.8350632569582],[-89.5426411448565,46.8349213241902],[-89.5437470325662,46.8349565135516],[-89.5445111632083,46.8350688846878],[-89.5446702482391,46.8307149168309],[-89.5338247189762,46.8310062998004],[-89.5336266217735,46.8346262302382],[-89.5281708691787,46.834772401969],[-89.5279561215725,46.8381373782877],[-89.5283761184231,46.8379930957752],[-89.528523210277,46.8380443048615],[-89.5285360291447,46.8379538521312],[-89.5286369640206,46.8379301518353],[-89.5288099993753,46.8380148669018]]],[[[-89.4927021219442,46.8387579012417],[-89.4929517306551,46.8389063721193],[-89.493195534193,46.8389460939997],[-89.4935574372007,46.8390722633064],[-89.4937686830361,46.8392073230168],[-89.4942711941085,46.839766607122],[-89.4946019713164,46.840414332974],[-89.4947186123383,46.8405359876425],[-89.4951297664569,46.8406889492926],[-89.4954371939884,46.8408613764862],[-89.4957260340177,46.8409400271285],[-89.4959697889072,46.841113542732],[-89.4960435320518,46.8411327298557],[-89.4959549725982,46.8410393786421],[-89.4959504944024,46.8409511747165],[-89.496382214753,46.8409010909839],[-89.4972209241538,46.8409397620443],[-89.4976924498693,46.840886740196],[-89.4982706351996,46.8409170780393],[-89.4986757653065,46.8410925108753],[-89.4991411485962,46.841560280912],[-89.4995303009565,46.8417782263878],[-89.5002760747183,46.8415984389157],[-89.5005257416165,46.8412091281732],[-89.5005142918515,46.840783212916],[-89.5009540852462,46.8404729893132],[-89.5009500429465,46.8403916335204],[-89.5010126612564,46.8403525471622],[-89.5010979651988,46.8403765220887],[-89.5010536273883,46.8403289929698],[-89.5011335737852,46.8403282598209],[-89.5011011858271,46.8402915131573],[-89.5011861887388,46.8402340185417],[-89.5028037413894,46.8397564846233],[-89.5034561023943,46.8397167660644],[-89.5047569859262,46.839770376432],[-89.5052032291592,46.8398476076952],[-89.5058566214191,46.8402075226054],[-89.5060057424186,46.8404628255011],[-89.5064141140051,46.8408028053895],[-89.5072109096809,46.8411188599594],[-89.5071937304872,46.8410662110756],[-89.5073160859384,46.8411216372164],[-89.5072108448362,46.8410219440372],[-89.5073305228832,46.8410362838251],[-89.5075832752281,46.8411554648078],[-89.5077033999317,46.8411766519159],[-89.5076966655163,46.8411116751272],[-89.507936665687,46.8412269578026],[-89.5079810713204,46.8412178764727],[-89.5079056711988,46.8411541487227],[-89.508049142468,46.8411883418604],[-89.5080476881442,46.8412235507915],[-89.5082074472582,46.8412966970259],[-89.5082887580563,46.8412401684161],[-89.5089603191517,46.8413413462136],[-89.5094649846526,46.8414708017068],[-89.5098924136376,46.8413933523429],[-89.510473850944,46.8413583446362],[-89.5106321818855,46.8413903628397],[-89.5108674781614,46.8415675366494],[-89.5108710169632,46.8414876644024],[-89.5109690982625,46.8415541234206],[-89.5109238002187,46.8414920465507],[-89.5109586365317,46.8414703923404],[-89.5111693783953,46.8415393950934],[-89.5111821140735,46.8415046968044],[-89.5115069689032,46.8415410327728],[-89.5114959478643,46.8415062069889],[-89.5116979231406,46.841475529121],[-89.5118507833319,46.8385207928424],[-89.5012505180732,46.8385006447532],[-89.4900210174563,46.8381959227533],[-89.4927021219442,46.8387579012417]]],[[[-89.602742367511,46.8220119605658],[-89.5985419270176,46.8229960255331],[-89.6008111239153,46.8229961655082],[-89.6009352070524,46.8228068968492],[-89.6010894035517,46.8226836748451],[-89.6020246412956,46.8222237936382],[-89.6039898880096,46.8218485970103],[-89.605043916614,46.8217655984115],[-89.6057046462001,46.8215937930438],[-89.6066539970229,46.8212353300566],[-89.6077150232981,46.8209213638454],[-89.608326758233,46.8206713243318],[-89.6085810277014,46.8206246968638],[-89.609114375893,46.8203797022703],[-89.6093347222157,46.8203675953981],[-89.6095814612757,46.8201783778478],[-89.6060454529782,46.8212259337663],[-89.602742367511,46.8220119605658]]],[[[-89.4849925747424,46.8382118470997],[-89.485522439134,46.8381914051289],[-89.4861651404033,46.8380910316426],[-89.4831299261414,46.8380083730242],[-89.4831331310508,46.8384370207832],[-89.4841044014827,46.8382577881712],[-89.4849925747424,46.8382118470997]]]]},"properties":{"NAME":"Porcupine Mountains Wilderness State Park","CreatedUser":"MichiganDNR"}},
{"type":"Feature","geometry":{"type":"Polygon","coordinates":[[[-84.8028978121868,44.0259595536713],[-84.8028258588522,44.025851809921],[-84.8007014991379,44.0259223884851],[-84.8008007519197,44.026254749132],[-84.8009898967518,44.0265989546938],[-84.8011093385435,44.0270393395857],[-84.801460778092,44.0273526676778],[-84.8016425037817,44.0277113743451],[-84.8017149942001,44.0280054604454],[-84.8017054512098,44.0283587164796],[-84.8017664041381,44.028459705847],[-84.8020035416788,44.0286654753318],[-84.8029157730556,44.0290524730514],[-84.8031002750752,44.0292748381402],[-84.8032441424273,44.0296254233276],[-84.8036708210727,44.0299815634745],[-84.8040047495694,44.0303392979369],[-84.8043704245647,44.0308320178996],[-84.8044326424258,44.0310470881956],[-84.8045663628416,44.0312534778777],[-84.8045422796256,44.0313861617945],[-84.8044315914229,44.0313927142075],[-84.804416729402,44.0314808969701],[-84.8043085204336,44.0315198422238],[-84.8048303081424,44.0315157491512],[-84.8054769512859,44.0314236147938],[-84.8072843578893,44.0314044435977],[-84.8034734618844,44.0262037473647],[-84.8030190353157,44.0263379687899],[-84.8028016993312,44.0259927984006],[-84.8028978121868,44.0259595536713]]]},"properties":{"NAME":"Wilson State Park","CreatedUser":"MichiganDNR"}},
{"type":"Feature","geometry":{"type":"Polygon","coordinates":[[[-85.7670914052748,44.632910884338],[-85.7666825427866,44.6299768612871],[-85.7664267409828,44.629033464257],[-85.7666265719656,44.6290334780335],[-85.7661620965058,44.6280256854444],[-85.7654916635721,44.6270386764877],[-85.7674757438992,44.6260619508105],[-85.765272630872,44.6235263506025],[-85.7646754991408,44.6230329077686],[-85.7636564242822,44.622373084019],[-85.7634797015749,44.6221351885472],[-85.7633296831312,44.6221194397717],[-85.7632164102379,44.6222195297297],[-85.7628974988868,44.6221065294479],[-85.7627190390612,44.6219998259872],[-85.7623638645726,44.6216181795279],[-85.7621076683717,44.6211468758396],[-85.7617659661007,44.6207397047362],[-85.7616839990514,44.6205277307716],[-85.7615537020101,44.6203893992408],[-85.7612812661013,44.6194935997181],[-85.7613156509087,44.6190177621815],[-85.7615491369137,44.618589507246],[-85.7614297963996,44.6184588516924],[-85.761565461074,44.6181184280447],[-85.7614690110639,44.6180813699476],[-85.7594990728308,44.6180744540009],[-85.7605898331627,44.6218138412471],[-85.7572988877256,44.6217430721683],[-85.7572973181011,44.6248647976576],[-85.7577399514134,44.6254403206847],[-85.7588440509305,44.6264390891562],[-85.7598735544365,44.627482277002],[-85.7601973601596,44.6278679784377],[-85.7606912415273,44.6286493440761],[-85.7608467124366,44.6290912817335],[-85.7609520329754,44.6297552048966],[-85.7609390901516,44.6299806983398],[-85.7611332295027,44.630655955861],[-85.7609651691118,44.6315113792826],[-85.760956251023,44.6319246722672],[-85.7606976038149,44.6323254322956],[-85.7604673879035,44.6325298859389],[-85.7606456006705,44.6327026194107],[-85.7606250456143,44.632910290495],[-85.7670914052748,44.632910884338]]]},"properties":{"NAME":"Interlochen State Park","CreatedUser":"MichiganDNR"}},
{"type":"Feature","geometry":{"type":"MultiPolygon","coordinates":[[[[-86.2721282923625,42.3310133044565],[-86.2724981539966,42.3310121822991],[-86.2724924056742,42.3229052390772],[-86.27234909425,42.3229006684765],[-86.2724008116727,42.3229007944035],[-86.2724005128957,42.3224040570482],[-86.2723122556268,42.3217875359366],[-86.2719364861922,42.3208321619617],[-86.2714208196545,42.3199879499065],[-86.2660410386072,42.3133019934786],[-86.2655077450505,42.3127427055838],[-86.2652861822461,42.3122739423236],[-86.2650883783441,42.3116112610714],[-86.2650025675547,42.3110110599172],[-86.2650360200829,42.3045752249491],[-86.2649193044374,42.3037314697619],[-86.2647454694122,42.3029072388743],[-86.2636031462545,42.3002394884264],[-86.2631159117696,42.2993525879175],[-86.2624845560555,42.2985689984238],[-86.2617689714446,42.297934899603],[-86.2607733005265,42.2971995811241],[-86.2574969862118,42.2950301366153],[-86.257109218752,42.2946006909134],[-86.2537657091533,42.290262962089],[-86.2525687255553,42.2885348326716],[-86.2496470560052,42.2838394531066],[-86.2485220215439,42.2824483295933],[-86.2468285218918,42.2806583812149],[-86.2447699916181,42.2785599027622],[-86.2396204825435,42.2741196810424],[-86.2314858161759,42.2663006850088],[-86.2304500309757,42.264942247365],[-86.2294838725616,42.2632656007895],[-86.2288283503518,42.2625290313849],[-86.2281745981413,42.2618523468238],[-86.2244309503273,42.2586989526974],[-86.2237615672289,42.2580135578065],[-86.2228553060982,42.2566930543528],[-86.2202266314185,42.2525013946555],[-86.2156580537287,42.243784941016],[-86.2156536438885,42.2441307982834],[-86.2192741335869,42.25112969129],[-86.2200568699055,42.2525555200096],[-86.2226888734292,42.2567525808133],[-86.2236050357967,42.2580869565022],[-86.2242878184768,42.2587860707729],[-86.2280295655766,42.2619375612337],[-86.2286761909294,42.262606894081],[-86.2293214216055,42.2633318852647],[-86.230283953141,42.2650031405708],[-86.2313307087872,42.2663760351838],[-86.2394770172585,42.2742062626069],[-86.2446254514433,42.2786456086187],[-86.2466782462354,42.2807382295818],[-86.2483680887843,42.2825243332564],[-86.2494827193012,42.2839024407526],[-86.2524023841651,42.2885947076943],[-86.2536024024661,42.2903272243999],[-86.2569506422135,42.294671508431],[-86.2573565448663,42.2951210355568],[-86.2606464985083,42.2972994822729],[-86.261632660686,42.2980277955583],[-86.2623334482629,42.2986487794293],[-86.2629500687572,42.2994140650635],[-86.2634292224787,42.3002862519592],[-86.2645650310991,42.3029388196206],[-86.2647359224274,42.303749102589],[-86.2648511436775,42.3045819817055],[-86.2648176426645,42.3110180538064],[-86.2649056445739,42.3116334086309],[-86.2651080671314,42.312311621599],[-86.2653418793387,42.31280627834],[-86.2658859840233,42.3133769056587],[-86.2712567337073,42.3200516674448],[-86.2717642154121,42.3208824786428],[-86.2721298761536,42.3218123266088],[-86.272215610015,42.3224113524671],[-86.2722180653444,42.3265223448484],[-86.2723397287749,42.3265226450586],[-86.2721256090027,42.3265227079869],[-86.2721282923625,42.3310133044565]]],[[[-86.1724171171071,42.210760513674],[-86.1763880349699,42.2112632672416],[-86.1773443710279,42.2114701369565],[-86.1780163841992,42.2117103448844],[-86.1786229193736,42.2120214453167],[-86.1841593165216,42.2152293162979],[-86.1922929207561,42.2186780065005],[-86.1930827724799,42.2191081256155],[-86.1973112489802,42.222816684361],[-86.1977076182118,42.2232309839565],[-86.20036619642,42.2269366515851],[-86.201184264624,42.2275780539916],[-86.2022998327182,42.2282106483002],[-86.2064573121549,42.2308513518745],[-86.2067995323917,42.2311384786832],[-86.2152537929241,42.2434375694147],[-86.215455942301,42.2434385817421],[-86.2069550454469,42.2310619944919],[-86.2065870307676,42.2307532382448],[-86.2024158844675,42.2281038598513],[-86.2013078390304,42.2274755249701],[-86.2005164817581,42.2268551205661],[-86.1978656964521,42.2231594439041],[-86.1974569217323,42.2227321582121],[-86.1932118087094,42.219008281431],[-86.192393521699,42.2185626983589],[-86.1842623108454,42.2151150170844],[-86.1787321678305,42.2119107632102],[-86.1781093395824,42.2115913107136],[-86.1774105898264,42.2113415536211],[-86.1764295679461,42.2111293459666],[-86.172893461866,42.2106778792246],[-86.172473876738,42.2105314611506],[-86.1721356465017,42.2103386449456],[-86.171649441268,42.2097933099791],[-86.1714763542889,42.2091646978055],[-86.1715019368651,42.2088628952239],[-86.1718490251542,42.2077145559626],[-86.1716583675053,42.2077146686009],[-86.1709474561519,42.2097637309462],[-86.1706034663731,42.2100778416789],[-86.1701552578273,42.2102827570844],[-86.1697197335891,42.2104020234138],[-86.1690839322069,42.2104576940518],[-86.1667949965915,42.2104755227733],[-86.1667963709045,42.210612743037],[-86.1690957370113,42.2105948297836],[-86.1697630279834,42.2105364022779],[-86.1702362924604,42.2104067986606],[-86.1707268334456,42.2101825329488],[-86.1708370748287,42.2100818614778],[-86.1703965576438,42.2113514912905],[-86.1707463275418,42.2113508726087],[-86.1710153350166,42.2111084845549],[-86.1712983122046,42.2109358421884],[-86.1716760757296,42.2108191306696],[-86.1720260129521,42.2107512589762],[-86.1724171171071,42.210760513674]]],[[[-86.1716732291237,42.2106778713054],[-86.1720052184592,42.2106134846007],[-86.1723278055922,42.2106211114914],[-86.172003778081,42.2104363941298],[-86.1714758428786,42.2098443927864],[-86.1713119336027,42.2092626519725],[-86.1706239583856,42.2112455202947],[-86.1708843798344,42.2110108648426],[-86.1712022872844,42.2108168982584],[-86.1716732291237,42.2106778713054]]],[[[-86.278590927569,42.3851548120277],[-86.2786611534233,42.3887702500371],[-86.2787728910804,42.3887696134756],[-86.2787795007722,42.3865362455609],[-86.2786973549481,42.384972274003],[-86.278767798246,42.3849718390222],[-86.2786860198349,42.3845843864133],[-86.2783892518784,42.3742535801178],[-86.2786303217802,42.3742514562937],[-86.2781628767114,42.3540088123819],[-86.2779474839112,42.3490185539557],[-86.2777760625388,42.3484007525245],[-86.274249308613,42.3413296833099],[-86.2737035065767,42.3403559356232],[-86.2727323031815,42.3382149588126],[-86.2724987149799,42.3310126079303],[-86.2721338331926,42.3310133525825],[-86.2723629857884,42.3382398043121],[-86.272547947957,42.3382388248378],[-86.2725621998561,42.3387211644589],[-86.272641843437,42.3389211608822],[-86.2733558087221,42.3404497212961],[-86.273903657906,42.3414275172898],[-86.2774241568215,42.3484860893393],[-86.2775785495281,42.349044024307],[-86.2777929630071,42.3540146398098],[-86.2783712090004,42.377237061512],[-86.2776426520043,42.3770660268933],[-86.2769798140068,42.3777473563131],[-86.2783846778084,42.3777358930261],[-86.278590927569,42.3851548120277]]]]},"properties":{"NAME":"Van Buren Trail State Park","CreatedUser":"MichiganDNR"}},
{"type":"Feature","geometry":{"type":"MultiPolygon","coordinates":[[[[-85.328618800527,42.33363603324],[-85.330221247021,42.333734390782],[-85.3322145187792,42.333989257772],[-85.3322480772112,42.3392114532561],[-85.3390969762743,42.3357011336139],[-85.3401350994052,42.335254191924],[-85.3409522025947,42.334978567829],[-85.3419513537854,42.3347235143237],[-85.3428589696893,42.3345536851047],[-85.3444215741576,42.3343314999087],[-85.3444618837779,42.333881625907],[-85.3447447005498,42.3336314443793],[-85.3451104503043,42.3335942192848],[-85.3456849118251,42.3333978574504],[-85.3473798554797,42.3327648344874],[-85.3475717856054,42.3326587770022],[-85.3476468807214,42.3325588708794],[-85.3480293109745,42.3325809266356],[-85.3486807347025,42.3325325593921],[-85.3493387701959,42.3324087431416],[-85.3499093080937,42.3323564468178],[-85.3504808860434,42.3321722780591],[-85.3513686485001,42.3321156667831],[-85.3518058924142,42.3319887836962],[-85.3521231329436,42.3319460961732],[-85.3525511752576,42.3317093564314],[-85.3528634726322,42.3313792740585],[-85.3537898851048,42.3306051240573],[-85.3547159560118,42.3293317243555],[-85.3557007165251,42.3282911352051],[-85.3567951625409,42.3274189441097],[-85.3583776531914,42.3264711313831],[-85.3588914157534,42.3261062116324],[-85.3589636787845,42.3259453782526],[-85.3589167830846,42.3254741652146],[-85.3585932846704,42.3249266677839],[-85.3584478430719,42.3250843941652],[-85.358180924363,42.325215849399],[-85.35804451644,42.3242603958513],[-85.3579835025453,42.3242018898412],[-85.3581079060562,42.3241006535233],[-85.358143649579,42.324120883051],[-85.3588484278217,42.3234445835998],[-85.3590269551074,42.3233265135208],[-85.3594349139519,42.3232517530741],[-85.3597532710589,42.3229124437248],[-85.360642448757,42.3224021242205],[-85.361090832466,42.3222704128816],[-85.3615836994961,42.3221818549877],[-85.3625015290921,42.3222264029413],[-85.3631964777538,42.3224535671327],[-85.3633125739241,42.3225257409092],[-85.3634644737472,42.3227315629009],[-85.363865578917,42.3228149624662],[-85.3645391275685,42.3231220530249],[-85.364926860006,42.3231357919475],[-85.3651499863272,42.3230494296785],[-85.3653426156569,42.3228132476582],[-85.3653978475853,42.3225743449704],[-85.365367873928,42.3222567815471],[-85.3651340982664,42.3219371517982],[-85.3649309753944,42.3218004146145],[-85.3647201787221,42.3217322552455],[-85.364002517003,42.3217176989593],[-85.3632558664644,42.3213907266213],[-85.3630968560247,42.3212370925712],[-85.3632178325642,42.3203105313684],[-85.3634356454638,42.3201565654215],[-85.3640616776545,42.3198772144426],[-85.3644046458063,42.3198003338941],[-85.364423591727,42.3196511897384],[-85.3643324804694,42.3193109599739],[-85.364201083241,42.319169500589],[-85.3640767849397,42.3191198670795],[-85.3639331068256,42.3191524676702],[-85.3637960740149,42.3193189239596],[-85.3636442961359,42.3193523333865],[-85.3633710930537,42.3193495169679],[-85.3632080091823,42.3192522509192],[-85.3629830497457,42.3192261471824],[-85.3636915099896,42.3180839296787],[-85.3640077765308,42.3179099610248],[-85.3643963181306,42.3175717229142],[-85.3652740592843,42.3169919152017],[-85.3658297980887,42.3164745277524],[-85.3660489848982,42.3161910374106],[-85.3663989621929,42.3159323820988],[-85.3665793766861,42.3156649173883],[-85.3677066984514,42.3145487293732],[-85.3679559149281,42.3143734963811],[-85.3692147731199,42.3137049838649],[-85.3694421153335,42.3135210407209],[-85.3696329978459,42.313287987346],[-85.3697664441772,42.3130219988604],[-85.3697568057524,42.3128426621297],[-85.3694050578577,42.3123404914051],[-85.3688189358927,42.311924432368],[-85.3685862253919,42.3113157373618],[-85.3687089799235,42.310969053116],[-85.3688754693039,42.3107470088128],[-85.3705674994899,42.3095500620888],[-85.3707688953224,42.3093050597316],[-85.3708476942637,42.3090687708124],[-85.3705937447427,42.3088245188913],[-85.3705853333582,42.3084221622794],[-85.3707801756045,42.3080330106034],[-85.3708191120671,42.307525423276],[-85.3709489254834,42.3070569721246],[-85.3713042271637,42.3065752636179],[-85.3715830791255,42.3064345094104],[-85.3717766115787,42.3062752388397],[-85.3719215220633,42.3062323434326],[-85.3720815612075,42.3060711599162],[-85.3730509021996,42.3055493054329],[-85.3734162100019,42.3052109027131],[-85.3742137907688,42.305081761062],[-85.3753130867689,42.3044948846069],[-85.3758842729944,42.3042704306872],[-85.3764822087667,42.3039086639635],[-85.3765143831144,42.3023614196071],[-85.376437271338,42.2981371958857],[-85.356184088625,42.3031767996241],[-85.3556320007662,42.3032575413611],[-85.3549569485111,42.3032757778176],[-85.35061193663,42.3031765953454],[-85.350092507137,42.3032857767208],[-85.3471227712338,42.3053110411431],[-85.3454669029121,42.3069531708942],[-85.3451785324635,42.3071699174195],[-85.3417955569405,42.3086052712934],[-85.3412440019024,42.3087357011253],[-85.3406609592706,42.3087878732413],[-85.3395451419641,42.3087372572386],[-85.3366951635753,42.3083327935588],[-85.3320208506002,42.3077683828779],[-85.3280819920321,42.3072268081139],[-85.3174733833751,42.3056404305435],[-85.3173470181353,42.3058190430909],[-85.317359652681,42.3122381115066],[-85.317558832982,42.3127051677605],[-85.3192825070881,42.3148769238294],[-85.3194400345834,42.3152493527369],[-85.3194443379772,42.3156791425829],[-85.3192660854782,42.3161034863219],[-85.3188791745968,42.3164801855891],[-85.3145850671162,42.3185956885908],[-85.3144804076673,42.3188497913614],[-85.3145774276971,42.3233487611041],[-85.3145347448678,42.3242397519776],[-85.3137219092043,42.3272480490468],[-85.3134926768153,42.3277758541169],[-85.3131128680196,42.3283284312848],[-85.3130506884743,42.3285064579833],[-85.3130957996215,42.3301983451806],[-85.3129781072126,42.3328093680968],[-85.3129915715564,42.3345354394819],[-85.3129548539957,42.3348752043766],[-85.312512419186,42.3349224158969],[-85.3125700924559,42.3351937559112],[-85.3198510350353,42.3344182440024],[-85.3198494993696,42.3341409259051],[-85.3264409109014,42.3334428594827],[-85.3280931806918,42.3333590764267],[-85.3280890363929,42.3336337718827],[-85.328618800527,42.33363603324]]],[[[-85.3494689112118,42.3258283668019],[-85.3494677959666,42.3231606548418],[-85.337635708086,42.3231948027572],[-85.3338379059735,42.330339002354],[-85.3438329694559,42.3303183063572],[-85.3469703338918,42.3278835954988],[-85.3494689112118,42.3258283668019]]],[[[-85.3422683964359,42.3354186925614],[-85.3430651282837,42.3355803922936],[-85.344200891946,42.3360642786644],[-85.3446366503677,42.3361793138442],[-85.3451002177461,42.3361847178414],[-85.3452363473585,42.3361074886122],[-85.3453423455677,42.3359322870685],[-85.3453144459655,42.3357373957992],[-85.3450513559016,42.3353780859],[-85.3449583417648,42.3353209031559],[-85.3445225320265,42.3345959941655],[-85.3420987957619,42.3349770053941],[-85.3421008077961,42.3354174048415],[-85.3422683964359,42.3354186925614]]]]},"properties":{"NAME":"Fort Custer Recreation Area","CreatedUser":"MichiganDNR"}},
{"type":"Feature","geometry":{"type":"Polygon","coordinates":[[[-86.546901908851,42.0098851557017],[-86.5481460574527,42.0094088095783],[-86.5481579834286,42.0072213601608],[-86.5530137757529,42.0072223483623],[-86.5530188971468,42.0062690971789],[-86.5537487648756,42.0050733941863],[-86.5543784079497,42.0038931862915],[-86.5551697625672,42.0026968968073],[-86.5560358083144,42.00120946087],[-86.5561981920075,42.001039472477],[-86.5564207801205,42.0005288287369],[-86.5565729945569,42.0000568317646],[-86.5565420579975,41.9995789074622],[-86.5573836815471,41.9970114959172],[-86.5575970881869,41.9965214993324],[-86.5575861602235,41.9963733966258],[-86.5577559240323,41.9957421802703],[-86.557942357618,41.9953626667424],[-86.5579537472472,41.9938069785318],[-86.5564899379458,41.993801004861],[-86.5564986274044,41.9929778285158],[-86.5592392564954,41.9930053903499],[-86.5593137067379,41.9928963988499],[-86.5565003914695,41.9928768423891],[-86.5565021453016,41.9927803038174],[-86.5593730577278,41.9928092659761],[-86.5601017994361,41.9915069830913],[-86.5531162840087,41.9914366209074],[-86.5531206054983,41.990856823437],[-86.5555479987777,41.9908290613903],[-86.5555737487291,41.9902425876593],[-86.5579799284761,41.9902318805008],[-86.5579762278831,41.9907371005241],[-86.5586511205208,41.9907320936662],[-86.5593929701843,41.9903491948631],[-86.5597497380134,41.9900378542227],[-86.5598467098261,41.9896689434329],[-86.5597971086095,41.9894536744559],[-86.5598986812773,41.9892972382896],[-86.5602266475915,41.9893017605012],[-86.5606100427485,41.9882079783156],[-86.558000199701,41.9874635455414],[-86.5579985931071,41.9876828976258],[-86.5583664002429,41.9876843933203],[-86.558355816301,41.9891314017112],[-86.5581246623137,41.989132435476],[-86.5581268667301,41.9894068385803],[-86.5531312350546,41.9894306489573],[-86.5531550422385,41.9855674665701],[-86.5580134571873,41.9856524949644],[-86.5580068346569,41.9865560336898],[-86.5624836674999,41.9866344125886],[-86.5627495616161,41.9859114632558],[-86.5632013150968,41.9851094074464],[-86.5633852867584,41.9845205002008],[-86.5639271997495,41.9832509653363],[-86.5633634670576,41.9832399232385],[-86.5633625499682,41.9828283185073],[-86.5526943845318,41.9828410879522],[-86.5527396010548,41.9856593605281],[-86.5503993780183,41.9856456753125],[-86.5503583794125,41.9855859529678],[-86.5462783100786,41.9855613865007],[-86.5462569217378,41.9856114811711],[-86.542218570736,41.9855749121377],[-86.5422040832141,41.9859458805121],[-86.5415091432845,41.9859402029872],[-86.533588721512,42.0075577612991],[-86.5335710880694,42.0106584363609],[-86.5389881777781,42.010794159175],[-86.5396042362515,42.0110431723961],[-86.5402154444381,42.0111658446383],[-86.5404603798048,42.0110087888459],[-86.5409094470875,42.0108648019003],[-86.5427094600615,42.0107730715954],[-86.5433454395346,42.0106759682385],[-86.5437112889726,42.0106788915497],[-86.5445313285909,42.0107700177329],[-86.544842355719,42.0107213139557],[-86.5455313272283,42.0104990693357],[-86.5461632564648,42.0101390391987],[-86.546901908851,42.0098851557017]]]},"properties":{"NAME":"Grand Mere State Park","CreatedUser":"MichiganDNR"}},
{"type":"Feature","geometry":{"type":"Polygon","coordinates":[[[-86.3166880645728,44.2829776092781],[-86.3170773910577,44.2821657252777],[-86.3192000091192,44.2782571214031],[-86.3143952397852,44.2781841797939],[-86.3144694304097,44.2777180628794],[-86.3147766744643,44.2767661450245],[-86.3125837131025,44.2767231641213],[-86.3126482515043,44.2744220219844],[-86.3076230633902,44.2743211088538],[-86.3075257133526,44.278066529611],[-86.3074848167712,44.2853916603051],[-86.3150983415577,44.2854902467637],[-86.3152608436776,44.2851713670994],[-86.3165669853923,44.2832301001657],[-86.3166880645728,44.2829776092781]]]},"properties":{"NAME":"Orchard Beach State Park","CreatedUser":"MichiganDNR"}},
{"type":"Feature","geometry":{"type":"Polygon","coordinates":[[[-83.4583405613446,44.2505437451858],[-83.4587101315186,44.2500333851157],[-83.4588674683958,44.2493790461255],[-83.4585419702333,44.2493700098454],[-83.4585653049835,44.2481435703551],[-83.4583965222901,44.2481563517163],[-83.4576181221897,44.2484661492487],[-83.4563157536751,44.2487184700396],[-83.4557267129406,44.2489011923644],[-83.4552985658083,44.249071564597],[-83.4538613176746,44.2497890748962],[-83.4529826590691,44.2500728243001],[-83.4515948481588,44.2503940063876],[-83.4502774970321,44.2507561474843],[-83.4493522714935,44.2511005744725],[-83.448181024879,44.2513231965501],[-83.4471868950641,44.2516713269279],[-83.4471026299941,44.2518340558457],[-83.4471346035705,44.2519613087774],[-83.4470185042173,44.2521507059455],[-83.4464300211736,44.2523710980171],[-83.4452297658244,44.2530905704858],[-83.444425937981,44.2534964227996],[-83.4428668699605,44.254665411354],[-83.4422259436401,44.2554138531585],[-83.4418359661095,44.2561185783444],[-83.4413186362735,44.2566875344611],[-83.4412574799855,44.2615416260869],[-83.4433239186102,44.2615642249459],[-83.443413268398,44.2612703376145],[-83.4437655390957,44.2607792197869],[-83.4442629752402,44.2605996837117],[-83.4444629752155,44.2604124706489],[-83.4445621215356,44.2601017024079],[-83.4447264031919,44.2598640837081],[-83.4455842155691,44.2588693302155],[-83.4464180130195,44.2580702542151],[-83.4466363959826,44.2578026267518],[-83.4469468662847,44.2572279654728],[-83.4471437415915,44.256983885993],[-83.4480013959803,44.2561118500089],[-83.4482221001229,44.2556558005631],[-83.4486006839657,44.255172352862],[-83.449399097015,44.2550444553146],[-83.4520310110958,44.2551169179983],[-83.4504924807635,44.2537970475213],[-83.4506231393426,44.2533815774745],[-83.4508809911127,44.252789066671],[-83.4514198782094,44.2522257857966],[-83.4521612710853,44.251579782546],[-83.4526032015383,44.2512833515356],[-83.4536725927048,44.2507996935716],[-83.4538627752064,44.2506561878303],[-83.4540490249523,44.250122279662],[-83.4541361780778,44.2500440442887],[-83.455642694216,44.249531182285],[-83.458511580957,44.2487749806351],[-83.4582667104583,44.2494520244106],[-83.4580882131266,44.2497920116649],[-83.4581043311282,44.2500892595311],[-83.4578050734333,44.2505927725363],[-83.4575230357858,44.2508988324853],[-83.4571542844913,44.2511037257765],[-83.4565834928073,44.2510670469972],[-83.4565179771292,44.2511588078532],[-83.4566397643248,44.2514807616174],[-83.4567627264882,44.2516213477266],[-83.457014247981,44.2517872249268],[-83.4576371127485,44.2513799906013],[-83.4583405613446,44.2505437451858]]]},"properties":{"NAME":"Tawas Point State Park","CreatedUser":"MichiganDNR"}},
{"type":"Feature","geometry":{"type":"MultiPolygon","coordinates":[[[[-86.1973990011171,42.7802166986646],[-86.1965761063862,42.7807800160125],[-86.1966190062519,42.7824785298661],[-86.1973673020262,42.7824682168669],[-86.1981241182413,42.7823785720865],[-86.1987930508142,42.7821889417301],[-86.1992034715699,42.7820161629781],[-86.1999796158462,42.781499268266],[-86.2008953289665,42.7805419598559],[-86.2013303135291,42.7802442407952],[-86.2014653991649,42.7803968476579],[-86.2009688404165,42.7807671857434],[-86.2002263022784,42.7815646395078],[-86.200253358389,42.7824744837635],[-86.2061123828318,42.7823239777998],[-86.2059989939594,42.7780971145787],[-86.2034630738812,42.7780228935919],[-86.2025999110729,42.7765609647927],[-86.2020782615829,42.7764432868927],[-86.2018056924574,42.7767050915137],[-86.2013652268861,42.7766054150773],[-86.2012842754011,42.776797060404],[-86.2014618110624,42.7768373702618],[-86.2013640466005,42.7770688188675],[-86.200475286344,42.7768656929235],[-86.2000346945261,42.7777975565278],[-86.1993586337766,42.7786991904672],[-86.1987026593888,42.7793096817577],[-86.1977137957053,42.7800019546517],[-86.198112139317,42.7803253873624],[-86.1977973445228,42.78054013248],[-86.1973990011171,42.7802166986646]]],[[[-86.211393164413,42.7773936531126],[-86.2114805716483,42.7769719521839],[-86.2114548705858,42.7765483349177],[-86.2116344936373,42.775877396392],[-86.2117887206257,42.7756730381854],[-86.2123549989964,42.77427508232],[-86.2126670918832,42.7739203867627],[-86.213068389964,42.7737365198791],[-86.2126947477729,42.7733580611125],[-86.2128041472046,42.773349308288],[-86.2128190920568,42.7732858212591],[-86.2119167926943,42.7732452529193],[-86.2088819632009,42.7732328090406],[-86.2083126606208,42.7730776334498],[-86.2083195572399,42.7734339747991],[-86.2072617884489,42.7730539245413],[-86.2068309322767,42.7729839717915],[-86.2068235175283,42.7726717179225],[-86.2066332544502,42.7726198537797],[-86.2066655713136,42.773826558337],[-86.2065118470408,42.7751533861467],[-86.206599346535,42.7756516423243],[-86.2092225447257,42.7774151796135],[-86.211373553928,42.7775061818438],[-86.211393164413,42.7773936531126]]],[[[-86.1995208629876,42.7781499516493],[-86.1987545313787,42.7779841005092],[-86.1986676728648,42.7781576004146],[-86.1985537755358,42.7782280942939],[-86.1984013059056,42.7786665610636],[-86.1982355048152,42.7789146574552],[-86.1976731594126,42.7794214808747],[-86.197441890094,42.7794792859473],[-86.1973374407937,42.7796003640221],[-86.1971920708906,42.7796580395183],[-86.1970444441373,42.7797829033888],[-86.1968181135603,42.7800379481757],[-86.1965617917966,42.7802132642685],[-86.196569939984,42.7805358654021],[-86.198576123793,42.7791422565371],[-86.1990635700276,42.7786939518918],[-86.1995208629876,42.7781499516493]]]]},"properties":{"NAME":"Holland State Park","CreatedUser":"MichiganDNR"}},
{"type":"Feature","geometry":{"type":"MultiPolygon","coordinates":[[[[-84.0066708871123,46.0961793106762],[-84.0066942651023,46.0954593130794],[-84.0066073492268,46.094745432423],[-84.006494376717,46.0945152756363],[-84.0061919808378,46.0942642009338],[-84.0060702069717,46.093951669172],[-84.0060727730609,46.093698453837],[-84.0062116654663,46.0934393471678],[-84.0065003310262,46.0931739179935],[-84.0071155978296,46.0929895911969],[-84.0094127785085,46.0925864167877],[-84.0103084066876,46.0923230524274],[-84.011241866454,46.0919220843869],[-84.0116556743783,46.091573531927],[-84.0117956027685,46.0914023817514],[-84.0121538113861,46.0905426463118],[-84.0123945962048,46.0895411503377],[-84.0124126575628,46.0890519777118],[-84.0125056696701,46.0889140623235],[-84.012748050065,46.0887423310372],[-84.0128559983032,46.0885329005607],[-84.0131223424444,46.0883885018469],[-84.013131100904,46.0861853312736],[-84.0130392531119,46.0861836084869],[-84.0130285312944,46.0860875756756],[-84.0126053414181,46.0860768775815],[-84.0126018913052,46.0883666448125],[-84.0125242856063,46.0884743418887],[-84.0124297041761,46.088474883282],[-84.0121054305178,46.0883778161579],[-84.0120334256903,46.0882848106784],[-84.011935148376,46.0879611592884],[-84.0116883203668,46.0877427409578],[-84.0117826719176,46.0877491339575],[-84.0117797732195,46.0875545347019],[-84.0116440805557,46.0873199022187],[-84.0115698893192,46.0870400859876],[-84.011084800121,46.0864442830783],[-84.0104652371768,46.0860246830493],[-84.0100505295902,46.0855984169833],[-84.0082471887089,46.0850426510244],[-84.0074628572172,46.0846844141035],[-84.0066276841247,46.0840132349868],[-84.0061073187013,46.0835156998296],[-84.0052142265371,46.0825975151072],[-84.0048623238943,46.0821434009565],[-84.0046555022642,46.0819742169403],[-84.0042322479213,46.0814820352554],[-84.0037483136794,46.0811990155312],[-84.0026589048316,46.0803369055168],[-84.0023234791034,46.079943136798],[-84.002125047995,46.0798178591293],[-84.0019573391759,46.079620975958],[-84.0014735895735,46.0793149422671],[-84.001338600622,46.0793138226106],[-84.0013384569172,46.0792429186138],[-84.0010134111829,46.0790767499859],[-84.0000817560815,46.078922610428],[-83.9998520777272,46.0787444653441],[-83.9992446377749,46.0783984374676],[-83.9988580866066,46.0780852974969],[-83.9985188762791,46.0779370252704],[-83.998203324155,46.0777063043454],[-83.9978088980613,46.0774975934171],[-83.9970831534614,46.0769262494247],[-83.9966887393682,46.0767285269333],[-83.9957342499868,46.0760638571509],[-83.9947482479329,46.0754540844958],[-83.9937938172122,46.0749927185066],[-83.9934940800862,46.0748828942507],[-83.9925080958244,46.0746743545295],[-83.9921137090105,46.0745480637073],[-83.9913801612204,46.0741910416782],[-83.9910646524552,46.0741306813916],[-83.9898105025881,46.0740705884959],[-83.98943978104,46.0739937489214],[-83.9881304719718,46.0734774778216],[-83.9870420187005,46.0731315119975],[-83.9860246233669,46.0724667452918],[-83.9855144835893,46.0719122308088],[-83.9852542228864,46.071796879635],[-83.9850491776038,46.0715715838362],[-83.9847889194105,46.0714122667138],[-83.9839923395744,46.0711486526441],[-83.9837249275779,46.070967237615],[-83.9832825662584,46.0707915641841],[-83.9829434758098,46.0705003492339],[-83.982273104478,46.0702916466763],[-83.9820444649256,46.0699674209165],[-83.9816343898517,46.0696102669019],[-83.9813425773328,46.0695553650849],[-83.9812006141098,46.0695773830607],[-83.9810586098057,46.0696763343129],[-83.9807430426865,46.070055639208],[-83.9804506351458,46.0701214275989],[-83.9800095141758,46.0701217356801],[-83.9794888826146,46.0703197090748],[-83.9791655260431,46.070264800119],[-83.9788422163634,46.0700615170287],[-83.9784636405608,46.0700560993983],[-83.9783138743898,46.0697373497465],[-83.9781482563963,46.069720892538],[-83.9780299010196,46.069814345555],[-83.9779379839151,46.0700252186531],[-83.9779587884555,46.0702870258424],[-83.9778482493536,46.070611326068],[-83.9775721365364,46.0708092196595],[-83.9770118960143,46.0715128368049],[-83.9768304624155,46.0716282836183],[-83.9764178877216,46.0715950696296],[-83.9760732341926,46.0717438492764],[-83.9759627515141,46.0718647815185],[-83.9758127642997,46.0722495266753],[-83.9759783671428,46.0723594308518],[-83.9764043119975,46.0723153872736],[-83.9765778005922,46.0723977989572],[-83.9766960741195,46.072546171999],[-83.9767274451669,46.073079295816],[-83.9766879764887,46.0731672428668],[-83.9765380423712,46.0733431447608],[-83.9762619963628,46.073282728474],[-83.976127897772,46.0732992369451],[-83.9760568634809,46.0734366615909],[-83.9761355805199,46.0739203121904],[-83.9761275743538,46.0742665660114],[-83.9762931271589,46.0745413451933],[-83.9761667958418,46.0748986176314],[-83.9761667380675,46.0750744959167],[-83.9763086889873,46.0751734026639],[-83.9766793657216,46.0753052505071],[-83.9773735631681,46.0751567246447],[-83.9780676839798,46.0752280491171],[-83.9786828934176,46.0753928180334],[-83.979321739367,46.0756510114646],[-83.9798580276705,46.0760136507028],[-83.9805677122277,46.0769368572456],[-83.9809463018421,46.0771071579719],[-83.9811671292171,46.0772774941065],[-83.9813484509046,46.0777226426273],[-83.9817111562957,46.0783711115722],[-83.981584892176,46.0785744957856],[-83.9818609426121,46.0787558097607],[-83.9819160814925,46.0791020528813],[-83.9829784326937,46.0797388931147],[-83.983467390639,46.080376332013],[-83.9838696669046,46.0806070770257],[-83.9843350370818,46.0809642196819],[-83.9851395550431,46.0817389735253],[-83.9851632062039,46.0818488910342],[-83.9854865790701,46.0822445354164],[-83.9857783004666,46.0827886125527],[-83.9859858488184,46.0834595337559],[-83.9862145974893,46.083690313997],[-83.986175094661,46.0839816151633],[-83.9863802130903,46.0840035521228],[-83.986601145892,46.0838001322045],[-83.9868220546619,46.0837396184522],[-83.987279616063,46.0838219456842],[-83.987934344775,46.0843329053722],[-83.9881394231404,46.0846516247517],[-83.9884155224235,46.0849373537033],[-83.9888572904963,46.0852505034234],[-83.9891412534017,46.0858055356696],[-83.9897476363123,46.0864565604531],[-83.9899434118116,46.0869535236832],[-83.9899276217676,46.0871294030087],[-83.9897855874293,46.0873273078424],[-83.9897619026856,46.0874812042446],[-83.9899117983533,46.0876240626353],[-83.9899275655516,46.0877614623889],[-83.9898565367654,46.0879703380112],[-83.9897618487497,46.0881022724189],[-83.9892805381731,46.0884211871457],[-83.9892568569101,46.0884816490666],[-83.9893988648225,46.088619013393],[-83.9894382809362,46.0889157947026],[-83.9894777266894,46.0889652495968],[-83.9899195461031,46.089146490931],[-83.9905901888073,46.0891902660891],[-83.9910003905486,46.0893329933454],[-83.9911108375138,46.0894374201354],[-83.9912056189281,46.0896133091301],[-83.9913081263499,46.0900694085291],[-83.9918470771327,46.0903995106359],[-83.9918707374295,46.0906303410746],[-83.9922021278734,46.0908226049947],[-83.9921863198857,46.0911413880496],[-83.9923835742384,46.0912677363037],[-83.992415130438,46.0914710858957],[-83.99264393866,46.0916578855768],[-83.9927386113471,46.0918777008044],[-83.9929674288981,46.0919270974881],[-83.9932120314382,46.0921248716856],[-83.9934250593306,46.0923996129684],[-83.9935749630346,46.0927073499986],[-83.993622308325,46.0930590888016],[-83.9938984600739,46.0933393006094],[-83.9942826401589,46.0939267878988],[-83.9947166222769,46.0943498471716],[-83.9949217787886,46.0946630569544],[-83.9951900692745,46.0946739599188],[-83.9956082818141,46.0945803851407],[-83.9960264784282,46.0943439083618],[-83.9963026504717,46.0940580107415],[-83.9967760868398,46.0939589185028],[-83.9972968730972,46.0940246868485],[-83.9976283070831,46.0944642639732],[-83.99792815713,46.0946070539697],[-83.9980228534651,46.0947828959746],[-83.9983463694568,46.0947113278822],[-83.9984173895629,46.0947332866188],[-83.9988277382012,46.0951508416428],[-83.9989224368982,46.095167298289],[-83.9991591489582,46.0951012534836],[-83.9993800905674,46.0950956776105],[-83.9995931573004,46.0952329992661],[-83.9999933814306,46.0952016933129],[-84.0000832392953,46.0952322947567],[-84.0005644787288,46.0951369920495],[-84.000937569403,46.0949048804049],[-84.0013242991068,46.0948351821899],[-84.002202273025,46.0948801563686],[-84.0029211169857,46.0950134988191],[-84.0033643443241,46.0951703591176],[-84.0035807031323,46.0954823740076],[-84.0039370301499,46.0956232460583],[-84.0039961109984,46.0959691078057],[-84.0038653966546,46.0962610887038],[-84.0038623421209,46.0966897224132],[-84.003904044666,46.0968928102252],[-84.0041472439926,46.0974212317429],[-84.0046137114983,46.0978225477666],[-84.0047722996758,46.0979040795957],[-84.0050091612561,46.0979357154133],[-84.0055366354463,46.0978722915529],[-84.0059368585649,46.0977106741989],[-84.0061478351556,46.097544624233],[-84.0066708871123,46.0961793106762]]],[[[-83.9763707008085,46.0684476157293],[-83.9764183345368,46.0685153980922],[-83.9769929591467,46.068646451365],[-83.977281913002,46.0692117689526],[-83.9774142271302,46.0692844148535],[-83.9774495314088,46.0694025916552],[-83.9775545653362,46.0694477552545],[-83.9775955577234,46.0694091075731],[-83.9773228081774,46.0690206939165],[-83.9771140977627,46.0685822152995],[-83.9771979883376,46.068430695173],[-83.9773657786287,46.0684612242388],[-83.9774971096227,46.0684050374944],[-83.9774895094715,46.0683030890394],[-83.9775678401188,46.0681711654725],[-83.9777463179058,46.0680409959091],[-83.9778064161589,46.0677878140328],[-83.9775117756732,46.0673793391567],[-83.9767025289613,46.0665894210136],[-83.9759170020794,46.0660586618194],[-83.975711060968,46.0658553462941],[-83.9749522512819,46.0653683558904],[-83.9745813604367,46.0653460643412],[-83.9744490180212,46.0654297949648],[-83.9742504311751,46.0654690423187],[-83.9739476792042,46.0657499930765],[-83.973743375571,46.0658127582139],[-83.9735751136952,46.0659509811678],[-83.9735372601667,46.0659030649895],[-83.9734467617509,46.0659250872171],[-83.9734193982971,46.0662103434987],[-83.9737577536152,46.0669486629927],[-83.9746284530021,46.0677587991689],[-83.9749704656555,46.0679532633801],[-83.9755247306009,46.0681334718496],[-83.975786313948,46.0682730738337],[-83.9763707008085,46.0684476157293]]],[[[-84.0622414147446,46.0848626656497],[-84.0617904210571,46.0851164678199],[-84.0640750446405,46.0862068930272],[-84.064219449406,46.0862091563923],[-84.0641309508773,46.0848408723568],[-84.0622414147446,46.0848626656497]]],[[[-84.0616180993546,46.0854228033509],[-84.0614204896403,46.0855030804927],[-84.061507541147,46.0856562762007],[-84.0614185006901,46.0859839418736],[-84.0612651739278,46.0860002110324],[-84.0610446416221,46.0861167538332],[-84.0601707801519,46.0860818571772],[-84.0601662159822,46.0862098115797],[-84.062861910019,46.0862135530728],[-84.0628600933687,46.0862787369231],[-84.0634457054639,46.0862879194284],[-84.0634476672431,46.0861970586349],[-84.0639124430704,46.0862043441718],[-84.0617155900927,46.0851552056266],[-84.061069811696,46.0847999399145],[-84.0612816181839,46.085101857777],[-84.0611364027142,46.0851446469193],[-84.0611585993705,46.0851950261694],[-84.0608734046607,46.0852825958212],[-84.0610300843256,46.0854457327593],[-84.0618121599568,46.0852215674393],[-84.0619059067732,46.0852640398298],[-84.0618698307805,46.0853229944275],[-84.0627685891871,46.0858151114157],[-84.062561968404,46.085986600307],[-84.0616180993546,46.0854228033509]]]]},"properties":{"NAME":"Lime Island Recreation Area","CreatedUser":"MichiganDNR"}},
{"type":"Feature","geometry":{"type":"MultiPolygon","coordinates":[[[[-84.0533173673204,42.4348745537238],[-84.0484020220813,42.4348465291961],[-84.0482234743889,42.4312297082918],[-84.0433065618258,42.4311956399355],[-84.0429462503767,42.4239545301557],[-84.0518813906656,42.4240268474045],[-84.0518883822712,42.4235794365091],[-84.0540923172574,42.4236003856359],[-84.0540996365721,42.4227840654629],[-84.0532719890112,42.4198770663897],[-84.0526255651005,42.417030498633],[-84.0524337354887,42.4165491691693],[-84.0522292752423,42.4162151443638],[-84.0515456158691,42.4153609662122],[-84.0511072929561,42.4149786403687],[-84.0415786810766,42.4153725160686],[-84.0371577253384,42.4157954341213],[-84.0356918746251,42.4138069358792],[-84.0356329799945,42.4119957552761],[-84.0349006555975,42.4120259400117],[-84.0350636294542,42.4170396182776],[-84.0330753494727,42.4171076499582],[-84.0310167055557,42.4169242008537],[-84.0303545116109,42.4169987635713],[-84.0295529246438,42.4169534913222],[-84.0288826719958,42.4171307337765],[-84.0283487507333,42.417007058401],[-84.0282777244599,42.4163586230165],[-84.0271498123938,42.4160973360143],[-84.0272607251439,42.4126378534217],[-84.0349006555975,42.4120259400117],[-84.0349121766032,42.4111921227818],[-84.0397277349946,42.411001201289],[-84.039726322053,42.411826915279],[-84.0469604661003,42.4115284803709],[-84.0469519478307,42.4134449444499],[-84.0459978541825,42.4134426061414],[-84.0466121897762,42.4136326883796],[-84.0475111296482,42.4138236808051],[-84.0494444232289,42.4141191129985],[-84.0500643527732,42.4143391566514],[-84.0504310686822,42.4145296817207],[-84.0511072929561,42.4149786403687],[-84.0541706566668,42.414851848874],[-84.060758567568,42.4147175028588],[-84.0598422192312,42.4111186204974],[-84.0536325762403,42.4112533771926],[-84.0521658809917,42.4085697500211],[-84.049405696453,42.4086795175903],[-84.0494509810939,42.4042578324468],[-84.0445948230921,42.4044433890362],[-84.0446376965594,42.3972584904737],[-84.0458522709744,42.3972157622372],[-84.0424113812795,42.3905354467071],[-84.0397399556199,42.3893795429524],[-84.0397509182514,42.3974302794163],[-84.0381153630968,42.3974877215887],[-84.0375074667375,42.396842657639],[-84.0369104917801,42.3959795229546],[-84.0363649321387,42.3954106791617],[-84.038421753387,42.3932716464823],[-84.0386648817913,42.3902109584903],[-84.034810593407,42.3903466469577],[-84.0299798862394,42.3906237141518],[-84.0299891747368,42.3928866035211],[-84.030594716291,42.3931165235133],[-84.0307846770499,42.3942074878777],[-84.0306715880804,42.395250947166],[-84.0307103376069,42.395403795474],[-84.0309441445651,42.3955919911041],[-84.0316772475023,42.3956813907714],[-84.0318595641645,42.3957977612857],[-84.0318667146582,42.39591850084],[-84.0314711834388,42.3968913974745],[-84.0315811747025,42.3969306099199],[-84.0316109520392,42.3970828425555],[-84.0320493122329,42.3972470850374],[-84.0319300941796,42.3978071797596],[-84.0300097615858,42.3979074443773],[-84.030007621314,42.3986860629151],[-84.024807797454,42.3989644538951],[-84.024959978914,42.3992335343688],[-84.0203074591444,42.3995249510858],[-84.0203006496206,42.3984403327843],[-84.0154460715196,42.3987218147231],[-84.0154592711625,42.4004824287274],[-84.0122475392182,42.4004768836277],[-84.012201147778,42.4062464511395],[-84.0090362964703,42.4061815623639],[-84.0089714940747,42.406290035116],[-84.0083282777467,42.4062767844713],[-84.0081986128862,42.4061643040792],[-84.0072697998474,42.4061454987645],[-84.007264184091,42.4060350209416],[-84.0073677883051,42.4060373043373],[-84.0073631286979,42.4001130629787],[-84.0030768571542,42.4000564694796],[-84.0030756449869,42.4002239142099],[-84.0024748401977,42.4002159708485],[-84.0024806732916,42.3977890269706],[-83.9999534704168,42.3978105155734],[-83.9999276024231,42.3994031266001],[-83.9975943532127,42.3994077702891],[-83.9975993946008,42.3987371760752],[-83.9976771815182,42.3987359217244],[-83.9978417477099,42.3983937351664],[-83.9976499199985,42.398247973834],[-83.9975902289894,42.3985560265788],[-83.9975699370176,42.3951271844098],[-83.9898428900398,42.3953287724156],[-83.989789764051,42.3958180455313],[-83.9892175361027,42.3958187974303],[-83.9883329880258,42.3973976593881],[-83.9875255236641,42.3990335581567],[-83.9826951082385,42.3991759794017],[-83.9823170128899,42.3994522278067],[-83.9816679343921,42.3997016858443],[-83.9807578282055,42.399717068288],[-83.9799623487285,42.3992562764722],[-83.9786515805467,42.3992944341284],[-83.9740507478751,42.3992209114013],[-83.9741466538336,42.4027997250621],[-83.96366863566,42.4026472449446],[-83.9637123679681,42.4042966707058],[-83.9603868330954,42.4042480795686],[-83.9603432950509,42.4025986430842],[-83.9512215198979,42.4029179453971],[-83.9511568331566,42.4004457342752],[-83.9428601579171,42.4006748879976],[-83.9423459759551,42.4013003983565],[-83.9421429349319,42.4017645929387],[-83.9421653790301,42.4032342235147],[-83.942099649019,42.4032365210068],[-83.9421964611047,42.4069692161769],[-83.9467569708823,42.4067767010299],[-83.9468533576768,42.4104760862368],[-83.9499897537018,42.4103206537046],[-83.9501169899133,42.4104577097848],[-83.9501212452683,42.4112952636088],[-83.950287372573,42.4115848249461],[-83.9508604219645,42.4120576516323],[-83.9514614435164,42.4124672473543],[-83.9521527750531,42.4127357414372],[-83.9541091456123,42.413318810494],[-83.9550823526642,42.4134925131637],[-83.9553547066082,42.4128356216586],[-83.9555918513102,42.4125128150952],[-83.9562940902074,42.4118520435925],[-83.9573520048361,42.4110384396174],[-83.957615164443,42.4105424695838],[-83.9584510044107,42.4105191679695],[-83.9605776214717,42.411475785989],[-83.9628848574644,42.4114991781241],[-83.9629356431165,42.4134203077162],[-83.9606283523809,42.4133969238395],[-83.9606359468578,42.4141792342695],[-83.9560835946477,42.4144388721142],[-83.9561370704963,42.4172781809109],[-83.9606635158181,42.4170189138882],[-83.9606986736432,42.4206408929814],[-83.9653207665553,42.4206873121602],[-83.9653595293763,42.4242032787952],[-83.976919024971,42.4240715751891],[-83.977187925215,42.43132769157],[-83.9844288323554,42.4312805114155],[-83.9841401484443,42.4240399692757],[-83.9939033517125,42.424014566641],[-83.9939098621688,42.4238711195788],[-83.9943714873415,42.4238457967801],[-83.9944660652293,42.4240130616795],[-83.9943899658477,42.424435925625],[-83.9942097229916,42.4245098405548],[-83.9940698859878,42.4246744552636],[-83.9939309215339,42.42472453837],[-83.9940440448468,42.4276373881783],[-83.9941475930609,42.4276371388776],[-83.9943938494524,42.4277974462082],[-83.9937510358351,42.4283163667727],[-83.9928905698286,42.428558077698],[-83.9931451498968,42.4287009817498],[-83.9929229919607,42.4287848917936],[-83.9933137874253,42.4293601165728],[-83.9935571124216,42.429330338362],[-83.993766087755,42.4296548952011],[-83.9939999045015,42.4296959537789],[-83.9940117745148,42.4296278977618],[-83.9943602953293,42.4296612729281],[-83.9943484220396,42.4297293289169],[-83.9958219146462,42.4302092465502],[-83.9965915263791,42.4307958374492],[-83.9972400828743,42.4307899475404],[-83.9972041922736,42.4312537402663],[-84.0027961635112,42.4312416941887],[-84.002937863025,42.4348683610019],[-83.9992016150743,42.4348739024019],[-83.9993039860308,42.4376175037443],[-83.9941761909029,42.4376260881782],[-83.9941321210057,42.4365931989998],[-83.9929458702084,42.4369667843294],[-83.994284647015,42.4385356563765],[-83.9944681058073,42.4385362447416],[-83.9949501243949,42.4463537269358],[-83.9998801447102,42.4463722166809],[-84.0000865206455,42.4493839437163],[-84.0031754311256,42.4493601889353],[-84.0148029717366,42.4485092323273],[-84.0141515250294,42.4385048714458],[-84.0095687771721,42.4384979298832],[-84.0094448714976,42.4359681262343],[-84.0106783509383,42.4364255751342],[-84.0106671745788,42.4356701901575],[-84.0127200156106,42.4356535090918],[-84.0127189977077,42.4355848780338],[-84.0140333694679,42.4360925134302],[-84.0137954722952,42.4312350678696],[-84.0186850213502,42.4312325351155],[-84.0185067278361,42.4275929167719],[-84.0194404538725,42.4275914117995],[-84.0195236904965,42.427720172114],[-84.019958687996,42.4277192796683],[-84.0198946444044,42.4275906803484],[-84.0285146367104,42.4275823879249],[-84.02874430905,42.4312635699234],[-84.029724765928,42.4310413459811],[-84.0296439032897,42.4308444494275],[-84.0298201280931,42.4308022283065],[-84.0297038241957,42.4305245030368],[-84.0298420909258,42.4304995162327],[-84.0298213089688,42.4304437796407],[-84.0303220235517,42.4303238022001],[-84.0305450345365,42.4308510159671],[-84.0319248951857,42.430874405218],[-84.031902400638,42.4312133131054],[-84.0335972545739,42.4312130343044],[-84.0345687416247,42.4475129388292],[-84.0297990363906,42.4475151481719],[-84.0301593829087,42.452924540567],[-84.0396350936914,42.4529404261489],[-84.0394373165478,42.4493204854618],[-84.0491179443677,42.449340566091],[-84.048938801078,42.445714821133],[-84.0452496016311,42.4456996114713],[-84.0450734488332,42.4420730896023],[-84.0402360587936,42.442077424278],[-84.0404346312956,42.4456990525526],[-84.039239560886,42.4457005436677],[-84.0389446179285,42.4403008010361],[-84.0437551151338,42.4402543336693],[-84.0486701321617,42.4402761665342],[-84.0487596806417,42.4420890814891],[-84.0536760212314,42.4421102345348],[-84.0534943265737,42.4384855316429],[-84.059547460956,42.4385125748827],[-84.0590560153093,42.4370327787821],[-84.0534224365111,42.4370186920203],[-84.0533173673204,42.4348745537238]]],[[[-84.0395741446744,42.4007192505993],[-84.0394592991393,42.4004142469847],[-84.038197570356,42.4004347867531],[-84.0382020717676,42.4007695369446],[-84.0395741446744,42.4007192505993]]],[[[-84.0389016015431,42.3987143578051],[-84.0386647976748,42.3981171017375],[-84.0385178204893,42.3978857192077],[-84.0360029726749,42.3979740055717],[-84.0360334691944,42.3987972080478],[-84.0389016015431,42.3987143578051]]],[[[-84.0445733794296,42.4080358479305],[-84.0444853919503,42.4076739604714],[-84.0442129459946,42.4072061772451],[-84.0428291809664,42.4056612038892],[-84.0428145160577,42.4081056797824],[-84.0445733794296,42.4080358479305]]],[[[-84.0435595224,42.4175006057974],[-84.0443232959969,42.4174862210518],[-84.0443287696856,42.4173736246323],[-84.0456516914827,42.4173163175585],[-84.0455521835351,42.4162418040814],[-84.0437241554864,42.4163347342319],[-84.0429669992829,42.4164879342661],[-84.0435595224,42.4175006057974]]],[[[-84.0335895013147,42.3960736034205],[-84.0325087782835,42.3938653845449],[-84.0310378381506,42.3932877654606],[-84.0311664559156,42.3939871708804],[-84.0310716507649,42.3951771157253],[-84.0311120573441,42.3952849901209],[-84.0312749476168,42.3953698732968],[-84.0318886023713,42.3954292326886],[-84.0321237985119,42.3955354656885],[-84.0322553720217,42.3957692646105],[-84.0321447836281,42.3961238318264],[-84.0335895013147,42.3960736034205]]],[[[-84.0397386277501,42.4046287444748],[-84.0418329343284,42.4045488354856],[-84.0410827429945,42.4037485941243],[-84.0404090024243,42.4029286895644],[-84.0385038788917,42.4029985327451],[-84.0385077115079,42.4046757390475],[-84.0397386277501,42.4046287444748]]],[[[-84.0234247136928,42.4186567548661],[-84.0237344438324,42.4187469234699],[-84.0240009829227,42.4187114848584],[-84.024106037224,42.4186451112797],[-84.0240915856447,42.4180829697883],[-84.0239705268376,42.4171376683394],[-84.0237862932866,42.4162323483803],[-84.023698024648,42.4160650249998],[-84.0233920382969,42.4158276072462],[-84.0231642554209,42.4154624818752],[-84.0215875266502,42.4170878368212],[-84.0228164809024,42.4181831997433],[-84.023043193429,42.4182619324288],[-84.0232353528989,42.4184066468211],[-84.0234247136928,42.4186567548661]]],[[[-83.9900811854447,42.4026071212279],[-83.990017940387,42.4014179458254],[-83.9888615088625,42.4019000083452],[-83.9888509300567,42.4008357807063],[-83.9872683051594,42.4013893043043],[-83.986713922869,42.4014032976019],[-83.9866902275055,42.4017167140641],[-83.9867818861846,42.4033042763898],[-83.9884870476039,42.4032548654001],[-83.9900811854447,42.4026071212279]]],[[[-84.0067286084776,42.4239777026275],[-84.0067303990422,42.4232258261119],[-84.0031919803324,42.4232328155977],[-84.0035833705226,42.4239841673232],[-84.0036666369975,42.4239837339355],[-84.0036932625401,42.4245285949869],[-84.003444327387,42.4239849081927],[-84.0026496326228,42.4239891043351],[-84.0026551048777,42.4244942784577],[-84.0029019315343,42.4244662853791],[-84.0037067383659,42.4248042502819],[-84.0037432065993,42.425550426632],[-84.0043501486601,42.4254595430532],[-84.0040959668785,42.4252972874138],[-84.0039899201486,42.4249913064824],[-84.003706671298,42.4248029068199],[-84.0058280744621,42.4251688858652],[-84.0065898959957,42.4239789009069],[-84.0067286084776,42.4239777026275]]],[[[-84.0203532592328,42.4239358464207],[-84.020358096237,42.4211795068217],[-84.0172220681204,42.4202818742657],[-84.0155735403807,42.4239338021134],[-84.0203532592328,42.4239358464207]]],[[[-84.0072776225015,42.4174291737858],[-84.0072021211211,42.4169460796245],[-84.0070284206538,42.4165525732541],[-84.0067472753202,42.4162944458835],[-84.0066529559492,42.4162747489622],[-84.0065059557985,42.4163207556322],[-84.0065086573483,42.4152148926264],[-84.0049253506983,42.415184410086],[-84.0047873608132,42.4170466974798],[-84.0055282227921,42.4170537933205],[-84.0052245882585,42.4214149722398],[-84.0068856464358,42.4214546591255],[-84.0068574858518,42.4222017195434],[-84.0075551478819,42.4223554827641],[-84.0076432703714,42.4232871049256],[-84.0107750991137,42.4234130326854],[-84.0107892386427,42.4230639890292],[-84.0106791842349,42.4229659046098],[-84.0104956191803,42.4229558806843],[-84.0104004939335,42.4227479924012],[-84.0101953758686,42.4226284970358],[-84.0097533213028,42.4226689397703],[-84.00928953774,42.4226052476482],[-84.009231466677,42.422474013839],[-84.0088980396715,42.4223359942295],[-84.008007571952,42.4201954952064],[-84.007759437979,42.4200026159675],[-84.0071867983543,42.419118576966],[-84.0070936074564,42.4187827945473],[-84.0072140373565,42.4185495853869],[-84.0072005215571,42.417911154102],[-84.0072776225015,42.4174291737858]]],[[[-83.9883935561985,42.4207121371908],[-83.9882578820205,42.413469170988],[-83.9836446495752,42.4135260200782],[-83.9837167352192,42.4171475784869],[-83.9791077841918,42.4172043082017],[-83.9791841664227,42.4208259478936],[-83.9883935561985,42.4207121371908]]],[[[-84.0158635455197,42.4171211562876],[-84.0159866987653,42.4173359214854],[-84.0159512041393,42.4174358091034],[-84.0158535585914,42.4173557886836],[-84.0158136427716,42.4182935683166],[-84.0163328926394,42.4183649022398],[-84.017242179596,42.4180633125891],[-84.0171225408968,42.4179985132582],[-84.0172011460913,42.4175407679254],[-84.0169016699054,42.4172973202822],[-84.0159558121676,42.4174367077411],[-84.0159917900775,42.4173354431693],[-84.0158635455197,42.4171211562876],[-84.0175838680801,42.416988187719],[-84.0156182457641,42.4143481367057],[-84.0156137328407,42.4142875520957],[-84.0155504852274,42.4143559689308],[-84.0155981262997,42.4140780073517],[-84.0155570888526,42.4135270125216],[-84.0138182696914,42.4135070842771],[-84.0138096694696,42.4134772587504],[-84.0136420569834,42.4134724849201],[-84.0136514907232,42.4135386709607],[-84.012877976189,42.4135244286051],[-84.0128801437537,42.4134507810233],[-84.0127180505149,42.4134461631475],[-84.0127067615878,42.413989104086],[-84.011923269523,42.413698981085],[-84.0119268723962,42.4134236196429],[-84.0117614890016,42.4134189060229],[-84.0117560116365,42.4136665060194],[-84.0108541326029,42.4136320883755],[-84.0108251209334,42.4133922154901],[-84.007265993952,42.4132906879191],[-84.0072673426911,42.4131078064624],[-84.0062561682015,42.4127467179049],[-84.006464808687,42.412395724359],[-84.0065607290714,42.412427028665],[-84.0066868901876,42.4120947595869],[-84.0060622258601,42.4119701978637],[-84.0049063687584,42.4113945605688],[-84.0043862044604,42.4119940372985],[-84.0042214324143,42.4119119529698],[-84.0030012711555,42.4118598020154],[-84.0029756225103,42.4122860756938],[-84.0012782911012,42.4122887733237],[-84.0012990597504,42.4117982396325],[-84.0011269943435,42.4117919293941],[-83.998018286984,42.4107113682197],[-83.997954081283,42.410725517169],[-83.9979529994423,42.4108188498069],[-83.9985695747325,42.4110251623827],[-83.9984117671902,42.4114394764071],[-83.9986772609553,42.4114420815463],[-83.998604225375,42.412001235111],[-83.9980675420575,42.411993796217],[-83.9980487962754,42.411700617111],[-83.9975020313636,42.4116773359395],[-83.9975444157805,42.4060455122734],[-83.9928693327011,42.4061439990112],[-83.9928762033567,42.4134116584558],[-83.9974894069046,42.4133544355227],[-83.9974914633327,42.4130808639015],[-83.9979359836036,42.4130805264294],[-83.9979339323579,42.4133533999612],[-83.9981230700441,42.4133529552947],[-83.9981219065065,42.4130793604341],[-83.9987377101511,42.4130948300023],[-83.9985561949537,42.4133519425573],[-83.9999589191925,42.4133486449038],[-84.0029608085448,42.4132449294638],[-84.0034354124588,42.4132944265303],[-84.0044111645726,42.4135244839314],[-84.0049404980787,42.4136966281059],[-84.0054779489939,42.4140404950924],[-84.0060434291167,42.4142932197475],[-84.006348628387,42.4143946421806],[-84.0070263941242,42.4144575764791],[-84.0071800406112,42.4145761459977],[-84.0077167255945,42.4147384218526],[-84.0080830885419,42.4147964164834],[-84.0085312592266,42.4147597605301],[-84.0086954571881,42.4144091554832],[-84.0089390690904,42.4141809479467],[-84.0089200509823,42.4140568015707],[-84.008971798406,42.413956716358],[-84.0092486121566,42.4138475112903],[-84.0096147726073,42.4138042453827],[-84.0099655394292,42.4139863764374],[-84.010114345389,42.4141345057633],[-84.0104674841039,42.4140478002168],[-84.0106401861118,42.4152853884652],[-84.0107264809188,42.4154066503028],[-84.0100948340609,42.4156399531239],[-84.0100547963602,42.4157384089483],[-84.0101155459125,42.4157935456877],[-84.0102822455482,42.4158668658482],[-84.0105468896242,42.415883576047],[-84.0108720347754,42.4159631396444],[-84.012019378784,42.4164725895752],[-84.0131643387052,42.416795556284],[-84.0133337685474,42.4168920883724],[-84.0136378287355,42.4169412098122],[-84.0136672801578,42.4167831064124],[-84.0138678843884,42.416764516471],[-84.0144379092753,42.4168035373401],[-84.0155886737501,42.4170026227729],[-84.0156378955425,42.4170169159631],[-84.0156390851759,42.4171386796681],[-84.0158635455197,42.4171211562876]]],[[[-84.0347131730229,42.340660389453],[-84.0333404760482,42.3397023521958],[-84.0271813267266,42.3399485220024],[-84.026423132721,42.3416726526291],[-84.0284420122859,42.3415907030908],[-84.027576853938,42.3435468932463],[-84.0255542765696,42.3436289686717],[-84.0251843996264,42.3444599865236],[-84.0250313737351,42.3450510861498],[-84.0250003044842,42.3472672973226],[-84.0367185676135,42.346798875278],[-84.0366920153631,42.3504073912101],[-84.0395282899065,42.3503083773139],[-84.0395020103262,42.353925386203],[-84.0395590125136,42.3611475802845],[-84.0392045377685,42.3611599940494],[-84.0392330638488,42.3647766192281],[-84.0347034798075,42.3649331093676],[-84.0347570847807,42.3724736164943],[-84.035650873136,42.3727672310518],[-84.0361475516636,42.3730288328516],[-84.0363203462422,42.3731631675467],[-84.0369135961695,42.3738933181916],[-84.0372092371097,42.3740833090897],[-84.0378031726178,42.3743806457156],[-84.038205103966,42.3745287210583],[-84.0398432038949,42.374867348894],[-84.0400768825278,42.3750188010166],[-84.0402110917246,42.375173430663],[-84.0408660708675,42.3756070668503],[-84.0424753819931,42.3755511455442],[-84.0464846491753,42.3720950145941],[-84.0486861794224,42.3756338917613],[-84.0487002276466,42.3757658814128],[-84.0489885445826,42.3758928018591],[-84.0492981986405,42.3759702672397],[-84.0495553263265,42.3762809631233],[-84.0495360973178,42.3753055435242],[-84.0613462727603,42.3749288578842],[-84.061301467578,42.3738305709528],[-84.0680337138662,42.3736293419211],[-84.0695268920846,42.3716580916581],[-84.0719204558171,42.3746126107004],[-84.0735108184321,42.3745649615177],[-84.0737259770293,42.3797292003958],[-84.0751488517722,42.379673550424],[-84.0750094539944,42.3805616639568],[-84.0764166086792,42.3805116849912],[-84.0764192719276,42.381166951232],[-84.0737966696379,42.3812532199974],[-84.0738561116321,42.3847545746929],[-84.075840555449,42.3854271688103],[-84.0720310288184,42.3855563191617],[-84.0720429190472,42.3869150788765],[-84.0690649831574,42.3869943338054],[-84.0690721136583,42.3882416571901],[-84.0721250793011,42.3881604609262],[-84.0721449123934,42.3904250613959],[-84.0739055048811,42.3903782032015],[-84.0739264796858,42.3927667291964],[-84.0750237635651,42.3927178250919],[-84.0748731464543,42.3925855431728],[-84.0762727558094,42.3925474784806],[-84.078311378626,42.3926050497914],[-84.0837686584053,42.3923772353791],[-84.0837016564037,42.3831138275319],[-84.0830148195135,42.3822321436176],[-84.0797052528536,42.3823818920821],[-84.0796806071872,42.3816134955033],[-84.0786673679028,42.3816593183567],[-84.0785484100703,42.3799578936796],[-84.0785189796563,42.378045130245],[-84.0786699316639,42.375611878291],[-84.0786536735255,42.3743841234104],[-84.0774042812778,42.3744281651747],[-84.0773074347045,42.3743599626514],[-84.0768261969425,42.3740210613405],[-84.0758399609893,42.3734471996315],[-84.0752663735364,42.3731819317914],[-84.0735739245931,42.3725067346079],[-84.0735507170317,42.3724977456521],[-84.0735507241167,42.3724972476064],[-84.0735474122258,42.3724960465357],[-84.0733127209152,42.3724014344945],[-84.0727509568706,42.3721461079937],[-84.0721063128758,42.3729504685808],[-84.0712570623778,42.3725368655745],[-84.0720290550137,42.3717614824599],[-84.0711993940902,42.3712289728514],[-84.0704438109,42.3706367618991],[-84.0698799556721,42.3700933291319],[-84.0688246913278,42.368929766827],[-84.0675023633956,42.3674553613534],[-84.0674587855169,42.3674567647631],[-84.0655318946242,42.3653118193265],[-84.0640730206322,42.3653587244114],[-84.0640644561729,42.3639562669622],[-84.0639424141079,42.3639599982617],[-84.0639446316737,42.3643232238553],[-84.0608515480126,42.36262149661],[-84.0594518627834,42.3604864137921],[-84.0590591971289,42.3604974357404],[-84.0590830067566,42.3631969355954],[-84.0542291298955,42.363345342958],[-84.0541141522595,42.353387854562],[-84.0524415185782,42.3534011538144],[-84.0520597135078,42.3536127521381],[-84.0517108372441,42.3536988839145],[-84.0511329363247,42.3539219148731],[-84.0508314987696,42.353684700382],[-84.050761350563,42.3534894080016],[-84.0492473547363,42.3535690782397],[-84.0486790312451,42.3540341431987],[-84.0483231506954,42.3541976945201],[-84.0481386384071,42.3541750578919],[-84.04792526385,42.3540095971238],[-84.047739796386,42.3536286752059],[-84.0443729022859,42.3537615905345],[-84.0444211463215,42.3480498413626],[-84.0441499479973,42.3479281533377],[-84.0435590597261,42.3476424866423],[-84.0430380115318,42.3473598655836],[-84.0423327762049,42.3469328110093],[-84.0422292473548,42.3468640956403],[-84.0417618841797,42.3465407310943],[-84.0415896430779,42.3464169626008],[-84.0400223894126,42.345126456842],[-84.0395689874598,42.3447424194505],[-84.03763019141,42.3431001604342],[-84.037553197914,42.3430350173473],[-84.0359763237833,42.3417019602242],[-84.0359476681986,42.3416777351541],[-84.0358160211705,42.3415664421466],[-84.0347131730229,42.340660389453]]],[[[-84.0754119912008,42.3734896526685],[-84.0741053692978,42.3729461050587],[-84.0736586074128,42.3735498963743],[-84.0754119912008,42.3734896526685]]],[[[-84.0737682575663,42.4101350539638],[-84.0760943431224,42.4101227230881],[-84.0763632355741,42.4099055186207],[-84.0765408813444,42.4098856299426],[-84.0768671430986,42.4099238883616],[-84.0771112508341,42.4098923229392],[-84.0773033748243,42.4099440433807],[-84.077451974373,42.4098811431623],[-84.0777114785336,42.4095518633027],[-84.0780450232863,42.4093810759735],[-84.0781195001133,42.4092587753184],[-84.0779072729712,42.408343318861],[-84.0776434318485,42.4077423963156],[-84.0774382975433,42.4070856839103],[-84.0836019942869,42.4068642756099],[-84.0837643513296,42.3977296782984],[-84.0788775434048,42.3979156484317],[-84.0788578596038,42.3990014570894],[-84.0739706269059,42.3991872297553],[-84.0739266265346,42.401568000235],[-84.0732048944457,42.400495580528],[-84.0730069618155,42.4000724360024],[-84.0720607376873,42.3996754045177],[-84.0716623675293,42.3993946301655],[-84.0715680990103,42.3990335206843],[-84.0690973222147,42.3926480198648],[-84.0690858574568,42.3906441000003],[-84.0689634147687,42.3906308531683],[-84.0671411379236,42.3895036100611],[-84.0671602979679,42.3893162265172],[-84.0642293893374,42.3893940389655],[-84.0642357255519,42.3857636145015],[-84.0545595057285,42.3860204740651],[-84.054653163338,42.3823876324828],[-84.0496787873563,42.3825438747955],[-84.0495912780536,42.3781047941207],[-84.0454523972677,42.3791072158616],[-84.0449953293479,42.3792599882047],[-84.0446594796323,42.379431108596],[-84.0447046345695,42.3826998995204],[-84.0397309237706,42.3828877600929],[-84.0397388389545,42.3885608752283],[-84.043184268266,42.3900516858256],[-84.0468236677718,42.397181579525],[-84.0544111446974,42.3969142941302],[-84.0543423587406,42.4016695038328],[-84.054698399396,42.4018843134473],[-84.0559086001215,42.4028758040239],[-84.0570409274154,42.403716932586],[-84.0574588323657,42.404060945921],[-84.0577045210256,42.4043619037848],[-84.0581883378175,42.4054438459936],[-84.0589983288563,42.4075456780437],[-84.0591469211268,42.4075423774997],[-84.0591408449756,42.4079125869321],[-84.0596892419846,42.4090594099601],[-84.0597505989687,42.4104323001424],[-84.0737682575663,42.4101350539638]]],[[[-83.9778656558682,42.4494765435152],[-83.9778918555121,42.4499289631236],[-83.9754361436677,42.4499215252295],[-83.9754075534725,42.4494690958982],[-83.9778656558682,42.4494765435152],[-83.9778566778085,42.4490239207999],[-83.9803029546524,42.4490312780919],[-83.9801305730416,42.4458353959816],[-83.9850641053346,42.4458394153828],[-83.9849356508291,42.4440046073892],[-83.9845759849343,42.4349703917898],[-83.9832426269489,42.4354706313716],[-83.9747178774706,42.436710743338],[-83.9749865249576,42.4421932208367],[-83.9650847632679,42.4422053150814],[-83.9653299627296,42.4458220450515],[-83.9662472808344,42.4458229332008],[-83.9665942148664,42.4494419610395],[-83.9655751813102,42.4494387807712],[-83.9658204276682,42.4530555178919],[-83.9707192682358,42.4530813865285],[-83.9709943289359,42.4567304672887],[-83.9694103041364,42.4567232507459],[-83.9694551272337,42.4579527717188],[-83.96752457146,42.4579079470541],[-83.9671363608565,42.4576744807567],[-83.9666859079041,42.4582919357451],[-83.9664005016388,42.4585692708873],[-83.9662525284436,42.4585375923975],[-83.9662199405889,42.4584543134125],[-83.966362485984,42.4603742887523],[-83.9688451247328,42.4603769692477],[-83.9688694675293,42.460705471165],[-83.9690337112796,42.4607085062266],[-83.9700128939953,42.4607475770722],[-83.9710794979274,42.4607668683649],[-83.9736024528495,42.4609627216534],[-83.9754893982507,42.4611262635008],[-83.9761492726634,42.4612929322515],[-83.9762531157747,42.4613186625026],[-83.9769214271922,42.461486055472],[-83.977893438873,42.4620005501326],[-83.9792415031761,42.4627850279521],[-83.9793776232815,42.4628761671267],[-83.9813873398946,42.4642286814987],[-83.9823946264162,42.4649084084471],[-83.9831016980728,42.4653858162526],[-83.9845525642534,42.4663158172315],[-83.985482927528,42.4667723365073],[-83.9864061103131,42.467095339784],[-83.9875950138075,42.4673257654594],[-83.9891594504624,42.4674042916862],[-83.996389200928,42.4674189018216],[-83.9951342579929,42.4494226931918],[-83.9928629436543,42.4494401828128],[-83.9931451981035,42.4531156340125],[-83.9909286903927,42.4531277510852],[-83.9908011899489,42.4517566100908],[-83.9853433125978,42.4517862614756],[-83.9804443366668,42.4517610417182],[-83.9803237629362,42.4494839358889],[-83.9778656558682,42.4494765435152]]],[[[-83.9088753547984,42.4210253731607],[-83.9086641243853,42.4211428538122],[-83.9147376049421,42.4214755494762],[-83.9143104837663,42.4154629265629],[-83.9133572491102,42.4154703346451],[-83.9126870694801,42.4157112252526],[-83.9123082839229,42.4157257456719],[-83.9119227322393,42.4159395837729],[-83.9116718885528,42.4160427267734],[-83.9115037558717,42.4160665527048],[-83.911697902727,42.4159192266528],[-83.911842976072,42.4157170879712],[-83.9116833022726,42.415294162694],[-83.9114682736091,42.4151818274089],[-83.9112145494362,42.4151555488043],[-83.9112055472415,42.4145624121185],[-83.9110672396132,42.4145652256582],[-83.9109737568823,42.4151100713622],[-83.9106922842933,42.415142274923],[-83.9104543673378,42.4152566519834],[-83.9099777771928,42.4155853260926],[-83.9089320167746,42.4156074006873],[-83.9091220067623,42.4143781710569],[-83.9083438242577,42.414980762078],[-83.9082871102511,42.4153914919024],[-83.9085589218711,42.4154835894668],[-83.9084416440369,42.4156070924819],[-83.9085119803511,42.4156840667475],[-83.9074868476173,42.4173008015727],[-83.9072408217121,42.417541711473],[-83.9069054934839,42.4177271705553],[-83.9066599159142,42.4180888567228],[-83.9065902870137,42.4185282771482],[-83.9066617281703,42.4188857406694],[-83.9068238146304,42.4189906696531],[-83.9077919262193,42.4191921315483],[-83.9081543710019,42.4192155027707],[-83.9082636485251,42.4193093096065],[-83.9080005104414,42.4198872821443],[-83.9079914661521,42.4201536381774],[-83.9081063328085,42.4203651968094],[-83.9081188116947,42.4205653237608],[-83.9082643198751,42.4208202798632],[-83.9085087138958,42.4210009406227],[-83.9083270490303,42.4211243813811],[-83.9085352734658,42.4211357942182],[-83.9086306969255,42.4210489132538],[-83.9089270894421,42.4209380004048],[-83.9088753547984,42.4210253731607]]],[[[-84.0352296923166,42.3758044930151],[-84.0348092486002,42.3758191423199],[-84.0349237819631,42.3823605525919],[-84.0374148102541,42.3822536444597],[-84.037395778999,42.3811692360707],[-84.0379845353515,42.3811440531155],[-84.0379494593054,42.3792498509618],[-84.0409281820165,42.3790096358989],[-84.0408711992627,42.3757727763945],[-84.0401306626006,42.3757986135664],[-84.0401277626607,42.375633722197],[-84.0352296923166,42.3758044930151]]],[[[-84.0743603842666,42.4127840783177],[-84.0745200486854,42.4127986882848],[-84.0746224010696,42.4128538423475],[-84.0746977593592,42.4127483497184],[-84.0747331186235,42.4125627254334],[-84.0751014300511,42.4125133996098],[-84.0751047862218,42.4120646082847],[-84.0757831331211,42.411991514958],[-84.075780565399,42.4115418291216],[-84.0770346566212,42.4113745415256],[-84.0770251717248,42.4107452296976],[-84.0639793436844,42.41103306213],[-84.0639595406643,42.4133655404403],[-84.0688481554866,42.4132613459342],[-84.0688411653136,42.414106699216],[-84.0689578794556,42.4140825654602],[-84.0691606876054,42.4137323678565],[-84.0692280932521,42.4134327125161],[-84.0693268004872,42.4132724502554],[-84.0698025082591,42.4130393303753],[-84.0708539373384,42.4130138034994],[-84.0723432393751,42.4128414028701],[-84.0726359205693,42.4128709948156],[-84.0735904634769,42.4131463781271],[-84.0737370045892,42.4131303493443],[-84.0739710987078,42.4129434992218],[-84.0741720715983,42.4129172913711],[-84.0743603842666,42.4127840783177]]],[[[-84.0064535611737,42.3891966570348],[-84.0063117825909,42.3893061787018],[-84.0061101202546,42.3896464629556],[-84.0058660672225,42.3897009560361],[-84.0053927787278,42.3897274390822],[-84.0042649812747,42.3900052105116],[-84.003323296356,42.3903054277101],[-84.00308607995,42.3904533529539],[-84.0028632514606,42.3906727658144],[-84.0024410358789,42.3911878017433],[-84.0024429657881,42.3915094610753],[-84.0073292690962,42.3914887356385],[-84.0073163196983,42.3893610043191],[-84.0070812168404,42.3893518118051],[-84.0070154027938,42.3892967295247],[-84.00700824084,42.3891427637625],[-84.0067568003558,42.3891202671205],[-84.0064535611737,42.3891966570348]]],[[[-83.9765319068202,42.4616771741874],[-83.9765710443794,42.4625711723779],[-83.9769061819783,42.4628137490074],[-83.9770116128362,42.4634572636785],[-83.9792488208138,42.4636951360016],[-83.9796095450417,42.463403193564],[-83.979007177654,42.4629977967023],[-83.9776740648277,42.4622218545754],[-83.9767500968379,42.4617312231481],[-83.9765319068202,42.4616771741874]]],[[[-84.0348517118615,42.3504716027078],[-84.0348536044944,42.3476188792016],[-84.0346706148221,42.3476250801385],[-84.0346531892295,42.3504785229422],[-84.0348517118615,42.3504716027078]]],[[[-84.0096481278089,42.4135843001779],[-84.0096418929855,42.4137159336169],[-84.0105137065851,42.4138427310466],[-84.010717193216,42.4138306569861],[-84.0106668927706,42.4136074359337],[-84.010435412325,42.413467208717],[-84.00965524661,42.4134339771474],[-84.0096481278089,42.4135843001779]]],[[[-84.0533173673204,42.4348745537238],[-84.0582326827215,42.4349023699136],[-84.0582302814429,42.4348528308681],[-84.0533149359677,42.4348252031732],[-84.0533173673204,42.4348745537238]]],[[[-84.0113866470218,42.4137801927695],[-84.0108791465147,42.4137591352319],[-84.0109143050444,42.4140549870602],[-84.0113777943325,42.4140541737524],[-84.0113866470218,42.4137801927695]]],[[[-84.0191395455461,42.4288805121025],[-84.0190769651596,42.4290090660527],[-84.0194226457259,42.4291059434346],[-84.019541782251,42.4288477747182],[-84.0192016837705,42.4287528799795],[-84.0191395455461,42.4288805121025]]],[[[-84.0184403848375,42.4342048535748],[-84.0179075000851,42.4341988511479],[-84.0178800875326,42.4343334141479],[-84.0184220871923,42.4343429956077],[-84.0184403848375,42.4342048535748]]],[[[-84.0436624911843,42.3795105186428],[-84.0435037221335,42.3795445907707],[-84.0437094824244,42.3798536267115],[-84.0438683743809,42.3797830134339],[-84.0436624911843,42.3795105186428]]],[[[-84.0197786907383,42.4293492724322],[-84.0194345722421,42.4292548839654],[-84.0193743515994,42.4293856147635],[-84.0197191848885,42.4294824852473],[-84.0197786907383,42.4293492724322]]],[[[-84.0193620200705,42.4292350185229],[-84.0190137081962,42.4291389863087],[-84.0189514677433,42.4292668237192],[-84.0193001766045,42.4293647837308],[-84.0193620200705,42.4292350185229]]],[[[-84.0185322349511,42.4315791532501],[-84.018231258826,42.4315840143808],[-84.0182327922212,42.4317138760094],[-84.0186120905407,42.4317078795364],[-84.0186067498713,42.4315779497308],[-84.0185322349511,42.4315791532501]]],[[[-84.043806980535,42.3794450634724],[-84.0437016648927,42.3794960073928],[-84.0438871473616,42.3797745868673],[-84.0440159228562,42.3797157088343],[-84.043806980535,42.3794450634724]]],[[[-84.0253788149157,42.3981490974546],[-84.0253741391753,42.3979335593705],[-84.0251550281555,42.3979800074916],[-84.0251551760453,42.3981607595943],[-84.0253788149157,42.3981490974546]]],[[[-84.0702513191268,42.3734121216495],[-84.0701900667624,42.3733124140825],[-84.069824212639,42.3733875557346],[-84.069884713768,42.3734867568866],[-84.0702513191268,42.3734121216495]]],[[[-83.9714909055474,42.4613582247004],[-83.9714787363945,42.4611313578463],[-83.9714746367083,42.4610549339195],[-83.9712737684055,42.4610381120886],[-83.9713277586495,42.4611177072898],[-83.9714108861018,42.4612402566094],[-83.9714909055474,42.4613582247004]]]]},"properties":{"NAME":"Pinckney Recreation Area","CreatedUser":"MichiganDNR"}},
{"type":"Feature","geometry":{"type":"Polygon","coordinates":[[[-84.2285562339557,42.0602051251537],[-84.2284357888719,42.0601996040373],[-84.2284296803372,42.0591265942003],[-84.2280379755066,42.0582560959772],[-84.2275290288279,42.0582906493491],[-84.2237923514048,42.0587818130338],[-84.2206078781237,42.059151880924],[-84.2230767745525,42.0627698092905],[-84.2288179382009,42.0627470829599],[-84.2288034709305,42.0602164591177],[-84.2285562339557,42.0602051251537]]]},"properties":{"NAME":"Cambridge Junction Historic State Park","CreatedUser":"MichiganDNR"}},
{"type":"Feature","geometry":{"type":"Polygon","coordinates":[[[-84.9807154312233,41.8064955448683],[-84.9807632404114,41.8065029332695],[-84.980796200979,41.7965230171448],[-84.9661906637762,41.7964733936317],[-84.9661906307936,41.7964447451508],[-84.9613221287595,41.796418231601],[-84.9613208796136,41.8024717043384],[-84.9615417405362,41.8025014148658],[-84.9617653544415,41.8026282008811],[-84.9618551769694,41.8027163707429],[-84.9618729670272,41.8030138689051],[-84.9620669848852,41.8032963372102],[-84.9623983334051,41.8035915632138],[-84.9626265292617,41.8036907691471],[-84.962906274568,41.8038937785337],[-84.9629652384097,41.8041237997078],[-84.9626416233138,41.8046237746744],[-84.9627079085286,41.8047715443874],[-84.962674079894,41.8047884703359],[-84.9627343216276,41.8048342741501],[-84.9628770258317,41.8047658989236],[-84.9634362099458,41.8042923249643],[-84.9638848976746,41.8040115126392],[-84.9645614837573,41.8036701603846],[-84.9662466956655,41.8036889140313],[-84.9673620037087,41.8033458443287],[-84.9680676148222,41.8033019344674],[-84.9683226385936,41.8033894235477],[-84.9688829338538,41.8036656828124],[-84.9697052576135,41.8043158649933],[-84.9705353376667,41.8046575680562],[-84.9707851798476,41.8046906710575],[-84.9709394446458,41.8047733322385],[-84.9711378136692,41.804811930454],[-84.971358063242,41.8050102790998],[-84.9725480663773,41.8055338174992],[-84.9727463436598,41.8056660582422],[-84.9728931773361,41.8058038003201],[-84.9730619298921,41.8061288331148],[-84.9732460556003,41.8063326865433],[-84.9736144363896,41.8069166676794],[-84.9736662208278,41.8072857519398],[-84.9741524778836,41.8080239942433],[-84.9742041558003,41.8082167995709],[-84.9741751651748,41.8088888459702],[-84.9742562194444,41.8089935260644],[-84.9747494078924,41.8091203077856],[-84.9762679262521,41.8091982175733],[-84.9767071834391,41.8091647079009],[-84.9769278828522,41.809032542207],[-84.9770381922819,41.8089058638871],[-84.9771705228185,41.8087240938301],[-84.9772439569368,41.8085147817111],[-84.9773910457826,41.8083605633803],[-84.9783696769562,41.8080632482446],[-84.9789649087099,41.8069120357577],[-84.979163453091,41.806691724588],[-84.9794575134399,41.806504571765],[-84.9798992315836,41.8064659745098],[-84.9803335061888,41.8065431484653],[-84.9807154312233,41.8064955448683]]]},"properties":{"NAME":"Coldwater State Park","CreatedUser":"MichiganDNR"}},
{"type":"Feature","geometry":{"type":"Polygon","coordinates":[[[-84.9138979282586,45.3964948179122],[-84.9142544786643,45.3957529681895],[-84.9145249656565,45.3944663396165],[-84.9147426505315,45.394027708573],[-84.915006324873,45.3936964230651],[-84.9139369323073,45.3931905799635],[-84.9139470967953,45.3920648420665],[-84.9130567318838,45.3920627771505],[-84.9130571218672,45.3913220287527],[-84.9104174286248,45.3913158654062],[-84.9099006497399,45.3916809770558],[-84.909457810302,45.3916799349725],[-84.9094659801038,45.3952874814482],[-84.9049892260455,45.3952772321141],[-84.9047859289631,45.3953865312057],[-84.9043734096755,45.3957957971152],[-84.9044098602524,45.39848705645],[-84.9035410908295,45.3981251590329],[-84.9031444385617,45.3985977563687],[-84.9040714992453,45.3989839359507],[-84.9044166428239,45.3989878185056],[-84.9045104804112,45.4070971800593],[-84.9021110259599,45.4070961166468],[-84.9021152822581,45.4074598485993],[-84.9014714532922,45.4074522444044],[-84.9014853000208,45.4085503122038],[-84.9045044671553,45.4085516599986],[-84.9044992471626,45.4098142537994],[-84.9130658533065,45.4098145680655],[-84.9130178371614,45.4091045333784],[-84.9128719941192,45.4084566853798],[-84.9125885844064,45.4059024327743],[-84.912600971016,45.4052552286038],[-84.9125385659077,45.4049545526857],[-84.9125749718942,45.4023527497131],[-84.9127023289304,45.4012942370045],[-84.9127161909649,45.4006333279992],[-84.9129551161974,45.3990863088935],[-84.9133796497108,45.3975693433396],[-84.9138979282586,45.3964948179122]]]},"properties":{"NAME":"Petoskey State Park","CreatedUser":"MichiganDNR"}},
{"type":"Feature","geometry":{"type":"MultiPolygon","coordinates":[[[[-83.5848998943472,42.5765970096089],[-83.5848941137387,42.5765160007666],[-83.5778154462135,42.5720834518952],[-83.5768198605781,42.5712998583201],[-83.576103025839,42.5705709356692],[-83.5755603206074,42.5698707181666],[-83.5751441827302,42.569194318903],[-83.569916719791,42.559629585957],[-83.5640428674572,42.5598811248689],[-83.5643501707696,42.5653400377804],[-83.559421071229,42.5655394731318],[-83.5594366198109,42.5658310781016],[-83.5491728205523,42.5660751713917],[-83.5359321859397,42.5642191182528],[-83.5336812596788,42.563525079043],[-83.5334571691051,42.5606576546156],[-83.5305370517929,42.5607474901185],[-83.5283135947595,42.558143798448],[-83.527862503143,42.5581236148164],[-83.5271627611396,42.5578542010229],[-83.5263877842968,42.557722704391],[-83.525830420087,42.5577174752055],[-83.5233663422397,42.5578352075758],[-83.523336958405,42.5573492408502],[-83.5184216705586,42.5575239726155],[-83.5184243199155,42.5575699580923],[-83.5127864751265,42.55777817282],[-83.5112564589179,42.5585836531244],[-83.5120058289545,42.5585638952132],[-83.5114879237549,42.5590172798842],[-83.5105721554002,42.5603011330445],[-83.5103032919435,42.5606043520317],[-83.5096870131426,42.5610376139427],[-83.5089042995801,42.5613381601462],[-83.5092688266443,42.5668233157498],[-83.51426546382,42.5666915486869],[-83.514099962603,42.5648829429899],[-83.5164464841285,42.5648209942122],[-83.5163558380244,42.5647693028519],[-83.5163249756221,42.5646133019417],[-83.5162085114949,42.5644785861556],[-83.5162517807884,42.5643842863007],[-83.5161160497331,42.5642379900911],[-83.5161372814569,42.5641432059327],[-83.5162523131491,42.5641405899488],[-83.5163020621535,42.5640983492002],[-83.5166184052783,42.5643281880104],[-83.5167555507797,42.5648496706804],[-83.5170915445604,42.5652785440391],[-83.5170912284121,42.5655745912164],[-83.5169550920082,42.5658706570727],[-83.5170656750868,42.5660648780717],[-83.5170736249392,42.5666168287994],[-83.5171489169719,42.5668227209166],[-83.5173213037773,42.5669526598971],[-83.5175825336771,42.5670673902408],[-83.5193878425474,42.5676379684637],[-83.5194728544744,42.5683669544756],[-83.5199480865973,42.5792583130259],[-83.5149470599545,42.5793945396235],[-83.5153495133042,42.5866453730373],[-83.5203476745944,42.5865567583007],[-83.5201220013163,42.582912767968],[-83.5250253504246,42.5827497643938],[-83.5248361780961,42.5790980255052],[-83.5257077862554,42.5790694225653],[-83.5258969884421,42.5827207663188],[-83.5295013875202,42.5826007823923],[-83.5294737167922,42.5821068168622],[-83.5299010020091,42.5820925862007],[-83.5298518544716,42.5812153258387],[-83.5357520269591,42.580986114647],[-83.5356875904025,42.5799164209482],[-83.5365953833861,42.5798811393049],[-83.5367424507103,42.5823219109308],[-83.5446457124781,42.5820239801214],[-83.5444337942922,42.5784218044981],[-83.5468734392293,42.5783390990528],[-83.5470822610257,42.5819338468997],[-83.5603048819078,42.5815043798337],[-83.5602438061541,42.5804459559429],[-83.5604286411991,42.5804364187805],[-83.5605995704351,42.5809492390999],[-83.5609522696892,42.5813079697503],[-83.5612377720348,42.5814645599541],[-83.5615727414539,42.5815811437823],[-83.5620132364406,42.5816242899489],[-83.5625278772808,42.5816113525873],[-83.5625343640019,42.5817481974603],[-83.5711572904973,42.5813548688387],[-83.571071890625,42.579906208731],[-83.5719891425196,42.5798656589379],[-83.5720745635064,42.5813143185481],[-83.5727255511603,42.5812855356108],[-83.572635178602,42.5802190697465],[-83.5732924410279,42.5801898584423],[-83.5733861161545,42.5812563253387],[-83.5740089674904,42.5812287793037],[-83.5735866696756,42.5759793478672],[-83.5739183879056,42.576246636959],[-83.5741081103241,42.5765296058211],[-83.5746164617349,42.5769181110987],[-83.5749503544824,42.5770053129248],[-83.5752058280724,42.5811758378173],[-83.5801728268516,42.5809559960916],[-83.5799964070644,42.5781813505673],[-83.5792104397059,42.5773788092613],[-83.5794294226119,42.5773691639552],[-83.5799814567354,42.5779462186407],[-83.5799433290505,42.5773465261587],[-83.5849421098189,42.5771887459943],[-83.5848998943472,42.5765970096089]]],[[[-83.5793844676945,42.5771674114214],[-83.5794433545549,42.5772283379304],[-83.5806492386823,42.5771872535139],[-83.5788114852724,42.575438204395],[-83.5779459772472,42.5758435834502],[-83.5784426522597,42.5762534984473],[-83.5793844676945,42.5771674114214]]],[[[-83.5650538037545,42.5707982406564],[-83.5649543630619,42.5707608994769],[-83.5646580665904,42.5707732564418],[-83.564729504493,42.572029833159],[-83.5665475006327,42.5727713907033],[-83.5679087022196,42.5727320705945],[-83.5679289759085,42.573076313566],[-83.5694631755312,42.5730323119965],[-83.5695346338886,42.572400447596],[-83.5650538037545,42.5707982406564]]],[[[-83.5848673677945,42.5761410974532],[-83.5844364246193,42.5699375836546],[-83.5794760549845,42.5701253888043],[-83.5792382796917,42.5665137213555],[-83.5841899794888,42.5663198957085],[-83.5839567493541,42.5627035842636],[-83.5867235271073,42.5626039382947],[-83.5867366963524,42.5583519252491],[-83.586557824696,42.5579696669522],[-83.5862389074733,42.5574883001517],[-83.5854659083303,42.5568058487457],[-83.5843486800004,42.555470956425],[-83.5785814330405,42.5556637271984],[-83.5787752564132,42.5592496613015],[-83.5738646384687,42.5594603526065],[-83.5740889855068,42.5630995476824],[-83.5722543205024,42.5631807681468],[-83.5742009540495,42.566743310554],[-83.5743133566867,42.5667387393664],[-83.57420125302,42.566743858432],[-83.5755983682274,42.569282282856],[-83.5761479803952,42.5701002974656],[-83.576742781221,42.5707763458144],[-83.5775195978383,42.5714778797455],[-83.5782330920782,42.5719950802255],[-83.5848673677945,42.5761410974532]]]]},"properties":{"NAME":"Proud Lake Recreation Area","CreatedUser":"MichiganDNR"}},
{"type":"Feature","geometry":{"type":"MultiPolygon","coordinates":[[[[-83.4860471306247,42.8319104662183],[-83.5104831008866,42.8312669783437],[-83.5104423779378,42.8297570875016],[-83.511918359006,42.8297220444876],[-83.5119591177034,42.831231935165],[-83.5141476174779,42.8311799427677],[-83.5141272688034,42.8302740908926],[-83.5153575242634,42.8302448442912],[-83.5153778907795,42.8311506970271],[-83.5294346653345,42.8308297307909],[-83.5294268215527,42.8304218330062],[-83.5300375864131,42.8304081801645],[-83.5328432251763,42.8303561646342],[-83.532851422219,42.8307640516058],[-83.5400221880481,42.8306307977778],[-83.539768597805,42.8161918644841],[-83.5447338317369,42.8160931782297],[-83.5446948693302,42.8146436692588],[-83.5446252214737,42.8147024504032],[-83.5442179470364,42.8144368765321],[-83.5445857273787,42.8141329685347],[-83.5384821263806,42.8101440727588],[-83.5378901519874,42.8097072944564],[-83.537139542319,42.8090274503219],[-83.5368687163394,42.8090333436007],[-83.5361305740062,42.8081555300202],[-83.5355185451384,42.8071404228777],[-83.5295785006805,42.808316949977],[-83.5292056534823,42.8083259786786],[-83.529138250554,42.8055931845153],[-83.5295110880383,42.805584446997],[-83.5294988240299,42.8050873193187],[-83.5303474771956,42.8045841635797],[-83.5303935750489,42.8064517037524],[-83.5310338542907,42.8064378805573],[-83.5341976867438,42.805394425923],[-83.5347971010282,42.8052379963809],[-83.5344663789468,42.8043820061139],[-83.5340668469606,42.8037159475718],[-83.5338316869005,42.8034309680115],[-83.5337428439491,42.8034301966072],[-83.5335444132794,42.8032110465857],[-83.5334520259231,42.8032101048382],[-83.5331462440251,42.8029247081794],[-83.5332557860493,42.8028597550223],[-83.533149134521,42.8027666594802],[-83.5325833424779,42.8023355390368],[-83.5319267586783,42.8019420573469],[-83.5322903733828,42.8019368870809],[-83.5316673802662,42.8016181088868],[-83.5311065210921,42.801395634475],[-83.5287258043312,42.8006168281595],[-83.5276315747577,42.800213635124],[-83.525746555117,42.7993675203755],[-83.5244258158797,42.7986420189763],[-83.5244212197465,42.7984733254276],[-83.5241545823451,42.7984796123653],[-83.5240191853967,42.7983986888401],[-83.5186438558198,42.7949972709532],[-83.5145092202822,42.7950984649852],[-83.5144620106414,42.7933769733162],[-83.5095302989869,42.7933163894276],[-83.5095859288429,42.7952187670778],[-83.50934733969,42.7952242247713],[-83.5093152393535,42.7953221837772],[-83.5092495332295,42.7958784900487],[-83.5092405700727,42.7966728753056],[-83.5093292108162,42.7971871027748],[-83.5096700602888,42.7978925186714],[-83.5098125400406,42.8024202641975],[-83.5085942434575,42.8024521470589],[-83.5086792104434,42.8060727466247],[-83.5098996228001,42.8060424139539],[-83.5101333501425,42.8168762377878],[-83.5052483410115,42.8169997142973],[-83.505306922856,42.8194309147708],[-83.502867387045,42.8194924982232],[-83.5028658532516,42.8194319269943],[-83.5004262422807,42.8194937038884],[-83.5003633174221,42.817122984188],[-83.4942774366192,42.8172769787419],[-83.4943216615349,42.819088657164],[-83.4906317771,42.8191818647015],[-83.4906344480743,42.8192915489398],[-83.4894752535376,42.8193149900291],[-83.4894284992806,42.8173936278028],[-83.4731890991099,42.8177211960098],[-83.4733365789534,42.821329666892],[-83.4807724556585,42.8211769167042],[-83.4810271294137,42.8284083095733],[-83.4859390724319,42.8282956926501],[-83.4860471306247,42.8319104662183]]],[[[-83.5119983461716,42.8207460231707],[-83.5119916459639,42.8204369006451],[-83.5102113516006,42.8204797115168],[-83.5102180325797,42.8207883671806],[-83.5119983461716,42.8207460231707]]],[[[-83.5935818242295,42.8016537253226],[-83.590115159007,42.8017732620628],[-83.5900501720743,42.7999744101655],[-83.5885599045483,42.800032701136],[-83.5886669617803,42.802998042678],[-83.5882183050476,42.8028629059102],[-83.5877258554537,42.8026438854449],[-83.5873860492416,42.8023955150807],[-83.5864262546948,42.8012612499767],[-83.5835034557499,42.7984772248072],[-83.5820689058621,42.8001542676929],[-83.5806620860125,42.8001805668271],[-83.5805324545347,42.7966519814891],[-83.5812194675462,42.7963185654078],[-83.5796542696328,42.7947873074236],[-83.5794512697067,42.7946465263749],[-83.5791999792664,42.7945484724568],[-83.5737872251026,42.7934208443006],[-83.573656615924,42.793769845042],[-83.5731783905579,42.79366858104],[-83.5733033894559,42.793318391916],[-83.5725807947173,42.7931653781998],[-83.5685269435673,42.7932589713237],[-83.568538252037,42.7936175969298],[-83.5538840660977,42.7941598535084],[-83.553741321522,42.7880387893331],[-83.5551529306865,42.7868087764505],[-83.5533524126792,42.7869049412778],[-83.5490295298978,42.7908418627407],[-83.546296179537,42.7930795829374],[-83.549038450571,42.7951181253761],[-83.5490801830716,42.7962673688131],[-83.5556714797114,42.8011651332527],[-83.5558875005321,42.8006807932103],[-83.5556662447371,42.800042431929],[-83.5622344115331,42.8049220526533],[-83.56076208915,42.8049470061146],[-83.5654567616734,42.8084444521268],[-83.5669371998149,42.8084152665314],[-83.5680408193786,42.8092534564721],[-83.5687255548403,42.8099087825258],[-83.5690790207153,42.8103317266251],[-83.5690928741475,42.8108799915981],[-83.5694577786641,42.8108764786331],[-83.5696500796657,42.8112147123687],[-83.5698943273586,42.811745108992],[-83.5700984672388,42.8123954143394],[-83.5701954913271,42.8128820652393],[-83.5702437910142,42.8135263445859],[-83.5741479335844,42.8137028123798],[-83.5741684979911,42.8143958061302],[-83.5778143639595,42.8143417828785],[-83.5778060426512,42.8140978819194],[-83.5791452103738,42.8140818355381],[-83.5790930121776,42.8125528932443],[-83.5840884088175,42.8125552755424],[-83.5840140250765,42.8107779308613],[-83.5889954318544,42.8107717545178],[-83.5891270025342,42.8134301501234],[-83.5895045721243,42.8133872492521],[-83.5904452187642,42.8132718456627],[-83.5903418675623,42.81300633472],[-83.5923140577389,42.8126928229912],[-83.5924169522461,42.8129571404367],[-83.5930321964601,42.81286418923],[-83.5921954126097,42.8107146381019],[-83.5939464758213,42.8106833456037],[-83.5940409035176,42.812810098093],[-83.5950925371118,42.8128213323861],[-83.5952036596281,42.8155307109137],[-83.5941580574736,42.8155465690871],[-83.594322684711,42.8195617547636],[-83.5945626875198,42.8197169480658],[-83.5946469078751,42.8200061909843],[-83.5948112877263,42.8201538440499],[-83.5947959587544,42.8202770784861],[-83.5951647633641,42.8206212863706],[-83.5955918658635,42.8209058104804],[-83.5958724005968,42.8212421312977],[-83.5961936918893,42.8214894619954],[-83.599326348602,42.8214330626175],[-83.5994114989035,42.8235789549209],[-83.6028052709486,42.824949552272],[-83.6038871690501,42.8249373801687],[-83.6038259241415,42.8234884733245],[-83.6067239015995,42.8232780468578],[-83.6067416185888,42.8237727080252],[-83.6072982791954,42.8246067874451],[-83.6073982366435,42.8245703301491],[-83.6068375376548,42.823737724174],[-83.6067844146489,42.8212984469295],[-83.608020683995,42.8212760864582],[-83.6077564866748,42.8154303833417],[-83.6058927154327,42.8154593802678],[-83.6058307943501,42.8140883357506],[-83.6039850694695,42.8141169584073],[-83.6038399331242,42.8105054752043],[-83.6056573090762,42.8104726044018],[-83.6031889037534,42.8086961847971],[-83.5969705635728,42.8058989635723],[-83.5971095148007,42.8094332678722],[-83.5964468323454,42.8094451322868],[-83.5962956644119,42.8055990347105],[-83.5936834021701,42.8043452006226],[-83.5935818242295,42.8016537253226]]],[[[-83.5741021458104,42.8072676335532],[-83.5739570110943,42.8072682876825],[-83.5739621133037,42.8074402581768],[-83.5741021458104,42.8072676335532]]],[[[-83.6000131471507,42.8172406455343],[-83.5993951396144,42.8167418576422],[-83.5991269331158,42.8164070645109],[-83.5991827258459,42.8178132896108],[-83.5992943023839,42.8178114220906],[-83.5995066205818,42.8173174103684],[-83.6000131471507,42.8172406455343]]],[[[-83.5775509955658,42.8054536365833],[-83.5788375180649,42.8050683191851],[-83.5788404721307,42.8051548493804],[-83.5791246538835,42.8051347587214],[-83.5799410476028,42.8052655070844],[-83.5801083946849,42.8052476390402],[-83.5802482460519,42.8051588198066],[-83.5811393083628,42.8039294059114],[-83.5811959994909,42.8036740570997],[-83.5812180758166,42.8029966557641],[-83.5816291753865,42.8012808846681],[-83.5798053389756,42.8008660424333],[-83.5794663889355,42.802125950062],[-83.5792834642519,42.8037261008081],[-83.5774860451961,42.8037567155863],[-83.5775509955658,42.8054536365833]]],[[[-83.5638472953097,42.8013139063259],[-83.5637610276334,42.7975560855858],[-83.5622346532787,42.7975951440638],[-83.5621143046392,42.7978206788325],[-83.5615964173238,42.7983028992361],[-83.5601800724186,42.7991381298065],[-83.5598015934921,42.7996302159407],[-83.55936197783,42.800048044357],[-83.5586343925649,42.8009084229649],[-83.5583662896263,42.8013945274427],[-83.5581961200877,42.8013977133997],[-83.5583762672605,42.8015312567464],[-83.558932895784,42.8015208348336],[-83.5589461518446,42.8018367782609],[-83.5636804899869,42.8017693100656],[-83.5636614457183,42.8013165588151],[-83.5638472953097,42.8013139063259]]],[[[-83.5407665692052,42.8667843176225],[-83.5407516802479,42.8663792538718],[-83.5413024196539,42.8663706703969],[-83.5413173121583,42.8667757350113],[-83.542478469012,42.8667575629188],[-83.5423787563365,42.8640130092581],[-83.5461101610929,42.8639545332947],[-83.5462100382615,42.8666990853189],[-83.5463336484843,42.8666971462891],[-83.5462020762533,42.8630817592886],[-83.5509723395421,42.8630014565546],[-83.5508419346499,42.8593806823118],[-83.5705982908944,42.8590184768776],[-83.5704164231865,42.8538083577159],[-83.5700989285535,42.852023915923],[-83.5704818784558,42.8517000917481],[-83.5703361664329,42.8516061591801],[-83.5703402482489,42.8517214139656],[-83.5592680260177,42.8519530552948],[-83.559179691751,42.8483467295245],[-83.5542029163166,42.8484416045205],[-83.5543027280884,42.8520565871116],[-83.5505787465828,42.8521340943584],[-83.5504703275557,42.8485126189598],[-83.5480050152084,42.8485498274883],[-83.5479459794657,42.8467380768985],[-83.546710908061,42.8467561556739],[-83.5466494605462,42.8449438976808],[-83.5503619175329,42.8448911393497],[-83.5500956425205,42.8376681691641],[-83.540229439249,42.8378542879163],[-83.540462023761,42.8450315607364],[-83.5355533308569,42.8451421913704],[-83.535709431122,42.8487557366546],[-83.5308097862718,42.8488501276875],[-83.5309749625419,42.8524476395562],[-83.5285176574469,42.8525005505419],[-83.5287434491517,42.8582923315421],[-83.5312036389078,42.8582465782946],[-83.531259375417,42.8596598756589],[-83.5332668052925,42.8589253696658],[-83.5325992954505,42.8580712963893],[-83.5350928758735,42.8570666073353],[-83.534536362147,42.8583466068663],[-83.5343590877519,42.8584911880014],[-83.5338980547261,42.8586817970842],[-83.5361038072948,42.8583149561703],[-83.5368889170499,42.8582531739786],[-83.536156354189,42.8596261020476],[-83.5363380402849,42.8632382593448],[-83.5339147551362,42.8632743082329],[-83.534064570623,42.8658996326313],[-83.5344599557995,42.8658934940781],[-83.5345163473891,42.8668815394805],[-83.5407665692052,42.8667843176225]]],[[[-83.5389002594954,42.8558904457366],[-83.5388615508811,42.8547463522159],[-83.5372654525805,42.8547553716594],[-83.5369991360342,42.8550546691375],[-83.536135226466,42.8557800322235],[-83.5389002594954,42.8558904457366]]],[[[-83.5387081144706,42.8496046768989],[-83.5397686539737,42.849585149],[-83.5397575359161,42.8493106269262],[-83.5406347228867,42.8492944670166],[-83.5405405609366,42.846970226246],[-83.5387931677856,42.8470715684015],[-83.5387179080952,42.8473991910844],[-83.5396723479263,42.8479060010422],[-83.5387081144706,42.8496046768989],[-83.5357484584445,42.8496591224496],[-83.5358655445666,42.8523692794454],[-83.5376144751496,42.852341206026],[-83.5377568918105,42.8514956132654],[-83.53787829922,42.85111555917],[-83.5381963828617,42.8504265924478],[-83.5387081144706,42.8496046768989]]],[[[-83.5454758362054,42.8467742202852],[-83.5454119743798,42.8449614565684],[-83.5428857496085,42.8449972613519],[-83.542808287366,42.8426098906052],[-83.5409437664631,42.8426362821798],[-83.5410211572927,42.8450236525928],[-83.5419909590506,42.8450099300321],[-83.54207825687,42.8468238484986],[-83.5454758362054,42.8467742202852]]],[[[-83.5778829689224,42.8341279143925],[-83.5791476107636,42.8341523195222],[-83.5799025229999,42.8352771859193],[-83.5799640662577,42.8372264065418],[-83.5840115054239,42.8432496572127],[-83.5852693515702,42.843262613873],[-83.5854449437859,42.8435234531481],[-83.5864065441912,42.8431933192191],[-83.5871807992681,42.8430662686105],[-83.5877274184058,42.8430456583393],[-83.5901802920795,42.8431039446602],[-83.5900535318538,42.8397054845108],[-83.5925271870694,42.8396772796783],[-83.5926562632931,42.8432987449821],[-83.5974231713925,42.8432707741131],[-83.5977894937831,42.8432199921123],[-83.5980171594163,42.8430343405635],[-83.5983541353651,42.842202321509],[-83.5985800612839,42.8419419806927],[-83.5988440903627,42.8418695065057],[-83.5995049952556,42.8418157556232],[-83.5998635378749,42.8417118214448],[-83.6038056652952,42.8396943640037],[-83.6036918450499,42.8358637748094],[-83.6048325685126,42.8358443165429],[-83.604715239132,42.8321815228461],[-83.5972306359069,42.8322990228681],[-83.5971047961539,42.8286264079559],[-83.5946011709771,42.828711741346],[-83.5944406623242,42.8228867616184],[-83.589500972815,42.8229628068105],[-83.5895155859752,42.8238936349454],[-83.5845136064126,42.8238670991096],[-83.5844533590199,42.8216014967323],[-83.5771886610902,42.8215887474633],[-83.5771857876394,42.8215123250539],[-83.578189509013,42.8215042429354],[-83.5780529709025,42.8177915840754],[-83.5792805560873,42.8177844617438],[-83.5792557006743,42.8171075972814],[-83.5775767468091,42.8171346437524],[-83.5775279077613,42.8158356696844],[-83.5775993899366,42.8158358512169],[-83.5775923520718,42.8156611400281],[-83.577523395453,42.815660964869],[-83.5774945939055,42.8149524390004],[-83.5759571895123,42.8151482159195],[-83.5759635954685,42.815337730096],[-83.5752284653104,42.8154169555317],[-83.5752218060015,42.8152274682862],[-83.5742009652436,42.815320085802],[-83.5742696966044,42.8172767501212],[-83.5740458342184,42.8172782006607],[-83.5740583574361,42.8176347205147],[-83.5742822211024,42.8176332699626],[-83.5742930541115,42.8179898012177],[-83.5707081806328,42.8180129683918],[-83.5705229690833,42.8192134781363],[-83.5708185030905,42.8206965597537],[-83.5711076671667,42.8215777233944],[-83.569785631128,42.8215752843715],[-83.5700854631717,42.8223193139831],[-83.5705141786667,42.8231047563739],[-83.5718427978035,42.8251397438516],[-83.5730970441823,42.8251465567639],[-83.5755086114889,42.8287325800449],[-83.5742523159606,42.8287212731334],[-83.5766684683975,42.8323175011629],[-83.5778829689224,42.8341279143925]]],[[[-83.5771680091069,42.8210394212361],[-83.5771674983117,42.8209931154349],[-83.5763881264927,42.8209940300388],[-83.5763890694745,42.8210380272207],[-83.5771680091069,42.8210394212361]]],[[[-83.5764054305131,42.8215873454566],[-83.5763993752136,42.821518650783],[-83.5744192733976,42.8215345554181],[-83.5744210020943,42.8215837701149],[-83.5764054305131,42.8215873454566]]],[[[-83.5847833606973,42.8324231999838],[-83.5846454933395,42.8288263192345],[-83.5827898437773,42.8288052924307],[-83.5829184314604,42.8323980821696],[-83.5847833606973,42.8324231999838]]],[[[-83.4860471306247,42.8319104662183],[-83.4811554471563,42.8320336355964],[-83.4812359272885,42.8338198485641],[-83.4763390964243,42.8338899401971],[-83.4764235054623,42.8356852095511],[-83.4715305912475,42.8357641502786],[-83.4721091720993,42.8465807666775],[-83.4671270089387,42.8466821220751],[-83.4669448716276,42.8430674481891],[-83.4632121787064,42.8431354894208],[-83.4635192518175,42.8504276810615],[-83.4622889216328,42.8504612179652],[-83.4624330213715,42.8541391707198],[-83.4723802337985,42.853798145322],[-83.4821475715099,42.8536044675229],[-83.4819727513151,42.8500070364654],[-83.4771087291,42.8500983496949],[-83.4769535645407,42.8464952868024],[-83.4817979487046,42.8464096020229],[-83.4819727513151,42.8500070364654],[-83.4868270904315,42.8499078858717],[-83.4866631063992,42.8463073044325],[-83.4890026782574,42.8462580380293],[-83.4889645683074,42.8453607203302],[-83.4890575314042,42.845358761282],[-83.4889422664735,42.8426447285365],[-83.4877243952755,42.8426696556034],[-83.4875694095098,42.8390576110317],[-83.4863510069819,42.8390818109531],[-83.4860471306247,42.8319104662183]]],[[[-83.5282010342515,42.8453131564892],[-83.5280681625248,42.8417084015401],[-83.525619080758,42.8417661187634],[-83.5253198962141,42.8345419174559],[-83.5204221204321,42.8346512641517],[-83.520347392163,42.832842736178],[-83.515453946653,42.8329573735587],[-83.515834201723,42.8419887663136],[-83.5207209075324,42.8418813985341],[-83.5208702390606,42.8454944751779],[-83.5282010342515,42.8453131564892]]],[[[-83.5030153833645,42.8176327220192],[-83.503002974371,42.8170564009469],[-83.5004941315076,42.8171196863959],[-83.5005094278402,42.8176959339967],[-83.5030153833645,42.8176327220192]]],[[[-83.5514783554154,42.8273059775829],[-83.5511649289025,42.8270506371649],[-83.5506170275074,42.8274177886356],[-83.5509006682449,42.8276471586838],[-83.5514783554154,42.8273059775829]]]]},"properties":{"NAME":"Holly Recreation Area","CreatedUser":"MichiganDNR"}},
{"type":"Feature","geometry":{"type":"Polygon","coordinates":[[[-88.0020090456093,46.5496505932323],[-88.0069032546494,46.5497201649766],[-88.0067801587298,46.5352494556446],[-88.0076084417836,46.5352520098007],[-88.0078720331012,46.5345730522306],[-88.007765742142,46.534085244593],[-88.0076432346863,46.533798032021],[-88.0074039142424,46.5334628151671],[-88.0060982992108,46.5322704658472],[-88.0059414418851,46.5320379114956],[-88.0059542718705,46.5317099187126],[-88.0067527360283,46.5316987241044],[-88.0067346126719,46.5293509962984],[-88.0060714909145,46.5287993776255],[-88.0056731655214,46.5281452006468],[-88.0055392806347,46.5276089875256],[-88.005391379785,46.5275546609011],[-88.0052333742989,46.5275705635181],[-88.0047326382741,46.5278027710673],[-88.0046554306504,46.527882279263],[-88.0046757223386,46.5280162721468],[-88.0045052415424,46.5279768255203],[-88.0040653118191,46.5275428461254],[-88.0034230124397,46.5270867424481],[-88.0023822908899,46.5264901687435],[-88.0016485275024,46.5261614956326],[-88.001646029904,46.5255996855274],[-88.0015919197782,46.5255811189307],[-88.0013391243574,46.5255544958745],[-88.0006938963921,46.5253733196038],[-88.0003417675679,46.5253360162987],[-87.999606099614,46.5253860954339],[-87.9987665652197,46.5253014229172],[-87.9974607722638,46.525255893107],[-87.9915838591744,46.5247024118793],[-87.9913357110665,46.5246285296858],[-87.9912020640404,46.5245334519249],[-87.991000774287,46.5241912469995],[-87.9909542697123,46.5239787343953],[-87.9908435984945,46.5226028837309],[-87.9908855189078,46.5221446490664],[-87.9910195976681,46.5216128686496],[-87.9910820206051,46.5214292540993],[-87.9913196086523,46.5211322390916],[-87.9916503442047,46.5209371779609],[-87.9917907700958,46.5209731494927],[-87.9919400440696,46.5209520342685],[-87.9923245975242,46.5208431478323],[-87.9925341736425,46.5207318152962],[-87.9926149347516,46.5207393279424],[-87.9926852378974,46.5208142421103],[-87.9928483899043,46.5207921993487],[-87.9930185012688,46.5207158479825],[-87.9930618635547,46.5205971163415],[-87.9932687290597,46.5207382465344],[-87.9934835195311,46.5206336806855],[-87.9936828520955,46.5206501045188],[-87.9937328622959,46.5206862739019],[-87.9937370000912,46.520826814633],[-87.993837980814,46.52087101408],[-87.994928078525,46.5207361226093],[-87.9952787241396,46.5205153261869],[-87.9954235987892,46.5204826232948],[-87.9956884212259,46.520496531396],[-87.9959631424345,46.5205637679155],[-87.9959658696344,46.5207742966178],[-87.9961509700232,46.5208362344817],[-87.9964886706772,46.5206691612325],[-87.996791130778,46.5206084968317],[-87.9967898359403,46.5200872951824],[-87.9976542917943,46.5200095727702],[-87.9980901344145,46.5199280427436],[-87.9980498606266,46.5197778433914],[-87.998268684725,46.5193494446567],[-87.9982741081306,46.5191175094697],[-87.998018023834,46.5185547211456],[-87.9980040732037,46.51809196997],[-87.9978789901506,46.517714838217],[-87.997722405067,46.5175358003356],[-87.9974816448238,46.5173899833616],[-87.9813647870144,46.5173652205113],[-87.9813450606123,46.5184219714942],[-87.9823640503263,46.5189369185925],[-87.982356458598,46.5193364411707],[-87.9819254008688,46.5197442485297],[-87.9813268089222,46.5193997339268],[-87.9811975016615,46.5317609608753],[-87.9914342073277,46.5317340208503],[-87.9915228149816,46.5353261617764],[-87.9914766635742,46.5496118074797],[-87.9966188787725,46.5496029198535],[-88.0020090456093,46.5496505932323]]]},"properties":{"NAME":"Van Riper State Park","CreatedUser":"MichiganDNR"}},
{"type":"Feature","geometry":{"type":"Polygon","coordinates":[[[-86.0436847087216,43.0158118075622],[-86.0360876105439,43.0158543059257],[-86.0357263994416,43.0085304608762],[-86.0282612538294,43.0085783468396],[-86.0280817168168,43.0049242206096],[-86.0255940495317,43.0049358713437],[-86.0254488426584,43.0019647464424],[-86.0238193960698,43.0019796790609],[-86.0237791707058,43.0011561199137],[-86.0147692425093,43.001238262602],[-86.0098307895067,43.0012271301933],[-86.0098361295116,43.0013223020855],[-86.0093397432998,43.0015731566323],[-86.0091284803508,43.00158136236],[-86.00879478567,43.0014893801871],[-86.0084105656707,43.0015812659184],[-86.0080748867765,43.0019283887354],[-86.007982263241,43.0022316345108],[-86.0079859558732,43.0024093359337],[-86.0079092883465,43.0024635272982],[-86.0075484636179,43.0024380897391],[-86.0070147233344,43.002330978918],[-86.0065706282422,43.0025635008731],[-86.0063827297879,43.0025771939588],[-86.0061331960105,43.0023761264721],[-86.0060968360013,43.0020447315562],[-86.0061819383472,43.0019198740004],[-86.0061529777247,43.0018588061822],[-86.0060417520834,43.0018107613429],[-86.005764416304,43.0018301027025],[-86.0055727677069,43.0018870183888],[-86.005450255288,43.0020647003187],[-86.0053912797286,43.0023398184515],[-86.0052069301597,43.0024151226906],[-86.0050788666963,43.0023993210256],[-86.0049507951835,43.0022795825229],[-86.0047857588747,42.9975734566312],[-85.999833175363,42.9976247673176],[-85.9997235599531,42.9939658607404],[-85.9994746148086,42.9939675995666],[-85.9995272130334,42.9957708164081],[-85.993579365368,42.9958222264853],[-85.9935216061085,42.994007169519],[-85.9922753042304,42.9940139494779],[-85.9925184938584,43.0013851044728],[-85.9926627374019,43.0042829302516],[-85.990184302347,43.0043166861031],[-85.9900437150559,43.0014188074198],[-85.9850919060066,43.0014299433895],[-85.9851003795276,43.0016146521954],[-85.9802990466525,43.0015568582945],[-85.9804282635702,43.0041891804625],[-85.9763887238422,43.0041539186729],[-85.9765134789732,43.0065567939882],[-85.9746599153762,43.0065615244665],[-85.9745830972271,43.004956876388],[-85.9744591419754,43.004957536507],[-85.9745683405808,43.0072386381479],[-85.9731165917277,43.0077193045297],[-85.9703072146199,43.0077207566717],[-85.9705631754905,43.012444782002],[-85.9728347311075,43.0120389402988],[-85.9743867640941,43.0120199004252],[-85.9753862964451,43.0118382221089],[-85.9782586133688,43.0116246568725],[-85.980179246253,43.0112610875353],[-85.9811134209009,43.0110137568714],[-85.982016849264,43.0107090642705],[-85.982569565823,43.0103425953404],[-85.9835017239188,43.0100617928314],[-85.9842263856372,43.0099093881278],[-85.9857432220348,43.009494988007],[-85.9878789628399,43.0088013429583],[-85.9883998129048,43.008609397013],[-85.9894200474556,43.008142471842],[-85.9921438761936,43.0071792850237],[-85.9927132969215,43.0070168348177],[-85.993273276789,43.0067432265505],[-85.9939020488091,43.0065915930688],[-85.994221140599,43.0064484519469],[-85.9950065448147,43.0061956527128],[-85.9985978762363,43.0054460814069],[-85.9998203129807,43.0051264507123],[-86.0015205241011,43.0049667692366],[-86.0025413481775,43.0050184240472],[-86.0031617818825,43.0051078688092],[-86.0033367601456,43.005044773693],[-86.0039899988591,43.0052630769069],[-86.0047951167997,43.0057068313362],[-86.0058839829226,43.006496030963],[-86.0065924291985,43.0071239271579],[-86.0076554982135,43.0079643190256],[-86.0077010397659,43.0080946852159],[-86.0079721367838,43.0081676224856],[-86.0083051958555,43.0081436550419],[-86.0085085206955,43.0081925671811],[-86.0086759163573,43.0084792828386],[-86.0089980169855,43.0088135578199],[-86.0115054947717,43.0101338245744],[-86.0118335858471,43.0104631900963],[-86.0122557049025,43.0110343425935],[-86.0128084321435,43.0113054091006],[-86.013206899276,43.0115876072684],[-86.0133798271393,43.011793454116],[-86.0137105316769,43.0119778745692],[-86.0138963124647,43.0122206002031],[-86.0146079354859,43.0129136254374],[-86.0173079890514,43.0150413199054],[-86.017505242259,43.0153260641731],[-86.0178978729954,43.0154737869822],[-86.0181441579274,43.0156479783458],[-86.0185788967337,43.0160708096648],[-86.018791588152,43.0163392578068],[-86.018812270234,43.0164732925643],[-86.0189248051997,43.0166119889813],[-86.0208553800056,43.0185382543707],[-86.0218708557185,43.0191905017534],[-86.0222123345847,43.0195845862767],[-86.0242916875559,43.0213881856768],[-86.0265686599882,43.0231544938209],[-86.0414710258844,43.023137374562],[-86.0414294052236,43.0222152807285],[-86.0463155107766,43.0222255829673],[-86.0460447517723,43.0157985016998],[-86.0436847087216,43.0158118075622]]]},"properties":{"NAME":"Bass River Recreation Area","CreatedUser":"MichiganDNR"}},
{"type":"Feature","geometry":{"type":"Polygon","coordinates":[[[-86.3592464161166,43.4096601848097],[-86.3588436966163,43.4101053844727],[-86.3584843384844,43.4109791396469],[-86.3579071947636,43.4127109822636],[-86.3576710167278,43.4130064558565],[-86.3574385865571,43.4132286071888],[-86.3566494810427,43.4136456795765],[-86.3556775612208,43.414022429946],[-86.3548595199521,43.4144477055328],[-86.3543767625068,43.4149030435756],[-86.3542149525066,43.4152528690618],[-86.3529638445788,43.4167184449696],[-86.3524401098243,43.4175528917545],[-86.3524606345429,43.4179519881162],[-86.3518077792691,43.4202767111644],[-86.3514646621904,43.4209465622471],[-86.3507703091271,43.4219628084511],[-86.3511875308657,43.4219721935724],[-86.3520100059108,43.4206944105583],[-86.3523249935453,43.4199078819011],[-86.3528347491305,43.4179896859098],[-86.3528125846185,43.4176143702144],[-86.353298366332,43.4168448827968],[-86.3545508202464,43.4153778479359],[-86.354708783492,43.4150365405946],[-86.3551330224027,43.4146380303067],[-86.3558711803412,43.4142580508974],[-86.356859852222,43.4138734428398],[-86.3576961419671,43.4134306409404],[-86.3579846816844,43.41315865047],[-86.3582656164585,43.4127977555682],[-86.3588480437224,43.4110500244163],[-86.3591947906628,43.4102069432579],[-86.3594934058267,43.4098689719054],[-86.3602667062108,43.4094708330889],[-86.3610294816564,43.409434976328],[-86.363862738375,43.4095576577989],[-86.3645369814265,43.4095117728973],[-86.3687378566011,43.4084263129164],[-86.3760524043964,43.406416901463],[-86.3760524940094,43.4061236264373],[-86.368608205875,43.4081686821071],[-86.3644429876478,43.4092456198191],[-86.3638607847826,43.4092827938262],[-86.3610262458829,43.409160387976],[-86.3601762131027,43.409200442301],[-86.3592464161166,43.4096601848097]]]},"properties":{"NAME":"W.F. Memorial Hart-Montague Trail State Park","CreatedUser":"MichiganDNR"}},
{"type":"Feature","geometry":{"type":"MultiPolygon","coordinates":[[[[-83.3837919627612,44.8977960941642],[-83.3837903911874,44.8950722877998],[-83.3736108915875,44.8950825166055],[-83.3737256604229,44.8878908442429],[-83.3787150515814,44.8878173672097],[-83.3788927148331,44.8841877041976],[-83.3688936005416,44.8842203310844],[-83.3690500369189,44.8805654350444],[-83.3589486776146,44.8805450365867],[-83.3591091516462,44.8768671730049],[-83.3540771451425,44.8768326046438],[-83.3542100605097,44.8731443921416],[-83.3542659287965,44.8679172006463],[-83.3442317509801,44.8614432472371],[-83.3442601929415,44.8585641220556],[-83.3542473348439,44.8585916338239],[-83.354330159911,44.8550783194728],[-83.3492151439779,44.8552044213705],[-83.3493882332537,44.8479641518254],[-83.3442756140908,44.8480900531744],[-83.334985967327,44.8481617411232],[-83.3350745399489,44.8445416295752],[-83.344368698146,44.8444694824494],[-83.3444307893549,44.840838903111],[-83.3393923098973,44.8408825047029],[-83.3395491617108,44.8300041729267],[-83.3344759723958,44.8300614229997],[-83.3344388056182,44.8336826199583],[-83.3142933170825,44.8338787635414],[-83.3142422616876,44.8265954313817],[-83.309181402402,44.8266321232991],[-83.3092289916937,44.8303625740776],[-83.3041919039602,44.8304248723523],[-83.304269523289,44.8339791691382],[-83.3056938161298,44.8347746687218],[-83.3075968129017,44.8360500274246],[-83.3081347711831,44.8364571544896],[-83.3083405091094,44.8366729541613],[-83.3084293317883,44.8368628530482],[-83.3084454658533,44.8370347505499],[-83.3083731926085,44.8372157215382],[-83.3086619029398,44.8374617687584],[-83.3088166156073,44.8377123885053],[-83.3093347994614,44.8382605478379],[-83.3098961811749,44.8387351082305],[-83.3107472952714,44.8392782093647],[-83.3116464953309,44.8399545018139],[-83.3118872305412,44.8401959851995],[-83.3124888202384,44.8405840008632],[-83.3130720569299,44.8410822120693],[-83.3136951773787,44.8417605928046],[-83.3140800922594,44.8420646231249],[-83.3143056435041,44.8423220401482],[-83.3146592179964,44.8428345874432],[-83.3150687699077,44.843726643609],[-83.3155533155302,44.8443528839122],[-83.3159816387734,44.8450481299653],[-83.3160400822755,44.8453222120577],[-83.316028660579,44.8456212442102],[-83.3157171662102,44.845996437445],[-83.3158145699609,44.8463143122038],[-83.3166221154528,44.8470210050146],[-83.3173827404519,44.8478303637101],[-83.3181067323397,44.8484416127109],[-83.3188459651982,44.849323355389],[-83.3196733361301,44.8505158865395],[-83.319887703676,44.8510165853804],[-83.3208004832637,44.8526579080972],[-83.3212738780652,44.853632900901],[-83.3213822818889,44.8539484546545],[-83.3215935785306,44.8551428675208],[-83.3216365952802,44.8556995899824],[-83.321661828248,44.856902519256],[-83.3216017628655,44.8576549361538],[-83.3213790024251,44.8585622056753],[-83.3211275135144,44.8591514954385],[-83.3206430560994,44.8600071963844],[-83.3203168986486,44.8603854872297],[-83.3198815799754,44.8605948545513],[-83.3197350856678,44.8606077235561],[-83.3194689793176,44.8605474746966],[-83.319387978696,44.8605781691013],[-83.3195650580598,44.8607383899403],[-83.3197523114753,44.8610437808058],[-83.3196625253829,44.8613950080032],[-83.3194466225068,44.8615529024537],[-83.3193527336903,44.8618362837224],[-83.3191347397974,44.862117620112],[-83.3188067892145,44.8622994779522],[-83.3185231751489,44.862565558077],[-83.3181297232315,44.8627295874117],[-83.3178680002059,44.8630176171663],[-83.3177162600468,44.8633262292068],[-83.3174560451549,44.8635293918808],[-83.3174551085763,44.8638363863859],[-83.3173553429348,44.8639858450852],[-83.3173384054095,44.8643259105132],[-83.3172592668258,44.8645247345504],[-83.3166046508973,44.8650942889723],[-83.3163958806316,44.8653320994934],[-83.3164054894255,44.8654892628765],[-83.3165196350267,44.8656806032358],[-83.3165025357527,44.8658937420575],[-83.3164023739978,44.866129807083],[-83.316591102295,44.8666899400944],[-83.3165880525594,44.8669642966254],[-83.3165079414631,44.8671579508317],[-83.3163291685019,44.8673467233174],[-83.316143915201,44.8674410095557],[-83.3158633068844,44.867485037542],[-83.3154780486292,44.867445144507],[-83.3156004495768,44.8675363420351],[-83.3155328901018,44.8678494940755],[-83.3159454556506,44.8682373490973],[-83.3161423953637,44.8686201543534],[-83.3161877767436,44.868838185836],[-83.3161735864658,44.869431302536],[-83.3164702972417,44.869508569519],[-83.3169589206153,44.8698520551338],[-83.3172238040861,44.8699043991402],[-83.3174096650354,44.8700056544644],[-83.3179419575199,44.8705172219776],[-83.3185573083822,44.8714235033819],[-83.3189771159262,44.8724641380577],[-83.3190278253496,44.872958434243],[-83.3189784579178,44.8731914003214],[-83.3188433145122,44.8734275060322],[-83.3184899427286,44.8735838986676],[-83.3187591107703,44.8736313575738],[-83.3189305997076,44.8737828719589],[-83.3190107354391,44.8740060029407],[-83.3189863421583,44.8742987256363],[-83.318651562037,44.8746527973529],[-83.3180191430063,44.8749952558354],[-83.3179568237228,44.8751227981895],[-83.3179953755335,44.8752540524525],[-83.3177749298208,44.8754307029296],[-83.3176999611698,44.8756433454536],[-83.3175075968122,44.8757083095907],[-83.3172585646585,44.8759031570488],[-83.3166853872905,44.8761748701123],[-83.3165375604194,44.8764501248783],[-83.3163685985267,44.8765044858256],[-83.3163770443341,44.8768691570362],[-83.3163274738906,44.8770540924228],[-83.3160713716776,44.8771930285426],[-83.315690986053,44.8780622887608],[-83.3152852327008,44.8783332181504],[-83.3152971438292,44.8785187354847],[-83.3154994094933,44.8786829814757],[-83.3156529044094,44.8789627172021],[-83.3158225024535,44.8790250032189],[-83.3157729731579,44.8790787288809],[-83.3158253818045,44.8791451319581],[-83.3159493785947,44.8791763353417],[-83.3161459065451,44.8794124826171],[-83.3161462081311,44.8795882941913],[-83.3160515885036,44.8797301537929],[-83.3158467876122,44.8797768143717],[-83.3156194082648,44.8797380450318],[-83.3154270722354,44.8798801886103],[-83.3158593713002,44.8798697276774],[-83.316009088909,44.8799967241136],[-83.316097773643,44.8802174835991],[-83.3160114471595,44.8804667343876],[-83.3157959242222,44.8805886109719],[-83.3153994586094,44.8805544593833],[-83.3152746150763,44.8805935581138],[-83.315013129839,44.8809784918055],[-83.3147082041169,44.8811814584885],[-83.3146201735287,44.8814152318314],[-83.3145833391177,44.8818457333737],[-83.3143336382132,44.8821323201418],[-83.3137565092685,44.8823263348843],[-83.3127513855669,44.8825154630421],[-83.3123998356075,44.8826830276436],[-83.3123891622544,44.882783114785],[-83.3126593077116,44.8827843012063],[-83.3131841694137,44.8825470443996],[-83.313497040002,44.882459184577],[-83.3139115894006,44.8824157269424],[-83.3140913522965,44.8825451447734],[-83.314160431132,44.8825381871434],[-83.3143466214115,44.8823727475867],[-83.3150797998386,44.881986855004],[-83.315361910851,44.881703597781],[-83.3157039764886,44.8814800589478],[-83.3160122023658,44.8813620678106],[-83.3165192864655,44.8814039526403],[-83.3169780753918,44.8816813972456],[-83.3174308849382,44.8818274898887],[-83.3183602237065,44.8814247267176],[-83.3190101459377,44.8810385770891],[-83.3196491474419,44.8804189057546],[-83.3201378669775,44.880388308646],[-83.3205384006593,44.880438833474],[-83.3210262724697,44.8805670582495],[-83.321702332174,44.8808836700685],[-83.3218601953948,44.8810957499361],[-83.3216914444291,44.8815368934552],[-83.3217112226044,44.881683144031],[-83.3217558399205,44.8817356410364],[-83.3220957556839,44.8818713604057],[-83.3223004789626,44.8820613789283],[-83.3225393631254,44.8821647225802],[-83.3226268136261,44.8821256008701],[-83.3226360729927,44.8816901657089],[-83.3228388248064,44.8815834137627],[-83.3229936862444,44.8813383314512],[-83.3235139295312,44.881121502725],[-83.3238012964446,44.8810630344879],[-83.3239442525016,44.8809711793442],[-83.324121927295,44.8809633200039],[-83.3242313619529,44.8808921221113],[-83.3244636930158,44.8808761039406],[-83.3245938601673,44.880930596162],[-83.3254046888818,44.8808989166574],[-83.3259220068995,44.8810850722359],[-83.3259509668432,44.8809802649027],[-83.3262426948665,44.8809579106501],[-83.3264386605264,44.8810242261347],[-83.3268991162796,44.8809526345961],[-83.3272608472095,44.880981649434],[-83.3276907855815,44.8810748557531],[-83.3285568713489,44.8814406445781],[-83.3290109805605,44.8818208415028],[-83.3290763869179,44.8819458565962],[-83.3293501320674,44.8821829224978],[-83.3297420107262,44.8824322223878],[-83.3300970204744,44.8825288209221],[-83.3303130302217,44.8826839266766],[-83.3304417701275,44.8828481499863],[-83.330450645012,44.8829435474287],[-83.3306304689254,44.8830986689548],[-83.3306445396477,44.8832121969453],[-83.330582378521,44.8832784988925],[-83.3307664099467,44.8834208540117],[-83.3309519949619,44.8837390481615],[-83.3309085463693,44.8838966892081],[-83.3309505288937,44.8840065794468],[-83.3311159162954,44.8841347786905],[-83.3313182382338,44.8841943730652],[-83.331892051929,44.8842548938849],[-83.3323340138996,44.8841399713424],[-83.332470949341,44.8841525911284],[-83.3325501749809,44.8840823968519],[-83.3327846128788,44.8840732724212],[-83.3337861281089,44.883699506114],[-83.3339915546534,44.8837703169638],[-83.33411591434,44.8836891658854],[-83.3342157923321,44.8837206458123],[-83.3343589990097,44.8836493655859],[-83.334743182775,44.8836102725624],[-83.3348647111055,44.8836431132367],[-83.3348944117522,44.8835743393228],[-83.3350342380908,44.8834978342139],[-83.3353599122347,44.8834719584409],[-83.3354686602895,44.8833630005717],[-83.3352286571204,44.8833882955429],[-83.3353901887677,44.8832857090878],[-83.3353713509153,44.8831969411563],[-83.3356703097311,44.8831224183352],[-83.3357980374411,44.8829941764397],[-83.3359195422572,44.8830012881105],[-83.3359835622807,44.8831305552922],[-83.3360879846208,44.8831681417901],[-83.3364739429435,44.8830115955459],[-83.3368178633049,44.8830873337942],[-83.3371155835966,44.8830659483246],[-83.3372343974637,44.883157896818],[-83.337901862073,44.8831227987763],[-83.3379352313625,44.8831578766926],[-83.3378743877507,44.883248225319],[-83.3380864467287,44.8832797333624],[-83.3385947198806,44.8835590981109],[-83.3392623670984,44.8836251915334],[-83.3392940580899,44.8837494182163],[-83.3394544241719,44.8837771518207],[-83.3396813487599,44.8839316359714],[-83.3397473076453,44.8839400270266],[-83.3397087764625,44.8838859631648],[-83.3397445609767,44.8838421994069],[-83.3398647704935,44.8838775764754],[-83.3400273932516,44.8838298947755],[-83.3401127198277,44.8839682296742],[-83.3402012450758,44.8840105890805],[-83.3403286620252,44.8839415083568],[-83.340471243417,44.883936240018],[-83.3408970182706,44.8841256289376],[-83.3415471383962,44.8841269837885],[-83.3418057924944,44.8841947264808],[-83.3419442485166,44.8842794058851],[-83.3420312954727,44.8844066311439],[-83.3419063558929,44.8845795385162],[-83.3420294361124,44.8846312733837],[-83.3420819852812,44.884721679672],[-83.3419907439848,44.8849751234758],[-83.3418572110396,44.8850723647287],[-83.3416736033878,44.8851041260569],[-83.3413984521764,44.8852907015407],[-83.3411668125649,44.8853702297504],[-83.3411007712051,44.8854424507888],[-83.341120915571,44.8855029483687],[-83.3418142733134,44.8855087346453],[-83.3422789399849,44.8856086947933],[-83.3431446165829,44.8854606722317],[-83.3436160572358,44.885544490437],[-83.3439539274126,44.8853053357398],[-83.3441153250488,44.8850475121133],[-83.3440242790601,44.8849810851873],[-83.3440539027407,44.8848874379115],[-83.3439690791212,44.8848168658406],[-83.3439604175014,44.884716329075],[-83.3440304235247,44.8846364804955],[-83.3442629860516,44.8845629705116],[-83.344185536897,44.8845157244511],[-83.344171641543,44.8845557091718],[-83.3440425880481,44.8845552919771],[-83.3440097883704,44.8844550531686],[-83.3440703226022,44.884344970376],[-83.3441956929946,44.8843204320274],[-83.3445272937537,44.8840862749353],[-83.3445884292035,44.8842789311293],[-83.3448440845418,44.8842805645086],[-83.3450384236093,44.8841461364378],[-83.3451400897665,44.8839280927449],[-83.3454568754946,44.8837802066137],[-83.3454643979061,44.883642310327],[-83.3457717148565,44.8835430855747],[-83.3460362018625,44.8832464819363],[-83.3462455199834,44.8831535631793],[-83.3465226247454,44.8831608347948],[-83.346688692111,44.883037755696],[-83.34687855159,44.8830009856032],[-83.3471325152633,44.8830394501783],[-83.3470601407319,44.8832238703316],[-83.3471082397885,44.8832798682629],[-83.3472063432888,44.8832975746062],[-83.3473357671778,44.8832371083765],[-83.3474908356561,44.8833015845122],[-83.3471347061947,44.8833868211874],[-83.3471473638877,44.8835048637501],[-83.3472407775421,44.8835993824284],[-83.3474646088585,44.883663733513],[-83.3477400806719,44.8836803973118],[-83.3478530372649,44.8837681729238],[-83.3479824869423,44.8837606143762],[-83.3480364971129,44.8838976229141],[-83.3482416551985,44.8839226880167],[-83.3483476643973,44.8840048949819],[-83.3481653961909,44.8840075399798],[-83.3481673446638,44.8840967730945],[-83.3482747622528,44.8842536214736],[-83.3483142986771,44.884444060915],[-83.3485070001541,44.8846088849698],[-83.3484090959847,44.8848767580108],[-83.3485389630016,44.8849206063874],[-83.3487671026928,44.8804963045869],[-83.3513126908518,44.880508578889],[-83.3514937345675,44.8768157858997],[-83.3540337632024,44.8768331790387],[-83.3535471376688,44.8870411482762],[-83.3536444470569,44.8870075958634],[-83.3538849824296,44.8870500237921],[-83.3542048019107,44.8870205284192],[-83.3542139951145,44.8869512773509],[-83.3545903148818,44.8867146932789],[-83.354755104826,44.8868308383658],[-83.3549249469614,44.8868098866856],[-83.355449372508,44.8870020761618],[-83.355952467937,44.8873181193821],[-83.3561796695413,44.8876792532267],[-83.355984406431,44.8878342603733],[-83.3560415646844,44.8879299118362],[-83.3564922922633,44.8879926167506],[-83.3569883831798,44.8879071483782],[-83.3571620572035,44.8878022393138],[-83.3577537519121,44.8878158769857],[-83.3578929446053,44.8878851185019],[-83.3580721613008,44.8878437964005],[-83.3583038551447,44.8880009264588],[-83.3582669860663,44.8882539193114],[-83.3583781226266,44.8882770618157],[-83.3586835298527,44.8885902539183],[-83.3586084676898,44.8887548942504],[-83.3586171033755,44.8889094567621],[-83.3584869294632,44.8890127979354],[-83.3585327965732,44.8890387239128],[-83.359554921407,44.8888727435995],[-83.3596733683989,44.8888943380525],[-83.3597088808611,44.8889886320197],[-83.3600380662937,44.8890185092691],[-83.360082952636,44.8890924371529],[-83.3602903734913,44.8891735366933],[-83.3603113434618,44.8892957960649],[-83.3602109032241,44.8892231614659],[-83.3601147242094,44.8892423867818],[-83.3601638891065,44.8893018339156],[-83.3600966270958,44.8893483094012],[-83.3600863473696,44.8894415488384],[-83.3601940563058,44.8895134928736],[-83.3617101329035,44.8895741172086],[-83.3620935835951,44.8896575488877],[-83.3624582681923,44.8896762299105],[-83.3625306068231,44.8897302065482],[-83.3625170159589,44.8898962634091],[-83.3625857746969,44.8899758848958],[-83.3628606969821,44.8900053637948],[-83.3630470913331,44.8900979807218],[-83.3632285629102,44.8900867180437],[-83.3631451222079,44.8901971417565],[-83.3631609299942,44.8903004142731],[-83.3629817077335,44.8903417441437],[-83.3629454389198,44.8906084732113],[-83.3628007529171,44.8908186817564],[-83.3628053363935,44.8908505178909],[-83.3628893488033,44.8908335836609],[-83.3629171730862,44.8909114053486],[-83.3628764635668,44.8909576360328],[-83.3629896349184,44.8909362269701],[-83.3632063923947,44.8907594055517],[-83.3632375773053,44.890710383429],[-83.3631907823166,44.8906252649225],[-83.3633194590611,44.8906342267945],[-83.3633808550534,44.8905575998948],[-83.3634526567384,44.8905703991042],[-83.3635215304479,44.8906740347351],[-83.3636000953194,44.8906972811689],[-83.3637207014176,44.8909101597222],[-83.3636274902225,44.8911026862324],[-83.3638386133839,44.8912087354176],[-83.363772362864,44.8912595236942],[-83.3638884346597,44.8913599559889],[-83.3642008828383,44.8913184454832],[-83.3643313614697,44.8912348305211],[-83.3643915534788,44.8911315892699],[-83.3645646044296,44.8910137916911],[-83.3643828244046,44.8909787403765],[-83.3646908024886,44.8905999104361],[-83.3651973736593,44.8903902989059],[-83.3653956411596,44.8903811339509],[-83.3655869022253,44.8904464161881],[-83.3657218079552,44.890371477114],[-83.3656945043758,44.8905209248394],[-83.3657342686079,44.8905750089982],[-83.365933156966,44.8905787205469],[-83.3660288972712,44.890701838543],[-83.3662535939745,44.8907747483939],[-83.3661316307332,44.8908834321562],[-83.366152877254,44.8911060324229],[-83.3659737353024,44.8911190683834],[-83.3662183737239,44.8912310277185],[-83.3664229986111,44.891480137284],[-83.3668525002239,44.8915328809996],[-83.3675467690169,44.8919716092224],[-83.3672693257283,44.8922628171967],[-83.367580726187,44.8923128461426],[-83.3675513671869,44.8924279449532],[-83.3678287502948,44.8925097799606],[-83.3679030312495,44.8927601816408],[-83.3678919055874,44.8928722688138],[-83.3678024449581,44.8929559723421],[-83.3674899841999,44.8930088285054],[-83.3672431001989,44.8931849660327],[-83.3669640316527,44.8932728904991],[-83.3668367943483,44.8936833196684],[-83.3666935994415,44.8937812245406],[-83.3665791677761,44.8939629749612],[-83.3665687221422,44.8942989046707],[-83.3666142411222,44.8943857075052],[-83.3667138442675,44.8944240132695],[-83.3668409775525,44.894414069999],[-83.3673590168628,44.8946429319394],[-83.3675671694969,44.8946820151738],[-83.3677084568294,44.8946526703928],[-83.3678389399664,44.8945158821126],[-83.3680117134155,44.8945635842648],[-83.3681600746258,44.894537832514],[-83.3680849668547,44.8944383450538],[-83.3681912294192,44.8942769874194],[-83.3684042814051,44.8943144655668],[-83.3684954071104,44.8944066027607],[-83.3686341231082,44.894460383769],[-83.3686525432916,44.8946657660345],[-83.3687585196708,44.8948028376333],[-83.3689356098383,44.894861786355],[-83.3690856442235,44.8948257809349],[-83.3692506791837,44.8949642072687],[-83.3695171510359,44.8950740880681],[-83.3695932028168,44.8949137511961],[-83.3697880220382,44.8949808239551],[-83.369997153425,44.8948655603243],[-83.3702327185521,44.8948855429183],[-83.370381387267,44.8951187823521],[-83.3704059955596,44.8952677072937],[-83.3704680852637,44.8953085796799],[-83.3704289712682,44.8953994433247],[-83.3704766759232,44.8954382706325],[-83.3707272124864,44.8954740318755],[-83.3709860686908,44.8955657251149],[-83.3710922086692,44.8955132742552],[-83.3710413168065,44.8954383560723],[-83.3710752187326,44.8954091179449],[-83.371221637576,44.8953464416447],[-83.3713983811877,44.8953333425059],[-83.3717270279678,44.8955355463093],[-83.3719855355403,44.8955817784079],[-83.3724054745417,44.8957663481685],[-83.3726089693222,44.8958018843099],[-83.3727114585108,44.8959362999909],[-83.3728456332729,44.8960105526411],[-83.3727282197914,44.8960987648076],[-83.3727716911927,44.8962309699728],[-83.3729190072674,44.8962815125345],[-83.3731370837155,44.8962882243888],[-83.3735517797212,44.8964289340333],[-83.3737577722477,44.896595733432],[-83.3736856138354,44.8966704048968],[-83.3738147349695,44.8966965174879],[-83.3735927438415,44.8970155946331],[-83.3733776963694,44.8969686476116],[-83.3734411071726,44.8969006365213],[-83.3733645907605,44.896885162427],[-83.3733187919957,44.896937282651],[-83.3731621444732,44.8969594209002],[-83.3731630362806,44.8968865481566],[-83.37304861484,44.8969619651502],[-83.3731212848576,44.8970622514092],[-83.3731054278503,44.8972522690826],[-83.3732688435092,44.8972937471967],[-83.3733365377809,44.897397348696],[-83.3735241751621,44.8974368081919],[-83.3736431933382,44.8975527341168],[-83.3739180776754,44.8975307312005],[-83.3741560322418,44.8976579564603],[-83.3742862895536,44.8977921485684],[-83.3744390886236,44.8977484809148],[-83.3744279015151,44.8979420359372],[-83.3743477752936,44.8980859890769],[-83.3740486370227,44.89832354648],[-83.3741087542696,44.8984612777009],[-83.3743252495798,44.8985562804716],[-83.3748284528193,44.8986081096429],[-83.3750408182848,44.8985546570831],[-83.3752481388464,44.8986391571952],[-83.3752811950258,44.8987351048313],[-83.3753972201211,44.8987840697788],[-83.3753861523114,44.8989750552817],[-83.3755858275301,44.8992283226425],[-83.3756948185817,44.8992994231182],[-83.3758269393996,44.8993127380443],[-83.3762218138202,44.8996785257915],[-83.3762612863588,44.8997660433285],[-83.3761403683153,44.8998250221572],[-83.376211073807,44.9000487515991],[-83.3761079702289,44.9001938942646],[-83.3752473884609,44.9007856455452],[-83.3751065203494,44.9008321596722],[-83.3748186329025,44.900847865192],[-83.3748960900544,44.9008959475069],[-83.374916588345,44.901002755616],[-83.3748188458556,44.9011625990036],[-83.3743516371248,44.9013277029743],[-83.3740891376773,44.901315687797],[-83.3739269971868,44.9013788655955],[-83.3737604220569,44.901353610448],[-83.3735930382837,44.9015856086621],[-83.3736193660125,44.9016702536856],[-83.3741936332166,44.9016722590656],[-83.374487626783,44.9016283946386],[-83.3745635225506,44.9015512360914],[-83.3752688556676,44.9014301739736],[-83.3765303920047,44.9011237356736],[-83.3769005561587,44.9011030477185],[-83.3771251484087,44.9011527795373],[-83.3771628206934,44.9010936114048],[-83.3773454918645,44.9010832118622],[-83.3780344734756,44.9012164577212],[-83.3784497854251,44.9012379606414],[-83.3787515304249,44.9013426227344],[-83.3792268239353,44.9012385737401],[-83.3795956390039,44.9013010301729],[-83.3803926152668,44.9012343425782],[-83.380547868657,44.9011898658121],[-83.3804819092801,44.9011008866401],[-83.3805797596491,44.900991638086],[-83.3807093514032,44.900954292499],[-83.3810091020909,44.9009697157964],[-83.3812330456992,44.9008470535792],[-83.3814406160927,44.9009264026955],[-83.3816501142419,44.9009097484765],[-83.382001255506,44.901069557508],[-83.3817314871194,44.901298371464],[-83.3817844558243,44.9013544655788],[-83.3819844382659,44.9013881896388],[-83.3821429966414,44.901350646759],[-83.382327116342,44.9013882963277],[-83.3825828749084,44.9013092355002],[-83.3827244696244,44.9012198503387],[-83.3826063265845,44.9011373988153],[-83.3826927833305,44.9010398943626],[-83.3830424254326,44.9010727446802],[-83.3832476006853,44.901018255795],[-83.3837939349042,44.9012251666905],[-83.3837919627612,44.8977960941642]]],[[[-83.3835544964481,44.9024827075276],[-83.3832872438292,44.9024166549447],[-83.3831229656066,44.9024852150591],[-83.3835544964481,44.9024827075276]]],[[[-83.3827642911222,44.9024004309559],[-83.382612953557,44.9024881765965],[-83.3829421362812,44.9024862654057],[-83.3829759059225,44.9024438525227],[-83.3827642911222,44.9024004309559]]],[[[-83.3811005019251,44.9024969451473],[-83.3807762745424,44.9023884777534],[-83.3805536563695,44.9025001105058],[-83.3811005019251,44.9024969451473]]]]},"properties":{"NAME":"Negwegon State Park","CreatedUser":"MichiganDNR"}},
{"type":"Feature","geometry":{"type":"Polygon","coordinates":[[[-86.3118378842015,42.3303451271569],[-86.3120427632193,42.3299539764559],[-86.3063366910562,42.3299848918467],[-86.3064136817053,42.3290347317757],[-86.306382340108,42.3282019106549],[-86.2990235564687,42.3282248733857],[-86.2989947038378,42.3286114849124],[-86.2979664133077,42.3286209903686],[-86.2979763356882,42.3293506773995],[-86.2969716866125,42.3293589094535],[-86.2969732171358,42.3294977958929],[-86.2964575326165,42.3295008470162],[-86.2962692082713,42.3298773883352],[-86.2963360783096,42.3299204932509],[-86.2961050272671,42.3301350147224],[-86.2961192161951,42.3308980377701],[-86.2953700522857,42.3309025745179],[-86.2939360252998,42.3345112407514],[-86.2944796138461,42.3336498057785],[-86.2949507181257,42.3330763354706],[-86.2954455266722,42.3326133114464],[-86.2966775347601,42.3316132839581],[-86.2966562660431,42.3309028549638],[-86.2984072732341,42.3308935480459],[-86.2957568134841,42.3330577849538],[-86.2950340892095,42.3338638657739],[-86.294584898462,42.3346665708406],[-86.2931994804344,42.3381518773624],[-86.2925038417321,42.3381564358029],[-86.2916736999443,42.340245396669],[-86.2920867948219,42.3402426924709],[-86.2920689584446,42.3396278357276],[-86.2921915381075,42.3396270335974],[-86.2921759486679,42.3390895856314],[-86.2969004755225,42.3390585677406],[-86.2968725979308,42.3381277383565],[-86.3006084495924,42.3381030720738],[-86.3009181560413,42.3377426633817],[-86.3017015491631,42.3377374733861],[-86.301705343698,42.3378639482147],[-86.3014990818008,42.3380971739015],[-86.3017122971291,42.3380957605159],[-86.3017155927019,42.3382056337233],[-86.3009509377627,42.3382163910945],[-86.2970338059596,42.3426451201404],[-86.3047880637683,42.3425730631032],[-86.3056363302626,42.3410190317373],[-86.3058158693805,42.3408316555388],[-86.3059209693346,42.3405372529365],[-86.3061333260189,42.3401842816113],[-86.3061168579799,42.3401174274659],[-86.3062848222443,42.3396556452191],[-86.3064488760108,42.3393619621472],[-86.3071342250133,42.3382463313154],[-86.3073941587701,42.3379395563803],[-86.3075313926534,42.3375936209954],[-86.3085452318223,42.3359969531279],[-86.3087708036622,42.3354981544211],[-86.3093502750055,42.3345088289066],[-86.3095826145307,42.3342424231389],[-86.3103622780957,42.3330442206338],[-86.3111524478577,42.3316691807936],[-86.3118378842015,42.3303451271569]]]},"properties":{"NAME":"Van Buren State Park","CreatedUser":"MichiganDNR"}},
{"type":"Feature","geometry":{"type":"MultiPolygon","coordinates":[[[[-83.4578996539107,42.670546681179],[-83.4555572343343,42.670624952342],[-83.4556356013419,42.6723485378482],[-83.4529994947148,42.6724385371331],[-83.4528473968044,42.6723597128402],[-83.4526999273637,42.6725899603924],[-83.4526019521454,42.67254988072],[-83.4517364897053,42.6725778296392],[-83.4517285166735,42.6724040653008],[-83.4521092212736,42.672426711108],[-83.4524994610322,42.6725147244073],[-83.4526141003792,42.6722253633581],[-83.4516960541372,42.6716966732561],[-83.4513657088147,42.6652872297368],[-83.4491919360291,42.6653653130793],[-83.4490318447476,42.6617157585989],[-83.4441480888442,42.6619075290019],[-83.4441466228571,42.661873023297],[-83.4435479109454,42.6618883772813],[-83.4435938326221,42.6629704283437],[-83.4421451811458,42.6626961512817],[-83.4419923966389,42.6626110882252],[-83.4394790735659,42.6626739867068],[-83.4387172982116,42.6637921556334],[-83.4391567593686,42.673050164457],[-83.4402464306992,42.6735300287651],[-83.4372593730646,42.6736078324217],[-83.4373048574127,42.6744311054045],[-83.4363755189913,42.674455295858],[-83.4367362510107,42.6809857245687],[-83.4350625717664,42.6810263552528],[-83.4351717035747,42.6846708514939],[-83.4336610724179,42.6847094283594],[-83.4336435672905,42.6846566375027],[-83.4319172620163,42.6846727166133],[-83.4319204185384,42.6847538540547],[-83.4336706477821,42.6847383028569],[-83.4341486391773,42.6868630115435],[-83.4320398808463,42.6878238084532],[-83.4320811122215,42.6887982464854],[-83.4348648966267,42.688733095853],[-83.4345877861738,42.6883339705493],[-83.4347193666338,42.6883304402778],[-83.4350108479569,42.6887296779157],[-83.440906032158,42.6885914782508],[-83.440953036912,42.6892324105703],[-83.4402641613907,42.6892415819101],[-83.4408812899597,42.6911071281837],[-83.4415084151118,42.6916497739442],[-83.4415175340256,42.6923812419944],[-83.4416873213689,42.6924105886667],[-83.4416752840094,42.6918485404042],[-83.4431174873608,42.6922203196181],[-83.4428617805095,42.6927181855505],[-83.4432196319147,42.6927432843287],[-83.4438386702884,42.6927109501635],[-83.4455568097447,42.6924842703135],[-83.4456622816013,42.6946881175883],[-83.4505738329388,42.6944968648554],[-83.4506284228418,42.69546456695],[-83.4555376820768,42.6952841483138],[-83.4554853591794,42.6943054022994],[-83.4653093090571,42.6939177118745],[-83.4653760405414,42.6955849789561],[-83.4667145039169,42.6955526237547],[-83.4667751156982,42.6970661417127],[-83.4673647061546,42.6971108474545],[-83.4687204570004,42.6973540388037],[-83.4695127722492,42.697437001769],[-83.4702811096873,42.6974241720396],[-83.4708237219487,42.6973556569327],[-83.4714800276983,42.6972098791468],[-83.4720346517791,42.697018917374],[-83.4728104611131,42.6966260969509],[-83.475368015455,42.6950272854932],[-83.475310119399,42.6936938813572],[-83.509864781242,42.6929935922467],[-83.5095100056861,42.6857381685824],[-83.5092238372594,42.6784557466857],[-83.5090591019762,42.6784587152899],[-83.5084601997758,42.677905860887],[-83.5081209297591,42.677410112793],[-83.507816969854,42.6772197714208],[-83.5059781544103,42.6764497892033],[-83.5007436376334,42.6743755518972],[-83.4972241815013,42.671425254364],[-83.4966053953249,42.671438694617],[-83.4965823131345,42.6708580512685],[-83.4960703645208,42.6704508807135],[-83.4957932397641,42.6702885607439],[-83.4940947777257,42.6696338884536],[-83.4941427834381,42.6704136634439],[-83.493701278006,42.6702561191069],[-83.4915063673407,42.6696583619414],[-83.4903819364115,42.6693968104528],[-83.4904305246106,42.6686874669183],[-83.4897452991973,42.6684936724791],[-83.4897329461805,42.6692286338713],[-83.4890556527717,42.6690294711375],[-83.4890639234727,42.6691810067209],[-83.4881297178971,42.669195069651],[-83.4880678992261,42.668001611387],[-83.4872734825146,42.6677667499751],[-83.4873196482896,42.6686578418398],[-83.4865870518485,42.6686688599236],[-83.4865613574931,42.6681728028312],[-83.4852031895352,42.6682158832351],[-83.4851516772136,42.6671339702808],[-83.4834106280958,42.6666076228275],[-83.4812605659838,42.66584317238],[-83.480792360757,42.6657769528097],[-83.4749577432992,42.6654768025933],[-83.4749981701732,42.6663952524685],[-83.4743269255093,42.6663724057528],[-83.4743669713301,42.6672824066502],[-83.4751126842606,42.6673049266033],[-83.4751792775,42.6688177037154],[-83.4743368234042,42.6691671054528],[-83.4741120431796,42.6693883102848],[-83.4745815817661,42.6791151239248],[-83.4645770055745,42.6792836273882],[-83.4645270687344,42.678256644671],[-83.4626220684921,42.6783337745811],[-83.4626560013712,42.6766040319681],[-83.4616552393666,42.6765313455433],[-83.4616012493285,42.6754198965119],[-83.4602402756506,42.6754324428325],[-83.4602250971616,42.6749890868386],[-83.4590011934283,42.6747263688893],[-83.4585147122717,42.6746977161702],[-83.4574143181703,42.6747154571469],[-83.4573967109719,42.6742261598391],[-83.4562459604653,42.6741989405704],[-83.4556469041766,42.6741214063033],[-83.4551475591637,42.6739562006863],[-83.4544715959419,42.6736231104208],[-83.4544628180346,42.673453594085],[-83.4555625790758,42.673955412177],[-83.4560651300669,42.6740471920807],[-83.4566076321697,42.674075357846],[-83.4573917837571,42.6740892397799],[-83.4573797559948,42.6737549682777],[-83.4584593367051,42.6737341172614],[-83.4591284588767,42.673779874648],[-83.4602163140509,42.6739769074361],[-83.4643686302815,42.6749980846541],[-83.4642878656991,42.6733368884254],[-83.4613142690266,42.6734335290683],[-83.4612576816227,42.6722684399664],[-83.4593221131698,42.6723315241898],[-83.4604080545251,42.671265700101],[-83.459705254442,42.6712465494863],[-83.4597431220857,42.6711332712309],[-83.4594659539074,42.6707439823027],[-83.4594855670199,42.6705788066936],[-83.4592395045102,42.6705297626852],[-83.4592364435976,42.6704630221213],[-83.4578943305493,42.6704305225619],[-83.4578996539107,42.670546681179]]],[[[-83.4948092750789,42.6860993920098],[-83.4911077503888,42.6861415042202],[-83.4910917051184,42.6857850504252],[-83.4898454485497,42.685799202062],[-83.4899396480184,42.6877449001185],[-83.4923168325863,42.6877062391463],[-83.492402173977,42.6895729224512],[-83.4900314527136,42.6896114774415],[-83.4900391387951,42.6897677441654],[-83.4949735462703,42.6896893803827],[-83.4948092750789,42.6860993920098]]],[[[-83.4417064423798,42.6844740703333],[-83.44168176671,42.6838967833342],[-83.4392552059924,42.6839816710972],[-83.4392759135471,42.6845511058412],[-83.4417064423798,42.6844740703333]]],[[[-83.4946581269907,42.6824209137662],[-83.4946281284695,42.6816908254859],[-83.4935226172306,42.6824388435241],[-83.4946581269907,42.6824209137662]]],[[[-83.4450492320237,42.6809698217378],[-83.4450379493694,42.6806952597372],[-83.4415501510788,42.6808173658207],[-83.4415618843268,42.6810919124293],[-83.4450492320237,42.6809698217378]]],[[[-83.4498540391178,42.6726385988246],[-83.4498506467354,42.6725646314458],[-83.4493304748508,42.6725907751991],[-83.4493334384362,42.6726553994953],[-83.4498540391178,42.6726385988246]]],[[[-83.4571488427086,42.6705472094367],[-83.4571392094333,42.6704989381339],[-83.4569199207049,42.6704340934293],[-83.4568983933851,42.6704718740389],[-83.4571488427086,42.6705472094367]]]]},"properties":{"NAME":"Pontiac Lake Recreation Area","CreatedUser":"MichiganDNR"}},
{"type":"Feature","geometry":{"type":"MultiPolygon","coordinates":[[[[-83.8546442171267,42.5126499811117],[-83.8547860574961,42.5117851498336],[-83.8549104497298,42.5064488805991],[-83.8537982940777,42.5064767198546],[-83.8537308662443,42.5052507616534],[-83.8548350849318,42.5052220899187],[-83.8545621291811,42.5028393202787],[-83.8546839139345,42.5028364458511],[-83.8544427325485,42.5007041697498],[-83.8547168954009,42.4991751784473],[-83.8544621441086,42.4991841594188],[-83.8555030062942,42.4927863574872],[-83.8558750798132,42.4918853191113],[-83.8498081084663,42.4920250275241],[-83.8493168076343,42.4841902646597],[-83.8346296905156,42.4846049515336],[-83.8346629305594,42.4852082703219],[-83.8286365102683,42.485390129917],[-83.8286393703028,42.4854351145107],[-83.8297693660984,42.4853910902579],[-83.8302270442531,42.4925963966589],[-83.8234410874361,42.492843306072],[-83.8224165016809,42.4978674097875],[-83.8215809371237,42.4978286897198],[-83.8207944503793,42.4973285572695],[-83.8201283529737,42.4857345509828],[-83.8258466033861,42.4855026348406],[-83.8256613667046,42.481907939202],[-83.8175191741532,42.4822173134876],[-83.8177187929621,42.4858315108243],[-83.815309236462,42.4859284689584],[-83.8155018992818,42.4895156713397],[-83.810688273015,42.4896960598073],[-83.8110366029209,42.4968456357634],[-83.806070569667,42.4970345161975],[-83.8060741143595,42.4971071681491],[-83.8039311042668,42.4971694130185],[-83.8037556241549,42.4967095785986],[-83.803150929987,42.4966292558301],[-83.8029864501429,42.496536121233],[-83.8029000402801,42.4963631543846],[-83.802942539106,42.4959828907374],[-83.8028173544085,42.4955993507288],[-83.8027184661432,42.4954518320129],[-83.8023204355838,42.4952556475434],[-83.801941148493,42.4948585753493],[-83.8017828944071,42.4949154289797],[-83.8017962691707,42.4950270219247],[-83.8020194594144,42.4952583286664],[-83.8024817033953,42.4954386406918],[-83.8025836447638,42.49550058088],[-83.8026212192883,42.4955826716631],[-83.8024404249475,42.4957846730973],[-83.8022956767597,42.4961115549155],[-83.802313765848,42.4962532130136],[-83.802424371334,42.4963966791598],[-83.8027006767395,42.4965990483886],[-83.8035038417118,42.4968981206939],[-83.803665195008,42.4971311853722],[-83.8035476617591,42.4972156550371],[-83.8031381347884,42.4971286472296],[-83.803026993361,42.497067036852],[-83.802941270808,42.4970821715167],[-83.8029643165214,42.4973116537994],[-83.8028723754618,42.4975010669883],[-83.8022560373593,42.4975856790976],[-83.8021862141057,42.4976326420633],[-83.8021155458426,42.4978623937474],[-83.8011442414681,42.4977887734895],[-83.80142352481,42.5041926810148],[-83.8096344071717,42.5038738658178],[-83.809781593951,42.507727546968],[-83.8114649931557,42.5076620586718],[-83.811804966559,42.5166982428942],[-83.8175730407253,42.5165267604737],[-83.8178534236563,42.5158886395755],[-83.8179148095937,42.5155203788287],[-83.8179435748499,42.5151634036142],[-83.8177997446497,42.5145949365609],[-83.8195832706066,42.5154600509612],[-83.8239684077893,42.5155171275567],[-83.8248249537691,42.5138199323636],[-83.821473048739,42.5139210170981],[-83.8228562907534,42.5138784796368],[-83.8225694261499,42.5110052913758],[-83.8234241320114,42.509864435277],[-83.825307126381,42.5094648992362],[-83.8262241287249,42.510065079024],[-83.8261063273472,42.5072313897364],[-83.8259675096039,42.5036104352737],[-83.8260238051823,42.5050266612706],[-83.8269967225784,42.5049979640001],[-83.8276988140595,42.5063509844603],[-83.8286760921851,42.5059744873779],[-83.8301075648854,42.5062189085497],[-83.8309864634195,42.5070816911854],[-83.8312940430006,42.5117844693719],[-83.8316065638747,42.5119393906961],[-83.8320018440577,42.5136151055887],[-83.841265457813,42.5133023059088],[-83.8409837686933,42.510441881968],[-83.8483749169363,42.5102414068415],[-83.8482020461714,42.5066219188927],[-83.8494372763212,42.5065884273908],[-83.8496134407892,42.5102078196702],[-83.8508318150533,42.5101751023658],[-83.8509579550474,42.5127630252015],[-83.8546442171267,42.5126499811117]]],[[[-83.8571041082519,42.522047543529],[-83.8594798972788,42.521088899909],[-83.8589839256283,42.5199450842115],[-83.8585430236592,42.5190816498638],[-83.8566929021017,42.5162513196691],[-83.8558018315407,42.516272861792],[-83.8556232460523,42.5165576219025],[-83.8552890090759,42.5173152179221],[-83.8552437584499,42.5177587812736],[-83.8554083122787,42.5187352511771],[-83.8558364330777,42.5202545701279],[-83.8571041082519,42.522047543529]]],[[[-83.9118501271535,42.5253217870978],[-83.9196172951911,42.5250212935368],[-83.9193314462554,42.519770451714],[-83.9192202293869,42.519773937631],[-83.9190809896686,42.5201470142918],[-83.918213601004,42.5205394192559],[-83.9165897700013,42.520590332552],[-83.9166224329536,42.5211250471927],[-83.9161213211496,42.5218940432038],[-83.9140752546456,42.5219656285021],[-83.9142905156696,42.5251457626929],[-83.9118440025166,42.5252313152428],[-83.9118501271535,42.5253217870978]]],[[[-83.911597045496,42.5216569343104],[-83.910853350087,42.5106609207207],[-83.9105572068609,42.5014020039389],[-83.9046675658098,42.5015822106105],[-83.9105566250844,42.5013839724022],[-83.9104587192041,42.4973193564316],[-83.9102211737837,42.4940459282287],[-83.9072291931464,42.4941520395949],[-83.9069702316132,42.4904329192627],[-83.899103763584,42.4907501726623],[-83.8992091595249,42.4923339444849],[-83.8943209375471,42.4925068669964],[-83.8942173317282,42.4909469665616],[-83.8893308455818,42.4911435511066],[-83.8898126437112,42.4984102931757],[-83.8848659938319,42.498497581413],[-83.8848060524144,42.4975999031403],[-83.8798589442385,42.4976869996978],[-83.8800140401112,42.5004100451199],[-83.8701284618933,42.5006304627296],[-83.8699064198243,42.4970062465841],[-83.8649808941419,42.4971259792821],[-83.8649523878567,42.4967033623559],[-83.8625439464693,42.4967582069419],[-83.8626069305399,42.4976924939421],[-83.8595602523231,42.4977570203777],[-83.8596695654934,42.4972860580482],[-83.8596729474099,42.4964138852981],[-83.855269506995,42.4965103458153],[-83.8548274355716,42.4992006189056],[-83.8651037725198,42.4989476815414],[-83.8652861718635,42.5025643601605],[-83.8592385552704,42.5027165655635],[-83.8587331088186,42.5063530243989],[-83.8552751075128,42.5064413458075],[-83.8551573655449,42.5126347569511],[-83.8564932614805,42.5125932397138],[-83.8565135495481,42.5129549524123],[-83.8577625118713,42.5129127626145],[-83.8578913891929,42.5126597876002],[-83.857597426963,42.5132602300113],[-83.8564274285465,42.5152284251865],[-83.8588805933765,42.5189674722276],[-83.8608682786983,42.5234458888868],[-83.8631166229057,42.5233642523015],[-83.8629943969338,42.5224344574122],[-83.8628563199746,42.5220710674032],[-83.8628506407155,42.5218401164529],[-83.8632094380372,42.5206044447081],[-83.8631972926344,42.5203186137478],[-83.8630519926757,42.5199441076642],[-83.8628166830462,42.519684717495],[-83.8622851622732,42.5193196230199],[-83.8623105182978,42.5189403261541],[-83.8622589651195,42.5188906497083],[-83.8618350632369,42.5190429159591],[-83.8616710628855,42.5190751274183],[-83.8615378888247,42.5190526040168],[-83.8613906550829,42.5189309920201],[-83.8612319531194,42.5186266676803],[-83.8612972129425,42.5197695366217],[-83.86107214826,42.5161177908786],[-83.8708641721473,42.5158200140762],[-83.8705956641663,42.5121785310606],[-83.8756713412572,42.5120022833923],[-83.8754514453029,42.5078034755904],[-83.8803930816786,42.5077262280241],[-83.8802961726921,42.505854840449],[-83.8753547562732,42.5059572596639],[-83.8751652423881,42.50233790231],[-83.8924410244666,42.5019553567906],[-83.8926241952464,42.5055748215292],[-83.893849001288,42.5055374685854],[-83.8939042250938,42.5066275303048],[-83.8902337775955,42.5067355850481],[-83.8904740221919,42.5114836246067],[-83.8953624937177,42.511286610995],[-83.8955522311826,42.5149443885616],[-83.8906632537083,42.5151382957017],[-83.8908525206504,42.5187929793178],[-83.9055208692943,42.5182198441571],[-83.9059024974547,42.525547518967],[-83.9116006127571,42.5253315348214],[-83.9118266389951,42.5250506332225],[-83.911597045496,42.5216569343104]]]]},"properties":{"NAME":"Brighton Recreation Area","CreatedUser":"MichiganDNR"}},
{"type":"Feature","geometry":{"type":"MultiPolygon","coordinates":[[[[-86.3561714848675,45.9644402803426],[-86.3554462135089,45.9644393717168],[-86.3551823468745,45.9651237832177],[-86.3551224801087,45.9656674661919],[-86.354990473457,45.9658274740314],[-86.3547767488364,45.9659128894097],[-86.3545268153212,45.9667538394278],[-86.3540462049874,45.967788449745],[-86.3538062516916,45.9682208532154],[-86.3531294579281,45.9690868833767],[-86.3530374549268,45.9694702146031],[-86.3531098260092,45.9698023441447],[-86.3534265756245,45.9705241699572],[-86.3542120042943,45.972866749613],[-86.3547671925739,45.9734974261558],[-86.3549873100874,45.9738241095154],[-86.3562971124461,45.9761214901054],[-86.3646033623597,45.9762175405693],[-86.3645130493997,45.9725976858263],[-86.3645292846247,45.9704922286978],[-86.364443680043,45.9653532765849],[-86.3645049988195,45.9653542027589],[-86.3645062746493,45.9617292065856],[-86.358379796145,45.9616873357132],[-86.3581886103064,45.9621706460462],[-86.3590534394163,45.963898555447],[-86.3589595769758,45.9644437302119],[-86.3561714848675,45.9644402803426]]],[[[-86.3443683074196,45.9438892953943],[-86.3444708395194,45.9438902284852],[-86.3445030943478,45.9398895563231],[-86.3237361607931,45.9398061033405],[-86.3237862786583,45.9484720937534],[-86.3241111891664,45.9484730129184],[-86.3241757874409,45.9497876991861],[-86.3260237810572,45.9497973085174],[-86.3259300890706,45.94943798707],[-86.3260676391953,45.9489149877315],[-86.3264242574527,45.9483611897344],[-86.326805352078,45.9479595770753],[-86.3272613302278,45.9475865552402],[-86.328509823556,45.9467270676329],[-86.3294771132869,45.9462037480928],[-86.3301194955025,45.9459364853942],[-86.3309182611432,45.9456811151279],[-86.3309543322154,45.9456295734223],[-86.3316664527161,45.9453538711622],[-86.3327280620596,45.9449948530339],[-86.3349258586109,45.9445886283041],[-86.3381860943381,45.9441380898268],[-86.3387221183663,45.9440137458077],[-86.3413440036905,45.943843447525],[-86.3443683074196,45.9438892953943]]]]},"properties":{"NAME":"Indian Lake State Park","CreatedUser":"MichiganDNR"}},
{"type":"Feature","geometry":{"type":"MultiPolygon","coordinates":[[[[-84.6302201479802,45.3968779135822],[-84.6274060807104,45.3968403473757],[-84.6274008652598,45.3979788602693],[-84.6286665886159,45.3979792859605],[-84.6282111041109,45.3985178445656],[-84.6276043177222,45.3990350126687],[-84.6266840995557,45.3995664245613],[-84.6258987648203,45.3998619526361],[-84.624149367093,45.40024001619],[-84.6241500371431,45.4003320862076],[-84.6191079842287,45.400332568357],[-84.619121171052,45.4016144440848],[-84.6193119031836,45.4023955062152],[-84.6188866846484,45.4025286256441],[-84.6191312557916,45.4027344699253],[-84.6191348373941,45.4028616859108],[-84.6198108844023,45.4035071551995],[-84.6200977937767,45.4036377893466],[-84.6205157760791,45.403717129474],[-84.6208123555978,45.4036163836719],[-84.6212636607466,45.4032417086519],[-84.6216498199653,45.4032207235651],[-84.621807110466,45.4032496758086],[-84.6221210946927,45.403434931588],[-84.6223881913993,45.4040835786087],[-84.6226333518497,45.4042631473017],[-84.6239632714723,45.4046820993461],[-84.6250026903368,45.4047750772789],[-84.6252811653727,45.404762540581],[-84.625919999193,45.4051256606131],[-84.6266515643076,45.404804359871],[-84.6268773767386,45.4045817442656],[-84.6271681560726,45.4044421471265],[-84.6276516246278,45.4039655126771],[-84.6285058122696,45.4039704746263],[-84.6287786343559,45.4037228260961],[-84.6312133965503,45.4021440126313],[-84.6340819994857,45.4008327367363],[-84.634045059031,45.3988488581881],[-84.6305688580695,45.3992897107509],[-84.6302201479802,45.3968779135822]]],[[[-84.6333881119095,45.3967896569018],[-84.6342954771045,45.3968236106757],[-84.6342941628154,45.3963709765187],[-84.6333921144012,45.3963370357341],[-84.6333881119095,45.3967896569018]]]]},"properties":{"NAME":"Burt Lake State Park","CreatedUser":"MichiganDNR"}},
{"type":"Feature","geometry":{"type":"MultiPolygon","coordinates":[[[[-83.2211382425768,42.7642358183164],[-83.2359079755952,42.7638995858915],[-83.2405050707936,42.7637557283588],[-83.2404094666371,42.7599458203294],[-83.2308926687582,42.7602150554053],[-83.2306658948635,42.7517268851243],[-83.2356323450803,42.7515581365168],[-83.2352881662379,42.7427434166983],[-83.2380174712123,42.742347457691],[-83.2393360396324,42.7421020133213],[-83.2406043403419,42.7417446058932],[-83.2443348057367,42.7405736556168],[-83.2449140184684,42.7404934607887],[-83.2453578262161,42.74049717113],[-83.2452394092241,42.7395610554796],[-83.2375865523331,42.739736201745],[-83.2375297212036,42.7347063011756],[-83.2443867667135,42.733970146332],[-83.2441109235928,42.7321686769455],[-83.234921283758,42.7331469193949],[-83.2300651251769,42.7326614682614],[-83.2248239130462,42.7323514458514],[-83.2249147172109,42.7351445904657],[-83.2244431102857,42.7359062579416],[-83.2233837437414,42.7364576944858],[-83.2213168824592,42.7371571336027],[-83.2209038425371,42.7370747382452],[-83.2205345068359,42.7365214683112],[-83.2202891000755,42.7363780384212],[-83.2149300383436,42.7365086617886],[-83.2152082929586,42.7421284990232],[-83.2153697892586,42.7422139202805],[-83.215426275968,42.7447774632112],[-83.2073212937375,42.7471244656754],[-83.206970837153,42.7471429975172],[-83.2074355471851,42.7547315826768],[-83.207552922815,42.7596812971024],[-83.2076239033142,42.7597341997174],[-83.2088889512621,42.7588225907969],[-83.2100934811485,42.7597203029668],[-83.210161625491,42.7596711961774],[-83.2117908565637,42.7597645048717],[-83.2118538790798,42.762147752365],[-83.2119020488232,42.762185700904],[-83.2118756550265,42.7612516413916],[-83.2160724119286,42.7612349233738],[-83.2160504241422,42.7606003129739],[-83.221009126295,42.7604716283925],[-83.2211382425768,42.7642358183164]]],[[[-83.2216124403194,42.7765438342341],[-83.2215923303752,42.776045975676],[-83.2203323241843,42.77606954807],[-83.2203025816085,42.7753328139447],[-83.203331720633,42.7757386488376],[-83.2034828048671,42.7793886417316],[-83.193573087465,42.7796277759199],[-83.1937325171727,42.7832732535647],[-83.1887335505775,42.7833857550786],[-83.1888097560118,42.7849185290919],[-83.1876401020113,42.785272257199],[-83.1838290280659,42.7866164386697],[-83.1827712705408,42.7868449933207],[-83.1813071630816,42.7869465803536],[-83.1804952134162,42.7871519217752],[-83.1789503391322,42.7874005605373],[-83.1792492199376,42.7910222414417],[-83.1796848351604,42.7989287859251],[-83.189538974499,42.7988493307212],[-83.1933755918876,42.79869675552],[-83.194519269646,42.7994763321039],[-83.1945236160864,42.7996141247882],[-83.1983068471229,42.7995284350543],[-83.1982701232049,42.798501920407],[-83.199993894392,42.7984324827223],[-83.1999865067629,42.79806376545],[-83.2020718421827,42.7980308003799],[-83.2028608352393,42.7969927202681],[-83.202395944104,42.7964042267814],[-83.2024607364562,42.795034381803],[-83.2026131853818,42.7939739693104],[-83.2025924646262,42.7928579587513],[-83.2026698979237,42.7924668784553],[-83.1990931108531,42.7925444807985],[-83.1989709006215,42.7905063166937],[-83.2039969343831,42.7902775289141],[-83.2041077706517,42.7925519001523],[-83.2090222652543,42.7924172167027],[-83.2091640970051,42.7953228251177],[-83.2083178459569,42.7953448042431],[-83.2083523642015,42.7961160280661],[-83.2059398116772,42.7960565467489],[-83.2054942718533,42.795814800539],[-83.2053729804602,42.7959360378582],[-83.2060154975765,42.7966424079271],[-83.2076553875314,42.7981231397784],[-83.2144805705924,42.7979358075543],[-83.2146019132805,42.7987934273213],[-83.2164375299568,42.7982194605688],[-83.2164086260045,42.7978861429114],[-83.2174396129199,42.7978595725778],[-83.2174050742066,42.7968283084057],[-83.2178401697849,42.7968096294927],[-83.2179971848359,42.7966165684499],[-83.2179282931231,42.796281646456],[-83.2180551103811,42.7960606834864],[-83.2177046455739,42.7958003358046],[-83.21811316751,42.7955020835693],[-83.2182917892779,42.795202155457],[-83.2185376142309,42.7949952228931],[-83.2190390395016,42.7949873686216],[-83.2193556713965,42.79475307203],[-83.219627680496,42.7946406472034],[-83.2199114884657,42.7947692218839],[-83.2199901175097,42.7949238546724],[-83.2202130805052,42.7949998132112],[-83.2206026761493,42.7950054215146],[-83.2208183993606,42.7947215436309],[-83.2205586477086,42.7946890080448],[-83.2199687018103,42.7944705158992],[-83.2197160756891,42.7942092592195],[-83.219414158319,42.7940666291848],[-83.2192167810799,42.7936707187444],[-83.2185705051616,42.7935216975278],[-83.2183335794619,42.7938617223964],[-83.2180676216943,42.7940005177972],[-83.2178755005543,42.7944506944836],[-83.2177578137269,42.7944519066007],[-83.2179722767683,42.7939493828969],[-83.2182509866949,42.7938039322473],[-83.2177918548173,42.7935834952004],[-83.2175552528543,42.7938190363897],[-83.2174859190928,42.7939502564337],[-83.2174823371276,42.7944549805106],[-83.2173256461439,42.7944567286571],[-83.2169971540353,42.7845069360989],[-83.2219100651999,42.7844212983234],[-83.2216124403194,42.7765438342341]]],[[[-83.2629600162791,42.7331537665465],[-83.2627367658495,42.7331594317798],[-83.262778560894,42.7341003029564],[-83.2629985413915,42.7340947297024],[-83.2631239747012,42.7373282230181],[-83.2580773174378,42.7374666915334],[-83.2581679007716,42.7414035487489],[-83.2532026730106,42.7416279622356],[-83.2533747213202,42.7456509804846],[-83.2532571780459,42.7518777529983],[-83.2596065464941,42.7517165182599],[-83.2600582111831,42.7555354351701],[-83.2602620346298,42.7593214275062],[-83.2739816060289,42.7588693754111],[-83.2739922037102,42.7589689744206],[-83.2742525059742,42.7589404715827],[-83.2743202331468,42.7590500779272],[-83.2743066340397,42.7592534381625],[-83.2741808511892,42.7595396909545],[-83.2742791398985,42.7597701027004],[-83.2746307566671,42.7599225775627],[-83.27521271911,42.7599641826892],[-83.2753095071883,42.7598320777844],[-83.2751742210434,42.7596950912054],[-83.2751144839564,42.7595085417129],[-83.2752877222288,42.7594385947217],[-83.2755134245635,42.7594726738704],[-83.275845629556,42.7596319950915],[-83.2762413893008,42.7595299925945],[-83.2765097642881,42.7594352728522],[-83.2767886714274,42.7590609273379],[-83.2775982007701,42.7588641722427],[-83.2777525552703,42.758784720368],[-83.2775691057956,42.755039246545],[-83.2770490855289,42.7536743917094],[-83.2763712279309,42.7525223683254],[-83.2759515396211,42.751302201442],[-83.2739873716077,42.7513184564368],[-83.2735550598713,42.7443438274442],[-83.2778808672776,42.7442105633323],[-83.2791542396835,42.7431154396539],[-83.2798884367388,42.7423241650475],[-83.2801943744818,42.7418729196567],[-83.2804224384836,42.7414098983374],[-83.2821539140241,42.7363162607556],[-83.2808638468766,42.7356757238802],[-83.2786494390296,42.7347682074747],[-83.278077839353,42.7345879752023],[-83.2779690073719,42.7311844249998],[-83.2630626249347,42.7314911904297],[-83.2630012493307,42.7331567259062],[-83.2629600162791,42.7331537665465]]],[[[-83.2615110426927,42.7447640175156],[-83.2615043931851,42.7451338650013],[-83.2631422163012,42.7450296147095],[-83.2631378812536,42.7431987652748],[-83.2615373057963,42.7433032638264],[-83.2615110426927,42.7447640175156]]],[[[-83.221489279641,42.7674028815292],[-83.2212627356104,42.7673833853848],[-83.2212717256042,42.7681077633738],[-83.2208848454392,42.7680617286585],[-83.2205664394523,42.7679199197201],[-83.2202628511416,42.7674817424262],[-83.2196465941883,42.7673566406629],[-83.2193587574913,42.7673953972736],[-83.2190538100144,42.7675683292387],[-83.2162859777845,42.766146054176],[-83.2163437641665,42.7676161522299],[-83.2154079537355,42.7676297501866],[-83.2154412374531,42.7681191154029],[-83.2165376359098,42.7680919412102],[-83.2192936405688,42.769709697129],[-83.2193564902658,42.769494092915],[-83.2217609856746,42.7699989919048],[-83.2223687886622,42.7691880362739],[-83.2248813520698,42.7703700971838],[-83.2262973154512,42.7709279130868],[-83.2261440333725,42.76783427129],[-83.2252357323397,42.7674889757155],[-83.2246710537811,42.767336690045],[-83.223620336196,42.7672055149734],[-83.222906970004,42.7672274328818],[-83.221489279641,42.7674028815292]]],[[[-83.2211382425768,42.7642358183164],[-83.2165964598513,42.7643393331185],[-83.2162894288955,42.7637240294019],[-83.2161540858126,42.7627905317486],[-83.2162703013982,42.7657471915265],[-83.2170066647969,42.7656344409818],[-83.2172423998724,42.7662389404602],[-83.2174130279071,42.7664677136507],[-83.2177365261754,42.7666862204427],[-83.2184656064785,42.7670100247052],[-83.2212462280008,42.7673837091687],[-83.2211382425768,42.7642358183164]]],[[[-83.2160985443447,42.7623846569248],[-83.216085006878,42.7617890756414],[-83.214692299034,42.7618312860198],[-83.2147070302264,42.7621055227572],[-83.2153121013598,42.7620952099822],[-83.215327104073,42.762368857747],[-83.2160985443447,42.7623846569248]]]]},"properties":{"NAME":"Bald Mountain Recreation Area","CreatedUser":"MichiganDNR"}},
{"type":"Feature","geometry":{"type":"Polygon","coordinates":[[[-86.2459914521657,43.0517839888158],[-86.2446686014224,43.0517662754934],[-86.2449224289964,43.0523755675021],[-86.2450305441534,43.0532309050567],[-86.2451202183822,43.0535577132645],[-86.2462252831001,43.0565166464572],[-86.2462658015523,43.0568159218307],[-86.2462144936382,43.057077876919],[-86.2459198600514,43.057662626575],[-86.2453241879406,43.0582719380666],[-86.2448876171839,43.0585977952962],[-86.2439945115139,43.0590462683837],[-86.2442819275112,43.0590492462452],[-86.2454615514633,43.0586031776499],[-86.247903256791,43.0578994322924],[-86.2507012296159,43.0575692812069],[-86.2506804162445,43.0574442797343],[-86.2505480720247,43.0573930896074],[-86.2502565224582,43.0574175111058],[-86.2498058116275,43.056232538885],[-86.2487267973909,43.0550777980358],[-86.2479465040331,43.0543692599123],[-86.2472855488165,43.0536716298192],[-86.2459914521657,43.0517839888158]]]},"properties":{"NAME":"Grand Haven State Park","CreatedUser":"MichiganDNR"}},
{"type":"Feature","geometry":{"type":"Polygon","coordinates":[[[-86.3851620294713,46.0066563274703],[-86.3851855230163,46.0055210080557],[-86.3867615523738,46.0055098835461],[-86.3867803305901,46.0044116530339],[-86.3852043324179,46.0044227778119],[-86.3852075339452,46.0019399738413],[-86.3755001094386,46.0019083586553],[-86.3751431772202,46.0020052321046],[-86.3747259322382,46.0023028730174],[-86.3745382694475,46.0024955175436],[-86.3736266355353,46.004655432231],[-86.373620124491,46.0048591458217],[-86.3732781828904,46.0050893249688],[-86.3730256841008,46.0055969754782],[-86.372455761534,46.0058813851521],[-86.3722324549893,46.0060453370019],[-86.3719425094368,46.0061045705265],[-86.3717092443873,46.0061032669069],[-86.3701566549576,46.0058798892883],[-86.3695162839563,46.0056343620833],[-86.3693005469818,46.0054965273214],[-86.3689016190573,46.0057447078263],[-86.3685387632436,46.0063891827064],[-86.3679981919589,46.0069505532776],[-86.3675563644339,46.0075623583189],[-86.3671688621895,46.007905140988],[-86.3665842666223,46.0082115145377],[-86.3654767190166,46.0086210513161],[-86.365112206871,46.0087195966663],[-86.364345820305,46.0087727773951],[-86.3638082719036,46.0088759084078],[-86.3638211266279,46.009149255599],[-86.3641075345589,46.0094494300454],[-86.364068330841,46.0098023013083],[-86.3638718895943,46.0096895317236],[-86.3638696815341,46.009501620704],[-86.3638221162935,46.0094523902834],[-86.3633638532117,46.0092117394775],[-86.3631810302453,46.0090110149817],[-86.3626615674776,46.0087424344788],[-86.3625148904818,46.0087387816468],[-86.3622342219235,46.0088665453218],[-86.3619296987294,46.008806464426],[-86.3611016425765,46.0089126264019],[-86.3608102430942,46.0089032529206],[-86.3593163045204,46.0093873245763],[-86.3590181088117,46.0093930560415],[-86.3584776029505,46.0096773036682],[-86.3581658076677,46.0097111943703],[-86.3581203172382,46.0098313574068],[-86.3579565362539,46.0099237683954],[-86.3580565729451,46.0099159292598],[-86.3584491980244,46.0100539318288],[-86.3588469126527,46.0100643515622],[-86.3590015622373,46.0102360130421],[-86.3589953333815,46.0103389072456],[-86.3591644407184,46.0103095746799],[-86.3593664310587,46.0103425498847],[-86.3596330548116,46.0103245712209],[-86.3597228739945,46.0103633829228],[-86.3597399905462,46.0104229967905],[-86.3594549742503,46.0104890422773],[-86.3590954443025,46.0104476421797],[-86.3589341665478,46.0104700928045],[-86.3585228526455,46.0107950874609],[-86.358213643977,46.0109263592102],[-86.3577690121125,46.0109682063177],[-86.3577137912185,46.0111062301291],[-86.3578384463781,46.0112052882136],[-86.3580314884324,46.011223891137],[-86.3585656309855,46.0110192220653],[-86.3589138042018,46.0109776727149],[-86.3591851397483,46.0110797009694],[-86.3594873115716,46.0115375798241],[-86.3596721135856,46.0116522221566],[-86.3605143086796,46.0117476609788],[-86.3612245161505,46.011676165013],[-86.3614895587472,46.0117171685386],[-86.3617655760194,46.0119061506055],[-86.3619991679012,46.0123268137715],[-86.3620031745725,46.0124204639972],[-86.3618870819256,46.0125945281324],[-86.3799148008065,46.0127607307781],[-86.3799626531812,46.0091482578903],[-86.3851096970331,46.0091850943485],[-86.3851620294713,46.0066563274703]]]},"properties":{"NAME":"Palms Book State Park","CreatedUser":"MichiganDNR"}},
{"type":"Feature","geometry":{"type":"Polygon","coordinates":[[[-89.0959072737802,46.4847613747646],[-89.0958610189992,46.47391789955],[-89.0853681050321,46.4739317339052],[-89.0853951745343,46.4775596732536],[-89.0902680278599,46.4794183769161],[-89.0899590809958,46.4799756818612],[-89.0899029559436,46.480687061876],[-89.0898191073901,46.4808038312663],[-89.0898356184677,46.4811543223268],[-89.0853926549368,46.4811594022154],[-89.0853933960474,46.4847671591214],[-89.0959072737802,46.4847613747646]]]},"properties":{"NAME":"Agate Falls Scenic Site","CreatedUser":"MichiganDNR"}},
{"type":"Feature","geometry":{"type":"Polygon","coordinates":[[[-85.5968790062888,43.5093950403551],[-85.596770487963,43.5043244878353],[-85.6021044531276,43.504368246536],[-85.6021239552977,43.4972262234173],[-85.5812189388873,43.4972152860048],[-85.5817251863395,43.5046301729149],[-85.5836559568894,43.5050262962861],[-85.5842706402961,43.5051121837211],[-85.5852960454398,43.5054034676387],[-85.5855608822194,43.5054227404661],[-85.5861247856952,43.5055538913103],[-85.5863770582476,43.5055301758669],[-85.5863645136247,43.5052237112973],[-85.5861494907934,43.5048629157512],[-85.5859334341759,43.5046460899147],[-85.5860683472556,43.5044254587153],[-85.5862523284547,43.5043161162283],[-85.5863703380629,43.5044030000865],[-85.5863292220823,43.5046187655685],[-85.5866250600733,43.5047495422533],[-85.5866035385473,43.5049941957021],[-85.5867404170778,43.5052107219041],[-85.5871534577376,43.505543447169],[-85.5872663026991,43.5058200267565],[-85.5876096174018,43.5059716786056],[-85.5888958646281,43.5067671494778],[-85.5893988944952,43.5069196699965],[-85.591034622779,43.5077896295925],[-85.5914497302185,43.5081150522279],[-85.5917630543365,43.5082962972351],[-85.5921377659,43.5084560726281],[-85.592572972768,43.508457685931],[-85.5932054696959,43.5085319645586],[-85.5935028490598,43.508446716238],[-85.5938785699089,43.508462515784],[-85.5943520469869,43.5086514537969],[-85.5948079447865,43.5085235713618],[-85.5951818652861,43.5087984960156],[-85.5956158748732,43.5089728803329],[-85.5959720012176,43.5089597785653],[-85.5968790062888,43.5093950403551]]]},"properties":{"NAME":"Newaygo State Park (leased from Consumer's Energy)","CreatedUser":"MichiganDNR"}},
{"type":"Feature","geometry":{"type":"Polygon","coordinates":[[[-88.861197862232,46.8880722710484],[-88.8589081077874,46.8877423459835],[-88.8589456836171,46.8879413163813],[-88.8588104164098,46.8882208159691],[-88.8583965344763,46.888459242384],[-88.8579162829998,46.8886727380009],[-88.857798905264,46.888676521504],[-88.8576318094209,46.888804173012],[-88.8576270163877,46.8888788974766],[-88.8578088089605,46.8890047113408],[-88.8578275243479,46.8890745625049],[-88.857728769117,46.8892879778348],[-88.8576023503793,46.8893571599677],[-88.8572927075526,46.8893442978946],[-88.8571562507429,46.889224214374],[-88.857040167761,46.8890401645148],[-88.8570160283378,46.8887500618622],[-88.8569628365313,46.8886905022845],[-88.8568062575695,46.8886626764227],[-88.8565242815472,46.8886997168029],[-88.856399359663,46.8887971593444],[-88.8563818688221,46.8888919238643],[-88.8566244299651,46.889408975615],[-88.8565309605194,46.8896985790289],[-88.8563734412674,46.8899126003751],[-88.85566582005,46.8904859132712],[-88.8546315568915,46.8907732219966],[-88.8541426147734,46.8909886326566],[-88.8538092435577,46.891401688937],[-88.8537888573981,46.8915083882752],[-88.8580881396489,46.8919650017807],[-88.8631295567449,46.8922779191317],[-88.8635037035129,46.8962591622234],[-88.8688128746286,46.8961969366508],[-88.8675292703072,46.8889842841523],[-88.8679443311571,46.8851524051958],[-88.8634540955852,46.884827334628],[-88.8628910798315,46.8854771382688],[-88.8627554720031,46.8882966737877],[-88.861197862232,46.8880722710484]]]},"properties":{"NAME":"Twin Lakes State Park","CreatedUser":"MichiganDNR"}},
{"type":"Feature","geometry":{"type":"Polygon","coordinates":[[[-88.4395504896846,46.0943086772808],[-88.4394505342698,46.0846489237842],[-88.4394916787692,46.0833833807591],[-88.4391407024601,46.0833814393757],[-88.4390541667562,46.0832889284457],[-88.4385075234888,46.0830147693163],[-88.4356958929705,46.0818615302974],[-88.4346788399883,46.0813801633744],[-88.4346683482963,46.0820347307529],[-88.4303402682606,46.0820090614791],[-88.4303521680958,46.0826719864872],[-88.4346577525218,46.0826956514738],[-88.4346471559722,46.0833565848084],[-88.4294579904607,46.0833280379354],[-88.4294560804842,46.0834619968159],[-88.4295839218613,46.0834801553063],[-88.4296167936034,46.0835346614199],[-88.4294543613004,46.0835824463836],[-88.4294447275645,46.0842568913546],[-88.429786079609,46.0849055976844],[-88.4297870603516,46.0852461013142],[-88.4296924288714,46.0855383844471],[-88.4295476404442,46.0857159658302],[-88.429109497146,46.0857056267091],[-88.4284340275899,46.0860381853906],[-88.428136886949,46.0861023453819],[-88.4278587418667,46.0862925868569],[-88.4279154774198,46.0863577778667],[-88.4288607868586,46.0861206809022],[-88.4291682136559,46.0861497572055],[-88.4295386001253,46.0862762787319],[-88.4298897562597,46.0864750706365],[-88.4302368941394,46.086822188872],[-88.4302841948917,46.0869500314674],[-88.4294063143689,46.0869463864677],[-88.4294179521545,46.0879412146517],[-88.4292485694888,46.0880968111773],[-88.4288245467695,46.0887198398088],[-88.428699617847,46.0887913208098],[-88.4281138747438,46.0889470000586],[-88.4278593056584,46.0891369436998],[-88.427257057924,46.0898695065459],[-88.4264493452754,46.0911703522026],[-88.4262026147978,46.0913601908927],[-88.4248660755413,46.0919811404491],[-88.4243466498025,46.0919657017241],[-88.4238132499978,46.0917142718708],[-88.4236897744126,46.0915016202886],[-88.4235095382906,46.0915258603451],[-88.4234833908754,46.0914273323949],[-88.4236316304657,46.0913815269288],[-88.4239437191182,46.0909821598795],[-88.4239097193148,46.0908837341354],[-88.4234923975775,46.0905594400065],[-88.4235334677261,46.0903227557055],[-88.423492316287,46.090251874918],[-88.4232767851907,46.0901282541205],[-88.4230401017809,46.0900982714133],[-88.4229234507594,46.090149178061],[-88.4227881931078,46.0903925275663],[-88.4226989121743,46.0908934430396],[-88.4227655014763,46.0910354148185],[-88.4226822207397,46.0911974475699],[-88.4225197472173,46.0913176106245],[-88.4225531668778,46.0914550488052],[-88.4224987293035,46.09164469978],[-88.4221047391951,46.0918173109508],[-88.421736189082,46.0918441942382],[-88.4215905554997,46.0918020318251],[-88.4215668512954,46.0915738762586],[-88.4214396765566,46.0915622859054],[-88.4213425781891,46.0916119852607],[-88.4215778380623,46.0919023398212],[-88.4216108381304,46.0920302591537],[-88.4215833146652,46.0923411119937],[-88.4213268411983,46.0926579556994],[-88.4211187494297,46.0927528851244],[-88.4209462728041,46.0927784794867],[-88.420142550155,46.092717336335],[-88.4201339544697,46.0931389931383],[-88.4196413644735,46.0931284248653],[-88.4196456777859,46.092916961509],[-88.4188583131279,46.0929000639302],[-88.4188277114423,46.0941576262205],[-88.4204826186517,46.0941516908414],[-88.4237769990471,46.0944551197262],[-88.4258504398042,46.0944988046139],[-88.4395504896846,46.0943086772808]]]},"properties":{"NAME":"Bewabic State Park","CreatedUser":"MichiganDNR"}},
{"type":"Feature","geometry":{"type":"MultiPolygon","coordinates":[[[[-85.4568172887558,44.2447684429966],[-85.4517597009203,44.2447681301776],[-85.4517659848472,44.2441095448356],[-85.4550363531484,44.2441098135547],[-85.4545004402498,44.2429581002429],[-85.4517769812784,44.2429578672964],[-85.4517942479964,44.2411476163989],[-85.449533821317,44.2411473139726],[-85.449061777186,44.2414479552508],[-85.4486245509272,44.2415865388005],[-85.4477973413892,44.2417434860387],[-85.447328488377,44.2419336216668],[-85.4469632515534,44.2421520233172],[-85.4467463487576,44.2423174397159],[-85.4467425532957,44.2427123136411],[-85.4460756984417,44.2433255236414],[-85.4454526593059,44.2438144826704],[-85.4447753037454,44.2447676660172],[-85.4450734509794,44.2450896559374],[-85.4464670119846,44.2457565275903],[-85.4467073035539,44.2458334463865],[-85.4466453066848,44.2522834776024],[-85.4467543191075,44.2632174173487],[-85.451792892287,44.2632079096968],[-85.4518299845422,44.2669215307771],[-85.4573748704516,44.2668852769228],[-85.4572534549002,44.2631973615123],[-85.460510110685,44.2631856166485],[-85.4604559225708,44.2615474089773],[-85.46621801657,44.2615359217324],[-85.4670198410023,44.2631618602492],[-85.4674644756862,44.2631602242361],[-85.4672976316264,44.258105051126],[-85.4669965208055,44.2578244599979],[-85.4668784717879,44.2574648041171],[-85.4670344164754,44.2562305541166],[-85.4670233932876,44.2559323372782],[-85.4671507336987,44.2559341217056],[-85.4671367819347,44.2558463314049],[-85.4654950283595,44.2523459803274],[-85.4568962304708,44.252341647217],[-85.4568950476381,44.2483887864999],[-85.4568172887558,44.2447684429966]]],[[[-85.4660718083784,44.2538397923375],[-85.4656297547443,44.2529132745384],[-85.4649521244365,44.2529127782122],[-85.4653078128599,44.253662553243],[-85.465463355573,44.2536249593266],[-85.4656194296736,44.2539491311334],[-85.4660718083784,44.2538397923375]]],[[[-85.4520766035512,44.2358750508281],[-85.4517329545281,44.2355401271519],[-85.4497751586262,44.2358716892123],[-85.4500199940336,44.2374255268127],[-85.4502431702458,44.2396608771555],[-85.4538040008621,44.2397396951698],[-85.4541542848425,44.240915707436],[-85.4558965220732,44.2409346948874],[-85.4562121051245,44.2416657995323],[-85.4567550621881,44.2415496679928],[-85.456750236021,44.2412997304471],[-85.4573174478471,44.241559843919],[-85.4575994064482,44.2415493727203],[-85.4577680575094,44.2413458732602],[-85.456742966077,44.2408664724938],[-85.4567268184464,44.2401602962445],[-85.456434276444,44.2398767466457],[-85.4563257531825,44.2395021379995],[-85.4561574226516,44.2393630089037],[-85.4562008606237,44.2392298696306],[-85.4561672447506,44.2387200463874],[-85.45643246102,44.2374313602172],[-85.4535455394352,44.2374319355549],[-85.4531622786686,44.2370655859184],[-85.4530972140981,44.2370393225138],[-85.4530518382512,44.2371132363619],[-85.4528856304394,44.2370605392127],[-85.4529327811738,44.2369804541316],[-85.4524857452622,44.236817661354],[-85.4529887030302,44.2359638384058],[-85.4524209737005,44.236210677384],[-85.4520766035512,44.2358750508281]]],[[[-85.4568172887558,44.2447684429966],[-85.4576580493101,44.2447634372845],[-85.4567818964631,44.2429374876534],[-85.4568172887558,44.2447684429966]]]]},"properties":{"NAME":"William Mitchell State Park","CreatedUser":"MichiganDNR"}},
{"type":"Feature","geometry":{"type":"Polygon","coordinates":[[[-86.6290840454113,41.8422233820549],[-86.6294847180989,41.827778666505],[-86.6197355928474,41.8277339938348],[-86.6195197164138,41.8421311589502],[-86.6202072592071,41.8421277389357],[-86.622419915007,41.8414155602766],[-86.6228551049244,41.8411562602377],[-86.6243540987478,41.8410319880039],[-86.6244270530338,41.8422001003874],[-86.6290840454113,41.8422233820549]]]},"properties":{"NAME":"Warren Woods State Park","CreatedUser":"MichiganDNR"}},
{"type":"Feature","geometry":{"type":"MultiPolygon","coordinates":[[[[-83.0775184997914,43.9942664855179],[-83.0777183476409,43.9980841774896],[-83.0727566883968,43.9981323542711],[-83.0725326648566,43.9943152766115],[-83.068127790304,43.9943574773902],[-83.0680896235824,43.9935820228154],[-83.0675250179292,43.9937937058339],[-83.0675520592089,43.9943634170495],[-83.0658105189732,43.9944245408377],[-83.0642888256152,43.9949899946843],[-83.06231296329,43.9959293049486],[-83.0604670680937,43.9970448819989],[-83.0589311386448,43.9981748330179],[-83.0586602115887,43.9984216949364],[-83.0505797664085,43.9986349081689],[-83.0480429899901,44.0005970275748],[-83.048755101515,44.0096280761573],[-83.0489491229741,44.0137881285235],[-83.0493225033505,44.0135804024012],[-83.0499685846782,44.0128836163065],[-83.0506565770036,44.0125112467448],[-83.0511569579036,44.0117217053841],[-83.0515643302075,44.011427874678],[-83.0533780604022,44.0097563332211],[-83.0538771083637,44.0094950138334],[-83.0539387726099,44.0095607056886],[-83.0540823277234,44.0094773932135],[-83.0541078337925,44.0092186898633],[-83.054729444695,44.0088741191166],[-83.0556351542017,44.0082639282957],[-83.0563986023244,44.0078470899801],[-83.0574709227187,44.0071754575522],[-83.0578923210294,44.0067879842925],[-83.0585334818983,44.0063277830255],[-83.059002118471,44.0060721099403],[-83.059736353204,44.005759951364],[-83.0600935186032,44.0057249756828],[-83.0601405577091,44.0058402746519],[-83.0602244492697,44.0058563205308],[-83.06062446017,44.0055900087468],[-83.0611504124597,44.0050423893559],[-83.0620296346337,44.0047679373109],[-83.061949618836,44.0050710127259],[-83.0618080079629,44.0053138896993],[-83.0612755926853,44.0059550966295],[-83.061036475137,44.0063140614675],[-83.0610079093573,44.0064682869386],[-83.0610541528313,44.0065175526459],[-83.0613497954021,44.0064278951807],[-83.0614702507119,44.0063226886908],[-83.0620085437389,44.0055383881435],[-83.0623166548288,44.0052230579209],[-83.0621607049316,44.0049102775346],[-83.062203875297,44.0047064504622],[-83.0657336167349,44.0034214310748],[-83.0668717856107,44.003173019634],[-83.0695561355609,44.0024483060898],[-83.0719618548285,44.001961683128],[-83.0729477571422,44.0017085671157],[-83.0748920265828,44.0014390599212],[-83.0754302431378,44.0012819730761],[-83.0758024432106,44.0012358633448],[-83.0773461684038,44.0011831596466],[-83.0780674852433,44.0010690473465],[-83.0793610560222,44.0010892585308],[-83.0801746082152,44.0010516445986],[-83.0813746289866,44.0008907817398],[-83.0822275185826,44.0009574824986],[-83.0832163215227,44.0009408620799],[-83.0887815155297,44.0012557596573],[-83.0896406378265,44.001212320462],[-83.0900442366679,44.0012430169907],[-83.0909059329672,44.0014031365379],[-83.0914999822096,44.0014547447085],[-83.0927904761695,44.001448319484],[-83.0926907274073,43.9990326959355],[-83.0894402706315,43.9978010560865],[-83.0837468050118,43.9957865727765],[-83.0836798702097,43.9942063741599],[-83.0775184997914,43.9942664855179]]],[[[-83.0509197172551,44.0058571757995],[-83.0518172185779,44.0058296516823],[-83.0521250718147,44.0052796882628],[-83.0509611904226,44.0053153857741],[-83.0505793946532,44.0058676121839],[-83.0509197172551,44.0058571757995]]],[[[-83.0497849788823,44.0014065182126],[-83.0508717885369,44.0005659035487],[-83.0497065031879,43.9998235301878],[-83.0486196914031,44.0006641340283],[-83.0497849788823,44.0014065182126]]],[[[-83.0547661591681,44.0025419894702],[-83.053401088242,44.0039449269168],[-83.0532740205416,44.0021847713317],[-83.0531377040828,44.0021890988021],[-83.0533004120564,44.0042896494542],[-83.0540419571828,44.0035368206356],[-83.0553157949331,44.0035410433641],[-83.0558950751688,44.0031779833518],[-83.056146964532,44.0027749125667],[-83.0562762749483,44.0020893867819],[-83.0544044283084,44.0021488680413],[-83.0544297486989,44.0025531908727],[-83.0547661591681,44.0025419894702]]],[[[-83.1023431351665,43.9900862952675],[-83.0973184272998,43.9902357666736],[-83.0974869699667,43.9938502048699],[-83.1024905765112,43.993690418831],[-83.1023431351665,43.9900862952675]]],[[[-83.0775184997914,43.9942664855179],[-83.0774935178253,43.9937963342277],[-83.0759153237381,43.9934800557632],[-83.0754990812123,43.9937127106015],[-83.0754773934041,43.9937898717111],[-83.0755911789588,43.9937946482921],[-83.0758319557211,43.9936610814359],[-83.0759456718539,43.9936603566495],[-83.0758717401069,43.9937983684013],[-83.0757213272724,43.9938873513738],[-83.075327198768,43.9938953565857],[-83.0751921722742,43.9940007440916],[-83.0750820557996,43.9942655230161],[-83.0775184997914,43.9942664855179]]]]},"properties":{"NAME":"Port Crescent State Park","CreatedUser":"MichiganDNR"}},
{"type":"Feature","geometry":{"type":"MultiPolygon","coordinates":[[[[-85.3494184261231,46.6328379387306],[-85.3441701349147,46.632825015238],[-85.3441421565753,46.6256120207425],[-85.3389274138964,46.6256123803938],[-85.3389379909822,46.6292180503454],[-85.3233431870712,46.6292153086962],[-85.3233726558016,46.6256121609015],[-85.3285355455462,46.6256124662456],[-85.3285443246002,46.6220084763123],[-85.3285022711227,46.6112623422448],[-85.3233004835225,46.6112844801797],[-85.323202724887,46.5891111392398],[-85.3126395793422,46.5892234733997],[-85.3125873237774,46.593151553734],[-85.3072903103326,46.5931098529099],[-85.3073571552319,46.5892792864203],[-85.3020631900047,46.5893359361064],[-85.3021309544501,46.58571658654],[-85.3126776485193,46.5856039830912],[-85.3127157130411,46.5819844782517],[-85.3022096540845,46.5820961574598],[-85.3022773963498,46.5784768029378],[-85.2918858021665,46.5785752409273],[-85.2916441581104,46.5641205494153],[-85.2916804000893,46.5568281675383],[-85.2864335530285,46.556830970523],[-85.2863776220369,46.5641355915264],[-85.2867009394086,46.5786230327428],[-85.2709809978515,46.578733779744],[-85.2708123899905,46.5714983941924],[-85.2603102413271,46.5715816179497],[-85.260182038632,46.5643682591457],[-85.2495353102733,46.5643423308148],[-85.2388825126821,46.5644288446358],[-85.2295130702339,46.5644447586268],[-85.2295203059771,46.5716662307725],[-85.2190284229999,46.571716316555],[-85.2085376746147,46.5716308065458],[-85.2085109403609,46.5643707971475],[-85.1980050844269,46.5642789854112],[-85.1979787862051,46.5570821579811],[-85.1874718328219,46.556955074774],[-85.1874090307586,46.549751664682],[-85.187710096011,46.5425343896846],[-85.1771883534983,46.542423001793],[-85.1775109887497,46.5352289331359],[-85.1563208005665,46.5351061062107],[-85.1566133609065,46.5278464215038],[-85.135511053021,46.5278152663147],[-85.1353222151121,46.5350164104154],[-85.13602120231,46.5350194585461],[-85.1359303909644,46.5382790496501],[-85.1336124847935,46.5378486242872],[-85.1336994888813,46.5371036674609],[-85.1337346588224,46.5349838215732],[-85.130094253211,46.5349090093908],[-85.1300481276706,46.537465958936],[-85.1294132762622,46.5373938110325],[-85.128928998342,46.5373858283812],[-85.1284049128617,46.5374075390919],[-85.1278322566665,46.5374888751407],[-85.1277177948164,46.5375265698127],[-85.127528938668,46.5376851206969],[-85.1270789518337,46.5377331063888],[-85.1263848600852,46.5378992166904],[-85.1256717895208,46.5379580382951],[-85.1245886448508,46.5381154413826],[-85.1237781438795,46.5383106421279],[-85.1230306503378,46.538577747777],[-85.1224094774299,46.5389701024702],[-85.1220586005998,46.539417389027],[-85.1217539174885,46.5403364452089],[-85.1216091858746,46.5411528837748],[-85.1352236043823,46.5413391042088],[-85.1350965535448,46.549483457127],[-85.1193058658387,46.5493180588054],[-85.1194193626116,46.5601648618156],[-85.1141669593164,46.5601281042119],[-85.1141298962873,46.5572906575625],[-85.1148375392694,46.5563227605123],[-85.1152057083903,46.5559684860759],[-85.1157923233046,46.5555516199133],[-85.1167816954998,46.5546893146088],[-85.11709034992,46.5541731500208],[-85.117196562208,46.5537539864234],[-85.1170838643203,46.553425982904],[-85.1167132950664,46.5531659808987],[-85.1162599826498,46.553028188547],[-85.1155097863825,46.5529380926338],[-85.114966522427,46.5527296007758],[-85.1145325532973,46.5524219574069],[-85.1134673285775,46.5514622890152],[-85.1133539591358,46.5511771320989],[-85.1134386361451,46.5505563825113],[-85.113636777458,46.5500879383722],[-85.1140444117314,46.54960896555],[-85.1140405556713,46.5492624254992],[-85.1047468412366,46.5492258060133],[-85.1047994036089,46.545577646565],[-85.094306953449,46.545542407945],[-85.0944666031122,46.5346189346294],[-85.0892542159511,46.5346107435115],[-85.089325621781,46.5274390697832],[-85.0840746925977,46.527414885535],[-85.0840911210447,46.5238211670891],[-85.0735507434484,46.5237563250902],[-85.0735728455527,46.5273658049749],[-85.0682990742426,46.5273650309492],[-85.0682853881732,46.52014313291],[-85.0630421323618,46.5201391883135],[-85.0631361637497,46.5055851925874],[-85.050638751415,46.5054986655155],[-85.0513013388799,46.5065649368921],[-85.0520182540063,46.507953427454],[-85.0521649806946,46.5085812013006],[-85.0525754454606,46.5093911593771],[-85.052631865748,46.5096444781574],[-85.0531844389468,46.5105644664674],[-85.0532609633635,46.5108042376564],[-85.0532301670648,46.5110045481822],[-85.0533564747547,46.5114512981667],[-85.0538234969575,46.5118665869735],[-85.0539619328763,46.5121874397887],[-85.053885249536,46.5123136589118],[-85.0540231443126,46.5123799424221],[-85.0540259646136,46.5125033908853],[-85.0542545363888,46.5125669968272],[-85.0543374229484,46.5127982486912],[-85.0546742735704,46.5132038846124],[-85.0545695529845,46.5135861500147],[-85.055024855533,46.5146064640656],[-85.0555830699625,46.5164941739643],[-85.0554884316075,46.5167248138406],[-85.0556328041252,46.5171339969326],[-85.0554461343575,46.517373303353],[-85.0554298312541,46.5175257354072],[-85.0555722441922,46.5185485991963],[-85.0558005552676,46.5196304577467],[-85.0558715128935,46.5197630405306],[-85.0558598999393,46.5200029381495],[-85.0559258012281,46.520283760745],[-85.0560400642561,46.5204252726344],[-85.056048738891,46.5207124789257],[-85.0559364823032,46.5210278273091],[-85.0559146980444,46.5215676324412],[-85.0558409199314,46.5216690187859],[-85.0557599525202,46.5216837773093],[-85.0555794414329,46.5215674307267],[-85.0555586025174,46.5216949691619],[-85.055627226475,46.5219621004488],[-85.0557603736175,46.5221603384282],[-85.0562270572226,46.522458189236],[-85.0558276565271,46.5229340155238],[-85.0558091405222,46.5235715585819],[-85.0558657694172,46.5236714523289],[-85.056203981727,46.5237882454585],[-85.0563190408582,46.5240274747486],[-85.0562059525844,46.5253207874837],[-85.0563145750638,46.5256448183602],[-85.0562573419483,46.5257943409526],[-85.0563444499932,46.5266427494067],[-85.0562505100587,46.5268322534182],[-85.0560584775951,46.5270209454805],[-85.0559495775432,46.5270706153174],[-85.0556024454752,46.527073633147],[-85.0555591542538,46.527313378856],[-85.0553032580841,46.5275323974554],[-85.0551459357566,46.5280102242083],[-85.0548842365496,46.5284914718094],[-85.0546571959718,46.5291932846062],[-85.0547022519767,46.5295305041113],[-85.0546081360473,46.5297294329392],[-85.0546561953989,46.5298223992379],[-85.0546068978556,46.5300021164356],[-85.0543120769562,46.5302575361675],[-85.0543337180331,46.530369997836],[-85.0542780432605,46.5305006746991],[-85.0543189950986,46.5305738690672],[-85.0542459263298,46.5307764003167],[-85.0538976842432,46.5309483663403],[-85.0538391033137,46.5310318789591],[-85.0539100242319,46.5311670331265],[-85.0530512607541,46.5317718948026],[-85.0527700295639,46.532231546655],[-85.0527960700729,46.5324477562402],[-85.0530866920122,46.5328752962167],[-85.0528412176183,46.5330643967861],[-85.0525279175422,46.5331543654754],[-85.0520593665408,46.5333870394407],[-85.051666295038,46.5337780481847],[-85.0505987060162,46.5346022912968],[-85.0498353862114,46.5349996428554],[-85.0495585152143,46.5352073314289],[-85.048389480137,46.5357924307856],[-85.0470700353119,46.5365956844799],[-85.0469592454459,46.5367516108349],[-85.0467824897327,46.5368444185139],[-85.0460851022523,46.537515713493],[-85.0459970237261,46.5377926827495],[-85.0454054331866,46.5378961076155],[-85.0443362650299,46.5384468579342],[-85.0431116173643,46.5388677293994],[-85.042936059477,46.5389622544351],[-85.0423908741753,46.5394505236173],[-85.0415090767289,46.5397268287869],[-85.0401682690267,46.5399701276477],[-85.0397568109996,46.5399880953426],[-85.0392597347788,46.540141623181],[-85.0383965717014,46.540275780756],[-85.0379008986252,46.5404198849427],[-85.0365337867779,46.5405334964074],[-85.0361811089634,46.5404585217565],[-85.0359993673236,46.5406206961175],[-85.0353211790971,46.5407598205492],[-85.0351205150424,46.5409381191794],[-85.0348004243188,46.5411265490678],[-85.0345280650942,46.5412151010752],[-85.0344227598957,46.54133934875],[-85.0341034387938,46.5413443615415],[-85.0338990495555,46.5414523434281],[-85.0337010757294,46.5414789524017],[-85.0335434373411,46.5414724755877],[-85.0335280455965,46.5413600642979],[-85.0333558240588,46.5413354640241],[-85.0332800265339,46.5414068195954],[-85.0333725565836,46.5415121704151],[-85.0333247303711,46.5416171905535],[-85.0330479996833,46.5417416997558],[-85.0329900983822,46.5418543488677],[-85.0326620705026,46.5420692763673],[-85.0319241616163,46.5423518691912],[-85.0314587235862,46.5423307799901],[-85.0312224768617,46.542413630199],[-85.0309043409682,46.5423517895707],[-85.0303566303449,46.5424165661977],[-85.0299117198742,46.5426373500606],[-85.0292041757596,46.5428181876846],[-85.0285103071976,46.543067705166],[-85.0282126447999,46.5432503089084],[-85.0277259189402,46.5433078775215],[-85.0275058692153,46.5433874295228],[-85.0265688850371,46.5438937123967],[-85.0261967339691,46.5442119557616],[-85.0260641676752,46.5445390984621],[-85.0260011326622,46.5450759696029],[-85.0257997416442,46.5455002352501],[-85.0255943995021,46.5461447450844],[-85.0260292188624,46.5472524125054],[-85.0262364599434,46.5474033177918],[-85.0262824745697,46.5476085595664],[-85.0266345945786,46.5482021098524],[-85.0265926656149,46.5484623142459],[-85.0263734677736,46.54856244175],[-85.0265769582853,46.5487150277201],[-85.0265712662787,46.5488941152539],[-85.0268453565893,46.5495444261585],[-85.026880730666,46.5499278562382],[-85.026991372403,46.5502013594193],[-85.0269729223285,46.5503991945512],[-85.0268351446112,46.5507391501605],[-85.0268501104454,46.5508747007234],[-85.026998373285,46.5510593861628],[-85.026887878885,46.5511938675409],[-85.0271630588367,46.5513676339166],[-85.0271993274931,46.55149308152],[-85.0271731338143,46.5515682838155],[-85.0269860372521,46.5516789711429],[-85.0269693357541,46.5517791099402],[-85.0271140877837,46.5520211910169],[-85.0271651691329,46.5523601849916],[-85.0274106201855,46.5524599862158],[-85.0275168219373,46.5525654578723],[-85.027702694858,46.553009309025],[-85.0276913165627,46.5533674838062],[-85.0285271295883,46.5538090169139],[-85.0291898962514,46.5540563590974],[-85.0298471114406,46.5541973681359],[-85.0303332011278,46.5545289130989],[-85.0304864468464,46.5548474789798],[-85.0306979934696,46.5549149767263],[-85.0300533116083,46.5554781888218],[-85.0299540977208,46.5554679182199],[-85.0298282907505,46.5555580139453],[-85.0297250180187,46.5557054162706],[-85.0297066160219,46.5557618289221],[-85.0297609105313,46.5557828608706],[-85.0296801992966,46.555988738105],[-85.0292711601139,46.5563512460924],[-85.0291440682186,46.5565798699911],[-85.0290356375135,46.5566680878986],[-85.0289207590818,46.5578122065147],[-85.0284969551181,46.5587908463405],[-85.028427956529,46.5592445261232],[-85.0284424105426,46.5596174913861],[-85.0285977148595,46.560104792066],[-85.0287566197762,46.5602518527411],[-85.0288321777696,46.5610993172608],[-85.0290321069035,46.5621492584973],[-85.0288393968066,46.5623636107794],[-85.0288111932769,46.5626205023138],[-85.0288693921603,46.5627709911388],[-85.0290530985227,46.5631299675743],[-85.0298857219186,46.5642401403101],[-85.0306239304902,46.5656049635784],[-85.0307740278463,46.5657330839269],[-85.0311349591647,46.5664492256055],[-85.0315071234958,46.5669735033738],[-85.0318922257022,46.5678878730931],[-85.0319003684369,46.5682676394557],[-85.0321103691718,46.5687571123356],[-85.0321042485619,46.5689610519396],[-85.0323528093201,46.5693094296198],[-85.032326262321,46.5694043426136],[-85.0321796409676,46.5694725255378],[-85.0321840156501,46.5695059900981],[-85.0324109927806,46.569461630486],[-85.0324798312244,46.56950421151],[-85.0324467856156,46.569684780667],[-85.0326509012186,46.5702959120391],[-85.0326705845582,46.5706560629646],[-85.0329727741507,46.571158518788],[-85.0370430292227,46.5711183221003],[-85.0371029554772,46.5744692987619],[-85.0352394408042,46.5744922411437],[-85.035275576934,46.5746429825632],[-85.0371056583335,46.57462045229],[-85.0371083445359,46.5747707058261],[-85.0353114995194,46.5747928277152],[-85.0361216007163,46.578438622503],[-85.0526195901985,46.578193944022],[-85.0735407169392,46.5781066879853],[-85.073381018413,46.5636567594492],[-85.0892063552298,46.563665200788],[-85.0892294972203,46.5672753301016],[-85.0944990294467,46.5672768754746],[-85.0945341350991,46.5744955565882],[-85.089275792857,46.5744955791439],[-85.0892989477654,46.5781057006785],[-85.1142860054122,46.5781662395176],[-85.135353724735,46.5784286192245],[-85.1352533734642,46.5965630573712],[-85.1404638044916,46.5965594240174],[-85.14049674447,46.5929243389763],[-85.1456978690797,46.59292121712],[-85.1456505846202,46.6001898814045],[-85.1352111212854,46.6001988876319],[-85.1350200260633,46.6219309259617],[-85.135191928114,46.625573087001],[-85.1352233010963,46.629214417313],[-85.1298588783001,46.6291734339718],[-85.1299150974731,46.6328042503089],[-85.1246106683036,46.6327528206118],[-85.124656598356,46.6363729508857],[-85.1299713195961,46.6364350681907],[-85.1298408687718,46.6436921622037],[-85.1351409933636,46.6437638994382],[-85.1350684493303,46.6473973733796],[-85.1561058204049,46.6475002521078],[-85.1561264349957,46.64568878634],[-85.159794187517,46.6462395784836],[-85.1635395792983,46.6472213661551],[-85.1651379486208,46.6475188298621],[-85.1665877025705,46.6475217461559],[-85.1665829809457,46.6479351839262],[-85.1694250934592,46.6487886216301],[-85.1727965396405,46.6495588222093],[-85.1744909976564,46.6497139632789],[-85.1753556998197,46.6498702176253],[-85.1759485608916,46.6500330692997],[-85.1777780297611,46.6507233928355],[-85.1799327139216,46.6511746139738],[-85.1809097165931,46.6514516278581],[-85.183862092911,46.6525199023025],[-85.184691892187,46.6529315357322],[-85.1850873523719,46.6532817183849],[-85.18763561926,46.6577565701793],[-85.1881381460557,46.6588300892631],[-85.1885414923907,46.6600157497491],[-85.1889221719062,46.661468373491],[-85.1889585215498,46.661883118657],[-85.1897541622753,46.6628513544623],[-85.1914762005028,46.6642435089468],[-85.1927126668422,46.6653572097788],[-85.1927118771229,46.6654315859186],[-85.1979951970689,46.665406500775],[-85.2084760883024,46.6654360223829],[-85.2084445176229,46.6690539940018],[-85.2137005746914,46.6690673846883],[-85.213688925445,46.6726888393593],[-85.2189649566336,46.6727022100627],[-85.2189720375057,46.6619054419013],[-85.2294912423452,46.6619513281645],[-85.229520073499,46.6574970223722],[-85.2347786445046,46.6575138996929],[-85.234727447965,46.6655418664547],[-85.2601219937536,46.6656694700972],[-85.2653537386299,46.6656147444161],[-85.2653773799161,46.6619937557582],[-85.2706177243171,46.6619336339352],[-85.2705854638792,46.6655597798968],[-85.2810488839456,46.6654491381147],[-85.2863483796854,46.6654428680751],[-85.2863820776221,46.6618091646372],[-85.2916657736719,46.661805405273],[-85.2916478729555,46.6654363549293],[-85.3022468570636,46.665422598432],[-85.3021920979527,46.6509208305951],[-85.2864831453909,46.6509080475991],[-85.2865257939119,46.6472866859694],[-85.3074900857283,46.6472870998044],[-85.3075397942329,46.6436564560847],[-85.3232347151148,46.6436643177589],[-85.3232842413573,46.6364215860032],[-85.3337341763967,46.6364270220805],[-85.3336832580007,46.6400731294425],[-85.3441070548713,46.6401023619877],[-85.3440299741116,46.6437732152564],[-85.3545409495495,46.6437479784666],[-85.3546174519696,46.6401041397577],[-85.3493622489146,46.6401033690485],[-85.3494390241491,46.6364461027933],[-85.3494184261231,46.6328379387306]]],[[[-85.032467031572,46.5646595507205],[-85.0324447237556,46.5637006733537],[-85.0316434409372,46.5632956334408],[-85.030386116189,46.5624129199759],[-85.0299544353176,46.5624152325428],[-85.030550371436,46.5635991368385],[-85.0312154917841,46.5646611295218],[-85.032467031572,46.5646595507205]]],[[[-85.1821778497327,46.553287827744],[-85.1821373248509,46.5496844767344],[-85.1768656320903,46.5496170465642],[-85.1769095430209,46.5528053568376],[-85.1772952799834,46.5529601432669],[-85.1775606096305,46.5532301208823],[-85.1821778497327,46.553287827744]]],[[[-85.1194759858116,46.5673939274224],[-85.1194502642311,46.5637811617791],[-85.1142018080779,46.5637506962645],[-85.1142228505534,46.5673545863639],[-85.1194759858116,46.5673939274224]]],[[[-85.187720459862,46.5786862971065],[-85.1772725891672,46.5785612133092],[-85.1772329257364,46.582180752802],[-85.1845237144397,46.5822677820719],[-85.1849180357084,46.5820677124946],[-85.1860557365805,46.5812215911294],[-85.1863792603146,46.5809239123189],[-85.1866629213198,46.5803831006214],[-85.1868982332446,46.5801647875214],[-85.1874162491357,46.5794685089037],[-85.187720459862,46.5786862971065]]],[[[-85.1983158008281,46.6112240264012],[-85.1982978895011,46.6075789923763],[-85.1877210289685,46.6075581275502],[-85.1877333020971,46.6112066307326],[-85.1983158008281,46.6112240264012]]],[[[-85.1706546398928,46.5639808252285],[-85.1714660089786,46.563987955671],[-85.1711035305836,46.563351624832],[-85.1708896156544,46.5627129484199],[-85.1708808587557,46.5624728924034],[-85.1709629803171,46.5621135015158],[-85.1710929895803,46.5618730263826],[-85.1712881284087,46.5617073076014],[-85.1719730635551,46.5614737208075],[-85.173416950556,46.5613127760006],[-85.1743094591965,46.5612691719423],[-85.177026463862,46.561292942033],[-85.1770101274475,46.5601072194177],[-85.1759731209121,46.5601189395848],[-85.1755456723632,46.5604188532706],[-85.1717789891705,46.5603850089512],[-85.1717816539429,46.5606118037161],[-85.1665456026851,46.560564554321],[-85.1665433978456,46.5603377646691],[-85.1613078119126,46.5602902778175],[-85.1613355844906,46.563898513602],[-85.1706546398928,46.5639808252285]]],[[[-85.1532233150001,46.54286146862],[-85.1531203523045,46.5422590750882],[-85.1456876127868,46.5422556245991],[-85.1457600273426,46.5386581489333],[-85.140515647061,46.5386455221534],[-85.1405414882323,46.5414937920992],[-85.1427490819368,46.5426303719399],[-85.142986730587,46.5427892956471],[-85.1432051434087,46.5428552206238],[-85.1435119378466,46.5430932320068],[-85.1439658230127,46.5433252035083],[-85.1443787366506,46.5436611487163],[-85.1446576386647,46.5439618038176],[-85.1452066795905,46.5448573216273],[-85.145481360454,46.5450322309967],[-85.1462158461008,46.5453277234469],[-85.1468664010733,46.5454311592461],[-85.1475915217905,46.5454008681932],[-85.1481604072148,46.5452994075891],[-85.1498986933038,46.5448252486834],[-85.1511004801991,46.5442342182335],[-85.1520710142505,46.5436014563404],[-85.1528400131803,46.5430129030107],[-85.1532233150001,46.54286146862]]],[[[-85.3494184261231,46.6328379387306],[-85.3599275733649,46.6328631024048],[-85.359906294937,46.6292516994925],[-85.3493978294504,46.6292298016336],[-85.3494184261231,46.6328379387306]]],[[[-85.2084445176229,46.6690539940018],[-85.1979919845877,46.6690266507161],[-85.1979845486123,46.6726476129261],[-85.2084129102323,46.6726752279162],[-85.2084445176229,46.6690539940018]]],[[[-85.3633050886983,46.6401046100173],[-85.3633231979353,46.6364835140634],[-85.3599488566991,46.6364745736983],[-85.3597964351395,46.6437350000011],[-85.3632869709398,46.6437262457554],[-85.3633050886983,46.6401046100173]]],[[[-85.1561705941371,46.4516347637236],[-85.1561372006015,46.4480123778866],[-85.1508798538101,46.4479897866304],[-85.1509069506806,46.4516149454385],[-85.1561705941371,46.4516347637236]]],[[[-85.3389274138964,46.6256123803938],[-85.3389168423839,46.6220067095345],[-85.333730583108,46.6220077097978],[-85.333736960468,46.6256120063019],[-85.3389274138964,46.6256123803938]]],[[[-85.1189903213327,46.5442195527702],[-85.1141690895784,46.5441649985328],[-85.1141381629985,46.5456076518447],[-85.1183617604574,46.5456605011619],[-85.1189903213327,46.5442195527702]]]]},"properties":{"NAME":"Tahquamenon Falls State Park","CreatedUser":"MichiganDNR"}},
{"type":"Feature","geometry":{"type":"MultiPolygon","coordinates":[[[[-84.6503245633021,44.7708404184028],[-84.6656582758624,44.7708048085744],[-84.6859688066173,44.7711112825892],[-84.7062736095975,44.7712379933772],[-84.7112545228702,44.7713181461324],[-84.7101218122893,44.7683080740546],[-84.7096541073737,44.7667035899885],[-84.7078344811555,44.7593832423109],[-84.7074568030542,44.7570870856712],[-84.7073858927096,44.7549382290737],[-84.7082217898227,44.7331166592306],[-84.7081503134089,44.732191866107],[-84.7078713264508,44.7306636094068],[-84.707576630296,44.729675917923],[-84.7072936924104,44.7289875995318],[-84.7069622185528,44.7282513636059],[-84.7067587434829,44.7282500052556],[-84.7067645474206,44.7278557343404],[-84.7063189312764,44.7271233391531],[-84.7052188251684,44.7255988994959],[-84.7043095226326,44.7246032865785],[-84.7017977861338,44.7221602533121],[-84.7004402996866,44.7206280704937],[-84.7001203055249,44.7201528388312],[-84.6995053029816,44.71897682367],[-84.699046178716,44.7179426091908],[-84.6986677989737,44.7173208749765],[-84.6984046621228,44.7169981850776],[-84.6976466079483,44.7163303963894],[-84.6972506361179,44.7161905548235],[-84.695359239023,44.7173899352091],[-84.6931525592829,44.7189667772826],[-84.6907030027943,44.7208893280125],[-84.6878554627046,44.7234549858351],[-84.6865795029939,44.7247543502868],[-84.6865736904203,44.7250007713835],[-84.6835383989723,44.7281174799372],[-84.6664447225763,44.7283476428945],[-84.6461164783593,44.7283434571911],[-84.6259170555442,44.728232682134],[-84.6255305110652,44.7426127906088],[-84.6305818870874,44.7426821388276],[-84.6305053155804,44.7462654266318],[-84.625450745074,44.7462226272611],[-84.6252325836974,44.7570501022185],[-84.6251271202658,44.7606699852534],[-84.6249394755566,44.7643299843143],[-84.6351432673972,44.7643090121699],[-84.6351123458624,44.766120216734],[-84.6297154876708,44.7661314192339],[-84.6294875747588,44.7663070895533],[-84.6288883569544,44.7662659574872],[-84.6290135437464,44.7661328578039],[-84.627468779416,44.7661360079821],[-84.6274647700579,44.7656832318488],[-84.6249248647699,44.7656883665816],[-84.6248304551034,44.7708499079753],[-84.6503245633021,44.7708404184028]]],[[[-84.7108032533926,44.749884615568],[-84.7109823627779,44.752816685004],[-84.7098424742392,44.7528134950454],[-84.7098547790548,44.7534808630842],[-84.7096221964655,44.7535265321713],[-84.7095827515571,44.753768946953],[-84.7093979686745,44.7555846546807],[-84.7095675091519,44.757086059967],[-84.7098289892155,44.7582214614075],[-84.7101698419261,44.7592437914753],[-84.7122872234334,44.7644815146247],[-84.7129227367427,44.7662658749731],[-84.7134015671957,44.7682921307295],[-84.713857638561,44.7713599430983],[-84.7164367414911,44.7714012977371],[-84.7164456960679,44.7681259256604],[-84.7215272638496,44.7681749236322],[-84.7215370175512,44.7645540970482],[-84.7254090499088,44.76459123194],[-84.7259430493633,44.7283759310308],[-84.708734797246,44.7282688950046],[-84.7094058965188,44.7307319004898],[-84.7096253928105,44.7318293727398],[-84.7095388001723,44.7389463335414],[-84.7095843897846,44.7461822146803],[-84.7094247858473,44.7484088616489],[-84.7108628289542,44.7484250993637],[-84.7108032533926,44.749884615568]]]]},"properties":{"NAME":"Hartwick Pines State Park","CreatedUser":"MichiganDNR"}},
{"type":"Feature","geometry":{"type":"Polygon","coordinates":[[[-83.2207522062251,43.9794674768327],[-83.2207377698557,43.9790968946288],[-83.225400982166,43.9790230188317],[-83.2307528577626,43.9787741702206],[-83.2306397553685,43.975856166818],[-83.2356512663179,43.9757495311838],[-83.2353414331191,43.9684366459223],[-83.2253177876123,43.9685855115001],[-83.2251625925922,43.964896951876],[-83.2151840942407,43.9651880796841],[-83.2153262460864,43.9688440059633],[-83.2053203624697,43.9691311254313],[-83.205839443828,43.9825385016815],[-83.2069772959689,43.9822635590096],[-83.2108203839137,43.9817813948143],[-83.213769483552,43.9812492992215],[-83.2158013899916,43.9810165142687],[-83.2157441203704,43.9795576263322],[-83.2207522062251,43.9794674768327]]]},"properties":{"NAME":"Albert E. Sleeper State Park","CreatedUser":"MichiganDNR"}},
{"type":"Feature","geometry":{"type":"Polygon","coordinates":[[[-84.608809701814,45.4629090780632],[-84.6078293198091,45.4629136722913],[-84.6078256627552,45.4622278801825],[-84.5957368750475,45.4622837834553],[-84.5953368560926,45.4652631158149],[-84.5961144039868,45.4660384416635],[-84.5965811074574,45.4668743792739],[-84.597155301854,45.4676344666203],[-84.5975192502251,45.4686849154672],[-84.5974281825678,45.4695501997742],[-84.6022928314712,45.4695635858978],[-84.6069857246864,45.4654187542158],[-84.6080150897231,45.4642191342455],[-84.6084351169495,45.4635914104595],[-84.608809701814,45.4629090780632]]]},"properties":{"NAME":"Gete Mino Mshkiigan","CreatedUser":"MichiganDNR"}},
{"type":"Feature","geometry":{"type":"Polygon","coordinates":[[[-84.0554622515735,44.3632465718334],[-84.0503815871535,44.3632566511723],[-84.0350633266432,44.3634161446419],[-84.0351945326437,44.3706032804707],[-84.0200305705451,44.3707363802307],[-84.0201368359481,44.3744046855571],[-84.0251809400243,44.3743538671952],[-84.0252949853903,44.3780175361527],[-84.0253334792462,44.381637922364],[-84.0202676474041,44.3816836443765],[-84.0202921782091,44.3852943032727],[-84.0102006824368,44.3853646921423],[-84.0102313500686,44.3889554507264],[-84.0051886583985,44.3889803579146],[-84.0053166375747,44.3995431273556],[-83.999539272929,44.3997879827985],[-83.9995362478606,44.4011281917558],[-83.9974413937167,44.4027817834169],[-83.9974497249517,44.4043318409974],[-83.9989425584169,44.404325094449],[-83.9993396998116,44.4044888031451],[-83.9993461516741,44.4070317837621],[-83.9997007324483,44.4178920072975],[-84.0053555343145,44.4178666171372],[-84.0053049839069,44.4142460573457],[-84.0103570115518,44.414235199652],[-84.0104102809246,44.4178557379809],[-84.0205197500209,44.4178333031899],[-84.020579469339,44.4215177828565],[-84.050744040965,44.4214891762283],[-84.0507429967993,44.4178247411068],[-84.0456656264486,44.4178456794087],[-84.0455918602677,44.406983604883],[-84.0456088959936,44.3921770509011],[-84.045414280083,44.3813644716156],[-84.0504978634934,44.3813522665557],[-84.0504220650952,44.3741258421644],[-84.0555068312265,44.3741134482807],[-84.0554622515735,44.3632465718334]]]},"properties":{"NAME":"Rifle River Recreation Area","CreatedUser":"MichiganDNR"}},
{"type":"Feature","geometry":{"type":"Polygon","coordinates":[[[-83.5122244149932,42.4303929796954],[-83.5125172304021,42.4364904088233],[-83.5218702461824,42.4361800952797],[-83.521843233146,42.4357275598968],[-83.5223314689271,42.4357113399715],[-83.5219790309634,42.4298073557615],[-83.5268710288426,42.4295133462652],[-83.5272764055449,42.4360007429781],[-83.5365153357746,42.435687222279],[-83.5364878487112,42.4351578398637],[-83.5371004592651,42.4351360878885],[-83.5371383733217,42.4356660890828],[-83.5519199424061,42.4351796860732],[-83.5516297998093,42.4297268122682],[-83.5491840518729,42.429764204968],[-83.549135277427,42.4288467963182],[-83.545448318016,42.428923564494],[-83.545021282651,42.4216559823408],[-83.5411161491054,42.4217089702912],[-83.5413552034438,42.4254129859366],[-83.5315281373644,42.4256150415983],[-83.5312911302736,42.4219774296633],[-83.5264423999844,42.4221085442628],[-83.5264932929915,42.4230903258795],[-83.5251120568148,42.4231276383349],[-83.5250748850601,42.4221454861003],[-83.5240541988518,42.4221730478306],[-83.5241725262479,42.4242515115637],[-83.5234315180209,42.4242715154643],[-83.5233468740813,42.4229130634433],[-83.5215704116734,42.422960999453],[-83.5215274577819,42.4222412386414],[-83.5193148267633,42.4224532942204],[-83.5194453232086,42.4246412180973],[-83.5167829004206,42.4246966663068],[-83.516665520209,42.4227071418889],[-83.5118035150824,42.4231728382739],[-83.5122244149932,42.4303929796954]]]},"properties":{"NAME":"Maybury State Park","CreatedUser":"MichiganDNR"}},
{"type":"Feature","geometry":{"type":"Polygon","coordinates":[[[-86.4048965882384,43.3397886969286],[-86.4051916928543,43.339783571347],[-86.4062729091684,43.339976087744],[-86.4067262782052,43.3398798614962],[-86.4069809320298,43.3400155113693],[-86.4072017608749,43.340444904019],[-86.4072902818367,43.3414921898471],[-86.4072174242009,43.3418553574597],[-86.4072781445572,43.3420431096158],[-86.4074461189989,43.3422915676543],[-86.4073966643134,43.3423479929256],[-86.40743299675,43.3424432281921],[-86.4068705579378,43.3425370871438],[-86.4065253701462,43.3425032815808],[-86.4060458444134,43.3426277253344],[-86.4058228853549,43.3425989869533],[-86.4049554495587,43.3421834624779],[-86.4046415257579,43.3418936494818],[-86.4041934101496,43.3416379085567],[-86.4039755630747,43.3413786394343],[-86.4039030042949,43.341350072427],[-86.4033082103308,43.3416759064131],[-86.4032693189599,43.3417679692035],[-86.4029947864987,43.3419054237583],[-86.401897372804,43.341978432751],[-86.4013299597389,43.3417333755736],[-86.4011272385681,43.3414857116117],[-86.4010801164525,43.3413177900259],[-86.4010067657124,43.341312549313],[-86.4005884547733,43.3414559717003],[-86.399905404962,43.3419494811891],[-86.398354225807,43.3426585749367],[-86.3971665458467,43.3428800264745],[-86.3962860188801,43.3429172681209],[-86.3957817581521,43.3428482858585],[-86.3946404533243,43.3425193482208],[-86.3936493038263,43.3419984955166],[-86.392940104335,43.3414691560833],[-86.3926525858466,43.3413349551049],[-86.3924032821386,43.3413001037517],[-86.3916599018372,43.3413203915993],[-86.3913690000304,43.3412465695121],[-86.3910487904921,43.3412977040829],[-86.3906425483879,43.341268167074],[-86.3901632756917,43.3414378220874],[-86.3897632643569,43.3418102846869],[-86.3893306377185,43.3419235268023],[-86.3887526167149,43.3419329636795],[-86.3882042198639,43.3418682080922],[-86.3872631738809,43.3418452051628],[-86.3870597982546,43.3417889251735],[-86.3869329896766,43.3418030585094],[-86.3864272214405,43.3421003875461],[-86.386394064945,43.3422123205821],[-86.386461798023,43.3425297404411],[-86.3863011124892,43.3426921697688],[-86.3857342744511,43.3428415082756],[-86.3844968896097,43.3429353843982],[-86.3839895366052,43.3431298019653],[-86.3838040492222,43.3433890393472],[-86.383724403905,43.3434311449097],[-86.3833372567111,43.3434522876686],[-86.3824376415848,43.343289158226],[-86.3822369226851,43.3433618376421],[-86.3814471544034,43.3434885448927],[-86.3814070492064,43.3435408128456],[-86.3814733795576,43.3436291011318],[-86.3813692343194,43.3436598926769],[-86.3813055868707,43.3493224529215],[-86.3763297895807,43.3491563346291],[-86.376313022029,43.3527874252764],[-86.3862483035475,43.3531202909526],[-86.3862152018678,43.3567522275065],[-86.3911787713725,43.3569188947204],[-86.3912115826109,43.3532862456134],[-86.3975213051017,43.3534967519024],[-86.4024624321006,43.3535796236579],[-86.402570977137,43.3499551723674],[-86.4084054960929,43.350060156785],[-86.4072962442231,43.346379180846],[-86.4075682133929,43.3463832988326],[-86.4109976611136,43.3460858658042],[-86.4106513054795,43.345504687157],[-86.4102120572993,43.344595826394],[-86.4095294862018,43.3428350508867],[-86.409303793372,43.3426746094914],[-86.4092955764029,43.3425669291187],[-86.4087601603352,43.3416062545795],[-86.4086189971509,43.3412891019192],[-86.4085613427002,43.3408035811294],[-86.4080405665946,43.339922433449],[-86.4075634266402,43.3388092499391],[-86.4072920464915,43.3384109042009],[-86.4069921860634,43.3382603160852],[-86.406945254507,43.3381710878732],[-86.4060074059906,43.3384581142685],[-86.4050132982736,43.3390021995025],[-86.4044956640889,43.3391838233122],[-86.4011280883812,43.3390715623597],[-86.4010795732699,43.3392020438604],[-86.4010366958413,43.3397036874857],[-86.4011254594927,43.3399167483047],[-86.401226643182,43.3400131387687],[-86.4014683833678,43.3400411358749],[-86.4015440769551,43.3401197750569],[-86.4013618379128,43.340433227749],[-86.4014726572748,43.3407148181101],[-86.4015321379554,43.3407564657272],[-86.4020298235406,43.340680003569],[-86.4022397445542,43.3407293740464],[-86.4024917132846,43.3408869965311],[-86.4027527428084,43.3406960776135],[-86.4030672727383,43.3406408131649],[-86.4036532223139,43.3402560099324],[-86.4041122010481,43.3401542866536],[-86.4048965882384,43.3397886969286]],[[-86.4078322726164,43.344302341354],[-86.4080442909145,43.3446300083294],[-86.4077568106621,43.3447166914255],[-86.4075516526238,43.3443869566224],[-86.4078322726164,43.344302341354]]]},"properties":{"NAME":"Duck Lake State Park","CreatedUser":"MichiganDNR"}},
{"type":"Feature","geometry":{"type":"Polygon","coordinates":[[[-82.9776312428288,42.3462283094632],[-82.9785779426487,42.3452480869219],[-82.9794818027486,42.344010195688],[-82.9801569115438,42.3434946883128],[-82.9827177891051,42.3423113049929],[-82.9842584996519,42.3421985263553],[-82.9868875493246,42.3418890213843],[-82.9892422989274,42.341531106794],[-82.9908167004803,42.3407214186341],[-82.9929278979474,42.3416805576175],[-82.9950723588746,42.3409589522857],[-82.9986259743514,42.3391456987823],[-83.0002322099586,42.3376714844815],[-83.000514703233,42.3372239250098],[-83.0048619148776,42.3334193730404],[-83.0050088090832,42.3331941422082],[-83.0050202329161,42.3330532827012],[-83.0048638153342,42.333003019669],[-82.9983374079905,42.3330553520861],[-82.9887113115656,42.3333597769999],[-82.9863799249054,42.3340979436207],[-82.9834063041211,42.3346752707608],[-82.9813120937499,42.3353683652515],[-82.9790117126949,42.3357251419957],[-82.9750739057997,42.3368124546839],[-82.9734365291896,42.3380614510258],[-82.9700056447705,42.3389340070798],[-82.9664595345821,42.3393313792857],[-82.9629826414402,42.3394432050529],[-82.9612732944091,42.3398981362574],[-82.9614069050691,42.3400808711614],[-82.9600904626975,42.3406056301762],[-82.9599438179379,42.3404203462712],[-82.9583800393714,42.3417438771808],[-82.9570348799419,42.3425666215952],[-82.9563413163352,42.3437381817721],[-82.9532339456717,42.3464658767555],[-82.9530736415691,42.3470291936371],[-82.9531865145843,42.3477163981657],[-82.9534937154504,42.3485044895477],[-82.9537346021055,42.3489521905148],[-82.9546677176626,42.3493877618904],[-82.955249929881,42.349362405324],[-82.9559092390482,42.3491749517367],[-82.9643079131594,42.3494111129541],[-82.9666265228841,42.3506533403509],[-82.969447062134,42.3518166349219],[-82.9700865498408,42.35175169683],[-82.9706270738698,42.3514656732548],[-82.9707361003472,42.3512985299776],[-82.9708116833555,42.3506883170931],[-82.9705637223549,42.3501306561457],[-82.9707078287489,42.3492433720785],[-82.9708695935641,42.3489347863063],[-82.9713421999852,42.3484576622656],[-82.9721875539651,42.3482354187543],[-82.974514391556,42.3479099866097],[-82.9759531490782,42.3475539430156],[-82.9776312428288,42.3462283094632]],[[-82.9848775316048,42.3369053483473],[-82.9840950247799,42.3371665477851],[-82.9839357929083,42.336918680215],[-82.9841148032647,42.3368558514639],[-82.9840772257365,42.3367884074552],[-82.9841221761157,42.3367686256625],[-82.9839258195558,42.3364440008513],[-82.9844599898538,42.3362496102326],[-82.9848775316048,42.3369053483473]]]},"properties":{"NAME":"Belle Isle Park (leased from City of Detroit)","CreatedUser":"MichiganDNR"}},
{"type":"Feature","geometry":{"type":"MultiPolygon","coordinates":[[[[-84.361641637001,42.4229071774127],[-84.3559806901094,42.4229028185188],[-84.3558534063528,42.4246705951782],[-84.3607305625891,42.424674372727],[-84.3607322496155,42.4248553942045],[-84.3622642859872,42.4248565375338],[-84.3622655159212,42.4257105141551],[-84.3644669923671,42.4257168371451],[-84.3644761289568,42.4319112297023],[-84.3647204915006,42.4319119289742],[-84.3647113378168,42.4257221016686],[-84.3671548252859,42.4257179410382],[-84.3671548504028,42.4222769398625],[-84.3735753843984,42.4222592631726],[-84.3735770879785,42.4218972144698],[-84.3671541810739,42.4219148983204],[-84.3671483765549,42.4203496600074],[-84.3649403470242,42.4203556555826],[-84.3649255853015,42.4176736148297],[-84.364437181645,42.4177123457576],[-84.3644511638844,42.4202563683255],[-84.3615996075869,42.4202647654774],[-84.361641637001,42.4229071774127]]],[[[-84.3649217884557,42.4169837386493],[-84.3648980406365,42.4126681158326],[-84.3644096940791,42.4127103500725],[-84.3644333901502,42.417022469566],[-84.3649217884557,42.4169837386493]]]]},"properties":{"NAME":"Meridian-Baseline State Park","CreatedUser":"MichiganDNR"}},
{"type":"Feature","geometry":{"type":"Polygon","coordinates":[[[-85.559577707409,44.7494479581678],[-85.5546663296517,44.7484008880486],[-85.5546402440184,44.7465506560837],[-85.5555930277702,44.7469886559213],[-85.5562448454425,44.7473445757207],[-85.556411190739,44.7469378127353],[-85.5580709645366,44.7479307048071],[-85.5582764109921,44.7477128265834],[-85.5583172100149,44.7477296502925],[-85.5591699952681,44.7467220400215],[-85.5595510253211,44.746871241292],[-85.5596788140165,44.7467168729195],[-85.5583853617632,44.7462103822734],[-85.5585372228035,44.7459247564277],[-85.5581877009095,44.745791500384],[-85.5585007016985,44.74517698224],[-85.5567445196911,44.7447505294803],[-85.5554378581653,44.7446151394836],[-85.5472732552555,44.7446216951002],[-85.5473165477423,44.7467458480341],[-85.5489516140031,44.7470931193549],[-85.5489485834887,44.7469976119531],[-85.5497410037146,44.7471656641855],[-85.549744630824,44.7472612972534],[-85.5515064905691,44.7476349191448],[-85.5515192049428,44.74823892788],[-85.5557793340904,44.7492145947803],[-85.557296882457,44.7496621130213],[-85.5586337715847,44.7499760009771],[-85.5588369369334,44.7500016562506],[-85.5590212491001,44.74997493117],[-85.5590350603197,44.7500573030918],[-85.5591118860148,44.7500777995644],[-85.5596966344586,44.7494734929163],[-85.559577707409,44.7494479581678]]]},"properties":{"NAME":"Keith J. Charters Traverse City State Park","CreatedUser":"MichiganDNR"}},
{"type":"Feature","geometry":{"type":"MultiPolygon","coordinates":[[[[-86.666534172984,45.7213613138433],[-86.6664613350765,45.7209999379011],[-86.6665299211188,45.7205914408761],[-86.666886199229,45.7194670960667],[-86.6670534252915,45.719119752087],[-86.6674172620769,45.7190438970212],[-86.6679224265388,45.7190160843763],[-86.6683038234889,45.7188732500384],[-86.6684032114214,45.7188941031201],[-86.6684577753137,45.7188509168365],[-86.6690372245561,45.7187917995576],[-86.6691563554368,45.7187233716125],[-86.6698609026798,45.7186858097735],[-86.6699702305019,45.7188214875599],[-86.6694819328778,45.7197494250887],[-86.6692943123894,45.7198225405973],[-86.6690828144238,45.719843497913],[-86.6688745946287,45.7196260927322],[-86.6687517074287,45.7196876835762],[-86.6686955362434,45.7199040631646],[-86.6687931307893,45.7202875839384],[-86.6694225783443,45.7207245765802],[-86.6699791952433,45.7210068126087],[-86.6703582353611,45.7210757509221],[-86.6709998241659,45.7210934204711],[-86.6715494202355,45.7208904316832],[-86.67169789715,45.7207172325916],[-86.6718429798839,45.7200562232188],[-86.672264722296,45.7189906337891],[-86.6721768634611,45.7188085353004],[-86.6722238345998,45.7187448146497],[-86.6721990827875,45.7185177631227],[-86.6719006424703,45.7181259952997],[-86.6717475711039,45.7180171545394],[-86.6715646630112,45.7179719324256],[-86.6714221770024,45.7178270196279],[-86.6711323948849,45.7177489883878],[-86.670842282262,45.7177455469824],[-86.6705019301086,45.7175323493345],[-86.6698133686146,45.7168573658477],[-86.6695933189019,45.7164685620513],[-86.6696419561884,45.7162367928974],[-86.6693820557444,45.7149694411146],[-86.6693739885294,45.7140881347852],[-86.6695268595307,45.7138737599771],[-86.669525381807,45.7136474283414],[-86.6696239252538,45.7133930767132],[-86.6696740470552,45.7133884959445],[-86.669930991804,45.7126659609772],[-86.6699236045068,45.7125596933214],[-86.6699805662976,45.7125130628125],[-86.6699466971407,45.7124438157912],[-86.6699941658697,45.7124221034989],[-86.6699563792702,45.7123323040254],[-86.6700199834522,45.7123293587832],[-86.6698856280897,45.7116339799513],[-86.6696095868726,45.7110637456755],[-86.6689698839864,45.7101681320228],[-86.6687942009343,45.710007978772],[-86.6685987271589,45.7099328178604],[-86.6679886742026,45.7098806570155],[-86.6676541026082,45.7099426257203],[-86.6674718470025,45.7100525734386],[-86.6672875609423,45.7100948018884],[-86.6671857211376,45.7099693658868],[-86.6673193157196,45.7098837083849],[-86.6673076291511,45.709827191729],[-86.6672848898292,45.7098701917869],[-86.6671710776804,45.7098699991473],[-86.6670162941016,45.7097174368668],[-86.6669466883933,45.7097298458177],[-86.6667813722866,45.7096176404027],[-86.6664965497772,45.7092317797327],[-86.6661506153269,45.7090580395225],[-86.6660652025897,45.7090791135111],[-86.6662079720683,45.7091477271316],[-86.666178848629,45.7091684731637],[-86.6660375342612,45.7092224520407],[-86.6659098772371,45.7091897587361],[-86.6657756640681,45.7091202380176],[-86.6657201044196,45.7089756695462],[-86.6655086603884,45.7088945953703],[-86.6653567017473,45.7086699972762],[-86.6650254947795,45.7078797343453],[-86.6649126186629,45.7073385468853],[-86.6648101022769,45.7062254473313],[-86.6648384569731,45.7060366661153],[-86.6647633907533,45.7057944730217],[-86.6649185875578,45.7054669198985],[-86.6647878266137,45.7052747768591],[-86.6650309856621,45.7051143847737],[-86.6632962142973,45.7051146613436],[-86.6632501815379,45.7056997596391],[-86.6632935715257,45.7063089523382],[-86.6634125185126,45.706936025396],[-86.6636844675256,45.7078817776623],[-86.6626372748195,45.7078864283287],[-86.6626625210631,45.7092636278355],[-86.6652737211564,45.709657663671],[-86.6660700605346,45.7102844262055],[-86.6669597015549,45.7114723038247],[-86.6548016769024,45.7114779016428],[-86.6523699788794,45.7141282688014],[-86.6523931856358,45.715101189574],[-86.6514696245487,45.7151015420998],[-86.6427479411941,45.7245086340365],[-86.6421358552938,45.7249995373758],[-86.6414168878105,45.7253228698029],[-86.6417260307563,45.7255954861327],[-86.6420417424664,45.7256931657674],[-86.6471517867149,45.7259610004973],[-86.6476890356429,45.7259493852025],[-86.6481004828511,45.725856175475],[-86.6490300101073,45.7254702416808],[-86.6525508703168,45.7239033874814],[-86.6525297215487,45.7263774826211],[-86.6528510129762,45.7263767161741],[-86.65336433762,45.727068311034],[-86.6525233628427,45.7271212946127],[-86.6525151163992,45.728085962728],[-86.6535671339967,45.7279888655058],[-86.65403554934,45.728056489407],[-86.6550817526966,45.7283325670755],[-86.6556165705935,45.7286347171446],[-86.6557021153883,45.7287268197529],[-86.6562196222652,45.7289090372426],[-86.6562016226731,45.7289400049135],[-86.6565303208592,45.7289929890208],[-86.6565220639589,45.7290196136342],[-86.6574211244992,45.7292725090001],[-86.6573552343148,45.7292908924805],[-86.6575101036775,45.7293440142597],[-86.6585859245003,45.7295324404788],[-86.6595539251403,45.7296083091553],[-86.6608086529,45.7296027795272],[-86.6614716224357,45.7295569359216],[-86.6619914213612,45.7294124664393],[-86.6624914776372,45.729047770213],[-86.6628606296997,45.7285869503749],[-86.6629643313254,45.7285571994541],[-86.6629369861057,45.7285222073434],[-86.6630065869488,45.7285072284885],[-86.663066331366,45.7283834244989],[-86.6631603222838,45.7283605884622],[-86.6631798130781,45.7282490197829],[-86.6633465449505,45.7280628662854],[-86.663766319933,45.7277432119586],[-86.6641491503438,45.7273020277707],[-86.6642804645776,45.7272266764493],[-86.6642894243625,45.7271563221628],[-86.6645260626751,45.72698176265],[-86.6646626578832,45.7269389592744],[-86.6646232243475,45.7269168975437],[-86.6665524376424,45.7250615151005],[-86.6668724022941,45.7239691041343],[-86.6668409476289,45.7237943892489],[-86.6669499374688,45.7230778692102],[-86.6667674270262,45.7218314944935],[-86.666534172984,45.7213613138433]]],[[[-86.7097195085957,45.6713395790164],[-86.7159174297089,45.671402942121],[-86.7158774560834,45.6750555649463],[-86.7185468209616,45.6750798427153],[-86.7185754187891,45.6735942549568],[-86.7184711670677,45.6731885242464],[-86.7185180629049,45.6728392861917],[-86.718404064485,45.6724361882815],[-86.7185052364885,45.6721234755764],[-86.7184314058076,45.6718967407461],[-86.7184183993661,45.6708799987843],[-86.7183278027843,45.6704896152152],[-86.7182927956317,45.6688042746685],[-86.7181955412024,45.6685622544806],[-86.7181997359401,45.6684121907755],[-86.7180832023083,45.6681925828575],[-86.7181108329445,45.6681538278411],[-86.7178631667297,45.6673374677619],[-86.7178826267004,45.667233605242],[-86.7177669562032,45.6671768887735],[-86.7178154927933,45.667147433834],[-86.7177157282919,45.6670914751901],[-86.7176430933887,45.6667661360699],[-86.7176879293226,45.6667341328139],[-86.7176615396246,45.6666785701203],[-86.7177425456462,45.666702067203],[-86.7177702853541,45.6666718860134],[-86.7176854257264,45.6665500492411],[-86.709773437442,45.6664606016142],[-86.7097355864839,45.6698850699436],[-86.7111566531162,45.6698996282642],[-86.7111493874284,45.6705584771476],[-86.7097283040873,45.670543918796],[-86.7097195085957,45.6713395790164]]],[[[-86.6569096281146,45.7423871704143],[-86.6568911633832,45.7425878945258],[-86.6569785783464,45.7427331405248],[-86.6570917448117,45.7427770730329],[-86.6572261377614,45.7427514373853],[-86.6574918068465,45.7425390032201],[-86.65779613229,45.7419688348454],[-86.6578167784288,45.742058736565],[-86.6578916535911,45.7419700000468],[-86.6581573535796,45.741030536963],[-86.6581620360551,45.7405949792023],[-86.6582537835523,45.740066327304],[-86.6582184745678,45.7396661502611],[-86.6584178254086,45.7390211370518],[-86.6589207433168,45.7378488231074],[-86.6605271309801,45.7358753788562],[-86.6605524282268,45.7357363422507],[-86.6604274014448,45.7358279436705],[-86.6603868507423,45.7358153172657],[-86.6603242052451,45.7356939363161],[-86.6602205706943,45.7356268041585],[-86.6598773037232,45.7357959678879],[-86.6598753092358,45.7358345602842],[-86.6596884033798,45.7358699324117],[-86.659655877249,45.7358109629302],[-86.6595628202551,45.7359143808707],[-86.6594096495972,45.7359032614326],[-86.6592387685867,45.7359479716357],[-86.6591733401975,45.7359020522909],[-86.6590683779031,45.7359300922676],[-86.6589147325351,45.7358786793305],[-86.6586283495692,45.7358880456975],[-86.6584213157762,45.735981830995],[-86.6583657322732,45.7359401407679],[-86.6583404150899,45.7359737233505],[-86.6581495237641,45.7359825378148],[-86.658087730654,45.7360377642941],[-86.657924523283,45.7360061234911],[-86.6579218067728,45.7360875871483],[-86.6575943209958,45.7361417692218],[-86.6575727067972,45.7361779019157],[-86.6574538247649,45.7361674395648],[-86.657294522994,45.7362600914736],[-86.6572319047722,45.7362450192113],[-86.6573404953881,45.7364218654682],[-86.6574511103488,45.7364580948542],[-86.6574864491457,45.7367571056747],[-86.6576260798574,45.73697063847],[-86.6575767100426,45.7370412244851],[-86.6574741229792,45.7370632483736],[-86.6575553468268,45.7370987897462],[-86.6575524675966,45.7371665368315],[-86.6574643128796,45.7372707817254],[-86.6574001582755,45.7372291412122],[-86.6574683052813,45.7371935979233],[-86.6573070811486,45.7371225079637],[-86.6572118595366,45.7371462039638],[-86.6570932374461,45.7372626264651],[-86.6572257903374,45.737290157482],[-86.6572011149313,45.7373786060477],[-86.6569703693864,45.7374348018595],[-86.6569836065529,45.7375196022884],[-86.6571215205488,45.7375865403908],[-86.6573017134481,45.7378135579505],[-86.6571866028819,45.7379162437676],[-86.6572569917964,45.7380718764897],[-86.6568987364859,45.7381133727697],[-86.6568504380525,45.7382756884077],[-86.6569725081114,45.7384533144378],[-86.6572342209137,45.7386361397002],[-86.6573612203608,45.7388163094579],[-86.657375067737,45.7387442130816],[-86.657530373975,45.7387278880276],[-86.657769918305,45.7387950978294],[-86.6575406525582,45.7388735771628],[-86.6575916658572,45.739047324814],[-86.6574703104521,45.739139757793],[-86.6574644221948,45.739264106761],[-86.6570699925336,45.7393538226994],[-86.6567427306951,45.7397423654069],[-86.6571500922632,45.7398154713648],[-86.6572079889673,45.7399497418565],[-86.6573608813536,45.74004059827],[-86.6576028040749,45.7403101284596],[-86.6576665248928,45.7405232407199],[-86.6576222737181,45.7412393773807],[-86.6576637258716,45.7414328992506],[-86.6574207527961,45.7421184562791],[-86.6572957694113,45.7423197936675],[-86.6572007298884,45.742359777618],[-86.6570067549804,45.7423163094994],[-86.6569096281146,45.7423871704143]]]]},"properties":{"NAME":"Fayette Historic State Park","CreatedUser":"MichiganDNR"}},
{"type":"Feature","geometry":{"type":"MultiPolygon","coordinates":[[[[-86.208076774752,42.6986638473707],[-86.2082191381577,42.6979600701574],[-86.20857960181,42.6967571365114],[-86.2086267171751,42.6957553728046],[-86.2087704590737,42.6952028454959],[-86.2093235588238,42.6914653663455],[-86.2094110534996,42.6911667799603],[-86.2094864403584,42.691104913734],[-86.209757669305,42.6901115690802],[-86.2066149845865,42.690123085463],[-86.2066047720077,42.6903491205088],[-86.2062404889057,42.6903614819404],[-86.2055883898324,42.690264653475],[-86.2054277688873,42.6906009383527],[-86.2065879261823,42.6907219418702],[-86.2075186311185,42.6907185407251],[-86.207469001648,42.6913846211749],[-86.2041479404575,42.6913958534653],[-86.2025875295649,42.6914386577864],[-86.2043384598142,42.6904434576536],[-86.2045515830744,42.6902691577985],[-86.2056168542663,42.6900884867242],[-86.2056225356225,42.6894681414904],[-86.206085983487,42.6893439465387],[-86.2068295832964,42.6890281648215],[-86.2075951321765,42.6886320638328],[-86.2099861708986,42.6886232895354],[-86.2100490606022,42.6878708339986],[-86.210518393164,42.686559663851],[-86.2108541448476,42.6849774427862],[-86.2097680841912,42.6849817157454],[-86.2102715170851,42.681337166476],[-86.1939080005732,42.6814048315026],[-86.1943471752019,42.6920623081294],[-86.1940109617561,42.6923190759409],[-86.1894430715377,42.6923333462875],[-86.1897230910714,42.6995977944528],[-86.1946461087119,42.699586777132],[-86.1950615702139,42.7104799746835],[-86.1999754067976,42.7104771054792],[-86.2000302205905,42.7141027169343],[-86.2071526333264,42.7141083515624],[-86.20703033217,42.7132634229928],[-86.2071496909301,42.7123001407366],[-86.2072194039439,42.7106499880181],[-86.2071599844023,42.7102041224482],[-86.2069921489487,42.7096649452181],[-86.2069179314383,42.7081067812967],[-86.2072521633346,42.7058344494321],[-86.2071958141316,42.7048328469384],[-86.2074265022002,42.7029560347682],[-86.2078812404964,42.7005522991591],[-86.208076774752,42.6986638473707]]],[[[-86.199559439279,42.6995748441403],[-86.1994208270872,42.6959407554522],[-86.1933902135763,42.6959590808367],[-86.1934531796882,42.6976056978669],[-86.1945704436581,42.6976023262909],[-86.1946304194985,42.6991753133305],[-86.1953752663096,42.6991735552708],[-86.19539095916,42.6995849819835],[-86.199559439279,42.6995748441403]]],[[[-86.2072565875032,42.6899838829483],[-86.2097864608177,42.6899746042737],[-86.2098194784976,42.6896850430979],[-86.2097775113593,42.6896448018701],[-86.2097241939953,42.6896997727048],[-86.2097331919923,42.6895951292645],[-86.2098843671581,42.68898561945],[-86.208889160162,42.6889892764997],[-86.207282042027,42.6896422589001],[-86.2072565875032,42.6899838829483]]]]},"properties":{"NAME":"Saugatuck Dunes State Park","CreatedUser":"MichiganDNR"}},
{"type":"Feature","geometry":{"type":"Polygon","coordinates":[[[-83.3565231832856,42.9478237827923],[-83.3564414617612,42.9460217815034],[-83.3589115842493,42.9459750269758],[-83.3587771469581,42.9430574925054],[-83.3569286997046,42.9430940831632],[-83.3568176204344,42.9406034806057],[-83.3586623945024,42.9405669556077],[-83.3582289762046,42.9296848605161],[-83.3458836187722,42.9299825992957],[-83.3460341667585,42.9335918835244],[-83.338629918533,42.9337590482725],[-83.3392226837162,42.9481447408563],[-83.3565231832856,42.9478237827923]]]},"properties":{"NAME":"Metamora-Hadley Recreation Area","CreatedUser":"MichiganDNR"}},
{"type":"Feature","geometry":{"type":"MultiPolygon","coordinates":[[[[-86.5839636996455,41.9403958618939],[-86.5843600676306,41.9398062513203],[-86.5846095041322,41.9391453906068],[-86.5847343356999,41.9389683998706],[-86.5850646639857,41.9382308378779],[-86.585841508656,41.9373321690482],[-86.5859859667579,41.937029638366],[-86.5860015320906,41.9368303700407],[-86.5863843723746,41.9360602191214],[-86.5870681377524,41.9348864648179],[-86.5874257037409,41.9341181450018],[-86.5883609875139,41.9324080969782],[-86.5885771660717,41.9317650308838],[-86.5892082227254,41.9308836872784],[-86.5894971131928,41.9302829048252],[-86.5906916557087,41.9285811974664],[-86.5896783543897,41.9285783720934],[-86.5897376430547,41.9231500919598],[-86.5848688042602,41.9231449474353],[-86.5848879408313,41.9213383687063],[-86.5897574082722,41.9213406651851],[-86.5897969404094,41.9177218129012],[-86.5987970909094,41.9177667964436],[-86.6009028650642,41.9149122629416],[-86.6025654249819,41.9128092795679],[-86.6037283609674,41.9114839056575],[-86.6048079023577,41.9100791756718],[-86.6059676328749,41.9089235865532],[-86.6079453035643,41.9067915536858],[-86.6083804455859,41.9062757673588],[-86.6089927730369,41.9054143847522],[-86.6095871227275,41.9047297385147],[-86.6096370742066,41.9047831527262],[-86.6096961233169,41.904724059034],[-86.6099345792903,41.9043887886941],[-86.6092207496971,41.9035944912127],[-86.6092203556463,41.9033248086627],[-86.6090986401057,41.9033243505117],[-86.6090963874421,41.9017812793996],[-86.6088128938971,41.9013182850879],[-86.6089402015852,41.9013186955358],[-86.6088729039681,41.9010811377773],[-86.6088644887888,41.9007758988251],[-86.6089738335472,41.9003650359093],[-86.6088451118569,41.9003643541949],[-86.6090688680477,41.8999540287092],[-86.6090943990258,41.8997360687406],[-86.6019658593681,41.8996981665353],[-86.6019618624144,41.9011665279141],[-86.600770745138,41.9011601517089],[-86.6007704790418,41.9018875887669],[-86.6005873086611,41.9018866075372],[-86.6005875768643,41.9011591704316],[-86.5995336960194,41.9011535167528],[-86.5995375050509,41.899773680168],[-86.596953939216,41.8997613531474],[-86.5969536709992,41.8998567827597],[-86.596650351079,41.8998533048587],[-86.5931579072789,41.9032632289396],[-86.5929282238209,41.903262331473],[-86.5922382923917,41.9039362807628],[-86.5922396021281,41.9041596203951],[-86.5913134147699,41.9050636740643],[-86.5910841130024,41.9050629494258],[-86.5899690783257,41.9061483748748],[-86.5898277008094,41.9062876770285],[-86.5898278434951,41.9064149087088],[-86.5896991903258,41.9064142960687],[-86.5892374344671,41.9068649451477],[-86.5894673112472,41.9068660407105],[-86.5867043383185,41.9095661571724],[-86.586474832493,41.9095650670412],[-86.5860974122549,41.9099466504037],[-86.5856278119341,41.9104654920964],[-86.5858463430312,41.9104665282623],[-86.5850176107437,41.9114673273595],[-86.5849593592731,41.91146705027],[-86.5849595393775,41.911274242004],[-86.5827040281376,41.9140695492752],[-86.5829170716022,41.9140705534574],[-86.5799942555787,41.9176962332507],[-86.5824851695143,41.917702904778],[-86.5824532046811,41.9213371424615],[-86.5799594004232,41.9213355620938],[-86.5799527360579,41.9221593033429],[-86.5790715577629,41.9221548113752],[-86.5790782336059,41.9213310690194],[-86.5775856427389,41.9213234442366],[-86.5775599000183,41.9249336219799],[-86.5769489988609,41.924931170719],[-86.5769234975313,41.9280657520069],[-86.5760394736837,41.9279976323528],[-86.575309735707,41.9280713135252],[-86.574076641731,41.9285169030177],[-86.5725041040102,41.9285290974489],[-86.5723425119718,41.9287862006878],[-86.5732555335963,41.929101892051],[-86.5735576504602,41.9292531477547],[-86.5738611943752,41.9295776172956],[-86.5739767820975,41.9300066092708],[-86.5738628787637,41.9303891746404],[-86.5730272466058,41.9317558199689],[-86.5727652928969,41.9342428877198],[-86.5725912401766,41.93494875913],[-86.5722704409767,41.9357813762253],[-86.5752379348929,41.9357885291358],[-86.5752380888996,41.9391653181499],[-86.5752742624139,41.9391647517156],[-86.5752382157963,41.941851076462],[-86.5755589638161,41.9417226383662],[-86.5755589511086,41.9414676421262],[-86.5754118383664,41.9414685356424],[-86.5754118188643,41.9410840484597],[-86.5755589309722,41.9410831864727],[-86.5755588196482,41.938956381023],[-86.5759651707366,41.9389547568948],[-86.5759651972742,41.9394157856001],[-86.576636828822,41.9394172136304],[-86.5766368955131,41.940394812975],[-86.576269121175,41.9403941278387],[-86.5762691814195,41.9413286237183],[-86.5772790206448,41.9411066560993],[-86.5797116480961,41.939043689479],[-86.581944232005,41.9399371964196],[-86.5837223726225,41.9407189414034],[-86.5839636996455,41.9403958618939]]],[[[-86.5848114004007,41.9285646726202],[-86.5848496686741,41.9249515253811],[-86.5799892863014,41.9249433359044],[-86.5799601110654,41.9285508092356],[-86.5848114004007,41.9285646726202]]],[[[-86.6100796575834,41.9042255811065],[-86.6106176117065,41.9035990663388],[-86.6093411699903,41.9027099645331],[-86.609342187619,41.903404976859],[-86.6100796575834,41.9042255811065]]],[[[-86.584942177504,41.9083809328452],[-86.5875245041356,41.9083884294972],[-86.5891919689375,41.9067606212091],[-86.5849501733339,41.9067519852705],[-86.584942177504,41.9083809328452]]],[[[-86.5795641654263,41.9182297088798],[-86.5788671339907,41.9190933533132],[-86.580036561118,41.9190991082711],[-86.5800435758539,41.9182321539118],[-86.5795641654263,41.9182297088798]]]]},"properties":{"NAME":"Warren Dunes State Park","CreatedUser":"MichiganDNR"}},
{"type":"Feature","geometry":{"type":"MultiPolygon","coordinates":[[[[-86.490057565792,44.0818950894722],[-86.4904514095071,44.0816155829577],[-86.492144679874,44.0808074592908],[-86.4927140310494,44.0803188219682],[-86.4930287399292,44.0801108179677],[-86.4941809516745,44.0796222526807],[-86.4950891150139,44.0789683682522],[-86.4951813826667,44.0787621702882],[-86.4969026346112,44.0779032629655],[-86.4975670956594,44.0774167645994],[-86.4983495575434,44.0769606225384],[-86.4987277443954,44.076666577265],[-86.5012366003577,44.075131911713],[-86.5048227432195,44.072303647596],[-86.5053896446477,44.0718286790822],[-86.50607737245,44.0711559507887],[-86.5065715749879,44.070525229065],[-86.5072836173466,44.0697777834804],[-86.5080002407493,44.0687310442211],[-86.5086918377061,44.0679613858217],[-86.5091485215514,44.0672605032982],[-86.5099118412922,44.0665376830027],[-86.5104960291177,44.0657298997875],[-86.511603824408,44.0645459196947],[-86.5117830833876,44.0642304198921],[-86.5122911789033,44.0637085152642],[-86.5125162312535,44.0631861520787],[-86.5131710100686,44.0624363516386],[-86.513747426791,44.0614253586682],[-86.5142867132891,44.0601083993162],[-86.5143057702999,44.0598347702885],[-86.5144631117709,44.0594627679509],[-86.5147736216404,44.0582334352386],[-86.5149127707068,44.0579641978477],[-86.5151633809987,44.0578448832214],[-86.515304731685,44.0575952109035],[-86.5152857854905,44.0572150106021],[-86.5152321705077,44.0571053871568],[-86.5150489953448,44.056960430053],[-86.5151126970748,44.0567629187502],[-86.5150904879016,44.0565306340856],[-86.5152317908184,44.0560926749994],[-86.5152531481486,44.0553954278318],[-86.5153533625893,44.0550193924564],[-86.515369994343,44.054602570471],[-86.5152919720602,44.0538251620741],[-86.5153283566765,44.0526630797087],[-86.5154485162487,44.0512879609089],[-86.5153948143668,44.0509880746348],[-86.515237285983,44.0506432032756],[-86.5152416924422,44.0500489329461],[-86.515113524468,44.0489690479307],[-86.5151323064696,44.0485256340097],[-86.5145740019752,44.0466416141984],[-86.5142602274575,44.0452650014793],[-86.5142392480831,44.0447591665953],[-86.5140607976759,44.0440508047581],[-86.5138331448925,44.0435656129675],[-86.5137984350065,44.0432604960335],[-86.5132672344764,44.0416155911328],[-86.5128688324885,44.0406226562779],[-86.5127786203651,44.0402208872371],[-86.5124515797278,44.0395088950086],[-86.5123553782925,44.0391011491995],[-86.5120292867305,44.0384989129453],[-86.5118967429879,44.0380107225524],[-86.5116809256604,44.0376541001259],[-86.5115430422108,44.0372362483619],[-86.5110787082683,44.0365900310171],[-86.5108637385966,44.0359126953632],[-86.5103110959456,44.0349435867435],[-86.5101647782321,44.0345103353487],[-86.5097750134914,44.0336828484579],[-86.5096526953603,44.0335556201531],[-86.5095616459603,44.0333313559389],[-86.5093975119676,44.0331785868795],[-86.5089045379856,44.0323721335173],[-86.5088091291208,44.0320535613717],[-86.5088285972698,44.0318262360822],[-86.5087054022552,44.0317350258098],[-86.5086853899598,44.0315163443375],[-86.5083176220355,44.0311373381038],[-86.5082268790968,44.0309482286633],[-86.5080759007525,44.0308039747165],[-86.5080492235133,44.030600862887],[-86.5078316179453,44.0305889578592],[-86.5077765480394,44.0305420378723],[-86.5076655301867,44.0303444421314],[-86.5077099174973,44.0302524932484],[-86.5076087212579,44.0300917274231],[-86.5074909885832,44.029661776511],[-86.5071022778161,44.0292321587678],[-86.5069431975298,44.0289721760167],[-86.5068176272446,44.0288801170085],[-86.5065463830103,44.0282853401099],[-86.5062427396237,44.0279350943297],[-86.5060496979777,44.0275929377712],[-86.5058100151767,44.0273573169801],[-86.505196697973,44.0263610067984],[-86.504221520882,44.0254357332223],[-86.5034325667031,44.0243218444705],[-86.5030805628454,44.0240103891101],[-86.5027095816062,44.023560956281],[-86.5024401676389,44.0231771076408],[-86.5023334755543,44.0227822610353],[-86.5020237512902,44.0224088777709],[-86.5014226982957,44.0214442201599],[-86.5007614582203,44.0206701886629],[-86.5002689241524,44.0198894191352],[-86.4998154156337,44.0195132217417],[-86.4996570083743,44.019326970972],[-86.4991607298613,44.0186645486192],[-86.4984731978191,44.0175784825175],[-86.4978129644453,44.0169159047935],[-86.4970968657748,44.0163933369456],[-86.4965403411901,44.0159112395792],[-86.4959143012561,44.0152116301684],[-86.495675550662,44.0150780262334],[-86.4948862203736,44.0143147983567],[-86.4946905148752,44.0140686747276],[-86.4935320057436,44.0130557679827],[-86.4932943386385,44.0127626578113],[-86.4929234529813,44.0124521077367],[-86.4923812515092,44.0118241510165],[-86.4922160069743,44.0115230116638],[-86.4918128949734,44.0111928729699],[-86.4908041560656,44.0098834588139],[-86.4905713562154,44.0093099163116],[-86.4903490312773,44.0091462188001],[-86.4901340384761,44.00886157967],[-86.4896166031931,44.0083492682477],[-86.4892712095829,44.008099481382],[-86.4891168937559,44.0078240171558],[-86.4889704073984,44.007780903983],[-86.4887159219283,44.0074595568246],[-86.4885045885089,44.0070385555588],[-86.4878285721517,44.0063931024986],[-86.4873067395385,44.0056853182492],[-86.4865541576745,44.0048832881282],[-86.486313115468,44.0044581205906],[-86.4856077551604,44.0034680892821],[-86.4854385908762,44.0031155063689],[-86.4852952063048,44.0030132067312],[-86.4851421306489,44.0027403036877],[-86.4847921276205,44.0023541777091],[-86.4845500582931,44.0017986690856],[-86.4840901909933,44.0011926211535],[-86.4838217077247,44.0007486968793],[-86.482973722139,43.9997386662333],[-86.4826804128944,43.9994560556348],[-86.4824353828926,43.9989717274375],[-86.481844297854,43.9981432651958],[-86.4809976110579,43.9972867076327],[-86.4805566145574,43.9966548409319],[-86.4798924541924,43.9958918427196],[-86.4796748982226,43.9955711790586],[-86.4793983447946,43.9952996373291],[-86.4792849365178,43.9950797270649],[-86.4788028883476,43.994508907169],[-86.4773974270945,43.9924762158278],[-86.4748512868358,43.9924782780991],[-86.4748513503244,43.993201839668],[-86.4754599071705,43.9933353876713],[-86.4754600471785,43.9947493390501],[-86.4766260361895,43.994756576517],[-86.4766262017691,43.996147304921],[-86.4759147420655,43.99614669657],[-86.4765662015626,43.998225861472],[-86.4770510790766,43.9995138501578],[-86.4776213974361,44.0006677262744],[-86.4784220910798,44.0019902626241],[-86.4795814976747,44.0035007870103],[-86.4798776287277,44.0035020333448],[-86.4798753360988,44.0038409334227],[-86.4816345956799,44.0058722015591],[-86.4834238400961,44.0058798318107],[-86.4845681486229,44.0071982983296],[-86.4849072914687,44.0071997498436],[-86.4848151509811,44.0143848438697],[-86.4797596920134,44.0143851296563],[-86.4798036163636,44.0107818683221],[-86.474828369742,44.0107423883862],[-86.4748519794583,44.0072421595533],[-86.474349120263,44.0072381568553],[-86.474350277315,44.0070581029183],[-86.4748578160083,44.0070660349887],[-86.474857793878,44.0068220728225],[-86.4747282346213,44.0068220793512],[-86.474729417213,44.0066379740779],[-86.4748577773063,44.006639854048],[-86.4748523877502,44.0047073312529],[-86.4746163544232,44.0047054523512],[-86.4746190721387,44.004282327234],[-86.4747445402301,44.0042833261669],[-86.4747433575879,44.004467430573],[-86.4748493032603,44.0044753237473],[-86.4748520996573,44.0015611837593],[-86.4747620229344,44.0015604671713],[-86.4747635646691,44.0013214463779],[-86.4748520781809,44.0013221504835],[-86.4748519409264,43.9998132820945],[-86.4698013771862,43.9998002812325],[-86.4697758384716,43.9961412610399],[-86.4717437642074,43.9961430391728],[-86.4717310390734,43.9943281036076],[-86.4709104712494,43.9934961978483],[-86.4684744003102,43.9939498237786],[-86.468350155899,43.9945759871695],[-86.4678446991142,43.9958720202412],[-86.4677590756015,43.996624405375],[-86.4676646974265,43.9968614611453],[-86.4674482108544,43.9971298800742],[-86.4671470653646,43.9973574810321],[-86.4667957155316,43.9975449804172],[-86.4659085521973,43.9978769858576],[-86.4655070440756,43.9981847349695],[-86.4650533586373,43.9991203926163],[-86.4650161207901,43.9995287186444],[-86.4651569120727,43.9997622533557],[-86.4653616458119,43.9999689472485],[-86.4667472334672,44.0011004244676],[-86.468581110639,44.0027368575158],[-86.4688069490821,44.0030575088519],[-86.4688216847548,44.0034549775457],[-86.4698269233121,44.0034593021403],[-86.4698389577959,44.0051825226123],[-86.4703398948671,44.0051865306915],[-86.4705200324916,44.0057301397569],[-86.4710390338167,44.0055955821428],[-86.4711095141124,44.0057078893779],[-86.4709939149929,44.0061184115832],[-86.4715986241388,44.0061898636541],[-86.4714968937448,44.0065594213368],[-86.4716038130129,44.0068593522738],[-86.4717647151644,44.0070374853705],[-86.4718766868759,44.0073155781842],[-86.4717718571212,44.0076326493086],[-86.4721372892587,44.0076355674883],[-86.4721361254878,44.0078156205601],[-86.4720106498966,44.0078146188193],[-86.4720112313525,44.0077245927351],[-86.471742169277,44.0077224439948],[-86.4716972416932,44.0079165687048],[-86.471361351129,44.0082244784837],[-86.470706895142,44.0085720673791],[-86.4705701064091,44.0089168339299],[-86.4707294430415,44.0089267948012],[-86.4707295007938,44.0092186280025],[-86.470999359464,44.0091916268144],[-86.4709977594155,44.0094383207642],[-86.4706519748612,44.0094933262705],[-86.4707674280755,44.0097126100161],[-86.4706555385191,44.009732964456],[-86.4707168444117,44.0099492241549],[-86.4709111372633,44.0099030976094],[-86.4710658744217,44.0099372157545],[-86.4710652903213,44.0100272418374],[-86.470818496838,44.0102953638989],[-86.4714901365405,44.0103007300469],[-86.4714904297678,44.0107157771918],[-86.4717409640898,44.0107177734128],[-86.4717381124495,44.0111476923752],[-86.4707365224562,44.0111356444322],[-86.4707354488959,44.0113011225788],[-86.4709998787061,44.0113043034967],[-86.470998805888,44.0114697816365],[-86.4721124104865,44.011483172923],[-86.4721109856608,44.0117035700341],[-86.4719855040867,44.0117020614832],[-86.4719844340317,44.0118675387002],[-86.4723599553831,44.0118720524042],[-86.4723594534337,44.0120924601387],[-86.4724849345902,44.0120939682735],[-86.472487518225,44.0118735853399],[-86.4728628237957,44.0118780946621],[-86.4728603104907,44.0122639690421],[-86.4729857920135,44.0122654766199],[-86.4729801481576,44.0127062363203],[-86.4726696158277,44.0127025059068],[-86.4726685477201,44.0128679830987],[-86.4728563976573,44.0128702403922],[-86.4728553300777,44.0130357175787],[-86.4731062976485,44.0130387325696],[-86.4731011013508,44.0134794967145],[-86.4726015166744,44.0134734952751],[-86.4726004484098,44.0136389733587],[-86.472976902976,44.0136434955466],[-86.472975835767,44.0138089736213],[-86.4734777749851,44.0138150015617],[-86.4734788403996,44.0136496324306],[-86.474684292506,44.0136639929974],[-86.474685356189,44.0134985149462],[-86.4748097520688,44.0135024889999],[-86.4748071621377,44.0138858797665],[-86.4735535103239,44.0138708349049],[-86.473551025376,44.0142567081993],[-86.4729729915099,44.0142497668242],[-86.4729719243037,44.0144152439909],[-86.4728464382208,44.0144137364423],[-86.4728482126239,44.0146341717218],[-86.4727195284686,44.0146326258068],[-86.4727184605735,44.0147981038733],[-86.4718491873839,44.0147876565606],[-86.4718488826949,44.0148647868615],[-86.4717233839627,44.0148652866375],[-86.4717230415505,44.0149516304827],[-86.4722154424772,44.014957549837],[-86.4722100990939,44.0157842172409],[-86.4713432879702,44.0157737956892],[-86.471342631723,44.0159392783727],[-86.4715936165878,44.0159422965655],[-86.4715947591614,44.0165486281659],[-86.4714657177662,44.0165470769104],[-86.4714644047704,44.0168780413548],[-86.4719662926578,44.0168840760364],[-86.4719655100653,44.0171044794367],[-86.4722015479677,44.0171073169359],[-86.4722001237221,44.0173277130483],[-86.4712116655095,44.017315830489],[-86.4712102961413,44.0176604801907],[-86.4715867850214,44.0176650076012],[-86.471585199575,44.0180645783867],[-86.4723205690702,44.0180734178389],[-86.4723193387706,44.0183006588121],[-86.4721938444478,44.0182991506229],[-86.4721923766212,44.0185263898634],[-86.4696915657505,44.0184963095374],[-86.4694685929378,44.0189149591989],[-86.4695759596889,44.0189685465001],[-86.4696991716869,44.0189360896655],[-86.4701354328215,44.0189396883559],[-86.4700250004502,44.0191022073622],[-86.4698973752291,44.0196426342332],[-86.4697723614596,44.0199238727022],[-86.4693347918716,44.0202775943168],[-86.469363985952,44.0204903163481],[-86.46917828183,44.0207556155783],[-86.4691268793289,44.0210593844399],[-86.4690215590057,44.021172887101],[-86.4688422493532,44.0216716517848],[-86.4687376688293,44.0217787898599],[-86.4688212198336,44.0221512626965],[-86.4687880333687,44.022315182092],[-86.4686507588077,44.0225366000595],[-86.4687939919793,44.0228784475194],[-86.4690542205892,44.0232846106939],[-86.4690526087523,44.0236870803493],[-86.4688346617456,44.0240864983199],[-86.4688473595712,44.0242855014867],[-86.4692956767056,44.0243214118419],[-86.4693794963142,44.0242498976418],[-86.4693916726042,44.0241349419358],[-86.4696673483575,44.0239777549745],[-86.4698604130883,44.0241990653488],[-86.4696974390017,44.0243309273561],[-86.4694086719055,44.0249426483666],[-86.4694083147042,44.0252016184939],[-86.469605922484,44.0254943023803],[-86.469526074359,44.0260829285807],[-86.4706643520999,44.0261076458832],[-86.4706727907922,44.0265799499703],[-86.4705551990773,44.0268501324413],[-86.470922739076,44.0268553103566],[-86.4709230997024,44.0267646425069],[-86.4710486140078,44.0267664102954],[-86.4710488125631,44.0270026858329],[-86.4704922157776,44.0269948438849],[-86.4704915359701,44.0271655355018],[-86.4707953025961,44.0273367675814],[-86.4706259317659,44.0273842087927],[-86.4709460754031,44.0276186853561],[-86.4715292336203,44.0278718451177],[-86.4715971187537,44.0280413547565],[-86.4721207001959,44.0282741735219],[-86.4723794365652,44.0285312263605],[-86.472562732066,44.0285647779186],[-86.4726861242739,44.0285376898499],[-86.4733031817911,44.0280542309311],[-86.4734286801593,44.0280609116222],[-86.4736794579688,44.0281296311827],[-86.4741242918419,44.0283954515112],[-86.4739821947779,44.0284620632867],[-86.4739575669562,44.0286176223211],[-86.475712302426,44.0286422856218],[-86.4757117366659,44.0287877862029],[-86.4764381344041,44.0287979964072],[-86.4764337412078,44.0291246104315],[-86.4760302140531,44.0291189388545],[-86.4766464718041,44.0293154697806],[-86.4767898308856,44.030007745661],[-86.4767117645775,44.0302052957104],[-86.4764945817081,44.0303957017137],[-86.4762944296655,44.0304857081565],[-86.4760748466033,44.0305234858897],[-86.4760763948045,44.0307189922968],[-86.4758781971638,44.0309058888436],[-86.4758750721013,44.0311117037052],[-86.4761117040802,44.0314254344444],[-86.4763791033789,44.0315718241185],[-86.4765523492469,44.0317819969837],[-86.4770144295009,44.0319986481549],[-86.477198314109,44.0322064290594],[-86.4776803535158,44.0322440913742],[-86.4776797366001,44.0324040414572],[-86.4778501373313,44.0325656031296],[-86.4778999155658,44.0328466606701],[-86.478151186083,44.0329065031864],[-86.4789060801534,44.0332215109393],[-86.479345338117,44.0333045821499],[-86.4795926309166,44.0334613368015],[-86.4797107738301,44.0336692209118],[-86.4797275055062,44.0342762687018],[-86.480016509885,44.0345949184997],[-86.4807415551813,44.0348894577368],[-86.4809933594165,44.0348661138837],[-86.4811439769595,44.0346751196733],[-86.4816411672412,44.0348659864543],[-86.4816690416928,44.034932755765],[-86.4815823623418,44.0350926137298],[-86.4818690650276,44.0352706370867],[-86.4818725011708,44.0354026789019],[-86.4819506953697,44.0355189744534],[-86.4818365027747,44.0359533507394],[-86.4827806319597,44.0362906947179],[-86.4827893279591,44.0361894724851],[-86.4831252103907,44.0362738181955],[-86.4834976207364,44.0364660567597],[-86.4837645151004,44.0366921786053],[-86.4843129878655,44.0369008258255],[-86.4846402233383,44.0369440429475],[-86.4850189425206,44.0368858569936],[-86.4859253693308,44.0363786880955],[-86.4862267138405,44.0361604695231],[-86.4864804393795,44.0362271431922],[-86.4869271044126,44.0361935327125],[-86.4873984450086,44.0359780239098],[-86.4876474356012,44.0356654708964],[-86.4879734455943,44.0348333287504],[-86.4882205984138,44.0345838200611],[-86.4883079627506,44.034392933631],[-86.4884077631925,44.0343357674199],[-86.4886061867455,44.0343779516343],[-86.4886495686128,44.0344506565533],[-86.4886219212274,44.0345588194667],[-86.4887619933254,44.0345359313014],[-86.4888113248002,44.0346094680219],[-86.4884810115752,44.0350636308442],[-86.4885134351429,44.0352504310591],[-86.4884267504554,44.0354094001981],[-86.4882111178527,44.0354935270081],[-86.4879835638292,44.0354293186343],[-86.4879794462057,44.0356540028753],[-86.4881757440813,44.0358212451742],[-86.4880732707646,44.0360832185617],[-86.4881298319831,44.0361687300959],[-86.4882631260688,44.036188746535],[-86.4883947835966,44.0361538892979],[-86.4885199546044,44.0360521738204],[-86.4886702367189,44.0358225829231],[-86.488834865519,44.0358956314688],[-86.4889275565914,44.0358926659324],[-86.4891098633452,44.035800997875],[-86.4893492991546,44.0358642965491],[-86.4893675626021,44.0357716083807],[-86.48905700845,44.0355868450931],[-86.4889825259983,44.0354902618976],[-86.4890299181099,44.0353254198018],[-86.4892076513545,44.0352560661493],[-86.4893303701374,44.035291561289],[-86.4893955536074,44.0354139079879],[-86.4903770046698,44.0358050546921],[-86.4906566725896,44.0358458835988],[-86.4907979221188,44.0358212728942],[-86.491201802273,44.0359344616511],[-86.4914877751634,44.0358740758824],[-86.4914797911433,44.0356245749764],[-86.4915936433892,44.0353025246602],[-86.4914881366478,44.0350465789995],[-86.4913450810407,44.0348499605925],[-86.4909764349511,44.0345385388062],[-86.4901998285747,44.0340487716414],[-86.4899494905996,44.0330851377622],[-86.4908230542067,44.0324514674237],[-86.4913688928396,44.0321944652056],[-86.4915816479609,44.0321944164159],[-86.49190801131,44.0322787767763],[-86.4922111658969,44.0324512338228],[-86.4922887031206,44.0327795916156],[-86.491413037143,44.0331794460515],[-86.491384353474,44.033305622123],[-86.4915215309844,44.0336557588302],[-86.4916039639223,44.0337068581913],[-86.4916682207245,44.0338609357339],[-86.4921274581128,44.0342036972839],[-86.4924813517701,44.0346000718813],[-86.4925687655466,44.0349684276485],[-86.4928105859728,44.035467322224],[-86.493291009045,44.0362164474667],[-86.4933767971549,44.0368476655986],[-86.4935987562905,44.0370700670355],[-86.49374929631,44.0373078107891],[-86.4937228553582,44.0375617467062],[-86.4937709263025,44.037769914655],[-86.4937392409423,44.0378197864852],[-86.4936180335819,44.0378245920453],[-86.4933930862774,44.0376454775907],[-86.4932158372956,44.0376290850777],[-86.4931461076796,44.0376782604649],[-86.4931009183404,44.037820800517],[-86.492843148566,44.0380114109306],[-86.4926961208778,44.0380566290204],[-86.4926379047563,44.0382052256969],[-86.4925830786716,44.0381874525226],[-86.492538182943,44.0383660054725],[-86.4918071003856,44.038644860286],[-86.4916431609427,44.0386575638399],[-86.4912600095973,44.0389010121721],[-86.4910799881869,44.0392730790507],[-86.4909950680381,44.0396455990662],[-86.4910789073873,44.0397224179528],[-86.4911061314224,44.0398535010545],[-86.4914148292532,44.0400337407717],[-86.4917453025795,44.040034048185],[-86.4918328423594,44.0401271438093],[-86.4917130494284,44.0407407726669],[-86.4915369202887,44.040862430891],[-86.4914158608472,44.0408860995458],[-86.491303581451,44.0408205491315],[-86.4911668576919,44.0408185590108],[-86.4907876943208,44.0409702360882],[-86.4903938782349,44.0409290347681],[-86.4900952383953,44.0410426361897],[-86.4900187406856,44.0411372876135],[-86.4899414872118,44.0411393305954],[-86.4899192648059,44.0410382382627],[-86.4898140701026,44.0409666542006],[-86.4894890534448,44.0409071496552],[-86.4895009208235,44.0406129741327],[-86.4891423732654,44.0403769644276],[-86.4889383235363,44.0401360121248],[-86.4888083230966,44.0400833973337],[-86.4886418410882,44.0400763842446],[-86.4886955532369,44.040249374084],[-86.4886689392638,44.0403386674535],[-86.4890240658371,44.0405927003479],[-86.4890941771761,44.04073560732],[-86.4895275747409,44.0411119307871],[-86.4896448584898,44.04135410807],[-86.4898148467955,44.0413533867793],[-86.4898877723407,44.0414036705968],[-86.4898379294235,44.0415599483239],[-86.4899602291923,44.0416880560663],[-86.4899849973059,44.0418097168305],[-86.4901268492021,44.0418571348738],[-86.4901768052057,44.0424268318144],[-86.490286472977,44.0426090152835],[-86.4903761607984,44.0426738056192],[-86.4906811410337,44.0427531149455],[-86.4912767925345,44.0429950660251],[-86.4912647117644,44.0431168833384],[-86.4913756074109,44.0433033475751],[-86.4913881454573,44.0435279617169],[-86.4912335213923,44.0435183299227],[-86.4912831723263,44.0436295943741],[-86.4910963403662,44.0441637593336],[-86.4908563747987,44.0441853603944],[-86.4907678393219,44.0442620554352],[-86.4907340259936,44.0444885808607],[-86.4908156836754,44.0445885622713],[-86.4906733562109,44.044920165791],[-86.4905989915272,44.0452763474586],[-86.4906590444683,44.0454964716738],[-86.4907882747003,44.045453046841],[-86.4909041142096,44.0455168675398],[-86.490812417591,44.0456433105193],[-86.4907816871615,44.0458106553556],[-86.4909276473833,44.0462139212271],[-86.4907206504318,44.0464883465246],[-86.4908702806008,44.0467586820513],[-86.4908923386875,44.0468391946871],[-86.4908263037321,44.0469055030889],[-86.4909039490956,44.0469506210791],[-86.490906407688,44.047105819658],[-86.4911064741966,44.047582599663],[-86.491095013599,44.0476349567507],[-86.4897421890321,44.0477976300679],[-86.4894411005749,44.0477611771846],[-86.4894168131901,44.0476986817963],[-86.4892315532457,44.0478701114959],[-86.4889775469678,44.0482133334254],[-86.4889546077738,44.0483163313504],[-86.4889990561488,44.048372738415],[-86.4891396288395,44.0484073008653],[-86.4891695393641,44.0485761032234],[-86.4893063357171,44.04858495539],[-86.4893021603338,44.0486561465446],[-86.4894500908293,44.0487181175997],[-86.4887991325275,44.0492420981371],[-86.4886567665923,44.0492795742784],[-86.4884082262538,44.049272908436],[-86.4882506704212,44.0493432244443],[-86.4873626460986,44.0499420882511],[-86.4871432072149,44.0500056131539],[-86.4870494866275,44.0501775099507],[-86.4871335309297,44.0502783409386],[-86.4863880363968,44.050405776458],[-86.4863545110636,44.0505179274062],[-86.4859236406249,44.0507593111752],[-86.4857950642918,44.0507384143735],[-86.485733586376,44.0507815484506],[-86.4857523088661,44.0508912313375],[-86.4859448358872,44.0510276218025],[-86.4859739600365,44.0511003876354],[-86.486033482508,44.0511095690873],[-86.4859816881,44.0513207346147],[-86.4858742529081,44.0514146547006],[-86.4857454605552,44.0513875991211],[-86.485667133288,44.0515321473518],[-86.4855404845918,44.0520437557077],[-86.4856502071147,44.0520853113694],[-86.4856625752364,44.0521444276904],[-86.4855079997223,44.0524374881199],[-86.4851812453689,44.0527587125365],[-86.4848634005034,44.0528586620216],[-86.4847718944487,44.0530116825232],[-86.4842326544546,44.0535241638672],[-86.4839994566618,44.0536529109645],[-86.4839117623366,44.0538367850163],[-86.4837450003889,44.0539472449273],[-86.4838177146039,44.0541175842753],[-86.4837078849922,44.0543581472679],[-86.4837961746364,44.0545429984915],[-86.484407231103,44.0549717620756],[-86.4843857064356,44.0551039083469],[-86.4844451289068,44.0551002288879],[-86.4844727167275,44.0549826343038],[-86.4845237600645,44.054972129933],[-86.484670900987,44.0550821307717],[-86.4849265648739,44.0550844867443],[-86.4850006779938,44.0551330526735],[-86.4852905118266,44.0550966768948],[-86.4854133599128,44.0551433225825],[-86.4854891394882,44.0553976843928],[-86.4854399812328,44.0556414228651],[-86.4851849704954,44.0558671627784],[-86.485002883764,44.055847348075],[-86.4847486995537,44.0559510098166],[-86.4845132991913,44.0559148128135],[-86.4842997808076,44.0559783074726],[-86.4837364520956,44.0566040774857],[-86.483461423646,44.0568556226578],[-86.4832577789747,44.0569645213775],[-86.4832332608837,44.0571119755281],[-86.4824554984486,44.0575998614657],[-86.4823948471946,44.0576939059067],[-86.482392043506,44.0578419443112],[-86.4821916534458,44.0580605882983],[-86.4822163993028,44.0581805357316],[-86.4821471670251,44.0583052214325],[-86.4817617747635,44.0585768881517],[-86.4817531261463,44.0589808109044],[-86.4816958034423,44.0590985280497],[-86.4815790618461,44.0592207820206],[-86.4814309894522,44.0592917153262],[-86.4814257381635,44.0593783457822],[-86.4813325572179,44.0594730601218],[-86.4811903130974,44.0595293907568],[-86.4810191792553,44.0596904582608],[-86.4807725054388,44.0597738067448],[-86.4808198015205,44.0598885163954],[-86.4807066301064,44.0600116107608],[-86.4798565335622,44.0604756306869],[-86.479759390217,44.0608190378571],[-86.4796713510263,44.0609085052151],[-86.4791050035231,44.0612222121333],[-86.4791606635567,44.0614912388231],[-86.4788001598202,44.0617662799133],[-86.4786903540242,44.0619718499541],[-86.4787534450197,44.0621712174284],[-86.4787392665964,44.0624808363389],[-86.4787909892103,44.0625543672719],[-86.4787604096419,44.0630441313572],[-86.4788275092088,44.0631073084031],[-86.4787731174257,44.0632953283086],[-86.4786261668909,44.0635085993283],[-86.4786841917698,44.0637759013831],[-86.4787696641186,44.0639058876982],[-86.4787751002266,44.0641399646832],[-86.478693253844,44.064357780297],[-86.4782096474154,44.064814595614],[-86.4774589057438,44.0652215898474],[-86.4773732266514,44.0653642902681],[-86.477224320378,44.0653648116079],[-86.4771614121728,44.0654058313953],[-86.4771401719575,44.0655187480798],[-86.4769778624187,44.0655965945694],[-86.4768840677545,44.0657659113001],[-86.4766360310819,44.0658312493886],[-86.4765419490271,44.0659645517818],[-86.4764114680212,44.0660071078442],[-86.4764073783711,44.0660911603016],[-86.4762689801807,44.0661852001374],[-86.4761992802717,44.0663938621392],[-86.4759249499929,44.0667431420748],[-86.4758803373601,44.0669662775682],[-86.4756276538302,44.067346337739],[-86.4755617226547,44.0675807089918],[-86.475324931112,44.0677154563396],[-86.475352039182,44.067834537544],[-86.4751753546895,44.0679004356191],[-86.4751001721323,44.0680182239064],[-86.4750882371481,44.0681631919749],[-86.4744391509116,44.0683485114391],[-86.4739473553711,44.0685726266429],[-86.4725696418032,44.0689641547827],[-86.4712591700252,44.0691367272713],[-86.4711585511746,44.0691971634901],[-86.4701808869495,44.069428377317],[-86.4705183653505,44.0818548959391],[-86.4899368098901,44.0819631522761],[-86.490057565792,44.0818950894722]]],[[[-86.472956988634,44.0167304890486],[-86.4728314976395,44.0167289815315],[-86.472830430122,44.0168944586688],[-86.4729559214676,44.0168959661837],[-86.472956988634,44.0167304890486]]],[[[-86.4730799918471,44.0171178705554],[-86.47295450003,44.0171163631822],[-86.4729534328699,44.0172818403123],[-86.4730789250379,44.0172833476832],[-86.4730799918471,44.0171178705554]]],[[[-86.4741933432305,44.0119489954829],[-86.4740678623732,44.0119474892326],[-86.4740667981575,44.0121129673095],[-86.4741922793586,44.0121144726574],[-86.4741933432305,44.0119489954829]]],[[[-86.4732204094273,44.014804132864],[-86.4730949225182,44.014802625598],[-86.4730938544244,44.0149681027605],[-86.4732193429319,44.0149696100192],[-86.4732204094273,44.014804132864]]],[[[-86.4734887852197,44.0121060274543],[-86.4734898624709,44.0119404151795],[-86.4733643702234,44.0119390432394],[-86.4733633040328,44.0121045204288],[-86.4734887852197,44.0121060274543]]],[[[-86.472700981377,44.0175060644055],[-86.4725754887383,44.0175045566216],[-86.4725743757202,44.017676876907],[-86.4726998687246,44.0176783846886],[-86.472700981377,44.0175060644055]]],[[[-86.4740228323611,44.018947961662],[-86.4738973366564,44.0189464553684],[-86.4738962275401,44.01911877561],[-86.4740217236103,44.0191202819013],[-86.4740228323611,44.018947961662]]],[[[-86.4729365031545,44.0199064319494],[-86.4728110054215,44.0199049244753],[-86.4728098931745,44.0200772447242],[-86.4729353912732,44.0200787521959],[-86.4729365031545,44.0199064319494]]],[[[-86.4730645768422,44.0195083807408],[-86.4729390799532,44.0195068734],[-86.4729379680652,44.0196791936517],[-86.4730634665603,44.0196807000849],[-86.4730645768422,44.0195083807408]]],[[[-86.4718264797626,44.0205199414022],[-86.4717009782381,44.0205184327245],[-86.4717002944964,44.0206907584252],[-86.4718257976271,44.0206922661947],[-86.4718264797626,44.0205199414022]]],[[[-86.4699425720948,44.0208419481808],[-86.4699432597101,44.0206696233486],[-86.4698177566298,44.0206681125982],[-86.4698170686488,44.0208404374332],[-86.4699425720948,44.0208419481808]]],[[[-86.4703204542429,44.0205018290462],[-86.4701949515239,44.0205003196094],[-86.4701942646346,44.0206726444383],[-86.4703197677263,44.0206741547726],[-86.4703204542429,44.0205018290462]]],[[[-86.4712854750552,44.00053946536],[-86.471292027521,44.0004474603853],[-86.4710524601963,44.0004455460758],[-86.4710523682005,44.0005376021366],[-86.4712854750552,44.00053946536]]],[[[-86.4722975880553,44.0216672202925],[-86.4722987171922,44.0214924188425],[-86.4721732174686,44.0214907675475],[-86.4721726884527,44.0216657763092],[-86.4722975880553,44.0216672202925]]],[[[-86.4721871232977,44.0245362328503],[-86.4720616137083,44.0245344653738],[-86.472060923414,44.024709138953],[-86.472186433367,44.0247109055264],[-86.4721871232977,44.0245362328503]]],[[[-86.4730675257823,44.0241461308536],[-86.4729420170198,44.0241443652422],[-86.4729413293087,44.024319038807],[-86.4730668384419,44.0243208044156],[-86.4730675257823,44.0241461308536]]],[[[-86.4695587686405,44.0226614257248],[-86.469433263055,44.0226596553052],[-86.4694325649181,44.0228343289691],[-86.4695580708742,44.0228360993858],[-86.4695587686405,44.0226614257248]]],[[[-86.4704350101969,44.0232509535158],[-86.4704357053556,44.0230762798801],[-86.4703101988814,44.0230745104381],[-86.470309503352,44.0232491840766],[-86.4704350101969,44.0232509535158]]],[[[-86.4709306379168,44.0248679044609],[-86.47093133279,44.0246932308534],[-86.4708058228863,44.0246914628927],[-86.4708051276424,44.024866136503],[-86.4709306379168,44.0248679044609]]],[[[-86.4709416269053,44.0221037416399],[-86.4708161224904,44.0221019727369],[-86.4708154271655,44.0222766463825],[-86.4709409319512,44.0222784152827],[-86.4709416269053,44.0221037416399]]],[[[-86.4724383528084,44.0244866432829],[-86.4724390432453,44.024311969704],[-86.472313532889,44.0243102034065],[-86.472312843329,44.0244848769832],[-86.4724383528084,44.0244866432829]]],[[[-86.4725684194954,44.023334124252],[-86.4724429112133,44.0233323580774],[-86.4724422219932,44.0235070316645],[-86.4725677293984,44.0235087978414],[-86.4725684194954,44.023334124252]]],[[[-86.4725485888205,44.0216707529287],[-86.4725497179075,44.0214957219113],[-86.4724242181679,44.0214940699935],[-86.4724230878116,44.0216689866825],[-86.4725485888205,44.0216707529287]]],[[[-86.4784966062013,44.0286603264502],[-86.4783643502655,44.0286584706011],[-86.4783637240921,44.0288250404536],[-86.4784959816555,44.0288268971949],[-86.4784966062013,44.0286603264502]]],[[[-86.4792953148284,44.027289379397],[-86.4791630619442,44.0272875235478],[-86.4791624379703,44.0274540943011],[-86.4792946924676,44.0274559492419],[-86.4792953148284,44.027289379397]]],[[[-86.4711532629131,44.0047698863955],[-86.4711538598086,44.004677833709],[-86.4709034208715,44.0046758320577],[-86.4709247408956,44.0047680601336],[-86.4711532629131,44.0047698863955]]],[[[-86.4735201909441,44.0072315533088],[-86.4733947165967,44.0072305530848],[-86.4733935553893,44.007410606143],[-86.473518572599,44.0074121141925],[-86.4735201909441,44.0072315533088]]],[[[-86.4722642841548,44.0074015988058],[-86.4722654475513,44.0072215457307],[-86.4721399732204,44.0072205441205],[-86.4721388094421,44.007400597198],[-86.4722642841548,44.0074015988058]]],[[[-86.473268081909,44.0074096057776],[-86.4732692422509,44.0072295527222],[-86.4731437679068,44.0072285522209],[-86.4731426071831,44.0074086052788],[-86.473268081909,44.0074096057776]]],[[[-86.4725152335853,44.0074036016056],[-86.4725163962181,44.0072235485354],[-86.4723909218839,44.0072225472024],[-86.4723897588692,44.0074026002751],[-86.4725152335853,44.0074036016056]]],[[[-86.4727661830223,44.0074056038509],[-86.4727673448844,44.0072255498853],[-86.4726418705469,44.0072245488295],[-86.4726407083029,44.0074046027975],[-86.4727661830223,44.0074056038509]]],[[[-86.4730171324659,44.0074076055417],[-86.4730182935644,44.007227551581],[-86.4728928192235,44.0072265508025],[-86.4728916577432,44.0074066047656],[-86.4730171324659,44.0074076055417]]],[[[-86.4802039939776,44.0295828018487],[-86.4802043460951,44.0294922331329],[-86.4799542035547,44.0294936430183],[-86.4799529348766,44.0295838626385],[-86.4802039939776,44.0295828018487]]],[[[-86.4737110571221,44.008893252035],[-86.4735855792515,44.0088922520563],[-86.4735842624116,44.0090732114025],[-86.4737098981866,44.0090733050587],[-86.4737110571221,44.008893252035]]],[[[-86.4870289726345,44.0289910960983],[-86.4870294455167,44.0288103162142],[-86.4869039191788,44.0288108690526],[-86.4869034457889,44.0289916336358],[-86.4870289726345,44.0289910960983]]],[[[-86.48539366304,44.0303045638869],[-86.4852681333578,44.0303050996447],[-86.4852676542996,44.0304862360636],[-86.4853931843663,44.0304857003026],[-86.48539366304,44.0303045638869]]],[[[-86.480328467758,44.0298539778351],[-86.4803291716008,44.0296728404096],[-86.4802036418617,44.0296733705639],[-86.4802029376344,44.0298545079923],[-86.480328467758,44.0298539778351]]],[[[-86.4765980408078,44.026608353064],[-86.4765987273762,44.0264271967184],[-86.476473213732,44.0264254341561],[-86.476472526779,44.0266065905047],[-86.4765980408078,44.026608353064]]],[[[-86.4713056316435,44.0002639759582],[-86.471052642941,44.0002614330569],[-86.4710525521875,44.000353489114],[-86.4712986598734,44.0003543504481],[-86.4713056316435,44.0002639759582]]],[[[-86.4712943405259,44.0023241847307],[-86.471295533979,44.0021400802253],[-86.4711703198763,44.0021390791222],[-86.4711691260337,44.0023231836301],[-86.4712943405259,44.0023241847307]]],[[[-86.4717811490362,44.004498731409],[-86.4716559299447,44.0044977308902],[-86.4716547377026,44.0046818353549],[-86.4717799571837,44.0046828358712],[-86.4717811490362,44.004498731409]]],[[[-86.4718085385538,44.0002674728163],[-86.4716833284217,44.00026647314],[-86.4716821361034,44.0004505776643],[-86.4718073466319,44.0004515782383],[-86.4718085385538,44.0002674728163]]],[[[-86.47104391155,44.0023221832916],[-86.4710451057751,44.002138077881],[-86.4709198916827,44.002137077402],[-86.470918697061,44.0023211819149],[-86.47104391155,44.0023221832916]]],[[[-86.4703050394175,44.0002005350614],[-86.4703037514884,44.0000164100047],[-86.4701785281633,44.0000154087203],[-86.4701798156958,44.000199532882],[-86.4703050394175,44.0002005350614]]],[[[-86.473556860127,44.0014963422233],[-86.4735583340844,44.0013118449543],[-86.4734328722882,44.0013108446494],[-86.4734316854516,44.0014949491239],[-86.473556860127,44.0014963422233]]],[[[-86.4743626957191,44.0051265801018],[-86.4742372258383,44.0051255807647],[-86.4742360416502,44.005309685169],[-86.4743615119214,44.0053106845036],[-86.4743626957191,44.0051265801018]]],[[[-86.4733085977237,44.0011257397261],[-86.4731831363211,44.0011247391414],[-86.4731819487006,44.0013088436236],[-86.4733074104936,44.0013098442058],[-86.4733085977237,44.0011257397261]]],[[[-86.4732801278062,44.0055411017767],[-86.4731546570424,44.0055401012524],[-86.4731534695024,44.0057242056725],[-86.4732789406566,44.0057252061943],[-86.4732801278062,44.0055411017767]]],[[[-86.4741269042866,44.0027699320448],[-86.4741280889117,44.0025858276023],[-86.4740026244168,44.0025848279531],[-86.4740014394014,44.0027689323983],[-86.4741269042866,44.0027699320448]]],[[[-86.4726539631083,44.0053519933363],[-86.472528492743,44.0053509921164],[-86.4725273032479,44.0055350965516],[-86.4726527740035,44.0055360977689],[-86.4726539631083,44.0053519933363]]],[[[-86.4724334565717,44.0006406910504],[-86.4724346465459,44.0004565865438],[-86.4723091865585,44.0004555849799],[-86.4723079961939,44.000639689489],[-86.4724334565717,44.0006406910504]]],[[[-86.4725230263835,44.0061972433643],[-86.4723975542256,44.0061962420173],[-86.4723963643553,44.0063803464431],[-86.4725218369037,44.0063813477876],[-86.4725230263835,44.0061972433643]]],[[[-86.4726882996594,44.0000354630062],[-86.4725628405656,44.0000344617136],[-86.472561650981,44.0002185671239],[-86.472687110458,44.0002195675137],[-86.4726882996594,44.0000354630062]]],[[[-86.4734110536662,44.004695850047],[-86.4732855847021,44.00469485055],[-86.4732843975371,44.0048789549795],[-86.4734098668986,44.0048799553743],[-86.4734110536662,44.004695850047]]],[[[-86.4730607584853,44.0006456967787],[-86.4730619465011,44.0004615913844],[-86.4729364865054,44.0004605905134],[-86.4729352980993,44.0006446959102],[-86.4730607584853,44.0006456967787]]],[[[-86.4699310373681,44.0004365755281],[-86.4699297505903,44.0002524513595],[-86.469804519249,44.0002503261564],[-86.4698058131456,44.0004355729412],[-86.4699310373681,44.0004365755281]]],[[[-86.4713155967755,44.0001165587248],[-86.47105278936,44.0001144573748],[-86.4710526986097,44.0002065143331],[-86.4713128830119,44.0002071049131],[-86.4713155967755,44.0001165587248]]],[[[-86.4777107010898,44.0266239658334],[-86.4777113842493,44.0264428095143],[-86.4775791332956,44.026440954503],[-86.4775784497309,44.0266221108252],[-86.4777107010898,44.0266239658334]]],[[[-86.4792990781852,44.0262839040371],[-86.4791668263239,44.0262820508762],[-86.479166148863,44.0264632071579],[-86.4792983998818,44.0264650603208],[-86.4792990781852,44.0262839040371]]],[[[-86.4747523250214,44.0229614108185],[-86.4745783578467,44.0229599037539],[-86.4745776749169,44.0231345772981],[-86.4747526544901,44.0231370362889],[-86.4747523250214,44.0229614108185]]],[[[-86.4709165487808,44.0026522554677],[-86.4705721583794,44.0026495014052],[-86.4705432991346,44.0027423164546],[-86.4709159527249,44.0027443081659],[-86.4709165487808,44.0026522554677]]],[[[-86.4767217671272,44.02708245384],[-86.4764707370664,44.0270789297759],[-86.4764700902036,44.0272497112228],[-86.4767211210108,44.0272532379819],[-86.4767217671272,44.02708245384]]],[[[-86.4729313483628,44.0207055499167],[-86.4726803495092,44.0207025348515],[-86.4726792369098,44.020874855092],[-86.4729302364876,44.0208778692523],[-86.4729313483628,44.0207055499167]]],[[[-86.4738936571747,44.0195183341305],[-86.473892548068,44.0196906543646],[-86.4740180453516,44.019692160648],[-86.4740191540927,44.0195198404164],[-86.4738936571747,44.0195183341305],[-86.4738947650439,44.0193460147996],[-86.4737692684953,44.0193445083727],[-86.4737681590129,44.0195168277112],[-86.4738936571747,44.0195183341305]]],[[[-86.4735147266509,44.0078821138609],[-86.4732650517567,44.007879545391],[-86.473263890186,44.0080595993428],[-86.4735148423925,44.0080615990066],[-86.4735147266509,44.0078821138609]]],[[[-86.4809503522765,44.0313389563778],[-86.4806992857641,44.0313400188889],[-86.4806985831303,44.031521156282],[-86.4809496504118,44.031520093765],[-86.4809503522765,44.0313389563778]]],[[[-86.4792417013632,44.0316454297629],[-86.4792423958256,44.031464273484],[-86.4789913470839,44.0314607515716],[-86.4789906518522,44.0316419078564],[-86.4792417013632,44.0316454297629]]],[[[-86.4704408107032,44.0017100981475],[-86.4704395234851,44.0015259740138],[-86.4701890691884,44.0015239698734],[-86.4701903568815,44.0017080949128],[-86.4704408107032,44.0017100981475]]],[[[-86.4734395133535,44.0002804886767],[-86.4731885941345,44.0002784876227],[-86.4731874064985,44.0004625921168],[-86.4734383264981,44.0004645931657],[-86.4734395133535,44.0002804886767]]],[[[-86.4747565940802,44.002406718436],[-86.4745056658564,44.0024047203801],[-86.474504482406,44.002588825718],[-86.4747554114033,44.0025908228685],[-86.4747565940802,44.002406718436]]],[[[-86.4738798843583,44.0021607029399],[-86.4740053479544,44.0021617027335],[-86.4740065329739,44.0019775973796],[-86.473881069768,44.0019765975835],[-86.4738798843583,44.0021607029399],[-86.4737544207638,44.0021597030078],[-86.47375323496,44.0023438074639],[-86.4738786989448,44.0023448073935],[-86.4738798843583,44.0021607029399]]],[[[-86.4721454192707,44.0063783442385],[-86.4722708918157,44.0063793458602],[-86.4722720820692,44.0061952405317],[-86.4721466099146,44.0061942389074],[-86.4721454192707,44.0063783442385],[-86.4720199467273,44.0063773424781],[-86.4720187556892,44.0065614469088],[-86.472144228623,44.0065624486667],[-86.4721454192707,44.0063783442385]]],[[[-86.4735551851904,44.0019734534703],[-86.4733031405284,44.0019719911836],[-86.4733019533137,44.0021560956514],[-86.4735528804926,44.0021580963768],[-86.4735551851904,44.0019734534703]]],[[[-86.4735303240981,44.0065738740415],[-86.4735256173427,44.0063893526529],[-86.4732746722284,44.0063873529435],[-86.4732734850942,44.0065714573491],[-86.4735303240981,44.0065738740415]]],[[[-86.472576955148,44.0172773182726],[-86.4725780233544,44.0171118402355],[-86.4727035164074,44.0171133480197],[-86.4727045842725,44.016947870883],[-86.4724536013673,44.0169448551612],[-86.4724514629952,44.017275810347],[-86.472576955148,44.0172773182726]]],[[[-86.4867674505003,44.0329825612661],[-86.4863908445361,44.0329841764437],[-86.4863903678012,44.0331653128011],[-86.4867669761669,44.0331636976087],[-86.4867674505003,44.0329825612661]]],[[[-86.4849320589235,44.0336592470472],[-86.4846809854219,44.0336603346466],[-86.4846802631385,44.0339320392304],[-86.484931339049,44.0339309525164],[-86.4849320589235,44.0336592470472]]],[[[-86.4865218586993,44.0308980602782],[-86.4860197350434,44.0309002084125],[-86.4860192570691,44.031081344809],[-86.4865213835108,44.0310791966565],[-86.4865218586993,44.0308980602782]]],[[[-86.4738608162058,44.0051225819217],[-86.4738596308537,44.0053066872338],[-86.47398510112,44.0053076869842],[-86.4739862860817,44.0051235816746],[-86.4738608162058,44.0051225819217],[-86.4738620015682,44.0049384775071],[-86.4736125930643,44.0049369592568],[-86.4736120341739,44.0053035599765],[-86.4737341605891,44.0053056873448],[-86.4737353463386,44.0051215829303],[-86.4738608162058,44.0051225819217]]],[[[-86.473445776229,44.0192841720916],[-86.4734451474047,44.0189426762183],[-86.4729427686648,44.0189349945788],[-86.4729416580148,44.0191073148331],[-86.4733181461429,44.0191118355554],[-86.4733170353452,44.0192841558055],[-86.473445776229,44.0192841720916]]],[[[-86.4724276330575,44.0015418589488],[-86.4716751088156,44.0015358501582],[-86.4716739165272,44.0017199555649],[-86.4724264431101,44.0017259643404],[-86.4724276330575,44.0015418589488]]],[[[-86.4730498381565,44.0023381997421],[-86.4730510261485,44.0021540952719],[-86.4720473175249,44.0021460846085],[-86.4720461264176,44.0023301899991],[-86.4730498381565,44.0023381997421]]],[[[-86.472052792645,44.0012998330472],[-86.472053983778,44.0011157285423],[-86.4710145797535,44.0011073124546],[-86.4709659545654,44.0012911501946],[-86.472052792645,44.0012998330472]]],[[[-86.4860709615659,44.0582099173291],[-86.4860586882395,44.0577985364657],[-86.4855567722523,44.0578001409592],[-86.485569042078,44.0582115210101],[-86.4860709615659,44.0582099173291]]],[[[-86.4748045511567,44.0142735577057],[-86.4745549139956,44.0142687575932],[-86.4745538499742,44.0144342356368],[-86.4735499597938,44.0144221862558],[-86.4735462587334,44.0145853443056],[-86.47480235222,44.0145996201981],[-86.4748045511567,44.0142735577057]]],[[[-86.479869840436,44.0313767759579],[-86.4798737184489,44.0303804517273],[-86.4796230041723,44.0303826177069],[-86.4796191908374,44.0313789758937],[-86.479869840436,44.0313767759579]]],[[[-86.4876081266888,44.0298213809011],[-86.4891113617707,44.029816525595],[-86.4891118290877,44.0296353892655],[-86.4876054897266,44.0296418610443],[-86.4876081266888,44.0298213809011]]],[[[-86.4746906641297,44.0126718476209],[-86.4746917278359,44.0125063704573],[-86.4748164588467,44.0125078664892],[-86.4748179459212,44.0122874709592],[-86.4743196113469,44.0122814916887],[-86.4743152804741,44.0125018529821],[-86.4741897984435,44.0125003468779],[-86.4741913015811,44.0122799521773],[-86.4734877193828,44.0122715046393],[-86.4734848800467,44.0127122978655],[-86.4746904885632,44.0127267685677],[-86.4746906641297,44.0126718476209]]],[[[-86.4710761055962,44.0032236553329],[-86.4708562489343,44.0030115401031],[-86.4700744832817,44.002974544474],[-86.4700818854864,44.0040339464046],[-86.4704485552795,44.0039150635075],[-86.4710737174108,44.003591864319],[-86.4710761055962,44.0032236553329]]],[[[-86.4996782821219,44.0215037611489],[-86.4978990249887,44.020800649409],[-86.4961243147258,44.0208087205258],[-86.4979035365182,44.0215118549324],[-86.4996782821219,44.0215037611489]]],[[[-86.4749761590585,44.0297025415873],[-86.4749373497072,44.0296140631594],[-86.4750425287789,44.0295381698852],[-86.4748815357805,44.0294651185849],[-86.4747817244978,44.029322292128],[-86.4748719611075,44.0291026519835],[-86.4738411509168,44.0290881469768],[-86.4738200064725,44.029297085887],[-86.473569498447,44.0293315564816],[-86.4739490547142,44.0296858662291],[-86.4749761590585,44.0297025415873]]],[[[-86.4885588335133,44.0379904177106],[-86.4885179132818,44.0380746265665],[-86.4885530963938,44.038161943351],[-86.4888078436523,44.0383529472553],[-86.4896082854441,44.03855278427],[-86.4897438566009,44.0385599262264],[-86.4897994507131,44.038526248015],[-86.4897737131884,44.03843117354],[-86.4895894983544,44.0382896089582],[-86.4891693116632,44.038219359905],[-86.4888706945098,44.038042262732],[-86.4885588335133,44.0379904177106]]],[[[-86.4712125407186,44.017095426704],[-86.4709615509645,44.0170924077168],[-86.470960892456,44.0172578903964],[-86.4712118829122,44.0172609093782],[-86.4712125407186,44.017095426704]]],[[[-86.4718575276054,44.0120864271185],[-86.4718564572056,44.0122519043328],[-86.4719819386978,44.0122534130199],[-86.4719840787912,44.0119224576934],[-86.471858598008,44.011920949902],[-86.4718575276054,44.0120864271185]]],[[[-86.4728549756589,44.0130906365618],[-86.4726671250289,44.013088380173],[-86.4725851778686,44.0132528854597],[-86.47285390809,44.0132561146457],[-86.4728549756589,44.0130906365618]]]]},"properties":{"NAME":"Ludington State Park","CreatedUser":"MichiganDNR"}},
{"type":"Feature","geometry":{"type":"MultiPolygon","coordinates":[[[[-86.5180382384839,43.6425904713262],[-86.5031230484746,43.642625650864],[-86.5030552658246,43.6461990782242],[-86.5129455662682,43.6462516423715],[-86.5129127867599,43.6498262406097],[-86.5079048324543,43.6498046731663],[-86.5078185063553,43.6533997201362],[-86.5179710698406,43.653449903953],[-86.5179791767917,43.652549412355],[-86.5229770421715,43.6525865599043],[-86.5229153645294,43.6564100881495],[-86.5223495692369,43.6565290924431],[-86.5223103871137,43.6577975668869],[-86.5206225729528,43.657524721482],[-86.5202396435334,43.6574955629861],[-86.5196625942506,43.657556452806],[-86.5191628726387,43.6578228018668],[-86.5190181632682,43.6583088077627],[-86.5189619552751,43.658924762782],[-86.5183597319706,43.6592232943253],[-86.5180023131888,43.6592789093368],[-86.5178105763441,43.6593879053274],[-86.5177825911724,43.6605891304106],[-86.5179159193434,43.660653888274],[-86.5182061948625,43.6610384835985],[-86.5183201710538,43.6619460970508],[-86.5182392506629,43.66215483661],[-86.5181326481176,43.6622599294082],[-86.5179639511456,43.6622855490588],[-86.5178260963584,43.6621866895576],[-86.5177356601699,43.6622479757946],[-86.5176656636113,43.6633313443298],[-86.5175282423296,43.6637041225618],[-86.5173381694846,43.6638567501671],[-86.5171996675485,43.6641017610474],[-86.5169649309606,43.6642811693748],[-86.5167054044658,43.6643226261092],[-86.5164751881629,43.6644780026492],[-86.5163157389462,43.6644804252129],[-86.5162410366578,43.6645870906974],[-86.5160781090588,43.6645972456406],[-86.5158962542677,43.6647446892747],[-86.5146375488895,43.6652287623022],[-86.5137130450647,43.6658442638903],[-86.5131009820049,43.6661076516441],[-86.5125944123516,43.6665557981133],[-86.511889066264,43.6669670855805],[-86.5114254215001,43.6673232833023],[-86.5112112218492,43.6675609014591],[-86.5107017960905,43.6683786464009],[-86.5102169471113,43.6690282062703],[-86.5099749238865,43.6700411504447],[-86.5098780583947,43.6701839241431],[-86.508990270651,43.6708258100403],[-86.507429012415,43.6724602148875],[-86.5071557384967,43.6727015131848],[-86.5069311446432,43.6728294062787],[-86.5069092094377,43.6728912436962],[-86.5064501423408,43.673095618087],[-86.5057406254828,43.673301936963],[-86.505498822054,43.6734925010021],[-86.5053567969243,43.6737486614147],[-86.5053271325678,43.6740197685387],[-86.5055239282223,43.6745317157767],[-86.5058475492177,43.6748064343058],[-86.5059296752887,43.6750230319972],[-86.5059129662544,43.6751457313307],[-86.5057483794918,43.6753882689592],[-86.5055029451379,43.6755694164823],[-86.5049382014861,43.6758565663152],[-86.5037956646423,43.6762825634049],[-86.5033148669801,43.6765787751752],[-86.5031216364817,43.6767879898361],[-86.5030379512405,43.6771004920299],[-86.5031471391381,43.6775922412659],[-86.5028637961757,43.6778033250267],[-86.5028806396947,43.6784875682952],[-86.5030631744443,43.6784536705426],[-86.5030832169888,43.6792790888196],[-86.5029014910677,43.6793346216019],[-86.5022355862361,43.6794179599281],[-86.5017163903502,43.6794173177975],[-86.5011705390061,43.6793230056967],[-86.5003999082517,43.6791147199294],[-86.5004684146369,43.6819021044681],[-86.4980972056435,43.6818934711425],[-86.4980982655695,43.68198440406],[-86.4979729638357,43.6819839461369],[-86.4979719053408,43.6818930132106],[-86.493011524278,43.6819028428606],[-86.4930206567165,43.6890849851786],[-86.4929487556619,43.6963755149932],[-86.5117082036979,43.6964344210719],[-86.5117611796728,43.6962150496943],[-86.5121578775538,43.6957180818302],[-86.5135260944441,43.6943328608266],[-86.5142640031771,43.6934234807663],[-86.5146317419201,43.6928837562897],[-86.5147137989784,43.6926868764385],[-86.5152034635229,43.6921251728004],[-86.5161451643496,43.6912141629641],[-86.518045989677,43.6889011093709],[-86.5202332016307,43.6865846002615],[-86.524593677518,43.6822216418351],[-86.5261995889043,43.6804929022264],[-86.5269275391479,43.6794261183859],[-86.5280146547224,43.6781379123129],[-86.5294226057242,43.676084167989],[-86.5304093401992,43.6747508429578],[-86.5317439508897,43.6726330904482],[-86.5327132569091,43.6712017303323],[-86.5332109429253,43.6702887570496],[-86.5335041160064,43.6699040986443],[-86.5357213982604,43.6656733962425],[-86.536453857387,43.6636574071174],[-86.5376379061942,43.6606992182928],[-86.5347022667228,43.6606889319502],[-86.5344832562935,43.6592400452884],[-86.5349951162756,43.659241800573],[-86.534823242487,43.6584910129805],[-86.5328569552076,43.6584820337216],[-86.5328586357066,43.6584001727452],[-86.532496530105,43.6583994039831],[-86.5325167171799,43.6574166922389],[-86.5328797676369,43.6573712043577],[-86.5329593638732,43.6535636898232],[-86.5396060105636,43.6533393429906],[-86.5404030875517,43.6488269057042],[-86.5406037927839,43.6463535041108],[-86.538537929923,43.6463437740767],[-86.5382648866925,43.6498572119801],[-86.5330728860559,43.649832584076],[-86.5331811259025,43.6463183686581],[-86.5379970844442,43.6463412209094],[-86.5380496035372,43.6390804073837],[-86.5180405372151,43.6389677525244],[-86.5180382384839,43.6425904713262],[-86.5230345213214,43.6426189436844],[-86.523030143264,43.6445346692542],[-86.5257595881993,43.6445478903505],[-86.5257526951337,43.6462827196863],[-86.5256090035498,43.6462820254743],[-86.5255390216764,43.6498993913519],[-86.5242685713357,43.6498907097142],[-86.5243175906384,43.6462757765241],[-86.5180359244371,43.646246225614],[-86.5180382384839,43.6425904713262]]],[[[-86.5124180104858,43.65104985218],[-86.5113219971183,43.6510447829107],[-86.5113167237157,43.6516182453327],[-86.5124127475796,43.6516233136272],[-86.5124180104858,43.65104985218]]],[[[-86.5264428121832,43.6451399805832],[-86.5280209679022,43.6451475850397],[-86.5280308088215,43.6426471960381],[-86.5264448453379,43.642638251792],[-86.5264427908701,43.6450841627426],[-86.5263674078004,43.6450843407467],[-86.5263671846256,43.6451407151721],[-86.5264428121832,43.6451399805832]]],[[[-86.4936952425754,43.664572341077],[-86.493881842731,43.6644206253],[-86.4944402362732,43.6641033267348],[-86.4945427445586,43.6639058762796],[-86.4947133758898,43.6638254022218],[-86.4952088426733,43.6634511292571],[-86.4955123686506,43.663444693559],[-86.4958299072822,43.6632718360872],[-86.4959338136081,43.6631204689018],[-86.4964640247912,43.6629544223766],[-86.4965977308291,43.6628363707419],[-86.4972393363873,43.6625695154324],[-86.4976227127828,43.6623476418922],[-86.4976670946782,43.6604821720817],[-86.497100253741,43.6604842409508],[-86.497119197327,43.6596883174223],[-86.4976844866331,43.6596888236759],[-86.4977529209457,43.6568744916781],[-86.4902765217807,43.6568973702524],[-86.4902765838572,43.6577980670007],[-86.4877968276707,43.6578057462393],[-86.4878313680894,43.6604934686419],[-86.4927191479779,43.6605001351113],[-86.4927193800911,43.6638709219258],[-86.4926918822964,43.6638542360466],[-86.4923790615188,43.6641267191316],[-86.4934538532501,43.6647777488478],[-86.4936952425754,43.664572341077]]],[[[-86.4917566299746,43.6783054622181],[-86.4880804176526,43.6783111731116],[-86.4880511368229,43.6819124557986],[-86.4917714273966,43.6819052670894],[-86.4917566299746,43.6783054622181]]]]},"properties":{"NAME":"Silver Lake State Park","CreatedUser":"MichiganDNR"}},
{"type":"Feature","geometry":{"type":"Polygon","coordinates":[[[-86.2785560185984,43.1409105799792],[-86.277257801477,43.1419754786542],[-86.2774289345979,43.1424443818784],[-86.2780045455472,43.1435065312353],[-86.2795141405079,43.143540000034],[-86.2794941439465,43.144005343928],[-86.2844393766613,43.1441156449467],[-86.2845272495823,43.1420691919594],[-86.2838628511701,43.1410765635485],[-86.2825227966075,43.1388164946626],[-86.2815123156519,43.1369287024276],[-86.2813027498041,43.1361161939329],[-86.2810861917337,43.1358594141103],[-86.2806139311268,43.1346761714617],[-86.2799504986952,43.1334161794907],[-86.2793215914356,43.1314537446426],[-86.2790025487238,43.1307684015905],[-86.2783743313941,43.1297887490734],[-86.2782263505867,43.1294040290943],[-86.2777700943408,43.1286598186546],[-86.2774635608019,43.1278783943913],[-86.2769839728359,43.1271496704387],[-86.2756675765995,43.125372278968],[-86.2748037276213,43.1240106494426],[-86.2737064904448,43.1219737542055],[-86.2732857848995,43.1210227684814],[-86.2724750722158,43.1197433299626],[-86.2719676089319,43.1190377990098],[-86.2714215460524,43.1180510632938],[-86.2712431781199,43.1176603964574],[-86.2702647717021,43.1148505208995],[-86.2700072553992,43.1142790744266],[-86.2699652564805,43.1140261786534],[-86.2697866207689,43.1135643299387],[-86.2690015456885,43.1119246232444],[-86.2676644375255,43.1095134208491],[-86.2672973364417,43.1087483905959],[-86.2668984667753,43.1077039172598],[-86.2601571362821,43.1077529415063],[-86.260146297314,43.1098784290334],[-86.2552626955513,43.1099136439529],[-86.255274291733,43.1137087133012],[-86.2516969789873,43.1136138431415],[-86.2517003334181,43.1149579856355],[-86.2512542243284,43.1149611780259],[-86.2512597853612,43.1171956406887],[-86.251553109949,43.1171955357374],[-86.2515583207924,43.1179806372083],[-86.2523965265061,43.117980131452],[-86.2523990834539,43.1183645785733],[-86.2503241918514,43.1183658202228],[-86.2503988471729,43.1184397681163],[-86.2505838751351,43.118456547261],[-86.2519315327675,43.1184557971722],[-86.2519398585439,43.1186205556208],[-86.2506068145119,43.1186213529367],[-86.2509588083646,43.1191641591435],[-86.2508785344392,43.1192981045005],[-86.2509294095885,43.1197516652572],[-86.2508608760267,43.1202063249392],[-86.2511011726905,43.1205977580409],[-86.2512616944075,43.1206334523796],[-86.2513859903323,43.1209976755403],[-86.2515187332044,43.1211174690685],[-86.2515529896161,43.1212348705461],[-86.254070821635,43.1212329459823],[-86.254081993693,43.1219730242214],[-86.2533633706208,43.1219735791824],[-86.2533398038693,43.1220645331004],[-86.2542432730394,43.1220638340872],[-86.2542950819727,43.123895103305],[-86.2529182978172,43.1238961662087],[-86.2528782223843,43.1241699035184],[-86.2526290799345,43.1241700934832],[-86.2526677626358,43.1238963581815],[-86.2524149658008,43.1238965505949],[-86.2520727277443,43.1245546051141],[-86.2523040589818,43.1250455334112],[-86.2523324751115,43.1253095300816],[-86.2553528886147,43.1253067263088],[-86.2553606592449,43.1255813256808],[-86.2638523229865,43.1255730109024],[-86.2639549815089,43.1291809643642],[-86.2641031689839,43.1291807695795],[-86.2640814881929,43.1297619243375],[-86.2648972524719,43.1306761127531],[-86.2648936213178,43.1309673080993],[-86.2651435074662,43.1311539983717],[-86.2651108885894,43.1327870805152],[-86.2648705887537,43.1327993443269],[-86.2652745058549,43.1328690007263],[-86.2655524219017,43.1329695987058],[-86.2659080229165,43.1331703665167],[-86.2661406818392,43.1333722561033],[-86.2663810837659,43.1337525048504],[-86.2667763520166,43.1347876146776],[-86.267094525044,43.135286041101],[-86.2715303770653,43.1401948335795],[-86.2780690521094,43.1403279144888],[-86.2782209846728,43.1405476374908],[-86.2778147792929,43.1406887161212],[-86.2778459371186,43.1407386789672],[-86.2783226622778,43.1405731088069],[-86.2785560185984,43.1409105799792]],[[-86.2535207437823,43.120209910284],[-86.2535261313847,43.1205665432026],[-86.2530900966405,43.1205619031209],[-86.2528141078489,43.120202389738],[-86.2535207437823,43.120209910284]]]},"properties":{"NAME":"P.J. Hoffmaster State Park","CreatedUser":"MichiganDNR"}},
{"type":"Feature","geometry":{"type":"Polygon","coordinates":[[[-84.1797975867737,45.1205331467288],[-84.1797909477203,45.1204980565649],[-84.1799295935989,45.1204645885648],[-84.1801641626484,45.1205533755742],[-84.1807991402449,45.1206649841752],[-84.1811362615101,45.1208198800155],[-84.1816377634598,45.1213526117324],[-84.1816168670976,45.121584139279],[-84.1813505574956,45.1219160403341],[-84.1813909543276,45.121986650919],[-84.1816084049804,45.1220655595527],[-84.1819261781558,45.12209735568],[-84.1821803421733,45.1220266175519],[-84.1826561623326,45.1219936937994],[-84.1828207625546,45.121721914218],[-84.1830472221125,45.1215773355395],[-84.1832666615558,45.1215321113104],[-84.1840344631277,45.1216416922669],[-84.1843214274569,45.1217285573198],[-84.1846570096535,45.1219019396438],[-84.1846427750888,45.1222296104468],[-84.1852875345271,45.1229216836986],[-84.1855058175703,45.1232811621618],[-84.1857166788697,45.1241515736771],[-84.1857072613964,45.1244189541174],[-84.1854749874903,45.1252686280372],[-84.1852469772456,45.1256766013465],[-84.1849489146403,45.1260694829649],[-84.1849664514777,45.1273904231717],[-84.1824963873621,45.1273849132766],[-84.1824662295293,45.1274126245589],[-84.1826400580783,45.1275539485173],[-84.1827768701605,45.1277625972808],[-84.182873461236,45.1282010947486],[-84.1825503542084,45.1301427629716],[-84.1821423210482,45.1304504657709],[-84.1815912572701,45.1305926348452],[-84.1810534087843,45.1306540663749],[-84.1805259992879,45.130569549097],[-84.1803073554779,45.1304967935025],[-84.1798136461819,45.1302358264423],[-84.179158263923,45.129206055849],[-84.1789883568725,45.1286051864811],[-84.1787517365108,45.1282440327096],[-84.1784150566871,45.1279519427889],[-84.1775117753416,45.127389739415],[-84.1747270270419,45.127389627874],[-84.1747148138908,45.1345370540706],[-84.1901072031483,45.1345702565867],[-84.1899854552631,45.1201652667036],[-84.1848698024715,45.1201103892107],[-84.1785303469259,45.1201222216767],[-84.1785334495581,45.1205415066361],[-84.1789850544771,45.1204598690214],[-84.1797975867737,45.1205331467288]]]},"properties":{"NAME":"Clear Lake State Park","CreatedUser":"MichiganDNR"}},
{"type":"Feature","geometry":{"type":"Polygon","coordinates":[[[-84.7685020173772,44.5147885452628],[-84.7712711826719,44.5147688785815],[-84.7713359606895,44.5111691681106],[-84.7663093032231,44.5111496199566],[-84.7662891091206,44.5120668420463],[-84.7625175129454,44.5120649808272],[-84.7625078121193,44.5125260214189],[-84.7611550990803,44.5125270246901],[-84.7611789483887,44.5113761088364],[-84.761274566372,44.5113764876903],[-84.7612813363648,44.5110497564692],[-84.7601668437501,44.5112930425762],[-84.7588181862075,44.5114799001632],[-84.7573345668905,44.5117570309626],[-84.7552220122888,44.512077018698],[-84.7537938474304,44.5122252161293],[-84.7514518769497,44.5123428121504],[-84.7494289031866,44.5122829109156],[-84.7476440779917,44.5121278254614],[-84.7457550176032,44.5118600821116],[-84.7430137114543,44.5113330271363],[-84.7361940060389,44.511405993018],[-84.7360300016906,44.5186259993575],[-84.7511417891969,44.5187132653131],[-84.7511977813272,44.5150354782544],[-84.7561915868961,44.514938050466],[-84.7561110985058,44.5186359306622],[-84.7645224900967,44.5185045383816],[-84.7685020173772,44.5147885452628]]]},"properties":{"NAME":"North Higgins Lake State Park","CreatedUser":"MichiganDNR"}},
{"type":"Feature","geometry":{"type":"MultiPolygon","coordinates":[[[[-85.5089905359863,43.8775669374182],[-85.5088104830949,43.876748438052],[-85.5084277542632,43.8767494168776],[-85.508378614814,43.8764965686691],[-85.5079865392372,43.8766747430005],[-85.5085892136403,43.8774687763006],[-85.5103252849201,43.8857088134912],[-85.5106261083367,43.8868385119987],[-85.5115507848266,43.8911420067434],[-85.5129304652594,43.8971305741846],[-85.5139046336649,43.9019078730806],[-85.5164902542106,43.9161709688025],[-85.516675797828,43.9161714799497],[-85.516493439908,43.9161886533004],[-85.5190503035971,43.9301416330402],[-85.5216467528871,43.9389643511367],[-85.5216684525423,43.9402767605689],[-85.5214971939674,43.9414224552033],[-85.5210677799215,43.9424501996748],[-85.520365706681,43.9436855568959],[-85.5162760516913,43.9519090230522],[-85.5133679076831,43.9573406514889],[-85.5124095133532,43.9585646730543],[-85.508445471943,43.9632643501893],[-85.5078664693807,43.9641355102925],[-85.5074543487464,43.9651274195799],[-85.504396088713,43.9771332644235],[-85.5025620947562,43.9838150148682],[-85.500677094257,43.9919662277906],[-85.5004025756169,43.9935613357283],[-85.5003969153725,43.9985617630405],[-85.5005468338647,44.0026970906867],[-85.5002788937947,44.0040444632274],[-85.4993207366443,44.0070061741757],[-85.4986204774232,44.0096374890912],[-85.4981930096551,44.0105250890191],[-85.4969471191994,44.0119338678689],[-85.4958100265624,44.0126920422702],[-85.4943236534656,44.0136454566151],[-85.4743844530529,44.0254870129885],[-85.4644087928433,44.0324166712683],[-85.4602739804546,44.0349146105108],[-85.4589410318817,44.035619755988],[-85.4562006369654,44.0363211285841],[-85.4544586583257,44.0366392473717],[-85.453428205262,44.0369160894624],[-85.4516921904035,44.0377460239345],[-85.4489994359897,44.0391891672337],[-85.4475262093573,44.0401129923051],[-85.4466980364442,44.0409046384937],[-85.4461182357066,44.0417254304252],[-85.4456845333094,44.0427651960295],[-85.4455650997666,44.0437589978508],[-85.4458323572804,44.0450229002362],[-85.446736616807,44.0484560021366],[-85.4483389786628,44.0549892999216],[-85.4487431099014,44.0562159344417],[-85.4490384533979,44.0577046224311],[-85.4491284388861,44.0590640050945],[-85.4486839774308,44.0621795060326],[-85.4485634775248,44.0638877211455],[-85.4486563133754,44.0652300504619],[-85.4489515218822,44.0670322065317],[-85.4498492282953,44.071189664912],[-85.4520692692715,44.0821997455367],[-85.454493457183,44.0936840075915],[-85.4554874877936,44.0988444814659],[-85.4567507055857,44.1017176020029],[-85.4573635468173,44.1028439251792],[-85.457795406364,44.1040997469518],[-85.4579185965739,44.1056626584272],[-85.4581461892033,44.1073150451444],[-85.4582348466291,44.1089046747357],[-85.457444250631,44.1193920237597],[-85.4570909966783,44.1227366565643],[-85.4566239076799,44.1289571397433],[-85.455607711814,44.1321190071757],[-85.453748812856,44.1383357527502],[-85.4533811709458,44.1393966346536],[-85.4531609652103,44.1398618818519],[-85.4520365490023,44.1411699091365],[-85.4438881891829,44.1496345038572],[-85.4423731350455,44.1516830312238],[-85.4369191417055,44.1603757326861],[-85.4373372931372,44.1603743022135],[-85.4426299079837,44.1519388533671],[-85.4442973113586,44.1496891017948],[-85.4442956217345,44.1494881520808],[-85.4444815537828,44.1494947066069],[-85.4523535663536,44.1413222725499],[-85.4535143416569,44.1399658572061],[-85.4537478037288,44.1394718426043],[-85.4541206828839,44.1383956979043],[-85.4559799936412,44.1321774467617],[-85.4570047496338,44.1289749017769],[-85.4574507005537,44.1229481988316],[-85.4578477298839,44.1190860847116],[-85.4586159296328,44.1089066781159],[-85.4585263338228,44.1072974436964],[-85.4582985762479,44.1056439216582],[-85.4581734663341,44.1040621750327],[-85.4577260788365,44.1027589601273],[-85.4571115239554,44.1016295046336],[-85.45586100661,44.098789058505],[-85.4548701467777,44.0936439634274],[-85.4524456751474,44.0821586549378],[-85.4502254484328,44.0711480588679],[-85.4492984881428,44.066810794695],[-85.4490342348598,44.0668101774185],[-85.4490231267506,44.0650302588253],[-85.4489442958195,44.0638887290997],[-85.4490634945887,44.0622007212741],[-85.4495089042837,44.0590768124609],[-85.4494180137859,44.0576835550565],[-85.4491170779538,44.0561644445515],[-85.4490635396576,44.0560014252114],[-85.4489689119467,44.0560012835528],[-85.4489672619831,44.0557093567948],[-85.4487122160544,44.0549356028291],[-85.4471110753813,44.0484073395957],[-85.4462079249876,44.0449789560221],[-85.4459464659371,44.0437463797206],[-85.4460557870172,44.0428274650126],[-85.4464707586054,44.0418300328622],[-85.4470174742293,44.0410545521976],[-85.4477997090041,44.0403047442385],[-85.4492431349401,44.0393999646841],[-85.4519149640207,44.037968490505],[-85.4535980443584,44.0371626486618],[-85.454575190268,44.0369006754568],[-85.4563142743749,44.0365830693864],[-85.4591044000421,44.0358684843957],[-85.4605117528265,44.035128850684],[-85.4646694144617,44.0326165860138],[-85.4746353149283,44.0256933961909],[-85.4945683476262,44.0138555320226],[-85.4960640055265,44.0128962867038],[-85.4972430677069,44.0121076502097],[-85.4985350237547,44.0106465890263],[-85.4989408515495,44.0098193101705],[-85.4996928411001,44.0070626376594],[-85.5008336440734,44.0034726599124],[-85.5009264466652,44.002717128927],[-85.5009333207126,44.0019594502758],[-85.5007770785944,43.9985596563517],[-85.500782700681,43.9935700406415],[-85.5010534767645,43.9920048784758],[-85.5029364309634,43.9838625561754],[-85.5047821929131,43.9771345542107],[-85.5078226863966,43.9651955117302],[-85.5082192632583,43.9642384303755],[-85.5087765755016,43.9633992095212],[-85.5127355524253,43.9587055558658],[-85.5137150342787,43.957452867118],[-85.5166328069129,43.952003302064],[-85.5207217107931,43.9437812420005],[-85.5214494086923,43.9424863399025],[-85.5218701191991,43.9414774466596],[-85.5220478805708,43.940293119173],[-85.5220248229989,43.9389320849784],[-85.5194258280791,43.930100513336],[-85.5142884687723,43.901908833366],[-85.5133055996732,43.8970890131406],[-85.5119345985708,43.8911409647982],[-85.5110005329031,43.8867939143302],[-85.5107000146332,43.8856656137723],[-85.5089905359863,43.8775669374182]]],[[[-85.4526439627923,43.4609132021984],[-85.4487731453141,43.4754384824472],[-85.4476132726707,43.4790684380171],[-85.4459262711702,43.482710893109],[-85.4455685268517,43.4838399433922],[-85.445406684084,43.4859518237499],[-85.4453448549608,43.489631209854],[-85.4454768001054,43.4909406568776],[-85.4463076688589,43.4942768547603],[-85.4470845396032,43.4970893017037],[-85.4507220956466,43.5116185259193],[-85.450931905384,43.5127334284948],[-85.4511244431583,43.5141855549232],[-85.4511167782795,43.5150065968604],[-85.4510671467485,43.5152868826019],[-85.4506045687542,43.5164956754271],[-85.4501482993555,43.5170271236068],[-85.4490199484197,43.5180410308399],[-85.4476190212378,43.5190398875822],[-85.4459793324994,43.520427546969],[-85.4455780417576,43.5211029391446],[-85.445270657307,43.5217924711954],[-85.4449187791191,43.5242311223865],[-85.4446578329871,43.524882684753],[-85.4438739097941,43.5260226404841],[-85.4393053114149,43.5320667387328],[-85.4389954362277,43.5327242255716],[-85.4387412533834,43.5336514862785],[-85.4386372922621,43.5343681933395],[-85.4385798025757,43.5586160940598],[-85.4384897998233,43.5610494033715],[-85.439134395901,43.5633946907055],[-85.4397282538797,43.5645070145749],[-85.440651419005,43.5659374013861],[-85.44074682682,43.5659384420989],[-85.443325414132,43.5694903538162],[-85.4524421592524,43.5824139914369],[-85.453299581108,43.5839336520968],[-85.4537524531027,43.5852609976137],[-85.4538373130498,43.5862052288938],[-85.4538405421163,43.5872012531913],[-85.4538051247532,43.5876251702962],[-85.4532578841752,43.5876260340086],[-85.453233528435,43.59123959057],[-85.4535016661921,43.591238338303],[-85.4526231513038,43.6022215069661],[-85.4521472339372,43.6092485729487],[-85.4519936051142,43.6122758059319],[-85.4518559837857,43.6129085876409],[-85.4516296665971,43.6136084423015],[-85.4512307586275,43.6144372587678],[-85.4506396339028,43.6154400171303],[-85.4434554475611,43.6273399564964],[-85.4432705130423,43.627374075994],[-85.4431207031027,43.6275702889473],[-85.440797380309,43.6313242739481],[-85.4399577657821,43.6325775427173],[-85.4394746900345,43.6336487170444],[-85.4392182488738,43.634893442354],[-85.4393108041763,43.6350123961297],[-85.4391947310966,43.6413715828101],[-85.4391881766873,43.6450217722962],[-85.4394176645333,43.6450214074719],[-85.439454942358,43.6457870618073],[-85.4405853673917,43.6486687814198],[-85.4431061284714,43.6559578064058],[-85.4436895357261,43.6572783304748],[-85.4500465272933,43.6760628992973],[-85.4510085609173,43.6774801247836],[-85.4693397294715,43.6985462641474],[-85.4814660426916,43.7126966244685],[-85.4839640845516,43.7154759422026],[-85.4860061061073,43.7180124391636],[-85.4868881974879,43.7194566169194],[-85.4872857854732,43.7204684276563],[-85.4874210219572,43.7214623951051],[-85.4874607501658,43.7254157483793],[-85.4874570765074,43.7425497697242],[-85.4875350414579,43.7556340812814],[-85.4877834207624,43.7568845390303],[-85.4883066933163,43.7585666109364],[-85.4886999847524,43.7593179795364],[-85.4888411699659,43.759570560321],[-85.4900925809704,43.7610457420821],[-85.4922173575411,43.763161826477],[-85.4931295645083,43.7640284031771],[-85.4931859240313,43.7640281143894],[-85.4931849719944,43.7640810372015],[-85.4959566465838,43.7667155132531],[-85.497073696715,43.767715086424],[-85.4983074745253,43.7685922573266],[-85.5005997295812,43.7701222738103],[-85.5013121309835,43.7706674167556],[-85.5018160029791,43.771220837141],[-85.5022105864863,43.7723314920981],[-85.5023155606954,43.7730567070199],[-85.5021030256913,43.7857652335202],[-85.5020085854443,43.7857640415191],[-85.50191898165,43.7899955628468],[-85.5018612519389,43.7905348177873],[-85.5004007063655,43.795438523857],[-85.4987800449425,43.8005606553904],[-85.498865918297,43.8005602609745],[-85.4944505777594,43.8153315953906],[-85.4943615278963,43.8153317714825],[-85.4932973943956,43.8188858854649],[-85.4936843663241,43.8188887573303],[-85.4947489594494,43.8153334714818],[-85.4946399579446,43.815332408691],[-85.4990669906206,43.8005593360609],[-85.4991688476778,43.8005588663386],[-85.5007704857803,43.7954983078299],[-85.5022360889717,43.7905698239286],[-85.5022966602081,43.7900049851355],[-85.5023863464369,43.785768810855],[-85.5022919061876,43.7857676181881],[-85.5024676680667,43.7748575613725],[-85.5025728312813,43.7726724780009],[-85.5024572425463,43.7722635678976],[-85.5020053292772,43.7712206341914],[-85.5009232344629,43.7700135650061],[-85.4971500853031,43.7674702519055],[-85.4947735302162,43.7651305087053],[-85.4929004797088,43.7633719752023],[-85.4909745652385,43.7614421002236],[-85.4892483655286,43.7595262709801],[-85.4879726835142,43.756882061605],[-85.4877243387758,43.755636012809],[-85.4876462791316,43.7425492827952],[-85.4876894696763,43.7215579083339],[-85.4876857686719,43.7209181089088],[-85.4875646018014,43.7204394000989],[-85.4870111855587,43.7189518952886],[-85.4861027054433,43.7177220161935],[-85.4816550998633,43.7126928385482],[-85.4695287005548,43.6985437606254],[-85.4511972734549,43.6774758950647],[-85.4502066108809,43.6755857453651],[-85.4493202532958,43.6730030757702],[-85.4482871318692,43.670329423171],[-85.4395159025617,43.6450149717828],[-85.439414220942,43.643361165803],[-85.4393836964367,43.6413909757008],[-85.4392892779587,43.6413910572733],[-85.4393836572491,43.6413714210928],[-85.4394991198151,43.6350142311498],[-85.4395922114169,43.6349220955454],[-85.4398413248893,43.6337168872046],[-85.4400818253319,43.6331830767238],[-85.4410331457529,43.631599516943],[-85.4435771952726,43.6275251562868],[-85.4435859700076,43.6274371704702],[-85.4435146773025,43.6273610971029],[-85.4517213555536,43.6139908275116],[-85.4520441020213,43.6129062434214],[-85.4521796660349,43.6123877292962],[-85.4524534415997,43.6094597591142],[-85.453232214848,43.5968973877261],[-85.4540702102765,43.5871511771081],[-85.4540273783339,43.585669896897],[-85.4539271877198,43.5850317250243],[-85.4534882704605,43.5839354177059],[-85.4531336037053,43.5828427110834],[-85.450497203429,43.5791624152398],[-85.4492043212672,43.5772729342273],[-85.444880982255,43.5712990160541],[-85.4435670362663,43.5696163000664],[-85.4399651789523,43.56396143909],[-85.4389900735349,43.5622698222987],[-85.438792258686,43.5608528362212],[-85.438824356586,43.5358703412836],[-85.4388523329404,43.5343893589827],[-85.4389286666444,43.5336366480104],[-85.439176009478,43.5327638232164],[-85.4394782263329,43.532121344423],[-85.4411486126861,43.5298237790404],[-85.4440624925489,43.5260238644812],[-85.4448338118961,43.5249311451762],[-85.4451059484608,43.5242450247573],[-85.4453549531015,43.5224299492784],[-85.4452618499896,43.5224222213888],[-85.4453565172569,43.5224220701883],[-85.4454837835186,43.5217932527763],[-85.4459949472921,43.5208509720762],[-85.44621885865,43.5205414129773],[-85.447036344678,43.5198693038123],[-85.4490235596135,43.5184518870919],[-85.4506955787735,43.5170936384659],[-85.4516350628474,43.5153137031658],[-85.4515718969469,43.5136055727596],[-85.450910293683,43.5116179722445],[-85.4472729836137,43.4970892319919],[-85.4457597062569,43.4908334127329],[-85.4456824886701,43.4902293932181],[-85.4455332633363,43.489633247372],[-85.4459386198445,43.4836576158199],[-85.4461723951656,43.4827077784864],[-85.4477657349611,43.479066870541],[-85.4481054404202,43.4784997974021],[-85.4587684246129,43.4390986110369],[-85.4586748117359,43.4391001532103],[-85.4587695951691,43.4390942793284],[-85.4626008282702,43.4249025792517],[-85.4707899352076,43.3957082915829],[-85.4747802959333,43.3812314263569],[-85.4830697608909,43.3520567934428],[-85.4828826426805,43.3520570737465],[-85.4745938231982,43.3812277125254],[-85.4746864244672,43.3812317703015],[-85.474592572646,43.3812321259681],[-85.4701812113267,43.3972121109024],[-85.4702264760086,43.3972190993114],[-85.4699310027531,43.3982917078141],[-85.4698805354761,43.3982847789765],[-85.4665421339765,43.4102000296552],[-85.4626020402034,43.4247670674702],[-85.4585812038791,43.4391016863271],[-85.4546300683362,43.4536329054501],[-85.4547225669221,43.4536356055844],[-85.4546289012279,43.4536372038136],[-85.4536508664058,43.4572750087165],[-85.4526640630247,43.4572918931383],[-85.4526439627923,43.4609132021984]]],[[[-85.6632520569505,43.0375085066763],[-85.6626485472079,43.0385513070228],[-85.6620861801627,43.039360445532],[-85.6605476535222,43.0410797621568],[-85.6586714750692,43.0429820027265],[-85.6588225695892,43.0430621838988],[-85.658694334884,43.0430398202514],[-85.6585700088077,43.0430919401332],[-85.6510040425175,43.0505908857087],[-85.647992748763,43.0534511193626],[-85.6474128846715,43.0538819680639],[-85.6316582085347,43.0632889413208],[-85.6221122339867,43.0688339614955],[-85.6127589907522,43.0743503303884],[-85.6093399991905,43.0764137632223],[-85.6093394993299,43.0763530056322],[-85.6070877144337,43.0776893326213],[-85.6051050067771,43.0787500824735],[-85.5993781455147,43.0822403621073],[-85.5961285733367,43.084146568071],[-85.596699851939,43.0841587329797],[-85.599614246233,43.0824524654822],[-85.6053405461258,43.0789625195127],[-85.6068095208714,43.0781731920314],[-85.6060132265135,43.079079327071],[-85.6055924170122,43.0797042626665],[-85.601507459908,43.0876438879495],[-85.6008968519211,43.0889778669783],[-85.6000233834886,43.0903814625018],[-85.599274166973,43.0912169335117],[-85.5985259362162,43.0918710103814],[-85.5973680647276,43.0926830007901],[-85.5913850084195,43.0962447263653],[-85.5901546862434,43.0970094974931],[-85.5892658211062,43.0976679177062],[-85.5885791906086,43.0983111397944],[-85.5866966881868,43.1006110723552],[-85.5860609585843,43.1012533370581],[-85.5852515528035,43.1019519655744],[-85.5843888910195,43.1025496988091],[-85.5822128615744,43.1037041605021],[-85.5769870451811,43.1066577438831],[-85.5753789305191,43.1074647245985],[-85.5706538550953,43.1100707705629],[-85.5706219108446,43.1100365704857],[-85.569414007168,43.1106885472909],[-85.5694459571848,43.1107227549344],[-85.565288183959,43.1130002872754],[-85.5644103726283,43.1135924314272],[-85.5634477403654,43.1143637510491],[-85.5626364892839,43.115270489638],[-85.561797856212,43.1165585102844],[-85.5614702860802,43.1174293380955],[-85.5612048086098,43.1198904477653],[-85.5611000017742,43.1202896149874],[-85.5610093627527,43.1210082425027],[-85.5611579324568,43.1210073477606],[-85.5612998933029,43.1198902073157],[-85.5618043604673,43.1174239875886],[-85.5618549753314,43.1174231771924],[-85.5621508769485,43.1166484412748],[-85.5627541228117,43.1156858782543],[-85.5632704748419,43.1150473188916],[-85.5638505681872,43.1144557782584],[-85.5646795463874,43.1137823285719],[-85.5655172876478,43.1132166097542],[-85.575243451645,43.1078760454253],[-85.5772132104802,43.1068765427161],[-85.5824374833699,43.1039238209417],[-85.58462267408,43.1027643412596],[-85.58509413715,43.1024387637798],[-85.5850955877482,43.1026266243169],[-85.5856599274531,43.1022355961522],[-85.5865031478906,43.1015077877376],[-85.5871680883743,43.1008360016351],[-85.5873778330041,43.10057177188],[-85.5871613218184,43.1005716033333],[-85.587994087981,43.0995224699377],[-85.588888165248,43.0984666123942],[-85.5895398639197,43.0978551617709],[-85.5904048163497,43.0972138979826],[-85.5916256771284,43.0964550206167],[-85.5976148683243,43.0928895584828],[-85.5987945490681,43.0920624766521],[-85.5995726309054,43.0913830744886],[-85.6003552724333,43.0905093262384],[-85.6012438738136,43.0890814511105],[-85.6018585769708,43.0877393128653],[-85.605934845736,43.0798135089991],[-85.6063390769002,43.0792132508002],[-85.60682449984,43.0786412325352],[-85.607248723329,43.0781988226843],[-85.6077726595243,43.0777473548837],[-85.6083821460466,43.0772992629346],[-85.6092494693291,43.0767565266404],[-85.6093423664851,43.0767019988591],[-85.6094646110088,43.0766940564812],[-85.6129944740133,43.0745636959791],[-85.6223463324408,43.069048121401],[-85.6318916110004,43.0635035033274],[-85.6415904754525,43.0576956365569],[-85.6463139089428,43.0549159312221],[-85.6475611103167,43.0541635259082],[-85.6482998868576,43.0536122514447],[-85.650501118822,43.0515528479889],[-85.6588682849374,43.0432576333065],[-85.6589035430843,43.0431586403857],[-85.6588324896835,43.0430674472925],[-85.6589746349998,43.0431428758284],[-85.6608508088118,43.0412406312336],[-85.6622980382823,43.0395155652451],[-85.6623725173892,43.0395465870338],[-85.6631733789741,43.0383645559815],[-85.6660072299579,43.0332558007185],[-85.6659196183785,43.0332268182229],[-85.666049089856,43.0329928456838],[-85.6658553339187,43.032929661962],[-85.6645357543132,43.0353344645279],[-85.6641268447822,43.035925877729],[-85.6632520569505,43.0375085066763]]],[[[-85.5650715732775,43.186553172986],[-85.5618530147799,43.1974365603792],[-85.5607136737518,43.2010429199722],[-85.5594210492575,43.2055156982025],[-85.5582719027693,43.2091297274463],[-85.5551283918508,43.2199708783312],[-85.5540090738184,43.2236017845137],[-85.5538832089929,43.2243068125483],[-85.5529286388102,43.2272241783241],[-85.5496185058962,43.2381588982173],[-85.5486986931782,43.2408200992681],[-85.5470163192864,43.2435422229274],[-85.5432612697654,43.2491990047657],[-85.5436829432014,43.2491908709903],[-85.5459941461253,43.2457450955272],[-85.5459895467334,43.2455044711667],[-85.5461560346367,43.2455014953363],[-85.5486052988304,43.2418158364568],[-85.5500595729717,43.2381522560564],[-85.5531141464133,43.2272320176848],[-85.5539761562222,43.2246232039016],[-85.5541454726773,43.2239207504209],[-85.55414100563,43.2235938668291],[-85.5574941738614,43.2127411898658],[-85.5596763368688,43.2055137319046],[-85.5609572758712,43.2010462633672],[-85.5622315810977,43.1974417481474],[-85.5660371103639,43.1846368852457],[-85.5660375711296,43.1847444842801],[-85.5669304923515,43.184753586749],[-85.5674857428231,43.1829374562169],[-85.5665513611305,43.1829291551549],[-85.5692001424422,43.1741153138821],[-85.5694097972136,43.1732070589812],[-85.5694957103411,43.1722027282872],[-85.5694575253077,43.1713780132106],[-85.5693475524472,43.1707206856676],[-85.5690920920124,43.1698849274462],[-85.5686976680347,43.1690142879777],[-85.5674292850753,43.1667584311833],[-85.5675320866886,43.1667587053161],[-85.5666185810146,43.1651550896211],[-85.5665166242544,43.1651552097046],[-85.5661116503161,43.1643642390982],[-85.5658694416755,43.1635478562251],[-85.5654896174146,43.1619061573431],[-85.5652328710667,43.1611114840257],[-85.5557048565829,43.1380970448983],[-85.5554182923999,43.1370997991258],[-85.5553199326766,43.1360938634689],[-85.5554773485917,43.1347498738569],[-85.5573216083524,43.129393050787],[-85.5576783771345,43.1285959331414],[-85.5581109517767,43.1278866244596],[-85.5600087398571,43.1254991656407],[-85.5596756196157,43.1253748828792],[-85.5577779540399,43.1277623043676],[-85.5570914952208,43.1289850135293],[-85.5551950625918,43.1343865977078],[-85.5549852238163,43.1354775802426],[-85.5549677919671,43.1365408247912],[-85.5550858004842,43.1373165868157],[-85.5553451646397,43.1381716319929],[-85.5645662734766,43.1604624328649],[-85.5651811025728,43.1622027189981],[-85.5656604752544,43.1641836751928],[-85.5661140917541,43.1651556805515],[-85.566012134993,43.1651557992833],[-85.5669219492957,43.166757075815],[-85.5670234174375,43.1667573468931],[-85.5679253212267,43.1683517486014],[-85.5677222627912,43.1683512075313],[-85.5681741671597,43.16916202313],[-85.5685509360852,43.1699932840439],[-85.5688360728818,43.1709767226594],[-85.5689381588821,43.1720018332501],[-85.5691252277349,43.1720026480961],[-85.5690378563085,43.1731780783532],[-85.568833977266,43.1740594301135],[-85.5650715732775,43.186553172986]]],[[[-85.5082297189415,43.8731739810287],[-85.5080229644261,43.8731759793363],[-85.5055768753952,43.862284383222],[-85.5038250355254,43.8542971461926],[-85.5031363011273,43.8509153170526],[-85.5028064551311,43.850185395054],[-85.5024276826017,43.8495932103028],[-85.5015798583955,43.8484168637716],[-85.5007898459687,43.8474618869432],[-85.500477817073,43.8468704343286],[-85.5003884930223,43.8463638657533],[-85.4999752035221,43.8448540981504],[-85.4995878896711,43.844031330126],[-85.4979920829054,43.8417897187233],[-85.493298019655,43.8362726302983],[-85.4927925995086,43.835403979046],[-85.4926281247911,43.8349397836348],[-85.4924977029166,43.8342479651023],[-85.4925026509312,43.8336766645122],[-85.4927390593876,43.8225198615036],[-85.4927461454463,43.822458225096],[-85.4930764119955,43.8224601554321],[-85.4930176019957,43.8199676144334],[-85.492575906915,43.8215387888292],[-85.4923601295809,43.8225115766721],[-85.4921185101405,43.8342559938634],[-85.4922556474053,43.8349921181132],[-85.4924325769077,43.8354911858938],[-85.4929645293177,43.8364040069139],[-85.4976625652247,43.8419256369795],[-85.4992418415784,43.8441439148223],[-85.499605707447,43.8449163916281],[-85.500115462845,43.8469529732729],[-85.5004480856434,43.8475819830115],[-85.5012495473707,43.848551764285],[-85.5020869400043,43.8497137336129],[-85.5024540722535,43.8502874269408],[-85.5027708029998,43.8509893887506],[-85.5034503051682,43.8543393677528],[-85.5051921000927,43.8622810664708],[-85.5076399015606,43.8731769187728],[-85.5073001635232,43.8731777334954],[-85.5072995178694,43.8732486878668],[-85.5071627395804,43.8733727080473],[-85.507075518649,43.8737388067141],[-85.5070971338421,43.8745836823839],[-85.5069957099882,43.8748560841812],[-85.506997628033,43.8754539975925],[-85.5074452902271,43.8756791483442],[-85.5073592996503,43.8750437088359],[-85.5074740567828,43.874623017814],[-85.5074581800969,43.8737978507461],[-85.5075312588458,43.8734701502222],[-85.5076527758087,43.8734078564798],[-85.507844844916,43.8734087357801],[-85.5083474199856,43.8761821646468],[-85.5087273407117,43.8763308638108],[-85.5082249680587,43.873566796261],[-85.5082297189415,43.8731739810287]]],[[[-85.4460457675372,44.2084232139089],[-85.4459504364739,44.2084230848577],[-85.4453157232577,44.2090405578051],[-85.4438668237966,44.210608098669],[-85.4425360494248,44.2118117606759],[-85.4417866253268,44.2121999988977],[-85.4410191396457,44.2124781287124],[-85.4390569421351,44.2130443404588],[-85.4322407850409,44.2148671898562],[-85.431287905313,44.2152895628634],[-85.4308021372711,44.2156040866721],[-85.4298015012577,44.2166369380907],[-85.4294158147289,44.2174090548314],[-85.4284022392906,44.2202122154379],[-85.4280001932878,44.2210509432708],[-85.4262742296486,44.2229185995634],[-85.4164506990882,44.2320557973152],[-85.4145507096169,44.2337595262833],[-85.4150273356627,44.2337606147266],[-85.4164526847683,44.2322305441588],[-85.4277853532899,44.2216582484433],[-85.4280478383577,44.2213530092719],[-85.4284799997012,44.2206283065856],[-85.428764107707,44.2200059229062],[-85.4296065780916,44.2174102726592],[-85.429983049971,44.2167603171828],[-85.4303933052506,44.2162632272889],[-85.4313021638938,44.2155296451409],[-85.4323044162327,44.2149963282354],[-85.4362045885979,44.2139448235932],[-85.4399279895115,44.2130816513015],[-85.4420047199925,44.2124037317238],[-85.4431596524182,44.2116962221425],[-85.4439673790345,44.2109119095972],[-85.4461411449713,44.2084233368056],[-85.4493736897736,44.2049049816368],[-85.4510511282892,44.202891628606],[-85.4516233688706,44.2020493452455],[-85.4522392082053,44.2006681941804],[-85.45375035174,44.1921744055664],[-85.4538578798806,44.1901717922905],[-85.4532597851308,44.1884769253973],[-85.4455609122878,44.1790737899306],[-85.4450027988941,44.1784903836781],[-85.44434341096,44.1780037150122],[-85.4428770346729,44.1771268945369],[-85.4418604243564,44.1764550755896],[-85.4407413180612,44.1756049433264],[-85.4404582156536,44.1753368207502],[-85.4392277667907,44.1732192187351],[-85.4389309108341,44.172776001344],[-85.4387128674877,44.1725693183231],[-85.4377117968018,44.1719003241352],[-85.4357579732857,44.1710485053519],[-85.4350011488897,44.1704782625267],[-85.4346660990019,44.170103574792],[-85.4343381244374,44.1695294751378],[-85.4341627638623,44.1690927912515],[-85.4340846897452,44.1684598242312],[-85.4342613031205,44.1676701554566],[-85.4350552780048,44.1650002825028],[-85.4348650441571,44.1650003323398],[-85.4339448155229,44.1677547365304],[-85.4338566688069,44.1683784619298],[-85.4338624373719,44.1688438390444],[-85.4340468379158,44.169406135445],[-85.4346126439492,44.1703248992017],[-85.4348513431889,44.170580929952],[-85.4357593479801,44.1711856861118],[-85.437385983769,44.1719234972293],[-85.4381000540217,44.1723931721505],[-85.4388381651486,44.1730741540487],[-85.4397715234194,44.174720867699],[-85.4402391471006,44.1754456964554],[-85.4416876507445,44.1766745722945],[-85.4441199900687,44.1781053280416],[-85.4451344335649,44.1789247882133],[-85.4529850853616,44.188526508051],[-85.4535183964994,44.1900660610707],[-85.4535689884086,44.1905129451815],[-85.4534815791285,44.1920494952648],[-85.4532508460852,44.1939896279933],[-85.4533458413798,44.193992522503],[-85.4532505522544,44.1939921430212],[-85.451883575079,44.2006251780353],[-85.4513034444643,44.2018677683897],[-85.449936596177,44.2037972197266],[-85.4459525601317,44.2084206274465],[-85.4460457675372,44.2084232139089]]],[[[-85.5134234524665,43.2942396526938],[-85.5042554223687,43.3088371958137],[-85.5044976041898,43.3088380908207],[-85.5136985881629,43.2942424334011],[-85.5135683145104,43.2942357735979],[-85.5137022582195,43.2942370703644],[-85.5152594761649,43.2919621378663],[-85.5209642991565,43.2832348558892],[-85.5242359347868,43.278383895318],[-85.5237164133748,43.2783850922636],[-85.5176181691495,43.2876840436596],[-85.5154086246172,43.2909603338564],[-85.5134234524665,43.2942396526938]]],[[[-85.5337453327892,43.2637784144062],[-85.5335126186871,43.2637838619914],[-85.5237192303935,43.2783808912909],[-85.5242387715389,43.2783796881153],[-85.5284522739664,43.2721603429506],[-85.5339774553413,43.263772976434],[-85.5337453327892,43.2637784144062]]],[[[-85.4983651497547,43.3182110502095],[-85.4884452290812,43.333990553895],[-85.4877695179023,43.3352335366909],[-85.48697706602,43.3376088934656],[-85.4828838639826,43.3520527645226],[-85.4830709833819,43.3520524878244],[-85.487164728003,43.3376069228684],[-85.487947820155,43.3352770022008],[-85.4886328855006,43.333990901427],[-85.4999565216536,43.3160401202277],[-85.4997314106297,43.3160370460002],[-85.4983651497547,43.3182110502095]]],[[[-85.4147504312652,44.2339623906416],[-85.4143015742127,44.2340841950906],[-85.4139532859774,44.234324560499],[-85.4085761179738,44.2393506614977],[-85.4075986723966,44.2400989009269],[-85.4064533448683,44.2407791534992],[-85.4057048744969,44.2411212630988],[-85.4013328161442,44.2428052402915],[-85.4005755621115,44.243211802534],[-85.4000028672826,44.2436158950844],[-85.3991672850121,44.2444198869776],[-85.3987436182663,44.2451282268662],[-85.398415951458,44.2460532411773],[-85.398352065367,44.2468984283621],[-85.3987391188759,44.2471443360651],[-85.3987977260415,44.2460804928018],[-85.3991035597329,44.2452109302501],[-85.3995720507558,44.2444769161913],[-85.4002894228547,44.243796203599],[-85.400825045489,44.2434186910827],[-85.4015397212362,44.2430351180206],[-85.405897545144,44.2413573614036],[-85.4066781205051,44.2410001636642],[-85.4078587838131,44.2402988387151],[-85.40887430017,44.2395208751872],[-85.414823361787,44.2339536819017],[-85.4147504312652,44.2339623906416]]],[[[-85.5384642785241,43.2564812362636],[-85.5373492086166,43.2580353952753],[-85.5335151769565,43.2637799559288],[-85.5339800369684,43.2637690731621],[-85.5380564605374,43.25760000549],[-85.5397951997656,43.2564535430505],[-85.5386692086995,43.2564782945937],[-85.5388001748267,43.2564743563551],[-85.5411078047066,43.2529813317647],[-85.5411077516529,43.2528347154694],[-85.5412059836637,43.2528327162998],[-85.5436802788891,43.2491947939408],[-85.5432586658116,43.2492029243571],[-85.5407945235706,43.2528410785644],[-85.5384642785241,43.2564812362636]]],[[[-85.5042602029448,43.3088415638563],[-85.5023813919074,43.311788888421],[-85.4997735763081,43.3160257453649],[-85.4999644611344,43.3160275221037],[-85.504494873264,43.3088424330892],[-85.5042602029448,43.3088415638563]]],[[[-85.4706959804998,43.3972930800612],[-85.4704548685946,43.3972553395408],[-85.4701576524983,43.3983343135905],[-85.470398948097,43.3983698053612],[-85.4706959804998,43.3972930800612]]],[[[-85.4626032833141,43.4246285510573],[-85.4625990549591,43.4241477935333],[-85.4624666978556,43.4246278280688],[-85.4626032833141,43.4246285510573]]],[[[-85.4575745260287,43.4427353184711],[-85.4575732104168,43.4424461143056],[-85.4574942225057,43.4427366502929],[-85.4575745260287,43.4427353184711]]],[[[-85.4526439627923,43.4609132021984],[-85.4526452764366,43.460649253514],[-85.452573934892,43.4609146382595],[-85.4526439627923,43.4609132021984]]],[[[-85.5561260631141,43.2163266568299],[-85.556155490815,43.2163571840538],[-85.5561544599937,43.216229274045],[-85.5561260631141,43.2163266568299]]],[[[-85.5026330418202,43.4429609194414],[-85.5026333752322,43.442916954458],[-85.5025904032893,43.4429171309931],[-85.5025906894744,43.4429610366373],[-85.5026330418202,43.4429609194414]]]]},"properties":{"NAME":"Fred Meijer White Pine Trail State Park","CreatedUser":"MichiganDNR"}},
{"type":"Feature","geometry":{"type":"Polygon","coordinates":[[[-83.5807708797612,42.6561763995898],[-83.5792203756133,42.6562425569592],[-83.5793937804842,42.659925693888],[-83.5816496591201,42.6598693337695],[-83.581702468712,42.6609202524455],[-83.5843001245804,42.6608937885148],[-83.5924740189043,42.660644680477],[-83.5924522083564,42.6598686077175],[-83.5941556226721,42.6598425123791],[-83.5941904573183,42.6605922969001],[-83.596663023837,42.6605167862082],[-83.5992223538898,42.6603856054562],[-83.5991792733525,42.6597064338654],[-83.6012642552325,42.6596489109186],[-83.6012898503154,42.6600522185751],[-83.6015401495161,42.65960372317],[-83.6018690015003,42.659178415177],[-83.6033890430491,42.6576425047855],[-83.6036717657834,42.6571625616288],[-83.6038422712124,42.6566314123267],[-83.6037646014516,42.6554394209637],[-83.6032949005541,42.6529071147613],[-83.6030638030204,42.6492511620637],[-83.6029929672582,42.6458002007982],[-83.6008575435804,42.6458624611959],[-83.6009312044693,42.6458355981947],[-83.6009406482031,42.6457722999794],[-83.6007804128832,42.6456487585771],[-83.601062462885,42.6454505293154],[-83.6012074581709,42.6452794184203],[-83.6019128024582,42.6452162119303],[-83.6021309925835,42.6447095689466],[-83.6022351559673,42.6446435089644],[-83.6030758900929,42.6446189910405],[-83.603321646601,42.6440487099959],[-83.6041733726932,42.6428892290333],[-83.6034622401924,42.6430704161766],[-83.6038831864322,42.6425228052388],[-83.6031827537015,42.6427080079015],[-83.6031992691648,42.6431477727807],[-83.6022456072246,42.6434768120076],[-83.6015204949466,42.6437835783703],[-83.6014726444385,42.6422128223544],[-83.6031621558514,42.6421595344563],[-83.6031495238451,42.6418231396091],[-83.603554028865,42.6417792224903],[-83.6041416048025,42.6418334300328],[-83.6041278375315,42.6415743037527],[-83.6044217276072,42.6412805959077],[-83.6052486595532,42.6407568654991],[-83.6059056393258,42.6410197260572],[-83.6060801350449,42.6407216128091],[-83.6070982125534,42.63841960456],[-83.6132471161488,42.6381817334624],[-83.6131854726566,42.6373137395902],[-83.6135151981468,42.6373009726645],[-83.6134684876487,42.6361667277737],[-83.6144576586283,42.6361403820158],[-83.6144068530913,42.6354964556718],[-83.6150755075436,42.6354780176042],[-83.6148805692996,42.6330071229124],[-83.615146013434,42.63298934559],[-83.6151189916823,42.6326542253767],[-83.6166393063639,42.6325989015563],[-83.6166343328413,42.6325084348189],[-83.6151115939306,42.632562492895],[-83.6148811577271,42.6292184513761],[-83.6119970471258,42.6291762877109],[-83.6119984831027,42.6291016560826],[-83.6119441156456,42.629065323586],[-83.6121197377202,42.6283130573672],[-83.6120359390277,42.6280770225785],[-83.6120866247562,42.6279976876915],[-83.6122398222709,42.6279999289939],[-83.612056141759,42.6242245126989],[-83.6117725183373,42.6237050421211],[-83.6116932458208,42.6234124681328],[-83.6115473815779,42.6232489147698],[-83.6115622037858,42.6230467167264],[-83.6117055609275,42.6226164126046],[-83.6119345523828,42.6222564395016],[-83.6119067025961,42.6218461521274],[-83.611217168306,42.6213695489062],[-83.6111070459168,42.6211235158431],[-83.6111180711801,42.6208096845771],[-83.6110633958888,42.6206617922187],[-83.610586035649,42.6200050978273],[-83.6084351527583,42.6200709266626],[-83.608421107805,42.6190917719045],[-83.6082238383412,42.6190886627284],[-83.6076765247634,42.6174838016011],[-83.6067437747696,42.6177164614909],[-83.606664421761,42.6165020851773],[-83.6088385894737,42.6164286910608],[-83.6079886724419,42.6149648796234],[-83.6076451388444,42.6139708792014],[-83.6071082983056,42.6115091080731],[-83.6062264302699,42.6097981270894],[-83.6061945764186,42.6093104675004],[-83.6057821203639,42.6093237886437],[-83.6034718424408,42.6046615017013],[-83.6031350384981,42.6034986943625],[-83.6029271146957,42.6018483601642],[-83.6014651729696,42.6018850997842],[-83.6015464549326,42.6030823932424],[-83.6014023088141,42.6030061964438],[-83.5964466179148,42.603152287902],[-83.596551113963,42.6049396758867],[-83.5964890798025,42.6056913718143],[-83.5959196556752,42.6083913575303],[-83.5956919441894,42.6090912970196],[-83.595586536984,42.6096559188719],[-83.5767590797481,42.6102973903005],[-83.5768495183261,42.6115834807755],[-83.577324624611,42.6115692419486],[-83.5773487244904,42.6119118992433],[-83.5768736143963,42.6119261381214],[-83.5770138852074,42.6139207413806],[-83.5722201362769,42.6141131690107],[-83.5721919488541,42.6154310994267],[-83.567320304626,42.6155761041068],[-83.5671717112004,42.6142204679791],[-83.5669634331116,42.6105905263445],[-83.5620655802191,42.6107367808943],[-83.5603783510765,42.6108320518657],[-83.5605690093187,42.6145090879178],[-83.5570006619477,42.6147070758554],[-83.5564696812128,42.6151120513037],[-83.5569146736137,42.6150906297826],[-83.5559503057315,42.6156647479944],[-83.5554978017536,42.6157387085784],[-83.5556667080316,42.6189028787851],[-83.5579669947443,42.6188039341208],[-83.5580777400904,42.6208746232799],[-83.5557772389953,42.6209732808896],[-83.5558498145122,42.6223328734512],[-83.5460544377009,42.6227023756896],[-83.5460930404888,42.6234323279777],[-83.5465443657745,42.6242970990441],[-83.5461562138994,42.6246270284759],[-83.5462033664322,42.6255185132694],[-83.545688718346,42.6262271333017],[-83.5454670427252,42.6263782437661],[-83.5451940307346,42.6264652019493],[-83.5449864806852,42.6267128179569],[-83.544587871788,42.6282584436177],[-83.5414197529635,42.628378117905],[-83.5414897336233,42.6302010136696],[-83.5365652328574,42.6303345863869],[-83.5370277024817,42.6412722634547],[-83.5419097621379,42.6411383798147],[-83.5422885831256,42.6483071357695],[-83.5424902743709,42.6482993585486],[-83.5425475674869,42.6492561003737],[-83.5429519965739,42.6496421116733],[-83.5473888830272,42.6519002602501],[-83.550258182543,42.6532349774177],[-83.551390098484,42.6536526785875],[-83.5519486448919,42.6538152032311],[-83.5535980277746,42.6541483738019],[-83.5546084130609,42.6542454751227],[-83.5561498630963,42.6542651855216],[-83.5614314439246,42.6537504074885],[-83.5635099206645,42.6537747783665],[-83.5649602325793,42.6538613468487],[-83.5663133481412,42.6540232626042],[-83.5674168396199,42.654044231634],[-83.5717805682477,42.6539438509335],[-83.5717392724951,42.653120986018],[-83.5741547517139,42.6530585296639],[-83.5737699520646,42.6465736910395],[-83.5740150438193,42.646568448477],[-83.5740574935581,42.6473918527425],[-83.5788016901888,42.6472902773977],[-83.57876035557,42.6464668491614],[-83.5886628494298,42.6462172470095],[-83.5889105987178,42.6516713486519],[-83.5910555012774,42.6515993252166],[-83.5881108870561,42.6529030391806],[-83.5880557821854,42.6516896642928],[-83.5849969083772,42.6517551533262],[-83.5850189626904,42.652206579542],[-83.5840373612616,42.6522288160014],[-83.5841374896333,42.6544025145265],[-83.5834864917008,42.6544212553081],[-83.5834592749732,42.6537650689048],[-83.5816210667862,42.6538179698173],[-83.5817679429404,42.6572808967214],[-83.580810208465,42.657308440534],[-83.5807708797612,42.6561763995898]],[[-83.5935137548499,42.6495129320318],[-83.5913490277907,42.6514084551819],[-83.5912771230136,42.6497648784509],[-83.5921226831607,42.6497411696993],[-83.5928564859532,42.6491502384286],[-83.5935137548499,42.6495129320318]],[[-83.5993307277085,42.6441434805256],[-83.5985307859552,42.6447205185801],[-83.5983969713329,42.6445939145035],[-83.5984811551701,42.6445334424152],[-83.5983774134097,42.6444414103326],[-83.5982927507507,42.6423130485518],[-83.5990396714987,42.6422895147881],[-83.5991111206665,42.6440845696868],[-83.5993267045871,42.6440424198318],[-83.5993307277085,42.6441434805256]],[[-83.5929911731159,42.633757999654],[-83.5932717285856,42.6388582151229],[-83.5876929101691,42.6390049451561],[-83.5875361549139,42.6353867156673],[-83.588152671904,42.6353670958069],[-83.5879952627945,42.6316980532514],[-83.5894340115711,42.6316513046034],[-83.5894860469716,42.6295658603902],[-83.590148005565,42.6279523980218],[-83.5927089159822,42.6278674272492],[-83.5929911731159,42.633757999654]],[[-83.5729881504922,42.6287453022415],[-83.5730046572033,42.629111301221],[-83.5701373898051,42.6291889148545],[-83.569963276616,42.6253814535377],[-83.5752786834495,42.6250273227411],[-83.5753550443801,42.6268589315126],[-83.5729094832435,42.6270011228606],[-83.5729881504922,42.6287453022415]],[[-83.6064057678651,42.6237557801708],[-83.6071268062809,42.6237357943207],[-83.607306835472,42.6271129621035],[-83.6074758969445,42.6271939777431],[-83.6078185291265,42.6272578789883],[-83.6084489374056,42.6271528290954],[-83.6085472556692,42.6271943860547],[-83.6086195058603,42.6273580157483],[-83.6073219904752,42.6273972223839],[-83.6073707424864,42.6283113594195],[-83.602508450393,42.628462760177],[-83.6023118107531,42.6240256399582],[-83.5974355835823,42.6241537162393],[-83.5973655893264,42.6232504141737],[-83.6022413937037,42.6231191508304],[-83.6022827502896,42.6236515505088],[-83.6045373379651,42.6235717034053],[-83.6059446213518,42.6237658708064],[-83.6064057678651,42.6237557801708]],[[-83.5626943063329,42.6229116037351],[-83.5587364492653,42.6230281524336],[-83.5586370933177,42.6229346623634],[-83.5584905040048,42.6226514440847],[-83.5583440652508,42.6222386460673],[-83.5626565352367,42.6220756100743],[-83.5626943063329,42.6229116037351]],[[-83.5972955969316,42.6223471109844],[-83.5972606007919,42.6218954597431],[-83.6021357728075,42.6217594167428],[-83.602170979718,42.6222126615036],[-83.5972955969316,42.6223471109844]],[[-83.5751173900519,42.621353444416],[-83.572625244515,42.621497987056],[-83.5723537069557,42.617809148324],[-83.5749069052398,42.6176828419342],[-83.5751173900519,42.621353444416]],[[-83.6018409123745,42.6194120204479],[-83.6020301573165,42.6203996812749],[-83.6006872712842,42.6204384971512],[-83.600608475759,42.6193206737452],[-83.6018315293847,42.6192795564312],[-83.6018409123745,42.6194120204479]]]},"properties":{"NAME":"Highland Recreation Area","CreatedUser":"MichiganDNR"}},
{"type":"Feature","geometry":{"type":"MultiPolygon","coordinates":[[[[-88.1790257534597,46.5888516556749],[-88.1790800025446,46.5924631349913],[-88.1581838647977,46.5924474355562],[-88.1579829916586,46.5815213346325],[-88.163216524076,46.5815446560061],[-88.1632786525249,46.5851638328878],[-88.1685095816818,46.5851869344218],[-88.1683904893287,46.5779485485366],[-88.157918286674,46.5779021863161],[-88.1373969498046,46.5780027812907],[-88.1372985011881,46.5654777689301],[-88.1370691841818,46.5655066739632],[-88.1367018316371,46.565471683105],[-88.1365615443713,46.5653940451736],[-88.1362013912745,46.5653904712758],[-88.135975049929,46.5652993464669],[-88.135364676987,46.5653566804234],[-88.1350248020978,46.56531225499],[-88.1345639309321,46.565149358886],[-88.1344259026783,46.5651546738628],[-88.1344265970008,46.5652993922636],[-88.1342831385607,46.5654454239624],[-88.1338825299054,46.5655516591935],[-88.1336565383707,46.5655201992303],[-88.1331219977937,46.5653044805878],[-88.1328975158544,46.5653053575752],[-88.1325814323556,46.5653945093483],[-88.131569634182,46.5652491277568],[-88.1314807132357,46.5651369174901],[-88.1313403516641,46.565082596202],[-88.1314359710049,46.5647556857859],[-88.1317783414683,46.5645944827357],[-88.1320778512265,46.5646394825642],[-88.1322479507692,46.5645896740879],[-88.1324934661138,46.564586476938],[-88.1327298926787,46.5644075235043],[-88.1326811992785,46.5642868734334],[-88.1323935096348,46.5640957384177],[-88.1323485794893,46.5638507009625],[-88.1166380907653,46.563688840071],[-88.116623388677,46.5678988074674],[-88.1171755343082,46.5679751515785],[-88.1173732841134,46.5680476359056],[-88.1176986042057,46.5684085969524],[-88.1178663666935,46.5687587496465],[-88.1178831428939,46.569036927389],[-88.1176931236902,46.5692914888377],[-88.1174021273502,46.5695582055986],[-88.1173910177383,46.5697587028124],[-88.1175158134149,46.5698476253298],[-88.1181069095878,46.5700603140059],[-88.1185477647285,46.5702970419692],[-88.1190903575296,46.570336396483],[-88.1190237001064,46.5702079886265],[-88.1192234404242,46.5701267841558],[-88.1195603726313,46.5697503133585],[-88.1199113903612,46.5695817782485],[-88.1202760283429,46.5693164370234],[-88.1208138209734,46.5686191828624],[-88.1213743828515,46.5683028817754],[-88.1220425938411,46.5680950198636],[-88.1225740753475,46.5677984572585],[-88.1228295852198,46.5675152369752],[-88.1228066982636,46.5674127716169],[-88.1227164135801,46.5673381943881],[-88.1227001124613,46.5671019615818],[-88.1229697187341,46.5668232804081],[-88.1232968283557,46.5666676871207],[-88.1235062295505,46.5666562615742],[-88.1237266313032,46.5666974483056],[-88.1242133307371,46.5664517805801],[-88.1247496585257,46.5664843655092],[-88.1247909332422,46.5663951143914],[-88.1244453176199,46.5662032890214],[-88.124309998937,46.5660740993199],[-88.1242367259034,46.5658271504065],[-88.1243083066538,46.5656989265064],[-88.1249423213168,46.565431318371],[-88.1267150113319,46.5653668783739],[-88.1268596316669,46.5653010886127],[-88.1268884994597,46.5651743417458],[-88.1271634357495,46.5651349416936],[-88.127125667639,46.5654923262023],[-88.126720018238,46.5657756003483],[-88.1266707050261,46.5662450063433],[-88.1265197498429,46.5665818564383],[-88.1263206471317,46.566831799887],[-88.1263846212505,46.5673244828391],[-88.1263404693716,46.5675948733016],[-88.1262659140482,46.567697774296],[-88.1256596927939,46.5680410121629],[-88.1251471927544,46.5681863319761],[-88.1245285475265,46.568287661101],[-88.1241108056021,46.5683125535828],[-88.1230351515597,46.5681712931748],[-88.1216696419066,46.5685807049135],[-88.1209846518917,46.5690220917725],[-88.1208050912827,46.5693917019],[-88.1199723859128,46.570152715142],[-88.1198956191824,46.5705060175013],[-88.1200114845038,46.5713880376567],[-88.1196844528705,46.5717000122138],[-88.1195595059123,46.5717352478484],[-88.1192320018313,46.5717282722097],[-88.1190939580842,46.5718103926537],[-88.1192589240895,46.5718834800693],[-88.119337039177,46.5719739507448],[-88.1192237884407,46.5722332682577],[-88.1189307558858,46.5723710710391],[-88.1187602796556,46.572386569763],[-88.118488748858,46.5725658163649],[-88.1182307379335,46.5726323192756],[-88.1173773684541,46.5726076200077],[-88.1169147839152,46.5724007837118],[-88.1168250543807,46.57242096126],[-88.1167739559084,46.5725138203779],[-88.1166185681942,46.5725153771271],[-88.1166008721886,46.5781340644584],[-88.1269989262486,46.5780688900652],[-88.1269290056647,46.592292918021],[-88.1165454529491,46.5922821441748],[-88.1165674086152,46.5853779616965],[-88.1067749405692,46.5854775854153],[-88.1067105261392,46.5782345947873],[-88.0962075244905,46.5783405067794],[-88.096270532672,46.5855835153899],[-88.0752886434479,46.5854975027719],[-88.0751521325001,46.5925575559807],[-88.0752504226369,46.5960037595859],[-88.0769604926921,46.5959916957874],[-88.076896690071,46.5937571965671],[-88.077532263681,46.5929930913173],[-88.0777735735305,46.5932545137566],[-88.0782966662844,46.5935991396729],[-88.0784094750096,46.5937197035849],[-88.0784342323669,46.5938470082214],[-88.0783866060636,46.5939679080905],[-88.0785630645749,46.594126758426],[-88.0786448665965,46.5943147617296],[-88.078589933604,46.5950591274267],[-88.0788141171554,46.5953928801239],[-88.0790655865897,46.5955289339901],[-88.0796595585933,46.5955790357097],[-88.0797481362541,46.5957489103323],[-88.0799637916002,46.5958264515959],[-88.0799180628348,46.5959318844243],[-88.0800440954025,46.5960402032178],[-88.0805256837667,46.5962089463181],[-88.0808357426265,46.5962504765482],[-88.0808851733094,46.5965350950348],[-88.0811673359934,46.5966928806069],[-88.0813552304414,46.596922683159],[-88.081312780286,46.5971463795739],[-88.0813965229634,46.5972871881396],[-88.0813960970075,46.5975235105929],[-88.0803634208476,46.5983323490278],[-88.0783193033595,46.5975805061569],[-88.0781807497082,46.5974349792692],[-88.0782382929527,46.5994483300621],[-88.0963324102733,46.5994364415175],[-88.0963360869458,46.6066022399391],[-88.1164950017958,46.6064574975655],[-88.1164206867874,46.6209130413681],[-88.1164732052199,46.6281710811183],[-88.1372254023033,46.6281650967058],[-88.137168545886,46.6496590371279],[-88.1579802191306,46.6496045557517],[-88.1580340021799,46.6387370596745],[-88.1632845689113,46.6388385993349],[-88.1633413992817,46.6280322295477],[-88.1791278909582,46.6282209193144],[-88.200375110954,46.6279770623794],[-88.2005354264275,46.6210329566938],[-88.1999149954739,46.6066095768243],[-88.2104447912564,46.6066876000827],[-88.2103824605317,46.5995366369993],[-88.2156441383601,46.5996213013079],[-88.2156113746015,46.5960688229802],[-88.2103513011572,46.5959611399106],[-88.2103201635699,46.5923856417191],[-88.1998033433392,46.5921235355166],[-88.189441700705,46.5922938027871],[-88.1894015623887,46.5888526214005],[-88.1790257534597,46.5888516556749]]],[[[-88.1477451968765,46.6030471303137],[-88.1425334717003,46.6030147769192],[-88.1425322223398,46.6065732187731],[-88.1477432613425,46.6066042058109],[-88.1477451968765,46.6030471303137]]],[[[-88.1373235288899,46.5923027713814],[-88.1425372493236,46.592339459566],[-88.1425348196421,46.5888360027876],[-88.1373411994363,46.5888609880982],[-88.1373235288899,46.5923027713814],[-88.1321262612583,46.5922979658357],[-88.132123676664,46.5958537824527],[-88.1373229381708,46.5958625789547],[-88.1373235288899,46.5923027713814]]],[[[-88.1321185088928,46.6029654114595],[-88.1269152494647,46.6029483861555],[-88.1268946210172,46.6101056215398],[-88.1321017785839,46.6101223939468],[-88.1321185088928,46.6029654114595]]],[[[-88.1790257534597,46.5888516556749],[-88.1789170520619,46.5816131923029],[-88.173683547273,46.5815905876796],[-88.1737974542782,46.5888290151975],[-88.1790257534597,46.5888516556749]]]]},"properties":{"NAME":"Craig Lake State Park","CreatedUser":"MichiganDNR"}},
{"type":"Feature","geometry":{"type":"MultiPolygon","coordinates":[[[[-84.2642224256533,41.8203374041477],[-84.2545305053475,41.8204977960461],[-84.2543573662695,41.8132320815583],[-84.2541080207845,41.8083219938228],[-84.2530816681777,41.8083420201179],[-84.2530557294557,41.8079154739426],[-84.2403071599308,41.8125421040997],[-84.2403472412484,41.8135046749895],[-84.2398015878271,41.8134987107117],[-84.2401210631122,41.8241552684251],[-84.2353008720382,41.824236000346],[-84.2353084387166,41.8244521721688],[-84.2401276267492,41.8243741633231],[-84.2404739830069,41.8352598348654],[-84.2357230005832,41.8353283052946],[-84.2359109191582,41.8426529652427],[-84.2552316242514,41.8423425385465],[-84.2624897455423,41.8423365081403],[-84.2626982994486,41.8493999974128],[-84.2651088449665,41.8493568178081],[-84.2649132294316,41.842334391962],[-84.2746379082204,41.8419266048879],[-84.2744608474925,41.8383030211463],[-84.2843959754597,41.838093829744],[-84.2842423794549,41.8344845915038],[-84.2866115056381,41.8344380241536],[-84.2866617308542,41.836273350683],[-84.2942625938002,41.8360860027542],[-84.2939737495914,41.8282423800195],[-84.292441859682,41.8282623865358],[-84.2923999333513,41.8271228550079],[-84.2939315777393,41.8270969215416],[-84.2938170723898,41.8246092380614],[-84.2908777796384,41.8235223882221],[-84.2887794815719,41.822829696241],[-84.2888049775829,41.8235505624172],[-84.2838353871126,41.8236362875456],[-84.283763907131,41.820742571302],[-84.2817527350246,41.8200668633376],[-84.2810643328708,41.8200326364917],[-84.2810794976016,41.8208568412314],[-84.2803452611757,41.8208748933542],[-84.2803301058653,41.8200506884996],[-84.2737388954926,41.8202125271127],[-84.2738613627167,41.8252311910375],[-84.2724733058892,41.8252557506312],[-84.2724168400932,41.8238449711633],[-84.2642558435112,41.8239718039608],[-84.2642224256533,41.8203374041477]]],[[[-84.2642224256533,41.8203374041477],[-84.2678442338656,41.8202772499124],[-84.2678290821514,41.8178567755022],[-84.2642001454082,41.817914504238],[-84.2642224256533,41.8203374041477]]]]},"properties":{"NAME":"Lake Hudson Recreation Area","CreatedUser":"MichiganDNR"}},
{"type":"Feature","geometry":{"type":"Polygon","coordinates":[[[-83.8884117337851,45.4699798775485],[-83.8878170633919,45.4558946745218],[-83.8694744946838,45.4572128838907],[-83.8699316743363,45.4579311377307],[-83.8713584611601,45.4597839687523],[-83.8715222635002,45.4599214271156],[-83.8718344037028,45.4600644008955],[-83.8727006955875,45.4603558734586],[-83.8733951183937,45.4607627773375],[-83.8739647938413,45.4610157288587],[-83.8749555972544,45.4617634780111],[-83.8751582582367,45.4621284271398],[-83.8758201208978,45.4625860241277],[-83.8763419242071,45.4631467238032],[-83.8774305449057,45.4641009300159],[-83.8785425233002,45.4653014823459],[-83.879056016622,45.4657862341254],[-83.8800835655502,45.4666128304326],[-83.8814525579533,45.4680172511313],[-83.8839537333006,45.4694349357839],[-83.8857001770988,45.4701475060241],[-83.8865411767359,45.4704203492804],[-83.8871923605307,45.4707316866664],[-83.8875368747467,45.4703361015719],[-83.8875519656873,45.4700417248145],[-83.8884117337851,45.4699798775485]]]},"properties":{"NAME":"P.H. Hoeft State Park","CreatedUser":"MichiganDNR"}},
{"type":"Feature","geometry":{"type":"Polygon","coordinates":[[[-85.1050918814053,42.9598464768047],[-85.1050993512296,42.9607837858958],[-85.1044826067571,42.9607813540366],[-85.104444948899,42.9617874146491],[-85.1032113345615,42.9620731037395],[-85.1032380560921,42.9602989953315],[-85.1025225497641,42.9604725074281],[-85.1025216252698,42.9611779158539],[-85.0994953180099,42.961930085274],[-85.0994976854662,42.9612568021602],[-85.0972371581785,42.9620168902054],[-85.094551712872,42.9630229264297],[-85.0945528077998,42.9655068023821],[-85.1002292974817,42.9655219190276],[-85.1004859710227,42.9656880799897],[-85.1008592412189,42.9660984847938],[-85.1011278386314,42.9665306250604],[-85.1014559389251,42.9672306419576],[-85.1020235650708,42.9678115949513],[-85.1023666804662,42.9680828465822],[-85.1027334466811,42.968260018201],[-85.103189151109,42.9682817161892],[-85.1044585526309,42.9680392680593],[-85.1044522098054,42.9655329856243],[-85.1129989912558,42.9655706479078],[-85.1145663157873,42.9650793304114],[-85.1150654268562,42.9649701215928],[-85.1154783930419,42.9649354790284],[-85.1159193410471,42.9649254748992],[-85.1163453366907,42.9649804861026],[-85.1174887677598,42.9652114680666],[-85.1181091367408,42.9652279904089],[-85.1185801060225,42.9651345371307],[-85.1189331656352,42.9647939178109],[-85.1191112904341,42.9644857662613],[-85.1191564070376,42.9641338837677],[-85.1188954548169,42.9632761485428],[-85.1185819584706,42.9627153191271],[-85.118500103503,42.9622479691143],[-85.1186500492525,42.9616431674722],[-85.1190314988927,42.9612912934169],[-85.1193679769009,42.9610988741345],[-85.1199062308369,42.9609394390007],[-85.1205640190632,42.9608459790729],[-85.1220887050065,42.9608570013155],[-85.1249987885854,42.9604286849767],[-85.1265369815647,42.9604169039724],[-85.1270525633098,42.9605332583544],[-85.1275390918133,42.9605396212452],[-85.1281454382846,42.9604748834606],[-85.1311778105514,42.9597380147427],[-85.1324359644557,42.9592728349184],[-85.1334558268979,42.9587523116443],[-85.1342570641379,42.9584512978232],[-85.135617200365,42.9581727194411],[-85.1361789562066,42.9579812492689],[-85.136568058225,42.9579489421778],[-85.1379367307732,42.9580007947749],[-85.1390797615491,42.958114431623],[-85.140726009663,42.9581869542633],[-85.1448179256512,42.9581499076478],[-85.1469800561053,42.9580545201121],[-85.1473019541977,42.9579890704726],[-85.1475643049842,42.9578410411572],[-85.1486637866045,42.9578703324216],[-85.1526149820201,42.9581137370212],[-85.1535338828396,42.9582141991873],[-85.1547750588152,42.9584471277522],[-85.1553114099685,42.9584847174425],[-85.1556111296215,42.9584854168304],[-85.1560136335548,42.9584067450473],[-85.1572882069155,42.9580031670473],[-85.1578292990599,42.9577589759962],[-85.1588070593788,42.9570922566705],[-85.1588066346948,42.9570167604649],[-85.1588235588931,42.9570857000228],[-85.1600057294986,42.95624098467],[-85.1622371833964,42.9543934752705],[-85.1624414746205,42.9540899550039],[-85.1627743333096,42.9534097183791],[-85.1631175006721,42.9524305443484],[-85.1630529556425,42.9520173329669],[-85.1630990731501,42.9516637519433],[-85.1632490585372,42.9512353717492],[-85.1633950333167,42.9509715092346],[-85.1636876482281,42.9506970346121],[-85.1640774867999,42.9504226960335],[-85.1644670632363,42.9502253393496],[-85.1653058007716,42.9498966865599],[-85.1667221420652,42.9490520350316],[-85.1672313726639,42.9488493404939],[-85.1688554181524,42.9484943227346],[-85.1691993608956,42.9485168145525],[-85.1708434717807,42.9488710870605],[-85.1713296315422,42.9488552919411],[-85.171816173748,42.9487240276547],[-85.1725935081089,42.9488570967103],[-85.1736103283241,42.9489410146597],[-85.1741942081121,42.9487713902845],[-85.1744191446569,42.9485957568396],[-85.1744798857477,42.9483154288667],[-85.174390843529,42.9481008661538],[-85.1735774723729,42.9475553802546],[-85.173099626257,42.9473182706869],[-85.172598974694,42.9471965952782],[-85.172187859419,42.9471355275177],[-85.1720677200593,42.9472838136235],[-85.1724637780129,42.9473723519807],[-85.1726579163779,42.9474661009134],[-85.1727174842645,42.9475431597491],[-85.1726797311309,42.9476530754477],[-85.17251486275,42.9477573084779],[-85.172237887268,42.9478393924709],[-85.1716021138734,42.9478714719263],[-85.1713550124277,42.9479645904624],[-85.171324883009,42.9480305260996],[-85.1711156117562,42.9479917380562],[-85.1706824618749,42.9478096724024],[-85.170340613189,42.9471603718401],[-85.170266616276,42.9469238344317],[-85.1704999271277,42.946478799653],[-85.1707548563123,42.9462757271962],[-85.1711219514601,42.9460783156573],[-85.1717507579575,42.9458867728709],[-85.1729923916946,42.9458115654374],[-85.1737320912362,42.94569005458],[-85.1737423552619,42.9427695974268],[-85.1726541830371,42.9430990101974],[-85.1712885300858,42.9434088402079],[-85.1712885017947,42.9429758673298],[-85.1722846606032,42.9427608371934],[-85.1733522350452,42.94244901926],[-85.1733522686235,42.9423497917596],[-85.173241422565,42.9423852918952],[-85.1730767173424,42.9419424278563],[-85.1737424019533,42.9419464719986],[-85.1737423088637,42.9423224373549],[-85.176191999722,42.9415248072524],[-85.1762230775691,42.940116688061],[-85.178686804777,42.9401626959503],[-85.1786708680258,42.9350577067532],[-85.173741556172,42.9350523987026],[-85.1737413075073,42.9332414646265],[-85.1686982506991,42.9332412447271],[-85.1687034831588,42.9350521604342],[-85.1535945821512,42.9350495367573],[-85.1438167948854,42.9351256236034],[-85.1437730078774,42.929692908989],[-85.1388954286612,42.9297303085165],[-85.1389109980515,42.9276814588791],[-85.1345425597649,42.9277146002775],[-85.1345515094246,42.9262392688393],[-85.1340418167226,42.9262366597238],[-85.1340326616328,42.9275851787072],[-85.1310323275468,42.9296848966269],[-85.1241636577608,42.9295219344433],[-85.1143079618029,42.9295649494273],[-85.1143090775507,42.9331868265396],[-85.1044509571125,42.933228964359],[-85.1044434173089,42.9377562992408],[-85.094576347588,42.9377516548737],[-85.0945531123442,42.9447747536734],[-85.0961134949427,42.9447795909079],[-85.0961122451091,42.9459259406681],[-85.0945518359473,42.9459211035478],[-85.0945481030903,42.9492642242217],[-85.0975253198816,42.9492672139106],[-85.0975246278525,42.9510781335838],[-85.1049322155827,42.9510869188366],[-85.1054102486426,42.9513637568314],[-85.1044567221286,42.9517961434766],[-85.1045449258566,42.952057857685],[-85.1047508090453,42.9523413899759],[-85.1056344544611,42.9531203264337],[-85.1057774645894,42.9532374801499],[-85.1060390515206,42.9533459261043],[-85.1064990209465,42.9533883000248],[-85.1093830125211,42.9533312412002],[-85.1143294929894,42.9533369107608],[-85.1143375126886,42.9576025097651],[-85.1118374180135,42.9581327785643],[-85.1107128517921,42.9582147175148],[-85.110037284515,42.9583314292543],[-85.1093935353245,42.9583342912015],[-85.1093938324368,42.9584907752534],[-85.1059547949605,42.9595985474683],[-85.106200637567,42.9601433198371],[-85.1054738653365,42.9603532104384],[-85.1052283843137,42.9598092264605],[-85.1050918814053,42.9598464768047]]]},"properties":{"NAME":"Ionia Recreation Area","CreatedUser":"MichiganDNR"}},
{"type":"Feature","geometry":{"type":"Polygon","coordinates":[[[-84.1422217998995,42.0697348707907],[-84.1425784929203,42.0692487516974],[-84.1430888480871,42.068706370599],[-84.143612153437,42.0682440537652],[-84.1440878251311,42.0679610429329],[-84.1444295650499,42.0678174308952],[-84.1448343463621,42.0677220646462],[-84.1451128492297,42.0677284214103],[-84.1452312898763,42.0675424727748],[-84.1454931626585,42.0675657133442],[-84.1457327078562,42.0677190109507],[-84.1457955653135,42.067811873855],[-84.1457601893671,42.067954585951],[-84.1454337452941,42.0679723162846],[-84.1453974314797,42.0680695343901],[-84.1454479868469,42.0681501783962],[-84.1457587198332,42.0683106688185],[-84.1463269282555,42.0683724751379],[-84.1466737853048,42.0685022066579],[-84.1465982806724,42.0567103036873],[-84.1462495580661,42.0567723149002],[-84.1457507133099,42.0567883954835],[-84.1416808916684,42.0566332919846],[-84.1416783708285,42.0563669135944],[-84.1367608154982,42.0563045145732],[-84.1367744733586,42.0576136852362],[-84.1347136765519,42.0586134348843],[-84.1347072301023,42.0591870229046],[-84.1318763986173,42.0591509249231],[-84.1318768692462,42.059228654903],[-84.126979168392,42.0596149842954],[-84.1257136019241,42.0598867442669],[-84.1250127517031,42.0601376923034],[-84.1243702514674,42.0604258373629],[-84.1247020099217,42.0670028220884],[-84.1249719140408,42.0670122054733],[-84.125670536961,42.0676855737444],[-84.1257394743205,42.0703116900597],[-84.1265718271669,42.0716800104589],[-84.1274092133334,42.0716630701372],[-84.1275103641514,42.0722353559053],[-84.1277133448093,42.0726106148307],[-84.1280794093209,42.0729886092388],[-84.1292636259242,42.0736067857947],[-84.1297883008538,42.073501185885],[-84.1301106303658,42.0731392722256],[-84.1303760410695,42.0733518324429],[-84.1304885222626,42.0733031893144],[-84.1307064447614,42.0740314558369],[-84.1307122794924,42.0743787271415],[-84.1304552780904,42.0743803489547],[-84.1304627967909,42.0749221411117],[-84.1306839692335,42.07491992596],[-84.1308181825683,42.0747633809307],[-84.1311984026898,42.0749025791624],[-84.1320214601137,42.0751076361972],[-84.1320220067782,42.0748284149419],[-84.1327338087416,42.0749580498746],[-84.1331043392955,42.0748356683415],[-84.1333331550846,42.0746204949849],[-84.1335717386993,42.0742098438415],[-84.1344580100567,42.073264661131],[-84.1352246269191,42.0729253727856],[-84.1354781342773,42.072686258848],[-84.1373365997942,42.0726182065389],[-84.137751820421,42.0725050216677],[-84.1380228351617,42.0723190317932],[-84.1381314600774,42.0718545931605],[-84.1403428270411,42.0719597064927],[-84.140590912285,42.0713144007371],[-84.1415992288154,42.0704969803033],[-84.1422217998995,42.0697348707907]]]},"properties":{"NAME":"Hayes State Park","CreatedUser":"MichiganDNR"}},
{"type":"Feature","geometry":{"type":"Polygon","coordinates":[[[-86.6519657897345,46.3873734999423],[-86.6466823551829,46.3873694778236],[-86.6466939394843,46.3864612505616],[-86.642027381747,46.3864599201217],[-86.6443617639323,46.3879305120758],[-86.6457470316657,46.3889794280743],[-86.6465354996189,46.3898333621842],[-86.6473664464194,46.39100448883],[-86.6485148978962,46.3910077700637],[-86.6484162682802,46.3904588988455],[-86.6484346866952,46.3900857884025],[-86.6485225340435,46.38979692134],[-86.6487813679992,46.3893848852895],[-86.6493485607381,46.3889120647385],[-86.6499203606968,46.3886212400318],[-86.6506315821933,46.3884431564078],[-86.6519533239531,46.3882632290008],[-86.6519657897345,46.3873734999423]]]},"properties":{"NAME":"Wagner Falls Scenic Site","CreatedUser":"MichiganDNR"}},
{"type":"Feature","geometry":{"type":"MultiPolygon","coordinates":[[[[-88.5036479328679,46.7587292104142],[-88.5011912795833,46.7623597392602],[-88.5059829259038,46.7623405952203],[-88.5059287349256,46.7587200786428],[-88.5036479328679,46.7587292104142]]],[[[-88.5013653727458,46.7587383032379],[-88.5001275830502,46.7587432151308],[-88.5001095115737,46.7588636122378],[-88.4999405319694,46.7589221752013],[-88.4998757627654,46.7589894410409],[-88.4998063197478,46.7591933183029],[-88.4996217439951,46.7594113666125],[-88.4996512083221,46.7597036355494],[-88.4995542633868,46.7601982788822],[-88.4996791239967,46.7605460895203],[-88.4996852130686,46.7607428310082],[-88.4996431706268,46.7608267504559],[-88.4995745857615,46.7608330476885],[-88.4996650871781,46.7610636201426],[-88.4996407867532,46.7612075183543],[-88.4984078306516,46.7632587054439],[-88.4981302682927,46.7635171919437],[-88.4980184643342,46.7638200850795],[-88.4977860873923,46.7641276630165],[-88.4978467190268,46.7641291372105],[-88.4973977523087,46.7648507309751],[-88.4980200352343,46.7648488172246],[-88.4985739001529,46.7643547293623],[-88.4999135444294,46.7633073071817],[-88.5003044042575,46.7629375546498],[-88.5007498971072,46.7623614922051],[-88.5032076400187,46.7587309674593],[-88.5013653727458,46.7587383032379]]]]},"properties":{"NAME":"Baraga State Park","CreatedUser":"MichiganDNR"}},
{"type":"Feature","geometry":{"type":"MultiPolygon","coordinates":[[[[-82.502571505057,43.1332035173086],[-82.5016275075694,43.1194173351161],[-82.4973209067679,43.1196327505596],[-82.4960228665987,43.1176493681123],[-82.4905645141886,43.1178940754574],[-82.4905797995178,43.1179896508945],[-82.4907165925838,43.1181134516873],[-82.4906163087149,43.1183981206915],[-82.4909098922948,43.120746328944],[-82.4909062165893,43.1215085437489],[-82.4911093528057,43.1221779255789],[-82.4913283942594,43.123460265971],[-82.4914743255942,43.123453367392],[-82.4917778350945,43.125595488671],[-82.4920236472027,43.1255556784759],[-82.4922203570725,43.1265387494251],[-82.4923468089437,43.1267049977252],[-82.4925416498629,43.1293198247241],[-82.4925118275303,43.1295777712171],[-82.4927123249185,43.1308813735497],[-82.496915795342,43.1307221317713],[-82.4968612542178,43.1316446377766],[-82.4968659560184,43.1317777526073],[-82.4969498897097,43.1319067937049],[-82.4969067294335,43.1323960294749],[-82.4927950135152,43.1326071288683],[-82.4927278269757,43.1327207673819],[-82.4927779418196,43.1330184878814],[-82.4929030984149,43.1332734105047],[-82.492819508094,43.133704417423],[-82.502571505057,43.1332035173086]]],[[[-82.494116185733,43.1095018338634],[-82.4940005297763,43.1117529603774],[-82.50110534364,43.1115025454064],[-82.5005885370099,43.1042229655307],[-82.4866945069611,43.1047587929835],[-82.4867093825592,43.105705355908],[-82.4868176999955,43.106059756054],[-82.4867779179571,43.1100184297999],[-82.4870164777585,43.1108540631438],[-82.4886885857554,43.1107905315781],[-82.4892291258995,43.109684834559],[-82.494116185733,43.1095018338634]]]]},"properties":{"NAME":"Lakeport State Park","CreatedUser":"MichiganDNR"}},
{"type":"Feature","geometry":{"type":"Polygon","coordinates":[[[-85.6458970550844,46.675725067734],[-85.6451873902723,46.6758775300584],[-85.6443569645872,46.6758526196524],[-85.642441376256,46.6755371213048],[-85.6420330037315,46.6753412554388],[-85.641866362879,46.6753081541089],[-85.6392299352651,46.6751582977468],[-85.6380813196678,46.6748649001924],[-85.6376432988776,46.6746372095984],[-85.6365724715529,46.6744434731844],[-85.6348307905185,46.6745672546108],[-85.6343815301506,46.6745280806108],[-85.6343651065404,46.6745623127334],[-85.6325290002719,46.6741123404348],[-85.6322614074027,46.6740934657961],[-85.6321440871141,46.6741325094012],[-85.6314597157393,46.6740599851814],[-85.6313996026532,46.6741095008734],[-85.6311317550879,46.6741274791929],[-85.6303601075859,46.6740709468827],[-85.6283412932727,46.673758303281],[-85.6275848072323,46.6734935238694],[-85.6267159971334,46.6730886556521],[-85.6263117856248,46.6730204586389],[-85.6261234823047,46.673060117853],[-85.6259584646634,46.6731529944387],[-85.6254836469589,46.6735636885679],[-85.62543644971,46.6737238124419],[-85.6255555994227,46.6741339110617],[-85.6255026570134,46.6742254457035],[-85.6253176694489,46.6743242559939],[-85.6248847655309,46.6744393810111],[-85.6244399620786,46.6744756100831],[-85.6237283362045,46.6743840923624],[-85.6230934664056,46.6743562539039],[-85.6216553861531,46.6741585761676],[-85.620276646619,46.6741976444191],[-85.6197881262693,46.6741673983296],[-85.6198145300237,46.6768881784045],[-85.6193680871072,46.676862564684],[-85.6193742277968,46.6774961245479],[-85.6198207189555,46.6775257841858],[-85.6198283751307,46.6783145788967],[-85.6214893005687,46.6782818293839],[-85.6231302077022,46.6783413357622],[-85.6248389405551,46.6784961859821],[-85.6269158924894,46.6785313783733],[-85.6278103085375,46.6784923435479],[-85.6285682258449,46.6785617041112],[-85.6323973246008,46.6786017142472],[-85.6351228893871,46.6788497282977],[-85.6385262840449,46.6790475753353],[-85.6407072475961,46.6793605602976],[-85.641517724543,46.6793965757015],[-85.642545273462,46.6793758498724],[-85.6447091389323,46.6794572826177],[-85.6458906173256,46.6795443055267],[-85.6458970550844,46.675725067734]]]},"properties":{"NAME":"Muskallonge Lake State Park","CreatedUser":"MichiganDNR"}},
{"type":"Feature","geometry":{"type":"Polygon","coordinates":[[[-82.5194046908685,42.6359416289952],[-82.520071633604,42.6361590859896],[-82.5199086874411,42.6368373227713],[-82.5190428070621,42.6366011985203],[-82.5183404235391,42.6394968784247],[-82.5176143915826,42.6454581946108],[-82.5177228771214,42.6454936851412],[-82.517451745309,42.6477818767279],[-82.5136788269506,42.6465260446682],[-82.5136570552647,42.6466153247069],[-82.513708826397,42.6466869504494],[-82.5135713966636,42.6469470842584],[-82.5135720615724,42.6470178275259],[-82.5137257823851,42.6471619330119],[-82.5137869158303,42.6475957008003],[-82.5138409661855,42.6476268852877],[-82.5138413183389,42.6483966094414],[-82.5137859064552,42.6486702465722],[-82.5138047228075,42.6495414718385],[-82.5142055884727,42.6531249409138],[-82.514261126096,42.6550286099738],[-82.5144041835533,42.6557937982505],[-82.514552075164,42.6557882211262],[-82.5143297594209,42.6546101030634],[-82.5145875064635,42.6546929767183],[-82.5148017280328,42.6557836611842],[-82.516011010166,42.6558676588469],[-82.5156907534161,42.6569010540188],[-82.5167788797814,42.6572609533528],[-82.5167040650237,42.6586832552567],[-82.516541994624,42.6598472801207],[-82.5166488584948,42.659881901468],[-82.5167640923948,42.6591976101947],[-82.5168432885628,42.6581646242622],[-82.5184718771903,42.6586918177351],[-82.5175687496288,42.6601795399118],[-82.5344917738973,42.665669406544],[-82.5358256321853,42.6634247978945],[-82.5426306868937,42.665625904272],[-82.5435892152439,42.6640181340159],[-82.5394872855539,42.6626962279726],[-82.5403966364954,42.6611426514284],[-82.5465599749443,42.6609140351401],[-82.5461356229781,42.652819732504],[-82.5406830782045,42.6530017539895],[-82.5403944959686,42.652907426044],[-82.5441389248272,42.646445333423],[-82.5410057094729,42.6454211432594],[-82.5422875641034,42.6432781642453],[-82.538089262522,42.6419109489511],[-82.5380277144324,42.6406557716708],[-82.5371967433984,42.6403325604964],[-82.5371371957148,42.6391178206048],[-82.536647077554,42.639126152726],[-82.5366326561051,42.6388319161601],[-82.5365453690749,42.6388333587461],[-82.5363127847125,42.6394935188914],[-82.535548473192,42.6395162865458],[-82.5354879935917,42.6382818558337],[-82.5347288414453,42.6383029290015],[-82.5349808703079,42.6434479984936],[-82.5302786984799,42.6419137900792],[-82.5315204109218,42.639771319793],[-82.5192423490749,42.6357706839273],[-82.519216054636,42.6358801235739],[-82.5194046908685,42.6359416289952]]]},"properties":{"NAME":"Algonac State Park","CreatedUser":"MichiganDNR"}},
{"type":"Feature","geometry":{"type":"MultiPolygon","coordinates":[[[[-87.7889572387184,45.6684341422108],[-87.7940583864939,45.6683799498999],[-87.7940966715064,45.6712277798957],[-87.7949829394095,45.671119896832],[-87.7964184333505,45.6708510192348],[-87.7971959645152,45.6705979935744],[-87.7975807316372,45.670423182714],[-87.7995173762882,45.6690194809603],[-87.8003142408072,45.6681678810437],[-87.8010480917337,45.6675622629197],[-87.8013470710434,45.6671850734656],[-87.8017630240828,45.6668252392584],[-87.8020977856412,45.6665874129349],[-87.802672006233,45.6663121849507],[-87.8030824909088,45.6662995151023],[-87.803459579647,45.6661611608928],[-87.8041130881408,45.6660698729762],[-87.8045862247312,45.6659066712174],[-87.804798542399,45.6657860131293],[-87.8051199659108,45.6657116410694],[-87.8059141504201,45.6654020437759],[-87.8070685715227,45.6651299415425],[-87.808410587573,45.6650023251056],[-87.8093866369104,45.6650842283781],[-87.8108937536896,45.6650403875275],[-87.8117782529726,45.6650743383999],[-87.8134853282414,45.6649216488892],[-87.8137358220026,45.664832604142],[-87.814217273346,45.6647460550353],[-87.8147304139933,45.6644600784014],[-87.8156140037643,45.6638512385014],[-87.8163906573939,45.6635164672937],[-87.8166761866601,45.6634824188252],[-87.818554635924,45.6629722153105],[-87.822167320051,45.6624267054245],[-87.8230467865786,45.6622536488714],[-87.8236029280924,45.6622989354826],[-87.8239398044728,45.6621597846761],[-87.8244475701032,45.6620713978098],[-87.8245273105217,45.661856972483],[-87.824399820442,45.6616866677639],[-87.8237936871904,45.6617882894338],[-87.8235911411501,45.6617867307174],[-87.8231016253261,45.661594272941],[-87.8228379962671,45.6612788468926],[-87.822763259659,45.6610564275434],[-87.822809151455,45.6609335969486],[-87.8231647778081,45.6606494154179],[-87.8238599528816,45.6599180550162],[-87.8238922914045,45.6596795172443],[-87.8238585495331,45.6596046047922],[-87.8227228439396,45.6592434616361],[-87.8220616986967,45.6588260157204],[-87.8218690492068,45.6584367421634],[-87.8216732595898,45.6583417850143],[-87.8214610231047,45.6575906500695],[-87.8213691001412,45.6569596880793],[-87.8214296434344,45.6567158984822],[-87.8217675673557,45.6564594425202],[-87.821530967078,45.6565530837384],[-87.8214492527574,45.6564165177526],[-87.8214739159041,45.6562124001055],[-87.8216748695018,45.6558648476306],[-87.8220462737183,45.6554349990961],[-87.8223886814979,45.6554068854973],[-87.8225217374315,45.655317642101],[-87.8225656705796,45.6550144422645],[-87.8225328479712,45.6549676380087],[-87.8223979666711,45.6552112448663],[-87.822337105406,45.6548136900718],[-87.8223797630729,45.6546216320123],[-87.8229578219138,45.6543208591382],[-87.823666028331,45.6538718956485],[-87.8236855266023,45.6538098493998],[-87.8234224719081,45.6535410581885],[-87.8233813388425,45.6533290771081],[-87.8237002040871,45.6532992785525],[-87.8239386226336,45.6531418117261],[-87.8236600165594,45.6530262333947],[-87.8231172817868,45.6530408070376],[-87.822880643277,45.6532229372662],[-87.8224576550639,45.653178946805],[-87.8220260818581,45.653231808789],[-87.821677276484,45.6533635997035],[-87.8216085435978,45.6534456391499],[-87.8214074767192,45.6534886387263],[-87.8212927574745,45.6534198219308],[-87.8214047221652,45.6532835885261],[-87.8214176343748,45.6531091548263],[-87.8215547272687,45.6529937824926],[-87.8216902724695,45.6529511446436],[-87.8218843742254,45.6530248647391],[-87.8221383631726,45.6529851333109],[-87.8225938760534,45.6530368357298],[-87.8230321271443,45.6529187009595],[-87.8233104997869,45.6529670621242],[-87.8236446873248,45.6528972342626],[-87.8238549860649,45.6529576589233],[-87.8239759110806,45.6527664047372],[-87.8243635023002,45.6523843045536],[-87.824315600205,45.6522348522158],[-87.8241373306061,45.6521066930297],[-87.8232658355357,45.6518802268119],[-87.8231904831355,45.6517888318793],[-87.8230353584199,45.6519209563508],[-87.8229068804298,45.6521205616219],[-87.8225878506833,45.6522052362334],[-87.8226722060655,45.6520022208904],[-87.8230128949363,45.6517416011564],[-87.8230382463335,45.6515889171342],[-87.8232715041002,45.6514233030652],[-87.8233145759181,45.6512140887178],[-87.8231973246823,45.650951321958],[-87.8232803415211,45.6507373526128],[-87.8231991490772,45.650646737108],[-87.8230659982751,45.6502818927075],[-87.82305408748,45.6497655740495],[-87.8228269426555,45.649217031556],[-87.8228113197582,45.649007385733],[-87.8228927937159,45.6488963314626],[-87.8231877530854,45.6487036644875],[-87.8233443829557,45.6484377575849],[-87.8236381048437,45.6483274213312],[-87.8240467334588,45.6482618877147],[-87.8240540932835,45.6481575078462],[-87.8238830994835,45.6480120834281],[-87.824037519616,45.6478587050374],[-87.82406575909,45.6477347846277],[-87.8239648414268,45.6474887775937],[-87.8237174984237,45.6473713278928],[-87.822606807302,45.6464185078717],[-87.8213480641319,45.6458439366226],[-87.8208808691953,45.6456716918195],[-87.8204255700833,45.6455945998148],[-87.8196601369436,45.6455739061999],[-87.8187649369163,45.6453515563386],[-87.8182880878721,45.6451225225425],[-87.8183297337767,45.6449894715372],[-87.8182891874598,45.644885170927],[-87.8178450303412,45.644879913799],[-87.817581653496,45.6448100361593],[-87.8172027792075,45.6445862936686],[-87.8166540592591,45.6443721174753],[-87.8161271561144,45.644106831668],[-87.8156121204745,45.6437247464006],[-87.8149281639921,45.6427465276683],[-87.8144973576695,45.6424886211125],[-87.8137600891143,45.6418864514456],[-87.8129332446551,45.6414167171235],[-87.810419116323,45.640266610208],[-87.8093612192301,45.6392716657768],[-87.8086647384986,45.6385062500282],[-87.8080303645335,45.6372404827152],[-87.8078837338587,45.6365445280356],[-87.8065962302495,45.6344591375124],[-87.8059390815403,45.6329083706771],[-87.8053009156356,45.6321584714879],[-87.8052856575482,45.6319275537077],[-87.8050138087776,45.6315010950984],[-87.8047454313336,45.6308482227501],[-87.8046768105197,45.6303869899179],[-87.8043918169042,45.6300073816147],[-87.8042208995303,45.6295875532722],[-87.8034814710033,45.6287878030861],[-87.8029847451836,45.6283902798978],[-87.8024379788692,45.6280477352454],[-87.8015114225581,45.6275383406969],[-87.7992373683499,45.6264699331639],[-87.7986214004098,45.6261325790666],[-87.7979401498402,45.6255273654458],[-87.7977082896316,45.625186686838],[-87.7965520230715,45.6241259557984],[-87.7958873309903,45.623364762843],[-87.795549454619,45.6228570101304],[-87.7954268767916,45.622264923375],[-87.7955625858525,45.6207941978949],[-87.7957501421704,45.6205765427482],[-87.7956236036866,45.6201964729364],[-87.7956309820789,45.6199384447431],[-87.795227500718,45.6192633593857],[-87.794698395263,45.6187658215351],[-87.793523226287,45.6179969382409],[-87.792481174841,45.6174417315087],[-87.7919694719487,45.6172325707737],[-87.7904174074058,45.6169025817914],[-87.788989225221,45.616689233694],[-87.7872641292252,45.616349778872],[-87.7863815434499,45.617295240568],[-87.7804760555678,45.6164397619151],[-87.780188383255,45.6157843878561],[-87.7807379253792,45.6152847672566],[-87.7805437301263,45.615143769216],[-87.7803759850203,45.6149358876167],[-87.7800450671607,45.6142093634071],[-87.7796349501004,45.6137596263335],[-87.7789941502654,45.6126618534387],[-87.7789496909744,45.6122153188563],[-87.7790052288804,45.6119016660289],[-87.7787569470727,45.6113766880477],[-87.7786221186105,45.6108849212619],[-87.7783447067176,45.6107356043214],[-87.7777216676415,45.6099496473234],[-87.7774543979282,45.609750096831],[-87.7769566362807,45.6092159764515],[-87.7769363365767,45.6089144818828],[-87.7771680570031,45.6085473210395],[-87.7769927272714,45.6084114983948],[-87.7771259143867,45.6078956557014],[-87.7772723455201,45.6077054242182],[-87.7775218438332,45.6077454301429],[-87.7776734438481,45.6076875033876],[-87.7777746037813,45.6070864181844],[-87.7776746161253,45.6067683333376],[-87.7772863686137,45.6064204505784],[-87.7772810380663,45.605635139793],[-87.7770931009257,45.6050701183223],[-87.7769628152337,45.6042579480414],[-87.7767147411478,45.6039538336889],[-87.7762336225301,45.6036348335266],[-87.7756165255513,45.6033419600182],[-87.7750489674934,45.6029776590933],[-87.7741073344816,45.6025883162612],[-87.7738986117737,45.6023226809771],[-87.773750429753,45.6019628155756],[-87.773851721161,45.6015812312025],[-87.7743715819933,45.6011176725802],[-87.7746639341578,45.600567112958],[-87.7747796977914,45.6000872128776],[-87.7752164176748,45.5993437134081],[-87.7753577104508,45.5992077530548],[-87.7752083387492,45.5986558468371],[-87.7752911676494,45.5982471106275],[-87.7752448832707,45.597895947631],[-87.7752813728786,45.5975976839199],[-87.7753329850266,45.5975303438533],[-87.7758667262032,45.5972291278165],[-87.7757420525171,45.5966857542482],[-87.7756312186928,45.5966415248799],[-87.7758196647482,45.5963902778782],[-87.775966616554,45.5960628531524],[-87.7758945010512,45.5958835773636],[-87.7758783368511,45.5955888773236],[-87.775990146027,45.5954106841946],[-87.7764466698469,45.5951710315867],[-87.7764760116364,45.5948941428463],[-87.7766598052728,45.5946505122265],[-87.7766367364279,45.5944773310435],[-87.7767075053526,45.5943980305982],[-87.7768344378643,45.5943644972815],[-87.7768863693589,45.594276572601],[-87.7768439423933,45.5941400479537],[-87.7767888423455,45.5941587419057],[-87.7767892320979,45.5937698108381],[-87.7767033164237,45.5937101032255],[-87.7767638531587,45.5935133626473],[-87.7765155477381,45.5934164042519],[-87.7762866449482,45.5930063562733],[-87.7762987985271,45.5928655504109],[-87.7761838281994,45.5926903719984],[-87.7760648209141,45.5926346096965],[-87.7762241934241,45.592514829468],[-87.7764189587797,45.5924946431657],[-87.7763975193095,45.5923111466114],[-87.7764912905203,45.5920943008392],[-87.7765320662602,45.5920552524869],[-87.7767349459519,45.5920445421146],[-87.7768446643173,45.5919303372136],[-87.7767335352444,45.5915987066497],[-87.7767550837162,45.5914152253873],[-87.7766091708134,45.5910340651713],[-87.7761379723012,45.5904226035954],[-87.7760429359365,45.5899357985854],[-87.7760437211559,45.5896209420945],[-87.7759854367977,45.5895388531572],[-87.7758817344434,45.5895034299947],[-87.7758751400868,45.5893567431223],[-87.7761569575729,45.5889695963436],[-87.7762291554643,45.5885960075989],[-87.7762006483792,45.5883394721135],[-87.7766844103018,45.5879166902732],[-87.7767556267051,45.5878826543568],[-87.7768876872606,45.5879190060956],[-87.7769433899245,45.5878577747955],[-87.7772275602035,45.5877922912888],[-87.7776624921649,45.58748986542],[-87.7789517353249,45.5869251005135],[-87.7795397859164,45.5865115503154],[-87.77945931622,45.5831702428806],[-87.776541951058,45.5868144521415],[-87.7760306758276,45.5875447157911],[-87.7755169720987,45.5885692811722],[-87.7753299049957,45.5892958589678],[-87.7748956534975,45.5898678377749],[-87.7742815201339,45.5909618707724],[-87.7738261785117,45.5922893879993],[-87.7733499823854,45.5940088956921],[-87.7732025198164,45.5950627297284],[-87.773245690932,45.5963982575061],[-87.7734535562734,45.5971941343089],[-87.773569951013,45.597939989413],[-87.7741326027152,45.5989237722571],[-87.7742250811163,45.5994381548633],[-87.7740188558114,45.6003330819374],[-87.77374572606,45.6009164543065],[-87.773114484415,45.6019563667854],[-87.7728634140266,45.6028245524232],[-87.7728704164298,45.6049947387826],[-87.7727793412384,45.6060428527041],[-87.7727525780818,45.6076367329023],[-87.7725633772243,45.6112682676483],[-87.7726412820256,45.6116923341412],[-87.7727363778167,45.6118252967671],[-87.7729756388323,45.6119738494183],[-87.7743925346818,45.612459375478],[-87.7750760506598,45.6125934563182],[-87.7762937791068,45.6126526671254],[-87.7770616628726,45.6127655281258],[-87.7777640781228,45.6130021887143],[-87.7782513213428,45.6132957066159],[-87.7793214680035,45.6141247496525],[-87.7797058570958,45.6145337339258],[-87.7801959627656,45.6159637920119],[-87.7805012135013,45.6173714079964],[-87.7806986656797,45.6176839571982],[-87.7840797889689,45.6190028914673],[-87.7884681946016,45.6208258516432],[-87.7923931380969,45.6220469506659],[-87.7940597408124,45.6248783242476],[-87.798939065073,45.6292800200245],[-87.7988631667001,45.6359388102862],[-87.8040224011156,45.6358645606418],[-87.8040435314352,45.639505395316],[-87.8092205279273,45.6394555578712],[-87.8092522244484,45.6429819817321],[-87.8144143147812,45.6428875308979],[-87.814446929757,45.6464782167459],[-87.8188374938121,45.6463957980337],[-87.818937684255,45.649936459966],[-87.8144602829295,45.6500467252359],[-87.8144915658872,45.6536442852035],[-87.8093327134792,45.6537611436937],[-87.8093632311586,45.6573483973307],[-87.7990439556081,45.6575613055346],[-87.7785724400354,45.6578911845445],[-87.7787331377233,45.6649810434027],[-87.7889176018406,45.6648387912658],[-87.7889572387184,45.6684341422108]]],[[[-87.79913385465,45.7045548098147],[-87.7992103430254,45.7117978903808],[-87.8095443596577,45.7117862082075],[-87.8096115059118,45.7154057239717],[-87.814778850445,45.7153995118001],[-87.8148463437765,45.7190190146747],[-87.8194484388881,45.7190132608718],[-87.8193898841711,45.7227808834798],[-87.8401141237956,45.722749136833],[-87.8453556304986,45.7226616132878],[-87.8447326261709,45.7222675447185],[-87.8444840135302,45.7219450644121],[-87.8437264278495,45.7213928018681],[-87.8433480556202,45.7209955942324],[-87.8428579378051,45.7206543815262],[-87.8415251854925,45.7199124842387],[-87.8406268582731,45.7195154398794],[-87.8403763151903,45.7193116483442],[-87.8399803344982,45.7190923716437],[-87.8398107417985,45.7189380306463],[-87.8388263576806,45.7183352090062],[-87.8385730018241,45.7181348885974],[-87.8365498248456,45.71717840039],[-87.8355225728777,45.7169082337961],[-87.8352354993669,45.7167839018156],[-87.8349624227157,45.7167279378928],[-87.8340515026661,45.7164215869382],[-87.8336746142956,45.7161560235928],[-87.8321423405949,45.7156531896813],[-87.8315901895368,45.7152978357474],[-87.8316144350037,45.7152309105145],[-87.8315572718669,45.7151598064802],[-87.8312512239853,45.7150176994077],[-87.8308219167272,45.7149507536342],[-87.83023361601,45.7149862706371],[-87.830060795688,45.7151509266788],[-87.8293852201759,45.7152125354927],[-87.8280797930044,45.7154166316026],[-87.8277994531961,45.7155274486365],[-87.8276448445348,45.7155306146574],[-87.8272926740325,45.7154210264015],[-87.8270743818099,45.7152132597991],[-87.8265435768064,45.7149707180361],[-87.8258002382287,45.7148763123309],[-87.8256653628405,45.7144641694323],[-87.8254945278947,45.7143900821654],[-87.8252491103674,45.7144008731877],[-87.825117696642,45.7143645660612],[-87.8250325843604,45.714186900119],[-87.8247465386601,45.714002850081],[-87.8244804030948,45.7137087304365],[-87.8243952883503,45.7135008839409],[-87.8245031014769,45.7132940629094],[-87.8244942042233,45.7131714234807],[-87.8241833347389,45.7130666517697],[-87.8239695869954,45.7129075068154],[-87.8235674722382,45.7128570108565],[-87.8229236362323,45.7130806392611],[-87.8220079146636,45.7131638793939],[-87.8219236449543,45.7131919782677],[-87.8217776961163,45.7133705964996],[-87.8216012677641,45.7134852241981],[-87.82089610089,45.7135698913447],[-87.8205428354607,45.7137868034459],[-87.8203839004386,45.7138373580335],[-87.8198193110971,45.7138491205226],[-87.819498084078,45.7137568481998],[-87.8190339423119,45.7135454466691],[-87.8186978405713,45.7129355290714],[-87.8182713199801,45.7127365566643],[-87.8176357618379,45.7126431204751],[-87.8172190896194,45.7126566259433],[-87.816187948861,45.7125928125824],[-87.8156128682797,45.7124318665849],[-87.8150560311179,45.7124105571726],[-87.8131474541005,45.7121309020374],[-87.8124622070144,45.7118633159315],[-87.8122559936285,45.7116635592651],[-87.8118623089841,45.7115099980681],[-87.8109176057342,45.7113631356362],[-87.8091335737619,45.710754930323],[-87.8087908794436,45.7106032926444],[-87.808311008532,45.7102363898796],[-87.8079711700657,45.7100517788132],[-87.8074142146135,45.7093897730115],[-87.8071961389359,45.7089432600986],[-87.8070545141969,45.7087719647119],[-87.8063730198676,45.708254602669],[-87.805171795267,45.7076199463702],[-87.8042226049326,45.7067851096175],[-87.8039014405492,45.7062417007575],[-87.8040266923436,45.7059968971207],[-87.8039685237031,45.70583250863],[-87.8040461358125,45.7055980622454],[-87.8040298995603,45.7053678463726],[-87.8041469548054,45.7051725594176],[-87.8041306367601,45.7045492980507],[-87.79913385465,45.7045548098147]]],[[[-87.7940298299265,45.6936885725036],[-87.7940491145027,45.6991258846804],[-87.7991200330661,45.699154274996],[-87.7991238344263,45.7009312837034],[-87.8062612222498,45.700923340135],[-87.8071179902043,45.700730147461],[-87.8080115643448,45.700633659418],[-87.8084395711539,45.7004889935556],[-87.8078645642647,45.7003863119442],[-87.8076652029051,45.7002756104263],[-87.8072267712471,45.7001476971428],[-87.8070532947796,45.7000503026113],[-87.8068858787383,45.6998677552728],[-87.8065490798876,45.699744826745],[-87.8062214438001,45.6993295441656],[-87.8060891841612,45.698719788812],[-87.8059648065975,45.698505690965],[-87.8059654096441,45.6983424296589],[-87.8053415258504,45.6976039636943],[-87.8051309454679,45.6972663912594],[-87.8050663789116,45.6968428224783],[-87.8046033872172,45.6962664270221],[-87.8040835287905,45.6958082253893],[-87.8030122306775,45.69527780933],[-87.8024425003734,45.6948203894763],[-87.8019327465119,45.6945533931669],[-87.8011728877767,45.6939967700259],[-87.8006001026541,45.693686864602],[-87.7988525315235,45.6929736626196],[-87.7977145279239,45.6924353321146],[-87.7970648341187,45.692106731357],[-87.7968230687432,45.6918931032767],[-87.7950627965757,45.691116251146],[-87.7932732269068,45.6902177372849],[-87.7913759682347,45.6894999175836],[-87.790779925698,45.6893775878481],[-87.7897696812104,45.689095767925],[-87.7884800630091,45.6883710960404],[-87.7877838155886,45.6877461643137],[-87.7867965988729,45.6872033012189],[-87.7859325693448,45.6867785375073],[-87.7852993599136,45.6865482334404],[-87.7845596021169,45.6863677611674],[-87.7839044488963,45.6860474014295],[-87.7830632629129,45.6853554312988],[-87.7828774240003,45.6851436422897],[-87.7825116879748,45.6845992475027],[-87.7819596198573,45.6832993534504],[-87.7815652098161,45.6828987636607],[-87.7814427660502,45.6826798085429],[-87.7809680101162,45.6823065383234],[-87.7807632607942,45.6820253016182],[-87.7799721942468,45.6820258655284],[-87.7799718444993,45.6824428466231],[-87.7790416742342,45.6824435022403],[-87.7792250163671,45.6828456506748],[-87.7788172455175,45.6828459362549],[-87.7788186652916,45.6973347308013],[-87.7889662427274,45.6973217005032],[-87.7889558634741,45.6936926847266],[-87.7940298299265,45.6936885725036]]],[[[-87.9478560682975,45.7608296467473],[-87.9478753315176,45.7616539629479],[-87.9643924073037,45.7617735712356],[-87.9640070626211,45.7613076767142],[-87.9637814567778,45.7612182778229],[-87.9634606326572,45.7609850993117],[-87.9632945426324,45.7607766920351],[-87.9634843891485,45.7601560732442],[-87.9640222876044,45.759651550952],[-87.9640625002065,45.759541107272],[-87.963998257231,45.7594420674999],[-87.9637266390045,45.759242339418],[-87.9629872629024,45.7588942759301],[-87.9618018110933,45.7584846098949],[-87.9616821595492,45.7583981839253],[-87.961591406319,45.7582138558713],[-87.9614422533679,45.758124507901],[-87.9609305091898,45.7580626654121],[-87.9603192253558,45.7579010133875],[-87.9600412600547,45.757743228132],[-87.9595375103644,45.7575461116651],[-87.9589303580972,45.7575298013077],[-87.9575619185273,45.7578523924424],[-87.9568693894967,45.7581681618557],[-87.9554454460389,45.7585575317235],[-87.9545091435682,45.7586847204333],[-87.9541006731168,45.7588296010148],[-87.9533136789013,45.7589391281435],[-87.9528063351129,45.7589190158538],[-87.9522238569274,45.7588240494822],[-87.9516283414755,45.7585523310857],[-87.951310086073,45.7584747827739],[-87.9512099136893,45.7583564590035],[-87.9511125943563,45.7583197130747],[-87.950561344931,45.7582207737016],[-87.9503966234275,45.7582462297082],[-87.949433126412,45.7580157807954],[-87.9489736906634,45.7580764584298],[-87.948823732861,45.7581318409187],[-87.9484520739483,45.7580963553388],[-87.9481361862814,45.7579460490057],[-87.9478683761187,45.7576570451593],[-87.9468179696515,45.7572099313343],[-87.9463377052509,45.7571227913735],[-87.9455824387793,45.7571020803811],[-87.9456308342346,45.7572816559033],[-87.9455099222175,45.757495676737],[-87.9452719867948,45.7575854818698],[-87.9450446813054,45.7577834842872],[-87.9447522103499,45.7578831365383],[-87.9442347518589,45.7578535554618],[-87.9438694716304,45.7579729682273],[-87.94323336287,45.7580256617229],[-87.9427870139898,45.7579838861498],[-87.9423953483455,45.7578520045198],[-87.942356216113,45.7579665375044],[-87.9425700415047,45.7581693595475],[-87.942579926732,45.7582563061335],[-87.9424510493014,45.7584107818562],[-87.9422049345545,45.7585192402964],[-87.9413110743145,45.7585996384277],[-87.9411068106255,45.7586717125491],[-87.9410505116724,45.7586308294461],[-87.9410609095301,45.7585353068207],[-87.941335619683,45.7584037276605],[-87.9411854028768,45.7582828181599],[-87.940713477269,45.7581536691369],[-87.9405263140678,45.7582666072532],[-87.9402992933728,45.7583190771764],[-87.9403723321871,45.7608110366114],[-87.9423368885354,45.7607892926207],[-87.9478560682975,45.7608296467473]]],[[[-87.7889572387184,45.6684341422108],[-87.7787549321505,45.6685427467964],[-87.7787767367763,45.6721044431641],[-87.7838868129023,45.6720670851615],[-87.7838878408216,45.6721868072702],[-87.7851788000061,45.6720229874683],[-87.7857761193434,45.672130235286],[-87.7858991571921,45.672091952242],[-87.7860841776994,45.6718496607569],[-87.7864945913088,45.6715880582893],[-87.7867070064383,45.6715298526184],[-87.7870418696018,45.671537633078],[-87.7876905082838,45.6713216771094],[-87.7881189592273,45.6712882017451],[-87.7885237345395,45.6713099709733],[-87.7886767575898,45.6713528399966],[-87.7889914332888,45.6715354040052],[-87.7889572387184,45.6684341422108]]]]},"properties":{"NAME":"Menominee River Recreation Area","CreatedUser":"MichiganDNR"}},
{"type":"Feature","geometry":{"type":"MultiPolygon","coordinates":[[[[-84.4655587712035,45.5259159628966],[-84.4656060877182,45.5261719762093],[-84.46777110545,45.5261440344282],[-84.4678625866449,45.5258551346651],[-84.4677092700164,45.52588652188],[-84.4672230987267,45.5256425338028],[-84.4669497881962,45.5251501843593],[-84.4666415585485,45.5248665632636],[-84.4666006579428,45.524755416581],[-84.4662458199727,45.5243914362014],[-84.4660195412973,45.5239194323929],[-84.4658950940488,45.5237857339057],[-84.4657056771848,45.5233939574383],[-84.4653328422367,45.5228393988054],[-84.4652898443192,45.5226707809626],[-84.4650941061294,45.5224675375302],[-84.4650136029436,45.5220626433964],[-84.4650122922926,45.5216159407905],[-84.4650645780897,45.5214417397899],[-84.465019827954,45.5212928171085],[-84.4655240516514,45.5196079959171],[-84.465978450109,45.518861314642],[-84.4661448301523,45.5186620612048],[-84.4663383568622,45.5185411908506],[-84.4661620105428,45.518477958421],[-84.4662059633886,45.5182059062976],[-84.4662934469829,45.5180827592691],[-84.4665104833662,45.5179493423117],[-84.4666260243839,45.5176456679848],[-84.4669429777192,45.5171097690452],[-84.4673907255078,45.5165173183873],[-84.4676685687449,45.5163898563191],[-84.4677249381941,45.5164249042115],[-84.4677791576699,45.5164041954103],[-84.4682532364178,45.515820885567],[-84.4667825072168,45.5151025639455],[-84.4626665693357,45.5143105480393],[-84.4627753610948,45.5109011722854],[-84.4590442277363,45.5107356328614],[-84.4591066866751,45.5088072804108],[-84.4576908838267,45.5087418814759],[-84.457458591539,45.5159833633663],[-84.4589265561042,45.5169214131276],[-84.4603015677665,45.5179610992014],[-84.461329825219,45.5188846507515],[-84.4625174464743,45.5201300104466],[-84.4636853393945,45.5217651239991],[-84.4642229319335,45.5226863957103],[-84.4646486418617,45.5236106316453],[-84.464857313814,45.5236195641975],[-84.4653832477919,45.5251768601553],[-84.4655587712035,45.5259159628966]]],[[[-84.4602044905189,45.5234202927877],[-84.4642331323275,45.5235928430865],[-84.4638355277446,45.5227362900263],[-84.4633293708507,45.5218757887429],[-84.462338807292,45.5204670906364],[-84.4617706859608,45.5198125456554],[-84.4601215047058,45.5197464549282],[-84.4602044905189,45.5234202927877]]],[[[-84.4645245777511,45.5254407126099],[-84.4645308504078,45.5257826297612],[-84.464741922256,45.5257867016405],[-84.464659237652,45.5254420967987],[-84.4645245777511,45.5254407126099]]],[[[-84.4645379040879,45.5261672055766],[-84.4648191378313,45.5261753152619],[-84.4647512746773,45.5258309963263],[-84.4645316593896,45.5258267596228],[-84.4645379040879,45.5261672055766]]]]},"properties":{"NAME":"Aloha State Park","CreatedUser":"MichiganDNR"}},
{"type":"Feature","geometry":{"type":"MultiPolygon","coordinates":[[[[-84.1479357828953,42.1431344275519],[-84.1476434123205,42.1291807859477],[-84.1462952577906,42.129539724372],[-84.1450864215728,42.1297752110357],[-84.1432001781941,42.129941537103],[-84.1429074788051,42.1299500854232],[-84.1428939235285,42.1293898480857],[-84.1476281595379,42.1283211613337],[-84.1476091618794,42.1272504327275],[-84.1428466464541,42.1274358784781],[-84.1427271741059,42.1216866217157],[-84.1379383677397,42.1219570807248],[-84.137924580167,42.1212443050099],[-84.1378519607059,42.1212413483013],[-84.1376334719978,42.1210334723931],[-84.1372703173515,42.120577766227],[-84.1368786562564,42.1203412522834],[-84.1369780939324,42.1198340703274],[-84.1368962098527,42.1197211505059],[-84.1367318758703,42.1196669178006],[-84.1364096690236,42.1198408694908],[-84.1361985081077,42.1201925842381],[-84.1358044218562,42.1203421642389],[-84.1356224441187,42.1203760169063],[-84.1351077970165,42.1203193527338],[-84.1347329564361,42.1203276669906],[-84.1344454646074,42.1207639102128],[-84.1342792414029,42.1212682550594],[-84.1342390450199,42.122064743618],[-84.1340582050996,42.1224040914355],[-84.133988907955,42.1226758015514],[-84.1339659842398,42.123129344998],[-84.1338843327501,42.1235046766613],[-84.1339141410892,42.1236244497798],[-84.1337700763729,42.1241960962152],[-84.1337022739741,42.1241511981118],[-84.1335130625374,42.124538458435],[-84.1334863585117,42.1248881090106],[-84.1332079794122,42.1252507067351],[-84.1332116880706,42.1255334244959],[-84.1333387309958,42.1260732257301],[-84.1337404409201,42.1264738136476],[-84.1337783404553,42.1265928645775],[-84.1337424530056,42.1267123951867],[-84.1335723360495,42.1268871699238],[-84.1333757786195,42.127517143845],[-84.133271306065,42.1275840055173],[-84.1335361786631,42.1369160167631],[-84.1382929091696,42.1365850017751],[-84.1384963439587,42.1449513550269],[-84.13905318155,42.1450538330555],[-84.1394828072928,42.1451837102768],[-84.1420060900385,42.1463181330448],[-84.1432724950705,42.1467096586511],[-84.143203915716,42.1434931448955],[-84.1479357828953,42.1431344275519]]],[[[-84.1572430861208,42.1283072393503],[-84.1573170767185,42.1319350006515],[-84.1669739715574,42.1318045912681],[-84.1669125994823,42.1281955860806],[-84.1620702122984,42.1282581432959],[-84.1620030972014,42.1250393908274],[-84.1650063624768,42.1241589420789],[-84.1649142870406,42.1238916369202],[-84.1499784574082,42.1282102243918],[-84.1499842898539,42.1285033148137],[-84.1572046927803,42.1264247303141],[-84.1572430861208,42.1283072393503]]]]},"properties":{"NAME":"Watkins Lake State Park and County Preserve","CreatedUser":"MichiganDNR"}},
{"type":"Feature","geometry":{"type":"Polygon","coordinates":[[[-87.3740777967639,45.4070941749177],[-87.3741626559765,45.4034415949523],[-87.374068366988,45.3926990989213],[-87.3689414202636,45.3927555602533],[-87.3689182269375,45.3892202273817],[-87.3740376988873,45.3892709433526],[-87.3740687097829,45.3854957620034],[-87.3791866356129,45.3854125938967],[-87.3792574329006,45.3773225586375],[-87.3786443275399,45.3777969600518],[-87.3776249978056,45.3783439164555],[-87.3775248400576,45.3783782836944],[-87.3773453709672,45.378358861252],[-87.3772113507395,45.3782948916462],[-87.3769554880816,45.3783259661763],[-87.3768658574621,45.3784589939585],[-87.3768816173298,45.3787442190539],[-87.3763260791586,45.3791857840868],[-87.3759653565704,45.3793610748698],[-87.3756175802957,45.3794428531122],[-87.3753371592964,45.3794303718697],[-87.3751368770677,45.3793780739777],[-87.3749019729476,45.3791941929066],[-87.3744475610023,45.3790952689259],[-87.3744566055643,45.3792272640952],[-87.3745224949381,45.3793112300285],[-87.3748020485447,45.3794827591549],[-87.3746885400128,45.3795733345954],[-87.3745158585304,45.379602072679],[-87.3743175058204,45.3795203624332],[-87.3741420506982,45.3792909765729],[-87.3739929475444,45.3793147836255],[-87.3738489071459,45.3793936382867],[-87.3736548283062,45.3796963844435],[-87.3737967422748,45.3799743712799],[-87.3732072201835,45.3805584827822],[-87.3727060607587,45.3812227055378],[-87.3724230788063,45.3814562948477],[-87.3721494888774,45.3819492773112],[-87.3720683656284,45.3824853951256],[-87.3715432046668,45.383027141155],[-87.371400399072,45.383237783204],[-87.3712368812302,45.3838652292036],[-87.3707889516681,45.3847328205522],[-87.3705025595264,45.3855535823912],[-87.3703059469784,45.3858356475511],[-87.3697698084318,45.3862837697982],[-87.3689361795968,45.3872119233363],[-87.3686756967978,45.3873057795167],[-87.3681299847923,45.3876328714182],[-87.3666125745282,45.3880844543419],[-87.3661709493519,45.3881414228282],[-87.3657876934169,45.3883882395694],[-87.3654071747087,45.3883679404947],[-87.3652176775025,45.3882644763915],[-87.3650149266147,45.3882704910062],[-87.3646726165193,45.3884213492316],[-87.3644533625238,45.3886026700066],[-87.3641947977577,45.3889477515085],[-87.3637558273084,45.3897880654353],[-87.3633271264896,45.3902662473492],[-87.3629881820137,45.3908180174455],[-87.3615699127007,45.3938086887788],[-87.3612443555176,45.3954973657413],[-87.3604465729146,45.3975972569684],[-87.3595208078094,45.4005450724408],[-87.3594719697846,45.4013675033379],[-87.3593449197624,45.4015730402933],[-87.3592629301586,45.4022793363345],[-87.3592587976013,45.402674564424],[-87.3593813164564,45.4030289772895],[-87.3593567143171,45.4032095677445],[-87.3590204780635,45.4035960449455],[-87.3586854245358,45.4041759722924],[-87.3581431308047,45.4048984304046],[-87.3571919105544,45.4056987252265],[-87.3559311308356,45.4064584716599],[-87.3555639659801,45.4066361326908],[-87.3548778422136,45.4068059901994],[-87.3544795633065,45.4069828943991],[-87.3539885701125,45.4073002927816],[-87.3528688069648,45.4075747885083],[-87.3524234694069,45.4076022740514],[-87.3517634141539,45.4077178205353],[-87.3516269434472,45.4076430974148],[-87.3513780790378,45.407324010668],[-87.3512491302863,45.4072549498785],[-87.3511447082604,45.4073182654409],[-87.3512199469076,45.4076825202715],[-87.3513005780181,45.407783327767],[-87.3516246691865,45.4079999497563],[-87.3517951969781,45.4083280959099],[-87.3518117775389,45.4086195042629],[-87.3517324114447,45.4088042525665],[-87.3518376085483,45.40903743917],[-87.3517979725105,45.409206689613],[-87.352036811346,45.40935081326],[-87.3533367232224,45.4097197463902],[-87.3545560492832,45.4088637018465],[-87.3551527500386,45.4092616935978],[-87.3578942643707,45.4073368057356],[-87.358510978961,45.4073221174052],[-87.3581714029998,45.4075668249317],[-87.3585991322086,45.4078471027489],[-87.3592156033996,45.4073047465288],[-87.3636491044639,45.4071954440212],[-87.3636085358901,45.4109034947377],[-87.3688653434555,45.4107674256932],[-87.3689381760207,45.4070642845214],[-87.3740777967639,45.4070941749177]]]},"properties":{"NAME":"J.W. Wells State Park","CreatedUser":"MichiganDNR"}},
{"type":"Feature","geometry":{"type":"MultiPolygon","coordinates":[[[[-84.8784057624057,45.7562585460836],[-84.8785411884953,45.7564224867972],[-84.8787278857762,45.7562456254717],[-84.8792939183329,45.7562587230287],[-84.880798366857,45.756551765686],[-84.8826865891582,45.7567216801821],[-84.8831570508986,45.7566199836055],[-84.8839239866305,45.7563188182575],[-84.8843632476466,45.7562392825109],[-84.8847307984399,45.756072299157],[-84.8847836800082,45.7558797656845],[-84.8847256659819,45.7556109992236],[-84.8848559947135,45.7553136391966],[-84.8850046495653,45.7552523346487],[-84.8852477320764,45.7552014299826],[-84.8860336327185,45.7551966894861],[-84.8862400378943,45.7553821781657],[-84.8866425043099,45.7555280213213],[-84.8868370783487,45.7553565885278],[-84.8877032185753,45.7540881812501],[-84.887685178984,45.7538796037017],[-84.8875255003061,45.7536553821943],[-84.8875059161633,45.7533095164423],[-84.8876219704076,45.7531440457197],[-84.8879564068439,45.7528289706643],[-84.8890011779462,45.7520812160647],[-84.8893669998771,45.7517604504537],[-84.8901471979003,45.7512504489578],[-84.890496629159,45.7508748715076],[-84.8912922332498,45.7503372843141],[-84.8916813526846,45.7499944135639],[-84.8943293651839,45.7488460386747],[-84.8960630256684,45.7479930526754],[-84.897122054056,45.7476059434162],[-84.9015755876827,45.7467948593753],[-84.9034200401596,45.7466109508266],[-84.9039343729888,45.7465862328616],[-84.9045390502118,45.7466298797106],[-84.9057667291051,45.7468096708603],[-84.9058068744061,45.7447479537047],[-84.9075549360785,45.7447863980745],[-84.9075148357533,45.7473623264857],[-84.9077713564174,45.747505422225],[-84.9081030786034,45.7482024247552],[-84.9082840000546,45.7483734572397],[-84.9087680488157,45.7486750419526],[-84.9093631231415,45.7491890204175],[-84.9093982263026,45.7448269088264],[-84.9147220191476,45.7449433609028],[-84.9147329092656,45.7485674904438],[-84.9196531376646,45.7485697105716],[-84.9195966263715,45.7521987861418],[-84.9183035398106,45.7521969507527],[-84.9183129539318,45.7515934990222],[-84.9179211183257,45.7515929392679],[-84.9179117000233,45.7521963900258],[-84.9152061474089,45.752192492996],[-84.9152082892835,45.7526214248693],[-84.91592739844,45.7528099875509],[-84.9166223537107,45.7530966875197],[-84.920367763248,45.7548085219853],[-84.9213010519665,45.7553078707364],[-84.9232846768848,45.7562289253716],[-84.9240590802762,45.7565809802507],[-84.9253855320755,45.7570887763297],[-84.9262997282008,45.7572971284004],[-84.9275984223777,45.7574480952994],[-84.9284258652245,45.7576295301977],[-84.9323598862704,45.7586258028555],[-84.9329831360977,45.7588194960759],[-84.937159793515,45.7597151702305],[-84.938670963796,45.7598811258462],[-84.9414764912986,45.7591818601561],[-84.9432249671321,45.7588244426979],[-84.9450547858014,45.7586916524754],[-84.9456444292922,45.7587042706515],[-84.9466257467658,45.7586044703765],[-84.9475382485692,45.7586643850732],[-84.9481080132561,45.7589791771602],[-84.948618823725,45.7589703215743],[-84.9493409046291,45.7588831957727],[-84.9502131645527,45.7588664569899],[-84.9509684156175,45.758921894142],[-84.9528137800663,45.7587778972691],[-84.9536848565661,45.758662285862],[-84.9545724225653,45.7586124707392],[-84.9556823001797,45.7587423918955],[-84.9578362234386,45.7587610348402],[-84.9606787846104,45.7585333749087],[-84.962594012635,45.7583228523734],[-84.964334351009,45.7579541905215],[-84.9651668411096,45.7578991611003],[-84.966196344984,45.7578867448702],[-84.9668336434031,45.7579373803429],[-84.9675037591823,45.7580976264921],[-84.9687705788399,45.758204412177],[-84.9696456014978,45.7584071981385],[-84.9700260263094,45.7586572626676],[-84.9708383336637,45.7588714488632],[-84.9729368903327,45.7588627226836],[-84.9743134125293,45.7589412315265],[-84.9746211833415,45.7590380049485],[-84.975077872967,45.7591008022705],[-84.9756356977221,45.7590805223038],[-84.9763497952189,45.7589877810826],[-84.9770474122203,45.7588347360379],[-84.9774248084151,45.7588431475357],[-84.978758103951,45.7592294682275],[-84.9790195626364,45.7593924413067],[-84.9793113537016,45.7594673369767],[-84.9790962711498,45.7592436330562],[-84.9781809222888,45.7589643016569],[-84.9774163202712,45.7587937723786],[-84.9767943670853,45.7587156381776],[-84.9763305873957,45.7587133082018],[-84.9747607873374,45.7588887690269],[-84.9744617054872,45.7588578512736],[-84.9742957439975,45.7587875840748],[-84.9741670724934,45.7585577854731],[-84.9742133940754,45.7584915651285],[-84.9750850949242,45.7584307153752],[-84.9759616534543,45.758133664342],[-84.9766694955186,45.7581672826933],[-84.9773686982336,45.7581405440444],[-84.979056229259,45.7579532605885],[-84.980109034774,45.7579185944096],[-84.9805836157735,45.7581515001657],[-84.9816771504951,45.7588414988017],[-84.9818975595654,45.7588674384645],[-84.9830332418763,45.7585520859077],[-84.9847439935191,45.7583371000251],[-84.9860303242394,45.7581250235372],[-84.9863604784261,45.75812823152],[-84.9868625675228,45.7580533655363],[-84.9872788930719,45.7580340155563],[-84.9877301397613,45.7582835361861],[-84.988303590627,45.7582575967773],[-84.9889179158932,45.7583522018542],[-84.9890248104191,45.7581098024285],[-84.9892336048453,45.7578447335674],[-84.989242293969,45.7573009608016],[-84.9894421544659,45.7569535659884],[-84.989463885723,45.7568106271255],[-84.9892747708344,45.7567734926137],[-84.9886701073745,45.7568161272201],[-84.9885283511186,45.7567951335803],[-84.9883776060616,45.7566863350836],[-84.9884035129006,45.7562577741543],[-84.9885251368831,45.7559383923714],[-84.9886812520942,45.75585492146],[-84.9890107713851,45.7558087096975],[-84.989048935719,45.755720567056],[-84.9886101500893,45.7552183343443],[-84.9885675158599,45.7549604962873],[-84.9884958631958,45.7548895946225],[-84.9884856616495,45.7547084276446],[-84.9885553307834,45.7546255595888],[-84.988704075265,45.7545805997307],[-84.9889919462732,45.7543534284549],[-84.9889396871283,45.7539583529207],[-84.9887813659598,45.753871579759],[-84.9885696017659,45.7539059943953],[-84.9884762924586,45.7539835305807],[-84.9886445181317,45.7542295117717],[-84.9885141119159,45.7544775573742],[-84.9881343553287,45.7548921002027],[-84.9882623690345,45.7550669609448],[-84.9881321749839,45.755331486973],[-84.987976192901,45.7554259353534],[-84.9878721140987,45.7552783593915],[-84.9879006415635,45.7550529911063],[-84.9878606397547,45.7549983455737],[-84.9875925887117,45.7549342966175],[-84.9873357929663,45.7551337844356],[-84.9872706477575,45.7549584939752],[-84.9871761373247,45.754942661517],[-84.9871117776586,45.7554373960288],[-84.9868294126067,45.7554832859838],[-84.9865820339102,45.7551939105755],[-84.9864603328116,45.7548981810148],[-84.9866318872329,45.7547926506323],[-84.9869302451776,45.7547686163718],[-84.9869208944832,45.7546533441545],[-84.9868253066364,45.7545551444538],[-84.9868389787715,45.754395784361],[-84.9865808371316,45.7544909381305],[-84.9860198771616,45.7542641379621],[-84.9858448671812,45.7541005798951],[-84.9858811219159,45.753864165732],[-84.985634658178,45.7542558069264],[-84.9854943233548,45.7543446545248],[-84.9851647522282,45.7543853744437],[-84.9852003634607,45.7540995338732],[-84.9853082745797,45.7539340227634],[-84.9852297498381,45.7539400638838],[-84.9851890434624,45.7538304981041],[-84.9852337246929,45.7536379643201],[-84.9849385513007,45.7539091136249],[-84.9847490909675,45.7538445133952],[-84.9848183485162,45.7537287038445],[-84.9845287041251,45.7538185703729],[-84.9844724108532,45.7537200996737],[-84.9845480302262,45.753488908746],[-84.9849137229735,45.7532007975747],[-84.9854820302771,45.7533891037702],[-84.9857405965225,45.7533269062021],[-84.9857073194741,45.753184344777],[-84.9854859254003,45.7530815194299],[-84.9854998801975,45.7529441205074],[-84.9858180491823,45.7526288781694],[-84.9856964906964,45.7523441267987],[-84.9857086831679,45.7520694335554],[-84.9855192985071,45.7520103273552],[-84.9851404434231,45.7524962489731],[-84.9849073033929,45.752701066913],[-84.9848339510968,45.7524983622328],[-84.9845778030022,45.7527472698126],[-84.9844510734683,45.7526712518654],[-84.9843444702536,45.7523259879731],[-84.9844062754676,45.7522431822485],[-84.9849383226315,45.7520582663096],[-84.9851489578609,45.7519359960491],[-84.9847468966317,45.7518399080017],[-84.9846328577129,45.7515276364046],[-84.9843272914557,45.7516011369741],[-84.9841170876526,45.7517563685797],[-84.9840588003503,45.7521137581951],[-84.9838939199402,45.7521258808083],[-84.9837441162864,45.7520884675935],[-84.9838829553247,45.7518843004173],[-84.9838743192053,45.7518239472938],[-84.9835220302049,45.7519307210065],[-84.9830623189214,45.7522414483866],[-84.9827829325626,45.752517968937],[-84.9824534965873,45.7525696593336],[-84.9824506152275,45.7523445100031],[-84.9827457181407,45.7520678733362],[-84.9832163133421,45.7519932429375],[-84.9834571139119,45.7517718940258],[-84.9830460808984,45.7515879886876],[-84.9826449327449,45.7515632935322],[-84.9821764505961,45.7518026661447],[-84.9821202711605,45.7523248019446],[-84.9819219286598,45.7527930002126],[-84.9816262445873,45.7530256953032],[-84.9812966085967,45.7530609114439],[-84.9803052220928,45.7529743485292],[-84.9800341628417,45.752674138177],[-84.9798148248412,45.7527305610047],[-84.9797606555043,45.7527968353105],[-84.9798716514753,45.7528729639979],[-84.9802190514871,45.7529969070062],[-84.9802859856926,45.7533149846107],[-84.9802154099086,45.753326456489],[-84.9799924137947,45.7530973119093],[-84.9798823284062,45.753092577273],[-84.9797279488005,45.7533133231593],[-84.9798793682603,45.7534770494688],[-84.980185094181,45.7534145365299],[-84.9806821636739,45.7535649060368],[-84.980849935085,45.7537779545236],[-84.98082116751,45.7539868525421],[-84.9809243194725,45.7540630318904],[-84.9806816072731,45.7541360964252],[-84.9805374744706,45.753928381233],[-84.9802128779578,45.7537438806782],[-84.9799710855131,45.753888323311],[-84.9798654888071,45.7536199377713],[-84.9797481580674,45.7536646719187],[-84.9795956885676,45.7540336875276],[-84.9793263106919,45.7538652797481],[-84.9789184987714,45.7539339753695],[-84.9784361506037,45.7543217282554],[-84.9785331096759,45.7545297624638],[-84.97839766505,45.7550030110914],[-84.978379272283,45.7554095559513],[-84.9780701123581,45.7552029648445],[-84.9781085785334,45.7551367987787],[-84.9778156291506,45.7549685470996],[-84.9775811399937,45.7544538845119],[-84.9777405851275,45.754013420282],[-84.977864013153,45.7538313452131],[-84.9775018041476,45.7537788944125],[-84.9771199348666,45.7540341376684],[-84.976256651627,45.7541333889047],[-84.9764430609978,45.7545769893965],[-84.9768037633055,45.7551292304522],[-84.9767676860612,45.7553821168826],[-84.9756485908812,45.7557632067596],[-84.9753202371609,45.7552821351497],[-84.9755464738492,45.7551487850619],[-84.9759938008901,45.7550963055677],[-84.975973554344,45.7547394575417],[-84.9757506728581,45.7546517768434],[-84.9751161816883,45.7553054980991],[-84.9749131647852,45.7554112273805],[-84.9749130086344,45.7547796356012],[-84.9751335315972,45.7541959627617],[-84.9748906160926,45.7542525440891],[-84.974760819953,45.7539348799643],[-84.9748138909043,45.7537807450583],[-84.9745976580021,45.7534636705154],[-84.9743087659171,45.753613917781],[-84.9743316459233,45.7541794586663],[-84.9740908804813,45.7544062672158],[-84.9738942648573,45.75439662495],[-84.9738900266245,45.7540616309662],[-84.9737525349799,45.7537550096776],[-84.9733580606687,45.7536368661227],[-84.9732095773547,45.7537037733177],[-84.9730087997623,45.7539852364483],[-84.9730696449271,45.7544461629493],[-84.972861970897,45.754804557932],[-84.9724736720665,45.7551751631887],[-84.9719818799016,45.7554421243108],[-84.9716991002724,45.7554550224623],[-84.9715623069023,45.7552033152734],[-84.9715182273119,45.754824653927],[-84.9719854698752,45.7544809817064],[-84.9722509967821,45.7543473643151],[-84.9723961488871,45.7540168555619],[-84.9717282383328,45.753406262694],[-84.9718747860742,45.753185590477],[-84.9724167613372,45.7531599482085],[-84.9730858600441,45.7532432776267],[-84.9736219265292,45.7533714441531],[-84.9748843313911,45.7531376855309],[-84.9748498236903,45.7528962716427],[-84.9740800921753,45.7529344581445],[-84.9735291533444,45.7528722935647],[-84.9729413448166,45.7530026093326],[-84.972616852111,45.7528235695203],[-84.9725370800497,45.7527307443679],[-84.9731036668826,45.7527873098841],[-84.9738151251905,45.7524913936361],[-84.9739238865572,45.7523917971927],[-84.9741212616464,45.7524618523074],[-84.9742410907099,45.7526148228998],[-84.9745222563418,45.7524755988213],[-84.9745407525974,45.7520745509134],[-84.9737847995451,45.7519588670954],[-84.9723114870875,45.7522929078835],[-84.9721040343553,45.7520471689411],[-84.9721803985781,45.7518709040378],[-84.9717464511407,45.7517365399169],[-84.9709311081797,45.7518958424586],[-84.9710439967777,45.7514996510982],[-84.9714669731825,45.7513869459127],[-84.9720169195851,45.75137223263],[-84.972832944272,45.7512678298609],[-84.9732466675649,45.75104534124],[-84.9729861577094,45.7509537436376],[-84.9722484472065,45.7510356397607],[-84.9723485195817,45.750870196366],[-84.9714525185974,45.7508652888616],[-84.9710036936616,45.7507969340427],[-84.9708667021857,45.7505287484744],[-84.971075005518,45.7502197797287],[-84.971254288363,45.7501032277721],[-84.9716811450486,45.749634391362],[-84.9717612266667,45.7494452037409],[-84.971710229504,45.7492050519133],[-84.9718222315821,45.7489241681178],[-84.9721547481015,45.748642378774],[-84.9720794738511,45.7484309404816],[-84.9714941714933,45.7477809416926],[-84.9711175897053,45.7476737614868],[-84.9702732634358,45.7482838661759],[-84.9699387010911,45.7483195779086],[-84.9698451495186,45.7478735774189],[-84.9692622224666,45.7475039839235],[-84.9691533788972,45.7471839444176],[-84.9693392755905,45.7469485515368],[-84.9696734983144,45.7468727825044],[-84.9704838739634,45.74709264279],[-84.9709091331088,45.7471595602788],[-84.9714807130722,45.7471457639637],[-84.9722390364778,45.746999556229],[-84.9735911512387,45.7465647479083],[-84.9737769217769,45.7463178970882],[-84.9735466647899,45.7461299977779],[-84.9732114497293,45.7460856048513],[-84.9727217839463,45.7461276907023],[-84.972012424457,45.7462679615879],[-84.9716933488136,45.7462006101223],[-84.9713478627138,45.7459044402524],[-84.9707378655333,45.7452259275858],[-84.9702211812955,45.7449648054594],[-84.9695742101874,45.7447499930033],[-84.9689390246113,45.7449700729227],[-84.9684838293305,45.7452294630095],[-84.9678885595779,45.7453406363657],[-84.9670051557474,45.7451725631559],[-84.9659187122389,45.7451426642592],[-84.9652830743207,45.7453112187722],[-84.9648340582715,45.7453302134458],[-84.9644808141694,45.7450798374831],[-84.9630909526252,45.7448966196938],[-84.962312939575,45.7446308014861],[-84.9618108539869,45.7441521065089],[-84.9615287061452,45.7436038430964],[-84.9609454874374,45.7431884275904],[-84.9603332215185,45.7422122860343],[-84.9594571203255,45.7419296664961],[-84.9590537739498,45.7415364072858],[-84.9579484012101,45.740167343944],[-84.9567577889801,45.7393594587521],[-84.9562736011141,45.7390638030607],[-84.9554816466465,45.7390841151104],[-84.9548689485265,45.7390522216763],[-84.9544103742485,45.7388938072448],[-84.9543016127701,45.738568040149],[-84.9540041684905,45.738134283058],[-84.9536342215177,45.7378267013163],[-84.9529296426191,45.7375376474666],[-84.9522834287169,45.7373971220352],[-84.951678589532,45.7373251157807],[-84.9511790003411,45.7371382357297],[-84.9506704896281,45.7368598288014],[-84.9502002728535,45.7362607764941],[-84.9493278561589,45.7353943259218],[-84.9489073409123,45.7348809206307],[-84.947336630283,45.7334735204972],[-84.946697176369,45.7331498164063],[-84.9466217693976,45.732904033897],[-84.9463826132685,45.7326073661952],[-84.9451148390672,45.7312903318136],[-84.9459869639819,45.7310980639203],[-84.9462389076803,45.7309482940952],[-84.9462292379142,45.7307594694452],[-84.9457947548732,45.7305379787034],[-84.9453543798309,45.7306026430569],[-84.945020987964,45.730775624798],[-84.9448579570867,45.7308106050429],[-84.9435039502949,45.7299402582763],[-84.9430432579585,45.7294956565961],[-84.9424824805439,45.7287824671437],[-84.9409915039488,45.7270885254328],[-84.9405093893981,45.7259858707191],[-84.9403289203461,45.7237784276383],[-84.9402356736189,45.7235956306074],[-84.9402104575556,45.7223136880024],[-84.9403344492145,45.7213517303218],[-84.9405512286761,45.7208187016181],[-84.9410108171163,45.7199757571264],[-84.941528994461,45.7193386683296],[-84.941973034126,45.7186102391159],[-84.9420678615083,45.7181577610331],[-84.9420567897858,45.7177400002024],[-84.9423133324268,45.7170580157931],[-84.9424749127531,45.7168113520998],[-84.9425144991392,45.7166337801224],[-84.9424380998237,45.7162162368444],[-84.9428615766142,45.7148869328468],[-84.9425277233455,45.7138464360449],[-84.9425169357334,45.7134687220274],[-84.9427396198861,45.7126208857541],[-84.943012273716,45.7119102311832],[-84.9430325140104,45.711303471192],[-84.943369258873,45.7104208866505],[-84.9434823175119,45.7102430656465],[-84.9444060801829,45.7092496867693],[-84.9446414333583,45.7090485360003],[-84.9450641478802,45.708789497643],[-84.9457323367209,45.7086097304356],[-84.9460588885645,45.7086085810859],[-84.9467195506314,45.7085204021365],[-84.948585782509,45.7080502181874],[-84.9493526442919,45.7079730877249],[-84.9495235227632,45.707892358759],[-84.9502491323193,45.7077318563631],[-84.9502484621822,45.7076188581422],[-84.9506395931071,45.7076161706906],[-84.9510142297769,45.7074291797936],[-84.951257205204,45.707159323971],[-84.9514604807982,45.7070441229167],[-84.9516219188878,45.7067859928802],[-84.9518825386186,45.7066992196992],[-84.9519472751596,45.7066188514253],[-84.952026468477,45.706275165131],[-84.9522380973381,45.7061885621039],[-84.9525140650339,45.705964353224],[-84.952821075684,45.7055168373811],[-84.9530306992585,45.7051497863066],[-84.9530760345294,45.7046402292708],[-84.9533745976538,45.7041526708473],[-84.9533637649221,45.7037806862534],[-84.9535407324183,45.7034137505826],[-84.9535715054854,45.7031503652455],[-84.953862092156,45.7026914472236],[-84.9537547895897,45.7025258489811],[-84.9539081973077,45.7022906386971],[-84.9543538273386,45.7018254406578],[-84.9544579251615,45.7015446195814],[-84.9547653610091,45.7011600406891],[-84.9551232847813,45.7009870559491],[-84.9553248805973,45.7006429209494],[-84.9554967018993,45.7005009124434],[-84.9554983711927,45.7004190622996],[-84.955595043158,45.7004196333501],[-84.9559743577249,45.7001483604141],[-84.9565603242689,45.6999058657036],[-84.9572733284809,45.6991706942009],[-84.9576386045155,45.6988889200182],[-84.9583626190521,45.6985486120711],[-84.9588984795787,45.6981517564921],[-84.9590449754852,45.698093979878],[-84.959256908847,45.6980531483015],[-84.9595987136644,45.697914535792],[-84.9597700466117,45.6979024722562],[-84.9610775150893,45.6981037612227],[-84.9616241768483,45.6980731418494],[-84.9617702172117,45.6979524214744],[-84.9622710990568,45.6972408834148],[-84.9625390137225,45.6970452944184],[-84.9627913322367,45.6969470712288],[-84.9629046816277,45.6968207438301],[-84.9631697022155,45.6962302504043],[-84.9636175271894,45.6960797983667],[-84.9639567124888,45.695586336029],[-84.9650056756436,45.695050194886],[-84.9653213799649,45.6946941758661],[-84.9656463351238,45.6944869348899],[-84.965963613042,45.6938475640606],[-84.966018740145,45.6861053449207],[-84.9710024794916,45.6861280407948],[-84.9717259022624,45.685456956188],[-84.9723664611592,45.6849850141737],[-84.9743283733202,45.6840029564713],[-84.9757235420718,45.6831546467973],[-84.9766509854593,45.6827114172906],[-84.9775182163082,45.6823276547768],[-84.9797858118702,45.6816105839619],[-84.9818675395415,45.6810232720126],[-84.9823215048173,45.6809444330047],[-84.9828314776107,45.6809246724567],[-84.9838153028086,45.6809662704355],[-84.984483038456,45.6811279386212],[-84.984786182852,45.6812735131524],[-84.9849869562535,45.6814438981987],[-84.9856138014964,45.6821781722894],[-84.9859538554769,45.681859689948],[-84.9858699599947,45.6819904021446],[-84.9859176916792,45.6820565523416],[-84.9863584271959,45.6820333053166],[-84.9869785595915,45.6822359758757],[-84.9874617595099,45.6825717452684],[-84.9880714276981,45.6831301028486],[-84.9883852886622,45.6834743743375],[-84.9884633073781,45.6837836969837],[-84.9886753556949,45.6840084725864],[-84.988799482555,45.6840209995192],[-84.9889481886062,45.6839137191807],[-84.9890419990432,45.6839116896162],[-84.9890790981095,45.6838891544632],[-84.9890162200673,45.6838714531031],[-84.9890873940496,45.6837677751461],[-84.989162450086,45.6837884416747],[-84.9892068449892,45.6837002442703],[-84.9892931950586,45.6836595690154],[-84.9893063740025,45.6836068170956],[-84.9892241405164,45.6835317906747],[-84.9892990565121,45.68344672032],[-84.9892555244651,45.6833734638725],[-84.9893142884254,45.6832796777965],[-84.9892701148795,45.6832421376154],[-84.9888711985099,45.6833200616803],[-84.9885358162162,45.6832656611699],[-84.9886033247708,45.6831390884788],[-84.9886391182205,45.6826221566682],[-84.9888328802626,45.6823895338028],[-84.9891060498296,45.6823890876703],[-84.9891732939098,45.6822893991381],[-84.987753951981,45.6809554758269],[-84.9867549601882,45.6797371383438],[-84.9857838259389,45.6788262565937],[-84.9857903575689,45.6715887974666],[-84.9909497182377,45.6715396981548],[-84.9909521865592,45.6679242274929],[-84.9954877383243,45.6678833268893],[-84.9955323127691,45.6678240052636],[-84.9961192170538,45.6662971669014],[-84.9961210451008,45.665362199902],[-84.9972967384173,45.6642786006273],[-84.9961231893076,45.6642649171523],[-84.9961644739304,45.6543636458255],[-84.9948679155891,45.6543615019331],[-84.9948704513658,45.6537664689207],[-84.9948047764991,45.653800239372],[-84.9948145985485,45.653866339831],[-84.9947053874818,45.6538208004537],[-84.9947096221432,45.6537205304958],[-84.9946234919209,45.6538886672872],[-84.994498974572,45.6537418293371],[-84.9944231617754,45.6537428783154],[-84.9944557878086,45.6540380835694],[-84.9943804907894,45.6541471605185],[-84.994161328971,45.6542343973142],[-84.9941619383037,45.6542686955439],[-84.993640105533,45.6542589671732],[-84.9933812554698,45.6541726746749],[-84.9933544807124,45.6543027522641],[-84.9931424973392,45.654398623429],[-84.9930235729313,45.654554468157],[-84.9928742091026,45.6544982861167],[-84.9927495373031,45.6547020900367],[-84.9927355464512,45.6548691451891],[-84.9927800370079,45.6549106879401],[-84.9929681405205,45.6548514718631],[-84.9929878310828,45.6549125153066],[-84.9930868088468,45.6549151002405],[-84.9933437754749,45.6548333417574],[-84.9933091022492,45.6549264845975],[-84.9932052322869,45.6549924425898],[-84.9931963353734,45.6550798120948],[-84.9930661255978,45.6551146748086],[-84.9931039023531,45.6552581801363],[-84.9930057606631,45.655345620899],[-84.9930801656974,45.6554234340753],[-84.9930536379024,45.6554712108431],[-84.9929448971274,45.6554676831579],[-84.9928856228956,45.6555691836375],[-84.9926922267862,45.6554457421519],[-84.9926211170202,45.6554571191668],[-84.9925979651278,45.6555212150863],[-84.9924835247494,45.6554944886917],[-84.9924637183015,45.6555766173201],[-84.9922736479725,45.6555406520994],[-84.9917478293438,45.655343126159],[-84.9917419591745,45.6551930427264],[-84.9916083003537,45.6551472851766],[-84.9914772975774,45.6551581340963],[-84.9913970886642,45.6552680226724],[-84.9914448150711,45.6553335994427],[-84.9914346042703,45.6555624148582],[-84.9914674480687,45.6556398630486],[-84.9915763836762,45.6557008357481],[-84.9915043217141,45.6557653576261],[-84.9915090986518,45.6558399862217],[-84.9914293083511,45.655858144628],[-84.9914703152453,45.6558893693369],[-84.9912387345566,45.6559867799059],[-84.9911532014168,45.6559843118166],[-84.9911535171877,45.6560348961199],[-84.9910376495912,45.6560878870689],[-84.9909636389173,45.6560563714207],[-84.9907114062543,45.6560785875999],[-84.9900276123905,45.6563520199692],[-84.989785794299,45.6565427848991],[-84.9898204590186,45.6565868136179],[-84.9900685352724,45.6564561163081],[-84.9901434287044,45.6563701877241],[-84.9902729054507,45.6563764733044],[-84.9900677438985,45.6567047334431],[-84.989845751849,45.6568125126964],[-84.9898211272232,45.6568903121846],[-84.9899771447453,45.6569165501463],[-84.9899007351807,45.6570187556925],[-84.9897982175771,45.6569406916107],[-84.9897200561953,45.6570043016734],[-84.989469893233,45.6570466752535],[-84.9892804417109,45.6570441465334],[-84.9890726646663,45.6569728691304],[-84.9889189301185,45.6570238090157],[-84.9888933286518,45.6570878816354],[-84.9885207565962,45.6569345599556],[-84.9880130958113,45.6568151940491],[-84.987636906046,45.6564552226066],[-84.9875981660096,45.6562979907654],[-84.9874698553877,45.6563628697117],[-84.9872468332499,45.6563917612677],[-84.9871239612828,45.6563580964023],[-84.9872640045419,45.6568099979464],[-84.9873105799582,45.6572793650203],[-84.9872267127753,45.6574560893294],[-84.9872128413578,45.6576793544117],[-84.9857936414429,45.6576811691228],[-84.9857871309646,45.6586791916022],[-84.9855458413232,45.6586688989303],[-84.9853203814004,45.6587646361664],[-84.9852611782806,45.6587255326197],[-84.9847948502112,45.6590934779414],[-84.9845756216799,45.6591146815789],[-84.9844097941706,45.6592255206338],[-84.9841206860317,45.6592572493145],[-84.9838985180464,45.6593735886439],[-84.9834840265844,45.6594427830893],[-84.9832653684107,45.6595677255483],[-84.9827713425871,45.6595050407671],[-84.9823971253206,45.6596457461742],[-84.9821885265445,45.6596198875097],[-84.9820487504365,45.6597095211947],[-84.9818302779854,45.6596887180417],[-84.9816727855147,45.6597439018322],[-84.9812787210891,45.6596298024056],[-84.980895229489,45.659809857168],[-84.9806569717184,45.660004063662],[-84.9800690967157,45.6601951565885],[-84.9795578960006,45.6605403905316],[-84.9792627292262,45.6605686237029],[-84.9790876300822,45.6607179513651],[-84.9789093033731,45.6607755171373],[-84.9786142594557,45.6607968911713],[-84.9781076520682,45.6606860641873],[-84.9779516252739,45.6607275379089],[-84.9776722620951,45.6606933231767],[-84.9772739431476,45.6604919161756],[-84.9771813699348,45.660525191459],[-84.9770524066319,45.6606920753535],[-84.9769146682872,45.6607362825284],[-84.9761300394881,45.6607867115246],[-84.9756674330941,45.660878594769],[-84.9754183515408,45.6608600780591],[-84.9749521534954,45.6609476392357],[-84.9749368450678,45.6615870650185],[-84.9747416294277,45.6619824481345],[-84.9744609156438,45.6622086489313],[-84.9743036576379,45.6622501066541],[-84.9741143472465,45.6622389809746],[-84.9739090078753,45.6625706394214],[-84.9735410876975,45.6628331126134],[-84.9723426283478,45.6632475966824],[-84.9720773472547,45.6632452160052],[-84.9716623467755,45.6634738246348],[-84.9712984037599,45.6635177083792],[-84.9711242626712,45.6636798926341],[-84.9711126656131,45.6637123666032],[-84.9712298518239,45.6636559784336],[-84.9711641062458,45.6638414266911],[-84.971037012977,45.6639714552827],[-84.9704005403742,45.6642752280774],[-84.9700971535526,45.6642836458579],[-84.9699908112593,45.6642149608121],[-84.9699042789097,45.6642664795032],[-84.9699399349797,45.664322525527],[-84.969885797976,45.66447464241],[-84.9697585763786,45.6645446551368],[-84.9692992215341,45.6645902475229],[-84.969182551168,45.6644846035913],[-84.9690044369917,45.6645961674225],[-84.9684726033972,45.6647268350784],[-84.9681873728987,45.6648785832579],[-84.9679079460162,45.6649137875659],[-84.9673876374894,45.6651491479247],[-84.9669995492726,45.6651087830136],[-84.9667510733322,45.6649230752266],[-84.9666081329788,45.6649166416542],[-84.9658586038887,45.6646501079595],[-84.9655505752249,45.6646447537984],[-84.9653237101748,45.6647472974832],[-84.9651794207523,45.6647624741995],[-84.9648156762998,45.6647135578443],[-84.9644926050248,45.6645288855305],[-84.9644176065603,45.6645513554967],[-84.9643801979822,45.6646573248741],[-84.9642058039124,45.6647654847166],[-84.9638827028228,45.6645825250588],[-84.9637968585946,45.6644634374102],[-84.9638209145084,45.6643522034955],[-84.964002760502,45.664171239008],[-84.9641261780195,45.6638431436462],[-84.9645246369728,45.6633855078685],[-84.9645963415455,45.6630766631888],[-84.9645503424928,45.6629185004487],[-84.9644058361325,45.6627980259605],[-84.9644801463644,45.6627464017878],[-84.964485373731,45.6626615739156],[-84.9643306784755,45.6625632975241],[-84.9641803767683,45.662558508998],[-84.9641620953094,45.6626217853429],[-84.9640138441434,45.6626384485963],[-84.96393175008,45.6627808788793],[-84.9633974037608,45.6629745613081],[-84.9628152646644,45.6629821502871],[-84.9627060466674,45.6629374382882],[-84.9627120103326,45.6628791945402],[-84.9623954926484,45.6628043116558],[-84.9620113510793,45.6624844792709],[-84.9616814293804,45.6615452932481],[-84.9615509796148,45.661392364384],[-84.9615348084951,45.661075866086],[-84.9615958616185,45.6608149364592],[-84.9613483247511,45.6605803575618],[-84.9612043469912,45.6605644768705],[-84.9610716339466,45.6604681109515],[-84.9607147652612,45.6599967752185],[-84.960643315113,45.6598272342108],[-84.9605904555076,45.6591803328325],[-84.9603779357067,45.6597648131579],[-84.9600739130854,45.6602061460812],[-84.9599571692497,45.6603045351934],[-84.9596679675515,45.6604065017319],[-84.9590931722512,45.6608119370771],[-84.9591675232494,45.6609566426245],[-84.9593216940368,45.660950327255],[-84.9592141723528,45.6610788060535],[-84.9589454134194,45.6611989606987],[-84.9586672212409,45.6612341537757],[-84.958613913087,45.6613399768059],[-84.9584198642275,45.6614530931632],[-84.9583375148094,45.6614103359784],[-84.9581283675817,45.6615464626192],[-84.9577880986647,45.6615665139503],[-84.9577365497706,45.6616432036828],[-84.9577792744569,45.6617790499839],[-84.9571613948701,45.6618685878059],[-84.9571000175614,45.6619477601668],[-84.9571764451626,45.6620461905783],[-84.9569342400961,45.662118572328],[-84.956726404721,45.6621175362091],[-84.9563697625645,45.6622291687978],[-84.9558731237027,45.6622620061446],[-84.9556896123153,45.6860576202438],[-84.9505189598321,45.6860731952087],[-84.9504918153375,45.6896644238194],[-84.9453167437762,45.6896758456351],[-84.9452033535409,45.7016236094783],[-84.9446907378678,45.7015459931092],[-84.9349314193214,45.7008053773626],[-84.934936247237,45.707703513903],[-84.914572059437,45.7077629403571],[-84.9093350813679,45.7080306439426],[-84.9093662550751,45.711650329301],[-84.9041144649087,45.7119183213648],[-84.9041204756965,45.7129155471566],[-84.9039021913279,45.7129044193121],[-84.9038716327837,45.7128398283085],[-84.9037176302069,45.7127671974752],[-84.9036634973691,45.7125309190789],[-84.9037061672006,45.7124764597112],[-84.9035876320623,45.7124050258936],[-84.9033631637987,45.7123608874798],[-84.9032107840847,45.7124014182334],[-84.9031160399089,45.7124905288837],[-84.9030987579641,45.7124354956443],[-84.9027804171548,45.7123184243161],[-84.9026085560781,45.7124085104663],[-84.9023659628369,45.7124233323068],[-84.9018797076761,45.7126955829849],[-84.9012938353964,45.71274226041],[-84.9010920201864,45.7129872302588],[-84.9005938302056,45.7129850402512],[-84.900436536272,45.7130889609789],[-84.9003944153575,45.7132403006957],[-84.9001894299352,45.7132091842872],[-84.8997995195954,45.7132474485838],[-84.8995351674601,45.7131857545544],[-84.8992611305351,45.7130562399337],[-84.8987309981861,45.7131308737594],[-84.8984848491165,45.7130770685379],[-84.8981494946571,45.7131415710868],[-84.8975290839791,45.7131313336191],[-84.896166965596,45.7129553085223],[-84.8949179653688,45.7131181570283],[-84.8946543710189,45.7133916680198],[-84.894656507356,45.7134697041465],[-84.894995065463,45.713616141462],[-84.8956528545485,45.7137716565316],[-84.8957454007492,45.713857422674],[-84.8955865791027,45.7138979180991],[-84.8950800712122,45.7138364323586],[-84.8947081480864,45.7138851585637],[-84.8941961804784,45.7137901816717],[-84.8936211023819,45.7138529083337],[-84.8936203617189,45.7124526064226],[-84.8835349668267,45.7125424980012],[-84.8835385029846,45.7128916420023],[-84.8830719395016,45.7129633173573],[-84.8829910351473,45.7129085176096],[-84.8829690189717,45.7127231242907],[-84.8826755904454,45.712770843416],[-84.8825291798402,45.7126871136639],[-84.8824094447244,45.7126773725075],[-84.8823213809609,45.7127365249233],[-84.8822065528971,45.7130954749834],[-84.8820811655905,45.7132468523182],[-84.881731501995,45.7132914487472],[-84.8811673791432,45.7135354176495],[-84.8808170064982,45.7134925589151],[-84.880753170671,45.7133796282854],[-84.880119593322,45.7130553734631],[-84.8795926759701,45.7130287888954],[-84.8795266548877,45.7132098925468],[-84.8794050800082,45.7132309933685],[-84.8793554820264,45.7133248121082],[-84.8787276745375,45.7135707183853],[-84.8787958602515,45.7136494012764],[-84.8787313573679,45.7137542184119],[-84.8785474320343,45.7137721365451],[-84.8784711296969,45.7138639626435],[-84.877949604792,45.7139257418402],[-84.8778975148179,45.7140829772325],[-84.8776745529435,45.7140945099794],[-84.8775892213702,45.7141391108227],[-84.877539277081,45.7143726670424],[-84.8773048499663,45.7143455083129],[-84.8773237770144,45.7143969657818],[-84.8775401503367,45.714470242215],[-84.8776981938241,45.7145919299171],[-84.8779477250769,45.7146595297153],[-84.8779166733356,45.7146823733331],[-84.8778041736218,45.7146778421015],[-84.8777370401204,45.714730337538],[-84.8776316329483,45.7146770095104],[-84.8774500316184,45.7147009493579],[-84.8773803909034,45.7145725275624],[-84.8772607726251,45.7145567805826],[-84.8772127364752,45.7146334675086],[-84.877130414533,45.7146498067859],[-84.8771290193016,45.7147809616941],[-84.8769843200765,45.7148567009934],[-84.8768942039694,45.7148343852808],[-84.8766305431831,45.7149226747026],[-84.8765790241923,45.7149898972642],[-84.8761012401553,45.7152595493226],[-84.8758674674388,45.7152606847986],[-84.875578895127,45.7156153514414],[-84.8755565871402,45.7158740394398],[-84.875274365704,45.7160333005323],[-84.8752027863054,45.7161243301164],[-84.8752807363899,45.7161430984713],[-84.8751852885687,45.71623614475],[-84.8683600219,45.7163462294954],[-84.8684834452361,45.7235798429875],[-84.8529287394167,45.7239129248287],[-84.853174198055,45.7381410042213],[-84.8441034382304,45.7382203316311],[-84.8441835107797,45.7459936067363],[-84.8444825464766,45.7459713614225],[-84.8450121344067,45.7462522934358],[-84.8453058360796,45.7462985105513],[-84.8457059139911,45.7462763200479],[-84.8460486614776,45.7463054666738],[-84.8466761041977,45.746620844159],[-84.8471081680797,45.7467872915682],[-84.848404656718,45.7472009293522],[-84.849813854896,45.7480719388227],[-84.8501149566608,45.7483410439538],[-84.8504570582709,45.7485587706535],[-84.8509379141617,45.7487881567922],[-84.8513213545863,45.7488573647234],[-84.8539985081281,45.7489988580902],[-84.8582495561308,45.7496399744228],[-84.859089661463,45.7498641783782],[-84.8595419188015,45.7501071404239],[-84.8609844093351,45.7506449112658],[-84.8635267042673,45.7512206927441],[-84.86410939529,45.7514090508707],[-84.8652590377866,45.7516748437513],[-84.8688915292721,45.7528728957214],[-84.8697655202347,45.7530625339056],[-84.871152157961,45.753486948191],[-84.8719148589081,45.7534954774224],[-84.872096105688,45.7535553792887],[-84.872972666691,45.7541243908697],[-84.873879154191,45.7544623533202],[-84.8744234012913,45.7547189990665],[-84.8753579989132,45.754986075154],[-84.876650308625,45.7552914173002],[-84.8776681623525,45.7556533192602],[-84.8783247001966,45.7560338485619],[-84.8784057624057,45.7562585460836]]],[[[-84.99917225423,45.7599118757531],[-84.9994640628899,45.7599867203742],[-85.0008955958421,45.7601768975547],[-85.0032967374216,45.7609027917298],[-85.0036806315917,45.7610685940776],[-85.004350322142,45.7612228467258],[-85.0063919387624,45.7614223478402],[-85.0065716692609,45.7615596103936],[-85.0066861043905,45.7617541219185],[-85.0068984543433,45.7618227095573],[-85.007870092696,45.7615934221514],[-85.0084009274045,45.7616675937902],[-85.00864603162,45.7618620547943],[-85.0092017121296,45.7624912834786],[-85.009659279972,45.7628973855456],[-85.0100513594587,45.7630746184372],[-85.0106148976802,45.7631716510747],[-85.0115786881766,45.7634172909965],[-85.0119951390416,45.7633770505878],[-85.0120766362614,45.7631309555793],[-85.0124279384084,45.7633596984143],[-85.0127135384336,45.7630276747144],[-85.0126642785542,45.7626385698109],[-85.0122314028907,45.7625357610695],[-85.0118313842492,45.7627190522551],[-85.0115700705239,45.7627306163888],[-85.0112514281851,45.762490409942],[-85.0108266947093,45.7623532599979],[-85.0104019099229,45.7621302720743],[-85.0100830794436,45.7615696141136],[-85.0099031194161,45.7610775643039],[-85.0098210027412,45.7603394017052],[-85.0097637258189,45.7601563195135],[-85.0096084733496,45.7600018828314],[-85.0098532852651,45.7597499929991],[-85.0103840178584,45.7596524798853],[-85.0108168360223,45.7597152420146],[-85.0113802219425,45.7596234453566],[-85.0127848758956,45.7598402708221],[-85.0131197867937,45.7600003441839],[-85.0132506406396,45.7602978485105],[-85.0136345773848,45.7604865098666],[-85.0141408731913,45.7605091740569],[-85.0146957511022,45.7599309483577],[-85.0146873352679,45.7595876164753],[-85.0145316790533,45.7588723838751],[-85.0145723891499,45.7587006895037],[-85.0144333600525,45.758408914323],[-85.0133957612285,45.7575853676926],[-85.0119176054686,45.7572770228482],[-85.0112641303838,45.7568996343915],[-85.0112476680915,45.7567108028164],[-85.0114432407049,45.7561041339978],[-85.0108634092947,45.7559498859769],[-85.0100466939252,45.7556583934397],[-85.0095240630627,45.7555613336545],[-85.0091484034034,45.7554642129826],[-85.0088135507256,45.7553098409914],[-85.008544075592,45.7552756185157],[-85.0082259398472,45.7558022146027],[-85.0081034222023,45.7557450424561],[-85.00784194212,45.7554018036041],[-85.0080051814364,45.7552930073704],[-85.0070252594942,45.7551045609997],[-85.0065923670845,45.7548644034993],[-85.0063145611422,45.7545268905066],[-85.0054243517379,45.7541266679338],[-85.0040280772996,45.7540070207475],[-85.0028602587905,45.7535610989166],[-85.0024764979793,45.7535326336052],[-85.0018560367463,45.7536988033112],[-85.0016274898334,45.7538533912841],[-85.0015461445189,45.7544828776433],[-85.0012195632219,45.7545116063133],[-85.0008522953731,45.7548665313205],[-85.0000847276391,45.754740899966],[-84.9999703348037,45.7548425384783],[-84.9998801378525,45.7551562261217],[-84.9997242579684,45.7552561726766],[-84.998869779716,45.7554269359556],[-84.9986354561517,45.7555384251376],[-84.9984940679848,45.7555449030796],[-84.9984580222236,45.7551936586698],[-84.9983472138359,45.7551340277675],[-84.9980092010049,45.7551309042957],[-84.9977273615709,45.7552152578522],[-84.9973270550516,45.7552564997312],[-84.9972481065553,45.7552295953714],[-84.9969829060108,45.7553852274581],[-84.9966285391336,45.7553327877726],[-84.9963300364142,45.7553458572287],[-84.9959390971224,45.755502374848],[-84.9957014569131,45.755361242125],[-84.9951830529994,45.7553868230594],[-84.9948946872324,45.7549714353043],[-84.9947996646674,45.7549171733227],[-84.9945883966402,45.7549900464049],[-84.9938640315631,45.7554948878188],[-84.9937695027852,45.7554790642269],[-84.9937071959542,45.7555234383195],[-84.9936232555053,45.7557162477548],[-84.9931565690489,45.7560929655012],[-84.9929374516235,45.7561658853171],[-84.9926686596545,45.7560469295808],[-84.9922123395391,45.7560116632762],[-84.9918843189088,45.7561732164837],[-84.9915425942468,45.7564886405301],[-84.9911657684468,45.7565242137466],[-84.9911542816395,45.7562441885348],[-84.9913122640381,45.7556993714022],[-84.9913169177527,45.7554521988762],[-84.9905910608848,45.7564513064698],[-84.9908017292191,45.7569386444116],[-84.9910720740085,45.7571784248174],[-84.9912880528587,45.7574680025711],[-84.9912178936021,45.7575124276299],[-84.9909978377454,45.7575139515102],[-84.9904504200269,45.7571223293179],[-84.9901361122513,45.7571300014387],[-84.989737106139,45.7566659333356],[-84.9896179088415,45.7571720371348],[-84.9896842579544,45.7574406864681],[-84.9898029249319,45.7575002879057],[-84.9898766507626,45.7577304367954],[-84.9891572195762,45.7580155253478],[-84.9891206861326,45.7582299648878],[-84.9891851286376,45.7583503493538],[-84.9893747572671,45.7584259296984],[-84.9898684016495,45.7583071696875],[-84.9901575685894,45.7581788480272],[-84.9908638382651,45.7580915611167],[-84.9914709999363,45.7582411185207],[-84.9920210265654,45.7582263129013],[-84.9922167322028,45.7581645438965],[-84.9924763738832,45.7581846980577],[-84.9931780716699,45.7583500774455],[-84.9966582822766,45.7582104560365],[-84.9970389899552,45.7584714115376],[-84.9976772254002,45.7591919051637],[-84.9979635483332,45.7594480306741],[-84.9988013421001,45.7597991433576],[-84.99917225423,45.7599118757531]]],[[[-85.0484331173317,45.763217857011],[-85.0486289093165,45.7630689218118],[-85.0486448565312,45.7627770753903],[-85.0488242430292,45.7625766502739],[-85.0491344115035,45.7624619760168],[-85.0493138545486,45.7623016028195],[-85.049264794414,45.7622501374271],[-85.0488891171345,45.7622275448942],[-85.0489867403403,45.7619470657686],[-85.0492395808765,45.7617122551619],[-85.049247588868,45.7615978064543],[-85.0490433216468,45.7615006841296],[-85.0486434585108,45.76171271395],[-85.0483084655301,45.7615756291212],[-85.0478594218438,45.7616446317603],[-85.0469043273809,45.7619028576033],[-85.0462268276003,45.7621322553556],[-85.0454597060392,45.7625219407727],[-85.0445781411113,45.7628373165825],[-85.0438433728061,45.7629923417402],[-85.0435985592968,45.763135577838],[-85.0431014843621,45.7640228990413],[-85.0432895723738,45.7642287747995],[-85.043730674092,45.7643257406239],[-85.0442778744004,45.7643711291783],[-85.0447762650556,45.7645538839428],[-85.044906908384,45.7645423397419],[-85.0450537228376,45.7643877323655],[-85.0449883347185,45.7643477216392],[-85.0450779483797,45.7641759817079],[-85.0447918460909,45.7639530165624],[-85.0447096137232,45.7634895681362],[-85.0448236932742,45.7632892056803],[-85.0450196172038,45.7632375578387],[-85.0450933141958,45.7633977297066],[-85.0455994698668,45.7632771946926],[-85.0458119012857,45.7633628695952],[-85.0460404643895,45.763288315715],[-85.0462199457684,45.7631451197652],[-85.0463914661531,45.7631678867425],[-85.0467019762537,45.7633164334245],[-85.0469061703582,45.763344897155],[-85.047232554038,45.7631329227269],[-85.0476244418458,45.7630639647202],[-85.0480573079613,45.7630979688627],[-85.0484331173317,45.763217857011]]],[[[-85.0516766472769,45.7643254949938],[-85.0514395814869,45.7641540096516],[-85.0511129509292,45.7641714346955],[-85.0506313150618,45.7643034200116],[-85.0504924031169,45.764246307572],[-85.0506471252104,45.7639200102023],[-85.0506875334372,45.7636052494856],[-85.0504916339896,45.7636740657486],[-85.0500921297767,45.7641550527327],[-85.0498809158324,45.7649906857705],[-85.0488939955539,45.7659299102957],[-85.0478731886757,45.7659535726107],[-85.0468359346132,45.7658913979464],[-85.0464848138683,45.7659317165079],[-85.0459868115577,45.7660579800721],[-85.045521532457,45.766241431563],[-85.0452932246359,45.7665277185375],[-85.0452526169329,45.7667108612601],[-85.0455799952529,45.767265695006],[-85.0455313283237,45.7675346793824],[-85.0472060583314,45.7679282805426],[-85.0478515945904,45.7681967562167],[-85.0487752919534,45.7688197914531],[-85.0495520585835,45.7694944387675],[-85.049846236994,45.7696143780211],[-85.0499277359553,45.7694827066638],[-85.049289719422,45.7687450126508],[-85.0492321407274,45.7684360410772],[-85.0496639921246,45.7676803621002],[-85.0496634157891,45.7672511896825],[-85.0498509143925,45.7669878081976],[-85.0502264239809,45.7668673594816],[-85.0527579496118,45.7667280360222],[-85.0532968079541,45.7666188785363],[-85.0539498463401,45.7664066297929],[-85.0542923534977,45.7660515618394],[-85.0545123704928,45.7657080479162],[-85.0553037963684,45.7651866681134],[-85.0561281563563,45.7648712588144],[-85.0573529990679,45.7647729616542],[-85.0581534041385,45.7648295191923],[-85.0589785998428,45.7650863316223],[-85.0595753421449,45.7654634985683],[-85.0601880446248,45.7655945857615],[-85.0603355610089,45.7659377990766],[-85.0604100471687,45.7665900838456],[-85.0605576902299,45.7670134094005],[-85.061228117632,45.7674935131113],[-85.0616693566864,45.7676419109938],[-85.0618408046504,45.7676017030548],[-85.0618316218092,45.7669493586473],[-85.0619620078563,45.766760410349],[-85.0618883214216,45.7666403044029],[-85.0619613643054,45.7663483994332],[-85.0618059414468,45.7661825816842],[-85.0618548318921,45.766108155781],[-85.0621898353291,45.7662165857692],[-85.0639707822146,45.7665984071372],[-85.0648609957306,45.766620502445],[-85.0655058330872,45.7664081920766],[-85.0661998120011,45.7662873971659],[-85.0677848764505,45.7667151193451],[-85.0686099152764,45.7668288037609],[-85.0692957623665,45.7667308770552],[-85.0698998152057,45.7665586352857],[-85.0705526824552,45.7662776259192],[-85.071173153148,45.7661625891361],[-85.0720141666208,45.7660645070641],[-85.0734187264159,45.7660002037284],[-85.0754440933222,45.7660096564308],[-85.0766607416064,45.7659054393358],[-85.0770444445845,45.765830669836],[-85.0768809879893,45.7657621660491],[-85.0759744389335,45.7657401788108],[-85.0755578445155,45.765689094354],[-85.0752799643254,45.7655691994653],[-85.075189433643,45.765174445416],[-85.0752298802638,45.7649569501855],[-85.0749989253571,45.7636639242528],[-85.0749252964215,45.7635953305932],[-85.0747864423002,45.7635783011195],[-85.0745416719652,45.7637044423043],[-85.0742312423024,45.7636417949139],[-85.0741247417927,45.7634530626765],[-85.0740498655327,45.7626691659904],[-85.073648891135,45.7621946048202],[-85.0735018005291,45.7621432521308],[-85.0730606926831,45.7620635627209],[-85.0726360281889,45.7620525283393],[-85.0721379924088,45.7621045097699],[-85.070554143004,45.7623291920036],[-85.0703013823734,45.7625583258798],[-85.0698764769582,45.7624099469641],[-85.0695172139617,45.7624331761156],[-85.0694601946482,45.7625190608375],[-85.069076533342,45.7626109846589],[-85.068676142305,45.7624625774077],[-85.0686675368372,45.7622050705231],[-85.068577201046,45.7618961521306],[-85.0684055316541,45.7617875882661],[-85.0679481054328,45.7617078931432],[-85.06721315778,45.761714293545],[-85.0657919438558,45.7615210301799],[-85.0649425658321,45.7614531318094],[-85.0639055953653,45.7615227316039],[-85.0631623669476,45.7614489950885],[-85.0617901257157,45.7612270310459],[-85.0613899801235,45.7612273814075],[-85.0602961088159,45.7614686644933],[-85.0600102840646,45.7614689095781],[-85.0592261566319,45.7613322412033],[-85.0590303284665,45.7614411393156],[-85.0586381616422,45.7613098493752],[-85.0582461940323,45.7613101849117],[-85.0580259358461,45.7614648684478],[-85.0575858208449,45.7620431950699],[-85.0573409717603,45.7621406809737],[-85.0570142114275,45.76206084072],[-85.0568995941817,45.7618606534723],[-85.0568908082213,45.7614372028113],[-85.0566863671537,45.7612313728478],[-85.0565640144661,45.761334475406],[-85.0564994400984,45.7617463338065],[-85.0565173263707,45.7629196075278],[-85.0564279994507,45.7632630226612],[-85.056215603222,45.7632174208051],[-85.0560114631869,45.7632233136807],[-85.0557507127429,45.7636298160094],[-85.0554407987679,45.7639104667973],[-85.0551225009637,45.7640423413184],[-85.0542321874111,45.7639286166192],[-85.0538974553775,45.7639918321048],[-85.0536604629069,45.7638718554875],[-85.0534480958766,45.7638491343274],[-85.0530808371353,45.7640096520351],[-85.0526235795182,45.764055795365],[-85.0521747652026,45.7643022093276],[-85.051954353019,45.7643653321537],[-85.0516766472769,45.7643254949938]]],[[[-85.0292726002956,45.7608044889158],[-85.0285949081881,45.7608792784048],[-85.0283745066836,45.7609652416894],[-85.0283258291241,45.7613086127508],[-85.0285382947464,45.7614572712429],[-85.0289874768519,45.761519955186],[-85.0283590106971,45.7618407780667],[-85.0274526325977,45.7619042550724],[-85.0271588179725,45.7620932602297],[-85.0270769616598,45.7618758588132],[-85.027272719361,45.7616354039065],[-85.0273542108918,45.7614465203572],[-85.0272070854083,45.7613092612843],[-85.0269213754135,45.7614124294244],[-85.0265541961911,45.76172737105],[-85.0261301036035,45.762322733069],[-85.0258933825695,45.7624373201575],[-85.0255912098064,45.7624203259471],[-85.0260318390772,45.7620309516457],[-85.0255582438553,45.762071273345],[-85.0253051944341,45.7621973129223],[-85.0248395427296,45.7619858382684],[-85.0247819778194,45.7615280784732],[-85.0244552312163,45.7614080907565],[-85.0242998346386,45.7611506655924],[-85.0244385345306,45.7609960918191],[-85.0247895621874,45.7608871722811],[-85.0254920038039,45.7610756204824],[-85.0257204726895,45.760869484652],[-85.0257282419007,45.760428852783],[-85.0249849937982,45.760251873514],[-85.0248460599795,45.760137501906],[-85.0249521550839,45.7600630594208],[-85.025752164657,45.7597936620586],[-85.025809263647,45.7597192339299],[-85.0252294319198,45.7596680603579],[-85.0254169628885,45.7593475041366],[-85.0256780086644,45.7590612377132],[-85.0257022457967,45.7587808197969],[-85.0255142987531,45.7586264197802],[-85.0253346501393,45.7586208009907],[-85.0251961406351,45.7589585046053],[-85.0248780352572,45.7593592475345],[-85.0245430238263,45.7591190850542],[-85.0245100783279,45.7588043743629],[-85.0245669804149,45.758506781144],[-85.0242400231435,45.7581235647318],[-85.0237909874318,45.7582153580723],[-85.0233910612424,45.7584330328941],[-85.0231138887993,45.7589539186387],[-85.0230407581978,45.7593831337654],[-85.0230736015201,45.7595948511639],[-85.0231962025059,45.7597321179038],[-85.0232856869777,45.7593315009111],[-85.0236447723834,45.7590966851494],[-85.0237999040367,45.759067997356],[-85.0240775655912,45.7591078961949],[-85.024110518541,45.7594283313698],[-85.0239637355365,45.7596687556479],[-85.0231883859023,45.7601326907233],[-85.0229517415777,45.7603273832607],[-85.0225353313776,45.7603848223578],[-85.0223557557763,45.7604650283394],[-85.0222905246362,45.7605909599881],[-85.0228786925609,45.7608367069025],[-85.0226583018399,45.7609569899234],[-85.0224379984994,45.7611631200561],[-85.0224709645516,45.7615178943493],[-85.0222587424519,45.7616267274703],[-85.0220219053819,45.7615982435399],[-85.0218585179059,45.761529659274],[-85.0215728311278,45.7616671449058],[-85.021483197975,45.7619018132127],[-85.0213117721141,45.7619762953455],[-85.0211243844897,45.7625028519813],[-85.0209773397723,45.7624342594709],[-85.0208955737658,45.7623198588682],[-85.0206422925106,45.7621597548925],[-85.0203157626726,45.7623087156107],[-85.0202504181684,45.7622915767277],[-85.0198831692134,45.7625607134967],[-85.0196218521369,45.7625665716082],[-85.018952437268,45.7628473055094],[-85.0188302081642,45.763190705531],[-85.0188877278552,45.7636313064549],[-85.0191656856947,45.7640202813972],[-85.0201788542967,45.7646664007145],[-85.0197379208888,45.7647410186048],[-85.0185782351217,45.7647015466788],[-85.0183817309807,45.7640492895339],[-85.0182918895514,45.7640264465467],[-85.0180797405162,45.7642668894279],[-85.0181457072116,45.7650851643192],[-85.0184234273997,45.7651651375721],[-85.0191176096098,45.7651762287662],[-85.020897798666,45.7650379800766],[-85.0219023628957,45.765129015805],[-85.0237810100469,45.7654999606885],[-85.0242794900481,45.7658544795741],[-85.0245899049474,45.7659458626925],[-85.0253003833056,45.7659225834434],[-85.0262809561232,45.7665457673522],[-85.0268692473089,45.7668487196316],[-85.0271144482759,45.7670545787283],[-85.0272454884182,45.7674550724547],[-85.0272704412104,45.7679357403322],[-85.0274585849607,45.7682618050501],[-85.0277281778776,45.7683474866313],[-85.0287491009894,45.7683869394264],[-85.0290350372826,45.7684840566694],[-85.0291740920824,45.7687014273454],[-85.0294356890548,45.7689587771636],[-85.0297462199737,45.7691417127868],[-85.0301139136739,45.7693188782122],[-85.0307918464674,45.7693756987778],[-85.0309471687467,45.7695243827554],[-85.0312657789799,45.769615752304],[-85.0313715886104,45.7692494501882],[-85.0314938864429,45.7690490970222],[-85.0318447732955,45.7687455977953],[-85.0327101582081,45.7684188853231],[-85.0328079126525,45.7681784881267],[-85.0324472275308,45.7668854505713],[-85.032454937235,45.7664333842005],[-85.0329195615902,45.7655747380578],[-85.0330331362933,45.7648479218033],[-85.033171883719,45.7647734478301],[-85.0347073689628,45.764926978289],[-85.0357775111326,45.7652238574219],[-85.036186140348,45.7655097079196],[-85.037370765799,45.7659209419347],[-85.0382365212712,45.7660004836817],[-85.0382770653893,45.7657372231979],[-85.038080622803,45.7653482315012],[-85.0381048124413,45.7650735434237],[-85.0382435154336,45.7649590026502],[-85.0388556607284,45.7646495833687],[-85.0398028360017,45.7645287751613],[-85.0400803102894,45.7643740816764],[-85.0404718121299,45.7639503525004],[-85.0407904170796,45.76404741732],[-85.0407497905137,45.7642191133749],[-85.0405622166344,45.7644366922219],[-85.0404644553252,45.7646427647284],[-85.0405625019947,45.7646884798766],[-85.0415423325041,45.7645561807876],[-85.0422280140076,45.7643039172145],[-85.0422519312421,45.7638117720865],[-85.0421863779803,45.7636344341843],[-85.0419658407945,45.7636002459162],[-85.0417781684964,45.7637205539875],[-85.0415412879272,45.7636749316104],[-85.041263444364,45.7635206267777],[-85.0409204917318,45.763555202224],[-85.0402266618193,45.7638131806612],[-85.0400470283399,45.7638419165133],[-85.0397203047715,45.7637791940433],[-85.0390098480912,45.7637911230908],[-85.0388872172919,45.7636824829937],[-85.0389113323338,45.7633448454123],[-85.0391150176689,45.7629326975056],[-85.0390821259943,45.7627267087678],[-85.0389757933703,45.7625837245913],[-85.0389673479564,45.7623319421137],[-85.0390243211238,45.7621659587047],[-85.0387626682769,45.7618685685609],[-85.0383297170656,45.7617429701531],[-85.0378724285775,45.7617490013762],[-85.0376031488516,45.7619380162192],[-85.037546189264,45.7621097233642],[-85.0373094413426,45.7621842734486],[-85.0369178572809,45.7625278724918],[-85.0366732906657,45.7629171578675],[-85.0364936955177,45.7629744938768],[-85.0359710517516,45.7629748426896],[-85.0355708555123,45.7629293180012],[-85.0354886550145,45.7624258082228],[-85.0351697152563,45.7619968305669],[-85.0352182839925,45.761607675578],[-85.0354549192798,45.7614301306943],[-85.0356750700957,45.7611267058593],[-85.0353889773072,45.7608693775862],[-85.0352662838738,45.7606748979065],[-85.0347026957732,45.7605436407291],[-85.0342290254552,45.7605038867887],[-85.0335510689003,45.7603212024642],[-85.033224444489,45.7603385730982],[-85.0324086101814,45.7610658245111],[-85.0321800020295,45.7611060220963],[-85.0319921709331,45.7610889697279],[-85.0313064381021,45.7613125584567],[-85.0311513739436,45.7614042109592],[-85.0308251347251,45.7618049777999],[-85.030653646053,45.761799362592],[-85.030391897923,45.7613588904739],[-85.0303183894578,45.7613417727905],[-85.0298857294632,45.7614908124369],[-85.0295508799996,45.7614509569417],[-85.0294854020174,45.7613022087315],[-85.0300647268562,45.7608269089785],[-85.0297462032307,45.7607813150042],[-85.0292726002956,45.7608044889158]]]]},"properties":{"NAME":"Wilderness State Park","CreatedUser":"MichiganDNR"}},
{"type":"Feature","geometry":{"type":"MultiPolygon","coordinates":[[[[-83.441767299605,42.9186621277556],[-83.4421553735379,42.9187982128423],[-83.4433790229335,42.9194697343231],[-83.4440639107023,42.9196620263435],[-83.4450675470976,42.9197108870708],[-83.4467172486181,42.9197099736826],[-83.4466017715516,42.9169317329896],[-83.454990939124,42.9168017788288],[-83.454812626354,42.9132079173717],[-83.4532543751416,42.9132317348868],[-83.453216706027,42.9126492635301],[-83.451354852437,42.9126749245854],[-83.4512298817567,42.9096652288357],[-83.4364511671228,42.9098814991613],[-83.436334199202,42.9043863917442],[-83.4412601303752,42.9043194655208],[-83.4412650364944,42.9045490574895],[-83.4461909244765,42.904479418332],[-83.4461894690849,42.9044115545259],[-83.4468148774444,42.9044030215232],[-83.4467726031658,42.9024322363342],[-83.4455514995339,42.9024488972656],[-83.445519420149,42.9009515927244],[-83.4461105318478,42.9009454341521],[-83.446115353545,42.9011953879012],[-83.4510461952438,42.901127992651],[-83.4510319568456,42.9004659569974],[-83.4542054327231,42.9004241224906],[-83.4540078285687,42.895042571855],[-83.4410654966135,42.8952062057185],[-83.4407322466029,42.887949144437],[-83.44565650671,42.887870475768],[-83.4454790873352,42.8842345741748],[-83.4488038900528,42.8841757284192],[-83.4486335676001,42.8804726436043],[-83.4481879500341,42.8804839440314],[-83.4481549064187,42.8800942876093],[-83.4479483618405,42.8802592159991],[-83.4475677972827,42.8804076550769],[-83.4475709130102,42.8804929064284],[-83.445114885165,42.8805465300013],[-83.4445055377659,42.8672806226576],[-83.4434045544749,42.8671745458976],[-83.4395335003664,42.8665209315964],[-83.4395085912801,42.8656346323157],[-83.435986405946,42.8657171024675],[-83.4344819941148,42.8654119074277],[-83.4327646972213,42.8653807717362],[-83.4323105937813,42.865331451542],[-83.4316298497971,42.8651209108247],[-83.4312085271751,42.8650489236445],[-83.4299651159584,42.8650731733371],[-83.4296386386016,42.8650444971831],[-83.4278057565141,42.8646574441218],[-83.4271822831141,42.8646765361286],[-83.4261357668154,42.8648400472202],[-83.4257486555315,42.8649639076161],[-83.4247218080333,42.8654165867213],[-83.4236760426441,42.8658142019595],[-83.423268708625,42.8659141793393],[-83.4229544759397,42.8659644260851],[-83.4212041867337,42.8659966134196],[-83.4213413768512,42.8696171002468],[-83.4199921346151,42.8696419009564],[-83.4201292723514,42.8732623962169],[-83.425059972488,42.8731716516427],[-83.4252070704853,42.8767919397324],[-83.4202664151736,42.8768829022826],[-83.4204252128901,42.8810743985764],[-83.4227658087487,42.8810295806702],[-83.4226964878132,42.8793218787215],[-83.4253075461219,42.8792645204462],[-83.4253772115076,42.8809787843208],[-83.4256128039737,42.8809742276652],[-83.4259071876375,42.8882448103288],[-83.4209567679273,42.8883530788627],[-83.4211949382654,42.8946489063305],[-83.4162282216928,42.8947709184029],[-83.4161346420577,42.8921094435473],[-83.4111905850572,42.8922198309499],[-83.4110670967934,42.8885696762342],[-83.4061278402916,42.8886779816002],[-83.4060091598473,42.8850259751016],[-83.4035419338215,42.885079119505],[-83.4034274976533,42.881422666473],[-83.4057147238377,42.881372261446],[-83.405642583845,42.8794787772741],[-83.4020973348605,42.8795518007356],[-83.4006764955958,42.877460005391],[-83.4005299321497,42.8737578129291],[-83.3906790765704,42.8740058544324],[-83.3907056900793,42.8746609718569],[-83.3857391487025,42.8746607215906],[-83.3857902195128,42.8759293146604],[-83.3808281454727,42.8760424005033],[-83.380900028588,42.87785258862],[-83.3833815673846,42.8777960608913],[-83.3835419724501,42.8818315970015],[-83.3762069314327,42.8819793933118],[-83.3763839333604,42.8877764344649],[-83.3733949427169,42.8878296059545],[-83.3733879297569,42.8876512900221],[-83.3714260117503,42.8876861481777],[-83.3714679867574,42.8889641731628],[-83.3720835058785,42.8889532392985],[-83.3720954075447,42.8893154074101],[-83.3764279252619,42.889218282789],[-83.376648809431,42.8964571685591],[-83.3749547700798,42.8965815159466],[-83.3717207194428,42.8966467550248],[-83.3719999073908,42.9038635613329],[-83.3769279529862,42.9037418746648],[-83.376788377109,42.9000995225276],[-83.3817386586706,42.9000286502932],[-83.3816034815732,42.896394556526],[-83.3840808195398,42.8963631629539],[-83.3842137845195,42.8999931362886],[-83.3916391798451,42.899886273702],[-83.3914830584114,42.895629411766],[-83.3912766299281,42.8956581855051],[-83.3912356523815,42.8957768788381],[-83.3912519596501,42.8962720001285],[-83.3910573681705,42.8962744795256],[-83.3910442108587,42.8958443798258],[-83.3909699271589,42.8957749862484],[-83.3896718213204,42.8957819314129],[-83.3894603314962,42.8957197478707],[-83.389352680997,42.8955721642663],[-83.3892175863608,42.894189413881],[-83.3890300853417,42.8939249876001],[-83.3888181107211,42.8938172201706],[-83.3867230042699,42.8937568860833],[-83.3867287816501,42.894035985652],[-83.3865543634349,42.8940330572725],[-83.3864578555163,42.8902140706188],[-83.3866713212878,42.8902222479391],[-83.3867224144223,42.8907714593731],[-83.3872116822213,42.8908331655223],[-83.3873206795794,42.8907940292635],[-83.3876444253841,42.8901296504435],[-83.3873609358644,42.8898389318121],[-83.3873367523411,42.8896274618983],[-83.3868685642131,42.8895611562254],[-83.3869507700848,42.889357294879],[-83.387020758575,42.8892716855535],[-83.3874123794962,42.8894569257538],[-83.3878543943944,42.8890956052866],[-83.3875429322163,42.8888625011294],[-83.3876411173362,42.8887765374091],[-83.3877957324776,42.8886693876946],[-83.3881010294812,42.888891986265],[-83.3886047154913,42.8884488997366],[-83.3886881467096,42.8883254177612],[-83.3887178833095,42.8881476038678],[-83.3885913845351,42.8880272457304],[-83.3886706037268,42.8879562396952],[-83.3887328705572,42.887956689923],[-83.3888377667992,42.887548615664],[-83.3890136469831,42.8876134004276],[-83.3892080893509,42.8882719457034],[-83.3888477842777,42.8882527741343],[-83.3887687494933,42.8884467516875],[-83.3885225424792,42.8886885158735],[-83.3890193746416,42.8889410214493],[-83.3889466774151,42.8892304943189],[-83.3882820985004,42.8891373344903],[-83.3883203773112,42.8892848773145],[-83.388510088622,42.8895698825943],[-83.3889152980052,42.889496051227],[-83.3893227140371,42.8900560320672],[-83.3884927702191,42.8898355933671],[-83.388427756579,42.8899394014671],[-83.3882147030322,42.8900865353752],[-83.3878439839546,42.8901260015643],[-83.3877773188707,42.8901812124566],[-83.3874459691629,42.8909334961804],[-83.3877522166157,42.8912815960615],[-83.388054536518,42.8917913783405],[-83.3882926466335,42.8920124201465],[-83.3886981349637,42.8922094227468],[-83.3897139314894,42.892495006075],[-83.3898365347224,42.8922341705538],[-83.3899576742776,42.8922550528676],[-83.391198088964,42.8916374116066],[-83.3921092434042,42.8914574106085],[-83.3926129382732,42.8910170980263],[-83.3927729660998,42.8909268261326],[-83.3933067531283,42.8898950568669],[-83.3935105808048,42.8889387512717],[-83.4006296053635,42.8888108017121],[-83.3970207887316,42.8928707097772],[-83.39765264706,42.8928569090293],[-83.3978106341666,42.8961753279794],[-83.4041862897697,42.8960312609132],[-83.4040120513827,42.8923797150874],[-83.408718555913,42.8922749437094],[-83.4088396538623,42.8959260181679],[-83.4063652229819,42.8959820073096],[-83.4067414264234,42.9068512489934],[-83.4092184228114,42.9068055698538],[-83.4093446878357,42.9104315297192],[-83.4068668485434,42.9104743166087],[-83.4069413371029,42.9123945383941],[-83.4094000900508,42.912351970962],[-83.4094155530119,42.9128650737826],[-83.4096955280911,42.9128604932349],[-83.4097201355698,42.9136756217239],[-83.4112195726664,42.9153681305777],[-83.4111686573787,42.9135815396025],[-83.4117515500146,42.9135725719235],[-83.411933489282,42.9131729094429],[-83.411874088822,42.9116653075245],[-83.4168290383486,42.9115460017738],[-83.416999224568,42.9157035977288],[-83.4219177242613,42.9155930437923],[-83.4219919935331,42.9174035883199],[-83.4269107954307,42.9172971180787],[-83.426823974529,42.9151848163899],[-83.4287961912404,42.9163622702698],[-83.4288328631449,42.9172538233437],[-83.4318295947854,42.9171904296108],[-83.4318315490694,42.9172380364875],[-83.4327756938792,42.917581503638],[-83.4357417415938,42.9189115270493],[-83.4361135472449,42.9189513204016],[-83.4378061148582,42.9187955628597],[-83.4411921373124,42.9186033351218],[-83.441767299605,42.9186621277556]]],[[[-83.4412018092546,42.9015890514088],[-83.4411827049669,42.9006945492312],[-83.4362570039356,42.9007589434442],[-83.4362761562176,42.9016591210795],[-83.4412018092546,42.9015890514088]]],[[[-83.3891655454117,42.8838600969981],[-83.3880195376715,42.8845693042093],[-83.3873489752018,42.8847306706148],[-83.3869876621347,42.8850830733147],[-83.3867999089775,42.8854084485684],[-83.386228941031,42.8854187737038],[-83.3862691759277,42.8867528547513],[-83.3847091854213,42.8873080922214],[-83.3845742925418,42.887538411063],[-83.3846175142939,42.8876525768216],[-83.384728909566,42.8877471022756],[-83.3853132502821,42.8880293864508],[-83.3853729722503,42.8882075974743],[-83.3853579347321,42.8883345714428],[-83.3850009722917,42.8890783180046],[-83.3863386686822,42.8890564188962],[-83.38629170422,42.88751204508],[-83.3865042311523,42.8875147328668],[-83.386582810674,42.8879848213185],[-83.3866955930518,42.8882652438035],[-83.3865553005026,42.88889786145],[-83.3866153804206,42.8890188142883],[-83.3866976129064,42.8890462543061],[-83.3869363459787,42.8889305696428],[-83.3877482027844,42.8880389235293],[-83.3886797654962,42.8872241675458],[-83.3889261470899,42.8871799654952],[-83.3891879428646,42.8873172691562],[-83.3893975735455,42.8875096047778],[-83.3897274164807,42.8879603502783],[-83.3897056233992,42.8881913772914],[-83.3896312256576,42.8883014461327],[-83.3893926791136,42.888483135744],[-83.3891917893258,42.8887857908701],[-83.3891631330219,42.8892533264994],[-83.3892157293597,42.8893687830287],[-83.3894478588896,42.8895831129167],[-83.3898444454936,42.88984679261],[-83.3899044737776,42.8899512492795],[-83.3897784997983,42.890336366187],[-83.3898012746408,42.8904738513989],[-83.3901154935373,42.8906605980204],[-83.3902203666112,42.8907705175387],[-83.390250608884,42.8909079999483],[-83.3901989455875,42.8911445428167],[-83.389908484338,42.8914692898896],[-83.3897071128908,42.8915959505172],[-83.3897595604225,42.891650905305],[-83.3898716297779,42.8916618195411],[-83.390252242916,42.8915240105113],[-83.3903640092793,42.8914194284025],[-83.390662562766,42.8913256786726],[-83.3909677586012,42.8909239222656],[-83.3912438430028,42.8908136908817],[-83.3913931993648,42.890797078862],[-83.3917524584084,42.8910607864407],[-83.3918720743095,42.8910991923375],[-83.392185841368,42.8911099296621],[-83.3925589224735,42.8909556248828],[-83.3927751547501,42.8908069490841],[-83.3930347428763,42.8901137138705],[-83.3932429107342,42.8897505300149],[-83.3933907700962,42.8891838969171],[-83.3932552793679,42.8889429474698],[-83.3912940606906,42.8889751653556],[-83.3910752749111,42.8816793045455],[-83.390615673855,42.8816884060847],[-83.3905797259598,42.8827255919041],[-83.3905049282243,42.8829007005443],[-83.3891655454117,42.8838600969981]]],[[[-83.4195405780518,42.858751335361],[-83.4197905314704,42.8645303580951],[-83.4247059597518,42.8644299801072],[-83.424475470291,42.8586505740189],[-83.4195405780518,42.858751335361]]],[[[-83.3879951265083,42.8891231333676],[-83.3875882424484,42.8894600926172],[-83.3874762268906,42.8896795202399],[-83.3875749677591,42.889912694952],[-83.3877368950193,42.8900096748416],[-83.3879315416329,42.8900474669987],[-83.3882306483667,42.8899722186121],[-83.3884016734805,42.889714186672],[-83.388150464688,42.88916224011],[-83.3879951265083,42.8891231333676]]],[[[-83.3869008164646,42.8912594743166],[-83.3870463669769,42.8913040231142],[-83.3873324238964,42.8910195188755],[-83.3870647304581,42.8909131201125],[-83.3867750945604,42.8908948943578],[-83.386701237165,42.8909701416138],[-83.3867020810984,42.8912568092773],[-83.3869008164646,42.8912594743166]]],[[[-83.3868359221099,42.8913058150132],[-83.3867443315379,42.8913289755473],[-83.3866886855921,42.8914052925465],[-83.386712788915,42.8919938535479],[-83.3867979221604,42.8920498179712],[-83.3871146354754,42.8919504704573],[-83.3871816832031,42.8918789729188],[-83.387072802732,42.8914213904322],[-83.3869688490276,42.8913360235452],[-83.3868359221099,42.8913058150132]]],[[[-83.3867163808976,42.8923777218466],[-83.3867797424582,42.8924460672437],[-83.386896169281,42.8924562714233],[-83.3872307053462,42.8923106624937],[-83.387663876978,42.8922711279709],[-83.3879836122732,42.8921567951333],[-83.3880387450754,42.8919769997986],[-83.3876850341878,42.8914260928947],[-83.387193052466,42.8915864422613],[-83.3872849718093,42.8919760779051],[-83.3867284478898,42.8921443098821],[-83.3867163808976,42.8923777218466]]],[[[-83.3873427342798,42.8924599348773],[-83.3869484480124,42.8926198415941],[-83.3867208982083,42.8928818623874],[-83.3867163024347,42.8934941357823],[-83.3867511851257,42.893574127207],[-83.3868660937627,42.8936295696061],[-83.3870716357773,42.8936360749687],[-83.3871977016057,42.89354219301],[-83.3871323470864,42.8933911136987],[-83.3871448564064,42.8932101543527],[-83.387492516923,42.89256640114],[-83.3874569915218,42.8924754477168],[-83.3873427342798,42.8924599348773]]],[[[-83.3894351613891,42.8944555330201],[-83.3895360930456,42.8955482596582],[-83.3896003372655,42.8956161651724],[-83.3910798009513,42.895606313479],[-83.3914914332289,42.8955457823799],[-83.3913884906867,42.8922962526806],[-83.3909614776169,42.8917956587993],[-83.3899894632366,42.8922709480434],[-83.3898842896927,42.8922437312644],[-83.3897062887353,42.892586680851],[-83.3887160563838,42.8923349822025],[-83.3882591615403,42.8921771883188],[-83.3878882346745,42.8924167522782],[-83.3876190078843,42.8927532668503],[-83.387350756341,42.8933647255618],[-83.3874532893503,42.8935422840499],[-83.3876877050293,42.8936326353437],[-83.3887482170034,42.8936531087928],[-83.3891124860347,42.8937933909417],[-83.3893257267938,42.8936270036031],[-83.3893547661492,42.8934608534896],[-83.3893359678431,42.8934258483617],[-83.3892248042441,42.8935157078445],[-83.3890630342613,42.8933534622509],[-83.3888298104221,42.8932135969811],[-83.3892529844629,42.892829921396],[-83.3897898701662,42.8930412729365],[-83.3894110364768,42.8934131063346],[-83.3894101400896,42.8936306782344],[-83.3891762937356,42.8938255374604],[-83.3893875461882,42.8941075797943],[-83.3894351613891,42.8944555330201]]],[[[-83.451209188561,42.9087032355843],[-83.4512192205676,42.9091696461611],[-83.4546070757231,42.90911952073],[-83.4545849916389,42.9086824076691],[-83.451209188561,42.9087032355843]]]]},"properties":{"NAME":"Ortonville Recreation Area","CreatedUser":"MichiganDNR"}},
{"type":"Feature","geometry":{"type":"MultiPolygon","coordinates":[[[[-86.2034108504962,42.4181268888555],[-86.202471078339,42.4181090353508],[-86.2024546791621,42.4147637319178],[-86.1998700148434,42.4147397406833],[-86.1998799223249,42.4167780980825],[-86.2010332107058,42.4168000342921],[-86.201039466277,42.4180818231409],[-86.1950302914273,42.4179628111236],[-86.1917611554191,42.4178344574061],[-86.1780488596916,42.4172124302575],[-86.1780471712519,42.4170984003503],[-86.1682810262137,42.4166511001297],[-86.1682800887909,42.4167685063329],[-86.15045966894,42.4159501096166],[-86.1488874600209,42.4159765467858],[-86.1456653726655,42.4163636846391],[-86.1447042797779,42.4163660522157],[-86.1437574146748,42.4162778605528],[-86.1427337199101,42.4160683433841],[-86.1287712784076,42.4127495335694],[-86.1192515149531,42.4111349533312],[-86.107325754854,42.4089781986128],[-86.1016942434138,42.4080596587246],[-86.0964725878074,42.4071007898888],[-86.036376555261,42.3966143186043],[-86.0314214140525,42.3956194712576],[-86.0114792534601,42.392137387211],[-85.972040097817,42.3849979468638],[-85.972045257525,42.3852801740655],[-85.9951643379681,42.3894823343734],[-86.0113931473871,42.3924043148326],[-86.0313350685118,42.3958863668067],[-86.0362886262027,42.3968809204382],[-86.0764567997119,42.4038974632921],[-86.0764462543007,42.4043810857167],[-86.0772231394291,42.4043833409785],[-86.0772262165624,42.404024745442],[-86.1018689177492,42.4083475822399],[-86.1072423714706,42.4092456000487],[-86.1191652294426,42.4114018399133],[-86.1286807025827,42.41301571259],[-86.142866844007,42.4163865931733],[-86.1436853084219,42.4165463898124],[-86.1442653036416,42.4166133012511],[-86.1450944315921,42.4166492025362],[-86.1458951128187,42.4166263727877],[-86.1489248512897,42.4162489259293],[-86.1504467498547,42.4162237272985],[-86.1682749637386,42.4170425085259],[-86.1682770976569,42.4169283882932],[-86.1780512539395,42.4173740369254],[-86.178052925092,42.4174868477215],[-86.1870416900383,42.4179095675125],[-86.1943052228456,42.4182114846952],[-86.1975820688834,42.4182898373758],[-86.1975861707012,42.4191397763895],[-86.1990784772965,42.4191536281627],[-86.1990777101514,42.4183182521534],[-86.2116144397294,42.4185535177962],[-86.2116157301073,42.419243139696],[-86.2122536851472,42.4192456254199],[-86.2122537404617,42.4185652341165],[-86.2437264772832,42.4190997776176],[-86.2448998661166,42.4190593904161],[-86.2449051414286,42.4191598593971],[-86.2453172401805,42.4191241386034],[-86.2464719304421,42.4193162611962],[-86.2480461858679,42.4193179120186],[-86.2485343455176,42.4188763514754],[-86.2487678613128,42.4187797394556],[-86.2494891416055,42.4187162645094],[-86.2500006679429,42.4186150427981],[-86.2503613979035,42.4183564509831],[-86.2504190670638,42.4182539757694],[-86.2503224035832,42.4180061988969],[-86.2503947061041,42.417868585266],[-86.2506144406316,42.4179932178812],[-86.2510358325094,42.418029809782],[-86.2508262421179,42.4176920398191],[-86.2505946405354,42.4176268051498],[-86.2503835871613,42.4174800357964],[-86.2546153821828,42.4161454819763],[-86.2546254030691,42.4167983732358],[-86.2554213039927,42.4169961816398],[-86.2558203564229,42.4169225205495],[-86.2560038786307,42.4167772334597],[-86.2560682887974,42.4166613324085],[-86.2560995243339,42.4163259473707],[-86.2560044159212,42.4159367749288],[-86.2560893406306,42.4157299281046],[-86.2563247214337,42.4155219343436],[-86.2565644804978,42.4153925434942],[-86.2572493100172,42.4153549145773],[-86.2574736108034,42.4148692992134],[-86.2579999951166,42.4144657223259],[-86.2590089633677,42.41349282007],[-86.2595438099677,42.4130711556628],[-86.2602338734953,42.4127270770725],[-86.2608091527376,42.41253459303],[-86.2615118347586,42.412369084047],[-86.2626968081724,42.4122530507261],[-86.2626984042194,42.4121620629439],[-86.2631344719264,42.4120726460807],[-86.263540469976,42.411690206395],[-86.2641615900287,42.4116620770709],[-86.2641649464033,42.411378331921],[-86.2642325578562,42.411376715448],[-86.264109822194,42.4109178866736],[-86.2641054274517,42.4106211456193],[-86.2632033851925,42.410636719733],[-86.2632452339645,42.4114066846594],[-86.261965801336,42.4114476246711],[-86.2620018965555,42.4121263252257],[-86.2612987462876,42.4122202159999],[-86.2606194370504,42.4123929763388],[-86.2601152003854,42.4125678137968],[-86.2595407069426,42.4128379816867],[-86.2588203681988,42.4133764041831],[-86.2576520128776,42.4144830493173],[-86.2580899128274,42.4135178105718],[-86.2583615144338,42.4127644277168],[-86.2584911866121,42.4122473186825],[-86.2583788626584,42.4122502636164],[-86.2585177911391,42.4110042315351],[-86.2587027520582,42.4109993817562],[-86.2587111547654,42.4106973480882],[-86.2537318342366,42.4108244312286],[-86.2537422572296,42.4153275568339],[-86.2545986086635,42.4150525249785],[-86.2546123643254,42.4159488420053],[-86.2499363874237,42.417424191756],[-86.2488473239056,42.416911756858],[-86.2470839574702,42.4169265638791],[-86.2468398879294,42.4173399662285],[-86.2467009142075,42.417898090065],[-86.2465014117202,42.418282333131],[-86.2463158537252,42.4184632216209],[-86.2459113266591,42.4186600763345],[-86.2454043342092,42.4187507829502],[-86.244900848573,42.4187022752942],[-86.2448975968048,42.4187821753576],[-86.2448532885061,42.4187878518592],[-86.2437355905159,42.4188261415669],[-86.2034108504962,42.4181268888555]]],[[[-85.7101808064662,42.3701642646436],[-85.711105130442,42.370126205231],[-85.7122931582204,42.3698248384553],[-85.7136618198961,42.369356114725],[-85.7172739453501,42.3680614764082],[-85.7172712533164,42.3680102757191],[-85.7194116192657,42.3672419538424],[-85.7237504418567,42.3655472237367],[-85.727384313504,42.3642067249153],[-85.7275258755528,42.3642065657675],[-85.7409654585503,42.3592418853105],[-85.7441291937445,42.358012201586],[-85.7459227888107,42.3574854897053],[-85.746940926554,42.3572585362708],[-85.7479623914486,42.3571623872086],[-85.7493537104724,42.3570661147885],[-85.7514230288456,42.3570380135183],[-85.7846934319291,42.3572185140908],[-85.7846942055304,42.3571585925086],[-85.7901006984367,42.3572372509683],[-85.7921343061406,42.3569756290654],[-85.7944591016762,42.3565320555175],[-85.7993488805396,42.3554726288556],[-85.8010957642236,42.3550549069553],[-85.8022948380897,42.3549388577155],[-85.8039292188391,42.3549716332107],[-85.8047173893585,42.3551195210774],[-85.8056281045906,42.3553860142402],[-85.8073184635375,42.356196883392],[-85.8107795111779,42.3582316705269],[-85.811645889924,42.3586932928807],[-85.812613373357,42.3591009900755],[-85.8135552045971,42.3594069022921],[-85.814208617321,42.3595655814592],[-85.8142083512831,42.3595164340127],[-85.8160854028874,42.3599484943482],[-85.8170813513791,42.3601043060994],[-85.8191554739797,42.360236672445],[-85.8191559450585,42.3602835249135],[-85.8336074013023,42.3612432676638],[-85.8434989565233,42.3611988084184],[-85.8443393865114,42.3610268059443],[-85.8451374487692,42.3607340047724],[-85.8465137498812,42.3603322661946],[-85.8479321148451,42.3598482498738],[-85.8505421130843,42.3588472589701],[-85.8526084806949,42.3579982097833],[-85.8585620050003,42.3548374413573],[-85.8594469582266,42.3544455168513],[-85.8602492065405,42.3542795334702],[-85.8610373866452,42.3541676798329],[-85.8622428995239,42.3541124982305],[-85.867304348711,42.3541395393972],[-85.8682800527838,42.3542151224913],[-85.8713726039561,42.3552337732899],[-85.8744974072731,42.3563401711789],[-85.8771535358458,42.3571941664197],[-85.8771482376574,42.3568933351511],[-85.874647872932,42.3560894216329],[-85.8715252023852,42.3549837251235],[-85.868377247311,42.3539486442121],[-85.8673153153432,42.353865132213],[-85.8622382580431,42.3538380100943],[-85.8609904494538,42.3538951502031],[-85.8601593924944,42.3540131876505],[-85.8592812123884,42.3541992859476],[-85.8583543950154,42.3546101844471],[-85.8524167203956,42.3577632609078],[-85.8503697663834,42.3586043814554],[-85.8477698389282,42.3596015385119],[-85.8463699635332,42.3600792926212],[-85.8449918307112,42.3604815683408],[-85.8442119196612,42.3607687240093],[-85.8430362789758,42.3609892480656],[-85.8361832358349,42.3610349528425],[-85.8342659861202,42.3610122783391],[-85.8191531588203,42.3600078805456],[-85.8191536335339,42.3600547330218],[-85.8171155275094,42.3599247719545],[-85.8161474871964,42.359773224118],[-85.8142073172806,42.3593256316256],[-85.8142070500449,42.3592764814747],[-85.8136924609735,42.3591518720336],[-85.8127706935974,42.3588524591278],[-85.8118490975776,42.3584636984704],[-85.8110040620262,42.3580134620204],[-85.8075394675638,42.3559765897751],[-85.8058136201085,42.3551481285026],[-85.8048342289661,42.3548588128535],[-85.8039683216744,42.3546983938548],[-85.8022706290184,42.3546646392606],[-85.8010202233065,42.3547856041714],[-85.7992426376668,42.3552097099988],[-85.7943627196478,42.3562670423845],[-85.7920598183193,42.3567066795977],[-85.7899982013821,42.3569718764833],[-85.7514187533816,42.3567635657936],[-85.7493319360653,42.3567920345993],[-85.7472703671716,42.3569508586026],[-85.7457353473322,42.3569530600922],[-85.7457506870708,42.3572408273029],[-85.7439707197706,42.3577639959872],[-85.7407987345424,42.3589968394394],[-85.7266923991246,42.3642077589374],[-85.7268346740327,42.3642073450686],[-85.7235947750213,42.3654043111513],[-85.7192890346669,42.3670857767511],[-85.7172608940203,42.3678131049008],[-85.7172582209678,42.3677622320437],[-85.7121540811385,42.3695702837837],[-85.7110111977752,42.3698599549647],[-85.7101861503592,42.369889769578],[-85.7086449439906,42.3698489752974],[-85.7075520406048,42.3697203906738],[-85.7067346849847,42.3695434515627],[-85.7058831800484,42.3692746485597],[-85.7050861593797,42.3689218505211],[-85.7036869267575,42.368129015724],[-85.7028949885913,42.3675201354282],[-85.6908964502941,42.357543086013],[-85.6889109172608,42.3563098077585],[-85.6869117222315,42.3551660753964],[-85.686007150801,42.3545182713627],[-85.6857288413119,42.3542266976142],[-85.6852083712437,42.353488934644],[-85.6850461176241,42.3530521159625],[-85.6849134801681,42.3524488191049],[-85.6836006237656,42.3484641426267],[-85.6834443989711,42.3481463287966],[-85.6832307597537,42.347392351994],[-85.6829868292615,42.3455309398208],[-85.682951444811,42.3430933681387],[-85.6828917481478,42.3426210192364],[-85.6827754841857,42.3422402079137],[-85.682287692374,42.3414239537098],[-85.6816173085847,42.340689356713],[-85.6798619422453,42.3396388234917],[-85.6794117831666,42.3393019988419],[-85.6785611436759,42.3384839944296],[-85.678229713032,42.3379077983405],[-85.6779679557973,42.3367382989843],[-85.6781402016123,42.3354656425659],[-85.6783968926132,42.332550763602],[-85.6784394074751,42.331639090501],[-85.6784051435247,42.3309092586424],[-85.6781435320709,42.3300608971285],[-85.6778966783525,42.3296739392234],[-85.6776136740361,42.3293147189398],[-85.6770087635707,42.3288757477555],[-85.6757542235609,42.3283316529216],[-85.674376419806,42.3279440234426],[-85.6712306028685,42.3262864157826],[-85.6702802450386,42.3258495022637],[-85.6702807963329,42.3248295083958],[-85.6680615598766,42.32482172107],[-85.6680615423968,42.3248511901065],[-85.6670421006529,42.3244262154815],[-85.6614623221552,42.3226003925388],[-85.6601621355725,42.3222096072247],[-85.6584256835833,42.3218158569335],[-85.6567172533447,42.3218351391751],[-85.656035279107,42.3219330344338],[-85.6525103578523,42.3228279131584],[-85.6503729551104,42.3234211809952],[-85.6492549340571,42.3236346942665],[-85.6488598610129,42.3237518589809],[-85.6469922231048,42.3237055660335],[-85.6456415430865,42.3233706771506],[-85.6449714906009,42.3230533596917],[-85.644288846263,42.3226092715018],[-85.6434681313457,42.3219944678189],[-85.6434581043552,42.321497380427],[-85.6428493209868,42.3214978909548],[-85.6408246230371,42.3198627984662],[-85.6391531204562,42.3188047130288],[-85.6307992961657,42.3141976086067],[-85.62688714007,42.3125897855985],[-85.6255798693787,42.3121263542386],[-85.6243253246913,42.3117604141726],[-85.6093949739384,42.3088156010976],[-85.6093971056944,42.3091050888777],[-85.6096460256815,42.3091659084853],[-85.6242157583682,42.3120226488753],[-85.6254344809762,42.3123788129207],[-85.626710930249,42.3128311392648],[-85.6305969825838,42.3144278606975],[-85.6389244202801,42.3190204692229],[-85.6405643074111,42.3200580744663],[-85.6431631450943,42.3221558713813],[-85.6440394663004,42.3228120344453],[-85.6447468721804,42.3232719233176],[-85.6454874536741,42.3236209437312],[-85.6469337809988,42.3239774534613],[-85.6489186599586,42.3240253684249],[-85.6493598722875,42.3238980684176],[-85.6504871917874,42.3236824193095],[-85.652635272135,42.3230862625774],[-85.6561258174606,42.3221992808644],[-85.6567495625996,42.3221088924067],[-85.6583631855654,42.3220874837026],[-85.6600380052123,42.3224682252187],[-85.6613182673186,42.3228532182071],[-85.6668870315859,42.3246755159449],[-85.668061360317,42.3251660869227],[-85.6680606738285,42.3263505278506],[-85.667875728287,42.3263504705767],[-85.6678750592051,42.3275114839298],[-85.6689662328732,42.3275150527958],[-85.6689670411739,42.3260877972662],[-85.6701043303092,42.3260915062227],[-85.6710236757656,42.3265140510161],[-85.6741972126229,42.3281852971328],[-85.6755914294173,42.3285785815956],[-85.6767733986624,42.3290886034041],[-85.67732664615,42.3294897248072],[-85.6775666223575,42.329798021908],[-85.6777933812769,42.3301513384787],[-85.6780373473951,42.3309430011191],[-85.678069381011,42.3316384718039],[-85.678027568723,42.3325349735878],[-85.6777714487529,42.3354432260924],[-85.677597157617,42.3367422882383],[-85.6778730339751,42.3379832858231],[-85.6782447411876,42.3386275001417],[-85.6791346256097,42.3394840154717],[-85.6796205446961,42.3398469385876],[-85.6813315723872,42.3408654137135],[-85.6819663846227,42.3415607285419],[-85.6824227838879,42.3423243699409],[-85.6825251697727,42.3426599940262],[-85.6825819033067,42.3431089225788],[-85.6826172495724,42.3455445034609],[-85.6828667041986,42.3474432597562],[-85.683085439718,42.3482156568557],[-85.6832432169138,42.3485366413347],[-85.6845523493098,42.3525089413138],[-85.6846867143202,42.3531178667656],[-85.6848627331681,42.3535880835201],[-85.6854113010205,42.3543679143165],[-85.6857266884138,42.3546982645714],[-85.6866678573027,42.3553728032341],[-85.6886817181483,42.3565253253424],[-85.6906369018374,42.3577391140507],[-85.7026203680097,42.3677041776106],[-85.7034386892414,42.3683328910276],[-85.7048891104229,42.3691542864213],[-85.7057166220342,42.369520103661],[-85.7066121103746,42.3698026781389],[-85.707474631622,42.3699890555789],[-85.708602200268,42.3701218191117],[-85.7101808064662,42.3701642646436]]],[[[-85.9534980263572,42.3824037951783],[-85.9555033568143,42.3826054545913],[-85.9569074136126,42.3827994655531],[-85.9574027821955,42.3827981196025],[-85.9574019213279,42.3827282015506],[-85.9555327601065,42.3824699255613],[-85.9535158475161,42.3822671053227],[-85.9525012258333,42.382223598852],[-85.9525003687308,42.3821549376985],[-85.9427280023057,42.3819442033567],[-85.9410289803574,42.3817405265662],[-85.9300043261855,42.3788984478965],[-85.9278643298487,42.3783890335691],[-85.9268406625575,42.3780972093659],[-85.9258888742364,42.3777431940742],[-85.9243209103765,42.3769497091632],[-85.9231330733444,42.3761811585823],[-85.9204871206056,42.3745907921769],[-85.9149289829094,42.3713347714232],[-85.9083491448747,42.3673690296543],[-85.8926153880243,42.358041456343],[-85.8918567532953,42.3577368656021],[-85.8911607287896,42.3575120491002],[-85.8905829987352,42.3574347242852],[-85.8887969910142,42.3574235485875],[-85.8887999692901,42.3576675313345],[-85.8903731839987,42.3576855456995],[-85.89106971482,42.3577787362783],[-85.8924021496025,42.3582660403815],[-85.9081172080592,42.3675829165341],[-85.9183310684468,42.3736960810892],[-85.9183317293666,42.3735942544337],[-85.9183313922165,42.373695697842],[-85.922897367491,42.3763927923526],[-85.924094281928,42.3771670021712],[-85.9257121088132,42.3779844972447],[-85.9266947107131,42.3783495947486],[-85.9277430498471,42.3786483958416],[-85.9298843629044,42.379158101734],[-85.9409544077674,42.3820095969894],[-85.9426928938972,42.3822180157613],[-85.9525038005157,42.3824297930168],[-85.952502942333,42.3823610265116],[-85.9534980263572,42.3824037951783]]],[[[-85.998178797229,42.3880201316115],[-85.9993674618198,42.3880305901076],[-85.9993600325653,42.3862112518819],[-85.9945199456685,42.3861904623234],[-85.9945232885835,42.3879878920559],[-85.998178797229,42.3880201316115]]]]},"properties":{"NAME":"Kal-Haven Trail State Park","CreatedUser":"MichiganDNR"}},
{"type":"Feature","geometry":{"type":"MultiPolygon","coordinates":[[[[-83.2714129001366,44.7107973316238],[-83.2712587530819,44.7107982756589],[-83.2713242835326,44.7110414686287],[-83.2712815669914,44.7113629219891],[-83.2713880740305,44.712341263919],[-83.2713302545077,44.7128915265939],[-83.2710868621708,44.7131833293369],[-83.2698008865663,44.7137015833031],[-83.2696516998861,44.7137795042875],[-83.2697058012451,44.7138056650618],[-83.2702188296046,44.7137397567258],[-83.270067717594,44.7137568256437],[-83.2709880403052,44.7134699982117],[-83.271609584719,44.7133733062788],[-83.2721802108289,44.7135163937869],[-83.2726387848308,44.7136894016221],[-83.2734578601256,44.7141008307365],[-83.2738971153087,44.7143841500336],[-83.2810056935177,44.7143342071345],[-83.2810671528352,44.7107667612232],[-83.2714129001366,44.7107973316238]]],[[[-83.2719522462572,44.7088277023169],[-83.271792520163,44.708627904714],[-83.2716846631718,44.7086731328254],[-83.2721013813406,44.7093974179503],[-83.2723497515802,44.7093249331523],[-83.2719522462572,44.7088277023169]]]]},"properties":{"NAME":"Sturgeon Point State Park","CreatedUser":"MichiganDNR"}},
{"type":"Feature","geometry":{"type":"Polygon","coordinates":[[[-83.6603365423269,42.5163340712458],[-83.6610010104006,42.5163466996884],[-83.6609872805976,42.5161413700308],[-83.6648401334736,42.516246751545],[-83.665556917886,42.5163203817517],[-83.6706441772646,42.5170516744363],[-83.6707568999608,42.5185676949855],[-83.6733379140622,42.5184578898917],[-83.6732766118863,42.5176568730427],[-83.6751427176069,42.5179486076755],[-83.6773276233211,42.5181478152184],[-83.6773082785487,42.5178847059804],[-83.6803466198576,42.5181641374558],[-83.6876415606221,42.5178594654186],[-83.6875868880655,42.5171244566354],[-83.687957373576,42.5171093893345],[-83.6880134192513,42.517843846803],[-83.6904423352831,42.5177417893159],[-83.6904305235806,42.51760527114],[-83.6944378921185,42.5174155850363],[-83.6944404665404,42.5174527195185],[-83.6967141891476,42.5173663813481],[-83.6966436155708,42.5163640437789],[-83.6984963611232,42.5162936572533],[-83.6984782661446,42.5160382250318],[-83.6996690290238,42.5159847099377],[-83.6996308251591,42.5154309924572],[-83.7037049522434,42.5152521531507],[-83.7037330806919,42.5157939444625],[-83.7045046204914,42.5157633904145],[-83.7045894504185,42.5172217500344],[-83.7051678681966,42.5171976389676],[-83.707256362941,42.5169787385206],[-83.7094643958548,42.5165774658599],[-83.7137624235154,42.5156687287143],[-83.7146407066643,42.5155226605003],[-83.7145482796482,42.5141228966693],[-83.7156111687477,42.5140755621033],[-83.719766609497,42.5142368055428],[-83.7197796488073,42.5144434548574],[-83.7232143585302,42.5146242465517],[-83.7232785934371,42.5157946285472],[-83.7247831391314,42.5158781427613],[-83.7245828796426,42.5126584784743],[-83.7260523488405,42.5114030628968],[-83.7260232619056,42.5109355517338],[-83.7262246762716,42.5109228284249],[-83.7261109877036,42.5089840126888],[-83.7340732778385,42.5086716327787],[-83.7340410569278,42.5080797779418],[-83.7367024017859,42.5079717668811],[-83.7369143402229,42.5079955298741],[-83.7367270674707,42.5081669252699],[-83.7382169011336,42.5081158611955],[-83.738246888248,42.5081517841464],[-83.7380564816238,42.5085351590532],[-83.7461215791236,42.5082385781362],[-83.746841193893,42.5077008866186],[-83.7472486018118,42.5079656488875],[-83.7488857082273,42.5068046296165],[-83.7489320711011,42.5067124126619],[-83.7488901079314,42.5060046903526],[-83.7475034740051,42.5052408359258],[-83.7464760972799,42.5048526806758],[-83.7465673212173,42.5046320928757],[-83.7467859739113,42.5046522560948],[-83.7541507200852,42.5044359285672],[-83.7556765492443,42.5024276728394],[-83.7558534003874,42.501924176283],[-83.75584099588,42.5007074922808],[-83.7534456562325,42.500792833517],[-83.7532842033264,42.4971747133446],[-83.7506217453786,42.497258546565],[-83.7506050872845,42.4968121142371],[-83.7505428157236,42.4968136376124],[-83.7504837513638,42.4953835516309],[-83.7482606701553,42.496030541675],[-83.7481539967511,42.4937109316098],[-83.7497148009305,42.4936629986877],[-83.7492236791712,42.493201149226],[-83.7490268431451,42.4929037219296],[-83.7490771080634,42.4919233136607],[-83.748746501048,42.4880096866787],[-83.7487581223837,42.4876452305694],[-83.7490288880933,42.4864131427882],[-83.7490680659165,42.486411306029],[-83.7500954957257,42.4827630365701],[-83.7444786359089,42.4829496383303],[-83.7446887162962,42.4865704791256],[-83.7327887912126,42.4869481021321],[-83.7326448438138,42.4833249072845],[-83.7276650959689,42.4834824559392],[-83.7276524686117,42.4835277754294],[-83.7276438528894,42.4834831259968],[-83.7251264669892,42.4835502858826],[-83.7244091451766,42.4835907054532],[-83.7254579694704,42.4835558374299],[-83.7254830013335,42.4842280174182],[-83.7240010889802,42.4842772872366],[-83.7239784216677,42.4836149725132],[-83.7204936056965,42.4837207986063],[-83.7205204530298,42.484406736032],[-83.7190386282204,42.4844572915079],[-83.7189970114933,42.4837704883537],[-83.7158216625269,42.4838778037525],[-83.7158414829925,42.4844186917779],[-83.715161052199,42.4844308586491],[-83.7150208335861,42.4847210276451],[-83.7148167551849,42.4849871825851],[-83.7142316276541,42.4854951202505],[-83.7133753984113,42.4859119467548],[-83.712834991545,42.4860414098497],[-83.7120499195113,42.4860841451133],[-83.7104929075725,42.4866268512368],[-83.7100186236403,42.4868552480621],[-83.7089253066289,42.4875285120614],[-83.7085933348181,42.4876870103898],[-83.7084509055962,42.4877304110357],[-83.7030585791951,42.4879149307564],[-83.7034263067069,42.4926107666976],[-83.6994421136944,42.4941410956624],[-83.6996830085993,42.4974201409297],[-83.702817170507,42.4986234274856],[-83.7034765843045,42.4988243857166],[-83.7032972387545,42.4988304118644],[-83.7022324131832,42.499908747366],[-83.7007567545791,42.4999582711812],[-83.7008864158892,42.5017222548259],[-83.6965893414901,42.5018655038283],[-83.6966500882655,42.5026925200852],[-83.6942903436311,42.5027709474762],[-83.694542686903,42.5063881013284],[-83.6896323835308,42.5065511056625],[-83.6893035084504,42.5029371537766],[-83.6890532392419,42.4993087877749],[-83.6890980060698,42.4991557077702],[-83.6888933516451,42.4958470411244],[-83.6824432993767,42.4981422463723],[-83.6802104308912,42.4988858731001],[-83.6744712613804,42.5011330028965],[-83.6746666014748,42.5036907639396],[-83.679556924029,42.5034400659272],[-83.6799616898586,42.5089205608681],[-83.6750653024181,42.5091175618413],[-83.6750572521813,42.5090080100012],[-83.6701800870961,42.5092038524028],[-83.670183398968,42.5092490534198],[-83.667651349825,42.5091403794607],[-83.6633749480489,42.5108135190807],[-83.6595697626148,42.5109769932704],[-83.6596302549204,42.5119937437153],[-83.6622001572395,42.5116267900911],[-83.6596823387872,42.5126827911819],[-83.6596652467978,42.5124270793956],[-83.6584354590399,42.5129495815357],[-83.6583029683463,42.51295655735],[-83.6568734199355,42.513836704767],[-83.6558974450617,42.5145849181871],[-83.6554511598302,42.5150004027588],[-83.6549017182846,42.515038348196],[-83.654830815664,42.513872623583],[-83.6534404906637,42.5143668470847],[-83.6529531766967,42.516025237704],[-83.6526167124122,42.5164576460631],[-83.6549882842344,42.5164615164515],[-83.6549145650539,42.5152495569393],[-83.6554142202879,42.515206797489],[-83.6562349335681,42.5152691883756],[-83.6569488023721,42.515408296746],[-83.6590347661902,42.5161917112757],[-83.6596486000026,42.5163019502075],[-83.6603365423269,42.5163340712458]]]},"properties":{"NAME":"Island Lake Recreation Area","CreatedUser":"MichiganDNR"}},
{"type":"Feature","geometry":{"type":"Polygon","coordinates":[[[-89.5847082436841,46.4630586936741],[-89.5845376401285,46.4521869395182],[-89.56464641431,46.4523200591506],[-89.5646716075137,46.4547902779438],[-89.5647842851127,46.4552131817744],[-89.5657156110408,46.4559976900016],[-89.5659473618848,46.4564314352867],[-89.5661305888846,46.4566235005288],[-89.566377087989,46.4567605491318],[-89.5666232575239,46.4568096950396],[-89.5668366751007,46.4565896757434],[-89.5682970795072,46.4566867628768],[-89.5683460799101,46.4570493115661],[-89.5685133204375,46.4572084323811],[-89.5684822424363,46.4573787864046],[-89.5686414116707,46.4575049489691],[-89.5690729212975,46.4576315063341],[-89.5695824302929,46.4580648984204],[-89.5700453608245,46.4587620556782],[-89.5701178794801,46.4590476528276],[-89.5707803285664,46.4600357380736],[-89.571051199522,46.4603100945124],[-89.5715617811918,46.4610017123591],[-89.5725168880985,46.4615503764433],[-89.5731303940509,46.4620608514041],[-89.5736719482588,46.4622929290376],[-89.5737340650685,46.4624263168399],[-89.5742738063783,46.4625920041411],[-89.5748466998116,46.4630910840293],[-89.5847082436841,46.4630586936741]]]},"properties":{"NAME":"Lake Gogebic State Park","CreatedUser":"MichiganDNR"}},
{"type":"Feature","geometry":{"type":"Polygon","coordinates":[[[-84.4101982321307,42.9577583881705],[-84.4250896917528,42.957593798476],[-84.4245719844847,42.9267994406505],[-84.4307004014721,42.9267232453138],[-84.4306227647497,42.9219885129415],[-84.4244792305433,42.9220452487672],[-84.4243670113917,42.9168088560061],[-84.4255253394442,42.9148098400714],[-84.4046277745607,42.9149522204666],[-84.4048465798343,42.9249900182933],[-84.3950119530186,42.9249571809681],[-84.3952160830352,42.9367194545851],[-84.3954503000136,42.9434363997772],[-84.3953247037427,42.9434376714471],[-84.3954608488008,42.9578992878992],[-84.4101982321307,42.9577583881705]]]},"properties":{"NAME":"Sleepy Hollow State Park","CreatedUser":"MichiganDNR"}},
{"type":"Feature","geometry":{"type":"MultiPolygon","coordinates":[[[[-83.569785631128,42.8215752843715],[-83.5694150263207,42.8215745975187],[-83.5694588045521,42.8229184875398],[-83.557726725106,42.8230552792917],[-83.558415310518,42.8241184637799],[-83.559979188134,42.8272011494518],[-83.5629758903826,42.8259447123263],[-83.5645738329934,42.8258396276813],[-83.5678345477935,42.8262698506721],[-83.5679665999643,42.8267057922328],[-83.568529784883,42.8268502198431],[-83.5689231060606,42.8282083305735],[-83.5684918340131,42.829711819924],[-83.5676463117484,42.8319274376102],[-83.5672460857396,42.8331971102474],[-83.5697899866124,42.8331499299072],[-83.5698787345179,42.8357847828055],[-83.5749292958871,42.8358823139323],[-83.5746953325549,42.8293808526595],[-83.5718427978035,42.8251397438516],[-83.5705141786667,42.8231047563739],[-83.5700854631717,42.8223193139831],[-83.569785631128,42.8215752843715]]],[[[-83.5778829689224,42.8341279143925],[-83.5772940921873,42.834118430738],[-83.5773793567286,42.8359295209251],[-83.5783314732792,42.8359478714911],[-83.5783172489057,42.8356458361492],[-83.578909649007,42.8356572500882],[-83.5778829689224,42.8341279143925]]]]},"properties":{"NAME":"Holly Oaks ORV Park","CreatedUser":"MichiganDNR"}},
{"type":"Feature","geometry":{"type":"MultiPolygon","coordinates":[[[[-84.6902631664386,44.9323419602555],[-84.6906198994805,44.932137713029],[-84.6920168808204,44.9316774107929],[-84.6933758431706,44.9313272169546],[-84.6917064888898,44.9302701690766],[-84.6914015856765,44.9297429610381],[-84.6916569952797,44.9285322051704],[-84.6917148821768,44.9278940111456],[-84.6916514158316,44.9275750811681],[-84.6897163130995,44.9271471783716],[-84.6896236421462,44.9273506357046],[-84.6894852713267,44.9273162781503],[-84.6890426264234,44.9282685439028],[-84.6881424201074,44.9303100987086],[-84.6883443883792,44.9303134255568],[-84.6861447511291,44.9351381883466],[-84.6861681659032,44.9366054265587],[-84.6867322983513,44.9359164037933],[-84.6872304297658,44.9351889477674],[-84.6880698254248,44.9345981775622],[-84.6885639993953,44.9344648507246],[-84.6892497796794,44.934050491251],[-84.6895937609642,44.9337850596215],[-84.6895919893835,44.9334990513693],[-84.6894434100315,44.9332354316256],[-84.6896257507624,44.9327069098762],[-84.6902631664386,44.9323419602555]]],[[[-84.6860667959903,44.9309889319635],[-84.6860536379944,44.9302756575317],[-84.6858991992431,44.9302726774847],[-84.6859123590755,44.9309859546627],[-84.6860667959903,44.9309889319635]]]]},"properties":{"NAME":"Otsego Lake State Park","CreatedUser":"MichiganDNR"}},
{"type":"Feature","geometry":{"type":"MultiPolygon","coordinates":[[[[-85.5454325492057,45.1975469508472],[-85.5454457487914,45.1993781066054],[-85.5506019998538,45.1993981920952],[-85.5506038393293,45.197564789135],[-85.5608293132997,45.1975992594957],[-85.5609116304502,45.1954674070471],[-85.5610603266596,45.1947747208306],[-85.5612145000901,45.1944024168278],[-85.561782950017,45.1936273054274],[-85.5629191767968,45.1922265549157],[-85.5632212594445,45.1919170846013],[-85.5639812758309,45.1912811191397],[-85.5663277831675,45.1897039671632],[-85.5662929713659,45.1894928572299],[-85.5665357232548,45.1893094923244],[-85.5672062138627,45.1893140457066],[-85.5680460097316,45.1900051975966],[-85.5681444079337,45.1900439976954],[-85.5672217705538,45.1893137877687],[-85.569762191856,45.1895026029495],[-85.5723820573341,45.1884132312321],[-85.5732287160081,45.1882071884925],[-85.5735572171541,45.1880566528876],[-85.5745999612176,45.1878950591108],[-85.575782104056,45.1875744951301],[-85.5763278204738,45.1869077379712],[-85.5769937391895,45.1858890269922],[-85.5774232123649,45.1853615933072],[-85.5784819078196,45.1843443253452],[-85.5791227647998,45.1839205540793],[-85.5796619306916,45.1834749694154],[-85.5814803630847,45.1823404282553],[-85.5823984358364,45.1818019017387],[-85.5830306413911,45.1815589910348],[-85.5836004565757,45.1812258208335],[-85.5859885598825,45.1802553326841],[-85.5877118547464,45.1796733790019],[-85.5893119651791,45.1791895584841],[-85.5900494437993,45.1790107057897],[-85.5899672222002,45.1741426860747],[-85.5847904145183,45.1741758901064],[-85.5846552354623,45.1668190127008],[-85.5744211666283,45.1668611311371],[-85.5744837437415,45.1705261472418],[-85.5718859950265,45.1705332805213],[-85.5613458258824,45.1696048090341],[-85.561380321071,45.1675186621724],[-85.5601050889478,45.1671847618007],[-85.5599076419105,45.1675456834674],[-85.5595344444269,45.1680021053683],[-85.5584296029581,45.16884136147],[-85.5583698513806,45.1717461019787],[-85.5560226737108,45.1717596502947],[-85.5558819528705,45.1799795057948],[-85.554175073095,45.1799800385557],[-85.5541743489255,45.1800302886269],[-85.5507859884851,45.180034425555],[-85.5506111606931,45.1902596831131],[-85.5481958119214,45.1902422140313],[-85.5481949915024,45.1922854052594],[-85.5454783268408,45.192267009449],[-85.545478184526,45.192584626856],[-85.547410667635,45.1925986529978],[-85.5474104687968,45.1930793589597],[-85.5454779694471,45.1930653327695],[-85.5454776036654,45.1938807033024],[-85.5454160173886,45.193884402865],[-85.5454325492057,45.1975469508472]]],[[[-85.5614200305272,45.1651169780107],[-85.5615485577673,45.165116800685],[-85.5615111315928,45.1673807573889],[-85.5623434154858,45.1673796051984],[-85.5629618974891,45.1686021974038],[-85.563503258883,45.1679910696801],[-85.5639368357593,45.1677560583389],[-85.5640084716432,45.1634115219393],[-85.5614200305272,45.1651169780107]]],[[[-85.5466497732939,45.2109196640432],[-85.5465954305131,45.2111946764658],[-85.5467355492642,45.2112689692519],[-85.546864254433,45.2112535161204],[-85.5470374235038,45.2111364106755],[-85.547631044362,45.2109244093558],[-85.5478226360527,45.2109320268231],[-85.5480932116531,45.2110754274771],[-85.5482361637032,45.2110982852282],[-85.5485448842342,45.2110197659089],[-85.5488147017902,45.2107987626618],[-85.5490042005957,45.2109178327608],[-85.5491947135703,45.2107548192872],[-85.5492625383,45.2107679483606],[-85.5493225292195,45.2108513538522],[-85.549472840078,45.2108639501979],[-85.5495242251338,45.2109618971189],[-85.5497557438254,45.2109825293731],[-85.5497973257198,45.2110932990964],[-85.5498966459603,45.2111116962997],[-85.5500673850307,45.210994903461],[-85.5500174815872,45.2108626663517],[-85.5501408916127,45.2109025929104],[-85.5504821967333,45.2108447743841],[-85.5504182013889,45.2108076546115],[-85.5507509334608,45.2107600904376],[-85.5510104456714,45.2104601600789],[-85.5511605749642,45.2100329024643],[-85.5513252968354,45.2099092257415],[-85.5513244954875,45.2098569203276],[-85.5514479716155,45.209888271677],[-85.5514590556553,45.2097125463241],[-85.5513164897566,45.2096408214648],[-85.5514779948249,45.2091544473977],[-85.5513769319505,45.2090494470606],[-85.5514589370925,45.2089554541784],[-85.5513208881868,45.2087722841257],[-85.5513127827501,45.2085134647964],[-85.5454671211183,45.208493835563],[-85.5454726627195,45.2048716048074],[-85.5505964916294,45.2048888254297],[-85.5505983266438,45.2030602097934],[-85.5452201054285,45.2030394916396],[-85.5452192730522,45.2048707470566],[-85.5403491413049,45.2048541550359],[-85.540346481302,45.2072692795284],[-85.5380256586975,45.2072612997325],[-85.5382988199944,45.2077098892971],[-85.538334929022,45.2080444240573],[-85.5384262499404,45.2083011581688],[-85.538963916527,45.2090106907667],[-85.5390303178367,45.2093496357959],[-85.5391127917102,45.209500872077],[-85.5391849648548,45.2095757579794],[-85.5392228288868,45.2095433291764],[-85.5393026394414,45.2095736597272],[-85.539289860034,45.2096542044774],[-85.5392168495411,45.2096830619736],[-85.5394714491026,45.209848711253],[-85.5397690893735,45.2099416532464],[-85.5399271822087,45.2100417489933],[-85.5399798258867,45.2101319881894],[-85.5400962258758,45.2101376011025],[-85.5400690234585,45.2102017976055],[-85.540171716053,45.2102527982959],[-85.5403856101593,45.2105031645654],[-85.5405567432822,45.2107919413824],[-85.5405562581022,45.2107001397369],[-85.5406673743087,45.210759747908],[-85.5407682204812,45.2107387175582],[-85.5407153955901,45.2108216741964],[-85.5408321200026,45.2109378935941],[-85.5408280612332,45.2109901795533],[-85.5407709965959,45.2109977844008],[-85.5408274357268,45.211068758712],[-85.540975217209,45.2110942167124],[-85.5410931140798,45.2110646813915],[-85.5412812365466,45.210858433869],[-85.5412906865337,45.2107808145935],[-85.5412418883875,45.2108405579862],[-85.5412130557656,45.2107654099191],[-85.5413390465982,45.2106272002475],[-85.5416134116322,45.2106209169727],[-85.5419040444187,45.2106812429221],[-85.5419715703732,45.2107312431668],[-85.5419765822583,45.2108624469488],[-85.5421228201395,45.2109290537088],[-85.5422634465901,45.210939048057],[-85.542467558626,45.210897852901],[-85.5426080077767,45.2109301386928],[-85.5428192133122,45.2107603602766],[-85.543056465531,45.210670423097],[-85.5432883166406,45.2106490572883],[-85.5436381872412,45.2107348381569],[-85.5437774432978,45.211068068881],[-85.5439023725713,45.211221185926],[-85.5438133185078,45.2109803992326],[-85.5438394267995,45.2107490027107],[-85.5439432249533,45.2106619614709],[-85.5441341505078,45.2106009899126],[-85.5443790279789,45.2106191145676],[-85.544735066172,45.2109960785094],[-85.5449273246436,45.2110722960211],[-85.5449832775759,45.2110527989022],[-85.5448742309083,45.2108851699213],[-85.5449013229413,45.2106820719496],[-85.5451535298198,45.2105416034217],[-85.5453769839925,45.2105081962657],[-85.5462078977206,45.2105054963191],[-85.5465059337713,45.2105504075489],[-85.5466457704652,45.2106598534656],[-85.5466497732939,45.2109196640432]]]]},"properties":{"NAME":"Leelanau State Park","CreatedUser":"MichiganDNR"}},
{"type":"Feature","geometry":{"type":"MultiPolygon","coordinates":[[[[-83.9796095450417,42.463403193564],[-83.98372008554,42.4661583262308],[-83.9847662703282,42.4667691876321],[-83.985798449179,42.467211280707],[-83.9862936426387,42.4673570162109],[-83.9875507827725,42.4675986771553],[-83.9891485950664,42.4676787533741],[-84.0003983685683,42.4677079801136],[-84.0453894596821,42.4675648131665],[-84.0453803270162,42.4674499569927],[-84.0549906722875,42.4675024322859],[-84.0549923883529,42.4675310571889],[-84.056260015688,42.4673696078951],[-84.0576435629864,42.4671017984112],[-84.064963738943,42.4648313292884],[-84.0760107412361,42.4612411441214],[-84.0773450771453,42.4608965332161],[-84.0784291911573,42.4606987281765],[-84.0788525009371,42.460666889732],[-84.1187017598146,42.4609213433564],[-84.128511794542,42.46092616652],[-84.1304629210187,42.4608790460638],[-84.1313165494834,42.4608200460482],[-84.1324856194528,42.4606244042871],[-84.1352655952069,42.4602653671129],[-84.1443511295651,42.458891086244],[-84.1584467920778,42.456859443923],[-84.164144305956,42.4559984010371],[-84.1649022834549,42.4558552594349],[-84.1657909749437,42.4556195695894],[-84.1663356339375,42.4554032352321],[-84.1674971163472,42.4547974638914],[-84.168195993774,42.4543330856521],[-84.1718830763405,42.4514957709481],[-84.1745376279657,42.449389747171],[-84.1936414482966,42.4346672052654],[-84.208567876488,42.4232584096846],[-84.220296286875,42.4142204527506],[-84.2293383967609,42.4073753422363],[-84.2394126286808,42.3995820325024],[-84.2412121212519,42.3982428859675],[-84.2772638721713,42.3704122024495],[-84.2920165440556,42.3589540000763],[-84.2964224110569,42.3556560468525],[-84.3012097557532,42.351897083287],[-84.3135891932567,42.3423797833367],[-84.340310312844,42.3216770412263],[-84.3398766587076,42.3216151998204],[-84.3400864168052,42.3214539131627],[-84.3390762030244,42.3214797641172],[-84.3390633198339,42.3222405829968],[-84.3222434223347,42.3352853947999],[-84.3009428282746,42.3517069483405],[-84.2961548841965,42.3554663520671],[-84.2917501833266,42.3587633914687],[-84.2769965888457,42.370222269129],[-84.240945921153,42.3980520310204],[-84.239145374172,42.3993919954627],[-84.2290731437561,42.407183734637],[-84.2200298129597,42.414029759921],[-84.2083010132871,42.4230679837038],[-84.1933746912254,42.4344766728652],[-84.174269336836,42.449200344003],[-84.1716151702574,42.4513060625782],[-84.1679331558904,42.4541394512396],[-84.1672710669818,42.4545797462063],[-84.1661395456181,42.4551700455322],[-84.1656269212031,42.4553732386052],[-84.1647941697157,42.4555926207621],[-84.1630271150692,42.4558871885786],[-84.1442778894695,42.4586219959251],[-84.1351938200115,42.4599960526068],[-84.132417392287,42.4603545705403],[-84.1312553793968,42.4605490213151],[-84.1304333331335,42.4606053951777],[-84.1289596370042,42.460651872983],[-84.1187045943148,42.4606468487028],[-84.0788466341458,42.4603923191674],[-84.0783647931041,42.460428014807],[-84.0772372855436,42.4606337316609],[-84.0758754286934,42.4609854564496],[-84.0648180193961,42.4645789230823],[-84.0575182472933,42.4668432412305],[-84.0561778518397,42.4671018134377],[-84.0545026898568,42.4673197287276],[-84.0475540609226,42.4672825302116],[-84.0207962220933,42.4673900804786],[-84.0128404811988,42.4673740683294],[-84.0003970500139,42.4674334785269],[-83.996389200928,42.4674189018216],[-83.9891594504624,42.4674042916862],[-83.9875950138075,42.4673257654594],[-83.9864061103131,42.467095339784],[-83.985482927528,42.4667723365073],[-83.9845525642534,42.4663158172315],[-83.9831016980728,42.4653858162526],[-83.9815623790694,42.4643464643987],[-83.981562140689,42.4643463132721],[-83.9813880481853,42.4642291581787],[-83.981075679551,42.4640189452424],[-83.9792433377822,42.4627861059788],[-83.9787896334268,42.4625220204783],[-83.97828304629,42.462227159427],[-83.977893438873,42.4620005501326],[-83.976931986916,42.4614904807675],[-83.9762531170795,42.4613186598236],[-83.9761492726634,42.4612929322515],[-83.9754893982507,42.4611262635008],[-83.9736024528495,42.4609627216534],[-83.9710794979274,42.4607668683649],[-83.9700128939953,42.4607475770722],[-83.9690337112796,42.4607085062266],[-83.9652666678689,42.4606402443904],[-83.9430418402514,42.4606016991098],[-83.9407396908425,42.4606640216263],[-83.9344634636953,42.4606558352406],[-83.9327753819654,42.4606895682107],[-83.9308290926427,42.4608040168813],[-83.8989200423782,42.463301812969],[-83.8828358579562,42.464641668384],[-83.8730093855511,42.4655472082145],[-83.8720220094384,42.4655494504147],[-83.8706425038669,42.4654165406932],[-83.8700090973746,42.4654042331555],[-83.8689214854038,42.4652559989301],[-83.8625798158653,42.4646429906149],[-83.8513599399065,42.4634382054196],[-83.8512894881633,42.463708020483],[-83.8625278904577,42.464914780485],[-83.8688664161808,42.465527468554],[-83.8699609191445,42.4656767347628],[-83.870609825961,42.4656902101961],[-83.8719884596642,42.4658228883935],[-83.8724766669993,42.4658324611422],[-83.8743749455361,42.4657175205976],[-83.8828790601749,42.4649142899651],[-83.8986249884424,42.4636043357901],[-83.9308659729681,42.4610771624219],[-83.9327998836999,42.4609634823081],[-83.9344686194211,42.4609303333895],[-83.9407434966857,42.4609385195624],[-83.9430044501753,42.460872869012],[-83.9652643771369,42.4609147375486],[-83.9710627422166,42.4610411447576],[-83.9712880426874,42.4610591573044],[-83.9714756671707,42.4610741577877],[-83.9720933864285,42.461123538538],[-83.9735654003365,42.4612358398368],[-83.9748299978224,42.4613226573798],[-83.9754128230206,42.4613950818387],[-83.9765319068202,42.4616771741874],[-83.9767500968379,42.4617312231481],[-83.9776740648277,42.4622218545754],[-83.979007177654,42.4629977967023],[-83.9796095450417,42.463403193564]]],[[[-84.4070432176303,42.2794333557846],[-84.4067730757258,42.2803920866701],[-84.4063848969719,42.2812531924675],[-84.4059681253642,42.2818931695147],[-84.4047576442407,42.2833448646104],[-84.4040143415401,42.283964168377],[-84.4031662823482,42.2844813454496],[-84.3989615168742,42.2865846073472],[-84.3989601997343,42.2869145964159],[-84.4033819163277,42.2847043956782],[-84.4042619361096,42.2841683815392],[-84.4050561355862,42.2835072779971],[-84.4062978088732,42.2820174631336],[-84.4067302778603,42.2813516896239],[-84.4071270481701,42.2804716180648],[-84.4074062857073,42.2794851633835],[-84.4082167899965,42.2751933656615],[-84.408750304589,42.2760499567691],[-84.408746898294,42.2754257698741],[-84.4083348734077,42.2746068816207],[-84.4084537798643,42.2740952594464],[-84.4084527748586,42.2734641426551],[-84.4083189260397,42.2729429367059],[-84.4073702618291,42.2729404729121],[-84.4079563656461,42.2746211860205],[-84.4070432176303,42.2794333557846]]],[[[-83.8418479463697,42.4627634636497],[-83.8422965188922,42.462610403601],[-83.8432341895323,42.4628483190658],[-83.8442135576473,42.4630018606537],[-83.8445091222834,42.4627525254598],[-83.8443798377307,42.4627401067324],[-83.8443326212022,42.4627909661271],[-83.8437412690926,42.4627341592096],[-83.8437726540207,42.4626817782529],[-83.839588087228,42.4622446700831],[-83.8387430930245,42.4620802169757],[-83.8379485085286,42.4618423636817],[-83.8367290086041,42.4612839032902],[-83.82923446972,42.4566718079829],[-83.8280036380636,42.4559483699172],[-83.8266440405821,42.4553065250172],[-83.8083301862114,42.4496231296097],[-83.8083345578079,42.4497607018101],[-83.8083249289496,42.4496214451265],[-83.7982142530143,42.4465230665619],[-83.7982342010993,42.4468260379923],[-83.8065747743416,42.4493767270405],[-83.8264764177405,42.4555515856022],[-83.8277862723682,42.4561701460983],[-83.8290009577705,42.4568840954096],[-83.8368309977801,42.4616806144227],[-83.8377921211232,42.4620904958026],[-83.8389377853805,42.4624141962671],[-83.8399881242922,42.4625766992136],[-83.8418479463697,42.4627634636497]]]]},"properties":{"NAME":"Mike Levine Lakelands Trail State Park","CreatedUser":"MichiganDNR"}},
{"type":"Feature","geometry":{"type":"Polygon","coordinates":[[[-89.1314770363678,46.4086848947033],[-89.1314795382309,46.4095896458545],[-89.1262588414811,46.4095463887422],[-89.1262778334495,46.4122610703815],[-89.1366960316375,46.4123475625904],[-89.1367069200799,46.4051083525302],[-89.1336397439473,46.4050841791261],[-89.1339846730952,46.4060378570112],[-89.1339779797617,46.4065734050912],[-89.1338377501206,46.4069571875661],[-89.1336317252644,46.4072823355963],[-89.1333913800937,46.4074443620636],[-89.1331383319437,46.4075472771099],[-89.1331339728184,46.4086985549359],[-89.1314770363678,46.4086848947033]]]},"properties":{"NAME":"Bond Falls Scenic Site","CreatedUser":"MichiganDNR"}},
{"type":"Feature","geometry":{"type":"MultiPolygon","coordinates":[[[[-88.6177929169368,47.2248068282331],[-88.619217964831,47.2283420394088],[-88.6166800985699,47.2283387148038],[-88.6167970795291,47.2319185960082],[-88.606141082401,47.2319977701224],[-88.6061552300423,47.2355784202796],[-88.5953963385615,47.2356573563522],[-88.5953887410106,47.2359638793677],[-88.5954749482654,47.2362721461199],[-88.5952963744081,47.2364636089044],[-88.5950298620208,47.2365887956321],[-88.5938362019675,47.2369462031319],[-88.5933436514008,47.2371637833566],[-88.592205863557,47.237570839466],[-88.5918595181994,47.2376188005058],[-88.591504579967,47.2377326145079],[-88.5912618542156,47.2378963430491],[-88.5910682631288,47.2379559205239],[-88.5906341496297,47.2379156341072],[-88.5904084339968,47.2379695899566],[-88.5897788533467,47.2382140325294],[-88.5896160790801,47.2384385030509],[-88.5894623831161,47.2385367025341],[-88.5889945160097,47.238682985961],[-88.5886482897009,47.2387144566867],[-88.5884880486308,47.2386368780517],[-88.5885816022402,47.2380331703293],[-88.5888360507312,47.2374301594546],[-88.5892330161625,47.2371023500037],[-88.5893718596164,47.2368558042725],[-88.589406135399,47.2366033243304],[-88.5895766922426,47.2364118415714],[-88.5900438557694,47.2362651760545],[-88.5900551913513,47.2356760725727],[-88.5847140854155,47.2356931887461],[-88.5846344147299,47.2414691264178],[-88.5853711731577,47.2414667799776],[-88.5867717840163,47.2419480336637],[-88.5873268763192,47.2418171481182],[-88.5907507116729,47.2413045920183],[-88.5932485788157,47.2408593912886],[-88.5961070671543,47.2405969569838],[-88.5972337540742,47.2405631903988],[-88.5995926112711,47.2403918522689],[-88.6028769758299,47.2400336477241],[-88.6045444679344,47.2399346690281],[-88.6052532084479,47.2398442815312],[-88.6061713411837,47.2396537212758],[-88.6061688393919,47.2390220948936],[-88.6066059022068,47.2386414072438],[-88.6122814596132,47.2383572330548],[-88.6159229473331,47.2346857663487],[-88.6168655416458,47.2340129623981],[-88.6168823322726,47.2345268287091],[-88.6197483039593,47.2323842482684],[-88.6206760325533,47.2318579736145],[-88.6217774780936,47.2313097047129],[-88.6220554718084,47.2308855968473],[-88.6234764090421,47.2308530144821],[-88.6238968470892,47.2313714760698],[-88.6245421049773,47.2306307944044],[-88.6249984102599,47.2302093541382],[-88.6245669282426,47.2299721006216],[-88.6256625406817,47.2290337119875],[-88.6255552318602,47.2283500943244],[-88.6219722168075,47.2283455841887],[-88.6220315518582,47.2247163551694],[-88.6177429868826,47.2247014089932],[-88.6177929169368,47.2248068282331]]],[[[-88.6239489268229,47.2213445713811],[-88.6241210646005,47.2215924685448],[-88.6244849408194,47.2214751966453],[-88.6243127910467,47.2212272975847],[-88.6239489268229,47.2213445713811]]]]},"properties":{"NAME":"F.J. McLain State Park","CreatedUser":"MichiganDNR"}},
{"type":"Feature","geometry":{"type":"Polygon","coordinates":[[[-84.6602914905789,44.4139264422396],[-84.6542218005726,44.4139389425587],[-84.6545220030529,44.421321982778],[-84.6545077751375,44.4357502711898],[-84.6643983159289,44.4357922838639],[-84.6643882440163,44.4321840988809],[-84.6686947339731,44.4322016650707],[-84.6685716168554,44.4318988625226],[-84.6685761491742,44.431752266296],[-84.6687173715854,44.4315420892602],[-84.6692430437114,44.4312677931082],[-84.6694586612348,44.4313123316901],[-84.6694422368152,44.4314030459366],[-84.6709549706018,44.4322771438987],[-84.672085496116,44.4314738844241],[-84.6723659478422,44.4312102550219],[-84.6716490017955,44.4310075434644],[-84.6719102792515,44.4305818075281],[-84.6726312820094,44.4307679566561],[-84.673709200694,44.4284915929094],[-84.6742207229232,44.4284903386995],[-84.6742019622945,44.4307448556892],[-84.6745060076334,44.4301787091934],[-84.6747589543693,44.4298960707018],[-84.6758420598858,44.4292620302937],[-84.678058126518,44.4282209011881],[-84.6812560832713,44.4268866477715],[-84.6816656952913,44.4267661771731],[-84.6816674332518,44.4266890128386],[-84.6817966103675,44.4266390511195],[-84.6819270024906,44.4266945879198],[-84.6819750350725,44.4266342536561],[-84.6824727744963,44.426479637345],[-84.6853878462818,44.4257431742198],[-84.6866781515857,44.4254664655712],[-84.6885162834657,44.425148021869],[-84.6896986494328,44.4249875282004],[-84.6926332131086,44.4246634566875],[-84.6926304681699,44.4238086470362],[-84.6934147741497,44.4238057712269],[-84.6934129003704,44.4232620221794],[-84.6935661548236,44.4232614596039],[-84.6935647570776,44.4228563554807],[-84.6938172468793,44.4228547322223],[-84.6938153682509,44.4223109740213],[-84.694067855713,44.422309350196],[-84.6940647228571,44.4214036851215],[-84.6935597569711,44.4214069313652],[-84.6935596467513,44.4213160034231],[-84.6842410383781,44.4213411194103],[-84.6842439219495,44.4218749706584],[-84.6818383636139,44.421878611363],[-84.6818355707516,44.4213577136134],[-84.6841141706416,44.4213419957367],[-84.6840546972608,44.4103278444233],[-84.6790042959665,44.4102990324306],[-84.6789423883702,44.4066785542057],[-84.6739067902205,44.4066561440025],[-84.6740298987116,44.4129731248427],[-84.6641075296947,44.4130184424879],[-84.6641345534189,44.4139183907476],[-84.6602914905789,44.4139264422396]]]},"properties":{"NAME":"South Higgins Lake State Park","CreatedUser":"MichiganDNR"}},
{"type":"Feature","geometry":{"type":"MultiPolygon","coordinates":[[[[-83.5879443782071,45.3504249729585],[-83.5880782971642,45.3504138839125],[-83.5883881738204,45.3504889864141],[-83.5887506214041,45.3506471278281],[-83.5891122984069,45.3508382393503],[-83.5894796941704,45.3511173382288],[-83.5896220996282,45.3513553055125],[-83.5896174078915,45.3525421893289],[-83.5897557853608,45.3529504657982],[-83.5901488985439,45.3531309474678],[-83.5906994940628,45.3532418598874],[-83.5910920892622,45.3534443127452],[-83.5916376378378,45.3540991716164],[-83.5920156968921,45.354257497746],[-83.5924202430235,45.3542842413908],[-83.59305640744,45.3544016463092],[-83.5934545906585,45.3543678763452],[-83.5936900958301,45.3542937164595],[-83.593661919109,45.3541669994044],[-83.5938965001613,45.3538015943474],[-83.5939968554184,45.3538412414468],[-83.5941295341217,45.3538318099186],[-83.5941239423761,45.3537383332523],[-83.593898029591,45.3534059638278],[-83.5941872436853,45.3527059996318],[-83.5949421263101,45.3520829532592],[-83.5954080394487,45.3518191824634],[-83.5959460275926,45.3518035263215],[-83.5963187606406,45.3518573652976],[-83.5970700296543,45.3517178315012],[-83.5974049737191,45.3517217749661],[-83.5980971885722,45.351773857411],[-83.5984299401792,45.3518711826201],[-83.598773887097,45.3521554726621],[-83.5992121265441,45.3527376000224],[-83.599721257974,45.3532875798844],[-83.6002636257756,45.3537500275676],[-83.6004113026063,45.3540979485536],[-83.6006747832851,45.3544911923601],[-83.6009926256026,45.3545608578316],[-83.601676125641,45.3549864863728],[-83.6020394767367,45.3554413396423],[-83.6024074191445,45.3560336183993],[-83.6025778376842,45.3564092762463],[-83.6023010712729,45.3572467782784],[-83.6019897915913,45.3575618522737],[-83.6019939770916,45.3577157600799],[-83.602173016863,45.3577233544745],[-83.6024056250505,45.3574403287576],[-83.6026493003337,45.3573497641761],[-83.6028727747397,45.3574567886052],[-83.6034847488579,45.3582772119888],[-83.6045579134685,45.359037086296],[-83.6047452211861,45.3593579907918],[-83.6047067370907,45.359670753129],[-83.6045992978216,45.3599332663733],[-83.6050845284721,45.3605104162886],[-83.6053517982565,45.3607443261396],[-83.6062068486704,45.3608367355237],[-83.60667005381,45.361023482983],[-83.6074476750884,45.361428195625],[-83.6091836649005,45.3625089701245],[-83.6104706711378,45.3631283998003],[-83.6110781062549,45.3631464542257],[-83.6119637178644,45.3632666514141],[-83.6131240697882,45.3639724980814],[-83.6140257873253,45.3640708904645],[-83.6149335159162,45.3642462674517],[-83.615389753579,45.3643999266722],[-83.6159146968992,45.364279622392],[-83.6172756708569,45.3637293909718],[-83.6176908810544,45.3636352867253],[-83.6183593819001,45.363708957648],[-83.6194978937726,45.363678164457],[-83.6205407533808,45.3637396568532],[-83.6218901220399,45.363689289956],[-83.6238564449733,45.3639207725198],[-83.6249675342773,45.3641868566892],[-83.6256943179163,45.3642585917805],[-83.626056418467,45.3643796747169],[-83.626744019191,45.3646993296868],[-83.6282915610625,45.3648578809441],[-83.630139149145,45.3648910618838],[-83.6307113690816,45.3650035358163],[-83.6316787087818,45.3652970306604],[-83.63348281326,45.3661992454071],[-83.6343308201688,45.3664120437604],[-83.6360838301318,45.3676777280954],[-83.6371783457592,45.368304580378],[-83.6390348376203,45.3703986565605],[-83.6392244735148,45.3704837863396],[-83.639807529905,45.37061005556],[-83.6396807030019,45.363447426437],[-83.6392834997912,45.3492559441923],[-83.6392097228372,45.3349386808954],[-83.6225996864334,45.3350743018591],[-83.6025706112537,45.3353036495229],[-83.5870830665216,45.3355493699624],[-83.5869829734385,45.3319238173037],[-83.5818297299624,45.3320031350037],[-83.5767006932579,45.3320165330752],[-83.5767871005959,45.3356467845906],[-83.5716554701691,45.3356623690411],[-83.5714782923213,45.32844876257],[-83.5663529678832,45.3285115488979],[-83.5664318836925,45.3320435844784],[-83.5613028419163,45.3320563036261],[-83.5613922124242,45.3356928499873],[-83.5485649167715,45.335255728232],[-83.5485272168643,45.3337292954445],[-83.5472609882602,45.3337082275179],[-83.5472821947033,45.3352119357895],[-83.5459994828127,45.3351681283854],[-83.5459493222591,45.3316068504801],[-83.5438136836057,45.3315508997438],[-83.5437228519243,45.331713773949],[-83.5433305191704,45.3318299778409],[-83.5419651274915,45.3319178782288],[-83.5413786321775,45.3316908325337],[-83.5409602575956,45.3315977822298],[-83.540830462317,45.3316623342896],[-83.5408480929443,45.3336682083694],[-83.5339703964841,45.333627196419],[-83.5339916347344,45.3349031860567],[-83.5203270149268,45.3347229207339],[-83.5203074847881,45.3456155070965],[-83.5255143344535,45.3456687341516],[-83.5255316575597,45.3492947229608],[-83.5225722551834,45.3492673890106],[-83.5235030065931,45.350098851995],[-83.524654748203,45.3507835265738],[-83.5248985623309,45.3510063571197],[-83.5249897506206,45.351414121967],[-83.5260406840024,45.3520810514586],[-83.5275784375768,45.3529133460411],[-83.5281836173656,45.3533329567839],[-83.5287309773987,45.3535705169011],[-83.5289947276333,45.3536177334936],[-83.5291856630318,45.3537739562127],[-83.5293814057962,45.3540511219511],[-83.533200866025,45.3562083326762],[-83.5339404455403,45.356552631872],[-83.5345014099875,45.3568727554474],[-83.5353965184044,45.3572299556676],[-83.5357294662658,45.3573164675821],[-83.5361752130434,45.3575692253599],[-83.5371031727842,45.3575421457766],[-83.5376191811312,45.357790265306],[-83.5380013989125,45.3580916991281],[-83.5380610288775,45.3582023304493],[-83.5382538902594,45.3582816300038],[-83.5385265421494,45.3582849674707],[-83.5393097460447,45.358124223017],[-83.5403505206824,45.3582633584988],[-83.5407942934021,45.358279780545],[-83.540981987617,45.3582787678419],[-83.5414199419729,45.3581885254128],[-83.5419180993618,45.3582111049582],[-83.5427482947558,45.3583586348322],[-83.5437055478757,45.3584087938114],[-83.5446605225158,45.3585523402377],[-83.5450206136078,45.3584852943592],[-83.5457073616093,45.3584442201404],[-83.546046497074,45.3582780109352],[-83.5463509686119,45.3579355273288],[-83.546374325169,45.3576170967247],[-83.5465072871544,45.3572780181417],[-83.5465047248019,45.357063673253],[-83.5467030559436,45.3562802915193],[-83.5470137214059,45.3563225435604],[-83.5469718060171,45.3561242082525],[-83.5466635550036,45.3559830723314],[-83.54661318377,45.3558121091445],[-83.5465461142145,45.3547287451614],[-83.5462366508347,45.3539996209215],[-83.546255290432,45.3532360258109],[-83.5463797903937,45.3532201001276],[-83.5463790654037,45.3531113361852],[-83.54714996162,45.3523347356234],[-83.5477967165423,45.3520129097365],[-83.5485908048719,45.3517203415205],[-83.5495543509377,45.3511880532567],[-83.5510512699118,45.3505083742495],[-83.5518129554265,45.3502648514152],[-83.5524046156533,45.3499643094077],[-83.5541451195685,45.3495183446529],[-83.5554817052357,45.3493422169909],[-83.5557200960574,45.3494714870798],[-83.5565967910479,45.3496249762288],[-83.5570028883554,45.3495859338478],[-83.557811356257,45.3496616541126],[-83.5584187685406,45.3496744984955],[-83.5588681428379,45.3497788425143],[-83.5588110862447,45.3498825543836],[-83.5584384107847,45.3498285951843],[-83.558413847214,45.3498777551154],[-83.5588427452336,45.3500589216474],[-83.5607174208118,45.3504116540491],[-83.5617587807602,45.3505231291773],[-83.5625095696678,45.3508044252468],[-83.5632516101408,45.3507506399003],[-83.5638209073455,45.350988743871],[-83.5639456450965,45.3512434924984],[-83.5645346725231,45.35130815965],[-83.5649093995532,45.3511944019956],[-83.5655257596211,45.3512383742666],[-83.5658156845402,45.35117042781],[-83.5660386698325,45.350969790823],[-83.5661007238449,45.3506573110896],[-83.5662691869216,45.3504560197432],[-83.5666021394437,45.3502182381825],[-83.5671652201941,45.3491589548962],[-83.5675286660086,45.3486247952564],[-83.5676701856173,45.3482473358124],[-83.5680223893866,45.3478559118442],[-83.568146676423,45.3477918654342],[-83.5680782114307,45.3477265947988],[-83.5689375740262,45.34728819892],[-83.5683377084718,45.3466795348603],[-83.5674453811723,45.3471232319672],[-83.5672878041446,45.3469729880555],[-83.5674493754888,45.3466995585631],[-83.5682702099025,45.3462700109154],[-83.5700386316644,45.3458699817093],[-83.5707902022225,45.3459117106419],[-83.5719043486925,45.3464881185063],[-83.5719143401999,45.3469227515498],[-83.5715239578415,45.347326325289],[-83.572275458117,45.3475661993985],[-83.57270020143,45.3477518454404],[-83.5732833924978,45.3477705887863],[-83.5739219868178,45.3481079320089],[-83.5745821993929,45.3481927487007],[-83.5748717388998,45.3484654729138],[-83.5748066745074,45.3485801021094],[-83.5748196129774,45.3486901429795],[-83.5749480984472,45.3488565395253],[-83.5752178210541,45.3489806492783],[-83.5761583995786,45.3497227333583],[-83.5763160774555,45.3499718943783],[-83.5765027500042,45.3499851063672],[-83.5766033051005,45.3496895654129],[-83.5766582222368,45.3496737383586],[-83.5767511741418,45.3496968256899],[-83.5768465248808,45.3499452488532],[-83.57796225933,45.3502058311867],[-83.5781647738393,45.3502082448358],[-83.5785895159402,45.3503671710391],[-83.5789161339525,45.3503930427557],[-83.5792467564043,45.3505783100566],[-83.5798032548588,45.350766279076],[-83.5799219316228,45.351344674441],[-83.5800358904578,45.351466919561],[-83.5802361903477,45.3515627270639],[-83.5806543988725,45.3519963167971],[-83.5807650996383,45.3522559064206],[-83.5809346281097,45.3523348543462],[-83.5808764454282,45.3524880186216],[-83.5810611796895,45.3525836378906],[-83.5812487681043,45.3525583927635],[-83.5813673024096,45.3524883642488],[-83.5815524362867,45.3525674960786],[-83.5815923656878,45.3528537136778],[-83.5817902688961,45.3533780975142],[-83.5820122466807,45.3535854131104],[-83.582249034491,45.3535839722347],[-83.5822548872139,45.3543739672248],[-83.5826851163565,45.3547405221962],[-83.5826800582096,45.3546250672807],[-83.5828057481259,45.3545825996849],[-83.5830696761464,45.3546242023015],[-83.5830513552348,45.3547393791199],[-83.582948389606,45.3548095904556],[-83.5830554899516,45.3548932868292],[-83.5833045114994,45.3549072308631],[-83.5837521364383,45.3550883932413],[-83.5842332801394,45.3551710306955],[-83.5844077517026,45.3553709277426],[-83.5845840181328,45.3558236117618],[-83.5846059846365,45.3555546179697],[-83.5844489531657,45.3549482922011],[-83.5845332422798,45.3546800275617],[-83.5853027898809,45.3541011858962],[-83.5856721891407,45.3536384814556],[-83.5857819268526,45.3532826001244],[-83.5850636599363,45.3526861147528],[-83.584400279942,45.3524034886435],[-83.5836267758573,45.3515096006982],[-83.5831687682683,45.3514382265875],[-83.5829932590643,45.3512822770729],[-83.5831227223823,45.3510804919655],[-83.5831827379812,45.3508504150717],[-83.5834720259592,45.3504801846872],[-83.5834806345989,45.3501176109685],[-83.583154183289,45.3497565554905],[-83.5831992699234,45.3494988226389],[-83.5830956184081,45.3489425862971],[-83.5840254146549,45.3485030266424],[-83.5843491886141,45.3483200329394],[-83.5843983982158,45.3482162045643],[-83.5845397712264,45.3481684281164],[-83.5846526906309,45.3483346239273],[-83.5851718114098,45.3484561737855],[-83.5853016191574,45.3485676110125],[-83.5854886527145,45.3488940472113],[-83.5859624500208,45.3492843171611],[-83.5856781051335,45.3497755056865],[-83.5853233294799,45.3499947396927],[-83.5853622832469,45.3501661884465],[-83.585588070129,45.3503766741706],[-83.5857452881134,45.3503971300147],[-83.5861159614768,45.3505746988289],[-83.5863316625832,45.3506212489158],[-83.5879443782071,45.3504249729585]]],[[[-83.6078294256242,45.3567530534996],[-83.607803383969,45.3532062281048],[-83.6027754844459,45.3532979834002],[-83.6028225528465,45.3568444117727],[-83.6078294256242,45.3567530534996]]],[[[-83.5705248705541,45.3470274048662],[-83.5707830491255,45.3470781483036],[-83.5711326198402,45.3463659207261],[-83.570727859858,45.3462892917828],[-83.5705248705541,45.3470274048662]]],[[[-83.5710311179555,45.3471542561496],[-83.5712516813336,45.3472488537704],[-83.5718669376507,45.3466366904492],[-83.5715093679123,45.3464821725076],[-83.5710311179555,45.3471542561496]]]]},"properties":{"NAME":"Thompson's Harbor State Park","CreatedUser":"MichiganDNR"}},
{"type":"Feature","geometry":{"type":"MultiPolygon","coordinates":[[[[-85.5185849418786,42.6312074677198],[-85.5185966936411,42.6311127279857],[-85.5188723878837,42.6310650807652],[-85.5188476003606,42.6309723328447],[-85.518912031809,42.6309065770802],[-85.518902458646,42.6308001739636],[-85.5191380356205,42.6306871576476],[-85.5190658095446,42.6305718936167],[-85.5191444866533,42.630328650001],[-85.5192351933607,42.6303161925345],[-85.5193194111012,42.6302378032944],[-85.5194297246001,42.6302501658454],[-85.5196462405465,42.6300538612382],[-85.5196067132638,42.6299173018101],[-85.5196552866013,42.6298025833784],[-85.5195372202951,42.6297523013945],[-85.5194053184142,42.6295492798633],[-85.5195084758512,42.629435664858],[-85.5194507974684,42.6292467017704],[-85.5196703627037,42.6291027326612],[-85.5196955265609,42.629009351804],[-85.5195968270158,42.6288648064814],[-85.5194497954003,42.6289464868941],[-85.5193477096231,42.628930587282],[-85.5192676223795,42.6287826946188],[-85.518999062816,42.6285310217474],[-85.5187876942081,42.6282461549222],[-85.5188999685062,42.6280133560048],[-85.5188480872558,42.6278261332901],[-85.5189505454048,42.6275160923808],[-85.518807339528,42.6272761356713],[-85.5189503447842,42.6272596263042],[-85.5191013154973,42.6271374249088],[-85.5190657528612,42.6269900183749],[-85.5188441109721,42.6266373440538],[-85.5188462096059,42.62614986901],[-85.5185996314444,42.6257699192863],[-85.5186831705971,42.6255001074513],[-85.5192122550101,42.6249592572067],[-85.5193039471678,42.624639447245],[-85.5195396124034,42.6244661015788],[-85.5196224486937,42.6242806309808],[-85.5201249258813,42.6239431391716],[-85.5251416564384,42.6238766230287],[-85.5248237170461,42.6178053776693],[-85.5245874394628,42.6176957368101],[-85.5241814401876,42.6172127297094],[-85.5238624411228,42.6170260305209],[-85.5236122267841,42.6168070449201],[-85.5232736861501,42.6165962398221],[-85.523050177438,42.616378229787],[-85.5221957029287,42.6157816990139],[-85.5218109408756,42.6155440924518],[-85.5217249295374,42.6155531409032],[-85.5216115268328,42.6155037406913],[-85.5212917482316,42.6151317582621],[-85.5204592784712,42.6146871327854],[-85.5203781892174,42.6146627508699],[-85.5202954224705,42.6147009760789],[-85.5200227690175,42.6145299147572],[-85.5198964488228,42.614498466719],[-85.519569420542,42.6145836246232],[-85.519515881369,42.6147386340676],[-85.5188162068862,42.6152286791962],[-85.5182021786303,42.6161728537762],[-85.5180871031989,42.6164656822215],[-85.518031800865,42.6168325468067],[-85.5177852411618,42.6172954704705],[-85.5176054758142,42.6174061633643],[-85.5172077967946,42.6174661198845],[-85.5170362091157,42.6174310326881],[-85.5168818492299,42.6172793703171],[-85.5168939325643,42.6170830015529],[-85.5171871276688,42.6165988470129],[-85.5172703550441,42.6163659171405],[-85.5172315695742,42.615862245973],[-85.5172981392437,42.6156772742064],[-85.5178201717525,42.6151847198144],[-85.5184992307088,42.6148009476112],[-85.5188553336789,42.6147107785091],[-85.5189393237382,42.6145250272342],[-85.5183982535986,42.6138132279866],[-85.5181508375522,42.6132605792345],[-85.5179845544074,42.6127271673253],[-85.5179546379886,42.6125537678914],[-85.5180118199986,42.6123799043579],[-85.5179436628277,42.6121968962649],[-85.5179791462476,42.6121190026669],[-85.517765263774,42.611883003201],[-85.5175877158859,42.6112903647357],[-85.5175038077528,42.6104871353493],[-85.5175407134,42.6099580736018],[-85.5176193803201,42.6098537851966],[-85.5178243421842,42.6097826627477],[-85.5179374425662,42.6095867510269],[-85.5181525674363,42.6088500635058],[-85.5184902539331,42.6081756881995],[-85.5191421289884,42.6075593412846],[-85.519464058504,42.6073840994697],[-85.5198850207382,42.6073088015521],[-85.5200864449584,42.607383475518],[-85.5204265243322,42.6076817878014],[-85.5206439726854,42.6076441681726],[-85.5209976804618,42.6074167423971],[-85.5211881929302,42.6071251086987],[-85.5215825106713,42.6067597667894],[-85.521947651544,42.6065529753721],[-85.5223553901069,42.6063901193096],[-85.5227665282743,42.6060960420031],[-85.5229996497968,42.6058457681108],[-85.5232259071799,42.6057241243809],[-85.5234409831789,42.6054085803457],[-85.5239999054187,42.6042239638531],[-85.5242532483491,42.6036298228175],[-85.5242334108249,42.6035002145487],[-85.5243747662859,42.6032529585638],[-85.5244858386044,42.6027336622492],[-85.5247148004126,42.6022800810339],[-85.5246110813515,42.6021852650076],[-85.524480940952,42.6021975499478],[-85.5237561363119,42.6026592052074],[-85.5225378726824,42.6031195011969],[-85.5213508414235,42.6031690645986],[-85.5206421834446,42.6030766692265],[-85.520619572333,42.6031434722647],[-85.5207452045531,42.6032555446047],[-85.5209996763657,42.6039360234876],[-85.5209932149829,42.6042971055748],[-85.5209086781407,42.6044108044918],[-85.5205868104733,42.6045809048881],[-85.5204568700628,42.604708981078],[-85.5199581618923,42.6049211701459],[-85.5193139642008,42.605034916702],[-85.5186087488596,42.6052255807204],[-85.5178066565122,42.6058961399984],[-85.5169010903815,42.6063011804429],[-85.5164144046148,42.6064610860287],[-85.5155921423888,42.606621179697],[-85.5148553608648,42.606833978681],[-85.5145648418499,42.6070007741962],[-85.5144698975125,42.6071075591538],[-85.5144693173589,42.6071770342261],[-85.5145823614364,42.6072667546521],[-85.5145665574318,42.6073515997581],[-85.5140305520389,42.6077145564407],[-85.5138067766722,42.6078138922208],[-85.5134514253381,42.6082342805437],[-85.5132254202681,42.6087384611733],[-85.5129571464478,42.60915924661],[-85.5127437493645,42.6096823543235],[-85.5128572625778,42.6097163247375],[-85.5131519048972,42.6096138843699],[-85.5131395121391,42.6095683668765],[-85.512980046661,42.6096139565359],[-85.5128854053784,42.6095449045301],[-85.5129038793093,42.6094189001185],[-85.5129988310456,42.6093121155362],[-85.5133869997003,42.6092727167491],[-85.514508160391,42.6097564520949],[-85.514955233809,42.6101727795438],[-85.5153657561955,42.6107956546589],[-85.5154747202934,42.6110972186053],[-85.5155254611532,42.6116970133547],[-85.5154459953686,42.6121752737873],[-85.5153174617109,42.6125175363027],[-85.5154103811697,42.6188664703029],[-85.5134453299621,42.6188924336115],[-85.5134107995809,42.6180985883759],[-85.5125451272675,42.6181368337175],[-85.5124934100762,42.6169474306388],[-85.5095795358274,42.6170761148806],[-85.5092640963556,42.6171955273789],[-85.5086521320802,42.6169210681651],[-85.5083517870904,42.616925020985],[-85.5077134105185,42.616732757678],[-85.5073130669464,42.6165450129552],[-85.5069193933912,42.6169438616964],[-85.5048845154056,42.6169536183002],[-85.5048321038599,42.6143751373173],[-85.5026462088965,42.6137227522275],[-85.5008309549916,42.6133360131876],[-85.5006655465605,42.6133309515063],[-85.5007194600974,42.6135542824436],[-85.4985686405821,42.6137295368942],[-85.4983393592909,42.6136135474254],[-85.4983323299914,42.6132540650179],[-85.4931132588679,42.6131736860485],[-85.4930116816808,42.6058374407754],[-85.4964314153855,42.6058462353268],[-85.4968448805148,42.6053520513069],[-85.496867845994,42.6051128475048],[-85.4966446520337,42.6051426746056],[-85.4964305580818,42.6050601796966],[-85.4963493592342,42.6049165524767],[-85.4963496281686,42.6047510079994],[-85.4964709898118,42.6045465781642],[-85.4967751535683,42.6044176343089],[-85.4968619754946,42.6043133973211],[-85.4968148763342,42.6042548485529],[-85.4964035273628,42.6042915085394],[-85.4962419653365,42.6041766656311],[-85.4962327940518,42.6038944229133],[-85.4964423069906,42.6035660350547],[-85.4966426956025,42.603487209754],[-85.4964736798891,42.6034289433569],[-85.4962902723675,42.6034237891811],[-85.4963964115809,42.6032338697886],[-85.4965408767796,42.6031770814631],[-85.4967408591434,42.603010762923],[-85.4968383489575,42.6030155115538],[-85.4970016711067,42.6029262171021],[-85.4974110141194,42.6028518056451],[-85.4974797143495,42.6029636362035],[-85.4975873360351,42.6030053145758],[-85.4977676813154,42.6029615602163],[-85.4980684337798,42.602957828119],[-85.4983119183198,42.602997570788],[-85.4985788069308,42.6028813137426],[-85.4988264633809,42.6029759707371],[-85.4991670009869,42.6031915780688],[-85.5001581013221,42.6029964871788],[-85.4998237965768,42.6022358783276],[-85.4997557866924,42.6019017540926],[-85.5001188730994,42.6003203888839],[-85.5005258690042,42.5994901248457],[-85.5007495648922,42.5995650865334],[-85.5007807147168,42.5994693284757],[-85.500571024759,42.5972061869207],[-85.5005000184075,42.5970326570772],[-85.5001836518098,42.5969888267042],[-85.5001458869116,42.5950100299567],[-85.4996932224696,42.5943932268434],[-85.4995714594193,42.5941524864026],[-85.4994927081243,42.593090189917],[-85.4992656861712,42.5930921243251],[-85.4992662668605,42.5930245770278],[-85.4983155435439,42.5930326707134],[-85.4983194449496,42.5925796538974],[-85.4974833017559,42.5925867654249],[-85.497478811627,42.5931073304738],[-85.4952112955726,42.5933405535219],[-85.4952420393622,42.5950517315432],[-85.485431548686,42.5950533621872],[-85.485484268167,42.5986526635519],[-85.4756752705968,42.5986964878852],[-85.4756078654714,42.595049963194],[-85.470781258288,42.5996725934586],[-85.4658876909501,42.5996939325344],[-85.4659474808749,42.6023567953859],[-85.4667446894965,42.6023525949202],[-85.4659596916282,42.6029006522047],[-85.4643593231676,42.6029044008361],[-85.4631558985142,42.6046496803041],[-85.4627454993433,42.6053389751687],[-85.462330193695,42.6064348212211],[-85.461932785726,42.6069439969969],[-85.4621270608271,42.6069432723291],[-85.4618647391851,42.6076116428293],[-85.4607022385759,42.6095194568475],[-85.460698216752,42.6096184128843],[-85.4612361627748,42.6096165668507],[-85.4612558148905,42.6107242495722],[-85.4602532647251,42.6101710656541],[-85.4596588686142,42.6099030268384],[-85.4589673237879,42.6097185548895],[-85.4581579596125,42.6096270956013],[-85.4562318521008,42.6110838256748],[-85.4562086415729,42.6096333829451],[-85.451488219041,42.6096389149263],[-85.4515596593616,42.614646629678],[-85.4501426004898,42.6157379992009],[-85.4490716947497,42.6166194332705],[-85.448834178912,42.6168648361608],[-85.4467047630883,42.6168727650673],[-85.4467272541815,42.6186679682237],[-85.4479682334122,42.6186637503537],[-85.4474932024045,42.6199691328064],[-85.4468649810425,42.62234843384],[-85.4467934524753,42.6229001793007],[-85.4468148493067,42.6240927388004],[-85.4663908794947,42.6240782254856],[-85.4712707684359,42.624033279962],[-85.4713449796477,42.6348578390999],[-85.4861015063595,42.6347776461659],[-85.4861993746272,42.6385061190482],[-85.4903262195783,42.6385048421609],[-85.489855287334,42.6378064673554],[-85.4910772736393,42.6378053848557],[-85.491089469113,42.6385038245034],[-85.4924595909353,42.6384554353427],[-85.4929577140191,42.638352293649],[-85.4935851996417,42.6381208211804],[-85.4935922660367,42.6384795047722],[-85.4960630657109,42.6384551072535],[-85.4961417697125,42.6420490674994],[-85.4934877047996,42.6420417414784],[-85.4962036265752,42.6474454481022],[-85.496355448449,42.6479491115191],[-85.4963913043471,42.6492882911933],[-85.5012737549222,42.6492790826556],[-85.5012390631318,42.6476859662532],[-85.5027866780158,42.646697912614],[-85.506276561971,42.6505981219582],[-85.5062871318745,42.6511152969007],[-85.5162225913215,42.6511242218784],[-85.5160678538687,42.645600520823],[-85.5157786238068,42.6456024490778],[-85.5155230364499,42.6453445172552],[-85.5143156228301,42.6445370402758],[-85.5139149743204,42.6440505925146],[-85.5127429158916,42.6422640029627],[-85.5123986335802,42.6419865237758],[-85.5114910532688,42.641457721661],[-85.5111393842581,42.6411387467416],[-85.5109995134029,42.6407321075188],[-85.510976999958,42.638426802624],[-85.5084982791547,42.6384430787011],[-85.5084268668697,42.6348640031733],[-85.5059442148617,42.634885621218],[-85.5059136493589,42.6333024222301],[-85.5057785274179,42.6333070705113],[-85.505544749895,42.6334775372561],[-85.5053664750861,42.6334046613861],[-85.5052025357152,42.6334219151693],[-85.5049478000157,42.6333246667033],[-85.5048624906354,42.6332479325685],[-85.5046345171133,42.6332820426754],[-85.5043258587285,42.6331056312023],[-85.5040827624477,42.6328694802611],[-85.5036646929409,42.6325827677518],[-85.5035962184896,42.632439205907],[-85.5033330138986,42.632382228805],[-85.5032494029767,42.6322000955892],[-85.50421910842,42.6321965585829],[-85.5041909360294,42.6305892479239],[-85.5056850424138,42.630583781292],[-85.5058729574784,42.6311945404711],[-85.5185849418786,42.6312074677198]]],[[[-85.5037943602733,42.6358462573562],[-85.5032722378832,42.6359148859152],[-85.5023102713544,42.6359319738836],[-85.5023313447574,42.6370200362127],[-85.5042986899049,42.6370143821678],[-85.5042732122078,42.6357010401027],[-85.5037943602733,42.6358462573562]]],[[[-85.5185849418786,42.6312074677198],[-85.5185755330859,42.6312833234093],[-85.5184198596559,42.6314258636339],[-85.518304184671,42.6316474965619],[-85.518291819464,42.6318781735625],[-85.5181349959511,42.6320189918404],[-85.5180271237033,42.6322296266441],[-85.5181138127242,42.6322477550008],[-85.5182408746347,42.6326145860182],[-85.5182243323149,42.6334894091238],[-85.5181216066641,42.6335498441435],[-85.5181141252021,42.6336115677019],[-85.5182913608237,42.633671553062],[-85.5184816835888,42.6338345261724],[-85.5191520203329,42.634107740038],[-85.5194710881377,42.6342953087061],[-85.5197157279323,42.6344928340941],[-85.5201692299707,42.6350009439793],[-85.520950536573,42.6356254626513],[-85.5219235944843,42.6362431166497],[-85.5225033077238,42.6365227656409],[-85.5229448304285,42.6365135925217],[-85.5232183329842,42.635886091564],[-85.5236624517046,42.6355595626469],[-85.524042243656,42.635427451271],[-85.5247717179074,42.6354349962654],[-85.5249594191472,42.6354950177661],[-85.5252639448613,42.6354749311184],[-85.5253591256094,42.635535700431],[-85.5253217065539,42.635707938952],[-85.5256800117179,42.635646234874],[-85.5256062822079,42.6354307737953],[-85.5257261169722,42.6352251715576],[-85.5256081424314,42.6328851482977],[-85.5239604419096,42.6329057263486],[-85.5239217355367,42.6321375269901],[-85.5245876139894,42.632128743242],[-85.5245374482218,42.6311332940572],[-85.5185849418786,42.6312074677198]]],[[[-85.5179182674424,42.6018356024658],[-85.5177174633988,42.602108313854],[-85.5177387189857,42.6022053347244],[-85.5178241360841,42.60226576362],[-85.5183806298313,42.602364350448],[-85.5192882237612,42.6026883910481],[-85.5199551564071,42.6027711711484],[-85.5199590074128,42.6027265858614],[-85.5194225490341,42.6023107321892],[-85.5192617771319,42.6022362394598],[-85.5191573448343,42.6020882359359],[-85.518827340236,42.6018397147713],[-85.5185719381023,42.6018359864787],[-85.5181964179802,42.6017562326725],[-85.5179182674424,42.6018356024658]]],[[[-85.5313440504477,42.61943604577],[-85.5314547937265,42.6193850692534],[-85.5317289556577,42.6190877822508],[-85.5315256748439,42.6190928917294],[-85.5312398869099,42.6192477413035],[-85.5310117581123,42.619309351203],[-85.5306697727222,42.6195197051446],[-85.5309483220267,42.6195423767621],[-85.5313440504477,42.61943604577]]],[[[-85.533676527975,42.5944381953117],[-85.5335570038347,42.5942875652222],[-85.5335996969511,42.5938871870314],[-85.5335226847374,42.5937916390318],[-85.5334018726038,42.5938014011994],[-85.5333318344562,42.5938491269855],[-85.5333823053178,42.5940689314687],[-85.5333053860881,42.5942504346779],[-85.5333356795213,42.5943809444932],[-85.5333922314007,42.5944223645571],[-85.533676527975,42.5944381953117]]],[[[-85.5319633871556,42.6189644423089],[-85.5317881378746,42.6189499471361],[-85.5317365259186,42.6190131926672],[-85.5318421106323,42.6190256658199],[-85.5319633871556,42.6189644423089]]]]},"properties":{"NAME":"Yankee Springs Recreation Area","CreatedUser":"MichiganDNR"}},
{"type":"Feature","geometry":{"type":"Polygon","coordinates":[[[-88.4151920750787,47.2076966966504],[-88.4307067397398,47.2075563308124],[-88.4307195753329,47.2085181407488],[-88.4320143474391,47.2085068437685],[-88.431183540564,47.2066604376874],[-88.425408735141,47.2067107051402],[-88.4253898606177,47.2049184556111],[-88.4152029267146,47.205007508708],[-88.4151920750787,47.2076966966504]]]},"properties":{"NAME":"Douglass Houghton Falls State Scenic Site","CreatedUser":"MichiganDNR"}},
{"type":"Feature","geometry":{"type":"MultiPolygon","coordinates":[[[[-83.6818762231188,42.8198165172259],[-83.6820211678928,42.819812554397],[-83.6820197558263,42.8123669891008],[-83.6816981410075,42.8053112214191],[-83.6815311378591,42.7980531202361],[-83.6796877677558,42.7980913176821],[-83.6797564819537,42.8010816733979],[-83.6790611423499,42.8010959451714],[-83.6790560550207,42.800886245045],[-83.6788323476415,42.80089083425],[-83.6788456596688,42.8014395721469],[-83.678104851774,42.801454769335],[-83.676521944279,42.8009100423682],[-83.676571482842,42.7997993548082],[-83.6773173873733,42.7997965807304],[-83.6759938066835,42.7997635427881],[-83.6759349489535,42.7981684649638],[-83.6722454940783,42.7982441896979],[-83.6713513101989,42.7983826994171],[-83.6705576945256,42.7986923941524],[-83.66982731263,42.7991877849292],[-83.6698737511472,42.8002906664251],[-83.6691736304328,42.8006693501126],[-83.6686895069898,42.8001978501645],[-83.6685228663164,42.8002789246437],[-83.669012967303,42.8007562491808],[-83.6685650507356,42.8009985136272],[-83.6650933595751,42.8015298681206],[-83.6650762279808,42.8009821625067],[-83.6649277455196,42.8010059668493],[-83.6650322334394,42.8037921119772],[-83.6644623505103,42.8043469311223],[-83.6643337808834,42.8046116990496],[-83.6643119183258,42.8053377320977],[-83.6644226244969,42.8056011110789],[-83.6601209759534,42.8056786507618],[-83.6600212921432,42.8021697254383],[-83.6575746579548,42.8029406852539],[-83.655114307671,42.80334853938],[-83.655141000917,42.8043622500173],[-83.653063300061,42.8044069794163],[-83.653043992453,42.8036735440154],[-83.6486585849364,42.8043688074106],[-83.6486819651186,42.8052053403378],[-83.6496220748783,42.8051864749445],[-83.6496427070908,42.8059242960921],[-83.6478054454375,42.8059704002795],[-83.6478675999485,42.8081942063072],[-83.6489862049159,42.8081701821831],[-83.6490106553961,42.8090443980259],[-83.6478920347103,42.8090684231524],[-83.6480752089439,42.8154029307575],[-83.6488212753959,42.8153951798678],[-83.648855073463,42.8164935262248],[-83.6481089938636,42.816501277222],[-83.6482299769731,42.8204341852411],[-83.6644019618532,42.8201650733641],[-83.6643892082129,42.81958510699],[-83.665166985508,42.8195717550178],[-83.6651797102345,42.820150070285],[-83.6818762231188,42.8198165172259]]],[[[-83.6822295166341,42.8016685864381],[-83.6823130356392,42.8052966885188],[-83.6824582357543,42.8084866751067],[-83.6848484350254,42.8084354138857],[-83.6847065101876,42.8052400876237],[-83.6869310072546,42.8051874387361],[-83.6868426885468,42.8015660021582],[-83.6858378060091,42.8015856734374],[-83.6857496074932,42.797966445187],[-83.6821460193081,42.7980411174874],[-83.6822295166341,42.8016685864381]]],[[[-83.6826343912191,42.8123563579447],[-83.6873526329361,42.8122798587681],[-83.687306132212,42.8107404055828],[-83.686694656339,42.8107504163673],[-83.686674453697,42.8100256755449],[-83.6872894899766,42.81001560634],[-83.6872876831776,42.8099507848279],[-83.6825284256511,42.8100286122183],[-83.6826343912191,42.8123563579447]]]]},"properties":{"NAME":"Seven Lakes State Park","CreatedUser":"MichiganDNR"}}
]}