{"type":"FeatureCollection", "features": [
{"type":"Feature","geometry":{"type":"MultiLineString","coordinates":[[[-112.856501138017,46.5492568430864],[-112.856969138015,46.5498148427384],[-112.85951613766,46.5526048427969],[-112.859957138211,46.5531988432096],[-112.860956138415,46.553981843345],[-112.862036137857,46.5546388430657],[-112.865789138258,46.5561238431984],[-112.866077138049,46.5561868434057],[-112.866554137563,46.5563128429209],[-112.866635137701,46.556321843336],[-112.868102137903,46.5564928431278],[-112.86956013769,46.5565108430585],[-112.871331497251,46.5566251999506],[-112.872524620615,46.5566284258188],[-112.873402009995,46.5566743182228],[-112.874388587863,46.5566848843575],[-112.875478150696,46.5567432017949],[-112.876206401904,46.5567886760142],[-112.877405155923,46.5568116563904],[-112.878562809126,46.5570046679886],[-112.8798116338,46.5573087071887],[-112.881197138337,46.5578608432609],[-112.882790138054,46.5588508430495],[-112.883413518419,46.5594945319047],[-112.884338138394,46.5603988433895],[-112.884542536309,46.560739976926],[-112.885217858817,46.5616137744138],[-112.884798626355,46.5611165590396],[-112.885674771973,46.5622334234913],[-112.88614891524,46.5628255299319],[-112.887362137553,46.5643048427519],[-112.887441867848,46.5645422457856],[-112.887650138243,46.5647188429578],[-112.887994086658,46.5653311068027],[-112.888261443411,46.5656073326699],[-112.888613137686,46.5661768427447],[-112.888955138169,46.5667258428809],[-112.889358613609,46.5672251482795],[-112.889675138097,46.5676168435001],[-112.89013413768,46.5682198434287],[-112.890857290631,46.5689146110781],[-112.891626482576,46.5699156995075],[-112.892416476739,46.5710553258003],[-112.893138247432,46.5722170304492],[-112.893859018979,46.5735716243886],[-112.894130774316,46.5743958422519],[-112.894455004195,46.5754699682221],[-112.894932342753,46.5767546866371],[-112.895802112178,46.5784360753223],[-112.896368424263,46.579181883095],[-112.897392599189,46.5801612978632],[-112.898131698019,46.5807937676759],[-112.90021525543,46.5817572626452],[-112.902377400097,46.5825646793741],[-112.903706137628,46.5830608434408],[-112.908314137887,46.5846808435038],[-112.909979138227,46.5853198432937],[-112.910510138432,46.5856888432232],[-112.912103138149,46.5860758430833],[-112.916405137787,46.5875608432159],[-112.918367138333,46.5883618432821],[-112.92150813839,46.5895048429318],[-112.922498138179,46.5898738428612],[-112.924071153161,46.5904791180745],[-112.925224382599,46.5908625934915],[-112.92745909716,46.5916392390173],[-112.928547636564,46.5920571566701],[-112.930387581122,46.5928872641935],[-112.933253137722,46.5943018429134],[-112.933712138205,46.5945268433968],[-112.935899138335,46.5959038430456],[-112.93602513785,46.5960388429759],[-112.936988138192,46.5966058430429],[-112.940075137558,46.598117842622],[-112.942559137894,46.5991528426872],[-112.944606377083,46.5995952821542],[-112.947094671682,46.5999517068634],[-112.949052708915,46.6001487060556],[-112.955529003061,46.600889128688],[-112.95852652438,46.6013304458011],[-112.960829137754,46.6017988432996],[-112.963709631194,46.6025030682197],[-112.968555696388,46.6036698747226],[-112.974131137842,46.604921843426],[-112.979630137821,46.6062178429367],[-112.981889137674,46.6066678430042],[-112.983211282275,46.6067935007771],[-112.985443672987,46.6066442277066],[-112.99209118456,46.6060229823324],[-112.996254959299,46.6055850826431],[-112.999039917758,46.6054117904794],[-113.002290174652,46.6055606903313],[-113.005088404406,46.6056939257917],[-113.007326906911,46.6058261872864],[-113.008919703382,46.6059178003239],[-113.011036345951,46.6060151780157],[-113.013554531317,46.6062120719872],[-113.015890952006,46.606375316925],[-113.017944383027,46.6068223267467],[-113.023078213289,46.6082050937477],[-113.02879649856,46.6101004392415],[-113.032537983141,46.6113387301559],[-113.03484904115,46.6120875704427],[-113.036123137673,46.612508843466],[-113.036762138362,46.6127158431194],[-113.038495557324,46.6132687481119],[-113.041122263881,46.6140893893715],[-113.059599311059,46.6198853517853],[-113.059712138205,46.6199158432993],[-113.062826137916,46.6211128427412],[-113.064544000405,46.6218856994232],[-113.06577813825,46.6223638428748],[-113.067506512016,46.6231559801221],[-113.06860413817,46.6236148430083],[-113.071556137606,46.6249288433491],[-113.07218613788,46.6251898427947],[-113.07437313801,46.6260898429296],[-113.076515137863,46.6270618427875],[-113.082187235752,46.6293934008425],[-113.08702134356,46.6315348134386],[-113.088943624649,46.6323774638066],[-113.092586905062,46.6342701949712],[-113.095685413051,46.6358260122185],[-113.111300137591,46.6438828432764],[-113.112497137933,46.6445038431356],[-113.114189137718,46.6452778428559],[-113.115893789167,46.646223747086],[-113.117048691344,46.6469911700641],[-113.118354213776,46.6478922224059],[-113.120176057679,46.6492881779648],[-113.123582880246,46.6521639031993],[-113.126244034435,46.6543961149465],[-113.128023011253,46.6559007077093],[-113.131093367765,46.6585138650806],[-113.133446615669,46.6604539248665],[-113.135656499947,46.6622850524709],[-113.136388225236,46.6630075057496],[-113.137442771167,46.6640713713545],[-113.138030851343,46.6648135080947],[-113.138583344446,46.6653034137793],[-113.139221997097,46.6658329292041],[-113.140090662154,46.6662537804454],[-113.141203336665,46.6668725724691],[-113.14219410987,46.6673280943738],[-113.143083978243,46.6680802630515],[-113.14399518483,46.669035188381],[-113.1449280354,46.6699357209146],[-113.145581249875,46.6703860843081],[-113.146528888897,46.6709503387449],[-113.147706552016,46.6714059128104],[-113.149221878187,46.6718665932265],[-113.150586637164,46.6720650861926],[-113.15204499578,46.6720707492235],[-113.153625449955,46.6721110703275],[-113.155744782396,46.6720774410788],[-113.157569551793,46.6720584824708],[-113.159121128737,46.6722569664436],[-113.161491265909,46.6729601760291],[-113.170232138402,46.6764088431514],[-113.174175491106,46.6775439503508],[-113.176998645571,46.6782618377714],[-113.182990153872,46.6794700319742],[-113.186589443948,46.6802867908605],[-113.188557946592,46.6807619242812],[-113.190101557341,46.681445827221],[-113.191560780206,46.6822262220204],[-113.193054920148,46.6833836153194],[-113.193988727598,46.6842837602452],[-113.195813320728,46.6860642398306],[-113.198327758619,46.6882898217757],[-113.200626816974,46.690416423437],[-113.202128467155,46.6918555536487],[-113.204406227765,46.6940364644691],[-113.205706296708,46.6952694772624],[-113.206950085178,46.6961036047554],[-113.208329920389,46.6967366204565],[-113.209715138043,46.6970908427261],[-113.211154392361,46.6973251520919],[-113.213935794002,46.6972510038885],[-113.21786710928,46.6970185246431],[-113.221591831398,46.6967418563095],[-113.225664970662,46.6965878213288],[-113.228058304047,46.6968496526472],[-113.23155140937,46.6975513864452],[-113.235655758706,46.698940257145],[-113.241260137645,46.7011678427796],[-113.244698137909,46.7024908426361],[-113.251162475568,46.7049545191936],[-113.256519120061,46.7071730468565],[-113.265687632778,46.7111798440324],[-113.267207797302,46.7118800471843],[-113.268692798334,46.7124290500185],[-113.269779400599,46.7126466949469],[-113.271231791314,46.7128833929121],[-113.275574334188,46.7132868179901],[-113.279233938196,46.7136558350066],[-113.283368916642,46.7147563084148],[-113.288690138639,46.716566843343],[-113.290958138907,46.7174218432014],[-113.292747963348,46.718063771184],[-113.294215019308,46.7183496404814],[-113.295911833165,46.7183979979272],[-113.297061950948,46.7182390166752],[-113.298233372772,46.7178970566617],[-113.299368657138,46.7174314920276],[-113.300970956744,46.7167727521187],[-113.303047657723,46.7160740993981],[-113.304499482765,46.7157961630204],[-113.305807935188,46.7157952187322],[-113.307684781627,46.7160756911981],[-113.309051477743,46.71652958533],[-113.310756729939,46.7173738382899],[-113.311872112308,46.7179910681911],[-113.313310762282,46.7184349699558],[-113.314943379833,46.7187748606292],[-113.316251896108,46.7187738093218],[-113.31739473388,46.7185899258423],[-113.318522874931,46.7182280350537],[-113.325035334413,46.714767208198],[-113.32896556331,46.7125127481227],[-113.330566905139,46.7115964999364],[-113.332071038348,46.7106090218468],[-113.333280600419,46.7097545112196],[-113.334140925164,46.7086065041447],[-113.33552613922,46.7063158427598],[-113.336894139353,46.7052178433866],[-113.338250870082,46.7042560328475],[-113.340218376277,46.7033145631744],[-113.345452685093,46.7007626253528],[-113.348633328166,46.6992411981806],[-113.350636431326,46.6982945753922],[-113.351663164823,46.6978434754538],[-113.352754785305,46.6974862476501],[-113.354364114013,46.6972372271741],[-113.356124981183,46.697250094674],[-113.357922388707,46.6975150880088],[-113.359382631403,46.6980326334571],[-113.361160228662,46.6989948334027],[-113.363816504028,46.7006581430167],[-113.368736139161,46.7038408428385],[-113.370005139226,46.7043898429747],[-113.371007616208,46.7047783806756],[-113.371878129372,46.7050690442588],[-113.373136593879,46.705280095358],[-113.374286942788,46.705377540499],[-113.375472876072,46.7053414183296],[-113.376995958896,46.7050526640071],[-113.378805727602,46.7044668276398],[-113.390644251931,46.6995801580557],[-113.392680835052,46.6988862402656],[-113.400938071934,46.6975811522063],[-113.406940034855,46.6966321444158],[-113.410429522205,46.6959457314682],[-113.412128902727,46.6957160338257],[-113.413376139197,46.6956868427314],[-113.415794675184,46.695848699116],[-113.417577761904,46.6960634212477],[-113.419073139314,46.696226843352],[-113.424610666249,46.6972189151787],[-113.42719113866,46.6979098427229],[-113.428478138655,46.6981078428605],[-113.428910138792,46.6982068429293],[-113.431070138576,46.6986928428582],[-113.431835138781,46.6988458427193],[-113.432969138915,46.6989808426496],[-113.434994138768,46.6991878432023],[-113.435795138835,46.699277842856],[-113.444759139423,46.7001688434752],[-113.445614139281,46.700339843267],[-113.446379138586,46.7004928431281],[-113.447773398024,46.7005754062878],[-113.449414584316,46.7011954204902],[-113.451100535261,46.7022208095006],[-113.452787054579,46.7033747386112],[-113.454297197957,46.7040960776297],[-113.455982783778,46.7044466513497],[-113.457729829268,46.7045372517506],[-113.463001762122,46.7042190023629],[-113.467553474713,46.7039888604554],[-113.469392596391,46.7037576987167],[-113.471008350755,46.7034033442468],[-113.473505138551,46.7021398426375],[-113.477138898741,46.699973835382],[-113.480250483773,46.6982267197451],[-113.481548952822,46.697684986131],[-113.482898485377,46.6973162020389],[-113.484503139408,46.6971358430026],[-113.485106139337,46.6970818432104],[-113.485889138573,46.6970998431411],[-113.487302138982,46.6972978432787],[-113.489067332791,46.6978172224447],[-113.490752679393,46.698584958387],[-113.494232443273,46.7003624162504],[-113.501113452124,46.7039023726542],[-113.503865711234,46.7052411052507],[-113.504946934653,46.7058616770326],[-113.505942983282,46.7067000088562],[-113.506796646748,46.7078155710896],[-113.507347751298,46.708793372474],[-113.507825775139,46.7095240968175],[-113.508389005248,46.7100370494282],[-113.509305389232,46.7107321336389],[-113.51002630557,46.7111458136862],[-113.510854353645,46.7114158396272],[-113.512475138817,46.711877842946],[-113.515094139083,46.7121658427373],[-113.516775400964,46.7123363892708],[-113.518508791148,46.7125053008369],[-113.520350605396,46.7127876573823],[-113.526929835044,46.7146859139816],[-113.531960138949,46.7163328433439],[-113.535715533345,46.7174607074036],[-113.551103138599,46.7206258434658],[-113.570399139009,46.7245948430355],[-113.572357036848,46.7250229329199],[-113.573314568413,46.7252229529348],[-113.575055828564,46.7254157900646],[-113.575904832642,46.7255023722945],[-113.5771503613,46.7255236403616],[-113.578689374715,46.7255776383552],[-113.580830043572,46.7254535957647],[-113.582346882403,46.7253948043846],[-113.584295567586,46.7254039576844],[-113.587897426125,46.7253093211262],[-113.5896877362,46.7252891907015],[-113.603420139228,46.7252428432406],[-113.610998138853,46.7254228434473],[-113.61709918458,46.7254719671155],[-113.621457025821,46.7255272538376],[-113.624872765166,46.7255607275035],[-113.626900659038,46.7255838041072],[-113.629792361628,46.7257424678985],[-113.633161070027,46.7262456169995],[-113.636299598747,46.7267296645003],[-113.64143113304,46.727370101407],[-113.644511764306,46.7277849154993],[-113.646784723436,46.7278760662853],[-113.664541153751,46.728175144825],[-113.666914529382,46.7282260212718],[-113.667964444703,46.7282321537488],[-113.669229855573,46.7282078360807],[-113.670788992218,46.7280390522184],[-113.673302087421,46.7275552790108],[-113.67574232225,46.7269530498013],[-113.676955039144,46.7266272209274],[-113.678310832779,46.7264469257429],[-113.68085051464,46.7263854750675],[-113.683698093792,46.7263947317894],[-113.686424176335,46.7264983273938],[-113.687977865786,46.7265617511817],[-113.689575880123,46.7267733310823],[-113.691161178046,46.7271926148052],[-113.692408499053,46.7276082113078],[-113.693874408377,46.7283789842606],[-113.694648533103,46.7289644671943],[-113.695314928041,46.7295651882408],[-113.696127065312,46.7304026944867],[-113.696854686095,46.731458080384],[-113.697572737192,46.7331068524572],[-113.699228529373,46.7377632920002],[-113.701520635969,46.741917824406],[-113.70231608362,46.7433239557938],[-113.703111569943,46.7447300799871],[-113.703856378569,46.7460918900866],[-113.705142177969,46.7485097192061],[-113.705589113147,46.7495018270056],[-113.705984287845,46.7503210761147],[-113.706424910681,46.7514170358255],[-113.707019830201,46.7529030036287],[-113.707438314427,46.7548000380493],[-113.707728941138,46.7560201779468],[-113.708136888906,46.7575068544157],[-113.708508926746,46.7589986102556],[-113.708985628584,46.7609646100867],[-113.709728743786,46.7638195411968],[-113.709983527118,46.7650447388816],[-113.71033132643,46.7662052932976],[-113.710557595856,46.7674602612401],[-113.710735270416,46.7689280204698],[-113.710743801385,46.7699563961288],[-113.710939490265,46.7718591718213],[-113.711082384444,46.7743356790064],[-113.711180808048,46.7757888952993],[-113.711427201604,46.7768608233263],[-113.711678868785,46.7777003503489],[-113.712039441167,46.7786531649696],[-113.712434895554,46.7794723457302],[-113.712807082681,46.7800889056365],[-113.71318668112,46.7807301546309],[-113.713565213863,46.7812428590287],[-113.714082273678,46.7819676127732],[-113.714808685772,46.7827657008344],[-113.715628144423,46.7834991411304],[-113.717537927633,46.7852343389516],[-113.719016138784,46.7862358428679],[-113.719879990669,46.7866811098034],[-113.721267309139,46.7873084175075],[-113.723974261303,46.7882122253719],[-113.736629138924,46.7917528427775],[-113.737250138783,46.7919508429151],[-113.737961139195,46.7921758433985],[-113.740242827145,46.7932184211512],[-113.741414814642,46.7938760593907],[-113.742330936923,46.7943577254867],[-113.74381593166,46.7951317324016],[-113.745539798923,46.7955052136527],[-113.747463402914,46.7956701834902],[-113.749636363727,46.7955423727403],[-113.752694138723,46.7952268429025],[-113.754527752054,46.7951063337483],[-113.75647825207,46.7954037467436],[-113.758040138841,46.7957308427623],[-113.75943513932,46.7961898432447],[-113.766662138947,46.7990698429569],[-113.768948315412,46.8000662630057],[-113.770379138586,46.8006898430199],[-113.773880139057,46.8028138429425],[-113.774807138638,46.8034348428018],[-113.775671138912,46.8038938432843],[-113.779064138899,46.806017843207],[-113.783114138607,46.8086548434044],[-113.786259020138,46.8107335543681],[-113.788589166257,46.8123456880612],[-113.790462002619,46.8134831137128],[-113.793429897572,46.8152093857626],[-113.797250802183,46.8177186507532],[-113.803690777208,46.8215401363263],[-113.807322280099,46.8238814052607],[-113.811518421438,46.8264769799868],[-113.813691634961,46.8277125594452],[-113.814966835851,46.8284579787109],[-113.816925320047,46.82930500518],[-113.818927516692,46.830298373829],[-113.822678139285,46.8321808428298],[-113.82590013858,46.8338368427542],[-113.828105138641,46.8350068427497],[-113.829782129642,46.8360299654686],[-113.831068270784,46.8367544467185],[-113.833280138967,46.837904843292],[-113.837932998309,46.840770516804],[-113.8446741392,46.8449698426423],[-113.849462138767,46.848461842698],[-113.852990138684,46.8511078433105],[-113.857130138945,46.8543838432979],[-113.862125139064,46.8592618434175],[-113.86356513892,46.8605938427898],[-113.865590138774,46.8619258430614],[-113.867993138972,46.8631138429877],[-113.873259633625,46.8653216651209],[-113.87535830684,46.8662004277657],[-113.877112528021,46.8669886106941],[-113.880371382433,46.8685027731427],[-113.881538138574,46.8690448431032],[-113.882663139192,46.8695218426171],[-113.883419138982,46.869854842685],[-113.884381261586,46.8703430531476],[-113.885203240137,46.8707509901243],[-113.885739201003,46.8711070443129],[-113.886253579039,46.8714661768808],[-113.887134846296,46.872143691936],[-113.888106986448,46.8728236837242],[-113.889132184802,46.8736042296097],[-113.890622540398,46.8746942906672],[-113.891536983645,46.8755163573522],[-113.892476529668,46.8761900080206],[-113.893184821322,46.8766681964383],[-113.89367501479,46.8769844169555],[-113.894211704107,46.8772682564831],[-113.895494989002,46.8779089523945],[-113.896591687956,46.8783059437226],[-113.897354823866,46.8785317059317],[-113.897839839037,46.8787070548449],[-113.899028808433,46.8789750042513],[-113.89988493784,46.8791359873941],[-113.900895521311,46.8792491688722],[-113.901645967787,46.8793093739866],[-113.90261233609,46.8793387449453],[-113.903607197614,46.8793382952843],[-113.904774498744,46.8792874683003],[-113.905743128842,46.879200636958],[-113.907045384037,46.8789760402703],[-113.907962282433,46.878780721911],[-113.908541057324,46.8786465637461],[-113.909198549873,46.8784625408718],[-113.909787815355,46.8783011323496],[-113.910409315238,46.8781222419061],[-113.913021222551,46.8773886586179],[-113.920719370702,46.8751685688326],[-113.926247685882,46.8735929242323],[-113.930557685888,46.8723328652278],[-113.932317615066,46.8718236528975],[-113.935126088098,46.8709970401395],[-113.939503914974,46.8697140394296],[-113.94481616983,46.8681572293309],[-113.946869069352,46.8678049576909],[-113.949613624869,46.8672941706477],[-113.950681495155,46.8669753510898],[-113.951414138652,46.866641842905],[-113.952940049843,46.8660525864159],[-113.955112569989,46.8650836208706],[-113.956646950097,46.8646642463161],[-113.958582913471,46.864182585616],[-113.960372760395,46.8639222984335],[-113.962118585504,46.8637846149262],[-113.963639299514,46.863760065233],[-113.965540897994,46.863859526654],[-113.967486770098,46.864107028175],[-113.969690528195,46.8644929029833],[-113.971244347149,46.8649905428375],[-113.973615821613,46.8657807276567],[-113.975720623708,46.8667859916384],[-113.977486571148,46.8678360022879],[-113.978978612973,46.8688925195323],[-113.981172669183,46.8704645470594],[-113.981963739835,46.8699019006104],[-113.982749464017,46.8688392131174],[-113.986870389657,46.870011732114],[-113.987646036935,46.8684903768876],[-113.987951586996,46.8662782191227],[-113.987748647782,46.8656429668077],[-113.986849151267,46.8649922695358],[-113.986861719293,46.8640558954214],[-113.989320457673,46.864058957613],[-113.992475745259,46.8640773667353],[-113.995972224838,46.8640301172543],[-113.997456634116,46.8640280668],[-113.997446846795,46.8630611858833],[-113.997728139442,46.8628798429886],[-113.998637139093,46.8622138428527],[-113.999721809614,46.8614355308832],[-114.000969451679,46.86051824398],[-114.002282450175,46.8595802330994],[-114.003527167645,46.8587138181464],[-114.004788397566,46.8577909302654],[-114.006093258097,46.8569003829045],[-114.007247030726,46.8560315262921],[-114.008007424603,46.8554973227015],[-114.008763795813,46.8549868693068],[-114.00955930192,46.8544939616852],[-114.011393580749,46.8532722794503],[-114.013066990649,46.85215094267],[-114.014043758712,46.8514774116114],[-114.015140400109,46.850717097774],[-114.015847750174,46.8502677110442],[-114.016434681016,46.8498665396672],[-114.017891445134,46.8488844269329],[-114.018291995079,46.8486104871425],[-114.019465783019,46.8478081156102],[-114.020283900781,46.8472423179368],[-114.020725315921,46.8469547624105],[-114.021926876724,46.8461329079655],[-114.023046634295,46.8453382580123],[-114.02393966918,46.8447230138142],[-114.025126354298,46.8439264330166],[-114.02605970669,46.8432590074554],[-114.027212237355,46.842498216078],[-114.02892035569,46.8412711208237],[-114.029883194154,46.8405530472435],[-114.030774906137,46.839922823038],[-114.031389439871,46.8395867553826],[-114.032081073383,46.8392708478295],[-114.034108112899,46.8384613428748],[-114.035697292296,46.8378771055022],[-114.039474446688,46.8365682303976],[-114.042365255352,46.8355646130746],[-114.04693799769,46.8339863190715],[-114.048832874637,46.8333346469345],[-114.050108395686,46.8329035623077],[-114.051581996012,46.832420732489],[-114.053012437874,46.8319441007977],[-114.054394010575,46.8315285861334],[-114.055278349017,46.8312542821176],[-114.057660014598,46.8305013607074],[-114.060549049799,46.8295670352486],[-114.063317588436,46.8286855539532],[-114.067030514147,46.8275008419484],[-114.071407432707,46.826117144149],[-114.07236513874,46.8258538433383],[-114.074579408113,46.8251029579932],[-114.075052325604,46.8249316596265],[-114.075516171634,46.8247307591753],[-114.07595126364,46.8245340063974],[-114.076445396138,46.824235995353],[-114.076910138792,46.8238918427924],[-114.077963138788,46.8230458433491],[-114.078440139201,46.8226948433504],[-114.079025139199,46.8222538427987],[-114.079331138921,46.8220108432839],[-114.080051138849,46.8214168428711],[-114.081023138707,46.8206518426665],[-114.081416153233,46.8203241288136],[-114.082139505833,46.8197456884709],[-114.082787165195,46.8193121244131],[-114.083478683594,46.8189237404963],[-114.084025673746,46.8187004819997],[-114.084920653865,46.8184372612288],[-114.085849674223,46.8181382033734],[-114.08659485337,46.8178759979371],[-114.087358197922,46.8174772097635],[-114.087980139372,46.8171058428185],[-114.089177138814,46.8164668430285],[-114.090711060267,46.815488377045],[-114.091650608089,46.8149301372741],[-114.092218716121,46.8145801292277],[-114.092786817857,46.8142301184833],[-114.093263382999,46.8139242446662],[-114.093768687775,46.8136142159814],[-114.094216498892,46.8133124943342],[-114.094835256742,46.8128830167959],[-114.095843555036,46.8121087050108],[-114.096288312056,46.8116013237002],[-114.096785254936,46.8111173094743],[-114.097205139406,46.8105718427744],[-114.09770013885,46.8099598433302],[-114.098059694999,46.8094492190643],[-114.098317590884,46.8089688380995],[-114.09856791088,46.8083658948283],[-114.098738067108,46.8079909377896],[-114.098801575432,46.8076107898642],[-114.098859789448,46.8072623223563],[-114.098875650791,46.8069714986938],[-114.098846882378,46.8065840833468],[-114.098813566992,46.8060839739543],[-114.098579816106,46.80546857867],[-114.098182696174,46.8047119322679],[-114.097892995765,46.8042076734035],[-114.097665324295,46.8038077961509],[-114.097454291183,46.8033642936852],[-114.097269725118,46.8027623954263],[-114.097161551964,46.8022628022446],[-114.097151138714,46.8014638427402],[-114.097205139406,46.8011848433639],[-114.09731313899,46.8008158434345],[-114.097574139335,46.8003298435055],[-114.097822416072,46.7998177749284],[-114.098068929238,46.7993493297658],[-114.098275357821,46.7988969851658],[-114.09849767203,46.7985453889166],[-114.098914315343,46.7978977646282],[-114.099464776878,46.7969525546747],[-114.099945664161,46.7961719728163],[-114.100466598255,46.7951794971941],[-114.100806068945,46.7945739332984],[-114.101147796933,46.7939268198249],[-114.101695161203,46.7929717254229],[-114.101945403857,46.7925645483732],[-114.102285608394,46.7920103906251],[-114.102514662122,46.7915341411457],[-114.102659038384,46.7911731901486],[-114.102748973286,46.7908304189467],[-114.102723975731,46.7905042726121],[-114.102642248941,46.7900420642479],[-114.102412311179,46.7894879388753],[-114.101606139112,46.7885038431359],[-114.100940138976,46.7879188431381],[-114.096233138648,46.7838598430154],[-114.094901139276,46.7826988434349],[-114.092795139284,46.7809438434417],[-114.087431139236,46.7762728429753],[-114.084761490051,46.7738418261973],[-114.083615138628,46.7729788430571],[-114.08313342127,46.7727375306705],[-114.082654227411,46.7724461260459],[-114.082033685306,46.7721339299949],[-114.081497794588,46.7719022412534],[-114.080998954138,46.7716445854872],[-114.08046762568,46.7713297939928],[-114.080114696636,46.7710098277993],[-114.079921246169,46.7707698598991],[-114.07971571241,46.7704904189556],[-114.079487547213,46.7700390654086],[-114.079382601726,46.7695492928236],[-114.079326788001,46.7690730289551],[-114.079421429056,46.7684513608995],[-114.079607536559,46.7677855559167],[-114.079829940699,46.7670423687683],[-114.080121916393,46.7661345481289],[-114.080450922572,46.765200761364],[-114.080930449181,46.7637299597278],[-114.081241348409,46.7625411531097],[-114.081528066667,46.7612733959085],[-114.081695300997,46.760301146039],[-114.081845065997,46.7597127097317],[-114.081943473413,46.758956511192],[-114.082031284116,46.7582636734877],[-114.082100182078,46.7576560087758],[-114.082182731748,46.7567990456974],[-114.0822894471,46.7560210278061],[-114.082374228888,46.7553183173444],[-114.082451397014,46.7548846426701],[-114.082530958237,46.7538220001431],[-114.082631583381,46.7532200470255],[-114.082674773322,46.7526263982476],[-114.082745933078,46.7519771776626],[-114.082940138976,46.7507578426583],[-114.082994138768,46.7499208427307],[-114.08298603228,46.7490878681685],[-114.082943906236,46.748454359639],[-114.082843433977,46.747985198616],[-114.082736225796,46.7475369576224],[-114.082536877575,46.7468856281272],[-114.082435714636,46.7464571236553],[-114.082168476594,46.7452900320672],[-114.08198730457,46.7445021000498],[-114.081927686713,46.7441603360886],[-114.081825830398,46.7434845980937],[-114.081741309414,46.7430124630127],[-114.081505830929,46.741851077623],[-114.081368488265,46.7411083320418],[-114.080918495392,46.7385073317059],[-114.080456977707,46.736169817441],[-114.080137054681,46.7345362699908],[-114.079954503098,46.7334496632293],[-114.079806606889,46.7327702694902],[-114.079052138645,46.7279968434375],[-114.078989139337,46.7276548429546],[-114.078560632167,46.7253654684995],[-114.078349486639,46.7240871730425],[-114.078030426963,46.7225050029614],[-114.077573505713,46.719736985931],[-114.077196407388,46.7179158614857],[-114.076701807243,46.7151223594672],[-114.075623138797,46.7092768426101],[-114.074678139285,46.7040028431146],[-114.07434165974,46.7021586699445],[-114.074105815231,46.7007499260261],[-114.07391313908,46.699700843477],[-114.073661907171,46.6984643350189],[-114.073564042047,46.6976539963927],[-114.073513774441,46.696754320913],[-114.073538985136,46.6959055614503],[-114.073586045759,46.6951773129405],[-114.074138138664,46.687100843387],[-114.074336138802,46.6842208427755],[-114.074507138594,46.6817998426464],[-114.074822138731,46.6779568434913],[-114.075425360792,46.6753184817204],[-114.075929139418,46.6730428426109],[-114.076076228035,46.6718127247353],[-114.076172138933,46.6707118430349],[-114.076162240995,46.6693987797876],[-114.076174781141,46.6678715474917],[-114.076212421366,46.6656913390419],[-114.076001717405,46.6638253663054],[-114.075851021607,46.6631360026822],[-114.075677687175,46.662470532247],[-114.075508109212,46.6618663578039],[-114.075369421162,46.6614123161832],[-114.07518175963,46.6607489177861],[-114.074849393585,46.6596117331527],[-114.074529966984,46.6581737693618],[-114.07377813915,46.6558798434378],[-114.073477925666,46.6547289261568],[-114.072559067647,46.6525531756463],[-114.071858813234,46.6509951172886],[-114.071079505715,46.6491289799762],[-114.070923610936,46.6484712787842],[-114.070570035279,46.6460384444764],[-114.070639152675,46.6448431069815],[-114.070770736081,46.6439994772518],[-114.070976257248,46.643103908976],[-114.071636945988,46.6412972276426],[-114.071966062784,46.6406105143215],[-114.072302669133,46.640046400179],[-114.073073167792,46.6388937678908],[-114.074063154991,46.6376268749381],[-114.075213812368,46.6361511558089],[-114.076943073764,46.6339731372083],[-114.077714091332,46.6330677483356],[-114.078358342264,46.6323353314681],[-114.078869066354,46.6317047160575],[-114.079631724724,46.6308211294493],[-114.080493920058,46.6298715694751],[-114.081414930155,46.6288207044696],[-114.082056075727,46.6280783914623],[-114.082747745212,46.6272565936746],[-114.083972608349,46.6259761092677],[-114.085043578598,46.6247797591363],[-114.085651444758,46.6241246974545],[-114.086261566418,46.6234280718058],[-114.087176668868,46.6223124439219],[-114.087983261818,46.6213745310674],[-114.08866423027,46.6204202127803],[-114.089085059928,46.6193489880231],[-114.08918389542,46.6186440058739],[-114.089427548742,46.6172376784338],[-114.089607064215,46.6163560586429],[-114.089837889607,46.614858807046],[-114.089989521599,46.6136410512512],[-114.090163001721,46.6125438234963],[-114.090551427007,46.610044397089],[-114.090694725881,46.6090443114035],[-114.090798805321,46.6083076227563],[-114.090963211283,46.6071807686352],[-114.091850475219,46.6015122383568],[-114.09227269343,46.5985851744239],[-114.092533529199,46.5971865793548],[-114.092593870111,46.5958170701593],[-114.09230013894,46.5943108433284],[-114.092102138803,46.593374843332],[-114.091076139152,46.589486843001],[-114.09077013943,46.5883708427978],[-114.090572139293,46.5877948432151],[-114.09048213874,46.587218842733],[-114.090382292409,46.5842506258234],[-114.090266536172,46.581472407783],[-114.090374139155,46.5791098429025],[-114.090833138738,46.5779308433913],[-114.091391389301,46.5769535851974],[-114.092222117357,46.5758794106639],[-114.093361720267,46.5748377052535],[-114.094770629661,46.5735764699357],[-114.09703644008,46.5715722246361],[-114.100112138564,46.5689758432181],[-114.10170884169,46.5674142037601],[-114.103068449349,46.566237293374],[-114.103992992882,46.5652266604396],[-114.104587942979,46.5642381274452],[-114.104819138892,46.563260843171],[-114.104873138684,46.5627838427577],[-114.104838072319,46.5622429428152],[-114.104736281654,46.5616649242544],[-114.104453694882,46.5609843020415],[-114.104018559709,46.5601711979999],[-114.103428985759,46.5590970144732],[-114.102811190184,46.5580527028275],[-114.102199052244,46.5569044700229],[-114.101841166137,46.5559770396662],[-114.101620832236,46.5548240377567],[-114.101526487957,46.5540896747563],[-114.101612991047,46.5531492240151],[-114.10191977138,46.5520736672235],[-114.102251042951,46.5512007429775],[-114.103325779561,46.5487248392375],[-114.104392892618,46.5462242347182],[-114.105565317186,46.5435794131169],[-114.106590852786,46.5411878837714],[-114.108133672131,46.5374323328934],[-114.109693283618,46.5338546993924],[-114.111252709845,46.5302770209253],[-114.112892138861,46.5269008427572],[-114.113315138583,46.5258388432455],[-114.114233138648,46.5235708429775],[-114.115106139337,46.5215728434695],[-114.116060139264,46.5193948428552],[-114.116689437168,46.5176287991872],[-114.117680139327,46.5155698427316],[-114.118294985125,46.5138378698793],[-114.119120139183,46.5122308434361],[-114.119921139249,46.5102778433054],[-114.120164138764,46.5097018428233],[-114.120605139316,46.5085948430351],[-114.120857139246,46.5077758430382],[-114.12108213883,46.5069658434564],[-114.121512352013,46.5048112899665],[-114.121671898939,46.5039889372971],[-114.121964936732,46.5029924767789],[-114.122158274785,46.5020363067876],[-114.12240607578,46.5008917558074],[-114.122665287373,46.5000291018191],[-114.1231871064,46.497581488952],[-114.123710824795,46.4952624728423],[-114.124251278674,46.4926316554839],[-114.124803112574,46.4902827270237],[-114.12560488156,46.4873639251625],[-114.125933138603,46.485986842776],[-114.126239139225,46.4846818428502],[-114.126443286229,46.4831865023126],[-114.126876587684,46.4810610041195],[-114.127358708837,46.4788510389018],[-114.127940438001,46.4766007642713],[-114.128570138801,46.4746198428889],[-114.128913983793,46.4723340756145],[-114.129407121641,46.4699161970323],[-114.130026077342,46.4672994972314],[-114.130871816881,46.4635927030982],[-114.132004230611,46.4585034513306],[-114.132998138853,46.4541898432441],[-114.133502138713,46.4520568429063],[-114.133889138573,46.4502388427058],[-114.134384138917,46.4479978427836],[-114.134717138985,46.4464138434815],[-114.13514383492,46.4447165457893],[-114.135428139397,46.4431648429405],[-114.136009579878,46.4409549847421],[-114.136616139323,46.4393218428861],[-114.138068113652,46.4365810393408],[-114.139119067691,46.4346486858455],[-114.140411943856,46.4321653438129],[-114.141655923882,46.4297664472211],[-114.14298230429,46.4271492186189],[-114.144513214813,46.4243473843816],[-114.14524847174,46.4228477217024],[-114.145550250044,46.4220043653665],[-114.145658485251,46.4211376977039],[-114.145725062062,46.4198903551131],[-114.145562005082,46.418135079028],[-114.145468348785,46.4162407443722],[-114.145346546406,46.4143762968859],[-114.14513913936,46.4106658434113],[-114.144950138738,46.4087218427961],[-114.144905139361,46.4069848427336],[-114.144788139361,46.4050678433636],[-114.144761139015,46.4044288426743],[-114.144455139293,46.3992718431783],[-114.144356139224,46.3976158432539],[-114.144275139086,46.3962748434665],[-114.144239139225,46.3958338429148],[-114.143960138949,46.391054842864],[-114.143852139365,46.3897048426616],[-114.143780138742,46.388795843011],[-114.143669035597,46.3867738666779],[-114.143503748299,46.3843999784335],[-114.143024138953,46.374917843341],[-114.14295213923,46.3732528430016],[-114.143078138745,46.371848843007],[-114.143393155969,46.3705572789525],[-114.143618139366,46.3695628428082],[-114.147920139003,46.3498528430915],[-114.14821713921,46.3485028428891],[-114.148469139139,46.3473328428936],[-114.149675138996,46.3418608432605],[-114.15017013934,46.3396018434076],[-114.150827139061,46.336649843073],[-114.151704784748,46.3324008027121],[-114.152068836607,46.3305423483079],[-114.152649745589,46.3279300686749],[-114.1534449819,46.3239453822308],[-114.154305853432,46.3200541965011],[-114.155066139391,46.3170928432173],[-114.155219139252,46.3163728432892],[-114.155993138972,46.3128718428185],[-114.156722139315,46.3094158426242],[-114.156857139246,46.3086328433882],[-114.157532138897,46.3055008428468],[-114.158333138963,46.30185584293],[-114.158927139376,46.2990478429407],[-114.159215139167,46.2976888432227],[-114.159620138958,46.2957718429533],[-114.159849415718,46.2950258058534],[-114.160183421228,46.2935583928626],[-114.160668874369,46.2917335056539],[-114.160967228055,46.2902712988385],[-114.161347810353,46.2885907096506],[-114.161967015166,46.2857403372039],[-114.162250255745,46.2842287333265],[-114.162874486868,46.2807260034594],[-114.162113058771,46.2784417209658],[-114.159556002008,46.2767313201514],[-114.158711139308,46.2750088432406],[-114.158351138894,46.2742978428283],[-114.158279139171,46.273595842831],[-114.15801428613,46.2721599771583],[-114.157868836977,46.2710722471436],[-114.157758994682,46.2699792974637],[-114.157252992931,46.2663652126416],[-114.157164235241,46.2657076301601],[-114.157016810278,46.2644912197511],[-114.157287522401,46.2617175981457],[-114.15735617125,46.2592572841534],[-114.157248366819,46.2582929779956],[-114.157091432424,46.2569231945069],[-114.1567131389,46.2551278428327],[-114.156551138624,46.2543628426282],[-114.156452138555,46.253264843255],[-114.156389139247,46.2523018429128],[-114.156081486571,46.2502620087418],[-114.155941037649,46.249214781494],[-114.1558267563,46.2484732284138],[-114.155767010739,46.2479351811207],[-114.155663461899,46.247057932035],[-114.155553402867,46.246037197016],[-114.15542199393,46.24501958894],[-114.155266833897,46.2438507050031],[-114.155163699645,46.2429991828231],[-114.155053655901,46.2419784397103],[-114.154899712652,46.2408867508799],[-114.154700671998,46.2396469140309],[-114.154495928744,46.2383150558522],[-114.154355533781,46.2372678034234],[-114.154457481827,46.2369433433177],[-114.154659266312,46.2364340131762],[-114.155111138768,46.2353728419401],[-114.155296482746,46.2342049256739],[-114.155241478411,46.2331451483869],[-114.155246009196,46.2320611640486],[-114.155256250675,46.2310691974425],[-114.155251467181,46.2296615767774],[-114.155256649974,46.225869166286],[-114.155286779961,46.2223052141713],[-114.155408138974,46.2188758420035],[-114.155344590181,46.2172204922889],[-114.155352739837,46.2152692629231],[-114.155339232919,46.214125982685],[-114.155356400078,46.2122043742894],[-114.155332380985,46.2106602383364],[-114.155299347087,46.2090864661245],[-114.15530958407,46.2080944581497],[-114.155499549664,46.2071070403147],[-114.155906502783,46.2063199428681],[-114.157018515392,46.2052127443297],[-114.159014046261,46.2037128001626],[-114.160746829403,46.2023751764302],[-114.162676074841,46.2010241608933],[-114.164212842649,46.2002878832362],[-114.165633005259,46.1997544224856],[-114.167062162888,46.1992505764099],[-114.167878292249,46.1989295670029],[-114.169009934361,46.1985467543862],[-114.169566728022,46.1983257136178],[-114.17020413871,46.1981128422908],[-114.170776737057,46.1977611228346],[-114.171712659711,46.1971748520947],[-114.17229489969,46.1966714610761],[-114.172927219316,46.1958202032968],[-114.173289136185,46.1951789030409],[-114.173538642294,46.1944612422495],[-114.17376275065,46.1932210627588],[-114.173861301957,46.1921540989895],[-114.174150230749,46.1906877022326],[-114.17441285437,46.1897204552917],[-114.17478335257,46.1888147498578],[-114.175399568036,46.187764601612],[-114.175958733209,46.186893084805],[-114.176784929581,46.1858739856529],[-114.177980276968,46.184676816239],[-114.179733426157,46.1833357499019],[-114.18046928383,46.1828251849913],[-114.181220138598,46.1820748419374],[-114.181541037389,46.1816615953633],[-114.181799837992,46.1812675583081],[-114.182111126627,46.1806800653897],[-114.182351442565,46.1799327368633],[-114.182403461151,46.1786403760095],[-114.182183585004,46.1779916374611],[-114.181950177659,46.1772984499205],[-114.181592056828,46.1757567933983],[-114.181420599281,46.1751938070056],[-114.18125119039,46.1744912134557],[-114.181097785834,46.1739874869899],[-114.180981293052,46.1733854637251],[-114.180745033057,46.1722438130585],[-114.180527642637,46.1709446011694],[-114.180269627142,46.167902263036],[-114.180229425647,46.1672580651645],[-114.18008667536,46.1647405264111],[-114.180037457263,46.1640666931803],[-114.179965673377,46.1625138796687],[-114.179749535712,46.1588771472195],[-114.179617489156,46.1567604578858],[-114.179453463606,46.1534410934886],[-114.179205822691,46.1497005882684],[-114.17919790416,46.1463547909977],[-114.178960673796,46.1445046391347],[-114.178606129569,46.1388758292131],[-114.178504903678,46.1370796132904],[-114.178316400382,46.1338256664782],[-114.178211506156,46.1317977798006],[-114.178153330812,46.1302893271477],[-114.178044762856,46.1280297742116],[-114.178144372665,46.1262349486409],[-114.178212829958,46.1246304573866],[-114.178426757089,46.1227723654092],[-114.178564862378,46.1212504957706],[-114.17877262106,46.1190062960606],[-114.179195138745,46.1170138417722],[-114.180185139433,46.1130448422026],[-114.180428138947,46.1120638419296],[-114.180572139293,46.1115058422777],[-114.181091066999,46.1095783118465],[-114.181359388725,46.1089970152569],[-114.181794432167,46.1081589748137],[-114.18221185879,46.1075557302696],[-114.182833289425,46.106891498201],[-114.184628722038,46.1054042830381],[-114.186362640124,46.1040808874798],[-114.186972493786,46.1032325533965],[-114.187358279561,46.1025255657591],[-114.187661334903,46.1019855642393],[-114.187937669588,46.1008457391963],[-114.187994461775,46.0998620823261],[-114.187973496779,46.0993542990185],[-114.187887392989,46.0987787014328],[-114.187643969893,46.0979785701118],[-114.187052337395,46.0967652794509],[-114.186675841617,46.0961859910475],[-114.185788547104,46.0951710359714],[-114.185027473339,46.0945709597388],[-114.183393571556,46.0935885043628],[-114.181637676737,46.0927168742412],[-114.177979008924,46.0908558486753],[-114.175569233233,46.089662406052],[-114.173833637912,46.0887103036944],[-114.17301788177,46.0881491860929],[-114.172175120785,46.0874991534201],[-114.171400396211,46.0865604554575],[-114.170581517623,46.0852567154819],[-114.170120188796,46.0838848869348],[-114.170021255277,46.0827538734493],[-114.170077470099,46.0819870467217],[-114.170189045388,46.0806702476906],[-114.170639208233,46.0767338053776],[-114.170808656694,46.074216441992],[-114.171076759884,46.0717309892505],[-114.171424007912,46.0680418272254],[-114.171541721074,46.0663060907103],[-114.171640105107,46.065238886822],[-114.171920044275,46.0624265332147],[-114.172246654659,46.0593286250728],[-114.172582320318,46.0554552854899],[-114.173178839732,46.0497321456787],[-114.173370154309,46.047799721137],[-114.173595856264,46.0456145151545],[-114.173653212326,46.0449248673455],[-114.173814599264,46.0432600207901],[-114.173885067442,46.0423207274764],[-114.174023102584,46.0407986482957],[-114.174269522221,46.0399263283941],[-114.174525321786,46.0393777473419],[-114.175246418887,46.0383116514183],[-114.17624943906,46.0370027493342],[-114.176750320071,46.0363096787055],[-114.177147251145,46.0357867391235],[-114.177677164969,46.0350429368388],[-114.17788381029,46.0346254373708],[-114.178086772886,46.0339762428661],[-114.177989138888,46.0321528422366],[-114.177824153762,46.0303301304879],[-114.17781557333,46.0297895102345],[-114.177810669327,46.0294805841184],[-114.177759536573,46.0289462321397],[-114.177726407348,46.0284711571749],[-114.177701139096,46.0280308419066],[-114.177600018426,46.026957013612],[-114.177561987895,46.026173008934],[-114.177698248675,46.0250846368033],[-114.177944147604,46.0239181756401],[-114.178115139302,46.02324284234],[-114.178259138748,46.0223608421359],[-114.178212142876,46.0217266006588],[-114.178187139025,46.0206688423499],[-114.178187139025,46.0196338422848],[-114.178187139025,46.0192288424939],[-114.178227315338,46.0189219956103],[-114.178190912581,46.0185093273004],[-114.178183556126,46.0180459282338],[-114.178131608587,46.0177284459677],[-114.177992126435,46.0172690353944],[-114.177629707745,46.0167340988563],[-114.176997324267,46.0161150838008],[-114.176333138963,46.015574842162],[-114.175474069673,46.0149770690932],[-114.17407413911,46.0138198421687],[-114.173018334129,46.0131094029333],[-114.171987246114,46.0123478408369],[-114.171115283244,46.0116712089159],[-114.17017053734,46.0109743296583],[-114.169241370393,46.0101822553635],[-114.168622628731,46.0096076506293],[-114.168153994711,46.009088346107],[-114.167722197821,46.0084707178061],[-114.167240951708,46.0076900649013],[-114.166799832446,46.0067486734692],[-114.166414401004,46.0055513538686],[-114.166289138933,46.0043698416516],[-114.166262138587,46.0041988418598],[-114.166334139209,46.0028668424875],[-114.166361138656,46.0026328424884],[-114.166622139,46.0017058420077],[-114.166784139277,46.001201842148],[-114.167798702248,45.9994949369985],[-114.17045613864,45.9963058420977],[-114.170619309833,45.9956111365014],[-114.170608365084,45.9949160100226],[-114.170309569831,45.9940775046298],[-114.169474469271,45.9922032500367],[-114.168764138854,45.9905638417046],[-114.168168507071,45.9896551864944],[-114.16742862583,45.9886803951408],[-114.166394390189,45.9876870426796],[-114.165412908779,45.9867942937784],[-114.164944478005,45.9862749568804],[-114.163642586136,45.9850578153226],[-114.162439266259,45.9838725925028],[-114.161501628597,45.983050780326],[-114.160073517779,45.9819296252087],[-114.159315317348,45.9814065129569],[-114.156371139317,45.9796288419542],[-114.155389464552,45.9791513909806],[-114.154396294653,45.978585450315],[-114.151648632878,45.9769927968368],[-114.147913743025,45.974926143983],[-114.14619769177,45.9741724122837],[-114.145079508912,45.9737796486685],[-114.14427359495,45.9734647708392],[-114.14267525326,45.9728794659713],[-114.142066346585,45.9726284741814],[-114.141299669144,45.9723697356315],[-114.140442304069,45.9720314457513],[-114.139722642286,45.9717812633513],[-114.139018581942,45.9714358850148],[-114.138596533703,45.9711418984366],[-114.138218138556,45.9708718419186],[-114.137193487889,45.9696607761806],[-114.136477745352,45.9685429818298],[-114.136049871304,45.9678627840969],[-114.135265916988,45.9667395407539],[-114.133329562409,45.9637886160085],[-114.131598310813,45.9611481120524],[-114.130771067631,45.9599539382803],[-114.129009432439,45.9572611153648],[-114.128607843777,45.9566183213351],[-114.128346616803,45.9562438850039],[-114.127877748959,45.9552806940055],[-114.127526881161,45.9546097934639],[-114.127154998904,45.953673618999],[-114.126166048624,45.9505987290048],[-114.125719417417,45.9492193911187],[-114.124678380203,45.9460695759069],[-114.124172068186,45.9444925751289],[-114.122957950149,45.9407695419375],[-114.122360766136,45.9391852584496],[-114.121712139104,45.9369958418413],[-114.121091139245,45.9358258418458],[-114.120227138971,45.9341968422671],[-114.120110138972,45.9339898417145],[-114.119177508735,45.9324695252051],[-114.118094138634,45.9306598419348],[-114.117536138982,45.9297508422842],[-114.117050047322,45.9287569376392],[-114.116456331994,45.9277707932442],[-114.115844724654,45.926725346654],[-114.114819966968,45.9249974917974],[-114.114318785583,45.9241215943927],[-114.113719191388,45.923115663114],[-114.113261345635,45.9224811140688],[-114.112405485125,45.9218018849057],[-114.11151839206,45.9213130386225],[-114.110462901841,45.920952173061],[-114.10935229757,45.9207026228844],[-114.108338602445,45.9204801018319],[-114.107476940408,45.920173287324],[-114.105407683118,45.9188054059014],[-114.103198366312,45.9171690831433],[-114.100476412556,45.91540165362]],[[-114.132078972367,46.9518255057009],[-114.131297138652,46.9514038432712],[-114.133272992355,46.9525342578081],[-114.134849699954,46.9534397222238],[-114.151412139059,46.9630408430189],[-114.161321139159,46.9687648434812],[-114.163940139426,46.97014184313],[-114.164318138871,46.9703578431983],[-114.165119138937,46.9705378434052],[-114.165416139143,46.9708258431965],[-114.166595138655,46.9719238434691],[-114.169115138853,46.9749028432501],[-114.170366138986,46.9763338426911],[-114.170366138986,46.9764238432442],[-114.170762139261,46.9767568433121],[-114.171320138913,46.9774858427559],[-114.173336139251,46.9799248428157],[-114.173624139043,46.9802758428143],[-114.174263138833,46.9808878431579],[-114.174605139316,46.9811758429493],[-114.174650138693,46.9812028432951],[-114.180374139155,46.9857838432083],[-114.182858138592,46.9877188434083],[-114.184820139138,46.9891858427109],[-114.185774139065,46.9900588433994],[-114.187808139334,46.991687842978],[-114.196331139371,46.9983208430909],[-114.20066913887,46.9999138428081],[-114.201569139005,47.0006158428054],[-114.202172138933,47.0008768431503],[-114.202559138793,47.0011288430801],[-114.203936139341,47.0020648430766],[-114.207158138637,47.0048908429965],[-114.20916513856,47.0066098431283],[-114.210659139108,47.0078608432618],[-114.211460139174,47.008319842845],[-114.221216139413,47.0120908431764],[-114.221279138721,47.0121088431072],[-114.222692139131,47.0127028426206],[-114.223853138711,47.0136928433086],[-114.225626138635,47.0148268434426],[-114.225995138565,47.0151328431647],[-114.226166139256,47.0152858430258],[-114.227363138698,47.0162218430222],[-114.228002139387,47.0166088428823],[-114.229433138828,47.0171848433644],[-114.230774138616,47.0176618428783],[-114.23167413875,47.0180758430842],[-114.233006139022,47.0185258431517],[-114.234185139433,47.0186788430127],[-114.243230139259,47.0194798430789],[-114.247280138967,47.0199838429385],[-114.25095213923,47.0202628432142],[-114.251555139158,47.0203348429372],[-114.252716138739,47.0204788432826],[-114.253589139427,47.0206678430051],[-114.256397139416,47.021414843279],[-114.264605139316,47.0233948428563],[-114.267818139096,47.0242228432682],[-114.272399139009,47.0254378426409],[-114.273902139072,47.0256268432628],[-114.275027138791,47.0260408434687],[-114.275873139134,47.0260948432609],[-114.29146113942,47.0278858431158],[-114.293333139413,47.0281018431841],[-114.306437139362,47.0293978426949],[-114.308912139284,47.029559842971],[-114.310478138655,47.0298388432466],[-114.314015138987,47.030774843243],[-114.320135138826,47.032052842823],[-114.321836139027,47.0325298432363],[-114.322880138608,47.0328088426126],[-114.324356139224,47.0331508430955],[-114.325985138803,47.0335648433014],[-114.328919139207,47.034014843369],[-114.329963138788,47.0341858431607],[-114.33220413871,47.0343388430218],[-114.334976138838,47.0346988434355],[-114.337910139242,47.0350948428113],[-114.341618140265,47.0352748430182],[-114.343121140328,47.0351668434337],[-114.346028140386,47.034311842676],[-114.348098139617,47.0334028430254],[-114.349475140166,47.0329168430964],[-114.353093139737,47.0317018428244],[-114.354020140217,47.0313868426872],[-114.354821140283,47.0311078433109],[-114.355694140072,47.0305678426903],[-114.358421139924,47.0270398427731],[-114.360689140192,47.0240248431305],[-114.361166139706,47.0232238430645],[-114.362165139909,47.0218288434849],[-114.363029140183,47.0211718428648],[-114.364559139693,47.0203708427987],[-114.365369140174,47.0198218426625],[-114.36617014024,47.0195158429404],[-114.366998139752,47.0193628430793],[-114.368339140439,47.0190928432187],[-114.369806139742,47.0189488428733],[-114.371138140013,47.0190028426656],[-114.373451139658,47.019218842734],[-114.375404139789,47.0196328429399],[-114.375953139925,47.0197678428702],[-114.378122140125,47.0204068426602],[-114.381371139766,47.0214778434862],[-114.382199140178,47.0217658432776],[-114.382460139624,47.0218378430006],[-114.382811139622,47.0219548430002],[-114.383090139898,47.0220358431382],[-114.38405314024,47.0223328433446],[-114.384098139617,47.0223418428603],[-114.3844401401,47.0225038431364],[-114.384908140099,47.0227108427897],[-114.38597013961,47.0231788427879],[-114.386960140298,47.0235658426481],[-114.38945314015,47.0241598430609],[-114.390650139592,47.0239618429233],[-114.392117139794,47.0233138427182],[-114.40681414036,47.0153308433023],[-114.40809213994,47.0145928434435],[-114.408362139801,47.0143858428909],[-114.409163139867,47.0137198427551],[-114.409703139588,47.0132878426184],[-114.409856140349,47.0131618431031],[-114.411269139859,47.0119918431076],[-114.411800140064,47.0108578429736],[-114.412394139578,47.0091568427726],[-114.412871139991,47.0077348428472],[-114.41310513999,47.0058718432695],[-114.413312139643,47.0047918429277],[-114.413573139988,47.0038198430698],[-114.413780139642,47.0030278434187],[-114.41504014019,47.0021188428688],[-114.415067139637,47.0021098433531],[-114.417470139835,46.9999048432924],[-114.420953140375,46.9969978432344],[-114.422420139678,46.9958458431696],[-114.422915140022,46.9952788431026],[-114.425498140427,46.9931818426264],[-114.426767139592,46.9923088428373],[-114.427802139657,46.9918048429776],[-114.429233139997,46.9913278434637],[-114.43083514013,46.9910848430495],[-114.432608140054,46.990976843465],[-114.43418313984,46.9911568427726],[-114.440816139953,46.9924438427676],[-114.445766139795,46.9935238431094],[-114.451229139913,46.9946398433126],[-114.453893139557,46.9951888434489],[-114.454910139691,46.9953958431021],[-114.459554139812,46.996628843305],[-114.46184014001,46.9973848430945],[-114.465161140274,46.9984828433671],[-114.468896139845,46.9999138428081],[-114.470030139979,47.0001928430838],[-114.470597140046,47.0002828427375],[-114.471578140319,47.0004538434286],[-114.471857139695,47.0004898432901],[-114.474098139617,47.000813842943],[-114.476051139748,47.0009128430118],[-114.477824139672,47.0008588432196],[-114.479669140219,47.0008048434273],[-114.481811140072,47.0009308429426],[-114.483989139787,47.0012008428032],[-114.486176139917,47.0018308430774],[-114.487436139566,47.002433843006],[-114.488885139837,47.0031898427955],[-114.490460139624,47.0040088427924],[-114.490523139831,47.004053843069],[-114.493727140095,47.0058808427852],[-114.49397013961,47.0060158427155],[-114.4944921403,47.0063128429219],[-114.495176140367,47.0066368434741],[-114.496355139878,47.0072398434026],[-114.496508139739,47.0073208426413],[-114.496625139738,47.0074198427101],[-114.497390139943,47.0079958431921],[-114.498182139594,47.0086078426363],[-114.499172140282,47.0095168431863],[-114.499613139934,47.0100748428383],[-114.500054139587,47.0105698431822],[-114.500432139931,47.0109568430424],[-114.500954139722,47.0111908430415],[-114.501278140274,47.0115058431787],[-114.502727139646,47.0129638429655],[-114.503366140335,47.013638842617],[-114.5044011404,47.0142328430298],[-114.505274140189,47.0148268434426],[-114.507002139837,47.0160148433689],[-114.507992139626,47.0164648434363],[-114.508073139764,47.0165008432978],[-114.509810139826,47.0175088430172],[-114.511871140441,47.0181478428073],[-114.512312140093,47.0182918431526],[-114.515021140014,47.018885842666],[-114.519323139651,47.0199658430078],[-114.521699140403,47.020433843006],[-114.522671140261,47.0205598434206],[-114.523733139773,47.0206948433509],[-114.531419139881,47.0203708427987],[-114.533264140428,47.0202628432142],[-114.535460140073,47.0198038427317],[-114.536459140277,47.0193898434251],[-114.537629140273,47.0187058433586],[-114.54011313971,47.016473842952],[-114.541337140397,47.0153038429566],[-114.543083139975,47.0136658429628],[-114.545387140104,47.0114338434556],[-114.54913114009,47.0077348428472],[-114.550769140084,47.0061868434066],[-114.551804140149,47.0052238430644],[-114.553073140213,47.0046118427209],[-114.55400914021,47.004359842791],[-114.556205139855,47.0041258427919],[-114.566825140368,47.004215843345],[-114.567500140019,47.004215843345],[-114.574034140063,47.0044048430675],[-114.574556139854,47.0043868431368],[-114.576824140122,47.0043148434138],[-114.577328139982,47.0043058429988],[-114.57831813977,47.004278842653],[-114.579353139836,47.0042338432757],[-114.582197139686,47.0041978434143],[-114.582782139684,47.0041888429992],[-114.584897140091,47.0041528431377],[-114.587300140289,47.0043058429988],[-114.590711140207,47.0053678434098],[-114.592358139716,47.005979842854],[-114.593456139989,47.0063938430599],[-114.59980114031,47.0088598434655],[-114.601934139749,47.0094268426332],[-114.625964139933,47.0140978430995],[-114.633938139833,47.0156458434395],[-114.642389140147,47.0173468427411],[-114.645296140205,47.0178958428774],[-114.64592613958,47.0180398432227],[-114.646898140337,47.0182738432219],[-114.647897139641,47.0183638428756],[-114.649733139773,47.0185168427367],[-114.650813140114,47.0186068432897],[-114.652208139694,47.0186788430127],[-114.653378139689,47.018660843082],[-114.655520140442,47.0188138429431],[-114.65726614002,47.0189938431499],[-114.657392140435,47.0190028426656],[-114.658292139671,47.0190118430807],[-114.660164139663,47.0190478429422],[-114.662198139932,47.0187958430123],[-114.662801139861,47.0185348426674],[-114.664169139994,47.018165842738],[-114.665339139989,47.0176528433626],[-114.666311139847,47.017382843502],[-114.667553139566,47.0172028432952],[-114.669155139698,47.0172028432952],[-114.669578140319,47.0174008434327],[-114.672035140309,47.0177608429471],[-114.673637140442,47.0179948429462],[-114.673826140164,47.018021843292],[-114.675599140088,47.0184808428751],[-114.67693114036,47.018588843359],[-114.678299139594,47.0186338427362],[-114.680612140138,47.018246842876],[-114.683312139643,47.0179048432924],[-114.685454140396,47.0173108428797],[-114.68761414018,47.0168608428122],[-114.690161139825,47.0161228429534],[-114.69440913967,47.014133842961],[-114.695075139806,47.013422843448],[-114.696281139663,47.0132698426876],[-114.705929140318,47.012351842622],[-114.706100140109,47.0123248431755],[-114.707270140105,47.012288843314],[-114.708269140309,47.0120638428306],[-114.710276140232,47.0118298428315],[-114.712706139876,47.011640843109],[-114.714452140354,47.0115508434552],[-114.716216139863,47.0115508434552],[-114.718088139856,47.0115688433859],[-114.720662139846,47.0117848434543],[-114.723497140181,47.012351842622],[-114.728384139816,47.0133508428257],[-114.731795139734,47.014628843305],[-114.73311813959,47.0153938426103],[-114.734126140209,47.0160508432304],[-114.734999139998,47.016887843158],[-114.735197140136,47.0173468427411],[-114.735701139996,47.0182378433603],[-114.736160139579,47.019785842801],[-114.736205139855,47.0199298431463],[-114.73724013992,47.023340843064],[-114.737573139988,47.0241328427151],[-114.738806140191,47.0258698427776],[-114.738851139568,47.0259148430541],[-114.74018313984,47.0276968433932],[-114.740453139701,47.0280658433226],[-114.740903139768,47.0287048431126],[-114.74662714023,47.0370118430807],[-114.750965139729,47.0432848427799],[-114.75793113991,47.0518888429544],[-114.759587139835,47.0537968428087],[-114.759704139834,47.0539228432233],[-114.761207139898,47.0556598432858],[-114.76151313962,47.0559388426621],[-114.762233140447,47.0569918426581],[-114.762413139755,47.057828843485],[-114.76383513968,47.0656588430399],[-114.764024140302,47.0665948430363],[-114.764096140025,47.0669458430349],[-114.764177140163,47.0673868426873],[-114.76435714037,47.0684308431675],[-114.764411140162,47.0687908426819],[-114.764429140093,47.0689258426122],[-114.764870139745,47.0715088430174],[-114.76538314002,47.07454184349],[-114.765572139742,47.0756578427939],[-114.765599140088,47.0758378430007],[-114.76627413974,47.0772058431339],[-114.767237140082,47.0783668427143],[-114.767921140148,47.0788618430583],[-114.768371140216,47.0792038426419],[-114.771278140274,47.0804818431213],[-114.771782140134,47.0806438433973],[-114.771872139787,47.0806888427746],[-114.773798139572,47.0813458433947],[-114.776165139909,47.0821738429072],[-114.778172139832,47.0828668433888],[-114.780413139755,47.0837578431087],[-114.78171813968,47.0842978428299],[-114.783194140297,47.0854408433789],[-114.783617140019,47.0862148430993],[-114.783995140363,47.0877988433007],[-114.785912139733,47.1031618431033],[-114.786056140079,47.1042688428915],[-114.786650139592,47.1072028432953],[-114.786893140006,47.1090568433574],[-114.787019140421,47.1118378430008],[-114.791501140265,47.1199738431771],[-114.794255139563,47.124914843504],[-114.794984139906,47.1262738432221],[-114.795398140112,47.1270748432882],[-114.795821139834,47.1278758433543],[-114.796595139554,47.1296308433476],[-114.797297139551,47.1307558430666],[-114.797882140448,47.1316378432706],[-114.798629139823,47.1328078432662],[-114.799313139889,47.1337078434011],[-114.799772140372,47.1343198428453],[-114.800636139746,47.1353008431182],[-114.802778139599,47.1366238429749],[-114.812930140114,47.1424288426758],[-114.823010140006,47.1485128426525],[-114.831308139559,47.1532558428418],[-114.834530139754,47.1550918429731],[-114.848606139562,47.1632908433567],[-114.858425140008,47.168744843059],[-114.859397139866,47.1694288431256],[-114.860774140414,47.1706888427748],[-114.862934140198,47.1729118427663],[-114.863015140336,47.1730018433193],[-114.863456139989,47.1734518433868],[-114.864239140124,47.1742618429686],[-114.866732139976,47.176826843443],[-114.867524139627,47.1775198430253],[-114.869387140104,47.179166843434],[-114.87224014037,47.1809398433581],[-114.875966140425,47.1834598426566],[-114.876659140007,47.1840178432078],[-114.880655139923,47.1872218434723],[-114.882626139984,47.1885718427753],[-114.884327140185,47.1895978433248],[-114.885677140388,47.1902908429071],[-114.889826140164,47.19191084297],[-114.891239139675,47.1923878433832],[-114.893507139943,47.1928738433122],[-114.894452140354,47.1930718434498],[-114.895289140282,47.1932338428265],[-114.896072140417,47.1932878426188],[-114.896999139998,47.1933508428261],[-114.898304139924,47.1936928433091],[-114.899501140265,47.1939898426161],[-114.900419140331,47.1942148430995],[-114.900950139637,47.1943678429605],[-114.90448713997,47.1949798433041],[-114.906755140238,47.19537584268],[-114.909374139605,47.1963748428837],[-114.913487140419,47.1976978427402],[-114.914036139656,47.1979228432236],[-114.917087140059,47.1991918432879],[-114.917969140264,47.1995068434251],[-114.924458140031,47.201909842724],[-114.928472139877,47.2034848434098],[-114.931091140144,47.2047628429898],[-114.932999139998,47.2060138431234],[-114.934169139994,47.2070578427043],[-114.93485314006,47.2079218429777],[-114.935231140405,47.2084078429066],[-114.93535713992,47.2085608427677],[-114.935807139987,47.2092538432493],[-114.935969140264,47.2094788428334],[-114.9365181404,47.2102888433145],[-114.937121140328,47.2107838427591],[-114.937940140325,47.21145884331],[-114.938102139702,47.2115758433095],[-114.9405051399,47.2128808432354],[-114.942404140239,47.2137268426787],[-114.942818140445,47.2139248428163],[-114.945374139605,47.2149058430892],[-114.94745314015,47.2155898431558],[-114.952952140129,47.2167598431513],[-114.955373140258,47.2173988429413],[-114.956813140114,47.217902842801],[-114.957920139903,47.2185148431445],[-114.959216140313,47.2197838432089],[-114.95966614038,47.220395842653],[-114.960683139615,47.2208368432048],[-114.962177140163,47.2214848434098],[-114.962663140092,47.2216918430632],[-114.963761140364,47.2226368434746],[-114.966551140423,47.2249048428433],[-114.966857140145,47.2250758426351],[-114.969656139719,47.2265518432521],[-114.969782140134,47.2265968426293],[-114.973571140396,47.2281178426234],[-114.97366114005,47.2281628428999],[-114.974282139909,47.2284058433141],[-114.974651139838,47.2285768431059],[-114.975308139559,47.2290178427583],[-114.979322140304,47.2308538428896],[-114.981032140021,47.2315828432327],[-114.984677139938,47.2331758429499],[-114.987656139719,47.2339678435003],[-114.989951140333,47.2342648428074],[-114.990914139776,47.2342378433608],[-114.996619373185,47.2332341702798],[-115.000620223145,47.232709468926],[-115.002850205473,47.2313977150916],[-115.005801651825,47.2305450741549],[-115.009999265354,47.2302171363708],[-115.013737764186,47.2308730128383],[-115.01610514044,47.2319788435079],[-115.016636139746,47.2320688431617],[-115.017275140435,47.2323838432988],[-115.017536139881,47.2325098428141],[-115.018211140432,47.2328338433663],[-115.018283140155,47.2328698432278],[-115.019354140081,47.2334278428797],[-115.020695139869,47.2341028434306],[-115.024016140133,47.2357858428015],[-115.029884140041,47.237036842935],[-115.035896140295,47.2383868431374],[-115.03873113973,47.2386028432057],[-115.047425139559,47.2386028432057],[-115.051178139959,47.2404838427143],[-115.051565139819,47.2409788430583],[-115.05313114009,47.2436608426329],[-115.053275140435,47.2440208430466],[-115.053428140296,47.2442728429765],[-115.053797140226,47.245028842766],[-115.054202140017,47.2465048433829],[-115.054175139671,47.2477198427557],[-115.053833140087,47.2491148432345],[-115.053617140019,47.2495288434405],[-115.053401139951,47.2499248428163],[-115.053167139952,47.2504288426761],[-115.052861140229,47.2510678433654],[-115.052402139747,47.2520308428083],[-115.05208713961,47.25311084315],[-115.052024140302,47.2533628430799],[-115.05198814044,47.255369843003],[-115.05208713961,47.2559728429315],[-115.052519139747,47.2586458429904],[-115.052951139883,47.2612918427035],[-115.053176140367,47.2626058430443],[-115.053473139674,47.2631818426271],[-115.054310139601,47.2641898432458],[-115.054436140016,47.2645588431752],[-115.054607139808,47.2646038434518],[-115.064507140392,47.2726948433515],[-115.064921139699,47.2729648432121],[-115.076882139999,47.2827838427593],[-115.078151140063,47.2833148429648],[-115.079501140265,47.2843228426843],[-115.079798139572,47.2845658430984],[-115.083002139837,47.2872118428116],[-115.086413139755,47.2896778432171],[-115.086755140237,47.2898848428705],[-115.09093892669,47.2919927035597],[-115.093120744926,47.2931009282245],[-115.094104294777,47.2936065558571],[-115.095392605984,47.2944169457447],[-115.09701338486,47.2953935690173],[-115.09762290847,47.2958022263509],[-115.098122140125,47.2961938433304],[-115.099534597344,47.2970628330426],[-115.098883515162,47.2976723566532],[-115.098230139709,47.2981378430463],[-115.096664140338,47.2994608429028],[-115.093469139589,47.3024038428224],[-115.092767139592,47.3030518430274],[-115.092560139938,47.3030788433732],[-115.09246113987,47.3033488432338],[-115.09118314029,47.3044198431605],[-115.091057139875,47.3051128427428],[-115.090553140015,47.3052748430189],[-115.09040913967,47.3054728431565],[-115.090184140086,47.3056078430868],[-115.08706113996,47.3090098434888],[-115.086989140237,47.3090908427275],[-115.085999140448,47.310197843415],[-115.08591814031,47.3102878430688],[-115.083659139558,47.3128258431974],[-115.082714140045,47.3138608432626],[-115.0826871397,47.3140228426394],[-115.082660140253,47.3141668429847],[-115.08231813977,47.3142748434685],[-115.081778140049,47.3149048428435],[-115.081751139703,47.3151748427041],[-115.081454140396,47.3153008431187],[-115.078133140132,47.3191528444875],[-115.076477140208,47.3210788442725],[-115.076261140139,47.3213398437181],[-115.076171139586,47.3214568437177],[-115.075865139864,47.3216818442011],[-115.075226140074,47.32216784413],[-115.074488140215,47.3225548439902],[-115.07382214008,47.3227798444736],[-115.073795139734,47.3229058439888],[-115.073588140081,47.3229238439196],[-115.072985140152,47.3229958436426],[-115.065515140112,47.3252908442564],[-115.062266139571,47.3263798441138],[-115.061960139849,47.3264788441827],[-115.061294139713,47.3265688438364],[-115.052654139677,47.3292688442411],[-115.052384139816,47.3293678443099],[-115.051637140442,47.3294578439637],[-115.050665139684,47.3294848443094],[-115.050404140239,47.3294938438252],[-115.048478139554,47.3293228440334],[-115.039811140072,47.3282788444524],[-115.038821140283,47.3282248437609],[-115.036580140361,47.3281168441763],[-115.035950140087,47.3279638443153],[-115.031674279245,47.3283109889204],[-115.027790998556,47.3282538810711],[-115.025335395212,47.3283109889204],[-115.023108219669,47.3286536306199],[-115.021908971022,47.3291104871186],[-115.021048623795,47.3295836780037],[-115.020480053512,47.3308311482982],[-115.02022679543,47.3323295878995],[-115.019530337955,47.333616979999],[-115.018265140224,47.3354518442866],[-115.017968583383,47.3359174008268],[-115.017166602157,47.3371203735657],[-115.015963629418,47.3383022419143],[-115.013895360482,47.3394630049731],[-115.011371139766,47.3400778444763],[-115.003325140143,47.3424628438445],[-115.000768184104,47.3433040759817],[-114.997328104608,47.3442326862488],[-114.995175416312,47.3445703627914],[-114.993233776418,47.3447814102932],[-114.991735336816,47.3448447252632],[-114.989097238547,47.3448447252632],[-114.976928139622,47.3438668438392],[-114.968882139999,47.3430838437038],[-114.960620140307,47.3422918440527],[-114.957893139557,47.3417608438472],[-114.95567913998,47.3411038441265],[-114.953366140335,47.3402308443374],[-114.9466611396,47.3380258442767],[-114.943601139681,47.3370268440729],[-114.936365139639,47.3346508442204],[-114.934574139785,47.3340658442227],[-114.931910140141,47.3336698439475],[-114.930560139938,47.3336878438783],[-114.930065139594,47.3336968442933],[-114.92893114036,47.3338588436701],[-114.928715140291,47.3338858440158],[-114.927410140366,47.3342188440837],[-114.919103140398,47.3380618441382],[-114.917726139849,47.3381788441377],[-114.917465140404,47.3381968440685],[-114.915710140411,47.3388178439277],[-114.914252139724,47.3391238436498],[-114.914036139656,47.3391778443414],[-114.91337014042,47.339375844479],[-114.913217139659,47.3393398437182],[-114.911912139733,47.3394568437177],[-114.910877139668,47.3391418444799],[-114.910265140224,47.3391418444799],[-114.909824139672,47.3390608443419],[-114.909563140227,47.3388628442043],[-114.908456140438,47.3386198437901],[-114.908150139817,47.3385658439979],[-114.906737140307,47.3373418442101],[-114.906503140308,47.3363878442829],[-114.906701140445,47.3354968436638],[-114.908015139887,47.333138843742],[-114.908078140094,47.3319058444385],[-114.907781139888,47.3306098440284],[-114.907034139614,47.3293948437564],[-114.906413139755,47.3283508441754],[-114.904316140178,47.3265148440441],[-114.903254139767,47.3258128440468],[-114.900122140125,47.3244808437752],[-114.899573139988,47.3242648437069],[-114.896774140414,47.3231668443337],[-114.895694140072,47.3229238439196],[-114.893723140011,47.3225728439209],[-114.892922139945,47.3224738438521],[-114.892751140153,47.3224558439214],[-114.891158140436,47.3222578437838],[-114.889907140302,47.322095844407],[-114.888989140237,47.3219428436466],[-114.885425139558,47.3213668440639],[-114.877991140279,47.3201248443454],[-114.875966140425,47.3197108441395],[-114.874175139671,47.3194498437946],[-114.871925140233,47.3191258441417],[-114.871223140236,47.319107844211],[-114.870953140375,47.319107844211],[-114.870008139964,47.3189908442114],[-114.869333140312,47.3184508444902],[-114.868829139553,47.3172808444947],[-114.868262140385,47.3159848431852],[-114.867155139698,47.3145808431907],[-114.865832139841,47.312600842714],[-114.865229139913,47.3119258430625],[-114.864392139985,47.3117728432014],[-114.863186140128,47.3116828426484],[-114.861602139927,47.311313842719],[-114.860702139792,47.3114308427185],[-114.859793140141,47.311889843201],[-114.858614139731,47.3122048433381],[-114.858398139662,47.3122228432689],[-114.857408139874,47.3123308428534],[-114.855725139603,47.3123038434069],[-114.85410514044,47.311961842924],[-114.852377139893,47.311394842857],[-114.846392139985,47.3087938434204],[-114.845177139713,47.3081098433539],[-114.843935139995,47.3074078433566],[-114.843530140204,47.3071378434959],[-114.842963140137,47.3069128430126],[-114.842378140139,47.3070388434272],[-114.840677139938,47.3074168428723],[-114.839309139805,47.3078218426632],[-114.83829213967,47.3081278432846],[-114.837356139674,47.3086588434901],[-114.835601139681,47.3099998432774],[-114.834926140029,47.3102518432073],[-114.834728139892,47.3103148434146],[-114.834287140239,47.3108908429973],[-114.833216140313,47.3118988427167],[-114.832307139763,47.3122678426461],[-114.830777140253,47.312537843406],[-114.830228140117,47.3122948429919],[-114.829391140189,47.3111698432729],[-114.829058140121,47.3103328433453],[-114.827312139643,47.308487842799],[-114.825269139859,47.3064628429451],[-114.825017139929,47.3062108430153],[-114.823811140072,47.3048338433664],[-114.823586139589,47.3046268428139],[-114.822821140283,47.3039068428858],[-114.821831139595,47.3029888428201],[-114.820382140224,47.3020258433772],[-114.819005139675,47.3017558426173],[-114.817430139889,47.3016928433094],[-114.81578314038,47.3019808431007],[-114.814613140384,47.3025838430292],[-114.812192140255,47.3046088428831],[-114.811355140327,47.3057068431556],[-114.810806140191,47.3069398433583],[-114.810806140191,47.307857843424],[-114.811013139844,47.3088118433512],[-114.812120139633,47.3113768429263],[-114.812660140253,47.3123308428534],[-114.812894140252,47.313167842781],[-114.812759140322,47.3138878427091],[-114.809429139643,47.3158048429784],[-114.808259139648,47.315930843393],[-114.807251139928,47.3160298434618],[-114.805127140005,47.3161468434614],[-114.804317140424,47.3163268427689],[-114.803966140425,47.3170378431812],[-114.80382214008,47.3175868442168],[-114.803219140151,47.3183338444907],[-114.802751140153,47.319188844349],[-114.801977140433,47.3200798440688],[-114.801473139674,47.3209888437195],[-114.799520140442,47.3234368441943],[-114.797522140035,47.3262178438378],[-114.797369140174,47.3264248443904],[-114.794885139837,47.3287648443814],[-114.793274140189,47.3301778438917],[-114.792428139847,47.3307448439587],[-114.792203140263,47.3308348436125],[-114.791519140196,47.3311408442339],[-114.791420140127,47.3311678436804],[-114.791330139574,47.3311858436112],[-114.791231140405,47.3312128439569],[-114.790484140131,47.3313928441638],[-114.790277139578,47.3314198445096],[-114.789431140135,47.3315728443706],[-114.788891140414,47.3315728443706],[-114.787010140006,47.3315728443706],[-114.783158140436,47.3313208444408],[-114.78224014037,47.331365843818],[-114.781475140166,47.3315728443706],[-114.780728139892,47.3319778441615],[-114.779450140312,47.3331928444336],[-114.778856139899,47.3339398438081],[-114.778379140385,47.3348308444273],[-114.778172139832,47.3351818444259],[-114.778453202253,47.3361348407097],[-114.778554956046,47.3368929916776],[-114.778747180738,47.3376376914856],[-114.778954961003,47.3382834164059],[-114.779035516876,47.3392702559769],[-114.779243307033,47.3399159781992],[-114.779623556582,47.3412448919976],[-114.780265354163,47.3425026964017],[-114.781877005819,47.3447117587001],[-114.782521734291,47.3464201944958],[-114.782630652982,47.3477894428879],[-114.782393186996,47.3491135327228],[-114.781880005058,47.3503175154004],[-114.781126437935,47.351363909876],[-114.780534029322,47.3523218991957],[-114.77959942957,47.3533951860984],[-114.778830770024,47.3542512651432]],[[-113.47877953195,47.1738999332942],[-113.478593457722,47.1721366991083],[-113.478374838828,47.1708714923844],[-113.478192557041,47.169955967253],[-113.477845011338,47.169017069641],[-113.476881883292,47.1666378960809],[-113.476508588201,47.1657642523773],[-113.47618790165,47.1649912769848],[-113.476037910921,47.1644876854173],[-113.475705362313,47.1639785378382],[-113.475342279922,47.1634427748231],[-113.474586272039,47.1624987627666],[-113.474206578271,47.1621349483281],[-113.473307139313,47.1612028432955],[-113.473043119944,47.160429968627],[-113.473028923246,47.1591672710116],[-113.472928960903,47.1561736698379],[-113.472770199985,47.155640440213],[-113.472415009145,47.1549030788729],[-113.470615061936,47.1516668505036],[-113.469765365379,47.1501034546696],[-113.469117515361,47.1489902072911],[-113.468718985293,47.1482588408317],[-113.468312638318,47.147729054711],[-113.467849980292,47.1472379142572],[-113.467277139129,47.1468298432815],[-113.466286248112,47.1463132097457],[-113.464910449957,47.1456400761874],[-113.46254662063,47.1445331096741],[-113.460437139362,47.1432388431569],[-113.459164937712,47.1420556060402],[-113.457873943827,47.1408308751037],[-113.454808242207,47.1379702413923],[-113.452719617117,47.1360384832483],[-113.451655694854,47.1350444643894],[-113.450663139192,47.1341758433993],[-113.449718138781,47.1331588432648],[-113.449016138784,47.1320878433381],[-113.448458139132,47.1312238430648],[-113.447450139412,47.1290278434191],[-113.446823483717,47.1268451474444],[-113.446706633904,47.1258434070064],[-113.44655457923,47.1247231548086],[-113.446185073882,47.1224145807271],[-113.445611095975,47.1199531677633],[-113.445405246555,47.1195612899804],[-113.445098715333,47.1189096771986],[-113.444910398196,47.1185038949975],[-113.44435542926,47.1175866647515],[-113.443862732079,47.1171065850596],[-113.442698138808,47.1163018429145],[-113.441950872335,47.1156900593076],[-113.441346705086,47.115442737651],[-113.440106256698,47.1148040139529],[-113.439330892706,47.1141709982517],[-113.43899923083,47.1137387759825],[-113.438258497931,47.1130701183501],[-113.436938139384,47.1122608427225],[-113.434975009289,47.1113640055032],[-113.432215923426,47.1100657549894],[-113.43113803739,47.1097830063395],[-113.430160709049,47.1096868391351],[-113.428100061868,47.1102031660021],[-113.426876139422,47.1102898426609],[-113.425841604307,47.1100527849668],[-113.424784630206,47.1095357557293],[-113.423888139226,47.1092638430107],[-113.421485139028,47.108687843428],[-113.41863524502,47.1079953564593],[-113.416994138768,47.1078148427396],[-113.414231707427,47.1077711168024],[-113.412106425971,47.1071548608669],[-113.410927185441,47.106377030934],[-113.410001139141,47.1058798434388],[-113.408539578039,47.1051800800554],[-113.407373139359,47.1047008430282],[-113.404841290593,47.1027607130952],[-113.402962274989,47.1016785031191],[-113.401448774441,47.1008388160173],[-113.401001138692,47.1003088428376],[-113.400146457193,47.0994918690133],[-113.399418537835,47.0985591047776],[-113.398830078146,47.0977921467489],[-113.398362320964,47.096746343128],[-113.398207579116,47.0958423823788],[-113.397830066205,47.0944910934479],[-113.397230139259,47.0937028430705],[-113.395818436572,47.0925017948806],[-113.395164997267,47.0917437967975],[-113.394557139201,47.0906788430129],[-113.39439152365,47.0900461933359],[-113.393731414973,47.0885025771909],[-113.393320362745,47.0874951953057],[-113.39304479698,47.0867929731759],[-113.392419374255,47.0852137159989],[-113.39178267493,47.0842066371853],[-113.390858138592,47.0832808426955],[-113.385955822603,47.0789346242922],[-113.385689816632,47.0784932496225],[-113.385687813842,47.0777995242873],[-113.385854280151,47.0768357847024],[-113.385847670134,47.0760501576473],[-113.385441664901,47.0752117044153],[-113.384581752946,47.0741128830618],[-113.384355729034,47.0733447963839],[-113.384134094713,47.0717062379112],[-113.384221415286,47.0704595230472],[-113.38448390311,47.0696067642994],[-113.385180283243,47.0688320406249],[-113.386141715168,47.0681903680497],[-113.386787262922,47.067854481158],[-113.388819828772,47.0670186224701],[-113.389920757237,47.0666198342966],[-113.390843799801,47.0662301769398],[-113.391350421185,47.0658825988615],[-113.392994352208,47.0642674848152],[-113.394555838781,47.0626791426869],[-113.395537578297,47.0616489791757],[-113.39611168031,47.0606905419935],[-113.396507677887,47.0596641673261],[-113.396445357567,47.0591483863476],[-113.396186138779,47.0586838433433],[-113.395331138921,47.0574328432097],[-113.393081138584,47.0541748431531],[-113.392392407184,47.0530763068847],[-113.391705076928,47.0524309389952],[-113.390565936269,47.0515549381685],[-113.389691827616,47.0508119767499],[-113.389204509281,47.0503086279994],[-113.388986348141,47.0498760630885],[-113.388776725166,47.0493960481477],[-113.38771282089,47.0460264790973],[-113.386732486115,47.0430155129142],[-113.386505384816,47.0424762137648],[-113.386299519207,47.0417797472961],[-113.385984605405,47.0408669893787],[-113.385701139096,47.040278842653],[-113.385104115163,47.0393382929864],[-113.384185800334,47.0382158284563],[-113.382941289709,47.0367528221436],[-113.381835867331,47.0353785636284],[-113.379977626966,47.0330594638817],[-113.379350449663,47.0320818522542],[-113.377720576843,47.0291605214995],[-113.377088139406,47.0279668432538],[-113.375909138996,47.0260408434687],[-113.375559469994,47.0253562642388],[-113.375216139413,47.0247358426436],[-113.374208138795,47.0229088429273],[-113.373829741849,47.0222481748719],[-113.373185071834,47.0211341432846],[-113.372588347374,47.0201060302276],[-113.372039138595,47.0191198426652],[-113.371710007411,47.0060527634828],[-113.371678455596,47.0039594394351],[-113.371627080026,47.0025629334911],[-113.375983708082,47.0012053654937],[-113.378001879383,47.0006334749134],[-113.37924037894,47.0002464049062],[-113.380578422656,46.9998147150356],[-113.381924982052,46.999335558048],[-113.382838502595,46.9989933579156],[-113.383881544398,46.9984789996646],[-113.385032872669,46.9979496614062],[-113.386119896716,46.997387463719],[-113.38747329096,46.9965942481845],[-113.388385834838,46.9959436309523],[-113.389618201918,46.9950019787168],[-113.392069455241,46.99299707961],[-113.395168884137,46.9904396784069],[-113.396180311172,46.9895901868961],[-113.399011466906,46.9872702750616],[-113.402750232837,46.9842847318134],[-113.406111743062,46.9813203891831],[-113.408353856345,46.979297642131],[-113.409114083848,46.9785907453251],[-113.410064026933,46.9776107450983],[-113.410573148432,46.9769694601309],[-113.410801288449,46.9765213504384],[-113.410941797626,46.9757768457833],[-113.410917853176,46.975085971299],[-113.410516188072,46.9735665010516],[-113.410179221993,46.9731211208015],[-113.409817383366,46.9724307616288],[-113.40925092469,46.9714293584366],[-113.409063318018,46.9710233981697],[-113.408871080736,46.9705255199952],[-113.408795605133,46.9699651901998],[-113.408815742752,46.9694996030827],[-113.408835881271,46.9690340159655],[-113.409110139421,46.9685398429978],[-113.409434139074,46.9679008432078],[-113.409893138657,46.9673338431408],[-113.410565359404,46.9667272908902],[-113.412458139132,46.9650028426654],[-113.415950139188,46.9620058429537],[-113.426606138662,46.9528798429888],[-113.428149196328,46.9514390067631],[-113.428710229394,46.9508983523355],[-113.429391220329,46.9500016356254],[-113.429963138788,46.9491088426573],[-113.430410151307,46.9479626423205],[-113.431261398295,46.9462708763582],[-113.431549239806,46.9456446703237],[-113.432494336444,46.9435850079002],[-113.433817530555,46.9407477160926],[-113.438081139033,46.9317658432774],[-113.438842133657,46.9297901730364],[-113.439235364021,46.9284549693797],[-113.439499654985,46.9273690991629],[-113.439740551885,46.9258235998376],[-113.439827972283,46.9237593868446],[-113.439793193701,46.9225761713116],[-113.439677736938,46.9218053156211],[-113.439152793666,46.9191935324139],[-113.438962845159,46.9170289514833],[-113.439201968596,46.9150207806428],[-113.439509748076,46.9140059793507],[-113.439942607965,46.9128812224487],[-113.44051807425,46.9117057896487],[-113.441597936995,46.910028250062],[-113.44312311524,46.9082579552987],[-113.443886138734,46.9075738428169],[-113.444891657224,46.9067778339881],[-113.445780280036,46.9060525820193],[-113.447371913683,46.9047358567327],[-113.448022914026,46.9041207546274],[-113.449153100135,46.9032230180861],[-113.45055058724,46.9020875142856],[-113.451784117143,46.9010827907965],[-113.453039228977,46.9000750482831],[-113.454871836866,46.8985086352236],[-113.455543377725,46.8976591518067],[-113.45585266357,46.8971069311982],[-113.456109616965,46.8964539721314],[-113.456288138687,46.8952528430026],[-113.456492845069,46.8938700472231],[-113.456662671245,46.8930748909517],[-113.456884504316,46.8923033598704],[-113.457252922384,46.8916431001072],[-113.457670611609,46.8909286894657],[-113.45921459198,46.889757189401],[-113.460414852363,46.8891735671646],[-113.46499460042,46.8877647342134],[-113.468679399834,46.8865265817946],[-113.470812735619,46.8856740577698],[-113.478485953664,46.8825530712255],[-113.480975138592,46.8816538427089],[-113.48217454462,46.8813293349391],[-113.483410941562,46.8811724940736],[-113.485110360755,46.8810591408249],[-113.488682086609,46.8808082677456],[-113.494748461672,46.8803175014098],[-113.497333966689,46.8800804230314],[-113.500503366437,46.8798390099206],[-113.504123138572,46.8795838434779],[-113.506716811232,46.8793888623643],[-113.508075497087,46.8794924957403],[-113.509335688291,46.8797950582536],[-113.511034069667,46.8803605474595],[-113.513430414882,46.881229853733],[-113.515194103225,46.8818633469741],[-113.516688501273,46.8822720510726],[-113.519059847134,46.8824502634272],[-113.521400394812,46.8825247012122],[-113.523308296641,46.8825823531513],[-113.525099336065,46.8826254351739],[-113.526643832647,46.8826720632234],[-113.528606962741,46.8825367197521],[-113.531334905981,46.8822481794681],[-113.533737539256,46.8819199772833],[-113.53575814862,46.881678774614],[-113.537062433584,46.8815249033099],[-113.539017949119,46.8815910970098],[-113.540654126187,46.8817945119654],[-113.542473291909,46.8822347022279],[-113.544552675566,46.8827928250871],[-113.550045268774,46.8841545767306],[-113.563811485412,46.8851762380512],[-113.576218744599,46.8860164062904],[-113.580113909829,46.8863196244094],[-113.58294575804,46.8867563109133],[-113.585466734902,46.8872828199044],[-113.588344306445,46.8880988809169],[-113.592859977806,46.8893489457555],[-113.594719023964,46.8897342108234],[-113.595947471798,46.8898112719309],[-113.598245180271,46.8898903547144],[-113.601473178045,46.8899932569415],[-113.603452159589,46.8902867578858],[-113.60461284081,46.8904789403091],[-113.60860185659,46.8911695198157],[-113.611794225923,46.8917556988247],[-113.61314112886,46.8919679810957],[-113.61464219628,46.8919424979062],[-113.615666258791,46.8917524198965],[-113.617339166869,46.8915484122877],[-113.618908958681,46.8914514806596],[-113.619951755869,46.891474846845],[-113.62085213192,46.8915490804839],[-113.621653310952,46.891668112052],[-113.622749771585,46.8919463434073],[-113.6239652449,46.8924131473071],[-113.625706017619,46.8933989499598],[-113.626457813977,46.8938799397657],[-113.62751928109,46.8947187815048],[-113.629084960303,46.8958881357871],[-113.630451222046,46.8969928737803],[-113.632235304316,46.8984402534732],[-113.63621711203,46.9016627500941],[-113.63879726788,46.9036619744788],[-113.640168319412,46.9047814046964],[-113.641599281981,46.9057997816928],[-113.642477723568,46.9064018346352],[-113.643173286218,46.9068443496453],[-113.644337195105,46.9074216991104],[-113.645912935933,46.9080955089589],[-113.648304041698,46.9090097039929],[-113.650357111192,46.9098479063141],[-113.653551557958,46.911112160656],[-113.654553185081,46.911372642092],[-113.655913995135,46.9116289030098],[-113.658189432796,46.9120806603525],[-113.660651154227,46.9125524806707],[-113.663676682233,46.9131764788697],[-113.666268190225,46.9136299377298],[-113.668168341696,46.9136557887419],[-113.669352213734,46.9133965052029],[-113.670314295868,46.9129986190494],[-113.671600011631,46.9124779664433],[-113.672893995761,46.9119098188414],[-113.673890377139,46.9114761918311],[-113.675059068621,46.9109410979116],[-113.675947343395,46.9105226739406],[-113.676904892047,46.9101099228929],[-113.678017571953,46.9096135582774],[-113.679337490733,46.9090571099559],[-113.680877967344,46.9084850089343],[-113.682329330134,46.90814157763],[-113.683285382315,46.9080994992508],[-113.684160028762,46.9081615147004],[-113.685060735764,46.9082352896852],[-113.685823484066,46.908374817702],[-113.686604013764,46.9085735894579],[-113.687273621081,46.9088574316834],[-113.68793825065,46.9091154714602],[-113.688836185941,46.909555827198],[-113.689580416303,46.9100839100027],[-113.69052103162,46.9108158880011],[-113.691766741042,46.911813626456],[-113.692804000204,46.912717231973],[-113.693776445227,46.9136299701053],[-113.694464816898,46.914196784912],[-113.695087113579,46.9146185273814],[-113.695565140119,46.9148599054186],[-113.696203373687,46.9151095707084],[-113.697231316772,46.9153814789304],[-113.698226138725,46.9153858433403],[-113.699594138858,46.9152778428565],[-113.704796138631,46.9145308434819],[-113.705102139252,46.9144948427211],[-113.705966138626,46.9143598427908],[-113.70939385874,46.9138682949442],[-113.71051679991,46.9137028088958],[-113.711463443383,46.9134819416966],[-113.711981540116,46.9133316290098],[-113.71262422173,46.9130710936144],[-113.713542782973,46.9126789820077],[-113.714491201708,46.9122363267034],[-113.716340968661,46.9114193933486],[-113.717820115106,46.9107937062229],[-113.718656607816,46.9104285706803],[-113.719264259038,46.910126619706],[-113.719668486312,46.9098225094596],[-113.719956394372,46.9095811404156],[-113.720246791756,46.9091232613877],[-113.72049841487,46.908686296094],[-113.720756978052,46.9080476317511],[-113.721028895267,46.9074534002125],[-113.721233483838,46.9070848319577],[-113.721520061801,46.9066892444713],[-113.721863218812,46.906331984292],[-113.722315082275,46.906036568691],[-113.722749783076,46.9057590154245],[-113.723396133924,46.9054361264344],[-113.724444168763,46.9050256137994],[-113.725974051361,46.9047940662514],[-113.727323138752,46.904756843312],[-113.728277138679,46.9048648428964],[-113.729802574129,46.9051641426694],[-113.730417903763,46.9052624817364],[-113.732108845946,46.9056411520758],[-113.733305215863,46.9058735332952],[-113.734701218187,46.9061703311542],[-113.735654091263,46.9062672609836],[-113.736662885084,46.9063254003552],[-113.73743013899,46.9062508429603],[-113.738759072573,46.9060290890295],[-113.740949917305,46.9056730357403],[-113.742708540667,46.9053780572099],[-113.744212294362,46.9051345351889],[-113.746437371787,46.9047426547081],[-113.749125127922,46.9043161647176],[-113.750084147865,46.9041341797069],[-113.750973875044,46.9039465478532],[-113.751902139072,46.9036678434545],[-113.752835573303,46.9030963926427],[-113.753689868992,46.9023424280189],[-113.754540710385,46.9015655216897],[-113.755264991086,46.9009151211942],[-113.755836669427,46.9004945091726],[-113.756534221377,46.9001178452206],[-113.757982837638,46.8995422224539],[-113.759810715992,46.8988048017585],[-113.761362837925,46.898199037314],[-113.765704576805,46.8965342447179],[-113.769291351015,46.8951306251365],[-113.771972750742,46.8940867757423],[-113.772908139199,46.893848843008],[-113.773932801558,46.8936392146363],[-113.775122138776,46.893434842802],[-113.775608138705,46.893371843494],[-113.777673239329,46.8929702017716],[-113.778764404753,46.8927798314823],[-113.780317036602,46.8925491661694],[-113.781770371605,46.8925130260136],[-113.782770042703,46.8925411819882],[-113.783765246869,46.8925545207328],[-113.78541529508,46.8925579444518],[-113.787493552785,46.892442851015],[-113.788513346214,46.8923136813895],[-113.79062144972,46.8919838262509],[-113.793809633608,46.8915007212396],[-113.796211915248,46.8911753618117],[-113.798536705904,46.8908918352482],[-113.799945966033,46.890784031716],[-113.800902477767,46.8908186529167],[-113.801777751942,46.8909569713454],[-113.802620290794,46.8912852490732],[-113.803281841983,46.8916855418125],[-113.803835393588,46.8921011598989],[-113.804397898844,46.8925463926602],[-113.805041584102,46.8928874416603],[-113.805706114745,46.8931483107043],[-113.80669391839,46.8932860706539],[-113.80763013872,46.8932188427337],[-113.808400469206,46.8930438022879],[-113.810299882334,46.8926196892056],[-113.813738863758,46.8919478524697],[-113.816465003857,46.8913271691718],[-113.81745708018,46.8910318093288],[-113.81845731875,46.8906889490939],[-113.819047140913,46.8904043856122],[-113.81970992867,46.8900631207747],[-113.820402478591,46.8896712897565],[-113.821311018689,46.8892487648769],[-113.821913459239,46.8889315029448],[-113.822845932993,46.8887372251011],[-113.823555025944,46.8886982358931],[-113.8241911524,46.8887159462422],[-113.824840396367,46.8888591740699],[-113.82614416692,46.8890286216319],[-113.827482950777,46.8890975321836],[-113.831846598042,46.889372988231],[-113.832732966253,46.8893241901175],[-113.83355821474,46.8892222969297],[-113.834662646964,46.8889262545013],[-113.836025450814,46.8885162328961],[-113.83689227316,46.8882539573126],[-113.837862600279,46.8879615076757],[-113.838662997799,46.8875542173115],[-113.839449135669,46.8870253889688],[-113.840615496108,46.8860408993263],[-113.841500620557,46.8854670797002],[-113.842651809433,46.8851025179251],[-113.844291563105,46.8847147626344],[-113.845016138784,46.8844168433209],[-113.846451640231,46.8832181117847],[-113.84697198437,46.8829278277153],[-113.848668377344,46.8821771249326],[-113.850055672431,46.8816548841238],[-113.8505881808,46.8813299284917],[-113.85090129326,46.8809047811889],[-113.851237785395,46.8804340463524],[-113.852263757167,46.8789220386794],[-113.852970188124,46.8775176079095],[-113.853906284347,46.8760714432008],[-113.854463578931,46.8756059451165],[-113.855342757962,46.8753108469763],[-113.856362939898,46.8752582402338],[-113.857375811245,46.8753302318629],[-113.858609098331,46.8753862686196],[-113.859740138796,46.8750388434261],[-113.860694138723,46.8745798429436],[-113.863034182781,46.8736503927097],[-113.865860138634,46.8725278427439],[-113.868299138694,46.8715648433011],[-113.870918138961,46.8705298432359],[-113.871467139097,46.8703048427525],[-113.873469600142,46.8694225448728],[-113.874455690578,46.8690348093671],[-113.875098687854,46.8689632970767],[-113.876064164929,46.8689286111247],[-113.876786138869,46.8690448431032],[-113.877483529841,46.8692106421156],[-113.878326176612,46.8695384342096],[-113.879273151934,46.8699131286462],[-113.880315477877,46.8703051143477],[-113.881324479441,46.87080997306],[-113.881820867439,46.8711098969624],[-113.882301021775,46.8715048171518],[-113.882908824083,46.8720977851429],[-113.88332059487,46.8725642455018],[-113.884128954088,46.8732985167714],[-113.885034411309,46.8742042968491],[-113.885581119073,46.874744184155],[-113.88630230161,46.8754136493787],[-113.886960614341,46.8758758226693],[-113.887770946672,46.8763935407875],[-113.888505794407,46.8767366618257],[-113.889277597083,46.876904591332],[-113.889940573698,46.8770108084603],[-113.890468635819,46.8770435896482],[-113.89088337257,46.8769998592143],[-113.891289124194,46.8769265141056],[-113.891603138674,46.8767735762977],[-113.891761519179,46.8766273986937],[-113.891858741288,46.876428161089],[-113.891868722863,46.876164136324],[-113.891810310997,46.8759716589231],[-113.891713211196,46.8758001510144],[-113.891536983645,46.8755163573522]],[[-115.843196140789,48.266159843964],[-115.843403141342,48.2641528440409],[-115.843709141064,48.2628298441843],[-115.846652140984,48.2559898444182],[-115.846922140844,48.2549728442837],[-115.847093140636,48.2547838436618],[-115.847426140704,48.25333484429],[-115.847426140704,48.2518768445031],[-115.847426140704,48.25178684395],[-115.847327140635,48.2517328441578],[-115.847210140635,48.2514718438129],[-115.847129141397,48.2512918445054],[-115.847057140774,48.251219843883],[-115.845635140849,48.2499868436802],[-115.845581141057,48.249932843888],[-115.842638141137,48.2475298436897],[-115.842098141416,48.2467828443151],[-115.841720141072,48.2462518441097],[-115.841477140657,48.2459098436267],[-115.841333141211,48.2457208439041],[-115.840955140867,48.2445328439779],[-115.840478141353,48.2431198444676],[-115.839587140734,48.2419138437112],[-115.838705141429,48.240725843785],[-115.838579141015,48.2405638444082],[-115.838192141154,48.2400328442027],[-115.837958141155,48.2398708439266],[-115.837634140603,48.238313844071],[-115.837634140603,48.233867844088],[-115.837634140603,48.2330128442297],[-115.837634140603,48.2327698438155],[-115.837895140948,48.2323108442323],[-115.838102140601,48.2319238443722],[-115.838291141223,48.2315818438893],[-115.838309141154,48.2315188436819],[-115.83860614136,48.2307898442382],[-115.838759141221,48.2304478437553],[-115.838903140667,48.2300968437566],[-115.839011141151,48.2295928438969],[-115.83911014122,48.2291608437602],[-115.839119140736,48.2290348442449],[-115.839137140666,48.228845843623],[-115.839308141358,48.2270998440448],[-115.839416140942,48.2265598443236],[-115.839695141218,48.2252728443285],[-115.840172140732,48.2245168436397],[-115.84205314114,48.2230858441986],[-115.842179140655,48.222896844476],[-115.842539141068,48.2227078438542],[-115.843655141272,48.2221408437872],[-115.844276141131,48.2215738437201],[-115.844582140853,48.2211328440677],[-115.844879141059,48.2201428442791],[-115.845428141196,48.2193958440053],[-115.846157140639,48.2186938440079],[-115.847408140773,48.2179378442183],[-115.848299141392,48.2170918438757],[-115.848983140559,48.2165608436702],[-115.851413141104,48.2157598445035],[-115.852061141309,48.215372843744],[-115.856300140739,48.2119708442413],[-115.856498140876,48.2116918439656],[-115.856786140668,48.2116468436891],[-115.858073140663,48.2099818442489],[-115.858514141215,48.2088118442534],[-115.858514141215,48.2082178438406],[-115.858496141284,48.2079298440493],[-115.858397141215,48.205607843989],[-115.858217141008,48.2015938441427],[-115.858028141286,48.1973008440209],[-115.857983141009,48.1952938440978],[-115.857956140663,48.1939798437569],[-115.857893141355,48.1914868439048],[-115.858091140594,48.1901728444633],[-115.858712141352,48.1890028444678],[-115.859999141347,48.1874548441278],[-115.861475141065,48.1846828440002],[-115.862087141408,48.1838368436575],[-115.862294141062,48.1833418442128],[-115.863590140573,48.1819108438724],[-115.867433140627,48.1788958442299],[-115.868909141244,48.1775728443734],[-115.869872140687,48.176366843617],[-115.87112314082,48.1738018440419],[-115.871987141094,48.1713178437056],[-115.872005141024,48.1712368444669],[-115.872050141301,48.1695448437815],[-115.871771141025,48.1679698439951],[-115.871672140956,48.1678618444106],[-115.871321140958,48.1652068442824],[-115.870952141028,48.1643608439398],[-115.870403140892,48.163622844081],[-115.869485140827,48.1618948444335],[-115.869026141243,48.1604548436781],[-115.869026141243,48.1587628438921],[-115.869026141243,48.1586008436161],[-115.869683140964,48.1559818442487],[-115.86971014131,48.1541458441174],[-115.869161141174,48.1523908441241],[-115.86891814076,48.1522738441246],[-115.868171141385,48.1507708440611],[-115.866407140977,48.1484668439317],[-115.865399141257,48.1471258441444],[-115.864958140706,48.1461988436636],[-115.864958140706,48.1451728440135],[-115.86584014091,48.1415368445117],[-115.86597514084,48.139250844313],[-115.866173140978,48.1334728440584],[-115.866272141046,48.1329148444065],[-115.867226140974,48.1312228437212],[-115.867262140835,48.1303858437935],[-115.86701914132,48.1297198436578],[-115.866029140632,48.128351844424],[-115.864904140913,48.1268938437378],[-115.864589140776,48.1252378438134],[-115.864418140984,48.1249408445062],[-115.86415714064,48.1245268443003],[-115.863095141128,48.1241398444402],[-115.860215141416,48.1233208444433],[-115.859090140797,48.1229068442374],[-115.858550141076,48.1225918441002],[-115.857380141081,48.1204138443853],[-115.856399140808,48.1195768444577],[-115.855373141157,48.1189558436991],[-115.854185141231,48.1185688438389],[-115.85196214124,48.1182448441861],[-115.851719140826,48.118163844048],[-115.851494141242,48.1181278441865],[-115.849082140628,48.1178128440494],[-115.848200141323,48.1176958440498],[-115.846418140984,48.1173088441896],[-115.846328141331,48.1172908442589],[-115.838102140601,48.1146628444765],[-115.831208141043,48.1133668440664],[-115.827896141194,48.1129528438605],[-115.825781140787,48.1128178439302],[-115.823576140726,48.1128178439302],[-115.822856140798,48.1128808441375],[-115.820489141361,48.1131058437215],[-115.819301141434,48.1133938444122],[-115.816808140683,48.1141948444783],[-115.815719140826,48.1143028440628],[-115.814900140829,48.1145098437161],[-115.814729141037,48.1143208439936],[-115.812605141114,48.1137988442031],[-115.811354140981,48.1131328440673],[-115.809950140986,48.1121518437944],[-115.809887140779,48.1120888444864],[-115.80940114085,48.1116568443497],[-115.808987140644,48.1113778440741],[-115.808483140784,48.1110628439369],[-115.807151141412,48.1105048442849],[-115.803479141149,48.1096678443574],[-115.801724141156,48.1092538441514],[-115.794839141113,48.1079038439491],[-115.793003140982,48.1072828440898],[-115.790573141337,48.1057798440264],[-115.790474141269,48.1055728443731],[-115.790204141408,48.1054648438892],[-115.785623140595,48.1023688441087],[-115.785218140805,48.1018378439031],[-115.78406614074,48.1010188439063],[-115.783787141363,48.1007218436999],[-115.783076140951,48.0993988438434],[-115.783076140951,48.0991558443286],[-115.782977140882,48.099101843637],[-115.78189714144,48.0956188439962],[-115.781474140819,48.0942058444859],[-115.780826140614,48.0921268439405],[-115.780862141375,48.0919738440794],[-115.78124014082,48.0900298443636],[-115.781753141095,48.0890488440906],[-115.786667141076,48.0844858441081],[-115.790186140578,48.0818038436342],[-115.790996141059,48.0811018436369],[-115.797818140894,48.0776908437191],[-115.79887114089,48.0769798442061],[-115.800590141022,48.0756298440038],[-115.803218140805,48.0735598438734],[-115.803308141358,48.0734878441504],[-115.804901141075,48.0717238437421],[-115.807952140579,48.0683758440316],[-115.808393141131,48.0683038443086],[-115.809572140642,48.0676738440344],[-115.810274140639,48.0672868441742],[-115.810472140777,48.0671788436903],[-115.810571140845,48.0670348442443],[-115.811012141397,48.0669808444521],[-115.814000140694,48.0655228437659],[-115.814108141178,48.0654778443887],[-115.815836140825,48.0646588443918],[-115.820489141361,48.0623998436395],[-115.82264014073,48.0612658444048],[-115.822838140867,48.0610048440599],[-115.82341414135,48.0609688441984],[-115.823972141001,48.0606538440613],[-115.824683141414,48.0597988442029],[-115.825088141205,48.058664844069],[-115.825430140788,48.0581968440708],[-115.827086140713,48.0568288439376],[-115.829021140913,48.0552088438747],[-115.831496140834,48.0531478441593],[-115.832621140553,48.0521758443014],[-115.841036141005,48.044858844122],[-115.841306140866,48.0441388441939],[-115.841405140934,48.0424108436471],[-115.84181914114,48.0407098443454],[-115.842359140862,48.0400528437253],[-115.843358141065,48.0393148438665],[-115.845833140987,48.0381088440095],[-115.846715141191,48.0375598438732],[-115.849757141179,48.0353818441583],[-115.850000140694,48.0352018439515],[-115.856629613666,48.0304229778997],[-115.857502243833,48.0309386698453],[-115.858675604595,48.0318298386377],[-115.861195508566,48.0342182644229],[-115.865785365902,48.0383230661182],[-115.867991141178,48.0403678438625],[-115.868135140624,48.0405028437928],[-115.869197141035,48.0414928444808],[-115.872653141229,48.0446878443301],[-115.87600114094,48.0478108444565],[-115.880114140855,48.0514738443041],[-115.880303140577,48.0516178437501],[-115.88178814071,48.0527158440226],[-115.883093140636,48.0535528439502],[-115.884965140629,48.0545788444997],[-115.888952141028,48.0561268439403],[-115.888979141374,48.0561538442861],[-115.890104141093,48.0567478437996],[-115.894811141421,48.0596998441341],[-115.896485141276,48.0603388439241],[-115.898321141408,48.0609058439912],[-115.904252140624,48.0621568441247],[-115.909463140811,48.0641998439093],[-115.914062140655,48.066323843832],[-115.915664140787,48.0668278436917],[-115.916888140575,48.0670708441058],[-115.917293141265,48.0671518442439],[-115.91740114085,48.0671788436903],[-115.919534141188,48.0673138436206],[-115.922693141176,48.0675388441041],[-115.924493141445,48.0679078440334],[-115.925006140821,48.068015843618],[-115.926230140608,48.0683038443086],[-115.927256141158,48.0687088440996],[-115.93025314087,48.0696898443725],[-115.933250140581,48.0704908444386],[-115.935707140572,48.0715888438118],[-115.936904140913,48.0723178441549],[-115.93809214084,48.0727588438073],[-115.938785141321,48.0728758438068],[-115.94132314055,48.0728218440146],[-115.942250141031,48.0729388440141],[-115.944329140677,48.0735058440811],[-115.944950141436,48.0735238440119],[-115.949234141143,48.0732268438055],[-115.950782140583,48.0732268438055],[-115.953131140989,48.0735778438041],[-115.9702581412,48.0788428437839],[-115.974074140909,48.0801748440555],[-115.975073141113,48.080696843846],[-115.975163140766,48.0807328437075],[-115.976531140899,48.0818938441873],[-115.978061141309,48.0836578436963],[-115.979033141167,48.084251844109],[-115.979366141234,48.0844588437623],[-115.979861140679,48.0846928437615],[-115.980761140814,48.0851248438982],[-115.982174141224,48.0856378441729],[-115.982597140945,48.085790844034],[-115.984172140732,48.0861778438941],[-115.987169141343,48.0866368443766],[-115.988555141407,48.0867178436153],[-115.990076141401,48.0868168436841],[-115.994576141176,48.0869698444445],[-115.998302141231,48.0871048443748],[-116.001002140736,48.0872038444436],[-116.002181141147,48.0872398443051],[-116.004260140793,48.0872218443743],[-116.005700140649,48.0875908443038],[-116.018039141293,48.089975843672],[-116.02118014135,48.0905878440155],[-116.023088141205,48.0908758438069],[-116.025878141263,48.0914788437354],[-116.027858140841,48.0917938438725],[-116.028785141321,48.0919378442179],[-116.042429140992,48.0925408441464],[-116.045021140913,48.0924868443541],[-116.045777140702,48.0924598440084],[-116.046038141047,48.0924508444927],[-116.049440141449,48.0921988436635],[-116.051051141097,48.0920818436639],[-116.051699141302,48.0919918440102],[-116.052689141091,48.0918838444256],[-116.053472141226,48.0919198442871],[-116.054984140805,48.0919918440102],[-116.058665140584,48.0929278440066],[-116.059790141202,48.0930628439368],[-116.060978141128,48.0930628439368],[-116.062283141054,48.0929098440758],[-116.063678140634,48.0924868443541],[-116.066639141383,48.0909208440835],[-116.06668414076,48.0907228439459],[-116.069060140613,48.0898768445025],[-116.072480140946,48.0893188439513],[-116.076323141,48.089111844298],[-116.077997140855,48.089111844298],[-116.085062141105,48.0901828442246],[-116.105384141165,48.0950428444135],[-116.109551140872,48.0960418437179],[-116.112971141205,48.0968698441298],[-116.113520141341,48.0970588438523],[-116.114951140782,48.0973558440587],[-116.115086140713,48.0974368441968],[-116.116544141399,48.0976708441959],[-116.122862141375,48.0994078442584],[-116.126012140948,48.1002808440475],[-116.127236140735,48.1007938443223],[-116.128982141213,48.1017118443879],[-116.13007114107,48.1025308443848],[-116.131061140859,48.1033858442431],[-116.1322581412,48.1046638438231],[-116.133878141263,48.1069408445062],[-116.133914141125,48.1071298442288],[-116.134085140917,48.1073638442278],[-116.13545314105,48.1092988444279],[-116.136371141115,48.1106758440768],[-116.136713140699,48.1113238442818],[-116.136929140767,48.1115938441424],[-116.137118141389,48.1118098442108],[-116.137262140835,48.1119088442796],[-116.137262140835,48.1120348437949],[-116.137784140626,48.1127008439306],[-116.138450140761,48.113555843789],[-116.139251140827,48.1145548439927],[-116.139782141033,48.1152208441285],[-116.141888141025,48.117434843705],[-116.142230140608,48.1176868436348],[-116.142329140677,48.1178938441874],[-116.142977140882,48.1184248443929],[-116.144381140877,48.1196308442499],[-116.144615140876,48.1198378439033],[-116.146802141006,48.121484844312],[-116.148440141,48.1223308437553],[-116.148584141345,48.1223848444469],[-116.148989141136,48.1226458438925],[-116.152472140777,48.1241398444401],[-116.154623141045,48.1249228436762],[-116.155982140763,48.1254718438124],[-116.157071140621,48.1261108445017],[-116.158565141168,48.127298844428],[-116.161751140603,48.1298548444874],[-116.163254140666,48.131177844344],[-116.165225140728,48.1326718439923],[-116.168636140645,48.1349308438453],[-116.169491141403,48.1359838438412],[-116.170076141401,48.1368568436303],[-116.170265141123,48.1375138442504],[-116.170760140568,48.139250844313],[-116.171372140912,48.1424278442316],[-116.171462140565,48.1426528438156],[-116.171705140979,48.1432468442284],[-116.172425140907,48.1439848440872],[-116.172830140698,48.1442818442936],[-116.173010140905,48.1444078438089],[-116.173487141319,48.1445968444308],[-116.173586141387,48.144650844223],[-116.174855140552,48.1453078439438],[-116.176520140892,48.1459738440796],[-116.177753141095,48.1465408441466],[-116.179220141296,48.1471798439366],[-116.180417140738,48.1476658438655],[-116.180714140945,48.1478908443489],[-116.181029141082,48.1480708436565],[-116.181200140874,48.1482418443476],[-116.181758141425,48.1488268443453],[-116.182082141078,48.1492858439286],[-116.182289140731,48.1495828441349],[-116.18252314073,48.1498618444105],[-116.182811141421,48.1501858440634],[-116.183324140796,48.1507888439919],[-116.184323141,48.1519768439181],[-116.184386141207,48.1520308437104],[-116.184386141207,48.1520938439178],[-116.184656141068,48.1522558441938],[-116.185259140997,48.1527778439843],[-116.1862581412,48.1532998437748],[-116.189093140636,48.1546228436313],[-116.18984014091,48.1551988441134],[-116.191721141318,48.1570258438296],[-116.193773140618,48.1596268441655],[-116.196095140678,48.1624528440855],[-116.198210141085,48.1641628438022],[-116.200118140939,48.1656028436583],[-116.203124141066,48.1674568437204],[-116.204699140853,48.1684108436475],[-116.205689140641,48.1696888441269],[-116.20578814071,48.17041784447],[-116.205896141194,48.170489844193],[-116.206076141401,48.1711738442595],[-116.206382141123,48.1720018437721],[-116.206850141121,48.1726678439079],[-116.207579140565,48.1732618443207],[-116.207705140979,48.1733698439052],[-116.208875140975,48.1740988442483],[-116.209127140905,48.1742068438328],[-116.211161141174,48.1751248438985],[-116.213411140612,48.1756288437582],[-116.215418141434,48.1758268438958],[-116.217578141218,48.1760338444484],[-116.2185051408,48.1761958438252],[-116.219774140864,48.1766278439619],[-116.22069214093,48.176789844238],[-116.221133140582,48.176861843961],[-116.22622714077,48.1771858436139],[-116.227118141389,48.1772488438211],[-116.227361140904,48.1772488438212],[-116.228774141314,48.1776088442349],[-116.229233140897,48.1777258442344],[-116.230160141377,48.1781668438868],[-116.233778140948,48.1804348441548],[-116.242229141262,48.1860058438567],[-116.24308414112,48.1867888439921],[-116.244452141253,48.188408844055],[-116.245199140628,48.1895068443275],[-116.24540614118,48.1899208436341],[-116.24602714104,48.1912168440442],[-116.24616214097,48.191729844319],[-116.246270140554,48.1918198439727],[-116.248322140754,48.1973548438131],[-116.249132141235,48.1991098438064],[-116.250338141092,48.2016208444885],[-116.250563140676,48.2022598442786],[-116.250653141229,48.2023768442781],[-116.25067114116,48.2026558436544],[-116.250716141437,48.2026918444152],[-116.251013140744,48.2031148441369],[-116.252156141293,48.2052118437138],[-116.252219140601,48.2054998444045],[-116.25231814067,48.2056348443348],[-116.25235414143,48.2059138437111],[-116.254811141421,48.2106748438312],[-116.255999141347,48.2129788439607],[-116.256953141274,48.2146798441617],[-116.257061140859,48.2148778442993],[-116.259086140713,48.2169118436689],[-116.260607140707,48.2179378442183],[-116.26491814076,48.2202688437943],[-116.266772140822,48.221267843998],[-116.267069141028,48.2214838440664],[-116.268275140885,48.2220598436491],[-116.26942714095,48.2228608437152],[-116.27058814143,48.2239588439877],[-116.271380141081,48.2246788439158],[-116.271506140596,48.2248768440533],[-116.271695141218,48.2251378443982],[-116.272919141006,48.2266048437008],[-116.273018141074,48.2268838439765],[-116.27380114121,48.2277748436963],[-116.273837141071,48.2278198439729],[-116.273891140863,48.2279008441109],[-116.275196140789,48.2297008443808],[-116.275817140648,48.2305648437548],[-116.27598814134,48.2306548443079],[-116.276267140716,48.2311228443061],[-116.27726614092,48.2319238443722],[-116.277914141125,48.2323918443704],[-116.278931141259,48.2331028438834],[-116.280389141046,48.2338228438115],[-116.28191014104,48.2345788445003],[-116.294726141198,48.2399788444104],[-116.295860141332,48.2403928437171],[-116.296103140847,48.2405098437166],[-116.29656214133,48.2406088437854],[-116.299451140558,48.2412838443363],[-116.300333140762,48.2416258439199],[-116.300423141315,48.2416798437122],[-116.301161141174,48.2421298437796],[-116.301296141104,48.2422558441942],[-116.301908141448,48.2427868443997],[-116.302664141237,48.2435518437049],[-116.303150141166,48.2440468440489],[-116.303618141164,48.2444068444626],[-116.30376214061,48.2445148440471],[-116.303825140818,48.2445688438394],[-116.30387914061,48.2446048437009],[-116.305805141294,48.245828844388],[-116.306219140601,48.2459458443876],[-116.306732140876,48.2462158442481],[-116.311151141412,48.2478628437576],[-116.314229141262,48.2491768440984],[-116.315264141327,48.2499238443722],[-116.315687141049,48.2504008438862],[-116.31584014091,48.250571843678],[-116.316452141253,48.2513368438826],[-116.317064140697,48.2521108445022],[-116.317370141319,48.2524978443624],[-116.31740614118,48.2525518441547],[-116.318000140694,48.2530558440144],[-116.318432140831,48.253415844428],[-116.319116140897,48.2537668444267],[-116.320997141305,48.2549008436614],[-116.321285141096,48.2550718443525],[-116.325137140666,48.2572408436524],[-116.326037140801,48.2577358439964],[-116.331716140987,48.2614618440513],[-116.33372314091,48.2630818441142],[-116.335964140832,48.264872843969],[-116.336612141037,48.2661058441718],[-116.338475140615,48.2696698439505],[-116.340086141162,48.2714698442204],[-116.34169714081,48.2728918441457],[-116.34181414081,48.2729998437302],[-116.34336214115,48.2740708436569],[-116.344316141077,48.2750068436534],[-116.344901141075,48.2758978442725],[-116.346728140791,48.2786788439159],[-116.34696214079,48.2790298439146],[-116.347124141066,48.2791468439142],[-116.347196140789,48.279398843844],[-116.347340141135,48.2796058443967],[-116.34760114058,48.2799838438418],[-116.348105141339,48.2807308441156],[-116.348402140646,48.2811628442523],[-116.348537140577,48.2814958443202],[-116.348780140991,48.2817838441116],[-116.349023141405,48.2821978443175],[-116.349392141334,48.2828008442461],[-116.349626141333,48.2830798436223],[-116.349671140711,48.283439844036],[-116.349833140987,48.2835298436898],[-116.350418140984,48.2848078441691],[-116.350598141191,48.2852938440981],[-116.351255140912,48.2861668438872],[-116.353532140696,48.2882638443634],[-116.353532140696,48.2883538440172],[-116.353856141248,48.2885608436705],[-116.355701140895,48.2905768440087],[-116.355773140618,48.290783843662],[-116.356007140617,48.2909638438688],[-116.356034140963,48.2911168437299],[-116.356421140823,48.2916928442119],[-116.35660114103,48.2918638440037],[-116.358509140884,48.293699844135],[-116.359400140604,48.294338843925],[-116.360570140599,48.2953018442672],[-116.362109141424,48.296030843711],[-116.362928141421,48.2966878443311],[-116.364719141275,48.298793844323],[-116.364989141136,48.2992528439061],[-116.365394140927,48.2996218438356],[-116.367221140643,48.3013228440365],[-116.368031141124,48.3027358444462],[-116.369354140981,48.3050128442299],[-116.370002141186,48.306452844086],[-116.370200141323,48.3072628436678],[-116.370515140561,48.3085948439395],[-116.370821141183,48.309854844488],[-116.371685140557,48.3125728439242],[-116.371721141318,48.3129778437151],[-116.371820141386,48.3130588438531],[-116.371901140625,48.313310843783],[-116.372063140901,48.3138688443343],[-116.372333140762,48.3144898441936],[-116.373539140619,48.3159298440496],[-116.374673140753,48.3168928443919],[-116.375258140751,48.3178738437654],[-116.376014141439,48.3196738440353],[-116.376230140608,48.3202768439638],[-116.376482141438,48.3209878443761],[-116.376572141091,48.3212488438217],[-116.377193140951,48.3219598442341],[-116.378012140948,48.3224638440938],[-116.379794141287,48.3231748445061],[-116.380595141353,48.3232648441598],[-116.382836141275,48.3235078436747],[-116.385455140642,48.3237958443653],[-116.387426140704,48.3240208439494],[-116.38873114063,48.3244258437403],[-116.389928140971,48.3251008442912],[-116.390072141316,48.3251368441527],[-116.392502140961,48.3267388442849],[-116.393366141234,48.327197843868],[-116.393420141027,48.3273058443519],[-116.394140140955,48.3277018437277],[-116.397425141357,48.328817843931],[-116.399153141005,48.3290968442066],[-116.400620141206,48.3290428444144],[-116.401439141203,48.3290248444836],[-116.402879141059,48.3288718437232],[-116.40597514084,48.3281338438644],[-116.408324141246,48.3275758442125],[-116.408477141107,48.3274858436594],[-116.413301141434,48.3263968438019],[-116.415119140736,48.3261988436643],[-116.417657140864,48.3258658444958],[-116.427566140965,48.324713844431],[-116.433695141218,48.3239668441571],[-116.434127141354,48.3239668441571],[-116.437394140927,48.3235528439512],[-116.439689140641,48.3233188439521],[-116.439860141332,48.3232828440906],[-116.448257140954,48.3221848438181],[-116.448563140676,48.3221128440951],[-116.450237141431,48.321806844373],[-116.451785140871,48.3214198445128],[-116.453837141071,48.3207628438927],[-116.455313140789,48.3200788438262],[-116.457311141196,48.3186298444544],[-116.45740114085,48.3185758437628],[-116.458220140847,48.3177208439044],[-116.45945314105,48.3167218437007],[-116.461172141181,48.3154078442592],[-116.461235141389,48.3152278440524],[-116.461433140627,48.3152098441216],[-116.463674141448,48.3143818437097],[-116.464925140683,48.3141838444714],[-116.465060140613,48.3141838444714],[-116.467265140674,48.3141838444714],[-116.467985140602,48.314444843917],[-116.468777141152,48.3145888442624],[-116.468912141082,48.3146788439161],[-116.471360140658,48.3152368444674],[-116.471513141418,48.3152728443289],[-116.472953141274,48.3156778441198],[-116.478713140699,48.317279844252],[-116.479577140972,48.3174328441131],[-116.480693141175,48.3175048438361],[-116.481737140756,48.3175768444584],[-116.482718141029,48.3176218438356],[-116.483987141094,48.3173878438365],[-116.487191141358,48.3164968441166],[-116.488919141905,48.3160198437034],[-116.491880141755,48.315164843845],[-116.492357142168,48.3150208443991],[-116.496407141876,48.3138328444728],[-116.502617142267,48.3119878439264],[-116.502779141644,48.3119518440649],[-116.50718014225,48.3106738444849],[-116.508080142385,48.31041284414],[-116.508197142384,48.3103768442785],[-116.509025141897,48.3101698437259],[-116.50963714224,48.3099808440033],[-116.511086141612,48.3095578442816],[-116.512319141815,48.3093598441441],[-116.512589141676,48.3093148438675],[-116.513651142087,48.3091618440064],[-116.51501914222,48.3091168437299],[-116.51656714166,48.3091348436607],[-116.517107142281,48.3091168437299],[-116.518034141862,48.3091168437299],[-116.51951014158,48.3090988437992],[-116.520905142059,48.309053844422],[-116.524370141769,48.3090808438684],[-116.526179141554,48.3090718443527],[-116.527880141755,48.3090628439377],[-116.528321142307,48.3090628439377],[-116.528384141615,48.3090628439377],[-116.529023142304,48.3089908442146],[-116.529725142301,48.3086668436625],[-116.529815141955,48.3086218442852],[-116.530508142437,48.3083158436638],[-116.531813142363,48.3072988444287],[-116.532209141738,48.3069928438073],[-116.532353142084,48.3068938437385],[-116.532992141874,48.3062278445019],[-116.53379314194,48.3055078436746],[-116.534072142216,48.305237843814],[-116.53431514173,48.3050488440914],[-116.535332141865,48.3042838438869],[-116.538194141646,48.3019258439651],[-116.539517142402,48.3008278436926],[-116.539850141571,48.300566844247],[-116.543666142179,48.2974168437749],[-116.545340142034,48.2960578440568],[-116.545538142171,48.2958238440577],[-116.546402142445,48.2949328443378],[-116.546519142444,48.2939338441341],[-116.546681141821,48.2925118442088],[-116.546852141613,48.2919178437959],[-116.547266141819,48.2913328437982],[-116.547293142165,48.291278844006],[-116.547806142439,48.2909368444223],[-116.548625142436,48.2905588440779],[-116.548940141674,48.2904688444241],[-116.549588141879,48.290297843733],[-116.550371142015,48.2901898441485],[-116.55038014243,48.2901898441485],[-116.55101914222,48.2900998444947],[-116.551064141597,48.2900908440797],[-116.551955142216,48.2896048441507],[-116.552531141799,48.2890648444295],[-116.552810142074,48.2882188440869],[-116.55268414166,48.2866708437469],[-116.552639142283,48.2861668438872],[-116.552576142075,48.2852758441673],[-116.552576142075,48.2843938439632],[-116.552576142075,48.2840608438953],[-116.552576142075,48.2832958436907],[-116.552792142144,48.2817028439735],[-116.552981141866,48.2803258443247],[-116.553116141796,48.2792368444673],[-116.553116141796,48.2782288438485],[-116.553080141935,48.2772028441983],[-116.553062142004,48.2761858440639],[-116.553080141935,48.2757358439965],[-116.553080141935,48.2751148441372],[-116.553053141589,48.2739988439339],[-116.553017141728,48.2730898442833],[-116.551721142217,48.2731078442141],[-116.55128914208,48.2731078442141],[-116.550353142084,48.2730898442833],[-116.550236142084,48.2730898442833],[-116.54908414202,48.2730898442833],[-116.548625142436,48.2731348436605],[-116.547608142302,48.2730898442833],[-116.54753614168,48.2722168444942],[-116.547581141956,48.271406844013],[-116.547608142302,48.2709208440841],[-116.546465141753,48.2708668442919],[-116.546186142377,48.2708578438768],[-116.545727141894,48.2708308444304],[-116.545277141827,48.2708038440845],[-116.544260141692,48.2707678442231],[-116.543396142318,48.2704078438093],[-116.540660142052,48.2682928443017],[-116.539769142332,48.2673478438903],[-116.539283142403,48.2666638438237],[-116.539094141781,48.2663938439631],[-116.538680141575,48.2653408439672],[-116.538401142199,48.2636758436276],[-116.53843714206,48.2565748444159],[-116.538527141714,48.2533978444973],[-116.538626141783,48.2499148439572],[-116.538680141575,48.246692843762],[-116.538752142198,48.2407438437157],[-116.538761141713,48.2405008442009],[-116.538887142128,48.2392138442059],[-116.538887142128,48.2384398444855],[-116.539040141989,48.2367298438695],[-116.539238142127,48.2343268436712],[-116.539508141987,48.2335708438816],[-116.5401021424,48.232247844025],[-116.540786141567,48.230969844445],[-116.540813141913,48.2309158437534],[-116.541740142394,48.2294668443816],[-116.542253141769,48.2288908438996],[-116.542379142184,48.228692843762],[-116.542802141905,48.2280178441105],[-116.544233142246,48.2265778442544],[-116.545997141755,48.2252458439828],[-116.546114141754,48.2251738442598],[-116.546771142374,48.2246338436392],[-116.547059142166,48.2244808437782],[-116.549021141812,48.2229868441298],[-116.551280141665,48.2213038438595],[-116.553683141863,48.2191258441446],[-116.555591141718,48.2173258438748],[-116.556212141577,48.2167858441536],[-116.556428141645,48.2164528440857],[-116.556509141783,48.2163358440862],[-116.556590141921,48.2162188440866],[-116.556662141644,48.2161198440178],[-116.556698142405,48.2160658442256],[-116.557166142404,48.215381844159],[-116.557751142401,48.2140408443717],[-116.558570142398,48.2117458437579],[-116.559299141842,48.210440843832],[-116.559587141633,48.2099188440416],[-116.560550141975,48.2085508439085],[-116.560892141559,48.2081638440483],[-116.561108141627,48.2079388444643],[-116.563232142449,48.2057068440578],[-116.565608142302,48.2032228437214],[-116.567516142156,48.2012338437291],[-116.567723141809,48.2011168437295],[-116.568425141807,48.200369844355],[-116.569955142216,48.1987138444305],[-116.571008142212,48.1978498441571],[-116.571872141586,48.1971928444364],[-116.57225014193,48.1969498440222],[-116.572988141789,48.196481844024],[-116.57648914226,48.194780843823],[-116.576903141567,48.1945828436854],[-116.578361142253,48.1938808436881],[-116.58547114188,48.1904248443932],[-116.585813142363,48.1902358437713],[-116.585957141809,48.1900648439795],[-116.586254142015,48.1900378436337],[-116.588810142074,48.1887778439844],[-116.590763142205,48.1872568439903],[-116.591276141581,48.1866448436467],[-116.591483142133,48.1864918437857],[-116.591681142271,48.1860058438567],[-116.592572141991,48.1807858441535],[-116.592599142337,48.1797058438117],[-116.592698142405,48.1795708438814],[-116.59305814192,48.1771768440981],[-116.593490142056,48.1747468444534],[-116.593490142056,48.174035844041],[-116.593616141572,48.1734868439048],[-116.5941021424,48.170489844193],[-116.594201141569,48.1704268439857],[-116.59423714233,48.1701028443328],[-116.594921142397,48.16823084434],[-116.595020141566,48.1682128444093],[-116.595218141704,48.1678438444799],[-116.595677142186,48.1670338439987],[-116.59655914239,48.1651528444902],[-116.596802141905,48.1648738442146],[-116.596829142251,48.1646218442847],[-116.598953142174,48.1602658439555],[-116.599052142243,48.1598158438881],[-116.599295141757,48.1594468439587],[-116.599493141895,48.1588618439609],[-116.599592141964,48.1577998444492],[-116.599898141686,48.1545598443233],[-116.599862141824,48.1523908441242],[-116.599997141755,48.1505368440621],[-116.599988142239,48.1459828444946],[-116.599862141824,48.1433368438822],[-116.599853142309,48.142796844161],[-116.599817142447,48.1412218443746],[-116.599682141618,48.1397458437576],[-116.599655142171,48.1360288441178],[-116.599817142447,48.1352998437747],[-116.600294141961,48.1344268439856],[-116.604182142292,48.1311598444132],[-116.605172142081,48.1301068444173],[-116.607053141589,48.1278478436649],[-116.608520141791,48.1259308442949],[-116.609303141926,48.1249048437454],[-116.610869142197,48.122609844031],[-116.612093141985,48.1201168441789],[-116.615054141835,48.1128538437917],[-116.615189141765,48.112277844209],[-116.615189141765,48.1121878436559],[-116.615288141834,48.1121698437252],[-116.615360141557,48.1119808440026],[-116.617340142034,48.1077058438114],[-116.617682141618,48.1071658440903],[-116.618159142031,48.1061398444401],[-116.621012142296,48.1001908443938],[-116.62121914195,48.0999388444639],[-116.622596141599,48.0970228439908],[-116.624657142213,48.092729843869],[-116.626025142346,48.0902728438784],[-116.628104141993,48.0870508436832],[-116.62919314185,48.0853588438973],[-116.631650141841,48.0810388443289],[-116.633729142386,48.0774028439278],[-116.634170142038,48.0759898444175],[-116.634485142176,48.0745768440079],[-116.63459314176,48.074477843939],[-116.634998141551,48.0718948444332],[-116.63588914217,48.0700768442326],[-116.635988142239,48.0700768442326],[-116.635988142239,48.0699238443716],[-116.636816141752,48.0684568441697],[-116.639138141812,48.0643078443931],[-116.639507141741,48.0636418442573],[-116.640119142085,48.0626608439844],[-116.641361141803,48.0603028440627],[-116.642270142353,48.0585748444152],[-116.643377142141,48.0555058440811],[-116.643503141657,48.0553078439435],[-116.643521141587,48.0551638444975],[-116.643575142279,48.0545968444304],[-116.643881142001,48.0539128443639],[-116.644079142139,48.0527878437456],[-116.644115142,48.0507628438917],[-116.643512142072,48.0482878439704],[-116.642612141937,48.0446068441921],[-116.642153142354,48.0427348441993],[-116.642054142285,48.0423298444084],[-116.641532141595,48.0398998438643],[-116.641640142079,48.0385228442155],[-116.642054142285,48.0372988444277],[-116.643008142212,48.0351028438827],[-116.643179142004,48.0344638440927],[-116.643386141657,48.0342838438858],[-116.644025142346,48.0330688436138],[-116.644070141724,48.0325018444462],[-116.644232142,48.0321058441709],[-116.645303141926,48.0297118443876],[-116.645429142341,48.0295768444573],[-116.645429142341,48.0293698439047],[-116.645735142063,48.0286678439074],[-116.645807141786,48.028226844255],[-116.646527141714,48.0268228442604],[-116.646527141714,48.0265798438462],[-116.646824141921,48.0258688443332],[-116.647814141709,48.0239248437181],[-116.648534141637,48.0232138442051],[-116.654672142306,48.0181288444321],[-116.657570141948,48.0157258442338],[-116.657840141809,48.0154468439581],[-116.664518142198,48.0099928442558],[-116.664590141921,48.0097768441875],[-116.664923141989,48.0095968439806],[-116.665274141988,48.0094708444654],[-116.665274141988,48.0093808439123],[-116.67109714162,48.0045298441384],[-116.672996141958,48.0026668436614],[-116.673995142162,48.0013618437355],[-116.674958141605,47.9999038439487],[-116.674958141605,47.9995708438807],[-116.675840141809,47.9975818438884],[-116.675867142155,47.9975188436811],[-116.676785142221,47.9961958438246],[-116.677523142079,47.9954758438965],[-116.677982141662,47.9949628436217],[-116.679269141658,47.9940268436253],[-116.68087114179,47.993108844459],[-116.683823142124,47.9919118441177],[-116.684678141983,47.991560844119],[-116.686217141908,47.9911738442589],[-116.690681141821,47.9901298437787],[-116.692382142022,47.9897248439878],[-116.69451514236,47.9890948437134],[-116.695883141594,47.9884738438542],[-116.696729141936,47.9878978442715],[-116.697557142348,47.9870608443439],[-116.697989141586,47.9861878436555],[-116.698025142346,47.9857108441415],[-116.698070141724,47.9828668442908],[-116.698160142277,47.9771878441051],[-116.698187141723,47.9697988442026],[-116.698196142138,47.9686108442764],[-116.698223141585,47.9658478436644],[-116.698331142069,47.9624908444383],[-116.698403141792,47.9565868437691],[-116.698466141999,47.9546158437075],[-116.698574141583,47.9514658441346],[-116.698637141791,47.9496028436575],[-116.698673141652,47.948693844007],[-116.698628142275,47.9477578440105],[-116.698025142346,47.9477578440105],[-116.692922141743,47.947712843734],[-116.689232142449,47.9478028442871],[-116.676695141667,47.9477038442183],[-116.668991141628,47.947721844149],[-116.667983141908,47.9477308436648],[-116.666714141844,47.947721844149],[-116.655329142026,47.9476588439418],[-116.645087141858,47.9475778438037],[-116.644682142067,47.9475778438037],[-116.633801142109,47.9475058440807],[-116.633054141835,47.9475238440115],[-116.63292814232,47.9475238440115],[-116.626025142346,47.9475508443572],[-116.621012142296,47.9475508443572],[-116.615540141764,47.947559843873],[-116.613875142324,47.9475238440115],[-116.61299314212,47.9479468437331],[-116.612408142122,47.9479918440097],[-116.610833142336,47.947793843872],[-116.61067114206,47.9476768438725],[-116.610428141645,47.9477038442183],[-116.610005141924,47.9478388441486],[-116.609420141926,47.9480728441477],[-116.606666141729,47.9498908443483],[-116.606216141662,47.9500978440016],[-116.601977142231,47.9530228439903],[-116.600951141682,47.9537248439876],[-116.595605141564,47.9572438443892],[-116.594012141847,47.9583508441774],[-116.592410141715,47.9594038441733],[-116.590988141789,47.9603848444463],[-116.589503141657,47.961455844373],[-116.586677141737,47.9631838440205],[-116.585714142294,47.9638948444328],[-116.582519142444,47.9655958437345],[-116.580854142105,47.9663698443542],[-116.57877514156,47.9672338437282],[-116.577452141703,47.9676118440727],[-116.572853141859,47.9691598444126],[-116.569514141664,47.9700418437174],[-116.567534142087,47.9704648443385],[-116.566931142158,47.9705278436464],[-116.567003141881,47.9713828444041],[-116.567030142227,47.9718058441257],[-116.566976142435,47.9728408441909],[-116.566391142437,47.9737048444643],[-116.56567114161,47.9741908443933],[-116.565608142302,47.9744878437004],[-116.564132141685,47.97590084411],[-116.563772142171,47.9764588437619],[-116.563700142448,47.9768638444522],[-116.56350214231,47.9769808444517],[-116.56350214231,47.977106843967],[-116.56350214231,47.9780248440327],[-116.563772142171,47.9792398443047],[-116.563835142378,47.9798068443717],[-116.563628141825,47.9799508438177],[-116.562782142382,47.9800678438173],[-116.561900142178,47.9801938442319],[-116.561405141834,47.9802658439549],[-116.561000142043,47.9802838438857],[-116.560226142323,47.9803378436779]],[[-117.995699143101,47.6578768445011],[-118.00108114308,47.6578048438788],[-118.009802143254,47.6579128443625],[-118.011926143177,47.6579308442933],[-118.028225142976,47.6579218438783],[-118.033679142678,47.6579128443625],[-118.055117142942,47.6577058438099],[-118.065440143248,47.6575708438796],[-118.0977771434,47.6572738436733],[-118.102484142829,47.657219843881],[-118.116209142638,47.6572018439503],[-118.126082142877,47.6572828440883],[-118.130240143068,47.6571568436737],[-118.131617142717,47.6569768443662],[-118.133012143196,47.6567698438136],[-118.134875142774,47.656508844368],[-118.134938142981,47.6564908444372],[-118.137233142695,47.6559148439552],[-118.139046193927,47.6554111255833],[-118.140716143235,47.6547808438212],[-118.140878142612,47.6550148438203],[-118.140923142889,47.6550958439583],[-118.140860142681,47.6556178437488],[-118.140887143027,47.6558968440244],[-118.140887143027,47.6574988441566],[-118.140887143027,47.6595238440105],[-118.140887143027,47.6612338437272],[-118.140887143027,47.6626198437911],[-118.140887143027,47.6645998442677],[-118.140887143027,47.6646988443365],[-118.140878142612,47.6675968439795],[-118.140878142612,47.668208844323],[-118.140851143166,47.6717998444476],[-118.140833143235,47.6720698443082],[-118.140806142889,47.6760838441545],[-118.140770143028,47.6811508439966],[-118.14082414282,47.6863078443919],[-118.14082414282,47.6902408441],[-118.140815143304,47.7012118437121],[-118.140887143027,47.7023278439153],[-118.140995142612,47.7030208443969],[-118.141121143026,47.7032908442575],[-118.141490142956,47.7042808440462],[-118.141976142885,47.7046768443214],[-118.14223714323,47.7050098443892],[-118.143191143157,47.7058288443861],[-118.148465142652,47.7092668437503],[-118.149482142787,47.7101578443695],[-118.150364142991,47.7112738436734],[-118.15123714278,47.7129658443587],[-118.151309143402,47.7132988444266],[-118.151408142572,47.713739844079],[-118.151462143263,47.7169798442049],[-118.15150714264,47.7203368443304],[-118.151912143331,47.7220288441164],[-118.152515143259,47.723018843905],[-118.152695142567,47.7231268443889],[-118.152722142913,47.7233068436964],[-118.154414142698,47.7249358441744],[-118.158914143373,47.7281668438853],[-118.160534143436,47.7295078436726],[-118.161254143364,47.7302368440157],[-118.162469142737,47.7322258440081],[-118.162595143151,47.7324148437306],[-118.164197143284,47.7348628442054],[-118.164674142797,47.735771843856],[-118.165817143346,47.7375088439186],[-118.166204143207,47.7383548442612],[-118.166672143205,47.7389938440513],[-118.166807143135,47.7392188436353],[-118.168400142852,47.7418108444555],[-118.169381143125,47.7434038441726],[-118.169750143055,47.7440428439626],[-118.170263143329,47.744906844236],[-118.170839142912,47.7460678438165],[-118.17130714291,47.7468238445054],[-118.172090143046,47.7485698440836],[-118.172423143114,47.7498838444245],[-118.173071143319,47.7529978441358],[-118.173125143111,47.7592888437657],[-118.173269142557,47.7629698444434],[-118.173377143041,47.7734098438499],[-118.173323143248,47.7797638436871],[-118.173431142833,47.7856678443562],[-118.173431142833,47.7864598440073],[-118.173431142833,47.7883678438616],[-118.173413142902,47.7916528442641],[-118.173395142971,47.795297844181],[-118.173287143387,47.8020928436706],[-118.173467142694,47.803595843734],[-118.179875143223,47.8124158439768],[-118.180793143289,47.813864844248],[-118.1819721428,47.8153768438271],[-118.1819721428,47.8154848443109],[-118.182557142798,47.8166728442372],[-118.182656142867,47.817419844511],[-118.18262914342,47.8184548436769],[-118.182620143005,47.8190218437439],[-118.182413143352,47.8198948444323],[-118.182485143075,47.8205608436688],[-118.182683143212,47.8211998443582],[-118.182890142866,47.8218388441482],[-118.184420143275,47.8228648437983],[-118.184960142996,47.8231078442125],[-118.186355142576,47.8233148438658],[-118.191017142627,47.8237738443483],[-118.199396143217,47.8245748444144],[-118.199648143147,47.8246018438608],[-118.200260142591,47.8247368437912],[-118.201619143209,47.8251868438586],[-118.202573143136,47.8256728437875],[-118.203923143338,47.8268338442673],[-118.203923143338,47.8269238439211],[-118.206497143328,47.8293988438424],[-118.206569143051,47.8294708444648],[-118.21115914338,47.8338808436869],[-118.211735142962,47.8352218443735],[-118.211834143031,47.8365718436765],[-118.2119331431,47.8368688438829],[-118.211978143377,47.8379038439481],[-118.212086142961,47.8381558438779],[-118.212158142684,47.8391098438051],[-118.213175142819,47.8485148440457],[-118.213553143163,47.8534828438191],[-118.213652143232,47.8537978439563],[-118.213922143092,47.8574338443574],[-118.214264142676,47.8585228442148],[-118.21487614302,47.8594138439347],[-118.215992143223,47.8602688437931],[-118.216613143082,47.860610844276],[-118.218233143145,47.8608808441366],[-118.219700143347,47.8609798442054],[-118.221797142924,47.8611598444123],[-118.228781143035,47.8617718438565],[-118.2298161431,47.8618618444096],[-118.23032014296,47.8619068437868],[-118.231652143232,47.8618618444096],[-118.233380142879,47.8610878437899],[-118.233992143223,47.8608988440674],[-118.240814143058,47.8608538437908],[-118.242308142707,47.8609348439289],[-118.242965143327,47.861330844204],[-118.246295143106,47.8631668443354],[-118.247609143447,47.86366184378],[-118.249175142819,47.864075843986],[-118.250066143438,47.8641838444698],[-118.250363142745,47.8643008444694],[-118.251092143088,47.8643818437081],[-118.254782143281,47.8649668437059],[-118.257167142649,47.8652638439123],[-118.260317143122,47.8653808439118],[-118.26065014319,47.8654528436348],[-118.260929142566,47.8655158438421],[-118.261613142632,47.8659028437022],[-118.262261142837,47.866496844115],[-118.262702143389,47.866973843629],[-118.263782142832,47.8686028441069],[-118.264115142899,47.8696828444487],[-118.264151142761,47.8702948438929],[-118.264376143244,47.8709158437522],[-118.264421142622,47.8710508436825],[-118.265024143449,47.8721398444392],[-118.266221142891,47.8748848442212],[-118.266554142959,47.8754878441497],[-118.266590142821,47.8758298437333],[-118.26668914289,47.8758838444249],[-118.266482143236,47.8775758442108],[-118.265897143239,47.8791868438588],[-118.265708142617,47.8796098444798],[-118.26542914324,47.8801948444775],[-118.264655142621,47.8811128436439],[-118.26438514276,47.8817608438489],[-118.264232142899,47.8821118438475],[-118.264070142623,47.8838038436335],[-118.264061143107,47.8866118436227],[-118.264223143383,47.8871338443125],[-118.271603142871,47.8935328444263],[-118.272134143076,47.894108844009],[-118.273331143418,47.8960258442784],[-118.27363714314,47.8979248437176],[-118.274312142791,47.9016418442568],[-118.274285143345,47.9026048436997],[-118.274384143413,47.9026048436997],[-118.275095142926,47.9088508439524],[-118.275500142717,47.9096518440185],[-118.275833142785,47.9099758436714],[-118.276454142645,47.9102458444313],[-118.277498143125,47.9104258437388],[-118.286705143228,47.9086438442991],[-118.287560143086,47.9084188438157],[-118.288379143083,47.9080048445091],[-118.288793143289,47.9076178437496],[-118.289189142665,47.9070238442361],[-118.289738142801,47.9059798437559],[-118.290035143007,47.9055658444493],[-118.291124142865,47.9045398438998],[-118.292870143342,47.9035678440418],[-118.293653142578,47.9032978441812],[-118.294128776022,47.903052489342],[-118.293964776553,47.9027039894587],[-118.294784774798,47.9020274906373],[-118.29632129709,47.9015488939274],[-118.303722762495,47.9005309926723],[-118.304449047785,47.9000294758407],[-118.305269485798,47.8987767804851],[-118.30627295923,47.8969262194305],[-118.30706791855,47.8959618422263],[-118.308110489108,47.8952841715883],[-118.31045627174,47.8942025048028],[-118.312371994072,47.8932381275986],[-118.31357094954,47.8924692324302],[-118.315643056782,47.891009634548],[-118.317715164923,47.8895370045902],[-118.319057474123,47.8885856594616],[-118.319865465519,47.8877906992424],[-118.320582232384,47.8867090333562],[-118.322093958569,47.8841286724613],[-118.322862854637,47.8827472670338],[-118.323032271622,47.8820695963958],[-118.322928015016,47.8813267653789],[-118.322419762262,47.8803623881747],[-118.322250344378,47.8797759429664],[-118.322315504757,47.8793849788947],[-118.322888918789,47.8780947988969],[-118.323553556451,47.8765830718123],[-118.323905424296,47.8747585749093],[-118.324361548746,47.8719436357512],[-118.324387612898,47.8709140981681],[-118.324192130862,47.8699106238372],[-118.323670846033,47.8671608459572],[-118.323734925426,47.8665478824398],[-118.323931488447,47.8660791791718],[-118.324726447767,47.8647629350224],[-118.3248698015,47.8643198426476],[-118.324700383616,47.863746429515],[-118.323749038487,47.8624171523906],[-118.323532950285,47.8619618831953],[-118.323684180281,47.8615441094341],[-118.324270323317,47.8610357469631],[-118.325325925951,47.8600713697588],[-118.325508375911,47.859628277384],[-118.325299861799,47.8591851850092],[-118.324361548746,47.8584684181439],[-118.323292914037,47.8576082984452],[-118.323110464976,47.8570870136157],[-118.323253817809,47.8564875354324],[-118.32389239222,47.8556143827585],[-118.324061810104,47.8552103875103],[-118.323996648826,47.8547021347566],[-118.323305946113,47.8542329782303],[-118.321820284079,47.8535553075923],[-118.321285967174,47.8529558294089],[-118.321246870946,47.8523042238218],[-118.321637834119,47.8517959701688],[-118.323123497052,47.8506621759796],[-118.32593843531,47.8486030999141],[-118.329496205485,47.8454884221139],[-118.331998373926,47.8432338649118],[-118.332721038545,47.8422173018479],[-118.332858493625,47.8412660133767],[-118.332702108715,47.8402625399451],[-118.332063534305,47.8392199702863],[-118.328036607603,47.8345805333258],[-118.324205162938,47.8299150331131],[-118.322810725435,47.8279602145531],[-118.321429320906,47.825744752679],[-118.320438878651,47.8241939302665],[-118.319930625898,47.8232686492896],[-118.319448437296,47.8222912400095],[-118.319200826957,47.8213659590326],[-118.319135666578,47.8204015818283],[-118.31927902031,47.8194372046241],[-118.319083538275,47.8187334698346],[-118.318627413824,47.8181079274997],[-118.318093096919,47.8178212209334],[-118.317389362129,47.8175736105945],[-118.316698659416,47.8172087106743],[-118.316203438738,47.8166483296175],[-118.316007956702,47.8158533702976],[-118.316255567041,47.814367708264],[-118.316542273607,47.8125823066889],[-118.316920205603,47.81153973703],[-118.31775426115,47.8101713636783],[-118.318353739334,47.8091809223225],[-118.318588317597,47.8082947375729],[-118.319161730729,47.807851645198],[-118.320582232384,47.806822107615],[-118.321155645517,47.805896826638],[-118.321872412382,47.804619678716],[-118.322901950864,47.8034728515516],[-118.324491869504,47.8026518271809],[-118.326590041797,47.8012834547284],[-118.327424098243,47.8003190775241],[-118.328792470696,47.7995241173049],[-118.328974920656,47.7988725117178],[-118.329378916804,47.7978169090838],[-118.328976849702,47.7970039111623],[-118.328049639679,47.7952756453155],[-118.328023575528,47.7941548823027],[-118.32868821409,47.79321656925],[-118.329222530995,47.7923434165761],[-118.329053113111,47.7916136176351],[-118.328248196497,47.790621712183],[-118.3273344835,47.788622964439],[-118.32704894875,47.7866813245442],[-118.327848446948,47.7847396846494],[-118.331617513737,47.776516266773],[-118.332645440635,47.7747459486273],[-118.333673367532,47.7740606634296],[-118.334758402278,47.7740606634296],[-118.345694404773,47.7739892797421],[-118.34829277639,47.7740321099546],[-118.349092275488,47.7738607891048],[-118.349763283049,47.7735324232434],[-118.350305799973,47.7730184597948],[-118.350405302762,47.7724538024617],[-118.350605612359,47.7704200881772],[-118.350434291509,47.7603977986801],[-118.351005361908,47.7595982995825],[-118.352375931404,47.7594269778334],[-118.367177889148,47.759271167591],[-118.369977136036,47.7592183522058],[-118.373251725886,47.7592051474602],[-118.374611737342,47.7590202918137],[-118.375641649043,47.7585977642361],[-118.376499908944,47.7580299925507],[-118.376988456652,47.7573301806039],[-118.377080884475,47.7565115331413],[-118.377041272037,47.7535406344533],[-118.377569432184,47.75265596686],[-118.3785465276,47.7520353788902],[-118.379417991347,47.7517845031129],[-118.38057994241,47.7517316877278],[-118.388766418835,47.7517184829822],[-118.395883371121,47.7508470201345],[-118.401455456304,47.7511771198887],[-118.403119159821,47.7514279956661],[-118.413312642464,47.7542800579389],[-118.418145304162,47.7558117211946],[-118.419571335749,47.7561550256945],[-118.420693675273,47.7558381297864],[-118.421419894912,47.7554023974633],[-118.422370582636,47.7548478296243],[-118.423506126007,47.7546629739777],[-118.430583466754,47.7546629739777],[-118.43607632796,47.7550987054016],[-118.437330706847,47.7549666660394],[-118.438202170594,47.7546497701314],[-118.44155598532,47.7534217989375],[-118.442783956514,47.7531577184146],[-118.444051540146,47.7530388828987],[-118.445873691618,47.7531973308527],[-118.449993337522,47.7536726747147],[-118.451683448732,47.7535142267607],[-118.45403375945,47.7530652905913],[-118.454852406913,47.7526691707062],[-118.45668776223,47.7514411995123],[-118.457730877778,47.7511375074506],[-118.45955302835,47.7512167314276],[-118.466181433826,47.7519957673513],[-118.471647886441,47.7516128513126],[-118.48309574887,47.7515600350282],[-118.483525683264,47.7510110034157]],[[-117.938990143181,47.6605408441449],[-117.944462142814,47.6593438438037],[-117.946415142944,47.658920844082],[-117.948179143353,47.6585338442219],[-117.95182414327,47.6580568438086],[-117.954020142915,47.657939843809],[-117.954371142914,47.6579218438783],[-117.954605142913,47.6579218438783],[-117.954767143189,47.6579128443625],[-117.970130142992,47.6577418436715],[-117.97355914284,47.6577778444323],[-117.976421142622,47.6577418436714],[-117.984233143145,47.6578138442938],[-117.995303142826,47.6578768445011]],[[-117.916769142782,47.6654638436418],[-117.916814143058,47.6654638436418],[-117.932537143274,47.6619898444161],[-117.934292143268,47.6616028436566],[-117.937829142701,47.6607388442826],[-117.937865142562,47.6607298438675]],[[-117.91621114313,47.6655538441949],[-117.915725143201,47.6656168444022],[-117.905033142965,47.667974844324],[-117.905024143449,47.667974844324],[-117.903773143316,47.6682268442538],[-117.902711142905,47.6684518438379],[-117.90065014319,47.6686768443213],[-117.900605142913,47.6686858438369],[-117.896753143343,47.6691628442502],[-117.893738142801,47.6693068436962],[-117.889310142749,47.66941484418],[-117.886061143107,47.6694958443181],[-117.88472014332,47.6695138442489],[-117.883829142701,47.6695228437646],[-117.883316143325,47.6695408436953],[-117.882002142985,47.6695678440411],[-117.880652142782,47.6695858439718],[-117.879221143341,47.6696128443177],[-117.877727142793,47.6696308442484],[-117.876440142798,47.6696488441792],[-117.876071142869,47.6696668441099],[-117.874775143358,47.6697028439714],[-117.873182142742,47.6697388438329],[-117.871661142747,47.6697208439021],[-117.870392142683,47.6697118443865]],[[-117.868709143312,47.6697028439714],[-117.867773143316,47.6697028439714],[-117.865937143185,47.6696308442484],[-117.862715142989,47.6689738436283],[-117.84163714314,47.6634748436494],[-117.833789142755,47.6612788440038],[-117.823277142726,47.6585248438068],[-117.822422142868,47.6583088437384],[-117.819578143017,47.6574898437416],[-117.816059142615,47.6561218445078],[-117.81297214325,47.6547268440289],[-117.810479143398,47.6536198442407],[-117.797924142685,47.6480038442623],[-117.789527143063,47.6442958441381],[-117.788834142582,47.6440168438625],[-117.788366142583,47.6438638440015],[-117.787799143416,47.6438008437942],[-117.786674142797,47.6436838437946],[-117.776495142837,47.6435938441408],[-117.768989142935,47.6435848437259],[-117.751061142658,47.6435578442793],[-117.739001143188,47.6435668437951],[-117.733430142587,47.643566843795],[-117.728723143159,47.6435578442793],[-117.726392142683,47.6435398443486],[-117.711992143223,47.643269844488],[-117.710327142883,47.643269844488],[-117.709418143233,47.6432248442114],[-117.707528143309,47.6432158437964],[-117.706628143174,47.6432158437964],[-117.703604143117,47.6431978438657],[-117.698393142929,47.6431798439349],[-117.693488143363,47.6431618440041],[-117.690239142822,47.6431348436584],[-117.680555143205,47.6431168437276],[-117.668774143112,47.6430898442812],[-117.6581541426,47.6430358444889],[-117.656939143227,47.6430358444889],[-117.653996143307,47.6430358444888],[-117.650234143391,47.6430358444889],[-117.648821142981,47.6429908442123],[-117.647363143194,47.6430178436588],[-117.646220142645,47.6430088441431],[-117.644762142859,47.6430178436588],[-117.634691143382,47.6430808438661],[-117.633782142832,47.6430898442811],[-117.628364142991,47.6430898442812],[-117.627581142855,47.6430898442811],[-117.626960142996,47.6430898442812],[-117.626519143344,47.6430808438661],[-117.626033143415,47.6430808438661],[-117.623423142664,47.6430448440046],[-117.618059142615,47.642999843728],[-117.603956143361,47.6429908442123],[-117.593156142642,47.6429908442123],[-117.592436142714,47.6429728442816],[-117.590555143205,47.6429908442123],[-117.588710142659,47.6429818437973],[-117.587756142732,47.6429908442123],[-117.585155143295,47.6429908442123],[-117.583931142608,47.6429908442123],[-117.583499143371,47.6429908442123],[-117.582752143097,47.6429908442123],[-117.582365143237,47.6429728442816],[-117.578918142558,47.6428918441436],[-117.57705514298,47.6428918441436],[-117.571556143002,47.6429098440743],[-117.566156143092,47.6429368444201],[-117.560945142005,47.6429638438666],[-117.555653141679,47.6429908442123],[-117.550919141905,47.6430178436588],[-117.539750142155,47.6430898442812],[-117.521273141742,47.6430088441431],[-117.52046314216,47.6429908442123],[-117.519815141955,47.6429548443508],[-117.518456142237,47.6428918441436],[-117.514766142044,47.6429278440051],[-117.5141541417,47.6428918441436],[-117.512057142123,47.6428918441436],[-117.509690141787,47.6429818437973],[-117.507611142141,47.6429818437973],[-117.504056141877,47.6429908442123],[-117.501050141751,47.6428918441436],[-117.500222142238,47.6425228442141],[-117.498098142315,47.6415958437335],[-117.496955141766,47.6410918438737],[-117.496703141837,47.6409658443585],[-117.489755141586,47.6377348437483],[-117.483662142094,47.6349808444506],[-117.482762141959,47.6345758437604],[-117.480170142038,47.6333968442492],[-117.482357142168,47.6320918443234],[-117.48239314203,47.6320738443926],[-117.483455142441,47.6314888443949],[-117.488738142351,47.6283658442685],[-117.49898014162,47.6223178441534],[-117.499736142309,47.6218678440859],[-117.502562142229,47.6202028437464],[-117.502931142158,47.6199778441624],[-117.503381142226,47.6197168438175],[-117.504956142012,47.6187898442361],[-117.505163141666,47.6186728442365],[-117.505613141733,47.618402844376],[-117.506855142351,47.6176918439636],[-117.5101671422,47.615873843763],[-117.513956141563,47.613794844117],[-117.515639141833,47.6130928441196],[-117.518753142444,47.6117878441938],[-117.525152141658,47.6091868438579],[-117.526853141859,47.6084938442757],[-117.529553142264,47.6073868444874],[-117.532253141769,47.6061898441461],[-117.534953142174,47.6050918438736],[-117.540344141669,47.6028868438129],[-117.559757142078,47.5950928441196],[-117.561152141658,47.594489844191],[-117.563609143447,47.593193843781],[-117.56445514289,47.5925908438524],[-117.566174143022,47.5909618442738],[-117.567434142672,47.5897648439325],[-117.567803142601,47.5894138439338],[-117.57769414277,47.5800898438313],[-117.587918143008,47.5704238441451],[-117.591239143272,47.567291844503],[-117.592067142784,47.5667608442976],[-117.593786142916,47.5656358436793],[-117.596936143388,47.5635928438946],[-117.598610143243,47.5630708441042],[-117.598808143381,47.5630078438969],[-117.600815143304,47.5623868440376],[-117.601571143094,47.5620808443155],[-117.605756142732,47.560334843838],[-117.605954142869,47.5602898444608],[-117.610535142783,47.5583458438456],[-117.612731143328,47.5573018442647],[-117.618374142752,47.5536838437944],[-117.623774142662,47.5501198440155],[-117.626051143346,47.5484638440911],[-117.628562143128,47.5466728442363],[-117.629174142573,47.5463038443069],[-117.629804142847,47.5458358443087],[-117.633287143387,47.5433968442489],[-117.638813142812,47.5397338444013],[-117.643700143347,47.5365028437911],[-117.648722142912,47.5331728440115],[-117.650990143181,47.5319128443622],[-117.65521114268,47.5301308440231],[-117.65625514316,47.5295638439561],[-117.656795142881,47.5293478438878],[-117.658109143222,47.5285108439602],[-117.66047614266,47.5269808444503],[-117.666407142775,47.5222198443303],[-117.672086142961,47.5176838437942],[-117.688205142553,47.5061368437002],[-117.688538142621,47.5058218444624],[-117.69107614275,47.5041748440536],[-117.693371143364,47.5025278436449],[-117.693623143293,47.5023748437839],[-117.696692142728,47.5005388436526],[-117.724916142966,47.4809638438661],[-117.738524142775,47.4717928436245],[-117.751052143142,47.4632158437959],[-117.779096143172,47.4440188443539],[-117.787106142934,47.4385378443057],[-117.787556143002,47.4382948438916],[-117.789230142857,47.4369358441735],[-117.790238142576,47.4361168441767],[-117.791219142849,47.4353608443871],[-117.792263143329,47.4345688438367],[-117.793001143188,47.4339298440467],[-117.795125143111,47.4322378442607],[-117.806105143138,47.4232828440875],[-117.822953143073,47.4095938441401],[-117.837110143019,47.3980738443919],[-117.837857143292,47.3975338437714],[-117.839639142732,47.3962108439148],[-117.840683143212,47.395463843641],[-117.841862142724,47.394680844405],[-117.843734142716,47.3935198439252],[-117.860627142928,47.3837278438244],[-117.86285014292,47.3822878439683],[-117.873200142672,47.3748808441351],[-117.875531143148,47.3731798439341],[-117.876062143353,47.372864843797],[-117.877502143209,47.3717668444238],[-117.88137214271,47.3684458441598],[-117.883415143394,47.3664838436139],[-117.903458143179,47.3455858439709],[-117.908327142883,47.3405998442667],[-117.910622142598,47.3386108442744],[-117.912575142729,47.3371528444875],[-117.915365142787,47.3351638444952],[-117.917138142711,47.33412884443],[-117.926723143158,47.3295208441709],[-117.969410143064,47.3097028430711],[-117.970913143127,47.3090188430045],[-117.972425142706,47.3083168430072],[-117.972299143191,47.3074078433566],[-117.972326142637,47.3072008428039],[-117.972290142776,47.3063098430841],[-117.972488142913,47.3052388431573],[-117.972560142636,47.3049148435045],[-117.972605142913,47.3046718430904],[-117.972614143328,47.3046178432981],[-117.972902143119,47.303177843442],[-117.973379142633,47.3012968430341],[-117.973496142633,47.3008198426209],[-117.973631142563,47.3003158427612],[-117.973604143117,47.3000008426241],[-117.973865142562,47.2992268429037],[-117.973874142977,47.2991998434573],[-117.97392814277,47.2980388429774],[-117.97392814277,47.297507842772],[-117.973667143324,47.2961398426389],[-117.97355914284,47.2960768433309],[-117.973361142703,47.2952758432648],[-117.97328914298,47.2949698426434],[-117.973262142634,47.2948618430588],[-117.973163142565,47.2947358426443],[-117.972992142773,47.294537843406],[-117.972587142982,47.2936108429253],[-117.972515143259,47.2935658426488],[-117.972488142913,47.2933588429955],[-117.972452143052,47.2932778428574],[-117.972155142846,47.2925848432752],[-117.971678143332,47.2919188431393],[-117.971111143265,47.2913158432108],[-117.970238142576,47.2906858429365],[-117.966539142867,47.2887868434973],[-117.966332143214,47.2885618430139],[-117.965801143008,47.2884178426686],[-117.963884142739,47.2873738430876],[-117.962777142951,47.2865548430908],[-117.956090143046,47.2765378434059],[-117.954713143397,47.2750078429968],[-117.954002142984,47.2744858432063],[-117.950582142652,47.2729288433506],[-117.948971143004,47.272010843285],[-117.947315143079,47.2712818429419],[-117.941582143101,47.269742843017],[-117.935228143264,47.2674028430259],[-117.934697143059,47.2671598426118],[-117.933653142578,47.2666918426136],[-117.931979142723,47.2658008428937],[-117.930125142661,47.264495842968],[-117.929927143423,47.2644508426914],[-117.928622142598,47.2632358433187],[-117.928217142807,47.2625248429064],[-117.928181142945,47.2617058429095],[-117.928514143013,47.2608328431203],[-117.928865143012,47.2603828430529],[-117.930530143351,47.2581148427849],[-117.931169143141,47.2565398429985],[-117.93113314328,47.2552888428649],[-117.930575142729,47.2537588433551],[-117.930125142661,47.2532548434953],[-117.928820142735,47.2520668426698],[-117.925400143302,47.2498798434392],[-117.922754142689,47.2481698428231],[-117.922736142759,47.2481608433074],[-117.921836142624,47.2475758433096],[-117.921575143178,47.2473868426877],[-117.919262142634,47.2458838426244],[-117.918722142913,47.2452358433186],[-117.918317143122,47.2444348432525],[-117.918254142914,47.2431388428424],[-117.918353142983,47.2427068427058],[-117.918317143122,47.240357843199],[-117.918155142846,47.239781842717],[-117.918074142707,47.2397008434782],[-117.917714143193,47.2389988434809],[-117.91748914271,47.2388008433434],[-117.917354142779,47.2385218430677],[-117.913826142862,47.2335898431558],[-117.912494142591,47.2320958435074],[-117.895394142725,47.2143118426765],[-117.894638142936,47.2135558428869],[-117.894152143007,47.2130338430964],[-117.893612143286,47.2124668430294],[-117.890489143159,47.2093258429723],[-117.888680143374,47.207570842979],[-117.888473142821,47.2072918427034],[-117.888356142822,47.2071838431189],[-117.883388143048,47.2022338432763],[-117.882893142704,47.2016308433478],[-117.882020142915,47.1993358427339],[-117.881714143193,47.1989758432196],[-117.879176143065,47.1969778428122],[-117.878825143066,47.1966178432978],[-117.878699142651,47.1963028431607],[-117.878402143344,47.1943048427533],[-117.877925142931,47.1935668428945],[-117.876791142797,47.1928018426898],[-117.876053142938,47.1926038434516],[-117.875684143009,47.1924238432447],[-117.874874143427,47.1920278429695],[-117.874775143358,47.191982842693],[-117.874100142807,47.191424843041],[-117.871814142609,47.1887068427056],[-117.871355143025,47.1877438432627],[-117.87121114268,47.184890842997],[-117.871112142611,47.1822358428688],[-117.870923142889,47.1778078428166],[-117.870887143027,47.1776728428863],[-117.870761142613,47.1747928431741],[-117.870527142614,47.1731008433881],[-117.870194143445,47.1723178432528],[-117.870104142892,47.1722638434605],[-117.869789142755,47.1715888429097],[-117.869789142755,47.1701308431228],[-117.869951143031,47.1690778431269],[-117.870014143238,47.1680068432002],[-117.870617143167,47.1630928432191],[-117.87121114268,47.1582868428224],[-117.870986143096,47.1575848428251],[-117.870536143029,47.1574588433098],[-117.869573142686,47.1572608431723],[-117.865181143395,47.1570808429654],[-117.86428114326,47.1569188426894],[-117.860591143067,47.1557668426245],[-117.859322143002,47.1555508434556],[-117.853157142888,47.1553258429722],[-117.849800142762,47.1549208431812],[-117.847451143256,47.1549028432505],[-117.846209142638,47.1547858432509],[-117.844832142989,47.154371843045],[-117.840782143281,47.1512218434722],[-117.839234142941,47.1500248431309],[-117.838433142875,47.149277842857],[-117.838271142599,47.1488368432046],[-117.834257142753,47.1439768430157],[-117.833078143242,47.1427888430895],[-117.830090143046,47.1415288434402],[-117.829460142771,47.141051843027],[-117.829190142911,47.1404668430292],[-117.829208142841,47.1390628430346],[-117.82928914298,47.1351838431187],[-117.82930714291,47.1346888427747],[-117.829316143325,47.1345628432594],[-117.829415143394,47.1306568429977],[-117.82905514298,47.1285868428673],[-117.828821142981,47.1280198428003],[-117.828686143051,47.1277228434933],[-117.828515143259,47.1270658428731],[-117.827534142986,47.1248788427432],[-117.827219142849,47.1242848432298],[-117.82698514285,47.1238078428165],[-117.82673314292,47.1231058428192],[-117.826040143338,47.1217828429626],[-117.82557214334,47.1206398433129],[-117.825023143203,47.1196048432477],[-117.824924143135,47.1191458427652],[-117.824726142997,47.1187678433201],[-117.823691142932,47.1167518429819],[-117.823691142932,47.1165898427059],[-117.822593142659,47.114078842923],[-117.821180143149,47.1125758428596],[-117.820280143014,47.1119548430004],[-117.819137143364,47.1114418427257],[-117.817697142609,47.1110638432805],[-117.816293142614,47.1108298432814],[-117.814916142966,47.1108118433507],[-117.814052142692,47.1109018430044],[-117.810938142981,47.111594843486],[-117.804161143422,47.1132148426496],[-117.797906142754,47.1147178427131],[-117.785387142802,47.1177778426321],[-117.7841541426,47.118038842977],[-117.773570142848,47.1206218433822],[-117.773480143194,47.1206668427594],[-117.770258142999,47.1220888426847],[-117.768638142936,47.1229348430274],[-117.767369142872,47.1234928426793],[-117.760493143244,47.1248788427432],[-117.755111143265,47.1258148427396],[-117.753599142786,47.1259228432234],[-117.752600142582,47.1256798428093],[-117.751889143069,47.1253558431565],[-117.751394142725,47.1248878431583],[-117.751034143211,47.124680843505],[-117.750017143077,47.1241948426767],[-117.7499721428,47.1241678432302],[-117.74830714336,47.1229978432347],[-117.747335142603,47.1223858428911],[-117.746597142744,47.1217918433777],[-117.746075142953,47.1210358426888],[-117.745301143233,47.1194338434559],[-117.744761142613,47.1187768428358],[-117.744014143238,47.1180928427693],[-117.743186142826,47.1176068428403],[-117.741908143246,47.1172378429109],[-117.739703143185,47.1169588426353],[-117.735878143062,47.1169588426353],[-117.735581142855,47.1169588426353],[-117.734438143206,47.1169768434653],[-117.733340142933,47.1169768434653],[-117.732638142936,47.1169228427737],[-117.73082914315,47.116985842981],[-117.730217142807,47.116985842981],[-117.721352143187,47.1170038429118],[-117.72014614333,47.116904842843],[-117.717275143133,47.116184842915],[-117.716267143414,47.1157168429167],[-117.715187143072,47.1149698426429],[-117.714053142938,47.1137998426474],[-117.71308114308,47.1129808426505],[-117.711713142947,47.1121978434145],[-117.710498142675,47.1117748427935],[-117.708788142958,47.1114958434172],[-117.708014143238,47.1114418427256],[-117.706358143314,47.111513843348],[-117.704981142766,47.1117298434163],[-117.702299143191,47.1125038431366],[-117.68592814277,47.1177778426321],[-117.685523142979,47.1178588427702],[-117.68465014319,47.118038842977],[-117.68285014292,47.1181018431843],[-117.681734142716,47.1180658433228],[-117.677288142734,47.1170848430499],[-117.675353143433,47.1168148431893],[-117.670466142898,47.1171748427037],[-117.669053143388,47.1171388428421],[-117.667685143255,47.1169678430503],[-117.666065143192,47.1165268433979],[-117.665975142639,47.1164818431214],[-117.663194142995,47.1153838428488],[-117.662366142583,47.115059843196],[-117.660710142659,47.1147358426438],[-117.659234142941,47.1148258431969],[-117.657128142949,47.1151768431955],[-117.649784143324,47.1165898427059],[-117.649631142563,47.1166078426366],[-117.649154143049,47.1166708428439],[-117.648830143396,47.1166978431897],[-117.646418142783,47.1166618433282],[-117.643907143,47.1160678429154],[-117.642935143142,47.1156448431938],[-117.642404142937,47.1153118431259],[-117.641981143215,47.1150868426425],[-117.641729143285,47.1149158428507],[-117.638417143436,47.1123598427913],[-117.637922143092,47.1118828432773],[-117.636239142822,47.109803842732],[-117.631064143395,47.1062848432297],[-117.630317143122,47.1061858431609],[-117.626834142582,47.106338843022],[-117.626024143,47.1062668432989],[-117.625493142794,47.1062308434375],[-117.623918143008,47.1058798434388],[-117.620336143298,47.1046288433052],[-117.617663143239,47.1039358428237],[-117.614405143183,47.1023698434523],[-117.611804142847,47.1012268429032],[-117.608078142792,47.1000208430462],[-117.607178142657,47.0998678431852],[-117.60417214343,47.0987338430511],[-117.601292142818,47.0969788430579],[-117.599537142825,47.0961058432688],[-117.598475143313,47.0958088430624],[-117.597602142625,47.0955658426483],[-117.597026143042,47.0954848434096],[-117.596702143389,47.0954038432715],[-117.596009142908,47.0952418429954],[-117.593867143054,47.0947738429972],[-117.593714143193,47.0947378431357],[-117.592886142781,47.0945398429981],[-117.589223142934,47.0940808434149],[-117.587360143356,47.0936758427247],[-117.585713142947,47.093099843142],[-117.584984142604,47.0928568427278],[-117.584156143091,47.0925238426599],[-117.583535143232,47.0922088434221],[-117.582374142752,47.0917858428012],[-117.581474142618,47.0918218426627],[-117.579593143109,47.0917498429396],[-117.578639143182,47.0917768432854],[-117.57678514312,47.0918038427319],[-117.576677142636,47.0917948432162],[-117.57523714278,47.0916328429401],[-117.574103142646,47.091479843079],[-117.571331143418,47.0908948430813],[-117.56186314207,47.0882488433682],[-117.560252142422,47.0877988433007],[-117.559010141805,47.08751084261],[-117.558839142013,47.0874838431635],[-117.555698141956,47.0867008430282],[-117.550532142045,47.0860348428924],[-117.549938141632,47.0860168429616],[-117.548435141569,47.0857198427552],[-117.54707614185,47.0852608431721],[-117.54525814165,47.0844598431059],[-117.54488914172,47.0842978428299],[-117.541955142216,47.0825158433902],[-117.539633142156,47.0806888427746],[-117.538598142091,47.0794288431253],[-117.538175142369,47.0784928431289],[-117.536699141752,47.0751988432107],[-117.536087142308,47.0736868427323],[-117.535628141825,47.0727958430124],[-117.535187142173,47.0723008426684],[-117.534890141966,47.0720938430151],[-117.531497141979,47.0691868429571],[-117.531452141703,47.0691328431649],[-117.531371141565,47.0690608434419],[-117.531281141911,47.0689348430273],[-117.526772141721,47.0652088429724],[-117.524828142005,47.0632018430493],[-117.524729141936,47.0630848430497],[-117.523820142286,47.0619868427772],[-117.523775142009,47.0618968431234],[-117.523721142217,47.0618248434005],[-117.522830141598,47.0604208434058],[-117.522794141736,47.0602768430605],[-117.521921141947,47.0587738429971],[-117.520481142091,47.0559298431464],[-117.518807142236,47.0527798426742],[-117.518474142168,47.0522668432988],[-117.518366141684,47.052095843507],[-117.518357142168,47.0520688431612],[-117.517763141756,47.0509348430272],[-117.517691142033,47.0506918426131],[-117.516755142036,47.0489638429656],[-117.516557141899,47.048693843105],[-117.516413141553,47.0484958429674],[-117.512777142051,47.0412418429952],[-117.5121021424,47.0403778427219],[-117.510869142197,47.0397028430704],[-117.504353142084,47.0367148428743],[-117.502004141678,47.0354278428792],[-117.501680142025,47.0352658435025],[-117.501014141889,47.0349958427426],[-117.499898141686,47.0343028431603],[-117.499304142172,47.0337808433698],[-117.498323141899,47.0326648431665],[-117.497621141902,47.0315128431018],[-117.496757141629,47.0295238431095],[-117.495326142188,47.0261578434683],[-117.495137141566,47.0257978430546],[-117.492329141577,47.0190658428729],[-117.4921671422,47.0185708434283],[-117.491591141718,47.017121843157],[-117.491366142134,47.0164468435056],[-117.490916142066,47.0155828432322],[-117.490088141654,47.0146468432358],[-117.489314141934,47.0142778433063],[-117.487955142216,47.0138458431696],[-117.48560614181,47.0133508428257],[-117.480692141829,47.0124778430365],[-117.47738014198,47.011640843109],[-117.472511142275,47.01051584339],[-117.466895142297,47.0097148433239],[-117.466220141746,47.0096428427016],[-117.466139141608,47.0096338431858],[-117.462278141623,47.0091298433261],[-117.460334141907,47.0086708428436],[-117.457625141987,47.0079148430541],[-117.452756142282,47.0060068431998],[-117.446240142169,47.0034598426561],[-117.444404142038,47.0029108434192],[-117.443027142389,47.0026408426592],[-117.441695142117,47.002514843144],[-117.427664141687,47.0022808431449],[-117.426989142035,47.0022718427299],[-117.426386142107,47.0021728426611],[-117.416576142075,47.0006158428054],[-117.415073142012,47.000669843497],[-117.413804141948,47.000885842666],[-117.412292142368,47.0013988429408],[-117.408818142243,47.003072842796],[-117.407558141695,47.0035498432092],[-117.406505141699,47.0038198430698],[-117.400304141723,47.0042518432065],[-117.398990142281,47.0046028432052],[-117.397190142011,47.0051878432029],[-117.379550142425,47.0049988434804],[-117.378281142361,47.0049088429273],[-117.376022141609,47.0044678432749],[-117.370883142043,47.0033788434174],[-117.369686141702,47.003234843072],[-117.36731014185,47.0032168431413],[-117.359318142019,47.0042698431372],[-117.358319141815,47.0044408429291],[-117.357590142371,47.0047108427897],[-117.357149141819,47.0049808426503],[-117.356078141893,47.0056738431319],[-117.355781141686,47.0058268429929],[-117.355025141897,47.0058358434079],[-117.354584142244,47.0058538433387],[-117.354395141622,47.0058628428544],[-117.35383714197,47.0058988427159],[-117.353765142247,47.0029918426579],[-117.353675141694,46.9998868433617],[-117.353675141694,46.9968268434425],[-117.353126141558,46.9933618428332],[-117.352604141768,46.991687842978],[-117.35240614163,46.9913188430486],[-117.351704141633,46.9899688428463],[-117.350588142329,46.988402843475],[-117.348950142335,46.9866118427208],[-117.347186141927,46.9849198429348],[-117.344738142351,46.9833718434943],[-117.342299142292,46.9820218432919],[-117.325604142217,46.9743718430446],[-117.324227141669,46.9734988432554],[-117.323696142363,46.9730218428422],[-117.323426141603,46.9725628432591],[-117.32246314216,46.9709158428503],[-117.322202141815,46.9699978427846],[-117.322166141954,46.9694038432712],[-117.322130142092,46.9689718431345],[-117.322562142229,46.9679008432078],[-117.32310214195,46.9669378428656],[-117.323831142293,46.9659118432154],[-117.327620141656,46.9625998433665],[-117.331571142194,46.9591348427572],[-117.332138142261,46.9580728432455],[-117.332633141706,46.9568668433885],[-117.334307141561,46.9507108427896],[-117.334325142391,46.9506208431358],[-117.334505141699,46.9499278426542],[-117.335405141834,46.9453648426717],[-117.335072141766,46.9426378428206],[-117.333974142393,46.9393888431789],[-117.333677142186,46.9378858431155],[-117.333704141633,46.9373998431866],[-117.333974142393,46.936220842776],[-117.334703141836,46.9344298429212],[-117.335837141971,46.9327378431353],[-117.336899142381,46.931549843209],[-117.339374142303,46.9294978430094],[-117.344513141868,46.9257718429545],[-117.34561114214,46.9247818431658],[-117.346736141859,46.9235308430323],[-117.346934141997,46.9231798430336],[-117.347537141925,46.9221088431069],[-117.348608141852,46.9198588427697],[-117.349436142264,46.9177348428471],[-117.350435141568,46.9146658434123],[-117.350912141982,46.9125958432818],[-117.350957142258,46.9120198427998],[-117.350975142189,46.9116598432855],[-117.350597141845,46.9098058432234],[-117.349598141641,46.9079968434379],[-117.348500142268,46.9067908426816],[-117.347762142409,46.9055128431015],[-117.34766314234,46.9047658428276],[-117.347627141579,46.9045858426208],[-117.347960141647,46.9037128428317],[-117.348464142406,46.9032538432486],[-117.349004142127,46.9029568430421],[-117.349859141986,46.9026958426972],[-117.350210141984,46.9026598428357],[-117.352622141698,46.9023988433902],[-117.352766142044,46.9023808434594],[-117.354197142384,46.9019938427],[-117.355016142381,46.9016878429778],[-117.3560241421,46.9013098426334],[-117.356339142238,46.9011568427724],[-117.357725142301,46.9004368428443],[-117.358175142369,46.9000948432607],[-117.358931142158,46.8995008428479],[-117.359876141671,46.8982678426451],[-117.360092141739,46.8978898432],[-117.360929141667,46.896530843482],[-117.361028141735,46.8963238429293],[-117.361865141663,46.8946858429355],[-117.362387142353,46.8929848427346],[-117.363026142143,46.8917878432926],[-117.363962142139,46.8907888430889],[-117.364016141931,46.8906088428821],[-117.364070141724,46.8904738429518],[-117.364196142138,46.8901588428146],[-117.364277142276,46.8899248428155],[-117.364278138725,46.8894049995993],[-117.364187141723,46.8883948433056],[-117.364187141723,46.8879718426846],[-117.364187141723,46.8877918433771],[-117.364223141585,46.8864598431055],[-117.36425014193,46.8854788428326],[-117.364295142207,46.8845878431127],[-117.364331142069,46.8838498432539],[-117.364358142414,46.883516843186],[-117.364394142276,46.882535842913],[-117.364421141722,46.881734842847],[-117.364520141791,46.880681842851],[-117.364529142206,46.8803488427831],[-117.364556141653,46.8797908431312],[-117.36461914186,46.878764843481],[-117.364610142344,46.8778288434846],[-117.364682142067,46.8769378428654],[-117.364700141998,46.8764248434899],[-117.364709142413,46.875929843146],[-117.364817141997,46.8755248433551],[-117.364907141651,46.8751828428721],[-117.364925141582,46.8748948430807],[-117.364925141582,46.8746878434274],[-117.364655141721,46.8743998427368],[-117.364214142069,46.8741298428761],[-117.363935141793,46.8740398432224],[-117.363719141725,46.8739138428078],[-117.363512142072,46.8738058432233],[-117.362909142143,46.8734908430862],[-117.362279141869,46.8731938428798],[-117.361613141733,46.873103843226],[-117.360686142152,46.8730858432952],[-117.357680142025,46.8730678433645],[-117.356906142305,46.8728518432962],[-117.356033141616,46.8724738429517],[-117.355727141894,46.8721408428838],[-117.355511141826,46.8719158432997],[-117.355466142449,46.871816843231],[-117.355205142104,46.8713578427484],[-117.355079141689,46.8706108433739],[-117.355070142173,46.8696568434468],[-117.355178141758,46.8693598432404],[-117.355394141826,46.8687568433119],[-117.355610141894,46.8681538433834],[-117.356438142306,46.8667768428352],[-117.356735141613,46.8654898428401],[-117.356636142444,46.8650398427727],[-117.356177141961,46.8642838429831],[-117.354998141551,46.8640048427075],[-117.352100141908,46.8635278431936],[-117.352037141701,46.8635008428478],[-117.35087614212,46.8630238433339],[-117.350273142192,46.8624298429211],[-117.349796141778,46.8611788427875],[-117.349598141641,46.8599728429305],[-117.349625141987,46.8589648432111],[-117.349472142126,46.8581818430758],[-117.348896141644,46.8571828428721],[-117.347672141856,46.8561568432219],[-117.34392814187,46.8539608426769],[-117.342560141737,46.8532138433024],[-117.342272141946,46.8530608434414],[-117.341426141603,46.8526108433739],[-117.33982414237,46.8515848428244],[-117.339203141612,46.8509638429651],[-117.339077142096,46.8505228433128],[-117.338996141958,46.850234842622],[-117.338978142028,46.8501178426225],[-117.338870142443,46.8496408431086],[-117.338870142443,46.8484888430438],[-117.339365141888,46.846121842707],[-117.33930214168,46.8445648428514],[-117.339140142304,46.8434848434089],[-117.33852814196,46.839101842734],[-117.338096141823,46.8382468428756],[-117.338078141893,46.8381658427376],[-117.3380241421,46.8377968428082],[-117.337430141688,46.8371578430182],[-117.336323141899,46.8362938427448],[-117.332030141778,46.8340258433761],[-117.330599142336,46.8329728433801],[-117.328601141929,46.8310558431108],[-117.327602141725,46.8297058429085],[-117.326171142284,46.8271138429876],[-117.325298141596,46.8253138427178],[-117.324173141877,46.8230458433491],[-117.323138141812,46.8199948429458],[-117.322625142436,46.8181138434372],[-117.32103214182,46.8137758430388],[-117.320978142028,46.8136498426242],[-117.32089714189,46.8134968427631],[-117.318872142036,46.8092938431944],[-117.314633141706,46.7986918426125],[-117.31408414157,46.7972878426179],[-117.31331014185,46.7954878432474],[-117.311753141994,46.7933908427712],[-117.311555141856,46.7931118433949],[-117.308657142213,46.7890888431337],[-117.307415141595,46.7878288434844],[-117.304661142298,46.7858038427312],[-117.300872142036,46.7834008434322],[-117.295211141781,46.780736842889],[-117.293096142273,46.7798728426156],[-117.293051141997,46.7798548426849],[-117.291458142279,46.7792068433791],[-117.285023142304,46.7768128426965],[-117.283529141756,46.7761918428373],[-117.281477141557,46.7751658431871],[-117.277157141988,46.7724028434745],[-117.273188142419,46.7700358431377],[-117.268103141747,46.7664268430823],[-117.266672142305,46.765157843018],[-117.265682141618,46.7639968434376],[-117.264305141969,46.7620348428917],[-117.263720141971,46.7614138430324],[-117.262595142252,46.7605228433125],[-117.260660142052,46.7594968427631],[-117.258365142337,46.7587948427657],[-117.256925141582,46.7585788426974],[-117.255233141796,46.7585068429744],[-117.252812141667,46.7586238429739],[-117.251012142296,46.7588488434573],[-117.246485142176,46.7593348433863],[-117.244982142112,46.759271843179],[-117.243056142327,46.7587408429735],[-117.242057142123,46.7582368431138],[-117.240617142267,46.7569048428422],[-117.238466141999,46.7539168426461],[-117.238376142345,46.7537818427158],[-117.238061142208,46.7532958427869],[-117.237134141727,46.7517028430697],[-117.236090142146,46.7498848428691],[-117.234731142428,46.7474638427401],[-117.234227141669,46.7463388430211],[-117.233624141741,46.7443678429595],[-117.233129142296,46.7435308430319],[-117.23182414237,46.7415868433161],[-117.230501141614,46.7403718430441],[-117.229277141827,46.7392378429101],[-117.227864142316,46.7384638431898],[-117.225137141566,46.7369788430571],[-117.224777142051,46.7367808429195],[-117.224570142398,46.7367088431965],[-117.223184142334,46.7360608429915],[-117.220817141997,46.7351518433408],[-117.218729141936,46.7346478434811],[-117.216326141738,46.7342338432751],[-117.213113141958,46.733990842861],[-117.21138514231,46.7338648433458],[-117.210251142176,46.7337838432077],[-117.20983714197,46.7337838432077],[-117.20892814232,46.7337748427927],[-117.208235141838,46.733765843277],[-117.206660142052,46.7337478433462],[-117.20623714233,46.7337388429311],[-117.205778141848,46.7337388429311],[-117.205265141573,46.7337298434154],[-117.2041671422,46.7337748427927],[-117.202799142067,46.7338198430692],[-117.201872141586,46.733846843415],[-117.201701141794,46.7338648433458],[-117.201629142071,46.7338648433458],[-117.201521141587,46.7338738428615],[-117.201332141865,46.7338738428615],[-117.201233141796,46.7338738428615],[-117.201116141797,46.7338738428615],[-117.199181141596,46.733846843415],[-117.196157142438,46.7338288434842],[-117.194816141752,46.7335858430701],[-117.194159142031,46.7334598426555],[-117.193808142032,46.7333248427252],[-117.191477141557,46.7324698428669],[-117.191288141834,46.7323978431439],[-117.188975142189,46.7315338428705],[-117.187805142193,46.7314258432859],[-117.186563141576,46.731569842732],[-117.183620141656,46.7319118432149],[-117.182918141659,46.7317948432154],[-117.181991142077,46.7314978430089],[-117.180992141874,46.7309578432877],[-117.181217142357,46.7307148428736],[-117.181460141872,46.7304718433588],[-117.182189142215,46.7296708432927],[-117.182855142351,46.7289058430881],[-117.183386141657,46.7283028431596],[-117.184520141791,46.7271418426798],[-117.186005141924,46.7254138430323],[-117.185933142201,46.7243338426906],[-117.185555141856,46.7232358433174],[-117.18539314158,46.7228038431807],[-117.185015142135,46.7217688431155],[-117.184826142413,46.7212108434635],[-117.184709142413,46.7208868429114],[-117.184214142069,46.7196358427778],[-117.183953141724,46.7189518427112],[-117.182810142074,46.7165218430665],[-117.182693142075,46.7162518432059],[-117.182621142352,46.7158828432765],[-117.182495141937,46.7151718428641],[-117.182657142213,46.7144878427976],[-117.182891142212,46.7141008429374],[-117.182918141659,46.7140468431452],[-117.182999141797,46.7139028427999],[-117.183395142072,46.7131918432868],[-117.184016141931,46.7126788430121],[-117.18461914186,46.7124088431515],[-117.185501142064,46.7122738432211],[-117.186680141575,46.7120938430143],[-117.189083141774,46.7122108430139],[-117.189470141634,46.7122288429446],[-117.191090141697,46.7123188434977],[-117.192422141968,46.7123908432207],[-117.193331141619,46.7123458429442],[-117.194519142444,46.7122918431519],[-117.196823141675,46.7120038433606],[-117.197012142296,46.7119768430147],[-117.197777141602,46.7117878432922],[-117.199010141805,46.7113738430863],[-117.199397141665,46.7112388431559],[-117.200324142145,46.7107078429505],[-117.200675142144,46.7105098428129],[-117.202565142068,46.7092228428178],[-117.202970141859,46.7087278433732],[-117.203267142065,46.7083948433052],[-117.203339141788,46.7082688428906],[-117.203717142132,46.7077018428236],[-117.204293141715,46.7057308427621],[-117.204455141991,46.7043358431824],[-117.204194141646,46.7012308429869],[-117.204212141577,46.7001958429217],[-117.204275141784,46.6974778434856],[-117.204383142268,46.6922218430214],[-117.204185142131,46.6914658432319],[-117.203978141578,46.6907368428888],[-117.203582142202,46.6900258433758],[-117.202916142066,46.688864842896],[-117.197804141948,46.6826908432656],[-117.195338142441,46.6797748427926],[-117.194906142305,46.6790278434181],[-117.194510142029,46.6777048426621],[-117.194510142029,46.6770568433564],[-117.194753142444,46.6754548432242],[-117.195338142441,46.6739788435066],[-117.196256141608,46.6724218427516],[-117.198803142151,46.668038842976],[-117.198704142082,46.6672198429791],[-117.198029142431,46.6657528427772],[-117.195905141609,46.6637188434077],[-117.19298014162,46.6614598426554],[-117.191720141971,46.6598668429382],[-117.190829142251,46.6582288429445],[-117.190631142113,46.655699843231],[-117.190424141561,46.6547818431653],[-117.188174142123,46.6522708433825],[-117.187796141779,46.6516768429697],[-117.187634142402,46.6491658431869],[-117.18783214164,46.6475098432624],[-117.187607142056,46.6459798428532],[-117.187535142333,46.6455478427165],[-117.187409141918,46.644791842927],[-117.184880142205,46.6422988430749],[-117.183872141586,46.6416688428006],[-117.178409142368,46.6382668432979],[-117.17755414161,46.6375018430933],[-117.17588914217,46.635512843101],[-117.175394141826,46.634387843382],[-117.17472814169,46.633253843248],[-117.174170142038,46.631471842909],[-117.173333142111,46.6294108431935],[-117.171605141564,46.627097842649],[-117.169661141848,46.6248838430726],[-117.168986142197,46.6242898426598],[-117.166313142138,46.6219768430146],[-117.16301914222,46.6194118434395],[-117.162029142431,46.6182868428212],[-117.16110214195,46.6163698434512],[-117.160931142158,46.6157038433154],[-117.160904141813,46.6133998431859],[-117.162029142431,46.6100068431989],[-117.16431514173,46.6055248433545],[-117.165755141586,46.6035898431544],[-117.166601141929,46.6026808435037],[-117.166736141859,46.6025368431585],[-117.166781142136,46.6024918428819],[-117.168176141716,46.6013128433707],[-117.170660142052,46.5994498428936],[-117.171650141841,46.5984508426899],[-117.172856141698,46.5964798426283],[-117.173279142319,46.5947518429808],[-117.173306141765,46.5928528426422],[-117.172955141766,46.5917278429232],[-117.172514142114,46.5911968427178],[-117.171659142256,46.590539842997],[-117.168473141922,46.5888928434875],[-117.166466141999,46.5879568434912],[-117.159725142301,46.5847888430882],[-117.158627142029,46.5842758428135],[-117.157682141617,46.5837088427465],[-117.157430141688,46.5835648433005],[-117.156539141968,46.582880843234],[-117.154118141839,46.5806398433118],[-117.153353141634,46.5798388432456],[-117.149852142063,46.5762028428446],[-117.14722414228,46.5734848434084],[-117.146036142354,46.5725038431354],[-117.144281142361,46.5714688430702],[-117.143516142156,46.5709648432106],[-117.142625142436,46.5705778433504],[-117.139358141965,46.5695428432852],[-117.1362711417,46.568588843358],[-117.134939142328,46.5681748431521],[-117.134039142193,46.5679948429453],[-117.13305814192,46.5677788428769],[-117.130196142138,46.5677608429461],[-117.12868414166,46.5677338434997],[-117.127253142219,46.5677248430846],[-117.126002142085,46.5677698433612],[-117.125822141878,46.5677608429461],[-117.125705141879,46.5677608429461],[-117.125408141672,46.5677338434997],[-117.124157142438,46.5676888432231],[-117.12252814196,46.5676888432231],[-117.120503142106,46.5674368432933],[-117.120179141554,46.5673558431553],[-117.119783142178,46.5672298427407],[-117.118613142183,46.5668878431571],[-117.116687142398,46.5659788435064],[-117.115364141642,46.5651958433711],[-117.105653141679,46.5587608433958],[-117.104870142443,46.5575638430545],[-117.104681141821,46.5572758432632],[-117.104123142169,46.5555208432698],[-117.103916141617,46.554845842719],[-117.102359141761,46.552271842729],[-117.1022061419,46.5521638431444],[-117.096662141645,46.5482578428827],[-117.093692142278,46.5461068426143],[-117.093413142003,46.545908843376],[-117.093170141589,46.5457378426848],[-117.089327142434,46.5429748429722],[-117.088337141746,46.5417238428386],[-117.087986141747,46.5404818431201],[-117.087608142302,46.5392038426408],[-117.087212142027,46.5377638427847],[-117.086807142236,46.5364588428588],[-117.086483141684,46.5353068427941],[-117.085997141755,46.5333268432168],[-117.085592141964,46.5316618428773],[-117.085178141758,46.5299788435063],[-117.084692141829,46.5279988430297],[-117.08163214191,46.5171178430715],[-117.081434141772,46.5163078434897],[-117.079814141709,46.5099178428916],[-117.079355142126,46.5080908431753],[-117.078959141851,46.5052108434631],[-117.078059141716,46.4998828432761],[-117.07803214227,46.4996398428619],[-117.077960141647,46.4986948433498],[-117.077600142133,46.4979298431452],[-117.076232142,46.4957338434996],[-117.075584141795,46.4947978435032],[-117.075467141795,46.4945998433655],[-117.07520614235,46.4942308434361],[-117.074810142074,46.4934478433008],[-117.074414141799,46.4929888428183],[-117.07365814201,46.4916748433768],[-117.073217142357,46.4911708426177],[-117.072794141736,46.4904778430355],[-117.072794141736,46.4904688426204],[-117.072497142429,46.48994684283],[-117.071300142088,46.4882368431133],[-117.071138141812,46.4878768426996],[-117.07108414202,46.4877778426308],[-117.071012142297,46.4876698430463],[-117.070157142438,46.4865898427045],[-117.06928414175,46.4859508429145],[-117.064685141906,46.4843128429208],[-117.056612141937,46.4810188430026],[-117.055352142288,46.4803438433511],[-117.054227141669,46.4795248433543],[-117.052409142368,46.4777878432918],[-117.051878142162,46.4774008434316],[-117.051455142441,46.4769148435027],[-117.050159142031,46.4757358430921],[-117.049277141827,46.4753038429554],[-117.047486141972,46.474709843442],[-117.046325142391,46.4745658430966],[-117.04601914177,46.4745208428201],[-117.042185142131,46.474367842959],[-117.039764142001,46.4743048427517],[-117.039233141796,46.4742868428209],[-117.03676714229,46.4739718426838],[-117.035894141601,46.4737378426847],[-117.035669142017,46.4736748433768],[-117.034256141608,46.4728288430341],[-117.033257142303,46.4720548433138],[-117.031529141756,46.4704528431816],[-117.030278141623,46.4694898428394],[-117.029684142109,46.469192842633],[-117.027929142116,46.4681668429828],[-117.021809142278,46.4648098428574],[-117.020621142352,46.4641618426523],[-117.019361141803,46.4635138433466],[-117.019163141666,46.4634958434159],[-117.018803142151,46.4632168431402],[-117.017678142432,46.462676843419],[-117.016418141884,46.4622898426595],[-117.014960142097,46.4621008429369],[-117.012098142315,46.4622178429365],[-117.004475142414,46.4625238426586],[-117.000992141874,46.462676843419],[-116.996929661375,46.4627740979037],[-116.992744945922,46.4618316893384],[-116.991412476205,46.4616612786025],[-116.988176297298,46.4625905049053],[-116.985319246486,46.4631002361444],[-116.982662151837,46.4625812823577],[-116.97916440871,46.4612609948565],[-116.976262655297,46.46045178398],[-116.973204387472,46.4608500514461],[-116.968628142275,46.4616778432153],[-116.965489961592,46.4616479605423],[-116.962210562168,46.4612220479166],[-116.959363144893,46.4604282145478],[-116.958241564397,46.458929365755],[-116.958115098133,46.4571459597756],[-116.958836814867,46.4559860951396],[-116.960359959744,46.4553419071607],[-116.961871957525,46.4549467558455],[-116.963633406556,46.4547349592084],[-116.96636663781,46.4546862411346],[-116.968185861988,46.4543331349236],[-116.969557542147,46.4536143652682],[-116.970336710271,46.4523132009509],[-116.970932036284,46.4505095557288],[-116.971706375948,46.4493151319452],[-116.972760394876,46.4481671221723],[-116.975731903305,46.446836264939],[-116.980018653138,46.4454311398926],[-116.981516142156,46.44482984328],[-116.984030837253,46.4432365872561],[-116.985062142004,46.4416618428771],[-116.985642812666,46.4393888648616],[-116.98707798676,46.4372111718155],[-116.98892921691,46.4361105518179],[-116.990957142258,46.4351728431096],[-116.992771726834,46.4342326567691],[-116.994560320103,46.4333799043165],[-116.995435105945,46.4322230928788],[-116.9959465405,46.4299547508684],[-116.996879141959,46.4283418428591],[-116.997059142166,46.4282428427903],[-116.997725142301,46.4278558429301],[-116.999552142018,46.4269378428645],[-116.999984142154,46.4263888427282],[-117.000272141946,46.4250928432175],[-117.000254142015,46.4246788430115],[-117.000200142223,46.4237608429458],[-117.000236142084,46.4226178432962],[-117.000281142361,46.4216368430232],[-117.000299142292,46.4210878428869],[-117.000299142292,46.4205658430965],[-117.000281142361,46.4201158430291],[-117.000254142015,46.4192338428249],[-117.000200142223,46.4175778429005],[-117.000191141808,46.4173978426936],[-117.000191141808,46.4172178433861],[-117.000164142361,46.416560842766],[-117.00026314243,46.4161918428366],[-117.000506141945,46.4158048429764],[-117.00078514222,46.4155348431158]],[[-117.076160142277,47.218478843283],[-117.077969142062,47.216210843015],[-117.079283142403,47.2158688434314],[-117.080183141639,47.2154818426719],[-117.081893142255,47.2143388430222],[-117.082604141768,47.2136998432322],[-117.085313141688,47.2118188428243],[-117.086015141685,47.2112698426881],[-117.087293142165,47.2103608430375],[-117.087464141957,47.2102168426922],[-117.087995142162,47.2093528433181],[-117.088661142298,47.2074268426337],[-117.088778142297,47.2073008431184],[-117.088931142158,47.2070398427735],[-117.089030142227,47.2068958433276],[-117.091208141942,47.2038358434085],[-117.091451142356,47.2035028433406],[-117.091712141802,47.2030888431346],[-117.09295414242,47.2014328432102],[-117.093287141588,47.2006768434206],[-117.093287141588,47.1994618431485],[-117.093395142072,47.1992278431494],[-117.093692142278,47.1989578432889],[-117.095060142412,47.1981568432227],[-117.096077141647,47.1974728431562],[-117.096635142198,47.1968698432277],[-117.097184142334,47.1963208430914],[-117.097706142125,47.1960868430923],[-117.100127142254,47.1956098426791],[-117.101873141832,47.1950878428886],[-117.107174141673,47.1938728426166],[-117.109010141805,47.193530843033],[-117.110522142283,47.1933508428261],[-117.111692142279,47.1933868426876],[-117.126011141601,47.1955288434404],[-117.128360142007,47.1958978433698],[-117.128927142074,47.1958978433698],[-117.132410141715,47.1957718429552],[-117.134588142329,47.1959248428162],[-117.137540141764,47.196518843229],[-117.139664141687,47.196518843229],[-117.14089714189,47.1964558430218],[-117.141329142026,47.1961858431611],[-117.1500501422,47.1911638426961],[-117.152840142259,47.189156842773],[-117.154622141698,47.1884098433985],[-117.157457142033,47.1870598431962],[-117.160958141605,47.1853858433409],[-117.166079142139,47.1838198430702],[-117.171416141841,47.1821998430073],[-117.17201914177,47.1820198428005],[-117.173459141626,47.1816238434246],[-117.176411141961,47.1811018427348],[-117.182351141592,47.1788338433661],[-117.185096142273,47.177312843372],[-117.185924141786,47.1771508430958],[-117.187940142124,47.1770968433036],[-117.190388141699,47.1773668431642],[-117.191225141627,47.1775288434403],[-117.194951141682,47.1783118426764],[-117.196220141746,47.1784558430217],[-117.197390141742,47.1781228429538],[-117.198155141946,47.1779158433005],[-117.198704142082,47.1777718429551],[-117.199370142218,47.1772678430954],[-117.201215141865,47.1751348427577],[-117.202052141793,47.1736588430401],[-117.203294142411,47.1700678429155],[-117.204374141853,47.1686008427136],[-117.20583214164,47.1672418429956],[-117.209585142041,47.1645778433517],[-117.209693141625,47.1645238426601],[-117.212807142236,47.1624268430832],[-117.213482141887,47.1620758430846],[-117.221519141995,47.157764843032],[-117.222995141712,47.1571168428269],[-117.227279142319,47.1559468428314],[-117.228314142384,47.1554698433175],[-117.228809141828,47.1551818426268],[-117.229529141756,47.1547408429744],[-117.230051142446,47.1543268427685],[-117.230267141615,47.1541918428382],[-117.231833141886,47.1529048428431],[-117.231977142231,47.152679843259],[-117.233381142226,47.1511228434034],[-117.236918141659,47.1464158430755],[-117.237215141865,47.1457858428013],[-117.237719141725,47.1437158426708],[-117.237890142416,47.1420958435072],[-117.238083961606,47.1393303517732],[-117.238461697549,47.1385839738301],[-117.239313928395,47.1375885277472],[-117.239858073991,47.1370433919978],[-117.240613896614,47.1362840548241],[-117.242633141706,47.1353638433256],[-117.243164141912,47.1351568427729],[-117.243335141703,47.1353458433948],[-117.245666142179,47.1376408431093],[-117.24583714197,47.1377398431781],[-117.245963142385,47.1378388432468],[-117.248681141821,47.1411958433723],[-117.249455142441,47.1425098428138],[-117.250022141608,47.1432118428112],[-117.251021141812,47.1440938430153],[-117.252308141807,47.1451288430805],[-117.252686142152,47.1451828428728],[-117.255260142142,47.1452548434951],[-117.257672141856,47.1477748427936],[-117.260984141705,47.1512668428494],[-117.261434141772,47.152040843469],[-117.262190141562,47.1533008431183],[-117.262289141631,47.1536608426326],[-117.262559142391,47.153876842701],[-117.263576141626,47.1557398431781],[-117.264224141831,47.1569638429659],[-117.264296141554,47.1572248433108],[-117.264503142106,47.1574408433791],[-117.265871142239,47.1598798434389],[-117.265961141893,47.1599788435077],[-117.266123142169,47.1601678432303],[-117.267311142095,47.1612118428112],[-117.268508142437,47.1619678435001],[-117.268661142298,47.1620308428081],[-117.270056141877,47.1625528434978],[-117.270866142359,47.1628048434277],[-117.273035141658,47.1633358427339],[-117.275618142064,47.163659843286],[-117.276455141991,47.1636328429403],[-117.277688142194,47.1634708426642],[-117.280937141836,47.1636148430095],[-117.281207141696,47.163659843286],[-117.282350142245,47.1638218426628],[-117.282854142105,47.1640018428696],[-117.285473142372,47.1656758427249],[-117.288479141599,47.1672868432721],[-117.290360142007,47.1690958430576],[-117.290513141868,47.1693298430567],[-117.290801141659,47.1697618431934],[-117.291359142211,47.1726148434592],[-117.29172814214,47.1737218432474],[-117.292808141582,47.1782128435069],[-117.293033142066,47.1791398430882],[-117.293906141855,47.1819028428009],[-117.294410141715,47.1824698428679],[-117.295382141573,47.1832258426575],[-117.295958142055,47.1834958434174],[-117.298001141839,47.183909842724],[-117.298856141698,47.1838828432775],[-117.299297142249,47.1838738428625],[-117.300035142108,47.1837928427244],[-117.30138514231,47.1836398428634],[-117.301439142103,47.1836578427942],[-117.305336141949,47.184413843483],[-117.306560141737,47.1847648434817],[-117.307262141734,47.18496284272],[-117.307694141871,47.1850798427196],[-117.310025142346,47.1857818427168],[-117.310376142345,47.1858808427856],[-117.310682142067,47.1859708433387],[-117.31371514164,47.1868618430586],[-117.314795141982,47.1869968429889],[-117.317108141627,47.1869248432659],[-117.323039141743,47.1863398432681],[-117.324182142292,47.186177842992],[-117.325820142286,47.1862138428535],[-117.328097142069,47.1864568432677],[-117.329132142135,47.1866818428517],[-117.329951142131,47.1869788430582],[-117.332903141567,47.1887968432587],[-117.33326314198,47.1889048428432],[-117.33440614163,47.1893458433949],[-117.334712142252,47.1894088427029],[-117.334838141767,47.1894358430487],[-117.335711141556,47.190065843323],[-117.337016142381,47.1913618428338],[-117.34148914181,47.1953398428185],[-117.343703142286,47.1969778428122],[-117.35023714233,47.2008028429359],[-117.353927141624,47.2031968427191],[-117.354080142385,47.2032688433415],[-117.354269142107,47.2033678434102],[-117.355682141618,47.2042768430608],[-117.356357142168,47.2049518427124],[-117.357392142234,47.208065843323],[-117.35782414237,47.2090468426967],[-117.35910214195,47.2098748431085],[-117.36011014167,47.210324843176],[-117.361253142219,47.2107838427591],[-117.361919142355,47.2100998426926],[-117.362765141798,47.2089478426279],[-117.364124142415,47.2067068427056],[-117.365951142131,47.2031248429961],[-117.367238142126,47.2005868428675],[-117.371792141694,47.1917668426246],[-117.374501141614,47.1864838427141],[-117.375887141678,47.1838828432775],[-117.376022141609,47.1836308433477],[-117.376940141674,47.1817678428706],[-117.378866142359,47.1778348431624],[-117.379901142424,47.1741898432456],[-117.380081141731,47.1732538432492],[-117.380171142284,47.172776842836],[-117.380198141731,47.1709948433962],[-117.379739142148,47.1681688434763],[-117.379667142425,47.1679078431314],[-117.379001142289,47.1656848431399],[-117.378434142222,47.1621208433611],[-117.378407141876,47.1592678430954],[-117.378497142429,47.1577198427554],[-117.379190142011,47.146865843143],[-117.379460141872,47.1424378430909],[-117.379433142426,47.1382078431763],[-117.379433142426,47.1374518433867],[-117.37915414215,47.1248878431583],[-117.378929141667,47.1149698426429],[-117.378929141667,47.1146368434743],[-117.378929141667,47.1141868434069],[-117.378920142151,47.1139888432693],[-117.378911141736,47.1138088430625],[-117.378911141736,47.1136198433399],[-117.37876714229,47.1092008428034],[-117.378740141944,47.1051508430957],[-117.378740141944,47.1041968431686],[-117.378803142151,47.10293684262],[-117.378866142359,47.1007228430435],[-117.379010141805,47.0949898430655],[-117.379982141662,47.0908678427355],[-117.380864141867,47.0870788433726],[-117.381125142212,47.0858008428933],[-117.38147614221,47.0848198426204],[-117.381899141932,47.0828758429045],[-117.382088141654,47.0816788434625],[-117.382106141585,47.0815438426329],[-117.382358142414,47.0804368428447],[-117.382556141653,47.0795188427791],[-117.382637141791,47.0790958430574],[-117.382763142205,47.078240843199],[-117.382979142274,47.0766658434126],[-117.382979142274,47.0740288432152],[-117.382691141583,47.0716078430862],[-117.382421141722,47.0697268426783],[-117.382016141931,47.0663248431756],[-117.381764142002,47.0641108426999],[-117.381197141935,47.0592418429953],[-117.38108914235,47.0582788426531],[-117.381071142419,47.0580268427233],[-117.380459142076,47.0532298427417],[-117.380261141938,47.0526088428824],[-117.380198141731,47.0514928426792],[-117.380072142216,47.0499628431693],[-117.379469142287,47.0481088431073],[-117.378371142015,47.0462188431837],[-117.378065142292,47.0458768427007],[-117.377930142362,47.0457058429089],[-117.376022141609,47.0436178428478],[-117.36901114205,47.0373178428028],[-117.368039142193,47.0364538434287],[-117.363665141933,47.0319988430307],[-117.362720142421,47.0308828428275],[-117.362639142283,47.0307388433815],[-117.361766141594,47.0296048432475],[-117.361055142081,47.0282548430452],[-117.360461141668,47.026958842635],[-117.360155141946,47.0262658430527],[-117.359786142017,47.0255818429862],[-117.358274142438,47.022062843484],[-117.357770141679,47.0210818432111],[-117.35767114161,47.0206408426593],[-117.357131141889,47.0196958431472],[-117.356807142236,47.0189398433576],[-117.355763141756,47.016392842814],[-117.354656141967,47.0134768432403],[-117.354359141761,47.012279842899],[-117.354278141623,47.0119648427618],[-117.354269142107,47.0118208433158],[-117.353981142316,47.0092378429106],[-117.35383714197,47.0058988427159]],[[-117.075917141863,47.2184428434215],[-117.075917141863,47.2190908427273],[-117.075917141863,47.2194598426566],[-117.075890142416,47.2203688432066],[-117.075278142073,47.2203868431374],[-117.074486142421,47.2204048430681],[-117.0741801418,47.2204138434831],[-117.074108142077,47.2212868432723],[-117.073100142358,47.2212688433415],[-117.073100142358,47.2221778429921],[-117.073073142012,47.2231948431266],[-117.073100142358,47.224211843261],[-117.073073142012,47.2252018430497],[-117.073001142289,47.2257148433244],[-117.072974141943,47.2264078429067],[-117.072938142082,47.2269118427664],[-117.073271142149,47.2269028432507],[-117.074108142077,47.2268938428357],[-117.075287141588,47.2268668433892],[-117.076466141999,47.2268398430434],[-117.077573141787,47.2268668433892],[-117.078140141854,47.2269838433888],[-117.078410141715,47.2270828434575],[-117.078617142267,47.2271458427655],[-117.079040141989,47.2272988426266],[-117.079850141571,47.2278928430394],[-117.081425142256,47.228882842828],[-117.082127142254,47.2291708426194],[-117.083675141694,47.2296298431018],[-117.084917142312,47.2298098433087],[-117.086015141685,47.229863843101],[-117.092126142008,47.2292068433802],[-117.093071142419,47.2292338428266],[-117.093575142279,47.229368842757],[-117.094133141931,47.2297918433779],[-117.09525814165,47.231636843025],[-117.095888141924,47.2320148433694],[-117.096104141993,47.2320688431617],[-117.096824141921,47.2322308434378],[-117.096914141574,47.2322398429535],[-117.097796141778,47.2323028431607],[-117.100514142114,47.2321678432304],[-117.104654142375,47.2318348431625],[-117.11081914159,47.232428842676],[-117.112304141723,47.2328158434355],[-117.115427141849,47.2341838426693],[-117.118208142392,47.2353988429413],[-117.11865814156,47.2357408434243],[-117.119018141974,47.2364428434216],[-117.119720141971,47.2390798427197],[-117.1200891419,47.2396288428559],[-117.121196141689,47.2403848426455],[-117.12161914231,47.2405558433366],[-117.121907142101,47.2406458429904],[-117.123320141611,47.2408618430587],[-117.126011141601,47.2407808429207],[-117.127370142218,47.2407898433357],[-117.128270142353,47.2409518427125],[-117.129152141658,47.2413208426419],[-117.130466141999,47.242211843261],[-117.130655141721,47.2424818431217],[-117.131222141788,47.2432378429112],[-117.131690141787,47.2441018431847],[-117.131852142063,47.2442728429765],[-117.132185142131,47.2452178433879],[-117.132239141923,47.2452988426266],[-117.132401142199,47.2458028433856],[-117.132599142337,47.2465678426909],[-117.13267114206,47.2466758431747],[-117.132797141575,47.2472608431725],[-117.132761141713,47.2488628433047],[-117.132221141992,47.2498978433699],[-117.131465142203,47.25092384302],[-117.130097142069,47.2527688426671],[-117.129674142348,47.2538038427323],[-117.12972814214,47.2552078427269],[-117.129899141932,47.2560358431388],[-117.130808141582,47.2581328427157],[-117.130934141997,47.2590958430579],[-117.130952141928,47.259410843195],[-117.131033142066,47.2625248429063],[-117.13152814241,47.2693648426726],[-117.131600142133,47.2721098433538],[-117.131726141648,47.2728658431433],[-117.132176141716,47.2740448426545],[-117.13230214213,47.2740718430003],[-117.132599142337,47.2743868431375],[-117.133004142127,47.2745128426528],[-117.137099142112,47.2740448426545],[-117.138278141623,47.2740448426545],[-117.140861142028,47.2742788426537],[-117.145766141594,47.2754308427184],[-117.147755141586,47.2759978427854],[-117.152669141568,47.2777708427094],[-117.153416141841,47.2780228426393],[-117.153416141841,47.2784278433295],[-117.153416141841,47.2786528429136],[-117.153434141772,47.2790398427737],[-117.153452141703,47.2793998431874],[-117.154667141975,47.2794268426339],[-117.155936142039,47.2794268426339],[-117.157358141965,47.2794718429104],[-117.157916141617,47.2795888429099],[-117.158564141822,47.2801108427004],[-117.158924142235,47.2804078429068],[-117.159563142025,47.2811188433192],[-117.160769141882,47.2829548434504],[-117.161138141812,47.2833148429648],[-117.161507141741,47.2838368427553],[-117.162020142016,47.2844848429604],[-117.162155141946,47.2850248426815],[-117.162173141877,47.2855738428178],[-117.162281142361,47.2878868433624],[-117.16238014243,47.2880758430849],[-117.162551142221,47.2886338427369],[-117.163667142425,47.2907758434896],[-117.164126142008,47.2920718430004],[-117.1642971418,47.2929628427203],[-117.164270142353,47.2954828429181],[-117.164261141938,47.296301842915],[-117.164090142146,47.3055628428102],[-117.164054142285,47.3103958426533],[-117.164153142354,47.3105128426528],[-117.164189142215,47.3110168434119],[-117.164459142076,47.3111248429964],[-117.165197141935,47.3120698434078],[-117.165899141932,47.3127268431286],[-117.166322141654,47.31301484292],[-117.170705142328,47.3160298434618],[-117.173126141558,47.3176948438013],[-117.173189141765,47.3178298437316],[-117.173603141971,47.3179378442155],[-117.178976142435,47.3213308442024],[-117.186572141991,47.3261008438382],[-117.187409141918,47.326838843697],[-117.189092142189,47.3291338443108],[-117.189560142187,47.3296198442398],[-117.189956141563,47.3298628437546],[-117.190640141629,47.3302678444448],[-117.191072141766,47.3304928440289],[-117.191558141695,47.330735844443],[-117.192215142315,47.3311858436111],[-117.19259314176,47.3316808439551],[-117.192719142175,47.3319958440923],[-117.192620142106,47.3341738438072],[-117.192350142245,47.3352718440797],[-117.192188141969,47.3353798436642],[-117.191945141555,47.3359108438697],[-117.190712142252,47.3369818437964],[-117.188795141982,47.3382868437222],[-117.187436142264,47.3391958442722],[-117.187040141989,47.3396278444088],[-117.186716142336,47.3401678441301],[-117.184862142274,47.3432728443257],[-117.183881142001,47.3457658441778],[-117.183800141863,47.3460448444534],[-117.183485141726,47.3471608437573],[-117.183413142003,47.3472508443104],[-117.182027141939,47.3514718438099],[-117.178364142091,47.3582398438531],[-117.178364142091,47.3595358442632],[-117.178796142228,47.3603908441216],[-117.180083142223,47.3618578443235],[-117.181262141734,47.3634058437641],[-117.18142414201,47.3640448444535],[-117.181361141803,47.3646388439669],[-117.180992141874,47.3654218441023],[-117.177392142234,47.3691928444337],[-117.177122142373,47.3697778444315],[-117.175736142309,47.3748988440659],[-117.17550214231,47.3757988442008],[-117.175304142172,47.3765998442668],[-117.174665142382,47.3787148437745],[-117.174575141829,47.3794888443941],[-117.174521142037,47.3799118441158],[-117.174467142245,47.3836378441706],[-117.174395141622,47.3846008436136],[-117.174395141622,47.385050843681],[-117.174395141622,47.385617843748],[-117.174350142245,47.3867158440205],[-117.174395141622,47.3876248436711],[-117.174359141761,47.3898388441468],[-117.174350142245,47.390792844074],[-117.174332142314,47.3925028437907],[-117.174287142038,47.3991988441109],[-117.174764141552,47.4014668443789],[-117.174863141621,47.4026998436824],[-117.174656141967,47.4034828438178],[-117.174512141622,47.4039868436774],[-117.174278141623,47.4048328440201],[-117.174215142315,47.4054358439486],[-117.174278141623,47.4070378440808],[-117.174386142107,47.4206818437517],[-117.174251142176,47.4215998438174],[-117.173936142039,47.4226528438133],[-117.173513142318,47.4234538438794],[-117.17319814218,47.4240208439464],[-117.172325142391,47.4249298444963],[-117.170912141982,47.4260098439387],[-117.169931141709,47.426486844352],[-117.169508141987,47.4266398442131],[-117.168086142062,47.4271528444878],[-117.163370142218,47.4283408444141],[-117.159761142163,47.4289078444811],[-117.155522141833,47.4289978441348],[-117.153290142326,47.4293398437184],[-117.151607142056,47.4298888438547],[-117.150626141783,47.4304648443367],[-117.147530142002,47.4337768441856],[-117.146540142214,47.4345328439752],[-117.143867142155,47.4365848441749],[-117.142958141605,47.4373408439644],[-117.142535141883,47.438015843616],[-117.142418141884,47.4385468438214],[-117.142274142438,47.4391768440957],[-117.142175142369,47.4403828439527],[-117.142274142438,47.4410398436735],[-117.14232814223,47.4457738443471],[-117.142337141746,47.4459808440004],[-117.142229142161,47.4472048437882],[-117.142139141608,47.447717844063],[-117.141878142163,47.4493108437801],[-117.141761142163,47.4498328444699],[-117.141761142163,47.4504268439833],[-117.141761142163,47.4514348437027],[-117.141923142439,47.4521908443917],[-117.142094142231,47.4525238444595],[-117.142364142091,47.4530818441115],[-117.14258014216,47.4534238436951],[-117.142904141813,47.4539458443849],[-117.143912142431,47.4553948437567],[-117.144686142152,47.4567358444434],[-117.145595141802,47.4583378436762],[-117.146027141939,47.4603088437379],[-117.1462971418,47.4637378444857],[-117.146576142075,47.4650608443422],[-117.14683714242,47.465789843786],[-117.147638141587,47.4673558440567],[-117.149465142203,47.4700918443229],[-117.150077141647,47.4711358439038],[-117.150077141647,47.4719368439699],[-117.149627141579,47.4741328436156],[-117.149150142065,47.4751948440266],[-117.148007142416,47.4773818441565],[-117.147674142348,47.4784618444983],[-117.147503141657,47.4799018443544],[-117.147323142349,47.4832858439264],[-117.147098141866,47.4880108441849],[-117.147017141728,47.4897208439016],[-117.14708914235,47.4905578438292],[-117.147467141795,47.4910528441732],[-117.148061142208,47.4915298436871],[-117.150392141784,47.4928168436822],[-117.151229141711,47.4932938440955],[-117.152696141913,47.4944818440217],[-117.153092142189,47.4948868438127],[-117.153389142395,47.4953728437416],[-117.15351514191,47.4960118444309],[-117.153587141633,47.4961918437384],[-117.153695142117,47.4962188440842],[-117.153929142116,47.4988828437281],[-117.154028142185,47.4998998438625],[-117.153893142255,47.5024828442677],[-117.153965141978,47.5034008443333],[-117.154262142184,47.5044898441908],[-117.154388141699,47.5045618439138],[-117.154460142322,47.504957844189],[-117.155171141835,47.5056328438405],[-117.155306141765,47.5058398443932],[-117.156278141623,47.5064608442524],[-117.156602142175,47.5065868437676],[-117.156989142035,47.5067668439745],[-117.157898141686,47.5069648441121],[-117.15878014189,47.5070278443194],[-117.161201142019,47.5069468441814],[-117.162020142016,47.5069198438356],[-117.163271142149,47.5069198438356],[-117.165053141589,47.5070818441117],[-117.166205141654,47.5072528439035],[-117.168698142405,47.5076308442479],[-117.169337142195,47.5076578436943],[-117.169499141572,47.5077388438325],[-117.172739141698,47.5081258436926],[-117.174296141554,47.5088728439664],[-117.175340142034,47.5096198442403],[-117.176285142445,47.5104928440294],[-117.176492142099,47.5107358444435],[-117.177095142027,47.51140184368],[-117.177266141819,47.5115098441638],[-117.17821114223,47.5121128440923],[-117.181217142357,47.5133818441567],[-117.185627141579,47.5152358442187],[-117.189038142396,47.517143844073],[-117.19118014225,47.5183588443451],[-117.196094142231,47.5212298436423],[-117.196823141675,47.52181484364],[-117.19760614181,47.5227598440514],[-117.198155141946,47.5233268441184],[-117.198155141946,47.5234528436337],[-117.198992141874,47.5245688438369],[-117.199703142286,47.5258018440398],[-117.200612141937,47.5269358441737],[-117.202070141724,47.5282408440996],[-117.203069141927,47.5291408442345],[-117.203483142133,47.5294288440258],[-117.203582142202,47.5296358436792],[-117.203681142271,47.529662844025],[-117.203717142132,47.529815843886],[-117.20391514227,47.5299598442313],[-117.205031141574,47.5317598445011],[-117.205175141919,47.5322728438765],[-117.206012141847,47.5336858442862],[-117.207164141912,47.5345858444211],[-117.208037141701,47.5350808438658],[-117.210638142037,47.5364038437224],[-117.210971142104,47.5366558436522],[-117.211313141688,47.5369078444814],[-117.213239142373,47.5390408439197],[-117.214661142298,47.5406068441904],[-117.214994142366,47.5417948441168],[-117.214895142297,47.5430818441118],[-117.214661142298,47.5438468443164],[-117.214490141607,47.5451068439656],[-117.213905141609,47.5476178437485],[-117.213716141886,47.5484908444369],[-117.213815141955,47.551055844012],[-117.213851141817,47.5516768438712],[-117.214094142231,47.5544308440682],[-117.214094142231,47.5561588437157],[-117.2141931423,47.5565368440601],[-117.214229142161,47.5586878443286],[-117.214292142368,47.5603798441145],[-117.214778142297,47.5624588437606],[-117.216524141876,47.5647988437517],[-117.217055142081,47.5652938440957],[-117.21922414228,47.5673998440876],[-117.219440142349,47.5677958443628],[-117.220331142069,47.5694968436644],[-117.220655141721,47.5714858436568],[-117.223229141711,47.5733038438574],[-117.225029141981,47.5767958439131],[-117.224858142189,47.5798018440399],[-117.224750141706,47.5814668443794],[-117.224723142259,47.5827358444437],[-117.225038142396,47.5872718440804],[-117.225137141566,47.5880008444235],[-117.224921142397,47.5884778439374],[-117.223535142333,47.5916008440638],[-117.222500142268,47.5944448439145],[-117.221537141926,47.5970908436277],[-117.221735142063,47.5980898438314],[-117.222932142404,47.6063158436614],[-117.223733141571,47.6117968437096],[-117.223751142401,47.6132188436349],[-117.22383214164,47.6201038436776],[-117.223733141571,47.6276458443404],[-117.223724142055,47.6287708440594],[-117.224057142123,47.6295628437105],[-117.224507142191,47.6307058442595],[-117.224534141637,47.6309038443971],[-117.225335141703,47.6321008438391],[-117.228962141689,47.6346478443827],[-117.229133142381,47.6348008442438],[-117.234740141944,47.6384908444372],[-117.237170141589,47.6403808443607],[-117.237638141587,47.6406958444979],[-117.238538141722,47.6413888440801],[-117.239240141719,47.6421898441463],[-117.239240141719,47.6430898442812],[-117.240140141854,47.6437918442785],[-117.240140141854,47.6441878436544],[-117.240140141854,47.6460778444772],[-117.240140141854,47.6478148436404],[-117.240140141854,47.649002844466],[-117.240140141854,47.6497408443248],[-117.240212141577,47.6510728436971],[-117.240239141923,47.6516938444556],[-117.240239141923,47.6534938438261],[-117.240239141923,47.654393843961],[-117.240239141923,47.6552308438886],[-117.240239141923,47.6558608441629],[-117.240239141923,47.6568418444359],[-117.240239141923,47.6570938443657],[-117.240203142061,47.6583988442915],[-117.240194141646,47.6590198441508],[-117.240140141854,47.660693844006],[-117.240113142408,47.6615578442794],[-117.240140141854,47.6624938442758],[-117.240113142408,47.6643838441994],[-117.240059141716,47.6662288438464],[-117.240032142269,47.6670928441198],[-117.240005141924,47.6680918443235],[-117.239960141647,47.6697028439714],[-117.239924141786,47.6706838442444],[-117.239933142201,47.6717008443788],[-117.239933142201,47.6717818436176],[-117.239969142062,47.6719888441702],[-117.239933142201,47.6721868443078],[-117.239996142408,47.6739868436782],[-117.240032142269,47.6753908436729],[-117.239978141578,47.67570584381],[-117.239933142201,47.6758948444319],[-117.239960141647,47.6762908438078],[-117.240032142269,47.6775868442179],[-117.239870141993,47.6814028439265],[-117.239933142201,47.6816908437179],[-117.23991514227,47.6831038441275],[-117.239906141855,47.683787844194],[-117.239879142408,47.6863888436306],[-117.239843141648,47.6892148444499],[-117.239843141648,47.6894938438263],[-117.239834142132,47.6898898441015],[-117.245090141697,47.6888098437597],[-117.247133142381,47.688386844038],[-117.252308141807,47.6873158441113],[-117.257519141995,47.6862538437003],[-117.261596142048,47.685407844257],[-117.262604141768,47.6852008437043],[-117.267716141886,47.6841478437084],[-117.272333141661,47.6831938437813],[-117.276275141784,47.682428844476],[-117.277634142402,47.6821768436468],[-117.278804142397,47.681933844132],[-117.280325142391,47.6816458443407],[-117.281639141833,47.6813938444108],[-117.283034142312,47.6809888437205],[-117.283106142035,47.6809888437205],[-117.284240142169,47.6808898436517],[-117.286553141814,47.6803588443456],[-117.288038141947,47.6799898444161],[-117.289460141872,47.6796838437947],[-117.290585141591,47.6795128440029],[-117.291134141727,47.6793868444877],[-117.293492141649,47.6789188444895],[-117.29623714233,47.6783608439382],[-117.298838141767,47.6778388441477],[-117.301340142034,47.677325843873],[-117.303932141955,47.6768128444975],[-117.305336141949,47.6765248438068],[-117.306038141947,47.6763808443608],[-117.307640142079,47.6760658442237],[-117.309395142072,47.67570584381],[-117.311078142342,47.6753728437421],[-117.311933142201,47.6751928444346],[-117.317333142111,47.67506684402],[-117.320033141616,47.674994844297],[-117.322634141952,47.6751928444346],[-117.325316142426,47.6753908436729],[-117.329132142135,47.6753908436729],[-117.331139142058,47.6748868438131],[-117.333686141702,47.6742658439539],[-117.336035142108,47.6736718444404],[-117.33953614168,47.6727898442362],[-117.341588141879,47.6724748440991],[-117.344639142283,47.6716918439638],[-117.346835141928,47.6707918438289],[-117.350057142123,47.6707378440366],[-117.351533141841,47.6707198441059],[-117.353135141973,47.6706928437601],[-117.354737142105,47.6701618444539],[-117.356384141615,47.6696128443177],[-117.357725142301,47.6691628442502],[-117.35948914181,47.6685598443217],[-117.36039814236,47.667974844324],[-117.361433142426,47.6672908442574],[-117.361910141939,47.667002844466],[-117.362873142282,47.6663908441225],[-117.363494142141,47.6660578440546],[-117.364934141997,47.66529284385],[-117.366392141784,47.6646268437142],[-117.36823714233,47.6637898437866],[-117.37145014211,47.6630878437893],[-117.376940141674,47.6618908443473],[-117.378254142015,47.6618098442093],[-117.37965814201,47.6617918442785],[-117.381134141727,47.6617918442785],[-117.381836141725,47.6617918442785],[-117.385634142402,47.6617918442785],[-117.387236141635,47.6617918442785],[-117.388739141698,47.6617918442785],[-117.389900142178,47.6617918442785],[-117.391187142173,47.6617918442785],[-117.392015141685,47.6617918442785],[-117.392834141682,47.6617918442785],[-117.393770141679,47.6617828438634],[-117.394436141814,47.6617918442785],[-117.395138141812,47.6617918442785],[-117.396452142153,47.6617918442785],[-117.397802142355,47.6618008437942],[-117.399839379284,47.6618751170033],[-117.401396677714,47.6618686787568],[-117.402257141854,47.6616928442097],[-117.402872186402,47.6615102503581],[-117.403653994936,47.660757985453],[-117.405353141634,47.6601898441463],[-117.409169142242,47.6601898441463],[-117.411158142234,47.6600908440775],[-117.411086141612,47.6607028444211],[-117.411050141751,47.6612878444188],[-117.411059142166,47.6615758442101],[-117.411050141751,47.6620618441391],[-117.411050141751,47.6621878436544],[-117.411050141751,47.6626918444134],[-117.411050141751,47.6629888437204],[-117.411050141751,47.6632948443419],[-117.411050141751,47.6637898437866],[-117.411050141751,47.664725843783],[-117.411050141751,47.6661928439849],[-117.411050141751,47.6671918441886],[-117.411050141751,47.6680828439084],[-117.411050141751,47.6683888436306],[-117.411050141751,47.6694868439031],[-117.411050141751,47.6705938436913],[-117.411050141751,47.6717008443788],[-117.411050141751,47.6727898442363],[-117.411059142166,47.6738878445088],[-117.411086141612,47.674994844297],[-117.411104142442,47.6757868439481],[-117.411104142442,47.6759938445007],[-117.411113141958,47.676686844083],[-117.411122142373,47.6771998443577],[-117.411131141889,47.6775868442179],[-117.411140142304,47.6781898441464],[-117.411140142304,47.6784868443528],[-117.411158142234,47.6791888443501],[-117.41116714175,47.6793868444876],[-117.411176142165,47.6803948442071],[-117.411185141681,47.6807908444823],[-117.411194142096,47.6813938444108],[-117.411212142027,47.6825908438528],[-117.411230141957,47.6835898440565],[-117.411239142373,47.6842918440537],[-117.411257142303,47.6845888442601],[-117.411239142373,47.6847508436369],[-117.411158142234,47.6861908443923],[-117.411158142234,47.6869918444585],[-117.411158142234,47.687594844387],[-117.411158142234,47.688386844038],[-117.411158142234,47.6890888440353],[-117.411158142234,47.6892868441729],[-117.411158142234,47.6897908440326],[-117.411158142234,47.6899888441702],[-117.411158142234,47.6907898442363],[-117.411158142234,47.6914918442336],[-117.411158142234,47.6922928442997],[-117.411140142304,47.6930038438127],[-117.411158142234,47.6933908436729],[-117.411158142234,47.6937868439481],[-117.411158142234,47.6945878440142],[-117.411158142234,47.6952898440115],[-117.411140142304,47.6955148444949],[-117.411158142234,47.6960908440776],[-117.411158142234,47.6964868443528],[-117.411158142234,47.6967928440749],[-117.411158142234,47.6973868444877],[-117.41116714175,47.6975938441411],[-117.41116714175,47.6983948442071],[-117.411176142165,47.6991868438582],[-117.411176142165,47.6998888438555],[-117.411176142165,47.7006898439216],[-117.411194142096,47.7024898441914],[-117.411203141612,47.7042898444612],[-117.411203141612,47.705090843628],[-117.411212142027,47.7059908437629],[-117.411212142027,47.7068908438978],[-117.411221142442,47.7077908440327],[-117.411221142442,47.7087898442364],[-117.411230141957,47.7093928441649],[-117.411230141957,47.7104728445066],[-117.411239142373,47.7114808442261],[-117.411257142303,47.7131908439428],[-117.411257142303,47.714873844213],[-117.411257142303,47.7167908444824],[-117.411257142303,47.718491843784],[-117.411266141819,47.720111843847],[-117.411257142303,47.7203908441227],[-117.411266141819,47.7223978440457],[-117.411266141819,47.7247648443826],[-117.411311142095,47.7258718441708],[-117.411338142441,47.7259978436861],[-117.411266141819,47.7293098444343],[-117.411239142373,47.7293638442266],[-117.411293142165,47.7327658437292],[-117.411455142441,47.7365908438529],[-117.411410142164,47.7398308439788],[-117.410555142306,47.7405688438377],[-117.409232142449,47.741837843902],[-117.408440141899,47.742638843968],[-117.407225141627,47.7438178443786],[-117.407153141904,47.7438898441016],[-117.406424141561,47.7447358444442],[-117.405452141703,47.7456898443714],[-117.404858142189,47.7462928442999],[-117.40460614226,47.746526844299],[-117.403625141987,47.7475168440877],[-117.402257141854,47.7488938437365],[-117.401933142201,47.7492268438044],[-117.40025014193,47.7510988437972],[-117.398423142214,47.7529978441358],[-117.398054142285,47.7534928444798],[-117.396740141944,47.7548518441979],[-117.393338142441,47.7583708437001],[-117.392627142029,47.7591898436969],[-117.390656141967,47.7610888440355],[-117.384122141923,47.7680008444241],[-117.383132142135,47.7689998437285],[-117.381818141794,47.7701878436547],[-117.380810142074,47.7709798442051],[-117.379298141596,47.771951844063],[-117.378071147066,47.7728830965383],[-117.376136491306,47.7739969815362],[-117.372782142382,47.7755788440491],[-117.370505141699,47.7764878436997],[-117.364844142343,47.7784948436228],[-117.359832070394,47.7802083399037],[-117.356827422847,47.7813367345634],[-117.355334830638,47.7822939504661],[-117.35430108153,47.7839791414849],[-117.35318014225,47.7870178436593],[-117.352253141769,47.7892948443423],[-117.351920141701,47.7904198440613],[-117.351776142255,47.7909148444053],[-117.351587141633,47.7915268438495],[-117.351290142326,47.7925618439147],[-117.350858142189,47.7941908443927],[-117.349589142125,47.7982138437546],[-117.348455141991,47.8018948444323],[-117.34741114241,47.8051618440047],[-117.346907141651,47.8071148441355],[-117.346673141652,47.8090048440591],[-117.346655141721,47.8090948437129],[-117.346709142413,47.8109218443284],[-117.346718141929,47.811263843912],[-117.347105141789,47.812388843631],[-117.347096142273,47.8127038437682],[-117.347069141927,47.8172308438892],[-117.347033142066,47.8203808443613],[-117.347060142412,47.8212628436661],[-117.347105141789,47.8234228443496],[-117.347105141789,47.8236478439337],[-117.347132142135,47.8238998438635],[-117.347213142273,47.8245388436535],[-117.347213142273,47.8247908444827],[-117.347420141926,47.8253668440654],[-117.347690141787,47.8257718438564],[-117.348275141784,47.8265998442683],[-117.349157141988,47.8274728440574],[-117.350030141778,47.8282738441234],[-117.352784141975,47.8310638441819],[-117.353477141557,47.8319638443168],[-117.353999142247,47.8329358441747],[-117.354269142107,47.8339348443784],[-117.354557141899,47.8371838440201],[-117.354692141829,47.838245844431],[-117.354962141689,47.8419988439324],[-117.355025141897,47.8435108444108],[-117.355169142242,47.8438258436487],[-117.355232142449,47.8456258439185],[-117.355538142171,47.8496938444563],[-117.355817142447,47.8533838437503],[-117.355817142447,47.8538608441635],[-117.356159142031,47.8569028441519],[-117.356231141754,47.858423844146],[-117.356429141891,47.8607008439298],[-117.356672142306,47.8634908439882],[-117.357662142094,47.8748938437369],[-117.35767114161,47.8752628436663],[-117.357905141609,47.8777108441412],[-117.358157142438,47.8792138442045],[-117.358319141815,47.8816618437801],[-117.358220141746,47.8823278439159],[-117.357752141748,47.8838848437716],[-117.356870142443,47.8851358439051],[-117.355340142034,47.8870618436902],[-117.354764141552,47.8880878442396],[-117.354638142037,47.8884658436847],[-117.354287142038,47.88950084375],[-117.353747142317,47.8917058438107],[-117.352631142113,47.896448844],[-117.351857142393,47.900408844054],[-117.351758142324,47.9009488437752],[-117.351335141703,47.9040628443859],[-117.351038142396,47.9062048442393],[-117.350777142051,47.9081398444394],[-117.350525142122,47.9098408437411],[-117.350363141845,47.9138728444174],[-117.350327141984,47.918480843777],[-117.350372142261,47.9219998441786],[-117.350507142191,47.9248618439601],[-117.350921142397,47.9261398444395],[-117.351020141566,47.9262118441624],[-117.351146141981,47.9267968441602],[-117.351218141704,47.926967843952],[-117.351569141702,47.9300458438018],[-117.351686141702,47.9324488440001],[-117.351578142118,47.9341858440627],[-117.351191142257,47.9364898441922],[-117.351029141981,47.9370388443284],[-117.350516141707,47.9398558438334],[-117.350381141776,47.94028784397],[-117.350282141707,47.9422768439624],[-117.350417141638,47.9430688436135],[-117.352091142392,47.9468398439449],[-117.352451141907,47.947721844149],[-117.352694142321,47.9488828437295],[-117.352757141629,47.9501878436553],[-117.352595142252,47.9515918436499],[-117.352064142046,47.9531758438514],[-117.349958142055,47.9588368441063],[-117.349922142193,47.9597818436185],[-117.349922142193,47.9629678439521],[-117.349913141778,47.9642368440164],[-117.349877141917,47.9670538444207],[-117.349823142124,47.970815844337],[-117.349823142124,47.9743618441851],[-117.349823142124,47.9751718437669],[-117.34983214164,47.9816698439495],[-117.349877141917,47.982200844155],[-117.349895141847,47.9846488437306],[-117.349913141778,47.9877268444797],[-117.349904142262,47.9880958444091],[-117.349850141571,47.9970778440287],[-117.349877141917,47.9983108442315],[-117.349886142332,47.9986258443686],[-117.349625141987,47.9999038439487],[-117.349481141641,48.0068248438529],[-117.349508141987,48.0101368437018],[-117.349553142264,48.010460844254],[-117.349553142264,48.0176878438804],[-117.349652142332,48.0248968444753],[-117.349661141848,48.0258688443332],[-117.34969714171,48.0283618441853],[-117.349769142332,48.0322138437554],[-117.349733141571,48.0366058439461],[-117.349400142403,48.0377038442186],[-117.348950142335,48.0385228442155],[-117.348104141993,48.0398818439335],[-117.347672141856,48.0405388436543],[-117.343712141802,48.0465958441845],[-117.343613141733,48.0478828441795],[-117.343784142424,48.0499798437564],[-117.343883141594,48.0502588440321],[-117.343883141594,48.0515278440963],[-117.344090142146,48.0534088445042],[-117.344117141593,48.0539308442947],[-117.344612141937,48.0606268437155],[-117.344612141937,48.0612928438513],[-117.344117141593,48.06230084447],[-117.343424142011,48.0633988438432],[-117.34276714229,48.0641548436327],[-117.341633142156,48.0648658440451],[-117.339617141818,48.0661168441787],[-117.337853142309,48.0672238439669],[-117.334739141698,48.0691408442363],[-117.334334141907,48.0695368445115],[-117.334046142116,48.0699238443716],[-117.333731141979,48.0705268443001],[-117.331211141781,48.0752248442129],[-117.331031141574,48.0755758442115],[-117.330428141645,48.0761608442093],[-117.329222141788,48.0767728436535],[-117.32798014207,48.0773308442048],[-117.32683714242,48.0779068437875],[-117.32565814201,48.0787888439917],[-117.324533142291,48.0798238440569],[-117.323957141809,48.0805888442615],[-117.323885142086,48.0809308438451],[-117.323840141809,48.0812098441207],[-117.323795142432,48.0820378436333],[-117.323939141878,48.0829198438375],[-117.324335142153,48.083675843627],[-117.32490214222,48.084737844038],[-117.325280141665,48.0855208441734],[-117.325559141941,48.0860338444481],[-117.325901142424,48.0878248443029],[-117.326378141938,48.0889588444369],[-117.326387142353,48.08941784402],[-117.326369142422,48.0902008441554],[-117.326198141731,48.0910018442215],[-117.325802142355,48.0916948438038],[-117.325514141664,48.0920548442174],[-117.32515414215,48.0924688444234],[-117.324533142291,48.0929278440066],[-117.323714142294,48.0933418442125],[-117.322706141675,48.0936388444189],[-117.321806142439,48.0938638440029],[-117.319520142241,48.0940888444863],[-117.318323141899,48.0943678438627],[-117.315659142256,48.0953578436513],[-117.314957142258,48.0955558437889],[-117.313994141916,48.0958258436495],[-117.310682142067,48.096212844409],[-117.309287141588,48.0965278436468],[-117.307100142358,48.0973108437822],[-117.306011141601,48.0974998444041],[-117.299936142039,48.0985708443308],[-117.297929142116,48.0986608439846],[-117.296939142328,48.0985708443308],[-117.291557142348,48.0972028441977],[-117.289577141872,48.0967618436459],[-117.288578141668,48.0966718439922],[-117.285995142162,48.0967348441995],[-117.284105142239,48.0968698441298],[-117.282998141551,48.0969328443371],[-117.278795141982,48.0972208441284],[-117.276365142337,48.0973108437822],[-117.272711142006,48.0973018442665],[-117.264629141622,48.0973558440587],[-117.259094141781,48.0973918439202],[-117.258662141644,48.0973918439202],[-117.256682142067,48.0976348443344],[-117.254117141593,48.0983278439166],[-117.25251514236,48.0989938440524],[-117.251264142226,48.0997138439805],[-117.250013142093,48.1004608442543],[-117.248861142028,48.1011988441131],[-117.244361142253,48.1037368442417],[-117.243713142048,48.1040608438947],[-117.241427141849,48.1053748442355],[-117.240239141923,48.1057798440264],[-117.240077141647,48.1058698436802],[-117.234533142291,48.1078678440875],[-117.234092141739,48.1080208439486],[-117.233129142296,48.1083358440858],[-117.227333142111,48.1103158436631],[-117.220034141862,48.1128268443452],[-117.219674142348,48.1130248444828],[-117.21792814187,48.1136278444113],[-117.216488142014,48.1143838442009],[-117.215732142225,48.114770844061],[-117.215678142432,48.1148158443376],[-117.215201142019,48.1151668443362],[-117.214283141953,48.1156438438501],[-117.212591142167,48.116543843985],[-117.2100891419,48.1178938441874],[-117.206561141983,48.119783844111],[-117.205130141643,48.1202068438326],[-117.204977141782,48.1202608436249],[-117.204059141716,48.1205938436928],[-117.202016141931,48.1211878441056],[-117.199982141662,48.1218088439648],[-117.199469142287,48.1219258439644],[-117.197039141743,48.1227538443763],[-117.190784141975,48.1248958442297],[-117.187895141847,48.126236844017],[-117.184961142343,48.1277308436654],[-117.179777141602,48.1302328439325],[-117.179624141741,48.1303138440705],[-117.16741114241,48.1363348438399],[-117.164396141868,48.1377838441111],[-117.162155141946,48.1389718440373],[-117.161183142088,48.1393768438282],[-117.160895142297,48.1395028442428],[-117.160481142091,48.1397458437576],[-117.159311142095,48.140123844102],[-117.15556714211,48.1413388443741],[-117.153686141702,48.1418698436803],[-117.153479142049,48.1419778441641],[-117.150950142335,48.1425808440926],[-117.14296714202,48.1450378440832],[-117.141923142439,48.1453618437361],[-117.138620142106,48.146423844147],[-117.13681114232,48.1469368444218],[-117.135371141565,48.1474138439357],[-117.134111141916,48.1476388444191],[-117.131375141649,48.1478098442109],[-117.126092141739,48.1481338438637],[-117.126038141947,48.1481338438637],[-117.123329142026,48.1482328439325],[-117.122510142029,48.1483228444856],[-117.119171141835,48.1488088444146],[-117.116570142398,48.1494748436511],[-117.116300141638,48.1495828441349],[-117.11275414179,48.1510048440603],[-117.111278142073,48.1517158444726],[-117.110423142214,48.1520308437104],[-117.109712141802,48.1522648437096],[-117.102224141831,48.1546948442536],[-117.098075142054,48.1562248437635],[-117.09796714157,48.1562698440401],[-117.097508141987,48.1564858441084],[-117.096770142128,48.1568368441071],[-117.095105141789,48.1576108438274],[-117.093305142418,48.1584298438243],[-117.091982141662,48.1589968438912],[-117.091748141663,48.1590598440985],[-117.087176142165,48.1610758444367],[-117.08627614203,48.1616068437429],[-117.08563714224,48.1619848440873],[-117.083693141625,48.1639288438031],[-117.083621141902,48.1639738440797],[-117.083108141627,48.1645948439389],[-117.080552141568,48.1671238436525],[-117.080003142331,48.1675828441349],[-117.078698142405,48.1682758437172],[-117.078428141645,48.1683208439938],[-117.075881142001,48.1694638436435],[-117.067907142101,48.1730278443216],[-117.066755142036,48.1735588436278],[-117.066233142246,48.1738468443185],[-117.065153141904,48.1743598436939],[-117.062552141568,48.1756108438274],[-117.061112141712,48.1760158436184],[-117.060185142131,48.1761598439637],[-117.058556141653,48.1764118438936],[-117.056117141593,48.176366843617],[-117.055361141803,48.176303844309],[-117.054857141944,48.1762678444476],[-117.052823141675,48.1760968437564],[-117.052634141952,48.1760878442407],[-117.051023142304,48.1760158436184],[-117.049601142379,48.1761238441022],[-117.048602142175,48.176366843617],[-117.048260141692,48.1765198443774],[-117.046667141975,48.1770238442371],[-117.046667141975,48.1770778440293],[-117.046487141768,48.1770778440293],[-117.04526314198,48.1777528436808],[-117.044165141708,48.1781218445096],[-117.044165141708,48.1791028438832],[-117.044165141708,48.1801288444327],[-117.044165141708,48.1811098438064],[-117.044093141985,48.1820998444943],[-117.044093141985,48.1832158437983],[-117.044093141985,48.1839898444179],[-117.043679141779,48.1839898444179],[-117.042563141576,48.1839898444179],[-117.042212141577,48.1839898444179],[-117.042140141854,48.1839988439336],[-117.041969142062,48.1840168438643],[-117.040673141652,48.1840168438643],[-117.03961114214,48.1840168438643],[-117.039584141795,48.1829638438684],[-117.039584141795,48.1820998444943],[-117.039584141795,48.1811188442214],[-117.039584141795,48.1808488443608],[-117.039584141795,48.1803088437402],[-117.039602141725,48.1790848439525],[-117.03961114214,48.1786978440923],[-117.039620141656,48.1782928443014],[-117.039620141656,48.1781398444404],[-117.039656142417,48.1776358436813],[-117.039521141587,48.177428844028],[-117.039413142003,48.1772488438211],[-117.038288142284,48.1769698444448],[-117.038153142354,48.1769248441683],[-117.037919142354,48.1768888443068],[-117.036470142083,48.1766098440312],[-117.036227141669,48.1765738441697],[-117.035759141671,48.1764388442393],[-117.035201142019,48.1762768439633],[-117.033635141748,48.1758988436188],[-117.031763141756,48.1754758438971],[-117.031511141826,48.1753948437591],[-117.029126141558,48.1747738438999],[-117.026813141913,48.1740718439026],[-117.024851142266,48.1734148441818],[-117.02403214227,48.1730638441831],[-117.022835141928,48.1724698437703],[-117.022475142414,48.1721728444633],[-117.022304141723,48.1718848437726],[-117.022259142345,48.1715788440505],[-117.022277142276,48.1708138438458],[-117.022277142276,48.1704628438472],[-117.022340141584,48.1667098443459],[-117.022358142414,48.1648378443531],[-117.02236714193,48.1629928438067],[-117.022376142345,48.1620658442253],[-117.022385141861,48.1611838440212],[-117.022385141861,48.1610038438143],[-117.022385141861,48.1606258443693],[-117.022457141584,48.1596358436813],[-117.02248414193,48.1593118440284],[-117.02248414193,48.1559188440414],[-117.022574141583,48.1516348443346],[-117.022592142413,48.15086984413],[-117.022592142413,48.1507618436462],[-117.022628142275,48.1465498436623],[-117.022628142275,48.1464058442163],[-117.022628142275,48.1459828444946],[-117.022628142275,48.1457668444263],[-117.022628142275,48.1456408440117],[-117.022628142275,48.1450018442217],[-117.022628142275,48.1448668442914],[-117.022628142275,48.1445788445],[-117.022637141791,48.1436338440886],[-117.022700141998,48.1378198439725],[-117.022736141859,48.1374778443889],[-117.022736141859,48.1342648437095],[-117.022736141859,48.1339678444024],[-117.022835141928,48.1312948443435],[-117.022808141582,48.1302778442091],[-117.022808141582,48.1291168437293],[-117.022853141859,48.1260388438794],[-117.02287114179,48.1248958442297],[-117.022862142274,48.1245988440233],[-117.022853141859,48.1230868444442],[-117.022853141859,48.1226998436847],[-117.022862142274,48.1218898441029],[-117.022907141651,48.1179838438412],[-117.022952141928,48.1155538441964],[-117.022970141859,48.1141678441325],[-117.022970141859,48.1139878439257],[-117.022979142274,48.1128628442068],[-117.022988141789,48.1127728436537],[-117.022997142204,48.1119988439333],[-117.02300614172,48.1117108441419],[-117.023033142066,48.1108918441451],[-117.023060142412,48.1104238441469],[-117.022997142204,48.1082098436712],[-117.023024141651,48.1058248443029],[-117.023033142066,48.1051948440286],[-117.023105141789,48.1010098443906],[-117.023105141789,48.1004428443236],[-117.023114142204,48.0990028444675],[-117.02312314172,48.097976843918],[-117.023132142135,48.095636843927],[-117.023132142135,48.0937198436577],[-117.023186141927,48.0922348444243],[-117.023186141927,48.0901108445016],[-117.023222141788,48.0863668436167],[-117.023294142411,48.0854038441738],[-117.023195142342,48.0849718440371],[-117.023294142411,48.0793558440587],[-117.023294142411,48.0792568439899],[-117.023231142203,48.0758998438644],[-117.023303141926,48.0734518442889],[-117.023330142272,48.0694468439584],[-117.023231142203,48.0681688443783],[-117.023375141649,48.0637408443262],[-117.023312142341,48.0624988437083],[-117.023177142411,48.0608968444754],[-117.022997142204,48.0608338442681],[-117.022799142067,48.0600058438563],[-117.022727142344,48.0599698439947],[-117.022664142136,48.0595648442038],[-117.022178142207,48.0583768442775],[-117.022007142416,48.0581608442092],[-117.022007142416,48.0579988439331],[-117.021575142279,48.0572878444201],[-117.021296142003,48.0570178436602],[-117.020864141867,48.0562618438706],[-117.020756142282,48.0562348444242],[-117.020234141592,48.0555598438733],[-117.020234141592,48.0554158444273],[-117.019775142009,48.0547588438072],[-117.019361141803,48.0543178441548],[-117.019361141803,48.0541828442245],[-117.018434142222,48.0529228436759],[-117.017966142224,48.0524908444385],[-117.017552142018,48.0515998438194],[-117.016940141674,48.0509158437528],[-117.016913142228,48.0507628438917],[-117.016625142436,48.0505468438234],[-117.015608142302,48.0490888440365],[-117.013979141824,48.046712844184],[-117.013808142032,48.0465868437694],[-117.011387141903,48.0431668443359],[-117.011360141557,48.0429328443369],[-117.011090141697,48.0427798444758],[-117.010856141698,48.0423928437163],[-117.010505141699,48.0420868439942],[-117.010469141837,48.0418168441337],[-117.009353141634,48.0403858437933],[-117.009353141634,48.0402328439322],[-117.007679141779,48.0380188443558],[-117.007652142332,48.0378658444947],[-117.006932142404,48.036947844429],[-117.006239141923,48.0359848440868],[-117.003773142417,48.0325828436848],[-117.003575142279,48.032186844309],[-117.003359142211,48.0320608438944],[-117.003296142003,48.0317998444488],[-117.002612141937,48.0310258438292],[-117.001973142147,48.029999844179],[-117.001766141594,48.0298828441794],[-117.001667142425,48.0296668441111],[-117.001460141872,48.0292708438359],[-117.001028141735,48.0290098443904],[-117.000578141668,48.0284158439775],[-116.997626142233,48.0245818443382],[-116.995862141824,48.0227638441376],[-116.993783142178,48.0211978438669],[-116.99343214218,48.0210718443517],[-116.992316141976,48.020306844147],[-116.990534141637,48.0194338443579],[-116.990174142123,48.019172844013],[-116.99008414157,48.0191638444973],[-116.989823142124,48.0191278437365],[-116.988986142197,48.0187678442221],[-116.988770142128,48.0186868440841],[-116.986448142068,48.017894844433],[-116.985764142002,48.0177058438112],[-116.984072142216,48.0172468442279],[-116.983901142424,48.0171388437441],[-116.980661142298,48.0162748443701],[-116.980319141815,48.016184843817],[-116.978591142167,48.0157708445104],[-116.971022142058,48.0136198442419],[-116.966999141797,48.0125758437617],[-116.958521142037,48.0112708438358],[-116.952833142336,48.0104698437698],[-116.940269142107,48.00868784433],[-116.932169141792,48.0075268438502],[-116.930513141868,48.0072928438511],[-116.928461141668,48.0069958436447],[-116.927012142297,48.0067888439914],[-116.925482141887,48.006572843923],[-116.924366141684,48.006410843647],[-116.922800142313,48.0061858440629],[-116.920505141699,48.005852843995],[-116.918840142259,48.0056098444802],[-116.915438141857,48.0051238436519],[-116.912486142422,48.0047098443453],[-116.90753614168,48.0041158439325],[-116.906303142376,48.0039808440022],[-116.901308142257,48.0034228443502],[-116.899409141918,48.0031078442131],[-116.898329141577,48.0028018444909],[-116.897906141855,48.0026848444914],[-116.897060142412,48.0022888442162],[-116.895800141863,48.0014878441501],[-116.894909142143,48.000614844361],[-116.89443214173,47.9999038439487],[-116.8942971418,47.9992468442279],[-116.894027141939,47.998904843745],[-116.893964141732,47.9985898445071],[-116.893550142425,47.9978338438183],[-116.892497142429,47.996564843754],[-116.891822141878,47.995934844379],[-116.890256141608,47.9950438437598],[-116.889275142234,47.9946298444532],[-116.889230141957,47.9945398439001],[-116.887673142102,47.9941798443857],[-116.884982142112,47.993324843628],[-116.884937141836,47.9932348439743],[-116.88467614239,47.9932168440436],[-116.882156142192,47.9922808440472],[-116.878988141789,47.9909038443983],[-116.877926142278,47.9903098439855],[-116.877665141933,47.9902378442625],[-116.877629142071,47.9900398441249],[-116.877359142211,47.9896888441263],[-116.877314141934,47.98913984399],[-116.877494142141,47.9888878440602],[-116.878988141789,47.9877268444797],[-116.879672141856,47.9869078444828],[-116.879708141717,47.986385843793],[-116.879537141926,47.9859178437948],[-116.879096142273,47.9853508437278],[-116.878979142274,47.9852338437283],[-116.876027141939,47.9824888439464],[-116.87221114223,47.9789068442368],[-116.87052814196,47.9774218441042],[-116.869325086484,47.9763104529264],[-116.868487873417,47.9749576261549],[-116.868498168855,47.9737874139194],[-116.868542457768,47.9725460725046],[-116.868566142314,47.9705008441999],[-116.868539141968,47.9696908437188],[-116.868539141968,47.9695648442035],[-116.868521142037,47.9685118442076],[-116.868494141691,47.9672068442817],[-116.868521142037,47.9660188443555],[-116.868521142037,47.9651008442898],[-116.868485142176,47.9641018440861],[-116.868485142176,47.9630578445052],[-116.86847614176,47.9615728443726],[-116.868467142245,47.9612218443739],[-116.868467142245,47.9607808438221],[-116.868467142245,47.9605108439615],[-116.86845814183,47.9599888441711],[-116.868539141968,47.9588008442448],[-116.868530141553,47.9585398438999],[-116.868494141691,47.9572798442507],[-116.868440141899,47.9559208436333],[-116.868125141762,47.9528608437142],[-116.867693141625,47.9528608437142],[-116.86125814165,47.9520688440631],[-116.856038141947,47.9514298442732],[-116.847002141635,47.9503228444849],[-116.833700142448,47.9484598440078],[-116.830532142045,47.9482528443545],[-116.829083141774,47.948216844493],[-116.823584141795,47.9480998444935],[-116.823431141934,47.9480908440785],[-116.807375141649,47.9478928439408],[-116.789285141996,47.9477308436648],[-116.784956142012,47.947712843734],[-116.780303142376,47.9477038442183],[-116.778224141831,47.9477038442183],[-116.773769142332,47.947712843734],[-116.772680141575,47.947712843734],[-116.766029142431,47.947712843734],[-116.76483214209,47.9476948438033],[-116.757911142185,47.9476948438033],[-116.751026142143,47.947721844149],[-116.741765142247,47.9477848443564],[-116.72999314167,47.9477038442183],[-116.729615142225,47.9476858442875],[-116.720570142398,47.9472718440816],[-116.718797141575,47.9472898440123],[-116.717555141856,47.9474338443577],[-116.715953141724,47.9476228440802],[-116.715503141657,47.9476228440802],[-116.714351141592,47.9476228440802],[-116.713226141873,47.9476228440802],[-116.712830141598,47.9476228440802],[-116.71121914195,47.9476228440802],[-116.709581141956,47.9476858442875],[-116.708807142236,47.9476948438033],[-116.708222142238,47.9477038442183],[-116.706692141829,47.9477038442183],[-116.706395141622,47.9477038442183],[-116.705738141902,47.9477038442183],[-116.704964142181,47.9476858442875],[-116.703704141633,47.9476858442875],[-116.703047141912,47.9476948438033],[-116.698628142275,47.9477578440105],[-116.698727142344,47.9440768442322],[-116.698799142067,47.9418628437565],[-116.698835141928,47.9406028441072],[-116.698898142136,47.9384248443923],[-116.698970141859,47.9332858439278],[-116.699132142135,47.9260408443706],[-116.699222141788,47.9224948436233],[-116.699303141926,47.9187238441912],[-116.699501142064,47.9151688439281],[-116.69951014158,47.9150518439286],[-116.699807141786,47.9135668437959],[-116.70041914213,47.9123248440774],[-116.701778141848,47.9104528440846],[-116.707664141687,47.9042068438319],[-116.711156141742,47.9005528443993],[-116.718293141715,47.8930648444281],[-116.720633141706,47.8906798441605],[-116.729426141603,47.8815358442648],[-116.731892142009,47.879015844067],[-116.735906141855,47.8749118436677],[-116.74259314176,47.8679368439712],[-116.743511141826,47.8670818441128],[-116.743853142309,47.8667308441142],[-116.749856142147,47.8605838439302],[-116.751026142143,47.8593778440732],[-116.753366142134,47.8569298444977],[-116.75981914204,47.8501708439702],[-116.763923142439,47.8458688443326],[-116.765813142363,47.843897844271],[-116.77745014211,47.8316668441104],[-116.783804141948,47.824988843721],[-116.786657142213,47.822090844078],[-116.787161142073,47.8213798436657],[-116.787809142278,47.8197958443635],[-116.787809142278,47.8176808439566],[-116.787881142001,47.8162858443771],[-116.788187141723,47.8025878440145],[-116.788331142069,47.7971788436895],[-116.788475142414,47.7941188437704],[-116.788772141721,47.7878458440711],[-116.78900614172,47.7842908438081],[-116.789303141926,47.781806844371],[-116.789402141995,47.7809428440977],[-116.789483142133,47.7802228441696],[-116.789870141993,47.7768568436291],[-116.790221141992,47.7738688443324],[-116.790275141784,47.7734098438499],[-116.790608141852,47.7697108441408],[-116.790950142335,47.7661198440162],[-116.79119314185,47.7625558442375],[-116.791202142265,47.7613048441039],[-116.791220142196,47.7589198438363],[-116.79132814178,47.755310843781],[-116.791463141711,47.751539844349],[-116.791481141641,47.7509998437284],[-116.791517142402,47.7499018443552],[-116.791571142194,47.7490738439433],[-116.791661141848,47.747723843741],[-116.791724142055,47.7467698438138],[-116.791877141917,47.7445828436839],[-116.792120142331,47.7417298443174],[-116.792156142192,47.7414868439033],[-116.79262414219,47.7369958436438],[-116.792660142052,47.7368068439212],[-116.792687142398,47.7331438440737],[-116.792687142398,47.7330808438664],[-116.792462141914,47.7299308442936],[-116.792255142261,47.7245488443143],[-116.792192142054,47.7227128441829],[-116.792138142261,47.7200128437782],[-116.792057142123,47.715512844003],[-116.792057142123,47.7150628439356],[-116.792021142262,47.713586844218],[-116.792012141847,47.7124798444298],[-116.792012141847,47.7122638443614],[-116.791994141916,47.7108058436752],[-116.791976141985,47.7092578442346],[-116.79196714157,47.7072598438272],[-116.791904142262,47.7049108443205],[-116.791904142262,47.704685843837],[-116.791895141847,47.7044248443915],[-116.791859141986,47.7026158437066],[-116.791814141709,47.7007348441981],[-116.791814141709,47.6997358439945],[-116.791805142194,47.698574844414],[-116.793020141566,47.6986198437912],[-116.794064142046,47.6986738444828],[-116.794415142045,47.6986918444135],[-116.797439142103,47.6987818440673],[-116.802830141598,47.699438843788],[-116.806457141584,47.6997898437867],[-116.807051141997,47.6998348440632],[-116.807465142202,47.6998798443398],[-116.808815142405,47.7000328442008],[-116.812604141768,47.7005818443371],[-116.813027142389,47.7006358441293],[-116.815394141826,47.700986844128],[-116.818616142021,47.7014638436419],[-116.818877142366,47.7014998444027],[-116.824601141929,47.7024898441914],[-116.827805142194,47.7030478438433],[-116.829533141841,47.7033538444648],[-116.830109142323,47.7034348437035],[-116.831981142316,47.7036508437718],[-116.838857141943,47.7046228436298],[-116.850467142245,47.7067558439675],[-116.855435142018,47.7077548441712],[-116.856002142085,47.7078358443092],[-116.857352142287,47.7080338444468],[-116.858351141592,47.7081868443079],[-116.858621142352,47.7082048442386],[-116.85998014207,47.7083218442382],[-116.860592142413,47.7083758440305],[-116.872823141675,47.7086548443061],[-116.873093142435,47.7086638438218],[-116.873570141948,47.7086728442368],[-116.874002142085,47.7086818437526],[-116.876027141939,47.7087268440291],[-116.883659142256,47.7089338436824],[-116.886080142385,47.7090058443047],[-116.888555142306,47.7092848436811],[-116.889734141817,47.7097168438178],[-116.894405142283,47.7105898445061],[-116.895116141796,47.7106978440907],[-116.895107142281,47.710760844298],[-116.894963141935,47.7115708438798],[-116.89493614159,47.7116878438794],[-116.894909142143,47.711813844294],[-116.894846141936,47.7121378439468],[-116.894711142006,47.7128938437364],[-116.894603142421,47.7132988444266],[-116.89443214173,47.7139198442859],[-116.894423142214,47.7141628438006],[-116.894369142422,47.7159628440705],[-116.894378141938,47.717123843651],[-116.894378141938,47.7177988442018],[-116.894396141868,47.719553844195],[-116.894369142422,47.7209038443974],[-116.894369142422,47.7212638439118],[-116.894324142145,47.7231628442504],[-116.894360142007,47.7251158443812],[-116.894261141938,47.7267358444442],[-116.894261141938,47.7280678438165],[-116.894261141938,47.7301918437391],[-116.894261141938,47.7302908438079],[-116.894225142077,47.7340798440701],[-116.894198141731,47.7370768437819],[-116.894198141731,47.7374908439878],[-116.894198141731,47.7376708441946],[-116.894171142284,47.7410728436973],[-116.894135142423,47.7447718443058],[-116.894171142284,47.7499018443553],[-116.8941801418,47.7502978437311],[-116.894189142215,47.7515758442105],[-116.894270142353,47.7591358439047],[-116.894198141731,47.7660568438089],[-116.894117141593,47.7735808436417],[-116.894027141939,47.7808348436138],[-116.893937142285,47.7880978440011],[-116.893919142354,47.7927958439138],[-116.893910141939,47.7950098443895],[-116.893910141939,47.795603843903],[-116.893910141939,47.7965758437609],[-116.893910141939,47.7974398440343],[-116.893901142424,47.8002208436777],[-116.893892142009,47.8025608436688],[-116.893991142078,47.8043698443536],[-116.893919142354,47.8061878436549],[-116.89392814187,47.8070878437897],[-116.893937142285,47.807159844412],[-116.893865141663,47.8078078437178],[-116.893811141871,47.8081408437857],[-116.893712141802,47.8085548439916],[-116.893460141872,47.8089148444053],[-116.89276714229,47.8094368441958],[-116.891750142155,47.8100128437785],[-116.891282142157,47.8102828436391],[-116.891075141604,47.8104178444687],[-116.890292142368,47.8109038443977],[-116.888618141614,47.8118398443941],[-116.887277141827,47.8125868437687],[-116.886422141968,47.8130818441126],[-116.886098142315,47.8132618443195],[-116.884739141698,47.8140358440398],[-116.883200141773,47.8149268437596],[-116.882552141568,47.8153048441041],[-116.882075142054,47.8157728441023],[-116.88169714171,47.8165378443069],[-116.881625141987,47.8171858436126],[-116.881616141572,47.8173568443038],[-116.881598141641,47.81763584368],[-116.881661141848,47.81790584444],[-116.8819851424,47.8183288441616],[-116.882156142192,47.8185088443685],[-116.882678141983,47.8189948442974],[-116.883758142324,47.8198588436715],[-116.884379142184,47.8194178440191],[-116.88455914239,47.8193098444346],[-116.884766142044,47.8192198438815],[-116.885999142247,47.8186708437452],[-116.888402142445,47.8171588441661],[-116.890085141816,47.8161598439625],[-116.890121141677,47.8161418440317],[-116.890490141607,47.8159438438941],[-116.891435142018,47.8153858442422],[-116.891786142017,47.8151608437588],[-116.892083142223,47.8149898439669],[-116.892695141667,47.8146748438298],[-116.893631141664,47.8141348441086],[-116.894675142144,47.8135408436957],[-116.895818141794,47.81289284439],[-116.896826142413,47.8122808440465],[-116.89778014234,47.8117768441868],[-116.899517142402,47.8108408441904],[-116.900399141707,47.8102198443311],[-116.901020141566,47.8098598439175],[-116.901353141634,47.8096888441256],[-116.902109142323,47.8094548441265],[-116.903828141555,47.8088878440595],[-116.904926141828,47.8085998442682],[-116.905862141824,47.8083478443383],[-116.907464141957,47.8077988442021],[-116.908274142438,47.8074118443419],[-116.908634141952,47.8071778443428],[-116.908913142228,47.8070158440668],[-116.913215141865,47.8045858444219],[-116.915267142065,47.8033168443577],[-116.915465142202,47.8030738439435],[-116.915834142132,47.8026868440833],[-116.916005141924,47.8024078438077],[-116.916995141712,47.8009768443666],[-116.917805142194,47.8001938442313],[-116.920280142115,47.7986818437528],[-116.920586141837,47.7985648437533],[-116.920721141767,47.7984838436153],[-116.92553614168,47.7957388438333],[-116.929784142424,47.7932188436355],[-116.937074142258,47.7890338439974],[-116.954570142398,47.7789358441746],[-116.958701142244,47.7764158439767],[-116.964020142016,47.7733648444726],[-116.96426314243,47.7732658444039],[-116.96695414242,47.7716998441332],[-116.96939314158,47.7703138440693],[-116.969519141995,47.7702508438621],[-116.970005141924,47.7699628440706],[-116.976062141555,47.7664438436691],[-116.976359141761,47.7662818442924],[-116.976503142106,47.7662008441542],[-116.978627142029,47.7646708437451],[-116.98110214195,47.7635278440953],[-116.98135414188,47.7634288440266],[-116.981885142086,47.7631678436817],[-116.987654141925,47.7596758436259],[-116.988113142408,47.759432844111],[-116.988221141992,47.7593878438345],[-116.991740142394,47.7573268441192],[-116.994107141831,47.7562108439159],[-116.99691514182,47.7550408439204],[-116.99741914168,47.7548698441286],[-116.999237141881,47.7540868439932],[-116.999804141948,47.7538258436484],[-117.001028141735,47.7534388437882],[-117.002135142423,47.753051843928],[-117.002252142422,47.7530068436515],[-117.002981141866,47.7527278442752],[-117.003539142417,47.7524938442761],[-117.00771514164,47.7507208443521],[-117.009299141842,47.7499018443552],[-117.011495142387,47.7488758438057],[-117.01247614176,47.7484078438075],[-117.013925142032,47.7477688440175],[-117.016013142093,47.7469138441592],[-117.017318142019,47.7463288441614],[-117.018002142085,47.74604084437],[-117.018092141739,47.7459958440935],[-117.019982141662,47.7452038444425],[-117.023276141581,47.7437728441021],[-117.028388141699,47.7415678440413],[-117.035795142432,47.7383998436384],[-117.041726141648,47.7357988442019],[-117.047630142317,47.7332968439348],[-117.058349141999,47.7286348438835],[-117.062723142259,47.7268078441672],[-117.069023142304,47.7240988442468],[-117.071840141809,47.7227038437679],[-117.071984142154,47.7226768443214],[-117.073721142217,47.7220288441164],[-117.074477142006,47.721659844187],[-117.078500142268,47.7199138437094],[-117.08292814232,47.7179968443394],[-117.084035142108,47.7176098444792],[-117.085484142379,47.7169888437206],[-117.088436141814,47.7157018437256],[-117.093233141796,47.7137038442175],[-117.096428141645,47.7127048440138],[-117.098840142259,47.7120028440165],[-117.101135141973,47.7114898437417],[-117.112052141793,47.7090868444427],[-117.122888142374,47.7067018441752],[-117.133337142195,47.7043978440457],[-117.138377141692,47.7036058443946],[-117.143264142226,47.7023008444688],[-117.143984142154,47.7022288438465],[-117.146990142281,47.7015808436415],[-117.155036141904,47.6998978442705],[-117.155540141764,47.6997898437867],[-117.159932141955,47.6988988440668],[-117.160940141674,47.6987008439292],[-117.165638141587,47.6979988439319],[-117.175736142309,47.6969998437283],[-117.184637141791,47.6964958438685],[-117.194735141613,47.6960908440776],[-117.195140142304,47.6960008444239],[-117.197255141811,47.6958838444243],[-117.20093614159,47.6956948438024],[-117.202637141791,47.6955958437336],[-117.205553142264,47.6954428438726],[-117.208235141838,47.6953078439423],[-117.21125014238,47.6951548440812],[-117.213347141957,47.6950378440816],[-117.218639142283,47.694767844221],[-117.220826142413,47.6946508442215],[-117.223733141571,47.6944978443604],[-117.227558141695,47.694038843878],[-117.229598334695,47.6937985351347],[-117.231518141749,47.693327844365],[-117.234684401964,47.6918551478572],[-117.236225904702,47.6909850501803],[-117.237625022277,47.6903517997562],[-117.239834142132,47.6898898441015]],[[-117.001352142287,46.4154808433236],[-117.001514141664,46.4154898428393],[-117.002279141869,46.4156878429769],[-117.00297214235,46.4160658433213],[-117.003296142003,46.4163268427669],[-117.003503141657,46.416488843043],[-117.003989141586,46.4167228430421],[-117.004061142208,46.4167768428343],[-117.00461914186,46.4169568430412],[-117.005483142133,46.4170828434558],[-117.00643714206,46.4172178433861],[-117.006833142336,46.4172718431783],[-117.009281141911,46.417613842762],[-117.009524142325,46.4176678434536],[-117.010208142392,46.4177848434531],[-117.012125141762,46.4180998426909],[-117.013151142311,46.4181628428982],[-117.01400614217,46.4183248431743],[-117.014510142029,46.418414842828],[-117.015527142164,46.4185678426891],[-117.017552142018,46.4188468429648],[-117.018974141943,46.4190628430331],[-117.020459142076,46.419323843378],[-117.021017141728,46.4195668428928],[-117.021485141726,46.4196478430309],[-117.022601141929,46.4201158430291],[-117.023159141581,46.4203678429589],[-117.023726141648,46.4205748426122],[-117.024491141853,46.4207998430956],[-117.025103142196,46.4209798433025],[-117.025526141918,46.4210878428869],[-117.026003142331,46.4212048428865],[-117.026291142122,46.4212678430938],[-117.026615141775,46.4212948434396],[-117.027002141635,46.4213038429553],[-117.029279142319,46.4213038429553],[-117.030332142314,46.4212678430938],[-117.031160141827,46.4210518430255],[-117.031862141824,46.4208718428186],[-117.032105142239,46.4207908426806],[-117.032231141754,46.4207548428191],[-117.032420142376,46.4207008430268],[-117.032456142237,46.4206918426118],[-117.032537142375,46.420673842681],[-117.032834141682,46.4206288433038],[-117.032969141613,46.4206108433731],[-117.033257142303,46.4205838430273],[-117.033365141888,46.4205658430965],[-117.033455142441,46.4205478431658],[-117.033698141956,46.4205388427507],[-117.034121141677,46.42052084282],[-117.035012142297,46.4204938433735],[-117.035885142086,46.4204668430277],[-117.037109141873,46.4204128432354],[-117.037379141734,46.4203948433047],[-117.037892142009,46.4203588434432],[-117.039197141934,46.4202508429594],[-117.039656142417,46.4202148430979],[-117.040115142,46.4201878427521],[-117.041384142064,46.4201158430291],[-117.042770142128,46.4200708427525],[-117.044192142054,46.4200708427525],[-117.04487614212,46.4200708427525],[-117.045506142395,46.4200708427525],[-117.046730142182,46.4200708427525],[-117.048116142246,46.4200708427525],[-117.049412141757,46.4200258433753],[-117.050699141752,46.4200528428217],[-117.052022141609,46.4200258433753],[-117.053237141881,46.4200258433753],[-117.054677141737,46.4199988430295],[-117.056018142423,46.4199808430987],[-117.057305142418,46.4199808430987],[-117.058673141652,46.4199808430988],[-117.059519141995,46.4199718426837],[-117.063227142119,46.4199178428915],[-117.063821141632,46.4199088433758],[-117.066863141621,46.419872842615],[-117.069185141681,46.4197288431689],[-117.072821142082,46.4196298431001],[-117.074261141938,46.4195938432386],[-117.075125142212,46.4195758433079],[-117.076151141862,46.4194858427548],[-117.078203142061,46.4190718434481],[-117.079814141709,46.4185678426891],[-117.081074142258,46.4179738431757],[-117.085403142241,46.4152918427017],[-117.086357142168,46.414787842842],[-117.086690142236,46.4146078426352],[-117.088310142299,46.4139868427759],[-117.089669142017,46.413734842846],[-117.090614142429,46.4137438432611],[-117.091253142219,46.4137618431918],[-117.092639142283,46.4138698427763],[-117.094331142069,46.414220842775],[-117.103880141755,46.4169658434562],[-117.107903142016,46.4180188434522],[-117.109730141733,46.4185048433811],[-117.11108914235,46.4188018426882],[-117.112151141862,46.4189368426185],[-117.113357141719,46.4189728433794],[-117.113996142408,46.4189908433101],[-117.115292141919,46.4191528426869],[-117.116057142123,46.419323843378],[-117.116174142123,46.4193688427552],[-117.120656141967,46.4209708428874],[-117.12599314167,46.423283843432],[-117.133886142332,46.4259748434216],[-117.135776142255,46.4266138432116],[-117.137252141973,46.4268838430723],[-117.138287142038,46.4270098434868],[-117.140051142446,46.4272168431401],[-117.143003141881,46.42746884307],[-117.145496141734,46.4276218429311],[-117.153596142048,46.4273608434855],[-117.157240239046,46.4260470230091],[-117.160842377274,46.4247462507962],[-117.165044871424,46.4233454200125],[-117.171848909999,46.4198433412545],[-117.175250929287,46.4176420347094],[-117.184256273508,46.4126390656976],[-117.190159777752,46.4118385908357],[-117.196363459506,46.412839184638],[-117.200565953656,46.4138397784404],[-117.203567735063,46.4147403127725],[-117.207326142188,46.4149678430488],[-117.207506142395,46.4149678430488],[-117.207875142324,46.4149768434639],[-117.208307141561,46.4148598434643],[-117.208586141837,46.4147338430497],[-117.209018141974,46.4145628432579],[-117.209396142318,46.4143558427053],[-117.209459141626,46.4143288432588],[-117.210278141623,46.4138338429149],[-117.211331141619,46.4131408433326],[-117.211961141893,46.4126818428501],[-117.213122142373,46.4121328427138],[-117.213797142024,46.4119078431297],[-117.213932141955,46.4118628428532],[-117.214607141606,46.4116648427157],[-117.216389141945,46.4108368432031],[-117.216821142082,46.4106568429962],[-117.221384142064,46.4081998430056],[-117.221537141926,46.4081008429369],[-117.221933142201,46.4079028427993],[-117.222599142336,46.4075158429391],[-117.225335141703,46.4062828427363],[-117.229970142308,46.4047528432264],[-117.233534142087,46.4038798434373],[-117.234020142016,46.4038258427458],[-117.238259142345,46.4034208429549],[-117.244973141697,46.4033938426091],[-117.248132141685,46.4037268426769],[-117.251003141881,46.4045188432274],[-117.251426141603,46.4046178432961],[-117.251597142294,46.4046628426733],[-117.254378141938,46.4053108428784],[-117.257564142271,46.406300842667],[-117.258914141574,46.4067238432881],[-117.259796141779,46.4070028426644],[-117.262838141767,46.4082178429364],[-117.263999142247,46.4087218427961],[-117.266951141682,46.4104858432044],[-117.268283141953,46.4113678434086],[-117.274358142414,46.4155168431851],[-117.275870141993,46.416488843043],[-117.275951142131,46.4165518432503],[-117.27641914213,46.4168938428339],[-117.277634142402,46.4174608429009],[-117.278471142329,46.4176948429],[-117.281072141766,46.4182078431747],[-117.281324141696,46.418261842967],[-117.281639141833,46.4183248431743],[-117.281909141694,46.4184238432431],[-117.282170142038,46.4185138428969],[-117.282431142383,46.4186128429657],[-117.282557141899,46.4186578432422],[-117.282800142313,46.4187388433802],[-117.282962141689,46.4188378434491],[-117.283691142033,46.4192878426172],[-117.28478014189,46.4208358429571],[-117.285500141818,46.4222668432975],[-117.286004141678,46.4228968426725],[-117.286589141675,46.4233828435008],[-117.28876714229,46.4244088431509],[-117.291908142347,46.4259118432144],[-117.292016141931,46.4259748434216],[-117.292709142413,46.4261728426599],[-117.293402141995,46.4263258434203],[-117.298964142181,46.4263258434203],[-117.300782142382,46.4265328430736],[-117.301457142033,46.4267938434185],[-117.301772142171,46.426901843003],[-117.302429141891,46.4272708429324],[-117.30266314189,46.4274418427242],[-117.303851141817,46.4281348432058],[-117.31369714171,46.430861843057],[-117.315488141564,46.4313838428474],[-117.317108141627,46.4322568426365],[-117.322859142435,46.4362258431055],[-117.323822141878,46.4365768431042],[-117.324074141808,46.43660384345],[-117.325010141805,46.4366938431037],[-117.325181141596,46.4366668427579],[-117.326666141729,46.4364778430354],[-117.327557142348,46.4362528434513],[-117.32825014193,46.4359828426914],[-117.329969142062,46.4350918429716],[-117.332345141915,46.4335258427008],[-117.333434141772,46.4329858429796],[-117.334001141839,46.4328328431185],[-117.335126141558,46.4328328431186],[-117.33645814183,46.433192842633],[-117.337772142171,46.4339218429761],[-117.338510142029,46.4341378430444],[-117.347555141856,46.4356858433843],[-117.348563141576,46.4358478427611],[-117.356420142376,46.4371798430327],[-117.356690142236,46.4371798430327],[-117.359831142293,46.4371258432404],[-117.362270142353,46.4372698426865],[-117.365519141995,46.4378908434451],[-117.367202142265,46.4382958432359],[-117.369389142395,46.4392228428173],[-117.370640141629,46.4400958435058],[-117.370694142321,46.440149843298],[-117.371072141766,46.4405098428124],[-117.372125141762,46.4412388431554],[-117.372989142035,46.4416798428079],[-117.374186142377,46.4420038433601],[-117.375212142027,46.4421838426676],[-117.376013142093,46.4422108430134],[-117.377831142293,46.4423188434972],[-117.380738142351,46.4421838426676],[-117.381575142279,46.4422018434977],[-117.383717142132,46.4424268430817],[-117.386588142329,46.4422558432899],[-117.388910142389,46.4418148427382],[-117.390764141552,46.441769843361],[-117.392456142237,46.4416078430848],[-117.394229142161,46.4416798428079],[-117.395093142435,46.4417968428074],[-117.395876141671,46.4423728432895],[-117.396524141876,46.442975843218],[-117.397271142149,46.4435788431465],[-117.398369142422,46.4439298431451],[-117.399989141586,46.4442718427287],[-117.401105141789,46.4443168430053],[-117.401564142271,46.444334842936],[-117.401996142408,46.4443618432819],[-117.403850141571,46.444181843075],[-117.403958142055,46.4441368427985],[-117.404156142192,46.4440648430755],[-117.404705142328,46.4438848428686],[-117.405776142255,46.4433268432167],[-117.406829142251,46.4423278430129],[-117.407918142109,46.4404288426743],[-117.40898014162,46.4395378429545],[-117.409835142378,46.4390788433713],[-117.410735141613,46.4388808432337],[-117.413183142088,46.438601842958],[-117.413912142431,46.438448843097],[-117.414569142152,46.4383048427517],[-117.41515414215,46.4380798431676],[-117.415991142078,46.4377378426846],[-117.417809142278,46.436819842619],[-117.418736141859,46.4364508426896],[-117.419204141858,46.4363698434509],[-117.420392141784,46.4361358434518],[-117.427772142171,46.4360728432445],[-117.43058014216,46.4361628428983],[-117.430913142228,46.4362528434513],[-117.431525141672,46.4366398433115],[-117.431831142293,46.4369368426186],[-117.432389141945,46.4380978430983],[-117.432560141737,46.438448843097],[-117.433343141872,46.43942984337],[-117.434054142285,46.4397898428843],[-117.435629142071,46.4404108427435],[-117.438113142408,46.4410498434329],[-117.439202142265,46.4414638427395],[-117.439670142263,46.4417068431536],[-117.439823142124,46.4419768430143],[-117.440498141776,46.4440918434212],[-117.441065141843,46.4448928434873],[-117.442082141977,46.4458558429302],[-117.442739141698,46.4463058429977],[-117.443306141765,46.4465398429967],[-117.444323141899,46.4467018432728],[-117.44509714162,46.4466568429963],[-117.445781141686,46.4466118427197],[-117.446096141823,46.4466028432041],[-117.446357142168,46.4465848432733],[-117.448697142159,46.4462158433439],[-117.449822141878,46.4462158433439],[-117.451613141733,46.4463778427207],[-117.452900141728,46.4461438427215],[-117.454880142205,46.4456038430004],[-117.455573141787,46.4456038430003],[-117.457004142127,46.4457658432764],[-117.459812142117,46.4463778427207],[-117.460298142046,46.4464948427202],[-117.461324141696,46.4466568429963],[-117.465131141889,46.4468818434797],[-117.466130142092,46.447169843271],[-117.466985141951,46.4475928429927],[-117.46811014167,46.4483398432665],[-117.46942414201,46.4498158429842],[-117.469631141664,46.4501308431213],[-117.470000141593,46.4510398427719],[-117.470891142212,46.4529388431105],[-117.471278142073,46.4535238431082],[-117.471818141794,46.4548288430341],[-117.472151141862,46.4561608433057],[-117.472196142138,46.456781843165],[-117.472385141861,46.4592208432248],[-117.473213142273,46.4601658427369],[-117.473834142132,46.4607688426654],[-117.474977141782,46.4622808431438],[-117.475526141918,46.4635408427931],[-117.476120142331,46.4642698431362],[-117.476813141913,46.4649628427184],[-117.476921142397,46.4650708432023],[-117.477812142117,46.465727842923],[-117.479198142181,46.4664928431276],[-117.480818142243,46.4671948431249],[-117.482312141892,46.4675368427085],[-117.484562142229,46.4678248433992],[-117.487181141596,46.4680048427067],[-117.489359142211,46.4679328429837],[-117.490097142069,46.4678158429842],[-117.49179814227,46.4675278431928],[-117.492977141782,46.4673298430552],[-117.493994141916,46.4672308429864],[-117.495938141632,46.4672578433323],[-117.499358141965,46.4677078433997],[-117.501014141889,46.4677708427077],[-117.503705141879,46.4675998429159],[-117.506657142213,46.4677348428461],[-117.508277142276,46.4679598433295],[-117.511634142402,46.4688778433952],[-117.514883142043,46.4695888429082],[-117.518330141823,46.4702458426289],[-117.520058142369,46.4708758429033],[-117.520940141674,46.4712358433169],[-117.521498142225,46.471469843316],[-117.522326141738,46.4716768429694],[-117.526412142207,46.4722078431749],[-117.532883142043,46.4730718434482],[-117.535592141964,46.4734678428241],[-117.536294141961,46.4734858427548],[-117.536978142028,46.4735128431006],[-117.538472141676,46.4737108432383],[-117.539966142224,46.473872842615],[-117.540290141877,46.4739268433066],[-117.541352142287,46.4739898426145],[-117.541478141803,46.4739898426146],[-117.541883141594,46.4740618432369],[-117.556310142299,46.47542984337],[-117.557030142227,46.4754478433008],[-117.55965814201,46.4750878428871],[-117.564257142753,46.4749888428183],[-117.56445514289,46.4749888428183],[-117.568757143427,46.4749708428875],[-117.575525142571,46.4749528429568],[-117.576128143399,46.4749528429568],[-117.57692014305,46.4749528429568],[-117.578432142629,46.4749528429568],[-117.580601142828,46.4748898427495],[-117.58088914262,46.4748808432338],[-117.58129414331,46.474862843303],[-117.582284143099,46.4746018429581],[-117.582761142613,46.4745388427508],[-117.585749142809,46.4741518428907],[-117.58708114308,46.4741878427522],[-117.588674142797,46.4742058426829],[-117.590222143137,46.4742058426829],[-117.591581142855,46.4742328430287],[-117.593030143127,46.4742328430287],[-117.59441614319,46.4742238426137],[-117.595757142978,46.4742778433053],[-117.597233142695,46.4743948433048],[-117.598592143313,46.4745298432351],[-117.599978143377,46.4746198428889],[-117.601400143302,46.4747368428884],[-117.602867142605,46.4748898427495],[-117.604379143083,46.4749618433718],[-117.605396143217,46.4749978432333],[-117.605774142663,46.4749888428183],[-117.605918143008,46.4749978432333],[-117.607259142795,46.4751148432328],[-117.608213142722,46.4753398428169],[-117.609401142649,46.4756188430926],[-117.612560142636,46.4763568429514],[-117.616088142554,46.4769958427414],[-117.618752143097,46.4774908430853],[-117.620453143298,46.4776168434999],[-117.621767142739,46.4777158426694],[-117.621866142808,46.4777158426694],[-117.623684143009,46.4777878432918],[-117.626015142585,46.4780308428066],[-117.627131142788,46.4781118429446],[-117.627716142786,46.4781658427369],[-117.628562143128,46.4782198434284],[-117.628904142712,46.4782558432899],[-117.629255142711,46.4782828427365],[-117.630452143052,46.4783818428053],[-117.630515143259,46.4783818428053],[-117.631478142702,46.4784628429433],[-117.632270143252,46.4785258431506],[-117.63260314332,46.4785618430121],[-117.632666142628,46.4785618430121],[-117.632999142696,46.4785888433579],[-117.633935142693,46.4786068432886],[-117.635015143034,46.4786338427351],[-117.636680143374,46.4785708434271],[-117.646337142645,46.4775898431542],[-117.648092142638,46.4771848433632],[-117.65033314256,46.4768338433646],[-117.661862142724,46.474934843026],[-117.663644143063,46.4744668430278],[-117.671321142756,46.4713618428322],[-117.672248143237,46.4707858432495],[-117.675389143294,46.4668798429878],[-117.676415142944,46.4660248431294],[-117.67745014301,46.4653588429937],[-117.678440142798,46.4649088429262],[-117.688259143245,46.4629198429338],[-117.689591142617,46.4628568427265],[-117.701723142709,46.4640898429293],[-117.703478142702,46.4643598427899],[-117.705503142556,46.4648368432032],[-117.70961614337,46.4666638429194],[-117.712784142874,46.467914843053],[-117.717599142786,46.4702908429055],[-117.724196143038,46.4735848428237],[-117.726635143097,46.4748178430265],[-117.73019014336,46.4770048431564],[-117.733781142586,46.4794798430777],[-117.735815142855,46.4810098434869],[-117.736157143337,46.481234843071],[-117.73839814326,46.4824588428587],[-117.739064143395,46.4827288427194],[-117.74161114304,46.4834848434082],[-117.745751143301,46.4846008427122],[-117.751025142796,46.4860858428448],[-117.753239143272,46.4866528429118],[-117.756686143051,46.4878588427689],[-117.760817142897,46.4892808426942],[-117.764552143367,46.4905768431043],[-117.765713142947,46.491161843102],[-117.771005143273,46.4953558431551],[-117.771383142718,46.4959048432913],[-117.771887142578,46.4967058433575],[-117.772283142853,46.4974348428012],[-117.772616142921,46.4981908434901],[-117.772967142919,46.4986948433498],[-117.773453142848,46.4991718428637],[-117.773921142846,46.499873842861],[-117.774407142775,46.5005038431353],[-117.774605142913,46.500854843134],[-117.775100143257,46.5018088430611],[-117.77672014332,46.5035458431237],[-117.777422143317,46.5041218427063],[-117.778682142967,46.5047608433957],[-117.783605143363,46.5070468426952],[-117.784073143361,46.5073348433858],[-117.784577143221,46.5079108429685],[-117.78662914342,46.5110248426798],[-117.788033143415,46.5131578430175],[-117.78982414327,46.5150748432869],[-117.791390142641,46.5162088434209],[-117.794000143392,46.517567843139],[-117.799625142886,46.5197818427154],[-117.802208143291,46.5206728433346],[-117.804098143215,46.5210778431255],[-117.806015142585,46.5213118431246],[-117.810695142567,46.5214018427784],[-117.813899142831,46.5214468430549],[-117.815195143241,46.5216628431232],[-117.816455142891,46.5219958431911],[-117.820820142735,46.5237958434609],[-117.821918143008,46.5240838432523],[-117.82520314341,46.5254698433161],[-117.826166142853,46.5256228431772],[-117.826301142783,46.5256408431079],[-117.831350142695,46.5258838426228],[-117.831755143385,46.5259108429685],[-117.833609143447,46.5261088431061],[-117.834626142682,46.5264958429663],[-117.836588143228,46.5273688427554],[-117.842852143412,46.530329843505],[-117.853589143025,46.5354058428629],[-117.856775143358,46.536782843411],[-117.862265142922,46.5391678427793],[-117.863615143124,46.539752842777],[-117.865910142839,46.5407518429807],[-117.869564143171,46.5421198431138],[-117.871085143165,46.5430648426259],[-117.872336143298,46.5439918431066],[-117.876053142938,46.54549484317],[-117.881723142709,46.5466288433041],[-117.883064143395,46.5467638432343],[-117.883856143047,46.5467638432343],[-117.884657143113,46.5466018429582],[-117.892100142807,46.5444958429663],[-117.893324142595,46.5440548433139],[-117.895619143209,46.5428668433877],[-117.8997771434,46.5399598433296],[-117.903683142763,46.5372328434785],[-117.904169142692,46.5368908429955],[-117.908183143437,46.533956843491],[-117.910667142874,46.5325798429429],[-117.911819142939,46.5320758430832],[-117.917192143403,46.5302488433669],[-117.918110142569,46.5298798434375],[-117.918713143397,46.5294748427473],[-117.919406142979,46.5291238427487],[-117.92135914311,46.5277648430306],[-117.922790142551,46.5268648428957],[-117.92600314323,46.5253978426938],[-117.931592142863,46.5233188430477],[-117.932267143414,46.5230578427028],[-117.932420143275,46.5229858429798],[-117.933752142647,46.5220948432599],[-117.938504143252,46.5180808434137],[-117.945929143016,46.5118168432302],[-117.947567143009,46.510700843027],[-117.948854143004,46.5100168429604],[-117.950339143137,46.5096118431695],[-117.951815142854,46.509413843032],[-117.956000143392,46.5097018428233],[-117.959870142893,46.5098098433071],[-117.96136414344,46.509647843031],[-117.963713142947,46.5096028427544],[-117.965072142665,46.5096748433768],[-117.969275143133,46.5100978430985],[-117.971561143332,46.5098818430301],[-117.971975142639,46.509575843308],[-117.972452143052,46.5092068433786],[-117.972983143257,46.5086938431038],[-117.973280142564,46.5080548433138],[-117.97367614284,46.501079842718],[-117.973496142633,46.5006208431349],[-117.973487143117,46.500512842651],[-117.973406142979,46.499873842861],[-117.973334143256,46.4994508431394],[-117.972713143397,46.4983618432819],[-117.972740142843,46.498181843075],[-117.972605142913,46.4980918434213],[-117.972551143121,46.4978398434914],[-117.972407142775,46.4977588433534],[-117.972380143329,46.4974708426627],[-117.972254142914,46.4973628430782],[-117.971984143054,46.4965978428736],[-117.971885142985,46.4965618430121],[-117.970895143196,46.4943928428129],[-117.97046314306,46.493906842884],[-117.968501143413,46.4928808432338],[-117.964073143361,46.4911168428255],[-117.962606143159,46.4900908431753],[-117.961886143231,46.48930784304],[-117.961715143439,46.4890288427644],[-117.961058142819,46.487462843393],[-117.960950143234,46.4873458433934],[-117.961022142958,46.4846818428502],[-117.961058142819,46.4830708432023],[-117.961220143095,46.4817028430692],[-117.961283143302,46.4801908434901],[-117.960851143166,46.4779048432913],[-117.960914143373,46.4766538431578],[-117.961832143439,46.4742688428902],[-117.961886143231,46.4739538427531],[-117.962075142953,46.4735398434465],[-117.962831142743,46.4696788434612],[-117.96287614302,46.4695168431852],[-117.96287614302,46.4689588426339],[-117.962831142743,46.4677348428461],[-117.962597142744,46.4670238433331],[-117.962471143229,46.4669608431258],[-117.962273143091,46.4662768430593],[-117.962075142953,46.4659978427836],[-117.962075142953,46.4652148426483],[-117.961976142885,46.4651428429253],[-117.961571143094,46.460903843495],[-117.961373142956,46.4595808427391],[-117.961112142611,46.4588878431569],[-117.960779143443,46.4582308434361],[-117.960158142684,46.4566738426811],[-117.9600501431,46.4566288433039],[-117.959879143308,46.4561518428906],[-117.959816143101,46.4555308430314],[-117.95968114317,46.4552968430323],[-117.959519142894,46.4535598429698],[-117.959150142965,46.4507248426348],[-117.958592143313,46.4495188427777],[-117.95852014269,46.4492398434014],[-117.957629142971,46.4479168426455],[-117.956207143045,46.446521843066],[-117.955685143255,46.4457928427229],[-117.95530714291,46.4450818432099],[-117.955271143049,46.4446948433497],[-117.955208142842,46.4441548427292],[-117.95478514312,46.4428948430799],[-117.954218143053,46.4419048432913],[-117.954119142984,46.4418868433605],[-117.952337142645,46.4393218428861],[-117.952301142783,46.4391148432328],[-117.952103142646,46.4389078426801],[-117.952040143338,46.4385928434423],[-117.950978142927,46.436675843173],[-117.950951142581,46.4363968428973],[-117.950807143135,46.4363068432436],[-117.949952143277,46.4344978434581],[-117.949223142934,46.4333368429783],[-117.949223142934,46.4331298433249],[-117.94899814335,46.4328598434643],[-117.949025142796,46.4327338430498],[-117.948926142727,46.4326978431883],[-117.948899143281,46.4324188429126],[-117.948530143351,46.4319148430529],[-117.948530143351,46.4317798431226],[-117.94822414273,46.4313748433317],[-117.94783714287,46.4304118429895],[-117.947432143079,46.4297728431995],[-117.947135142873,46.4294308427166],[-117.946982143011,46.4290258429256],[-117.946910143288,46.4288638426496],[-117.94681114322,46.4280268427219],[-117.94708114308,46.4267848430034],[-117.947639142732,46.4255338428699],[-117.94835914266,46.4245798429427],[-117.948530143351,46.4231218431559],[-117.948431143283,46.4227258428807],[-117.948026142592,46.4221048430214],[-117.947999143146,46.4218618435066],[-117.947639142732,46.4213668431626],[-117.947603142871,46.4210878428869],[-117.947369142872,46.4208808432336],[-117.94733314301,46.420673842681],[-117.947108143426,46.4204038428204],[-117.946712143151,46.4196478430309],[-117.946550142875,46.4194948431698],[-117.946550142875,46.4193508428245],[-117.94630714336,46.4190718434481],[-117.946280143014,46.418819842619],[-117.946082142877,46.4186668427579],[-117.94605514343,46.4184778430353],[-117.945218142603,46.4169928429027],[-117.945092143088,46.4159398429068],[-117.944993143019,46.4158768426994],[-117.944795142882,46.4147248426347],[-117.944660142951,46.4145898427044],[-117.944426142952,46.4139058426378],[-117.944201143368,46.4136268432616],[-117.944228142815,46.4135188427777],[-117.94373314337,46.4126728433344],[-117.94307614275,46.4117098429922],[-117.942977142681,46.411394842855],[-117.942734143166,46.4111878432017],[-117.94270714282,46.4110438428564],[-117.942158142684,46.4101798434823],[-117.942014143238,46.4097028430691],[-117.9418161431,46.4085328430736],[-117.941915143169,46.407137843494],[-117.941717143032,46.4066608430808],[-117.941654142824,46.4063908432201],[-117.94115914338,46.4056978427385],[-117.94115914338,46.4055628428083],[-117.940925143381,46.405427842878],[-117.94050214276,46.4049148435026],[-117.938558143044,46.4031148432327],[-117.937595142702,46.4025028428892],[-117.936713143397,46.4020798431675],[-117.933365142787,46.4004328427588],[-117.932825143066,46.3999198433833],[-117.932699142651,46.399550843454],[-117.932600142582,46.3986778427655],[-117.932762142859,46.3979578428375],[-117.932762142859,46.3970668431176],[-117.933131142788,46.3957078433995],[-117.933365142787,46.3953748433316],[-117.934913143127,46.393817843476],[-117.937190142911,46.3914148432777],[-117.938117143391,46.3902268433514],[-117.938279142768,46.3899568434908],[-117.938612142836,46.3895158429391],[-117.939269142557,46.3879408431527],[-117.939440143248,46.3872658435011],[-117.939701142694,46.3854478433006],[-117.939638143386,46.3828198426189],[-117.939665142832,46.3813708432471],[-117.939674143247,46.3805068429737],[-117.939872143385,46.3797598426998],[-117.940628143174,46.3784998430506],[-117.94359814344,46.3748728430645],[-117.944957143158,46.3727308432111],[-117.946901142873,46.3691218431558],[-117.947990142731,46.3671238427484],[-117.949934143346,46.3645408432426],[-117.950762142859,46.3627408429728],[-117.950924143135,46.3619848431832],[-117.950888143273,46.3588978429183],[-117.951059143065,46.3580248431292],[-117.951689143339,46.3571608428558],[-117.952184142784,46.3567738429957],[-117.955514142564,46.3549918426567],[-117.957827143108,46.3539838429372],[-117.962885143435,46.3522558432897],[-117.972380143329,46.3489978432331],[-117.973577142771,46.3486288433037],[-117.974918142558,46.348340842613],[-117.97742914324,46.3477288431688],[-117.978095143376,46.3473508428244],[-117.978653143028,46.3468738433104],[-117.979283143302,46.3458388432453],[-117.979508142886,46.3450378431791],[-117.979553143163,46.3439848431832],[-117.979607142955,46.3425898427043],[-117.979769143231,46.3372708429323],[-117.979571143094,46.3365058427276],[-117.979013143442,46.3354078433545],[-117.978410142614,46.3339768430141],[-117.978311143444,46.3339228432218],[-117.977951143031,46.333175842948],[-117.977735142962,46.3326988434341],[-117.975503142556,46.3280638428292],[-117.975404143386,46.327856843176],[-117.975035142558,46.3275058431773],[-117.974837143319,46.3271908430401],[-117.97458514339,46.3270288427641],[-117.974153143253,46.3263628426283],[-117.973784143324,46.3260028431139],[-117.973622143047,46.3257508431841],[-117.97330714291,46.3254628433927],[-117.973163142565,46.3253098426323],[-117.973082143326,46.3250938434633],[-117.973019143119,46.3249138432564],[-117.973019143119,46.3244278433275],[-117.973019143119,46.3243198428437],[-117.973019143119,46.3241038427753],[-117.97328914298,46.323824843399],[-117.973982142562,46.3231948431247],[-117.974999142696,46.322609843127],[-117.975665142832,46.3221778429903],[-117.976556142552,46.3217728431993],[-117.9779331431,46.3211248429943],[-117.979517143302,46.3203688432047],[-117.98087614302,46.3198018431377],[-117.982325143291,46.3191808432785],[-117.983459143425,46.318640842658],[-117.983630143217,46.3185598434192],[-117.984332143214,46.3182178429363],[-117.985952143277,46.3174888434925],[-117.987581142855,46.3167598431494],[-117.989579143263,46.3158688434295],[-117.991028142635,46.3151128427407],[-117.991487143117,46.314698843434],[-117.991766143393,46.3141768427443],[-117.991991142977,46.3134928426777],[-117.992090143046,46.3132048428864],[-117.99231514263,46.3128898427492],[-117.992369143321,46.3128268434413],[-117.99297214325,46.3121338429597],[-117.995699143101,46.3104958429659],[-117.996923142889,46.3097668426228],[-117.998318143368,46.3087858432492],[-118.001054142734,46.3068508430491],[-118.003061142658,46.3056718426386],[-118.003151143211,46.3056178428463],[-118.003322143002,46.3055368427083],[-118.003592142863,46.3054198427087],[-118.006202142715,46.3038178434759],[-118.011440143248,46.3007128432802],[-118.014374142752,46.2989308429412],[-118.01470714282,46.2987148428729],[-118.014779143443,46.2985888433576],[-118.015040142888,46.2985168427352],[-118.022231142653,46.2941968431669],[-118.022528142859,46.2939268433063],[-118.022987143342,46.2937018428229],[-118.024535142783,46.2925678426889],[-118.026461142568,46.2913888431777],[-118.028639143182,46.2905518432501],[-118.02935914311,46.2902728429745],[-118.034903143365,46.2884188429124],[-118.036379143083,46.2880048427064],[-118.038620143005,46.2877978430531],[-118.042058143269,46.2876718426385],[-118.046180142699,46.287554842639],[-118.051850143369,46.2869788430563],[-118.053560143086,46.2867088431957],[-118.055153142803,46.2866278430576],[-118.058708143066,46.2864658427815],[-118.066979143173,46.2862048433359],[-118.06882414282,46.2864658427815],[-118.070570143297,46.2867898433338],[-118.072064142946,46.2870778431251],[-118.072388142599,46.2870418432636],[-118.074863143419,46.2875278431925],[-118.081298143395,46.2887698429111],[-118.082531142698,46.2890128433252],[-118.082684142559,46.2890398427716],[-118.084097142969,46.2892198429785],[-118.085375143448,46.2892288433935],[-118.08682414282,46.2892378429093],[-118.091711143355,46.2889768434637],[-118.0980111434,46.2883738426359],[-118.100981142765,46.2878698427761],[-118.103222142688,46.28733884347],[-118.105004143027,46.2867538434722],[-118.106327142883,46.2861598430594],[-118.106525143021,46.2860788429214],[-118.106885143435,46.2859168426453],[-118.109189142665,46.2846388430652],[-118.111367143279,46.2831808432784],[-118.114760143266,46.2806518426655],[-118.116569143052,46.2793018433625],[-118.116731143328,46.2791848433629],[-118.119728143039,46.2767458433032],[-118.122401143098,46.2747838427572],[-118.123445142679,46.2740998426907],[-118.124570143297,46.273523843108],[-118.125497142879,46.273181842625],[-118.126064142946,46.2729838433868],[-118.127558142594,46.2725158433886],[-118.129628142725,46.2719578428373],[-118.132400142852,46.2715168431849],[-118.135964142631,46.2709948433944],[-118.137800142762,46.2706798432572],[-118.139033142965,46.2704818431196],[-118.140977142681,46.2701758433976],[-118.142912142881,46.2701578434668],[-118.1460891428,46.2701578434668],[-118.146890142866,46.2701578434668],[-118.148375142998,46.2701578434668],[-118.149770142578,46.2701578434668],[-118.151255142711,46.270121842706],[-118.151588142779,46.2701128431902],[-118.152065143192,46.2701038427752],[-118.152128143399,46.2701038427752],[-118.15342414291,46.2700678429137],[-118.15342414291,46.2690958430558],[-118.15342414291,46.2678178434758],[-118.153406142979,46.2669718431331],[-118.153397142564,46.2664498433427],[-118.153361142703,46.2656308433458],[-118.153397142564,46.2647398427266],[-118.153325142841,46.2638758433526],[-118.153325142841,46.2630478429407],[-118.153316143325,46.2623188434969],[-118.15330714291,46.261904843291],[-118.153271143049,46.2594838431619],[-118.153199143326,46.2591148432325],[-118.153199143326,46.2586378428192],[-118.152938142981,46.2583408426129],[-118.152380143329,46.257305843447],[-118.150904142712,46.2552088429708],[-118.148987143342,46.2530668431174],[-118.148861142927,46.2527338430494],[-118.148429142791,46.2522298431898],[-118.147934143346,46.2513928432622],[-118.147367143279,46.249862842853],[-118.147151143211,46.2489718431331],[-118.146737143005,46.248179843482],[-118.146467143144,46.2476308433458],[-118.145540142663,46.2452908433548],[-118.145018142873,46.2431668416335],[-118.144982143011,46.2429778419109],[-118.144784142874,46.2416638424694],[-118.144217142807,46.240646842335],[-118.143272143295,46.2394678419244],[-118.14212014323,46.2382438421367],[-118.141409142818,46.2373708423476],[-118.141130143441,46.2370198423489],[-118.13915914338,46.2342568417369],[-118.138916142966,46.2337888417387],[-118.13850214276,46.2326998418812],[-118.137872143385,46.2300718420989],[-118.137872143385,46.2299188422378],[-118.1378811429,46.2265078423201],[-118.1378811429,46.2239158423992],[-118.137890143315,46.207940842253],[-118.137890143315,46.2060328423988],[-118.137917142762,46.2040348419914],[-118.137926143177,46.203251841856],[-118.1379981429,46.2025948421352],[-118.138430143037,46.200767842419],[-118.138430143037,46.2001918419369],[-118.138916142966,46.1977168420157],[-118.138916142966,46.196879842088],[-118.138790142551,46.1962678417445],[-118.138691143382,46.1961868425058],[-118.13850214276,46.1956198424387],[-118.138304142622,46.1948008424419],[-118.138097142969,46.194386842236],[-118.137908143246,46.1936308424464],[-118.137872143385,46.1923528419671],[-118.13786314297,46.1918398416923],[-118.137791143247,46.1892028423942],[-118.137782142832,46.188734842396],[-118.137557143248,46.1879338423299],[-118.136666142628,46.1861788423367],[-118.136531142698,46.1855398416473],[-118.136423143114,46.1854138421321],[-118.136297142699,46.1843428422054],[-118.136477142906,46.1833348424859],[-118.136729142836,46.1825878422121],[-118.13735914311,46.1814178422166],[-118.139033142965,46.1794108422935],[-118.139240142618,46.1790238424333],[-118.139240142618,46.1780338417454],[-118.138709143312,46.1767378422346],[-118.137593143109,46.1756398419621],[-118.135784143324,46.1743348420363],[-118.135226142772,46.1738128422458],[-118.134677142636,46.1729398424567],[-118.13453314319,46.1726248423196],[-118.133984143054,46.1713198423938],[-118.133453142848,46.1700868421909],[-118.13312014278,46.1693578418479],[-118.132427143198,46.167980842199],[-118.131419142579,46.1658298419306],[-118.13132014341,46.1651728422098],[-118.131950142785,46.1627878419423],[-118.132085142715,46.1626798423578],[-118.132085142715,46.1596648418159],[-118.132184142784,46.1585218421662],[-118.132580143059,46.1576938417543],[-118.134362143398,46.1553178419018],[-118.135640142978,46.1540668417683],[-118.136396142768,46.1534908421855],[-118.138700142897,46.1520508423294],[-118.139915143169,46.1508178421266],[-118.140833143235,46.1496838419926],[-118.142957143158,46.1474338416554],[-118.143605143363,46.1468938419341],[-118.14455914329,46.1456158423542],[-118.14469414322,46.1454538420781],[-118.145324142595,46.1449498422183],[-118.147322143002,46.1433928423627],[-118.148078142792,46.1428708416729],[-118.14905014265,46.1424208425048],[-118.15048114299,46.141754842369],[-118.151804142847,46.14126884244],[-118.15292014305,46.1408638417498],[-118.154324143045,46.1403508423744],[-118.154594142905,46.1402338423749],[-118.155485142625,46.1398738419611],[-118.156628143174,46.139414842378],[-118.156700142897,46.1393968424472],[-118.157024143449,46.1393248418249],[-118.157915143169,46.1388928416882],[-118.159814142609,46.1381728417602],[-118.162388142599,46.1372008419022],[-118.163513143217,46.1368678418343],[-118.16501614328,46.1366068423888],[-118.166807143135,46.1365348417665],[-118.167293143064,46.1365168418357],[-118.16782414327,46.1364088422512],[-118.169003142781,46.1361748422521],[-118.184591143067,46.1301898423443],[-118.18646314306,46.1294788419319],[-118.187282143056,46.1291818417255],[-118.193609143447,46.1273368420785],[-118.193726143447,46.1273098417327],[-118.194932143304,46.1268958424261],[-118.20072814259,46.1248618421571],[-118.205525142571,46.1231068421639],[-118.207658142909,46.1214058419629],[-118.208189143114,46.1209828422412],[-118.208954143319,46.1205508421045],[-118.209827143108,46.1202268424517],[-118.214012142746,46.1192458421788],[-118.2159201426,46.11850784232],[-118.216586142736,46.1182738423208],[-118.217162143218,46.1180668417682],[-118.218350143145,46.117526842047],[-118.219097143418,46.1172118419098],[-118.219790143001,46.1169058421877],[-118.22015914293,46.1167258419809],[-118.221275143133,46.1161858422597],[-118.223282143056,46.1150608416414],[-118.226576142975,46.1128288421342],[-118.227287143387,46.1123338417903],[-118.230032143169,46.1103268418672],[-118.231166143303,46.1096158423541],[-118.232732142674,46.1089048419418],[-118.233992143223,46.1084908417358],[-118.235225143426,46.1080858419449],[-118.235891142662,46.1076718417389],[-118.236737143005,46.1067988419498],[-118.237304143072,46.105835842507],[-118.238393142929,46.104701842373],[-118.239599142786,46.1036938417542],[-118.242263143329,46.1028478423109],[-118.244324143045,46.1022538418982],[-118.251074143157,46.100318841698],[-118.251830142947,46.1000128419759],[-118.252514143013,46.0994818417704],[-118.253774142663,46.0980868421908],[-118.25552014314,46.0944778421355],[-118.256510142929,46.0919938417992],[-118.2579591432,46.0894378417398],[-118.258319142714,46.0888078423649],[-118.258877143266,46.0884208425047],[-118.25962414264,46.0880788420218],[-118.260713143397,46.0878268420919],[-118.263089143249,46.0872778419557],[-118.267418143233,46.086278841752],[-118.270712143151,46.0854778416859],[-118.273727142793,46.0848928416881],[-118.275284142649,46.084658841689],[-118.275833142785,46.0845598416202],[-118.27698514285,46.0843798423127],[-118.279937143185,46.0840018419683],[-118.283753142893,46.0838128422457],[-118.292024143,46.0825618421122],[-118.297505143048,46.0824448421126],[-118.300331142968,46.0817068422538],[-118.300493143244,46.0816708423923],[-118.302599143236,46.081121842256],[-118.303958142954,46.0810588420487],[-118.304435143367,46.0810948419103],[-118.30605514343,46.0812298418405],[-118.309034143211,46.0818238422534],[-118.309853143208,46.0819138419071],[-118.311977143131,46.0821568423212],[-118.313858142639,46.082318841698],[-118.314137142915,46.0823368416288],[-118.317908143246,46.0826788421117],[-118.31929414331,46.082804841627],[-118.321229142611,46.0826518417659],[-118.322840143158,46.0823098421823],[-118.323254143364,46.0821838417677],[-118.323461143017,46.0821208424597],[-118.32519814308,46.0815808418392],[-118.325531143148,46.0814908421854],[-118.32583714287,46.0813918421167],[-118.329410143064,46.0802668423977],[-118.335296142903,46.0784128423356],[-118.336007143315,46.0781878418522],[-118.337717143032,46.0767748423419],[-118.339193142749,46.0751548422789],[-118.339832143439,46.0744978416589],[-118.340777142951,46.0735708420775],[-118.341821143431,46.072967842149],[-118.343927143423,46.0721398417371],[-118.344251143076,46.0719958422911],[-118.345889143069,46.0714018418783],[-118.347923143338,46.0706908423653],[-118.348355142576,46.0705108421585],[-118.348715142989,46.0703668418131],[-118.349921142846,46.0700338417452],[-118.351136143118,46.0697998417461],[-118.353386142556,46.0695118419547],[-118.35361114304,46.069484841609],[-118.354088142554,46.0694488417475],[-118.354196143038,46.0694398422318],[-118.355051142896,46.0693948419552],[-118.355969142962,46.0693408421629],[-118.356401143098,46.0693138418172],[-118.362854143004,46.0693228422322],[-118.367687142847,46.0693228422322],[-118.368164143261,46.0693228422322],[-118.369208142842,46.0692598420249],[-118.370414142699,46.0690978417488],[-118.3719981429,46.0687648416809],[-118.373285142895,46.0682968416827],[-118.373735142962,46.0681888420982],[-118.376084143368,46.0680628416836],[-118.378019142669,46.0680268418221],[-118.384238142576,46.0678918418918],[-118.388171143184,46.0678108417538],[-118.388630142767,46.067711841685],[-118.390286142691,46.067711841685],[-118.390709143312,46.0677028421692],[-118.397963143284,46.0676758418235],[-118.403354142779,46.0676128416161],[-118.404497143328,46.0676128416161],[-118.409114143103,46.0676128416162],[-118.409393143379,46.0675408418931],[-118.409951143031,46.0674148423779],[-118.410671142959,46.06708184231],[-118.416242142661,46.063607842185],[-118.417034143211,46.0630408421179],[-118.417574142932,46.0627888421881],[-118.430471143229,46.0546528420119],[-118.431614142878,46.0543738417362],[-118.432505142598,46.0544368419435],[-118.435817143346,46.0549138423567],[-118.436735143412,46.0549768416647],[-118.442090143046,46.0545988422196],[-118.450604142667,46.0539598424296],[-118.450964143081,46.0538698418765],[-118.454366142583,46.0529338418801],[-118.461431142833,46.051007842095],[-118.461728143039,46.050926841957],[-118.464581143305,46.0502068420289],[-118.469540142663,46.0488838421724],[-118.471970143207,46.0481098424521],[-118.477208142841,46.0467958421112],[-118.479584142694,46.0462108421135],[-118.48115914338,46.0459228423221],[-118.484138143161,46.0459048423914],[-118.484291143022,46.0459048423914],[-118.486406143429,46.0460218423909],[-118.487432143079,46.0460758421832],[-118.489475142864,46.046174842252],[-118.49093314265,46.0462468419749],[-118.493066142988,46.0464088422511],[-118.495136143118,46.0465708416278],[-118.496027142838,46.0466608421809],[-118.499564143171,46.0470298421103],[-118.501094142681,46.0471918423864],[-118.502651143436,46.0473718416939],[-118.50455914329,46.0475788422466],[-118.513622143047,46.0485778424503],[-118.524638142936,46.0497658423765],[-118.529705142778,46.0502968416827],[-118.537094142681,46.0510798418181],[-118.544006143069,46.0518178416769],[-118.544555143205,46.0518808418841],[-118.554860142681,46.0529968420874],[-118.560575142729,46.0537078424997],[-118.563896142993,46.0540768424291],[-118.565714143193,46.0542748416674],[-118.569620142555,46.0546888418733],[-118.574921143296,46.0552648423554],[-118.57578514267,46.0553548420092],[-118.578125142661,46.055606841939],[-118.580528142859,46.0559038421454],[-118.581950142785,46.0561108417987],[-118.582562143128,46.0562008423518],[-118.583480143194,46.0563358422821],[-118.58633314256,46.056515842489],[-118.590284143099,46.0568398421418],[-118.590779143443,46.0568578420726],[-118.592471143229,46.0568758420033],[-118.593101142604,46.0568848424183],[-118.594316142876,46.0565878422119],[-118.600778143197,46.0540948423599],[-118.601633143055,46.0539598424296],[-118.60419814263,46.0537528418769],[-118.606916142966,46.0535368418086],[-118.611578143017,46.0532128421557],[-118.615682143416,46.0529068424336],[-118.616501143413,46.0528528417421],[-118.616834142582,46.0528258422956],[-118.617329142926,46.0527628420883],[-118.626095143376,46.0505938418891],[-118.627823143024,46.0501798416832],[-118.631657142663,46.0490098416876],[-118.632161143422,46.0488658422416],[-118.632323142799,46.0488118424493],[-118.642079143937,46.045112841841],[-118.648127144052,46.0428718419187],[-118.648550143774,46.0427098416427],[-118.649675144392,46.0422778424053],[-118.655507144439,46.0402888424129],[-118.656893143604,46.0399558423451],[-118.657217144156,46.0399018416534],[-118.658666144427,46.0396768420693],[-118.660007144214,46.0396768420693],[-118.661807143585,46.0397758421382],[-118.669070143972,46.0405768422043],[-118.670897143688,46.0407658419268],[-118.671320144309,46.0408018417883],[-118.674290143675,46.0411168419255],[-118.674884144088,46.0412248424093],[-118.679924143584,46.0416748424768],[-118.683929143915,46.0416298422002],[-118.684892144257,46.0416208417852],[-118.685810144323,46.0416208417852],[-118.687484144178,46.041800841992],[-118.689194143895,46.0423228417825],[-118.700084144268,46.0478668420379],[-118.700354144128,46.0478848419687],[-118.702595144051,46.0490188421027],[-118.704908143696,46.0501888420981],[-118.705088143903,46.0502788417519],[-118.709633143954,46.0525918422965],[-118.710056143676,46.052708842296],[-118.731800143662,46.0589818419952],[-118.741196144386,46.0617178422614],[-118.743104144241,46.0622758419134],[-118.751096144072,46.0645708416279],[-118.751933143999,46.0647328419039],[-118.765424143809,46.0687018423729],[-118.774262143983,46.0711768422943],[-118.774865143911,46.0712128421558],[-118.777457143832,46.0710778422254],[-118.77922114424,46.0710958421562],[-118.781714144092,46.071338841671],[-118.782110144368,46.0713748424319],[-118.784180143599,46.071761842292],[-118.785359144009,46.0719238416688],[-118.786457144282,46.0720858419449],[-118.789472143924,46.072409842497],[-118.794665144181,46.0725358420123],[-118.79656414362,46.0725718418738],[-118.798661144097,46.0720678420141],[-118.799516143955,46.0716268423617],[-118.801388143948,46.0703308419516],[-118.802774144011,46.0696018416085],[-118.805276144279,46.0691158416795],[-118.808480143644,46.0686388421657],[-118.810262143983,46.0686118418198],[-118.811036143703,46.0687468417502],[-118.81135114384,46.0688908420955],[-118.813133144179,46.0697278420231],[-118.814366144382,46.0701688416755],[-118.816265143821,46.0703308419516],[-118.817219143748,46.0702228423671],[-118.818965144226,46.069502842439],[-118.82060314422,46.0686658416121],[-118.821755144284,46.0679278417533],[-118.824536143928,46.0665598416202],[-118.825787144061,46.0661908416908],[-118.827074144056,46.066028842314],[-118.830188143768,46.0659838420375],[-118.831718144177,46.0661638422444],[-118.832618144312,46.0662628423132],[-118.834067143684,46.0662988421746],[-118.835552143816,46.0660828421063],[-118.83616414416,46.0659838420375],[-118.836695144365,46.0658398416921],[-118.837712143601,46.0656778423154],[-118.838153144152,46.0656058416931],[-118.838864143665,46.0654888416935],[-118.839206144148,46.0654258423855],[-118.840196143937,46.0651828419714],[-118.842563144274,46.0642198416292],[-118.844336144198,46.0632838416328],[-118.84682914405,46.0619608417762],[-118.848503143905,46.0611058419179],[-118.853462144163,46.0586398424116],[-118.855919144153,46.0574248421396],[-118.85673814415,46.0568848424183],[-118.859330144071,46.0556158423541],[-118.860050143999,46.0553908418707],[-118.863137144264,46.0544098424971],[-118.865828144253,46.0536808421539],[-118.86715114411,46.0534108422933],[-118.867358143763,46.0533748424319],[-118.868753144242,46.0530778422254],[-118.872767144088,46.0526368416737],[-118.876106144283,46.0525918422965],[-118.87652014359,46.0526098422272],[-118.881263143779,46.0529158419493],[-118.884890143765,46.0533658420168],[-118.889183143887,46.0538788422916],[-118.890204586672,46.0540040423095],[-118.892414143598,46.0542748416674],[-118.897760143716,46.0549408418032],[-118.900919143703,46.0553278416633],[-118.902269143906,46.0555078418702],[-118.902683144112,46.0555528421467],[-118.904033144314,46.0556698421463],[-118.904150144314,46.0556698421463],[-118.905509144032,46.0557868421459],[-118.906238144375,46.0558678422839],[-118.908083144022,46.0560658424215],[-118.910672039483,46.0564825738685],[-118.909775143808,46.0594588424084],[-118.909379144432,46.0606108424732],[-118.90880314395,46.0623208421899],[-118.908038143745,46.0647868416962],[-118.908020143815,46.0656688419003],[-118.907939143677,46.0679908419606],[-118.907939143677,46.0680988424444],[-118.907894144299,46.0697278420231],[-118.907822143677,46.0721308422215],[-118.907678144231,46.0767028417196],[-118.9077771443,46.0784398417821],[-118.908326144436,46.0806808417043],[-118.908821143881,46.0821388423905],[-118.908866144157,46.0825978419737],[-118.908965144226,46.0826698416967],[-118.910765143596,46.0895188418779],[-118.911809144077,46.09549484227],[-118.912250143729,46.0976638424692],[-118.912304144421,46.0978888420533],[-118.912385143659,46.0983568420515],[-118.912628144074,46.0998058423227],[-118.912655144419,46.0999588421837],[-118.913015143934,46.1022268424516],[-118.913357144417,46.1038828423761],[-118.913609144346,46.1047198423037],[-118.913834143931,46.1051518424405],[-118.914302143929,46.105754842369],[-118.914374143652,46.10590784223],[-118.914464144205,46.1061328418141],[-118.915040143788,46.1067718425034],[-118.916831143642,46.1086978422884],[-118.917731143777,46.1095798424926],[-118.918604143566,46.1104348423509],[-118.918775144257,46.1107048422116],[-118.92089914418,46.1128378416499],[-118.92115114411,46.1130898424791],[-118.923626144031,46.115672841985],[-118.924958144303,46.1171668416333],[-118.927109143672,46.1196148421081],[-118.929710144008,46.1231698423712],[-118.929908144145,46.1236558423001],[-118.930331143867,46.1241418422291],[-118.930691144281,46.1248618421571],[-118.932122143722,46.1279038421455],[-118.93232014386,46.1284798417282],[-118.933058143718,46.1306668418582],[-118.935578143916,46.1389018421033],[-118.937693144323,46.145786842146],[-118.939484144178,46.1514748418474],[-118.94031214369,46.1540668417683],[-118.940519144243,46.1547778421806],[-118.941077143895,46.1558938423839],[-118.941464143755,46.1569648423106],[-118.941878143961,46.1576848422386],[-118.942391144236,46.1583778418209],[-118.943831144092,46.1601058423677],[-118.944335143952,46.1609248423645],[-118.945082144226,46.1616808421541],[-118.945757143877,46.1623558418056],[-118.946198144429,46.1627968423573],[-118.946972144149,46.1634718420089],[-118.947386144355,46.1637418418695],[-118.947611143939,46.1639038421455],[-118.947737144354,46.1639848422836],[-118.9478811438,46.1640928418681],[-118.948070144422,46.1642188422827],[-118.955000143842,46.1690968424023],[-118.964009143807,46.1753878420322],[-118.975124143764,46.1831818417256],[-118.981109143672,46.1874388419859],[-118.995050144449,46.1970688418106],[-118.995167144448,46.1971498419487],[-119.000639144081,46.2009028423493],[-119.001197143733,46.2012178424864],[-119.013005144172,46.2093628421784],[-119.013266143618,46.2095698418317],[-119.020169143591,46.2145378425044],[-119.023418144132,46.2166618424271],[-119.024174143922,46.2171928417333],[-119.024516144405,46.2174628424932],[-119.026721143566,46.2189658416573],[-119.029214144317,46.2207658419271],[-119.034425143605,46.2242938418444],[-119.037224144079,46.2263008417675],[-119.037719144423,46.2266608421811],[-119.03842114442,46.2271648420408],[-119.046125143561,46.2323848417441],[-119.04701614418,46.2329788421569],[-119.047106143833,46.2330328419491],[-119.048015144383,46.2336628422234],[-119.055593144008,46.2387838418579],[-119.056430143936,46.2393508419249],[-119.057780144138,46.2402598424748],[-119.064719143973,46.2449668428026],[-119.064863144319,46.2450298430099],[-119.064926143627,46.2450748432864],[-119.065412143556,46.2453178428012],[-119.06681614445,46.2460648430751],[-119.070821143881,46.2485668433422],[-119.075816144,46.2501598430594],[-119.078822144127,46.2503668427127],[-119.081135143772,46.250357843197],[-119.082314144182,46.2503668427127],[-119.082431144182,46.2507808429187],[-119.082719143973,46.2516628431228],[-119.083421143971,46.2535618434614],[-119.086715143889,46.2628678427338],[-119.088101143953,46.2665308434807],[-119.09201614373,46.2775648433],[-119.094059144414,46.2832528430014],[-119.094239143721,46.2845308434808],[-119.094212144275,46.2872578433319],[-119.094140143653,46.2875368427082],[-119.093969143861,46.2957808433684],[-119.093672143655,46.3096678434534],[-119.093618143862,46.312358843443],[-119.093537143724,46.3125658430964],[-119.093339143587,46.3218088430608],[-119.093204143656,46.3290358426872],[-119.093204143656,46.329782842961],[-119.09317714421,46.3316998432304],[-119.09317714421,46.3318618435065],[-119.093186143726,46.3372798433473],[-119.093186143726,46.3385308434808],[-119.092934143796,46.3404748431966],[-119.091890144215,46.3434268426319],[-119.091710144008,46.3438948426301],[-119.088821143881,46.3517788428765],[-119.088632144158,46.3522648428055],[-119.087822143677,46.3543528428666],[-119.086661144096,46.3579978427835],[-119.084816144449,46.36280384318],[-119.076860143581,46.3745848432731],[-119.076824143719,46.3747828434108],[-119.076815144204,46.3749088429261],[-119.068436143613,46.3860508432291],[-119.064053143837,46.3918558429301],[-119.062793144188,46.3935748430619],[-119.062595144051,46.3936108429234],[-119.062559144189,46.3939078431298],[-119.050409144167,46.4096308433461],[-119.044487143567,46.4172898431091],[-119.042723144058,46.4187748432417],[-119.040194144344,46.4202058426828],[-119.038997144003,46.420673842681],[-119.038304144421,46.4210068427489],[-119.038304144421,46.421096843302],[-119.037782143731,46.421240842748],[-119.033111144164,46.4232658435012],[-119.032553143613,46.4234998435003],[-119.029979143623,46.4246698434958],[-119.028989143834,46.4252098432171],[-119.027891143561,46.4261098433519],[-119.02709914391,46.4270368429333],[-119.025839144261,46.4296018434077],[-119.025272144194,46.4310778431253],[-119.024822144127,46.4322748434666],[-119.02402114406,46.4343988433893],[-119.023787144061,46.4347408429729],[-119.023193143649,46.4363608430358],[-119.023031144272,46.4365768431042],[-119.022599144135,46.4377828429612],[-119.019314143733,46.4457658432764],[-119.018495143736,46.4479258430606],[-119.018414143598,46.44829484299],[-119.01835114429,46.4483848426437],[-119.015012144095,46.4562868428209],[-119.013788144307,46.4577988432994],[-119.012825143965,46.4587258428807],[-119.013392144032,46.4597158426694],[-119.013491144101,46.4599768430143],[-119.013617143616,46.4601298428753],[-119.01359014417,46.4613628430781],[-119.013158144033,46.46501684341],[-119.011817144246,46.4760418428142],[-119.011916144315,46.4791918432864],[-119.011556143901,46.4805238426587],[-119.011421143971,46.4816578427927],[-119.011583144247,46.4831338434096],[-119.012186144175,46.4848258431956],[-119.012240143967,46.4851588432634],[-119.012339144036,46.4852218434708],[-119.013140144102,46.4880658433215],[-119.013527143963,46.4894698433161],[-119.013797143823,46.4899648427607],[-119.014634143751,46.4926738426812],[-119.015975144437,46.496975843218],[-119.015939143677,46.4988658431416],[-119.015804143746,46.4998648433453],[-119.014859144234,46.5069298426955],[-119.012897143688,46.5181438427216],[-119.012924144034,46.5195748430621],[-119.013464143755,46.5215458431237],[-119.014256144306,46.5232918427019],[-119.014337144444,46.5234088427014],[-119.014517143751,46.5237868430459],[-119.015381144025,46.5302218430211],[-119.015471143678,46.5321838426677],[-119.015039144441,46.5341008429371],[-119.014589144373,46.5351178430716],[-119.014310144098,46.5357748427923],[-119.013608144101,46.5369628427186],[-119.010404143836,46.5414808433238],[-119.007812143915,46.5454228434471],[-119.00728114371,46.5461518428908],[-119.007110143918,46.5463768433742],[-119.007011143849,46.5466378428197],[-119.006381143575,46.547267843094],[-119.00151214387,46.5538648433454],[-119.001116143595,46.5540898429294],[-119.000882143596,46.5542608427213],[-118.999433144224,46.5563038434052],[-118.996922144441,46.559795843461],[-118.995698143754,46.5618838426229],[-118.995626144031,46.5620098430374],[-118.995104144241,46.5630538426183],[-118.994078143691,46.5646558427505],[-118.992494144389,46.566887843157],[-118.995833143685,46.5678148427384],[-118.999514144362,46.5689398433567],[-119.001116143595,46.5695968430774],[-119.002754143589,46.5716938426543],[-119.003366143932,46.5722158433441],[-119.003870143792,46.5726658434116],[-119.004401143998,46.5732688433401],[-119.004401143998,46.5741058432676],[-119.004428144343,46.5764908426359],[-119.004365144136,46.5783358431822],[-119.004266144067,46.5809638429646],[-119.003978144276,46.5815938432389],[-119.003861144276,46.5818638430995],[-119.002565143866,46.5836098426777],[-119.002070144422,46.5842848432285],[-119.00189914373,46.5847618427425],[-119.001836144423,46.5855628428085],[-119.002250143729,46.5862648428059],[-119.002277144075,46.5862918431517],[-119.002502143659,46.5865168427357],[-119.002709144212,46.5867148428733],[-119.002799143865,46.5868138429421],[-119.005553144062,46.5889648432106],[-119.005607143855,46.5891448434174],[-119.006111143714,46.5895678431391],[-119.006408143921,46.5899908428608],[-119.006669144266,46.5906658434116],[-119.006696143712,46.5907558430653],[-119.006435144266,46.5947158431193],[-119.006372144059,46.5948598434647],[-119.006201144267,46.596848843457],[-119.006192143852,46.5974608429012],[-119.006183144337,46.5985048433814],[-119.006093143784,46.605713843077],[-119.006012143645,46.6105738432659],[-119.005850144269,46.6202308434364],[-119.005877143715,46.6248658431419],[-119.005940143922,46.6348108431036],[-119.005994143715,46.6425868428663],[-119.006039143991,46.649552843047],[-119.006084144268,46.6598398434918],[-119.006093143784,46.6637818427156],[-119.006093143784,46.664987843472],[-119.005823143923,46.6934908430858],[-119.005661143647,46.6999258430611],[-119.005814144407,46.7015998429163],[-119.005967144268,46.7024278433282],[-119.006057143922,46.7030398427724],[-119.007074144056,46.705505843178],[-119.007155144195,46.7055958428317],[-119.007290144125,46.7060638428299],[-119.007353144332,46.7061718433138],[-119.007785143569,46.7071798430332],[-119.008010144053,46.7075938432391],[-119.008154144398,46.7078278432383],[-119.008973144395,46.7092858430251],[-119.009009144257,46.7093938426096],[-119.01089914418,46.7122558432904],[-119.013095143826,46.7148118433498],[-119.015282143956,46.7168008433421],[-119.017334144155,46.7182408431983],[-119.020088144352,46.7199238434685],[-119.0237511442,46.721651843116],[-119.024732143574,46.7220928427684],[-119.0255691444,46.722362842629],[-119.026136143568,46.7225158433894],[-119.027261144186,46.7229028432495],[-119.031716143685,46.7244148428286],[-119.040419143928,46.7270158431645],[-119.046035143907,46.7287618427428],[-119.048474143967,46.7294008434321],[-119.048573144035,46.7295628428088],[-119.049878143961,46.7297698433615],[-119.056106144283,46.7307688426658],[-119.05872514365,46.7313898434245],[-119.079461143917,46.7376628431236],[-119.080037144399,46.7378248433998],[-119.080640144327,46.7380138431223],[-119.086454144443,46.7397958434613],[-119.09151214387,46.741352843317],[-119.103932143753,46.744970842888],[-119.112230144206,46.7474458428094],[-119.11336414434,46.7477878432923],[-119.117684143908,46.7490928432181],[-119.119889143969,46.7498668429384],[-119.12236414389,46.7508928434879],[-119.124326144436,46.7519188431381],[-119.126036144153,46.752971843134],[-119.129762144208,46.7557528427774],[-119.130176144413,46.7561848429142],[-119.131193143649,46.7574088427019],[-119.132021144061,46.7585788426974],[-119.133317143571,46.7609098431727],[-119.133974144191,46.7624938433742],[-119.134289144329,46.7642128435059],[-119.13446014412,46.7663998427365],[-119.134514143913,46.7675608432163],[-119.134514143913,46.7679568434915],[-119.134496143982,46.7781718433139],[-119.134496143982,46.7821588428143],[-119.134496143982,46.7822758428139],[-119.134433143775,46.7925808431894],[-119.134433143775,46.7930128433261],[-119.134415143844,46.7970088432416],[-119.134415143844,46.7986828430968],[-119.134388144397,46.8076288428549],[-119.134370143567,46.8118768427002],[-119.134370143567,46.8188968426732],[-119.13420814419,46.8199948429458],[-119.133326143986,46.8263308428522],[-119.133155144195,46.8409288433496],[-119.132975143988,46.8550228430879],[-119.132975143988,46.8554188433631],[-119.132957144057,46.8698098433078],[-119.132966143573,46.8700888426842],[-119.132975143988,46.870835842958],[-119.133056144126,46.874867842735],[-119.133173144125,46.8845158433897],[-119.133326143986,46.887620842686],[-119.1338031444,46.8885838430282],[-119.134019143569,46.888835842958],[-119.134865143911,46.8897898428852],[-119.138798143619,46.8924178426676],[-119.140283143752,46.8934168428713],[-119.14112014368,46.8939838429383],[-119.142326144436,46.8947398427278],[-119.143145144433,46.8952618434176],[-119.143757143877,46.8957658432773],[-119.144279143668,46.8963958426523],[-119.144288144083,46.8963958426523],[-119.144585144289,46.8975838434779],[-119.144594143805,46.8975928429936],[-119.144585144289,46.8976198433394],[-119.144495143736,46.8984838427134],[-119.144018144222,46.8994378426406],[-119.137880143554,46.9086718430894],[-119.136728144388,46.91048984329],[-119.136476143559,46.9110838428034],[-119.136071143768,46.9122088434217],[-119.135900143976,46.9129918426577],[-119.135873143631,46.9177618431928],[-119.135873143631,46.9188148431888],[-119.135702143839,46.921622843178],[-119.134730143981,46.9246918426128],[-119.133794143985,46.9266448427436],[-119.130680144273,46.9334488426483],[-119.130158143583,46.9346278430589],[-119.129726144346,46.9357798431236],[-119.128772144419,46.9383718430445],[-119.128502143659,46.9411798430337],[-119.128196143937,46.9480108432842],[-119.127998143799,46.9491268434875],[-119.127431143732,46.9502968434829],[-119.126693143873,46.951079842719],[-119.126117144291,46.9514668434784],[-119.124623143743,46.9529248432653],[-119.121932143753,46.9555708429784],[-119.119421143971,46.9580458428998],[-119.118755143835,46.9588918432424],[-119.11839514432,46.9596028427554],[-119.117963144184,46.961429843371],[-119.117918143907,46.966667843005],[-119.117900143976,46.9701238431992],[-119.117900143976,46.9704568432671],[-119.117891143561,46.9776298431012],[-119.117882144046,46.9839298431462],[-119.117882144046,46.9846408426593],[-119.126117144291,46.9846948433509],[-119.130518143997,46.9847038428665],[-119.137169144041,46.9847218427973],[-119.140724144304,46.9847308432123],[-119.141480144093,46.984739842728],[-119.14255114402,46.984739842728],[-119.14936414434,46.9847128432816],[-119.15257714412,46.9847038428665],[-119.154197144183,46.984739842728],[-119.154476143559,46.9847218427973],[-119.155295143556,46.9847218427973],[-119.155601144177,46.9847218427973],[-119.159111144164,46.9847308432123],[-119.163620144354,46.984748843143],[-119.166788143858,46.9849108434192],[-119.167931144407,46.9850368429345],[-119.172179144252,46.9851718428647],[-119.174996143757,46.9852528430028],[-119.17611214396,46.9851808432798],[-119.177633143954,46.9848658431427],[-119.194103144445,46.9848208428661],[-119.194436143613,46.9847758434889],[-119.205893144053,46.9848208428661],[-119.207729144185,46.984748843143],[-119.213840143608,46.9840828430073],[-119.227898144384,46.9825348426673],[-119.237267143864,46.9815178434322],[-119.239607143855,46.9812658435023],[-119.24836414389,46.9802848432294],[-119.249831144092,46.9802578428836],[-119.251127143603,46.9803928428139],[-119.252504144151,46.9806178432973],[-119.253737144354,46.9810228430882],[-119.254574144281,46.9814908430864],[-119.255339143587,46.981760842947],[-119.255834143931,46.9820668426691],[-119.257139143856,46.9825348426673],[-119.25813814406,46.9827868434965],[-119.258750144404,46.9828678427352],[-119.258957144057,46.9828858426659],[-119.259479143847,46.9829128430118],[-119.26071214405,46.982813842943],[-119.262485143974,46.9825168427366],[-119.265320144309,46.9819678434997],[-119.265869144445,46.9818508435001],[-119.270531143597,46.9809148435037],[-119.271728143939,46.9808608428121],[-119.272196143937,46.9809868432267],[-119.272439144351,46.9811578430185],[-119.272826144211,46.981769843362],[-119.272799143865,46.9819228432231],[-119.273438143655,46.9827508427357],[-119.274104143791,46.9830028426655],[-119.276633144404,46.9836688428013],[-119.277839144261,46.983875843354],[-119.278739144396,46.9839028428004],[-119.27999014363,46.9836958431471],[-119.283653144377,46.9831108431493],[-119.286821143881,46.9825978428746],[-119.286893143604,46.9824988428058],[-119.287388143948,46.9824988428058],[-119.291465144001,46.9818148427392],[-119.292473143721,46.9814998435015],[-119.295497143778,46.9802398429529],[-119.299610143693,46.9782238426147],[-119.31200314413,46.9717888426394],[-119.314370143567,46.9704748431979],[-119.316539143766,46.9687288427203],[-119.319176143964,46.9663528428678],[-119.319311143894,46.966028843215],[-119.319734143616,46.9658038427316],[-119.320409144167,46.9652998428718],[-119.321210144233,46.9649848427347],[-119.322236143883,46.9650298430113],[-119.322758143673,46.9651108431493],[-119.323532144293,46.9652278431489],[-119.333090144395,46.9672618434178],[-119.333459144324,46.9672618434178],[-119.333459144324,46.9673248427257],[-119.337104144241,46.9681708430684],[-119.339750143954,46.9687828434119],[-119.343422144217,46.9696198433395],[-119.345285143794,46.9700428430612],[-119.345384143863,46.9702048433373],[-119.345501143863,46.970222843268],[-119.345618143862,46.9702408431988],[-119.345897144138,46.9702858434753],[-119.346221143791,46.9703308428526],[-119.346437143859,46.9703668427141],[-119.346653143927,46.9703938430598],[-119.347706143923,46.9704028434749],[-119.348408143921,46.9704118429906],[-119.356589144373,46.9704298429213],[-119.360720144219,46.9704388433364],[-119.36280814428,46.9704568432671],[-119.364599144135,46.9704568432671],[-119.365733144269,46.9699708433382],[-119.366633144404,46.9694038432712],[-119.369036143703,46.9672978432793],[-119.370872143834,46.9660378427307],[-119.376128144298,46.9638148427392],[-119.378963143734,46.9626538431588],[-119.384507143989,46.9603228426835],[-119.386406144328,46.959656843447],[-119.38671214405,46.9595938432397],[-119.390816144449,46.9588738433116],[-119.396666144427,46.9577578431084],[-119.39762914387,46.9575958428323],[-119.398664143935,46.9574248430405],[-119.400329144275,46.957388843179],[-119.402327143783,46.957388843179],[-119.404028143984,46.9575958428323],[-119.405576144324,46.9576408431088],[-119.409833143685,46.9571638426956],[-119.412308143606,46.9570018433188],[-119.413334144155,46.9571368432491],[-119.415782143731,46.9572268429029],[-119.419517144201,46.9569118427657],[-119.42426014439,46.956821843112],[-119.426888144172,46.9564618426982],[-119.429426144301,46.9563898429753],[-119.451386144355,46.9564978434592],[-119.452988143588,46.9565158433899],[-119.455859143784,46.9567228430431],[-119.461304143971,46.9567228430431],[-119.463824144169,46.9567588429047],[-119.46449914382,46.9566778427666],[-119.472761144411,46.9546798432586],[-119.473733144269,46.9544368428444],[-119.474435144266,46.9541668429838],[-119.474984144403,46.9538158429852],[-119.475335144401,46.9533388434713],[-119.475434143571,46.9528888434038],[-119.475398143709,46.9525648428516],[-119.475371144263,46.9523128429218],[-119.475110143918,46.951808843062],[-119.473373143855,46.9501888429991],[-119.472770143927,46.9492798433485],[-119.472626143582,46.9485328430746],[-119.472599144135,46.9462828427373],[-119.472617144066,46.9447348432967],[-119.472626143582,46.9442578428835],[-119.472653143927,46.9429618433727],[-119.472779144342,46.9334128427868],[-119.472851144065,46.9279678434995],[-119.472986143995,46.9193008431177],[-119.473310143648,46.9180408434685],[-119.474705144127,46.915961842923],[-119.474750144404,46.9158538433385],[-119.474786144265,46.9128298432809],[-119.474804144196,46.8975298427862],[-119.474660143851,46.894721842797],[-119.474678143781,46.893848843008],[-119.474723144058,46.891517843432],[-119.474588144127,46.8897988433002],[-119.474588144127,46.884497843459],[-119.474651144335,46.8834628433938],[-119.47477714385,46.881329843056],[-119.475083143572,46.8754978430092],[-119.475155144194,46.874867842735],[-119.475272144194,46.8728788427426],[-119.475515143709,46.8686578432431],[-119.475524144124,46.8679828426922],[-119.475605144262,46.8623218433366],[-119.461160143626,46.8590548428649],[-119.458766143842,46.8582538427988],[-119.45561614427,46.8570748432876],[-119.453762144208,46.8562468428757],[-119.433710144008,46.8474718429094],[-119.43351214387,46.8474538429786],[-119.432207143944,46.8468598434652],[-119.41202914423,46.8383818428059],[-119.393417143886,46.8302908429062],[-119.391536144378,46.8294808433244],[-119.376128144298,46.8229198429345],[-119.369144144187,46.8199228432227],[-119.36613814406,46.8186358432277],[-119.364824143719,46.8180778426764],[-119.355851143615,46.8142258431063],[-119.349173144125,46.8113728428405],[-119.347769144131,46.8108868429116],[-119.345834143931,46.8104278433284],[-119.342315144428,46.8098158429849],[-119.339552143816,46.809716842916],[-119.335682144315,46.8097078434003],[-119.32731214414,46.8096808430546],[-119.324513143667,46.8097258433311],[-119.318420144174,46.8099238434686],[-119.309888143723,46.810355842706],[-119.307737144354,46.8104638431899],[-119.303183143887,46.8104098433976],[-119.2999071439,46.8104008429826],[-119.288954144218,46.8103738426368],[-119.281880143554,46.8103378427753],[-119.281367144178,46.8103378427753],[-119.271548143732,46.8102298431908],[-119.269163144364,46.810202842845],[-119.264906144103,46.8101488430527],[-119.260856144396,46.8101128431912],[-119.258210143783,46.8099778432609],[-119.257121143926,46.8099148430537],[-119.256716144135,46.8099328429844],[-119.2537641438,46.8100228426382],[-119.252126143806,46.8101758433986],[-119.251127143603,46.8102388427065],[-119.249165143956,46.8104728427056],[-119.246969144311,46.8107158431198],[-119.230328144029,46.8142888433136],[-119.228123143968,46.8146128429664],[-119.22457714412,46.8147568433118],[-119.22111214441,46.8145948430357],[-119.218412144005,46.8142258431063],[-119.217584143593,46.814090843176],[-119.214578144366,46.8133978426944],[-119.208791143696,46.8118498432538],[-119.206397143913,46.8114628433936],[-119.199215143664,46.8114988432551],[-119.197532144293,46.8115078427708],[-119.193950143684,46.8115078427708],[-119.19035914356,46.8115078427708],[-119.189522143632,46.8115078427708],[-119.188910144188,46.8114988432551],[-119.188775144257,46.8114988432551],[-119.187263143779,46.8114718429093],[-119.186633144404,46.8114628433936],[-119.179064144295,46.8114538429785],[-119.177984143953,46.8114358430478],[-119.1777771443,46.8114358430478],[-119.177651143885,46.8114358430478],[-119.176733143819,46.8114358430478],[-119.173979143623,46.8114718429093],[-119.171513144116,46.8114808433243],[-119.165825144415,46.8115078427708],[-119.154935144042,46.8115798433931],[-119.144720144219,46.8117148433235],[-119.144639144081,46.8117148433234],[-119.144333144359,46.8117238428392],[-119.140679144027,46.8117778426314],[-119.134370143567,46.8118768427002]],[[-114.262895062257,47.5296765406997],[-114.198728242714,47.5296725207301],[-114.097097138922,47.5298518437475],[-114.097097138922,47.5287898442358],[-114.097097138922,47.5286098440289],[-114.097097138922,47.5285108439602],[-114.097106139337,47.5282588440304],[-114.097133138783,47.5276378441711],[-114.097070138576,47.5267198441054],[-114.097097138922,47.5260358440389],[-114.097097138922,47.525063844181],[-114.097070138576,47.52400184377],[-114.097025139199,47.5230568442578],[-114.097025139199,47.5223638437762],[-114.097025139199,47.5222108439152],[-114.097025139199,47.5212208441265],[-114.097007139268,47.5190608443424],[-114.096998138853,47.5173328437956],[-114.096989139337,47.5156408440096],[-114.096989139337,47.5151188442191],[-114.096998138853,47.514803844082],[-114.097025139199,47.511977844162],[-114.09706113906,47.5100698443077],[-114.097052138645,47.5099078440316],[-114.096890139268,47.5051648438423],[-114.096917138715,47.5042558441917],[-114.096890139268,47.5013758444795],[-114.096899138784,47.5011418444804],[-114.09692613913,47.5001788441382],[-114.096935138646,47.4999988439313],[-114.096935138646,47.4999538436548],[-114.096935138646,47.4999268442083],[-114.096953138576,47.4997288440707],[-114.096980138922,47.4988648437973],[-114.096998138853,47.498099844492],[-114.097025139199,47.4974338443563],[-114.097070138576,47.4962278444993],[-114.096928454884,47.4945083200627],[-114.096888235404,47.4932793128498],[-114.096867951195,47.4882660178222],[-114.096902295405,47.4861774511882],[-114.096847497014,47.4788537816364],[-114.097160139129,47.4714058437644],[-114.096929983732,47.4617090018287],[-114.096849504301,47.4570512510741],[-114.096874971303,47.4485193666352],[-114.096917736764,47.44260899337],[-114.096974866197,47.4376612553223],[-114.097070138576,47.4324358443983],[-114.097034138714,47.4279358437238],[-114.097016138784,47.4224998439523],[-114.096856386813,47.4136355682864],[-114.096778796005,47.4077033432942],[-114.096824584987,47.4063846269086],[-114.096810024063,47.4002889240542],[-114.096870140145,47.3991997011648],[-114.096781218778,47.3961634820186],[-114.096698104334,47.3949789444822],[-114.096775222998,47.3891787390671],[-114.096752250716,47.3876382300798],[-114.096832399196,47.3864303254587],[-114.096763598361,47.3847419796182],[-114.096740573019,47.3817348400503],[-114.096817813092,47.3796010411146],[-114.096713008798,47.3772899210525],[-114.096651552727,47.375031922145],[-114.096743140583,47.3738609418884],[-114.096962138992,47.3701018440843],[-114.096998138853,47.3642158442453],[-114.097016138784,47.3611738442569],[-114.097016138784,47.3607778439817],[-114.097052138645,47.356088844484],[-114.097052138645,47.3557288440703],[-114.097052138645,47.3550538444188],[-114.097052138645,47.3536768438707],[-114.097052138645,47.3505358438136],[-114.097052138645,47.3484928440289],[-114.097034138714,47.3448298441813],[-114.097034138714,47.3409688441962],[-114.097034138714,47.3368198444196],[-114.096798888658,47.3344446629502],[-114.09660420522,47.3316161647136],[-114.096776243729,47.3284134891505],[-114.097034138714,47.3269288442501],[-114.097034138714,47.3267038437667],[-114.097133138783,47.3260648439767],[-114.098725407352,47.3241972128904],[-114.100688139046,47.3230408439192],[-114.101903139318,47.3220778444763],[-114.102218138556,47.3218708439236],[-114.105701139096,47.3195848437249],[-114.107555139158,47.3183608439371],[-114.113621139204,47.3141308431232],[-114.116284092037,47.3124686450712],[-114.118663357328,47.3108664938529],[-114.123177518727,47.3078514528415],[-114.125933138603,47.3064718433602],[-114.129767139142,47.3045908429523],[-114.13242213927,47.3032768426115],[-114.134780139192,47.302106842616],[-114.13681436609,47.3013135776188],[-114.138205734207,47.3006762982319],[-114.139930707636,47.300016835268],[-114.142884728747,47.2985631378378],[-114.145634138804,47.2972198429806],[-114.148417330995,47.2962756456638],[-114.151790139403,47.2957618431937],[-114.158324139447,47.2943758431299],[-114.161582388616,47.2937143629867],[-114.164294984926,47.2935559779852],[-114.167829322365,47.2934852651921],[-114.169506367325,47.2930381276667],[-114.171270497236,47.2921408587729],[-114.172588209978,47.2910246427323],[-114.173726238175,47.2895738941791],[-114.175346106038,47.287847861349],[-114.176905839833,47.2865371453322],[-114.178400465409,47.2856012856301],[-114.179908972021,47.2848075520861],[-114.181580654324,47.2840520801985],[-114.182952056592,47.2834015924688],[-114.183820440161,47.2828852934807],[-114.184322838328,47.2823599059441],[-114.184639180254,47.2818201211609],[-114.184825717633,47.2811548728583],[-114.184931487798,47.280521848164],[-114.184791606348,47.2797800441729],[-114.184333128371,47.2790841181967],[-114.183656891252,47.2785637003137],[-114.182879841931,47.2779136442585],[-114.181869431129,47.2771942198966],[-114.180899656194,47.2763040880225],[-114.180298716612,47.2759376691473],[-114.179342392837,47.274613242966],[-114.178816629384,47.2737004679614],[-114.178347132914,47.2726766230869],[-114.178052139095,47.2718128431474],[-114.17790813875,47.271596843079],[-114.177233139098,47.2702558432917],[-114.176531139101,47.2688068430206],[-114.176504138755,47.2687618427441],[-114.17612613931,47.2682308434379],[-114.176081139033,47.2681498432998],[-114.175694139173,47.2675828432328],[-114.173606139112,47.2654858427566],[-114.171626138635,47.2640278429697],[-114.170897139192,47.2634878432485],[-114.168215138718,47.2611658431883],[-114.168107139133,47.2610758426352],[-114.167486139274,47.259968842847],[-114.167333139413,47.2592398434032],[-114.167796881121,47.2583320614347],[-114.168175999323,47.2575438587212],[-114.168895414692,47.2569383469863],[-114.169929063975,47.256248983363],[-114.170865592773,47.2556122013012],[-114.17154215005,47.2550514479251],[-114.171797139326,47.2543258434221],[-114.172382139324,47.2532098432188],[-114.172436059077,47.2524515060913],[-114.172094808628,47.2515353037704],[-114.17122964733,47.2498450351793],[-114.169455742688,47.2457757144368],[-114.168386139409,47.2440748428388],[-114.167935416286,47.2432530243667],[-114.166064139349,47.2420858428465],[-114.165398139213,47.2415998429175],[-114.163679139081,47.2403128429224],[-114.157226139175,47.2354348428029],[-114.156605139316,47.2349848427354],[-114.148782578053,47.2292124371633],[-114.142088138956,47.2246258434669],[-114.138920138554,47.2223128429224],[-114.133331138921,47.2182628432147],[-114.13151313872,47.2169398433582],[-114.129272138798,47.2153198432951],[-114.127031138876,47.2136908428172],[-114.126320139363,47.2131688430267],[-114.125933138603,47.2128988431661],[-114.123764139304,47.2114048426184],[-114.118032529677,47.2071446434695],[-114.112820139138,47.2035568431328],[-114.109382138875,47.2009648432119],[-114.108284138602,47.2001368428],[-114.107627138881,47.1995878426638],[-114.105629139373,47.1979138428086],[-114.10463013917,47.1966358432286],[-114.104504138755,47.1964018432295],[-114.104018138826,47.1955198430253],[-114.103577139174,47.1934678428257],[-114.103271138552,47.1920908431768],[-114.103226139175,47.1919468428315],[-114.102605139316,47.1891298433266],[-114.102299138694,47.187797843055],[-114.101259643817,47.1825396140709],[-114.101042564563,47.1811035082792],[-114.100654269679,47.1798464341246],[-114.099914139326,47.1782668432991],[-114.099698139258,47.1777538430244],[-114.099230139259,47.1766468432361],[-114.099014139191,47.1761518428922],[-114.098105138641,47.1749728433809],[-114.097368378048,47.1739840306974],[-114.096552698348,47.1729830870588],[-114.09468918256,47.1711655401165],[-114.090410139017,47.1675928429942],[-114.089271828432,47.1663426324654],[-114.08665743809,47.1639248824862],[-114.085827234339,47.1631301974596],[-114.08496377276,47.1622887980485],[-114.084052787406,47.1614156031065],[-114.08369906426,47.1610030121382],[-114.083305403122,47.1605832814522],[-114.082652143681,47.1599948667286],[-114.081944686598,47.1594142266441],[-114.081327540334,47.1590651727784],[-114.079206709622,47.157982171399],[-114.076373917123,47.1564322168322],[-114.072709078161,47.1546308828678],[-114.069599666791,47.1531616766289],[-114.066256185275,47.1515200451729],[-114.06206258542,47.1495677707949],[-114.059974268797,47.1485697850264],[-114.057832821128,47.1474970179319],[-114.055353792244,47.1463078614775],[-114.050297139102,47.1440218432923],[-114.046076138703,47.1420058429542],[-114.044836592335,47.1411633427729],[-114.043871549632,47.1400866249566],[-114.043472176,47.1392789501223],[-114.043294782029,47.1386042193681],[-114.043310456312,47.138066571374],[-114.043385371638,47.1376233998589],[-114.043773167398,47.1359410471005],[-114.044221945286,47.1340646143493],[-114.045078706017,47.1298851032737],[-114.045693612071,47.1274700008987],[-114.046276695613,47.1248535061432],[-114.046493502373,47.1237927809709],[-114.046666078677,47.1228825420545],[-114.046893565785,47.1217584992142],[-114.047157758724,47.1203614770593],[-114.047336692334,47.1190796364748],[-114.047545130903,47.1170110078105],[-114.047572380361,47.1152360554584],[-114.047474803919,47.1136437374273],[-114.047237139183,47.112080843415],[-114.046667829657,47.1093523461926],[-114.045343202926,47.1061236379543],[-114.043970207059,47.1027370950996],[-114.043340139336,47.1012088429725],[-114.042323139201,47.0985988431209],[-114.042224139133,47.098337842776],[-114.042188139271,47.0982118432607],[-114.042071139272,47.0978968431236],[-114.041855139203,47.0973568434023],[-114.041774139065,47.0971228434032],[-114.041693138927,47.0969248432656],[-114.041603139273,47.0966818428515],[-114.041152283051,47.0953358527262],[-114.040815647924,47.0944367734971],[-114.040656604619,47.0938211488857],[-114.040499700801,47.0925256089284],[-114.040599536339,47.0913786144902],[-114.040620210854,47.0903665291507],[-114.040804903723,47.0894956850365],[-114.0413212171,47.0876270709913],[-114.042203177734,47.085215062284],[-114.043040231621,47.0829350587646],[-114.043468345788,47.0816791744131],[-114.043844749835,47.0804512913527],[-114.04435306734,47.0795546007229],[-114.044928375344,47.0784835369444],[-114.046015599041,47.077606783385],[-114.047298851561,47.07668130096],[-114.048568196065,47.0760049379362],[-114.050462053181,47.0753007507877],[-114.051878590624,47.0748091822566],[-114.053918184676,47.0741869988895],[-114.056516990667,47.0734227316324],[-114.058441001151,47.0728170499256],[-114.060269139409,47.0721748431531],[-114.061761691149,47.0715577094794],[-114.062994152658,47.0711542034624],[-114.063731193839,47.0709042036248],[-114.064940826058,47.0705245494271],[-114.065671784225,47.0702548130679],[-114.066846451702,47.0698595610286],[-114.068211055096,47.0693958229176],[-114.069355342575,47.0689019224444],[-114.070337058708,47.0683695687593],[-114.071229193373,47.0676441072484],[-114.072264165559,47.0667951292505],[-114.072844776865,47.0661349980903],[-114.073478798907,47.06476688824],[-114.074315123444,47.0625870053447],[-114.075425138659,47.0594128427871],[-114.076083342572,47.0580486503836],[-114.07680539925,47.056379458304],[-114.077331338071,47.0551503944338],[-114.078083675821,47.053579811218],[-114.078758548668,47.05185556624],[-114.079250138783,47.0503678429602],[-114.079907139403,47.0488198426203],[-114.080222138641,47.048117842623],[-114.080357138571,47.0478028433852],[-114.080762139261,47.046506842975],[-114.081050139053,47.0455798433936],[-114.081086138914,47.0454988432556],[-114.081293138567,47.0448328431198],[-114.08136513919,47.0445988431207],[-114.081563139327,47.0439778432614],[-114.081608138705,47.0437708427088],[-114.081653138981,47.0436628431243],[-114.081770138981,47.0432128430569],[-114.081914139326,47.0426638429206],[-114.082040138841,47.0420878433379],[-114.082292138771,47.0409538432039],[-114.083129138699,47.0393698430024],[-114.083894138903,47.0382718427299],[-114.084767138692,47.0376058434935],[-114.08496513883,47.0374258432866],[-114.085037138553,47.0373718434944],[-114.085064138899,47.0373628430794],[-114.085928139172,47.0367598431508],[-114.086369138825,47.0364538434287],[-114.087701139096,47.035526842948],[-114.088673138954,47.0348698432273],[-114.089366139436,47.0344018432291],[-114.090275139086,47.0337718429548],[-114.091967888907,47.0325807070926],[-114.093673279598,47.0318202682493],[-114.096281115681,47.0309942616345],[-114.097286081088,47.0306500236383],[-114.09871520814,47.0300322703316],[-114.100283139255,47.0292718431796],[-114.102416138694,47.0282908429066],[-114.103127139106,47.0279668432538],[-114.104774138616,47.0271658431877],[-114.106313890374,47.0264594778812],[-114.107910997295,47.0256870708602],[-114.108770338181,47.0252043201818],[-114.109619930415,47.024631272174],[-114.110968941364,47.0235098598507],[-114.112333543858,47.022347549958],[-114.113782045005,47.0211216202252],[-114.115776410353,47.0195594636569],[-114.116985753889,47.0185353318986],[-114.11847187098,47.0169433655025],[-114.119887821166,47.0155394527421],[-114.12072885815,47.0144933991096],[-114.121631138966,47.0134588433095],[-114.122108905601,47.0127106271523],[-114.122385228595,47.0122329882204],[-114.122552856829,47.0116165110517],[-114.122718523641,47.0108715531382],[-114.123011644172,47.0098378103252],[-114.123426800007,47.0091083657171],[-114.12456714216,47.0073729709444],[-114.125517633832,47.0055104219269],[-114.126444705359,47.0034194532037],[-114.12709787127,47.0018444129478],[-114.127436480409,47.0009585789338],[-114.127524181396,47.0001568998795],[-114.127458898709,46.9994745374785],[-114.127138791322,46.9986193658496],[-114.126631880357,46.9978297790795],[-114.126096545419,46.9970700462042],[-114.125654139227,46.9964398426831],[-114.124874773252,46.9948770377036],[-114.124372337314,46.9934300896854],[-114.124182109117,46.9923243912162],[-114.12417813861,46.9891498428494],[-114.12417813861,46.9889338427811],[-114.124160138679,46.9833178428026],[-114.124160138679,46.982336843429],[-114.124286139094,46.9803208430909],[-114.124511138678,46.9795468433706],[-114.124601139231,46.9792408427491],[-114.125033338118,46.9785391683064],[-114.126079314409,46.9770489682937],[-114.128131423426,46.9743060486437],[-114.129980578841,46.9717597666583],[-114.131337970571,46.9698768057284],[-114.131636248714,46.96931862891],[-114.131788616352,46.9688974206379],[-114.131932238982,46.9681426583155],[-114.131935579064,46.9674210306145],[-114.131819139342,46.9649488428733],[-114.131766940892,46.9630283532343],[-114.131616260382,46.9600367251731],[-114.131504873951,46.9577219304811],[-114.131396138721,46.9557868430468],[-114.131297138652,46.9519798428538],[-114.131297138652,46.9517728432005],[-114.131297138652,46.9514038432712],[-114.127873213678,46.9494816179407],[-114.12414928746,46.9472234553566],[-114.119698844826,46.9446913853575],[-114.116995161697,46.943249004996],[-114.114447099954,46.9416279320418],[-114.111753789606,46.9400926777932],[-114.107897197198,46.9392443293207],[-114.104552244391,46.938701552493],[-114.102009731464,46.9382926757248],[-114.098133374656,46.9376294230178],[-114.094838941264,46.9366226149001],[-114.089664797093,46.9341212135815],[-114.084471070184,46.9318050276383],[-114.078441253461,46.9284201197511],[-114.073353818324,46.9263884936924],[-114.069796158766,46.924061849533],[-114.064634945946,46.9214664780539],[-114.060831435123,46.9201526485842],[-114.056936971364,46.9196732424845],[-114.052166218096,46.9184959453899],[-114.045761602616,46.917327678388],[-114.040220089885,46.9157371464105],[-114.036282448776,46.9144154101014],[-114.033718541877,46.9129778132338],[-114.030850688409,46.910591977496],[-114.026400304231,46.9077513914718],[-114.022366543581,46.9048388740731],[-114.017827906233,46.9015737136143],[-114.016211908153,46.9000331326812],[-114.013508183656,46.8975620367169],[-114.011638861844,46.8960082717226],[-114.009841426441,46.8945747541798],[-114.007420422714,46.8934002827551],[-114.004596076648,46.8920299947467],[-114.002090818137,46.8908510150206],[-113.999513965497,46.8895516943135],[-113.997450796617,46.8882207048799],[-113.99597938614,46.8869204165023],[-113.994682266074,46.8848132662774],[-113.994044273524,46.8828957776763],[-113.993557805948,46.881530097794],[-113.992328963311,46.8799578616242],[-113.990540335868,46.8782822312981],[-113.989223888472,46.8770059674097],[-113.987809661387,46.8755163609495],[-113.986428403448,46.8742783362344],[-113.985224164464,46.8733618632176],[-113.983820107812,46.872330849847],[-113.981172669183,46.8704645470594]],[[-114.220182246414,47.5878086161348],[-114.134598670392,47.5876439457716],[-114.118549409628,47.5877477410255],[-114.113261138791,47.5877938438709],[-114.113261138791,47.5876768438713],[-114.112929295251,47.5842454266452],[-114.113065833022,47.5798021579033],[-114.113234139344,47.5768138438438],[-114.113162138722,47.5696678443556],[-114.113189139067,47.5659778441622],[-114.112949653204,47.5635634558488],[-114.113090360232,47.560353989505],[-114.113180138652,47.5587058442593],[-114.113180138652,47.5579228441239],[-114.113180138652,47.5578508444009],[-114.113171139137,47.5482118441613],[-114.113036139206,47.5468168436823],[-114.112325138794,47.5450078438968],[-114.111794138589,47.544260843623],[-114.110336138802,47.5430728436967],[-114.108212138879,47.5416598441864],[-114.102389139247,47.5377268444782],[-114.102299138694,47.5376188439944],[-114.101390139044,47.5370428444117],[-114.099806138842,47.5357738443474],[-114.099473138774,47.5354948440717],[-114.09859113857,47.5345678444903],[-114.09781713885,47.533361843734],[-114.097637138643,47.5331008442884],[-114.097133138783,47.5317688440169],[-114.097115138853,47.5310038438123],[-114.097115138853,47.5308598443662],[-114.097097138922,47.5298518437475]],[[-116.940719142175,48.2715688442891],[-116.939765142247,48.2709568439456],[-116.939009141559,48.270272843879],[-116.93852314163,48.2699758436726],[-116.93801914177,48.2695078436744],[-116.937164141912,48.2691568436758],[-116.935976141985,48.2688238445072],[-116.933708141717,48.2685988440238],[-116.932781142136,48.2683918443705],[-116.931692142279,48.2677258442348],[-116.92760614181,48.2646748438314],[-116.927129142296,48.2641348441102],[-116.926481142091,48.2619118441187],[-116.926292142368,48.2612728443287],[-116.925194142096,48.2575648442046],[-116.925122142373,48.2573128442747],[-116.924951141682,48.2566738444847],[-116.924267141615,48.2554678437284],[-116.923718142378,48.2549098440764],[-116.923655142171,48.2547298438695],[-116.922656141967,48.2541088440103],[-116.914097142069,48.2499058444415],[-116.913035141658,48.2492668437522],[-116.911604142217,48.2476378441735],[-116.911298141596,48.2469808444528],[-116.910686142152,48.2450098443911],[-116.910371142015,48.2436868436352],[-116.909867142155,48.2425708443313],[-116.909255141811,48.2417698442652],[-116.90846314216,48.2410048440606],[-116.907473142372,48.2403028440633],[-116.905826141963,48.2392588444824],[-116.905079141689,48.2385208437243],[-116.904800142313,48.2380798440718],[-116.904629141622,48.2373238442823],[-116.904530141553,48.2372788440057],[-116.904530141553,48.2371168437297],[-116.903576141626,48.2348398439459],[-116.903099142112,48.2334898437436],[-116.902865142113,48.2319598442337],[-116.90292814232,48.2305198443776],[-116.902964142181,48.2290978444523],[-116.903126141558,48.2286478443848],[-116.90343214218,48.2277658441806],[-116.904881141551,48.2258848437728],[-116.906033141616,48.2247148437772],[-116.906357142168,48.2245078441239],[-116.906384141615,48.2243728441936],[-116.907581141956,48.2230588438528],[-116.907752141748,48.222959843784],[-116.908778142297,48.221906843788],[-116.909624141741,48.2215378438587],[-116.912603142421,48.2210878437912],[-116.913260142142,48.2209888437224],[-116.914664142136,48.2201248443483],[-116.915312142341,48.2188018444917],[-116.915420141926,48.2183878442858],[-116.916176141716,48.2167948436693],[-116.916275141784,48.2161288444328],[-116.916248142338,48.2149498440223],[-116.916221141992,48.2132038444441],[-116.9161671422,48.2096578436967],[-116.916113142408,48.2072998437749],[-116.916077141647,48.2049058439917],[-116.915969142062,48.2042398438559],[-116.915699142202,48.2038078437192],[-116.914736141859,48.2029168439993],[-116.913881142001,48.2023498439323],[-116.911667142425,48.2013598441437],[-116.910812141667,48.2008828437304],[-116.91011014167,48.2002978437327],[-116.909957141809,48.2001718442174],[-116.909921141947,48.1996138436661],[-116.909894141601,48.1991908439444],[-116.909786142017,48.1990558440141],[-116.910020142016,48.198182844225],[-116.91103714215,48.196400843886],[-116.91128914208,48.1959508438185],[-116.911424142011,48.1957078443037],[-116.911703142286,48.1952398443055],[-116.911910141939,48.1948798438918],[-116.91231514173,48.1941598439638],[-116.912351141592,48.1939078440339],[-116.912792142144,48.1932508443131],[-116.913386141657,48.192359843694],[-116.913512142072,48.1922698440402],[-116.913719141725,48.1917658441805],[-116.91386314207,48.1915048438356],[-116.913989141586,48.1913248436288],[-116.914088141654,48.1912888437672],[-116.914331142069,48.1907128441845],[-116.914898142136,48.1889938440528],[-116.915087141858,48.1884268439858],[-116.915231142203,48.1879588439876],[-116.915231142203,48.1875808436431],[-116.915240141719,48.1873558440591],[-116.915276141581,48.1869238439224],[-116.915465142202,48.1841788441404],[-116.915474141718,48.1836298440042],[-116.915501142064,48.1828288439381],[-116.915501142064,48.1826128438698],[-116.915501142064,48.1820548442178],[-116.91552814241,48.18146984422],[-116.915573141787,48.1805698440851],[-116.916581142406,48.1805518441544],[-116.91707614185,48.1805338442236],[-116.917517142402,48.1805338442236],[-116.919839141563,48.1805338442236],[-116.921405141834,48.1805698440851],[-116.923574142033,48.1805788445001],[-116.9240241421,48.1805788445002],[-116.926085141816,48.1805878440159],[-116.926400141953,48.1805878440159],[-116.929460141872,48.1805968444309],[-116.931287141588,48.1806058439466],[-116.932934141997,48.1806148443616],[-116.934923141989,48.1806238438774],[-116.937299141842,48.1806328442924],[-116.938982142112,48.1806598437389],[-116.940656141967,48.1806778436696],[-116.941124141966,48.1806778436696],[-116.941538142172,48.1806778436696],[-116.942015141685,48.1806778436696],[-116.943221142442,48.1806778436696],[-116.944319141815,48.1806778436696],[-116.95538014198,48.1806958444997],[-116.955992142323,48.1806958444997],[-116.957108141627,48.1806958444997],[-116.958287142038,48.1806958444997],[-116.958620142106,48.1806958444997],[-116.958998141551,48.1806958444997],[-116.959691142033,48.1807048440154],[-116.959997141755,48.1807048440154],[-116.960366141684,48.1807138444305],[-116.960564141822,48.1807138444305],[-116.960717141683,48.1807138444305],[-116.961365141888,48.1807228439462],[-116.962382142022,48.1807408438769],[-116.963939141878,48.1807768437384],[-116.965730141733,48.1808128444993],[-116.96592814187,48.1808128444993],[-116.966351141592,48.180821844015],[-116.966729141936,48.180821844015],[-116.969690141787,48.1808848442223],[-116.974415142045,48.1805968444309],[-116.974901141974,48.1805698440851],[-116.97671014176,48.1804708440163],[-116.977844141894,48.1803988442933],[-116.979734141817,48.1802908438095],[-116.981408141672,48.180263844363],[-116.982335142153,48.1802908438095],[-116.984063141801,48.1803178441553],[-116.984864141867,48.180326843671],[-116.985584141795,48.1803538440168],[-116.985917141863,48.1803538440168],[-116.986529142206,48.1803718439475],[-116.987402141995,48.1803808443626],[-116.990156142192,48.1804348441548],[-116.990372142261,48.1804348441548],[-116.991974142393,48.1806148443616],[-116.993585142041,48.1809388440145],[-116.994431142383,48.1812178442902],[-116.99525014238,48.1816228440811],[-116.995466142449,48.1817938438729],[-116.997077142096,48.1823338444934],[-116.997239142373,48.1823338444934],[-116.998301141884,48.1825858444232],[-116.998913142228,48.1827208443535],[-117.00038014243,48.1828108440073],[-117.001028141735,48.1829728442834],[-117.001766141594,48.1829998437299],[-117.003152141658,48.1830628439372],[-117.004520141791,48.183242844144],[-117.005069141927,48.1832248442133],[-117.006572141991,48.1834408442816],[-117.012170142038,48.1842058444862],[-117.014465141753,48.1845838439313],[-117.016787141813,48.1849888437223],[-117.017066142089,48.185087843791],[-117.017534142087,48.1851058437218],[-117.019595141802,48.185501843997],[-117.020369142422,48.1856818442039],[-117.020738142351,48.1857538439269],[-117.020810142074,48.1857628443419],[-117.027110142119,48.1869598437839],[-117.028487141768,48.1869058439916],[-117.030008141762,48.1868428437844],[-117.03072814169,48.1867258437847],[-117.031205142104,48.1865728439237],[-117.032204142307,48.1863388439246],[-117.033050141751,48.1860418437182],[-117.034013142093,48.1857268444804],[-117.034283141953,48.1855558437892],[-117.034517141953,48.1854568437205],[-117.035795142432,48.1849258444143],[-117.036524141876,48.1846738444844],[-117.037514141664,48.1843228444858],[-117.038522142283,48.1839898444179],[-117.03961114214,48.1840168438643]],[[-119.487503144355,45.89633384179],[-119.488754143589,45.8961178417216],[-119.491310143648,45.8956678416542],[-119.492462143713,45.8954608420008],[-119.494037144399,45.8951728422095],[-119.494694144119,45.8950648417257],[-119.495873143631,45.8949028423489],[-119.496593143559,45.8947678424186],[-119.497412143556,45.8946058421425],[-119.498492143897,45.8943988424892],[-119.49986014403,45.8941378421443],[-119.501129144095,45.8938768417994],[-119.501534143886,45.8937958416614],[-119.501966144022,45.8936968424919],[-119.502074143607,45.8936698421461],[-119.502092144437,45.8936608417311],[-119.50243414402,45.8935798424923],[-119.503820144084,45.8931838422171],[-119.505215143664,45.8927788424263],[-119.510417144336,45.8911858418098],[-119.511632143708,45.8907178418115],[-119.515628143624,45.8889178424411],[-119.519030144026,45.8871628424478],[-119.537129144095,45.8780998417909],[-119.543483143932,45.8748598416649],[-119.558765143596,45.8670838419024],[-119.570825143965,45.860909842272],[-119.57840314359,45.8569768416645],[-119.584334143706,45.853889842299],[-119.609237143679,45.8411548422787],[-119.609687143747,45.8409298417953],[-119.611100144156,45.8402098418673],[-119.620091144191,45.8356648418155],[-119.621054143634,45.8351608419558],[-119.621450143909,45.8349628418182],[-119.6218551437,45.8347558421649],[-119.622305143767,45.8344408420278],[-119.623592143762,45.8337748418919],[-119.625320144309,45.8340628416834],[-119.626859144234,45.8343598418897],[-119.629127143603,45.8347558421649],[-119.629280144363,45.8347738420957],[-119.63253814442,45.8353228422319],[-119.639540143563,45.836537842504],[-119.639729144185,45.8365738423655],[-119.652932144203,45.8387248417346],[-119.654327143783,45.8389678421488],[-119.654354144128,45.8389768416645],[-119.655920144399,45.8392288424937],[-119.659439143901,45.8398048420763],[-119.660375143898,45.8399668423525],[-119.66056414362,45.840002842214],[-119.662337144444,45.8402008423515],[-119.663012144095,45.8402728420745],[-119.663786143815,45.8403088419361],[-119.667188144217,45.8405068420737],[-119.667467143594,45.8405158424887],[-119.668187144421,45.8405068420737],[-119.669123144418,45.8404888421429],[-119.670815144204,45.8404528422814],[-119.6735691444,45.8402908420053],[-119.685476144009,45.8392198420786],[-119.697032143619,45.8382388418057],[-119.700371143813,45.8379598424293],[-119.701343143671,45.8378698418762],[-119.702207143945,45.8377978421532],[-119.704691144281,45.8375998420156],[-119.706023143653,45.8374648420854],[-119.716103145344,45.8366368416735],[-119.721107144979,45.8362048424361],[-119.766566145012,45.8322808422436],[-119.77229914499,45.8317678419689],[-119.781551145369,45.8310118421793],[-119.798183145236,45.8295268420467],[-119.801162145017,45.8293198423934],[-119.801288145432,45.8293018424626],[-119.80433014542,45.8290228421869],[-119.861750144853,45.8239738422755],[-119.862866145057,45.8238748422067],[-119.864126144706,45.8237848416537],[-119.876132145282,45.822722842142],[-119.879723145407,45.8226148416582],[-119.882837145118,45.8223628417283],[-119.886464145104,45.8219758418681],[-119.889965144676,45.8214898419392],[-119.902799144765,45.8191858418097],[-119.950157145136,45.8105008423965],[-119.950391145135,45.8104648416357],[-119.951318144717,45.8102938418439],[-119.954189144913,45.8097088418461],[-119.955269145255,45.8094928417777],[-119.955791145045,45.8094118416397],[-119.957564144969,45.8091148423326],[-119.95771714483,45.8090788424711],[-119.958014145037,45.8090158422639],[-119.999657145361,45.8014108422931],[-120.001151145009,45.8011228425017],[-120.008378144636,45.7998088421609],[-120.011420144624,45.7991518424401],[-120.012698145103,45.7987648416806],[-120.013832145237,45.7983058420974],[-120.018323144597,45.7961188419675],[-120.021806145137,45.7944268421815],[-120.02288614458,45.7937248421842],[-120.02315614534,45.7935628419081],[-120.024920144849,45.7925278418429],[-120.034739145295,45.7884328418587],[-120.03523414474,45.7882618420669],[-120.037070144871,45.7876588421384],[-120.037997145352,45.7873348424855],[-120.038897144588,45.787028841864],[-120.039680144723,45.7867048422112],[-120.041633144854,45.7859128416608],[-120.04206514499,45.7857058420075],[-120.04990414496,45.7825468420196],[-120.052757145226,45.7812238421631],[-120.060128145198,45.7770568424558],[-120.062738145049,45.7758328417687],[-120.066914145172,45.7743298417053],[-120.093059144864,45.7705408423425],[-120.118664144834,45.7668148422876],[-120.120365145035,45.7664818422197],[-120.126152144806,45.7647268422265],[-120.131327145132,45.7632778419553],[-120.133181145194,45.7626658416118],[-120.134207144844,45.7623148416131],[-120.147914144722,45.7563118417745],[-120.150623144642,45.7551238418483],[-120.154241145113,45.7538278423375],[-120.163331145216,45.7515868424153],[-120.164627144727,45.7511638417943],[-120.166895144995,45.750317842351],[-120.167714144992,45.7498588418685],[-120.172853144557,45.7466638420192],[-120.176381145373,45.7445128417507],[-120.177614144677,45.7435228419621],[-120.179216144809,45.7417228416922],[-120.179315144878,45.7414078424544],[-120.180791144596,45.7399408422525],[-120.191132144833,45.7305268424962],[-120.191384144762,45.7303108424279],[-120.192599145034,45.7292038417403],[-120.196379144882,45.7259548420987],[-120.19827814522,45.724316842105],[-120.201005145071,45.722615841904],[-120.201113144656,45.7225618421118],[-120.201194144794,45.7225078423195],[-120.201437145208,45.7223818419049],[-120.202535144581,45.7217968419072],[-120.202688145342,45.7217248421842],[-120.202778144995,45.7216798419076],[-120.202940145271,45.7215988417696],[-120.203750144853,45.7212748421167],[-120.205163145263,45.7206988416347],[-120.205379145331,45.7206088419809],[-120.20561314533,45.7205188423271],[-120.205874144776,45.7204558421199],[-120.206054144983,45.7204108418433],[-120.206900145325,45.72020384219],[-120.209069144625,45.7196818423996],[-120.209186144625,45.7196638424688],[-120.211562145377,45.7192858421243],[-120.214838145364,45.7187638423339],[-120.220796144926,45.7184038419202],[-120.223658144708,45.7182238417133],[-120.225278144771,45.7180708418523],[-120.227789144553,45.7176838419921],[-120.231218145301,45.7170358417871],[-120.232073145159,45.7168378416495],[-120.234710145357,45.7163788420663],[-120.24519514504,45.7142908420052],[-120.246059145313,45.7141108417983],[-120.251153144602,45.7131298424247],[-120.272069145075,45.7091068421635],[-120.281429145039,45.7072618416171],[-120.284039144891,45.7069018421027],[-120.295991144775,45.7056328420384],[-120.325430145285,45.7025368422578],[-120.326987145141,45.7022938418437],[-120.335411145108,45.7014028421239],[-120.343097145217,45.7007278424723],[-120.344771145072,45.7005478422655],[-120.345266145416,45.7005298423348],[-120.349010145402,45.7001608424053],[-120.355103144894,45.7000888417831],[-120.355238144825,45.7000708418523],[-120.356507144889,45.6999268424063],[-120.358226145021,45.6994948422696],[-120.365183144786,45.6972088420708],[-120.369935145391,45.6957328423532],[-120.370394144974,45.6955798424922],[-120.370565144766,45.6955348422156],[-120.373427145446,45.6948238418033],[-120.373823144822,45.694769842011],[-120.374471145027,45.694688841873],[-120.375425144954,45.6944818422196],[-120.376118145436,45.6943648422201],[-120.377657145361,45.6940948423595],[-120.378926145425,45.6939148421526],[-120.379385145008,45.6938608423604],[-120.382220145343,45.6932938422934],[-120.384920144849,45.6928168418802],[-120.388538145319,45.6921778420902],[-120.39008614476,45.6919888423676],[-120.403379145331,45.6921958420209],[-120.4074651449,45.6921058423671],[-120.410687145096,45.691862841953],[-120.416519145142,45.6912688424395],[-120.421505144847,45.6910348424404],[-120.436211144928,45.6904588419584],[-120.44205214539,45.6900358422367],[-120.444770144826,45.6897118416846],[-120.461393145177,45.6876598423842],[-120.467288145432,45.687254841694],[-120.474200144921,45.6869128421104],[-120.481058144618,45.6866698416962],[-120.484577145019,45.6869038416953],[-120.486521144735,45.6871288421787],[-120.487367145078,45.6873088423856],[-120.496601144627,45.6893158423087],[-120.49887814531,45.6899188422372],[-120.499472144824,45.690089842029],[-120.500219145097,45.6902788417516],[-120.50116414461,45.6905578420272],[-120.501938145229,45.6908008424414],[-120.50503414501,45.6916918421612],[-120.512036145052,45.6943198419436],[-120.51635614462,45.6964258419355],[-120.520451144605,45.6985588422732],[-120.524132145282,45.7006648422651],[-120.534698145103,45.7073608416859],[-120.537596144746,45.7094848416086],[-120.541610144592,45.7135708420771],[-120.541610144592,45.7136608417309],[-120.54283414528,45.7148398421414],[-120.546362145197,45.7183858419895],[-120.54862114505,45.7206088419809],[-120.548882145395,45.720770842257],[-120.550682144765,45.722687841627],[-120.552158145382,45.7240918416216],[-120.554327144682,45.7258018422377],[-120.55827814522,45.7283398423663],[-120.565100145056,45.7317328423532],[-120.568646144904,45.7330918420713],[-120.573749144607,45.7346938422035],[-120.576467144943,45.7354498419931],[-120.58706014511,45.7379788417066],[-120.592019145367,45.7391038423249],[-120.600254144713,45.7399948420448],[-120.602477144704,45.7401568423209],[-120.613817145145,45.7401208424594],[-120.623429145039,45.739904842391],[-120.630440144597,45.7396258421154],[-120.631430145285,45.7395538423924],[-120.632708144865,45.7393018424625],[-120.636002144783,45.7384288417741],[-120.641492145246,45.7369708419872],[-120.643400145101,45.7361788423362],[-120.644282145305,45.7357198418537],[-120.645263144678,45.7349998419256],[-120.646136145367,45.7339828417912],[-120.647225145224,45.7328398421414],[-120.64916914494,45.7310938416639],[-120.650564145419,45.7300768424288],[-120.650654145073,45.7299958422907],[-120.651194144794,45.7297438423609],[-120.651887145276,45.7294288422237],[-120.652913144926,45.7290958421558],[-120.653957145406,45.728771842503],[-120.655901145122,45.7281238422979],[-120.656171144982,45.7280608420906],[-120.657134145324,45.7277368424378],[-120.658295144905,45.7273588420934],[-120.66227314489,45.7253878420317],[-120.664100144606,45.7242718418285],[-120.667331145216,45.7225618421118],[-120.671084144717,45.7203658424661],[-120.679211145378,45.7148668424872],[-120.681596144746,45.7133458424931],[-120.685466145146,45.710987841672],[-120.686861144726,45.7101778420901],[-120.688922145341,45.7093588420933],[-120.691406144778,45.7084408420276],[-120.694124145113,45.707441841824],[-120.695393145177,45.7070638423788],[-120.695735144761,45.7069918417565],[-120.703799145214,45.7052998419706],[-120.706733144719,45.7047958421109],[-120.711611144838,45.703976842114],[-120.714374144551,45.7034998417007],[-120.716165145305,45.7030858423942],[-120.72347314507,45.7005478422655],[-120.72732514464,45.6992518418554],[-120.728594144704,45.6988288421338],[-120.730412144905,45.6981358416521],[-120.732374144551,45.6974608420007],[-120.733778145445,45.6969838424867],[-120.734390144889,45.6967768419341],[-120.735488145162,45.696398842489],[-120.744038144645,45.6935188418774],[-120.746099145259,45.6930598422943],[-120.74739514477,45.6929338418797],[-120.747566144562,45.692924842364],[-120.751175144617,45.6927898424337],[-120.751679145376,45.6926728424341],[-120.753281144609,45.6920788420213],[-120.764567145258,45.6889198420335],[-120.798812146164,45.6793348424854],[-120.801998145598,45.6786238420731],[-120.81850414595,45.676211842359],[-120.820556146149,45.6758518419453],[-120.830708145764,45.672809841957],[-120.832229145758,45.6723418419588],[-120.832319146312,45.672314841613],[-120.832571146241,45.6722428418901],[-120.833300145685,45.6720538421675],[-120.834407146373,45.6716668423073],[-120.835550146022,45.6712258417556],[-120.836378146434,45.6708388418954],[-120.836594145603,45.6707578417574],[-120.838475146011,45.6700018419678],[-120.853379146231,45.6640528419215],[-120.858203145659,45.6620458419984],[-120.860183146135,45.6610288418639],[-120.865034145909,45.6581038418752],[-120.866285146043,45.6574288422237],[-120.866438145904,45.6573298421549],[-120.871721145814,45.6541348423055],[-120.874295145804,45.6526858420344],[-120.876176146212,45.65141684197],[-120.88216114612,45.6471148423325],[-120.889379146231,45.6419398420065],[-120.893294146008,45.6395908424997],[-120.895157145586,45.6388258422951],[-120.896363146342,45.6382408422974],[-120.899414145846,45.6372598420244],[-120.90182614556,45.6367108418882],[-120.904211145828,45.6362968416823],[-120.911510146076,45.6352528421014],[-120.913562146276,45.6352078418248],[-120.914471145927,45.6351988423091],[-120.915308145854,45.6351808423784],[-120.916622146195,45.6351628424476],[-120.918089146397,45.6353158423086],[-120.919520145838,45.6356398419615],[-120.921284146246,45.6363688423046],[-120.923714145891,45.6378088421607],[-120.929231145801,45.6427588420033],[-120.92971714573,45.6430738421405],[-120.931256145655,45.6445228424116],[-120.936791146394,45.6492928420474],[-120.940337146242,45.6521188419674],[-120.941840146306,45.6529378419642],[-120.943136145816,45.6534688421697],[-120.944090145744,45.6536308424458],[-120.946691146079,45.6538648424449],[-120.948365145935,45.6538648424449],[-120.949238145724,45.653675841823],[-120.950876145718,45.6531538420326],[-120.951560145784,45.6528658422412],[-120.954782145979,45.6515158420389],[-120.954998146048,45.6513898416243],[-120.955097146116,45.6513178419012],[-120.955664146183,45.6511378416944],[-120.956240145766,45.6507418423186],[-120.95776114576,45.6499948420447],[-120.957833146383,45.6499498417682],[-120.961127146301,45.6483208421895],[-120.965690146283,45.6461698419211],[-120.967805145791,45.6453688418549],[-120.970550145573,45.6446398424112],[-120.972134145774,45.6443338417897],[-120.977606146307,45.6437398422763],[-120.978326146235,45.6436678416539],[-120.979406145677,45.6435328417236],[-120.979991145675,45.6435058422772],[-120.981665146429,45.6434248421391],[-120.982376145942,45.6434878423464],[-120.984653145726,45.6442258422052],[-120.985427146346,45.6445948421346],[-120.986408145719,45.6450628421328],[-120.98977414626,45.6466738417807],[-120.990746146118,45.6469168421949],[-120.99248314618,45.647150842194],[-121.001186146423,45.6468358420568],[-121.009781146183,45.6470068418486],[-121.010609145695,45.6470248417794],[-121.013417145685,45.6470878419867],[-121.01793514629,45.6471778416404],[-121.033352145885,45.6474838422619],[-121.04466514598,45.647708841846],[-121.04480014591,45.647708841846],[-121.052369146019,45.647861841707],[-121.059479145646,45.6479968416373],[-121.062179146051,45.6479068419835],[-121.064690145834,45.6476818423995],[-121.066778145895,45.6473668422623],[-121.06899214637,45.6468178421261],[-121.070954146017,45.6461788423361],[-121.094498146272,45.6364678423734],[-121.096388146196,45.6353608416858],[-121.09713514557,45.6347938416189],[-121.098017145775,45.6338488421068],[-121.09868314591,45.6329308420411],[-121.10009614632,45.630914841703],[-121.106810145672,45.6248398421413],[-121.111688145791,45.6204568423657],[-121.114190146058,45.6182788417515],[-121.116863146117,45.6164968423118],[-121.118564146318,45.6152548416939],[-121.118681146318,45.6151648420402],[-121.118789145902,45.6150928423172],[-121.119113145555,45.614849841903],[-121.12105714617,45.613148841702],[-121.121201145616,45.613004842256],[-121.121705146375,45.6125638417043],[-121.122380146027,45.611798842399],[-121.122686145749,45.6114658423311],[-121.123973145744,45.6099808421985],[-121.12463914588,45.6092158419938],[-121.124720146018,45.6091528417866],[-121.126178145805,45.6077758421377],[-121.127393146077,45.6068038422798],[-121.129283146,45.6058588418684],[-121.130129146343,45.6054268417317],[-121.130282146204,45.6053728419394],[-121.132739146195,45.6044008420816],[-121.133621146399,45.6040678420136],[-121.138526145965,45.6025558424345],[-121.138373146104,45.6034558416701],[-121.138292145966,45.6037618422915],[-121.138220146243,45.6040228417371],[-121.138175145966,45.6041848420132],[-121.137770146175,45.6056518422151],[-121.137752146245,45.6057238419381],[-121.137716146383,45.6061918419363],[-121.137689146037,45.606695841796],[-121.13762614583,45.6075328417236],[-121.137653146176,45.6078028424835],[-121.137914145621,45.6083338417897],[-121.138103146243,45.6087298420649],[-121.138256146104,45.6089188417875],[-121.140920145748,45.6109888419179],[-121.141757145676,45.6116368421229],[-121.142324145743,45.6120868421903],[-121.142972145948,45.612581841635],[-121.143836146221,45.6132658417016],[-121.144106146082,45.6134728422542],[-121.144808146079,45.614291842251],[-121.145159146078,45.614930842041],[-121.145357146215,45.6153628421778],[-121.145366145731,45.6158128422452],[-121.145267145662,45.6166048418963],[-121.145267145662,45.6183058420973],[-121.14571714573,45.6198358425065],[-121.146077146143,45.6205558424345],[-121.149362145646,45.6268468420645],[-121.149488146061,45.6271708417173],[-121.150838146263,45.6294298424696],[-121.150973146194,45.6296908419152],[-121.151153146401,45.6301138416368],[-121.151936145637,45.6315358424615],[-121.152359146258,45.6322918422511],[-121.153034145909,45.6336148421076],[-121.153367145977,45.6346228418271],[-121.153403145838,45.6347668421724],[-121.153466146046,45.6354418418239],[-121.153628146322,45.6359728420294],[-121.15369114563,45.6364228420969],[-121.155833146383,45.6478888420528],[-121.155869146244,45.6480508423289],[-121.156004146174,45.6486988416346],[-121.15667014631,45.6486898421189],[-121.16450914628,45.6485548421886],[-121.167110145717,45.6485008423963],[-121.174310145896,45.6483748419818],[-121.17786514616,45.6482308416364],[-121.179224145878,45.648284842328],[-121.179881145598,45.6483388421202],[-121.18043914615,45.6483928419125],[-121.181708146214,45.6485278418428],[-121.182401145796,45.6487528423262],[-121.182716145933,45.648851842395],[-121.183796146275,45.6494008416319],[-121.184597146341,45.6499048423909],[-121.184633146203,45.6499408422524],[-121.187612145984,45.6525958423806],[-121.188314145981,45.6533878420316],[-121.188809146325,45.6539008423064],[-121.188962146186,45.6540358422367],[-121.189034145909,45.6541258418905],[-121.190069145974,45.6550708423019],[-121.190771145972,45.6557008416769],[-121.190996145556,45.6559618420218],[-121.191131146385,45.6560698425056],[-121.19241814638,45.6572848418784],[-121.194434145819,45.659264842355],[-121.194875146371,45.6595348422156],[-121.195514146161,45.659984842283],[-121.195694146368,45.6600928418675],[-121.201490145654,45.6632158419939],[-121.202111146412,45.6636118422691],[-121.202408145719,45.6636838419921],[-121.204001146336,45.6654208420546],[-121.205504146399,45.6674278419777],[-121.208726145695,45.6705328421733],[-121.210229145758,45.6717748418919],[-121.210913145825,45.6722068420285],[-121.211111145963,45.6723328424431],[-121.212416145888,45.6730438419561],[-121.215458145877,45.6741508417444],[-121.217762146006,45.6746548425034],[-121.223504146399,45.6756988420843],[-121.241207146193,45.6796588421383],[-121.243331146115,45.6802168417902],[-121.247084145617,45.6816298421998],[-121.250018146021,45.6824848420582],[-121.251179145601,45.6827008421266],[-121.254950145932,45.6835018421927],[-121.26182614556,45.6848248420492],[-121.264382145619,45.6857878423914],[-121.265912146029,45.6861658418365],[-121.271222146285,45.6866338418347],[-121.273184145932,45.6870118421792],[-121.274651146133,45.6873808421086],[-121.276505146196,45.6881278423824],[-121.277585145638,45.6887578417574],[-121.277819145637,45.688955841895],[-121.27866514598,45.6896668423074],[-121.279637145838,45.690737842234],[-121.281077145694,45.6917728422993],[-121.281527145761,45.6919618420218],[-121.281590145968,45.6919708424368],[-121.282607146103,45.6924118420892],[-121.282724146102,45.6924568423658],[-121.28381314596,45.6930328419485],[-121.283912146029,45.6930868417407],[-121.28497414644,45.6935818420848],[-121.285118145886,45.6936448422921],[-121.28588314609,45.6940138422214],[-121.285991145675,45.6940858419444],[-121.286189145812,45.6941218418059],[-121.287260145739,45.6946708419422],[-121.2874131456,45.6947518420803],[-121.289771146421,45.695975841868],[-121.290023146351,45.6960838423518],[-121.290563146072,45.696317842351],[-121.290977146278,45.6965338424193],[-121.291121145724,45.696614841658],[-121.291517145999,45.6968308417264],[-121.292633146203,45.6974338416549],[-121.292840145856,45.6975508416544],[-121.29320014627,45.6977308418613],[-121.297376146392,45.7007548419189],[-121.298456145834,45.7014208420546],[-121.301318145616,45.7026538422574],[-121.302794146233,45.7034008416319],[-121.30490914574,45.7047418423186],[-121.305764145599,45.7050568424557],[-121.306673146149,45.705263842109],[-121.311038145994,45.7055968421769],[-121.313621146399,45.705740841623],[-121.315610146391,45.7056418424535],[-121.316717146179,45.7055248424539],[-121.317824145968,45.7055788422462],[-121.321118145886,45.7059208418298],[-121.323665146429,45.7060828421059],[-121.324295145804,45.7060828421059],[-121.325177146008,45.7061908416904],[-121.327733146068,45.7069918417565],[-121.329695145714,45.7074238418932],[-121.329803146198,45.707441841824],[-121.330208145989,45.7075048420312],[-121.333259146392,45.7079548420987],[-121.341314146431,45.7099168417453],[-121.342394145873,45.7102678417439],[-121.343528146007,45.7106278421576],[-121.345589145722,45.7108978420182],[-121.347317146269,45.7108258422952],[-121.348793145987,45.7105648419503],[-121.351565146115,45.7098088421608],[-121.352960145694,45.7094308418163],[-121.357271145747,45.7081978416135],[-121.358675145741,45.7078828423757],[-121.359089145947,45.7077928418226],[-121.360664145734,45.7075678422385],[-121.361897145936,45.7075678422386],[-121.364183146135,45.7077388420304],[-121.366523146126,45.7080268418217],[-121.368350145842,45.7082338423743],[-121.376180146297,45.7091158416792],[-121.377386146154,45.7088098419571],[-121.37869114608,45.7082608418209],[-121.379663145937,45.7077118416846],[-121.382372145858,45.7054258423851],[-121.382687145995,45.7053088423856],[-121.382903146063,45.7052008419017],[-121.383137146062,45.7050298421099],[-121.386179146051,45.7031848424629],[-121.391750145753,45.6999628422678],[-121.39388314609,45.6988738424103],[-121.394684146156,45.6984778421351],[-121.395332146361,45.6982618420667],[-121.396223146081,45.6981178417215],[-121.396997145802,45.6980728423442],[-121.397933145798,45.6980458419984],[-121.399283146,45.698315841859],[-121.402253146266,45.6991888416482],[-121.403495145984,45.69937784227],[-121.40429614605,45.6993508419242],[-121.407995145759,45.6990628421328],[-121.409030145825,45.6990628421329],[-121.413476145807,45.6994588424081],[-121.42318714577,45.699521841716],[-121.425050146247,45.6996658420614],[-121.425824145968,45.6998188419224],[-121.426139146105,45.6999178419912],[-121.427462145961,45.7003948424045],[-121.430324145743,45.7017808424683],[-121.433816145798,45.7032388422552],[-121.435355145723,45.7037878423914],[-121.438451146403,45.7043728423892],[-121.440305145566,45.7051198417637],[-121.444850145618,45.7063978422431],[-121.448675145741,45.7077568419611],[-121.449422146015,45.7081348423055],[-121.4514651458,45.7088908420951],[-121.451699145799,45.7089988416796],[-121.452086145659,45.7090978417484],[-121.452788145656,45.7092688424395],[-121.453463146207,45.7095658417466],[-121.453508145584,45.7095838416774],[-121.456271146196,45.7106008418118],[-121.456658146057,45.7108078423644],[-121.456856146194,45.710915841949],[-121.458125146258,45.7116088424306],[-121.459889145767,45.7123198419435],[-121.460933146248,45.7126798423573],[-121.462112145759,45.7131388419404],[-121.463084145617,45.7134988423541],[-121.463192146101,45.7135618416621],[-121.464056146374,45.7139038421451],[-121.464227146166,45.7139938417988],[-121.465091146439,45.7142818424895],[-121.465307145608,45.7143538422125],[-121.466450146157,45.7147678424184],[-121.467494145738,45.7152088420708],[-121.467566146361,45.7152358424166],[-121.468592146011,45.715595841931],[-121.468664145734,45.7156228422768],[-121.469582145799,45.7159198424832],[-121.469681145868,45.7159468419296],[-121.470788145656,45.7164508417894],[-121.473758145922,45.7184668421275],[-121.47383914606,45.7185298423348],[-121.473992145921,45.7186108424728],[-121.474064145644,45.71865584185],[-121.474307146058,45.7187998421954],[-121.474631145711,45.7190158422638],[-121.474685146402,45.7190518421253],[-121.474838146263,45.7191598417098],[-121.474928145917,45.7192138424013],[-121.475981145913,45.7196728419845],[-121.476134145774,45.7197358421918],[-121.4775561457,45.7203658424661],[-121.47769114563,45.7204198422583],[-121.478087145905,45.7205728421194],[-121.478204145905,45.7206088419809],[-121.481552145615,45.7218778420452],[-121.481669145615,45.7219138419067],[-121.482632145957,45.7221838417673],[-121.482776146302,45.7222108421131],[-121.484036145951,45.7225528416967],[-121.48463914588,45.7227058424571],[-121.484801146156,45.7227598422494],[-121.489328146277,45.7238128422453],[-121.489967146067,45.7239658421063],[-121.491677145784,45.7244158421738],[-121.49185714599,45.7244608424504],[-121.492442145988,45.7246048418964],[-121.493459146123,45.724874841757],[-121.494080145982,45.7250818423096],[-121.494143146189,45.7250998422404],[-121.494206146396,45.7251178421711],[-121.494377146188,45.7251628424476],[-121.49596114639,45.7256128416158],[-121.497104146039,45.7257208420996],[-121.497320146108,45.7257208420997],[-121.498724146102,45.7257028421689],[-121.499840146306,45.7259008423064],[-121.501208146439,45.7261978416135],[-121.501973145744,45.7263688423047],[-121.507940145721,45.7273858424391],[-121.509677145784,45.7276918421613],[-121.51073014578,45.7277368424378],[-121.511720145568,45.727781841815],[-121.516715145687,45.7278088421608],[-121.51831714582,45.7280068422984],[-121.52013514602,45.7283398423663],[-121.52013514602,45.7284748422966],[-121.520675145741,45.7285198416738],[-121.521224145878,45.7286458420884],[-121.521899146428,45.7288168418802],[-121.522097145667,45.7288708416724],[-121.524356146419,45.729410842293],[-121.525337145793,45.7295458422233],[-121.526282146204,45.7296898416693],[-121.530071145567,45.7298698418761],[-121.532384146111,45.7297978421531],[-121.548017145775,45.7283218424355],[-121.548530146049,45.7282588422282],[-121.550276145628,45.7279888423676],[-121.551797145622,45.7277728422993],[-121.55522614637,45.7268998416108],[-121.557188146016,45.7263058420974],[-121.557809145875,45.7258288416841],[-121.558421146219,45.7250548419638],[-121.558817145595,45.7245328421734],[-121.55907814594,45.7242088416212],[-121.559798145868,45.7235878417619],[-121.560932146002,45.7232188418325],[-121.565189146262,45.7230208416949],[-121.565279145916,45.7230208416949],[-121.565477146053,45.7229938422485],[-121.568276145628,45.7225888424575],[-121.577618145661,45.7212298418402],[-121.582532145642,45.7207528423262],[-121.584080145982,45.7204828424656],[-121.5853221457,45.7203658424661],[-121.596284145797,45.7206088419809],[-121.599578145715,45.7204288417741],[-121.600523146126,45.7206088419809],[-121.601675146191,45.7210408421176],[-121.601999145844,45.7211668416329],[-121.60293514584,45.7212568421859],[-121.603862146321,45.7212298418402],[-121.604996145556,45.7209778419103],[-121.605806146037,45.7206808417039],[-121.609082146024,45.7188358420569],[-121.609136145816,45.7187998421954],[-121.610801146156,45.7182508420592],[-121.611071146017,45.7181968422669],[-121.614428146142,45.7175038417853],[-121.615760146414,45.7170178418563],[-121.61720014627,45.7163068423433],[-121.617794145783,45.7159468419296],[-121.619513145915,45.7148938419337],[-121.622258145697,45.7127338421495],[-121.623428145692,45.7119328420834],[-121.625066145686,45.7112128421554],[-121.626182145889,45.710915841949],[-121.627874145675,45.7106098422269],[-121.635893145852,45.7101238422979],[-121.637621146399,45.7101328418136],[-121.639637145838,45.7103038425048],[-121.644731146026,45.7110058425021],[-121.647998145598,45.7115818420847],[-121.648835146425,45.7117258424301],[-121.649033145663,45.7117618422916],[-121.650437145658,45.7118608423604],[-121.652597146341,45.7118788422912],[-121.654982145709,45.7116268423613],[-121.656584145842,45.7112938422934],[-121.659608145899,45.7102678417439],[-121.660328145827,45.7100248422291],[-121.660463145758,45.7099798419526],[-121.663820145883,45.7092508416095],[-121.665809145875,45.7091338416099],[-121.668194146143,45.7094398422313],[-121.671569146199,45.7103668418127],[-121.671785146267,45.7104208425043],[-121.67325214557,45.7106278421576],[-121.674359146258,45.7106458420884],[-121.676195146389,45.7104208425043],[-121.677203146108,45.7100968419521],[-121.678499145619,45.7095838416774],[-121.683071146017,45.7068658422413],[-121.684538146218,45.7060648421751],[-121.686275146281,45.7055068416238],[-121.689731145576,45.7047238423879],[-121.691225146124,45.7042738423204],[-121.702655146218,45.7001788423361],[-121.702808146079,45.7001248416445],[-121.703762146006,45.699863842199],[-121.704608146349,45.6997468421994],[-121.705220145793,45.6996118422691],[-121.710215145912,45.6991708417174],[-121.710359146258,45.6991708417174],[-121.715831145891,45.6990628421329],[-121.717955145813,45.6991888416481],[-121.7254521462,45.7001968422669],[-121.726766145641,45.7001968422669],[-121.728062146051,45.7000798422673],[-121.734362146096,45.6990808420636],[-121.736513146365,45.6990988419944],[-121.737782146429,45.6994858418545],[-121.738763145803,45.6999628422678],[-121.741085145863,45.7014298424697],[-121.743002146132,45.7022938418437],[-121.744469146334,45.7027078420497],[-121.746170145636,45.702923842118],[-121.751192146101,45.7029868423253],[-121.756277145874,45.7029778419103],[-121.757474146215,45.7031398421864],[-121.759625145584,45.7037968419071],[-121.761515146407,45.7050388416256],[-121.761785146267,45.7055878417619],[-121.764260146189,45.7073428417552],[-121.765754145837,45.7078738419606],[-121.765763146252,45.7078738419606],[-121.769399145754,45.7090258420254],[-121.770128146097,45.7093858424391],[-121.771262146231,45.7096198424382],[-121.771766146091,45.7097278420227],[-121.772828145602,45.7101688416751],[-121.773467146292,45.7103938421585],[-121.775483145731,45.7110778422251],[-121.77596914566,45.7111138420866],[-121.778021145859,45.7118068416688],[-121.779650146337,45.7123198419435],[-121.780415145642,45.7125718418735],[-121.780982145709,45.7127338421495],[-121.78100014564,45.7127518420802],[-121.781612145984,45.7130578418024],[-121.784780146387,45.7139398420066],[-121.785788146106,45.7143718421432],[-121.791458145877,45.7160368424827],[-121.791728145737,45.7161538424822],[-121.792151146358,45.716315841859],[-121.792196145735,45.7163338417898],[-121.793906146352,45.7167838418573],[-121.796651146133,45.7170538417179],[-121.8015561457,45.7163338417898],[-121.803536146176,45.7162708424819],[-121.808990145879,45.7170268422714],[-121.811861146075,45.7172068424782],[-121.813589145722,45.7172068424782],[-121.815326145785,45.7170088423406],[-121.815416146338,45.7170088423406],[-121.816460145919,45.716729842065],[-121.818422145566,45.7158928421374],[-121.819232146047,45.7156858424841],[-121.820537145972,45.715604842346],[-121.821086146109,45.715667841654],[-121.822895145894,45.7158208424144],[-121.824074146305,45.715604842346],[-121.826378146434,45.7155688424845],[-121.828736146356,45.7152088420708],[-121.828871146286,45.7151998416558],[-121.829087146355,45.7151998416558],[-121.831337145793,45.7148128417957],[-121.832885146133,45.7143538422125],[-121.834280145712,45.7137238419382],[-121.835090146193,45.7131658422862],[-121.835711146053,45.7125898418042],[-121.836593146257,45.7110598422943],[-121.837079146186,45.7104928422273],[-121.838024145698,45.7100788420214],[-121.839914145621,45.7098268420915],[-121.841318145616,45.7100428421599],[-121.842011146097,45.7099168417453],[-121.842794146233,45.709637842369],[-121.843253145816,45.7092778419553],[-121.843280146162,45.7092508416095],[-121.843793146437,45.7084858423042],[-121.843838145814,45.7083778418204],[-121.844126145605,45.7077928418226],[-121.844981146363,45.7072888419629],[-121.846151146358,45.7070818423096],[-121.848437145658,45.7069648423101],[-121.849022145655,45.706811842449],[-121.853666145776,45.705110842248],[-121.853810146121,45.7050568424557],[-121.858130146589,45.7031488417021],[-121.858256147004,45.7031038423249],[-121.859363146792,45.7025008423964],[-121.859561146929,45.7022488424665],[-121.860434146718,45.7018348422606],[-121.861442147337,45.7015288416392],[-121.861874146575,45.7014118416396],[-121.862675146641,45.7011958424705],[-121.864394146772,45.7007638423339],[-121.865852146559,45.7005838421271],[-121.867886146828,45.7003228417822],[-121.869056146824,45.7002508420591],[-121.870289147026,45.7001698419211],[-121.871765146744,45.7000798422673],[-121.872440147295,45.6998818421297],[-121.87322314743,45.6996658420614],[-121.87450114701,45.6992248424089],[-121.876193146796,45.6979918422062],[-121.876616147417,45.6976228422767],[-121.877183146585,45.6972358424166],[-121.87771414679,45.6968758420029],[-121.878236146581,45.6965968417273],[-121.87887514727,45.6962368422129],[-121.880009147404,45.6955708420771],[-121.880954146916,45.6951658422862],[-121.881107146777,45.6950038420101],[-121.882601147325,45.6942568417362],[-121.884158147181,45.6935188418774],[-121.885391147384,45.6928798420874],[-121.885652146829,45.6927358417421],[-121.886390146688,45.6922678417439],[-121.887164147308,45.6917728422992],[-121.887407146822,45.6915748421617],[-121.888982146609,45.6901888420978],[-121.8890361473,45.6901258418905],[-121.889090147093,45.6900808416139],[-121.889558147091,45.6896848422381],[-121.890710147156,45.6886498421729],[-121.892186146873,45.6876688418999],[-121.897550146922,45.6848878422565],[-121.89790114692,45.6847078420497],[-121.900988147185,45.6831148423325],[-121.901177146908,45.6830158422637],[-121.901330146769,45.6829258417106],[-121.902365146834,45.6823408417129],[-121.904840146755,45.6811078424094],[-121.905002147031,45.6810088423406],[-121.908692147225,45.6787858423491],[-121.909133146877,45.6781378421441],[-121.909574147429,45.6775528421464],[-121.910519146941,45.6753118422242],[-121.910555146803,45.6730168416103],[-121.910321146803,45.6716578418923],[-121.909871146736,45.6702538418976],[-121.906478146749,45.6662758419129],[-121.905596147444,45.6650158422637],[-121.905398147307,45.664808841711],[-121.905380147376,45.6646918417115],[-121.905272146892,45.664169841921],[-121.905389146892,45.6635488420618],[-121.905425146753,45.66337784227],[-121.90547014703,45.6631348418558],[-121.90637914668,45.6619828417911],[-121.907360146953,45.6597778417304],[-121.909061147154,45.6578878418068],[-121.91255314721,45.6551158416791],[-121.913795146928,45.6544228420968],[-121.914704146579,45.6540718420982],[-121.915010147201,45.654017842306],[-121.916216147058,45.6538108417533],[-121.917602147121,45.6535768417542],[-121.918808146978,45.6534688421697],[-121.921481147037,45.652883842172],[-121.922750147102,45.6522628423127],[-121.923236147031,45.651974841622],[-121.923803147098,45.6516418424535],[-121.924937147231,45.6505528416966],[-121.925252147369,45.6502648419053],[-121.925819147436,45.6499228423217],[-121.926629147017,45.6493378423239],[-121.927637146737,45.6487888421877],[-121.928591146664,45.6485368422579],[-121.930022147004,45.6484018423275],[-121.931426146999,45.6485908420501],[-121.93233514665,45.6488608419107],[-121.935557146845,45.6505978419732],[-121.936151147258,45.6509308420411],[-121.936250147326,45.6509938422484],[-121.938689147386,45.6518578416225],[-121.940453146895,45.6521278423824],[-121.941983147304,45.6521278423824],[-121.943936147435,45.6517678419687],[-121.945457147429,45.6512008419017],[-121.948598146587,45.6500308419062],[-121.949399146653,45.6496528424611],[-121.952090146643,45.6485548421886],[-121.952396147264,45.648428841774],[-121.952450147057,45.6484198422583],[-121.956923147385,45.646583842127],[-121.957193147246,45.6464758416432],[-121.959632147306,45.6454678419237],[-121.960991147024,45.6449008418567],[-121.966130146589,45.6425878422115],[-121.96796614672,45.6419308424908],[-121.968713146994,45.6417688422147],[-121.971278146569,45.6410398418716],[-121.973906147251,45.6407878419417],[-121.977911146682,45.6404278424274],[-121.97979214709,45.6402658421513],[-121.981187146669,45.6403018420128],[-121.982096147219,45.6404818422196],[-121.983167147146,45.640850842149],[-121.983374146799,45.6409138423564],[-121.985489147206,45.6413098417322],[-121.985876147067,45.6412918418014],[-121.987739146644,45.6412108416634],[-121.989665147329,45.6406618424264],[-121.991915146767,45.639644842292],[-121.993436146761,45.6389698417412],[-121.993931147105,45.6387808420186],[-121.994093147381,45.6386998418806],[-121.996829146748,45.637376842024],[-121.999403146738,45.6363328424431],[-122.001194146593,45.6357208420995],[-122.002526146864,45.6353248418243],[-122.002751147348,45.6352258417556],[-122.004290147272,45.6345058418275],[-122.005271146646,45.6337228416922],[-122.005505146645,45.6334888416931],[-122.006036146851,45.6329668419026],[-122.006306146711,45.6326878416269],[-122.006351146988,45.6326608421805],[-122.006387146849,45.632624842319],[-122.006810146571,45.6323278421126],[-122.007125146708,45.6321118420442],[-122.009150146562,45.631148841702],[-122.009240147115,45.6311398421863],[-122.009960147043,45.631004842256],[-122.011229147107,45.6310138417717],[-122.011724146552,45.6311938419786],[-122.014199147373,45.6320758421827],[-122.015270147299,45.6323008417668],[-122.016188147365,45.6322558423895],[-122.016872147432,45.6320488418369],[-122.017394147222,45.6317518416305],[-122.018312147288,45.6308068421184],[-122.018825146663,45.6303838423968],[-122.020463146657,45.6294208420546],[-122.021336147345,45.6292408418477],[-122.02221814665,45.6288538419876],[-122.023982147058,45.6277738416458],[-122.024108146574,45.627611842269],[-122.024360147403,45.6274768423387],[-122.024504146849,45.6273598423392],[-122.024765147194,45.6264238423428],[-122.024828147401,45.6263608421355],[-122.024963147331,45.62519084214],[-122.025035147054,45.6248398421413],[-122.0250621474,45.624632842488],[-122.025080147331,45.6243808416589],[-122.025350147191,45.6236338422843],[-122.025593146706,45.6233818423545],[-122.025881147397,45.6230668422174],[-122.026259146842,45.6226618424264],[-122.02955314676,45.6214738425002],[-122.029688146691,45.6213928423621],[-122.030111147312,45.6211588423631],[-122.030921146893,45.6204208425042],[-122.031965147374,45.6197278420226],[-122.032712146748,45.6194848416085],[-122.03688814687,45.6186388421652],[-122.037698147352,45.6184858423041],[-122.038211146727,45.618332842443],[-122.039417146584,45.6180088418909],[-122.04047014658,45.6177208420996],[-122.043071146916,45.6172348421706],[-122.043917147259,45.6170818423095],[-122.043998147397,45.6170638423788],[-122.047085146762,45.6162358419669],[-122.049614147375,45.6153538417627],[-122.050172147027,45.6152278422474],[-122.05154014716,45.6145888424575],[-122.051972147297,45.6144988419044],[-122.055014147285,45.6131758420478],[-122.055491146799,45.6129688423945],[-122.056283147349,45.6126268419116],[-122.05926214713,45.6114928417776],[-122.060063147196,45.6110248417794],[-122.061773146913,45.6102958423356],[-122.063069147323,45.6099538418527],[-122.064635146695,45.6097018419228],[-122.066840146755,45.6094858418545],[-122.067110146616,45.609458842408],[-122.068937147231,45.6091078424093],[-122.069495146883,45.6089008418567],[-122.071412147153,45.608324842274],[-122.07352714666,45.6079378424139],[-122.077604146714,45.6073708423468],[-122.078252146919,45.6072808417938],[-122.079692146775,45.6071638417942],[-122.083859147382,45.606776841934],[-122.085938147028,45.606704842211],[-122.087702147436,45.6064978416584],[-122.091284147146,45.6057328423532],[-122.095991146574,45.6040588424979],[-122.096567147056,45.6038428424296],[-122.098286147188,45.6029788421562],[-122.099465146699,45.6027178418113],[-122.100509147179,45.6027178418113],[-122.102417147034,45.6027178418113],[-122.104892146955,45.602591842296],[-122.105999146743,45.6026818419497],[-122.1072051466,45.6026548425033],[-122.109554147006,45.6022408422974],[-122.10989614659,45.6021058423671],[-122.110400147349,45.6019168417452],[-122.110454147141,45.6018898422988],[-122.111300146584,45.6014938420235],[-122.112191147204,45.6010438419561],[-122.114369146919,45.5999998423752],[-122.116880146701,45.5989018421026],[-122.117240147115,45.5987398418265],[-122.118284146696,45.5982808422434],[-122.118473147318,45.5981908416903],[-122.119355146623,45.5980288423135],[-122.119769146829,45.597830842176],[-122.121623146891,45.5974798421773],[-122.12328814723,45.5974078424543],[-122.125313147084,45.5979388417605],[-122.126204146804,45.5979928424521],[-122.128616147417,45.5969668419026],[-122.13176614699,45.595652842461],[-122.133332147261,45.5949058421872],[-122.135951146628,45.5937628416381],[-122.137877147312,45.5929078417798],[-122.139821147028,45.5920798422672],[-122.14179214709,45.59137784227],[-122.142962147085,45.5912608422704],[-122.143295147153,45.5912788422011],[-122.143898147082,45.5913058416476],[-122.145104146939,45.5913868417856],[-122.146382147418,45.5916478421305],[-122.147282146654,45.5918998420604],[-122.148137147411,45.5921068417137],[-122.149325147338,45.5918998420604],[-122.149973146643,45.5917918424759],[-122.150864147263,45.5917648421301],[-122.152079146635,45.5918098424066],[-122.153006147116,45.5917648421301],[-122.156426147449,45.5908648419952],[-122.157524146822,45.5904508417892],[-122.158694146817,45.5897668417227],[-122.160404147433,45.5892268420015],[-122.165363146792,45.588137842144],[-122.166281146857,45.5880928418675],[-122.166722147409,45.588065842421],[-122.167694147267,45.588065842421],[-122.168207146642,45.5881198422133],[-122.172455147387,45.5885878422114],[-122.175110146616,45.5887138417267],[-122.175839146959,45.5887588420032],[-122.177774147159,45.588776841934],[-122.179016146878,45.5888848424178],[-122.179502146807,45.5888848424178],[-122.181212147423,45.5889028423486],[-122.182697146656,45.5889388422101],[-122.183858147136,45.588695841796],[-122.184677147133,45.5883178423509],[-122.18551414706,45.5878678422834],[-122.186774146709,45.5876788416615],[-122.18781814719,45.587489841939],[-122.188763146702,45.5871658422861],[-122.188808146978,45.5871388419404],[-122.189582146699,45.5863828421507],[-122.190716146833,45.58572584243],[-122.192138146758,45.5852578424318],[-122.193263147376,45.5844568423657],[-122.194217147303,45.5832958418859],[-122.194802147301,45.5824498424426],[-122.194964146678,45.5810638423787],[-122.194703147232,45.5801008420366],[-122.194802147301,45.5786608421804],[-122.19478414737,45.577148841702],[-122.194820147232,45.5762128417056],[-122.1951531473,45.574817842126],[-122.195414146745,45.5742058417825],[-122.196350146742,45.5737918424759],[-122.198375146596,45.5735398416467],[-122.200058146866,45.5732608422704],[-122.200535147279,45.5730718416485],[-122.200814146655,45.5725408423423],[-122.200751147348,45.5710378422789],[-122.20080514714,45.570065842421],[-122.201435147414,45.5697598417996],[-122.202776147201,45.5697328423531],[-122.203226147269,45.5697058420073],[-122.204369146919,45.5696248418693],[-122.205494146638,45.569489841939],[-122.207555147252,45.5690938416637],[-122.209265146969,45.5685628423576],[-122.21057914731,45.5678068416687],[-122.212082147373,45.5669788421562],[-122.21406214695,45.5663398423661],[-122.214386146603,45.5663038425046],[-122.215763147152,45.5661418422285],[-122.217176146662,45.5661418422285],[-122.217806146936,45.5663218424354],[-122.218445146726,45.56617784209],[-122.219462146861,45.5651878423014],[-122.220497146926,45.5644498424426],[-122.222513147264,45.5641618417519],[-122.22420514705,45.5640538421674],[-122.225177146908,45.563837842099],[-122.225816146698,45.5635138424462],[-122.226509147179,45.5629918417564],[-122.227067146831,45.5624968423118],[-122.227814147105,45.5617228416921],[-122.228453146895,45.5613898416242],[-122.2291011471,45.5613628421778],[-122.230082147373,45.5613088423855],[-122.232107147227,45.5610748423864],[-122.23307014667,45.5611918423859],[-122.234015147081,45.5613088423855],[-122.235338146938,45.5610118421791],[-122.236661146794,45.5605258422501],[-122.237903147412,45.5603548424583],[-122.239298146992,45.5603188416975],[-122.240081147127,45.5601298419749],[-122.241008146709,45.5602648419052],[-122.241278146569,45.5602738423203],[-122.242385147257,45.5603368416283],[-122.243123147116,45.5601478419057],[-122.244167146696,45.5598868424601],[-122.245760147313,45.5597788419763],[-122.247119147031,45.559652842461],[-122.247902147166,45.5595718423229],[-122.248595146749,45.5595898422537],[-122.256596146995,45.5600488418369],[-122.261006147116,45.5603098421817],[-122.261240147115,45.5603368416283],[-122.262581146902,45.5606248423189],[-122.266289147026,45.5615158420388],[-122.272877146863,45.5635498423077],[-122.274902146717,45.5642338423742],[-122.276189146712,45.564818842372],[-122.277332147261,45.5652598420244],[-122.27845714698,45.5655118419543],[-122.279276146977,45.5656558422996],[-122.279825147113,45.5657638418841],[-122.281130147039,45.5660698425055],[-122.282912147378,45.5666008418117],[-122.288537146872,45.5684998421503],[-122.292767146786,45.570056842006],[-122.294495147333,45.5704438418661],[-122.29581814719,45.5707678424183],[-122.296673147048,45.5708578420721],[-122.297087147254,45.5709658416566],[-122.299292147315,45.5712268420015],[-122.300660147448,45.571343842001],[-122.302208146888,45.5714608420006],[-122.303603147367,45.571424842139],[-122.305835146874,45.5713078421395],[-122.308787147209,45.5711728422092],[-122.310902146717,45.571118842417],[-122.313008146709,45.5710648417254],[-122.314826146909,45.5712448419323],[-122.315015146632,45.571262841863],[-122.315528146906,45.5712988417245],[-122.315987147389,45.5713258420703],[-122.317436146761,45.5714338416548],[-122.318354146826,45.5715148417928],[-122.318993146616,45.5716138418616],[-122.320298147442,45.5718748422065],[-122.320757147025,45.5719378424138],[-122.323151146808,45.5721808419286],[-122.324609146595,45.5723878424812],[-122.326526146864,45.5726398424111],[-122.328020147412,45.5729278422025],[-122.329874146575,45.5733508419241],[-122.331602147121,45.573683841992],[-122.333600146629,45.5740168420599],[-122.334374147249,45.5741248416445],[-122.335427147245,45.5741248416445],[-122.336588146825,45.5741068417137],[-122.337677146683,45.5741518419902],[-122.338775146955,45.5741518419902],[-122.339756147228,45.5742598424741],[-122.34159214736,45.5745478422654],[-122.342609146595,45.5746918417114],[-122.343329147422,45.5747908417802],[-122.344886147278,45.5749528420564],[-122.346155147342,45.5751328422632],[-122.347685146852,45.5752588417784],[-122.349071146916,45.57531284247],[-122.3511141467,45.5755468424691],[-122.352419146626,45.5757538421224],[-122.353229147107,45.575861841707],[-122.353616146968,45.5759068419834],[-122.354777147447,45.5762128417056],[-122.354984147101,45.5762758419129],[-122.355569147098,45.5764468417047],[-122.355956146959,45.5765548421885],[-122.357144146885,45.5767978417034],[-122.358350146742,45.5771218422555],[-122.359952146874,45.5775358424615],[-122.36050114701,45.5776258421153],[-122.360798147217,45.5777068422533],[-122.36139214673,45.5778598421143],[-122.362112146658,45.5780488418369],[-122.363255147207,45.5781928421822],[-122.364272147342,45.5783008417668],[-122.36474014734,45.5784538416278],[-122.366261147334,45.5786878416269],[-122.367296147399,45.5788138420415],[-122.368295146704,45.5790388416256],[-122.368817147393,45.5792008419016],[-122.369681146767,45.5793628421777],[-122.370104147388,45.5795068416238],[-122.370824147317,45.5796598423841],[-122.372264147173,45.5800828421058],[-122.373362147445,45.5803708418972],[-122.374316147372,45.5805598416197],[-122.375351147437,45.5806678421035],[-122.37656614681,45.5807488422416],[-122.377628147221,45.5807398418265],[-122.37823114715,45.5807218418958],[-122.379887147074,45.5806768416193],[-122.381615146722,45.5805868419655],[-122.382479146995,45.5805868419655],[-122.383937146782,45.5804788423809],[-122.385071146916,45.5804518420352],[-122.385683147259,45.5804518420352],[-122.386610146841,45.5804608424502],[-122.387762146906,45.5804518420352],[-122.388950146832,45.5802898417591],[-122.38980514669,45.5801098424516],[-122.390885147032,45.5798668420375],[-122.391560146683,45.5797498420379],[-122.391677146683,45.5797228416921],[-122.391758146821,45.5797048417613],[-122.393810147021,45.5791198417636],[-122.395673146598,45.5787328419034],[-122.396798147217,45.5783998418356],[-122.397437147007,45.5782648419053],[-122.398085147212,45.5780848416984],[-122.398787147209,45.5779408422524],[-122.40060514741,45.5775358424615],[-122.402954146916,45.577076841979],[-122.403107146777,45.5770408421175],[-122.404259146842,45.5768248420491],[-122.410721147163,45.5756188421921],[-122.411918146605,45.5753938417087],[-122.41732714693,45.5745118424039],[-122.418272147342,45.5744308422659],[-122.419091147339,45.5742598424741],[-122.419829147197,45.5743948424044],[-122.420738146848,45.5746918417115],[-122.42195314712,45.5751058419174],[-122.423006147116,45.5758078419147],[-122.42375314739,45.5764468417047],[-122.424131146835,45.5769238421179],[-122.425256146554,45.5780038424597],[-122.425706146621,45.5783008417668],[-122.427155146892,45.5797678419687],[-122.427623146891,45.5801638422439],[-122.427704147029,45.5802178420361],[-122.428271147096,45.5807398418265],[-122.428793146886,45.5810728418945],[-122.429225147023,45.5813068418936],[-122.429513146814,45.5814598417546],[-122.429729146883,45.5815678422384],[-122.430206147296,45.5815678422384],[-122.432825146663,45.5810368420329],[-122.433518147145,45.5809018421027],[-122.434670147209,45.5806048418963],[-122.434787147209,45.5805868419655],[-122.435093146931,45.5805058418275],[-122.435660146998,45.5803888418279],[-122.436110147066,45.5802898417591],[-122.436713146994,45.5801548418288],[-122.437757146575,45.5798938423832],[-122.437865147059,45.5798668420375],[-122.439440146845,45.579425842385],[-122.440232147396,45.5792008419016],[-122.441672147252,45.578849841903],[-122.4431661469,45.5786248423189],[-122.444111147312,45.5785618421117],[-122.445227146615,45.5785528416966],[-122.446262146681,45.5786068423882],[-122.446739147094,45.5786698416961],[-122.447603147367,45.578849841903],[-122.448980147016,45.5791738424552],[-122.450591146664,45.5795518419003],[-122.452157146935,45.579974841622],[-122.454002146582,45.5804518420352],[-122.456261147334,45.5809918417565],[-122.458799146563,45.5818198421683],[-122.458997146701,45.5818918418913],[-122.460581146902,45.5823868422353],[-122.461175147315,45.5825758419579],[-122.462264147173,45.5829088420258],[-122.464595146749,45.5835208423693],[-122.465702147436,45.5838088421607],[-122.465855147297,45.5838268420914],[-122.466962147085,45.5839978418832],[-122.467781147082,45.5840608420905],[-122.46887014694,45.5842048424359],[-122.471201147415,45.5843938421584],[-122.471786147413,45.5844298420199],[-122.473838146713,45.584510842158],[-122.4751791474,45.5847088422955],[-122.475872146982,45.5848168418801],[-122.477915146767,45.585230842086],[-122.479589146622,45.5856808421535],[-122.481434147168,45.5862388418054],[-122.482370147165,45.5865268424961],[-122.484404147433,45.5871208420095],[-122.485196147084,45.587408841801],[-122.485952146874,45.587570842077],[-122.486897147286,45.5877058420073],[-122.487752147144,45.5878408419376],[-122.488175146865,45.5879128416606],[-122.489030146724,45.588065842421],[-122.489282146654,45.5881018422825],[-122.490902146717,45.5883178423509],[-122.492567147056,45.5887588420033],[-122.493260146638,45.5889388422101],[-122.494925146978,45.5893888422776],[-122.497625147383,45.5901808419286],[-122.49767014676,45.5901898423437],[-122.500055147027,45.5908198417187],[-122.503457147429,45.5915398416467],[-122.505977146728,45.5923858419893],[-122.508101146651,45.5929348421256],[-122.509271146646,45.5932768417092],[-122.517137146962,45.5954638418392],[-122.523356146869,45.5969938422483],[-122.540627147425,45.601295841886],[-122.542706147071,45.6018088421607],[-122.546081147127,45.6026098422268],[-122.548835147324,45.603302841809],[-122.549015146632,45.6033388416705],[-122.551626407333,45.6039641205041],[-122.562946318718,45.6064618004281],[-122.572373980075,45.6084427757698],[-122.582728426076,45.6105709872176],[-122.588837334575,45.611851347518],[-122.591492255563,45.6123920046436],[-122.594520339442,45.6126891082721],[-122.597747415411,45.6130243629403],[-122.599979759358,45.6131682967359],[-122.603568101087,45.6139480296342],[-122.608230764838,45.6150991177864],[-122.610141109225,45.6153010029952],[-122.612290663383,45.615218581029],[-122.614363365077,45.6158267961261],[-122.618241239042,45.6169616793944],[-122.622503010206,45.6179899498327],[-122.625484383298,45.6185171333154],[-122.628176645935,45.6186885620838],[-122.631893302034,45.6185911664055],[-122.639011621289,45.6185456571127],[-122.648800687801,45.6183961789968],[-122.655079346035,45.6184736825708],[-122.658289231463,45.6185783150935],[-122.661741467994,45.6192694854548],[-122.66560994854,45.6202652993604],[-122.668664275536,45.6217053495786],[-122.669909210642,45.6225738977235],[-122.671008157001,45.6236947039038],[-122.670659147202,45.623984842283],[-122.670173147273,45.6243988424889],[-122.669408147068,45.624632842488],[-122.669282146654,45.624695841796],[-122.669129146793,45.6248398421413],[-122.668922147139,45.625109842002],[-122.668265147419,45.6261268421364],[-122.667707146867,45.6269368417182],[-122.666573146733,45.628736841988],[-122.665763147151,45.6300148424673],[-122.664800146809,45.6315358424615],[-122.66367514709,45.6333268423163],[-122.663171147231,45.6341188419673],[-122.662910146886,45.6345328421733],[-122.662208146888,45.6358378420991],[-122.661893146751,45.6367828416112],[-122.661506146891,45.637934841676],[-122.661434147168,45.6386278421576],[-122.661407146822,45.6389338418797],[-122.661407146822,45.6394378417394],[-122.661407146822,45.6398068416688],[-122.661407146822,45.6398788422911],[-122.661407146822,45.6400408416679],[-122.661398147307,45.640130842221],[-122.661308146754,45.6408328422183],[-122.661290146823,45.6411118424939],[-122.661308146754,45.6414358421468],[-122.661299147238,45.6423358422817],[-122.661236147031,45.644396841997],[-122.661209146685,45.6451348418558],[-122.661380147376,45.6474748418468],[-122.66147014703,45.648923842118],[-122.661506146891,45.6492388422552],[-122.66160514696,45.6497338416998],[-122.661902147166,45.6505348417659],[-122.663711146952,45.6554398422313],[-122.66429614695,45.6570328419485],[-122.664593147156,45.6578338420146],[-122.665106147431,45.6592378420092],[-122.665529147152,45.6601918419363],[-122.666519146941,45.6622528416517],[-122.666861147424,45.6630358417871],[-122.66700514687,45.6636298421999],[-122.66700514687,45.6642328421283],[-122.66687014694,45.6648718419184],[-122.666555146803,45.6663748419817],[-122.666339146734,45.667337842324],[-122.666204146804,45.6679858416297],[-122.665412147153,45.6701188419674],[-122.665277147223,45.6704968423118],[-122.664755147432,45.6719098418221],[-122.664413146949,45.6728368423028],[-122.664305147365,45.6752578424319],[-122.664305147365,45.6753388416706],[-122.664350146742,45.6759058417376],[-122.664305147365,45.6785338424193],[-122.664440147295,45.6810178418563],[-122.664512147018,45.6822328421283],[-122.664422147364,45.6852028423936],[-122.664305147365,45.6859138419067],[-122.663990147227,45.6868948421796],[-122.663432146676,45.6880018419678],[-122.662334147303,45.6902968416823],[-122.661938147028,45.6911068421634],[-122.661011147446,45.6930328419485],[-122.660687146894,45.6936448422921],[-122.659958146551,45.6950848421482],[-122.658329146973,45.6982078422745],[-122.656808146978,45.7011328422633],[-122.656313146634,45.7019248419143],[-122.655890146913,45.7027798417727],[-122.654990146778,45.7045348417659],[-122.65479214664,45.7049308420412],[-122.654495147333,45.7055248424539],[-122.654072146712,45.7063438424508],[-122.652812147063,45.7088368423028],[-122.65260514741,45.7107088422957],[-122.652506147341,45.711635841877],[-122.652758147271,45.7133728419395],[-122.652911147132,45.7145338424193],[-122.653397147061,45.7156408422075],[-122.653811147267,45.7165678417889],[-122.654513147264,45.7181338420596],[-122.654423146711,45.7199338423294],[-122.654333147057,45.7218778420452],[-122.654207146642,45.7248388418955],[-122.654810146571,45.7263328424431],[-122.656556147048,45.7325248420043],[-122.656610146841,45.7327408420727],[-122.657402147391,45.73472084165],[-122.657816146698,45.7359538418528],[-122.661479147445,45.7471588423631],[-122.661776146752,45.7481308422211],[-122.662064147442,45.7488508421491],[-122.662091146889,45.7489858420794],[-122.662757147025,45.7503268418667],[-122.662856147093,45.7504888421428],[-122.662937147232,45.7507768419342],[-122.662991147024,45.7509298417952],[-122.663531146745,45.7525408423424],[-122.663972147297,45.7540708418523],[-122.665511147222,45.7590388416257],[-122.665709147359,45.7596598423843],[-122.6672571468,45.7645558424347],[-122.667482147283,45.7651768422939],[-122.667680147421,45.7658068416689],[-122.669129146793,45.7705408423425],[-122.669516146653,45.7724128423353],[-122.67126214713,45.7781278423825],[-122.671703146783,45.7796218420308],[-122.673350147192,45.7850938416639],[-122.675510146976,45.7913938417089],[-122.675537147321,45.7915108417085],[-122.676104147388,45.7932928420475],[-122.676230146904,45.7937608420457],[-122.67639214718,45.7942738423205],[-122.679497147375,45.8015098423619],[-122.679938147028,45.8025268424963],[-122.685284147146,45.8144068417588],[-122.685437147007,45.814640841758],[-122.686004147074,45.8158288416842],[-122.686319147211,45.8165218421658],[-122.686679146725,45.8171788418866],[-122.687309147,45.8185018417431],[-122.687399146653,45.8187088422958],[-122.688326147134,45.8206978422881],[-122.689424147406,45.8231188424171],[-122.692772147117,45.8303188416977],[-122.696129147242,45.8375278422926],[-122.699414146745,45.8447368419882],[-122.701889146667,45.850010842383],[-122.702681147217,45.8516758418232],[-122.702933147147,45.8521438418214],[-122.7031401468,45.8526658416119],[-122.703725146798,45.8543758422279],[-122.704481146588,45.8562208418749],[-122.705273147138,45.8583538422126],[-122.705723147205,45.8630608416411],[-122.705903147412,45.8644738420507],[-122.706236146581,45.8657338417],[-122.706515146857,45.8666428422499],[-122.706929147062,45.8675158420391],[-122.707829147197,45.8689108416186],[-122.711213146769,45.8726458420885],[-122.711393146976,45.8728708416726],[-122.711780146836,45.873257842432],[-122.712203146558,45.8736538418079],[-122.713400146899,45.8748328422185],[-122.715065147239,45.8762908420053],[-122.721230147353,45.8800348419909],[-122.728736147255,45.8844988419046],[-122.729708147113,45.8853268423165],[-122.730464146903,45.8861368418984],[-122.731463147107,45.8873608416861],[-122.732840146755,45.8896378423691],[-122.73347014703,45.8907358417423],[-122.733866147305,45.8914198418088],[-122.733938147028,45.8915098423619],[-122.735990147227,45.8947498424879],[-122.738384147011,45.8987278424726],[-122.739734147213,45.9009238421182],[-122.740400147349,45.9022108421133],[-122.741102147346,45.9034798421776],[-122.741687147344,45.9046948424496],[-122.742254147411,45.9056668423076],[-122.749436146761,45.9169708419874],[-122.753576147022,45.9230998422405],[-122.754305147365,45.9241348423057],[-122.754575147225,45.9244228420971],[-122.755286146738,45.925466841678],[-122.755673146598,45.9261598421596],[-122.755808147428,45.9265738423656],[-122.75586214722,45.9266998418808],[-122.756024146597,45.9271048416717],[-122.756222146735,45.9274378417397],[-122.756564147218,45.9283378418745],[-122.756807146732,45.9288148422878],[-122.757203147008,45.9298948417302],[-122.75752714666,45.9303808416591],[-122.758220147142,45.9313978417936],[-122.759102147346,45.9323068423436],[-122.760533146787,45.9335038417855],[-122.767679147175,45.9380128419757],[-122.768399147103,45.9384628420432],[-122.775158146731,45.94274684175],[-122.77552714666,45.9429898421641],[-122.778803146648,45.9450598422945],[-122.780162147265,45.9459148421529],[-122.780783147125,45.9463108424281],[-122.78156614726,45.9467968423571],[-122.78748814696,45.9506848417887],[-122.793194146593,45.9543298417055],[-122.793311146592,45.9544108418436],[-122.795003147277,45.9554818417702],[-122.801717146629,45.9590908418255],[-122.802455147387,45.9594778416857],[-122.803130147039,45.9598468416151],[-122.806469147233,45.9620158418143],[-122.809871146736,45.9649228418723],[-122.810105146735,45.9651298424249],[-122.810726146594,45.9655258418008],[-122.811455146937,45.9660028422141],[-122.811563147421,45.9661108417986],[-122.814713146994,45.969323842478],[-122.81795314712,45.9726268419119],[-122.822795147378,45.9779728420298],[-122.822903146963,45.9780898420293],[-122.823362147445,45.9785308416817],[-122.824829146748,45.9802408422977],[-122.825774147159,45.9812398425014],[-122.826602146672,45.9821668420828],[-122.826980147016,45.9824188420126],[-122.82722314743,45.9825988422195],[-122.827583146945,45.9830128424255],[-122.827781147082,45.9832558419402],[-122.828582147148,45.9842728420747],[-122.833307147407,45.9892048419866],[-122.838050146697,45.993767841969],[-122.840507146687,45.996593841889],[-122.841830147443,45.9982408422977],[-122.84278414737,45.9996178419465],[-122.843432146676,46.0013368420783],[-122.844089147296,46.0038208424147],[-122.844188147365,46.0041718424133],[-122.844287147434,46.0045048424812],[-122.844512147018,46.0052248424093],[-122.845259147292,46.00741184164],[-122.845691147428,46.0084198422586],[-122.846105146735,46.0093828417015],[-122.846573146733,46.0104358416975],[-122.847014147285,46.0114888416934],[-122.847311146592,46.01217284176],[-122.847824146867,46.0133608416863],[-122.84957914686,46.0177708418076],[-122.849705147275,46.0180228417375],[-122.849732146721,46.0181038418756],[-122.849840147205,46.0183198419439],[-122.850074147204,46.0187518420806],[-122.851028147131,46.0205968417276],[-122.851757146575,46.0219738422758],[-122.854331146565,46.0280668417681],[-122.855870147389,46.0322068420289],[-122.856806147386,46.0352848418787],[-122.85703114697,46.0360408416683],[-122.857112147108,46.036328842359],[-122.857634146898,46.0381918419367],[-122.85832714738,46.0403068423437],[-122.858480147241,46.0406758422731],[-122.858759146617,46.0413238424781],[-122.858912147378,46.041800841992],[-122.85935314703,46.0427908417807],[-122.859416147237,46.042925841711],[-122.859713147444,46.0435288416395],[-122.86063114661,46.0465708416278],[-122.861090147093,46.0485598416202],[-122.862017146674,46.0514398422317],[-122.862998146947,46.0536628422232],[-122.864096147219,46.0557418418693],[-122.86576114666,46.0590268422717],[-122.867228146861,46.0628698423261],[-122.868020147412,46.066514842243],[-122.868191147204,46.0694668416782],[-122.867822147274,46.0716178419466],[-122.867678146929,46.0725538419431],[-122.867336147345,46.0741108417987],[-122.867174147069,46.0751278419332],[-122.86694014707,46.0762438421364],[-122.866724147002,46.0767838418577],[-122.866472147072,46.0787368419885],[-122.866607147002,46.0804558421202],[-122.866967147416,46.0819138419071],[-122.867480146791,46.0833358418325],[-122.869604146714,46.0892758423631],[-122.86990114692,46.0914088418014],[-122.869910147335,46.0915618416625],[-122.870333147057,46.0923538422129],[-122.874617146764,46.0999228423222],[-122.877317147169,46.1037298416158],[-122.878370147165,46.1055118419548],[-122.878730146679,46.1061058423676],[-122.879081146678,46.1066908423654],[-122.879216146608,46.1069248423644],[-122.879729146883,46.1077258424305],[-122.880800146809,46.1094178422165],[-122.880971146601,46.1096968424921],[-122.888216147058,46.1211268416873],[-122.889692146775,46.1233948419553],[-122.890574146979,46.1243038425052],[-122.891438147253,46.1247538416733],[-122.892617146764,46.1250238424333],[-122.894120146827,46.1256268423618],[-122.895119147031,46.1261128422907],[-122.89599214682,46.1266168421504],[-122.896775146955,46.1271208420101],[-122.897360146953,46.1276428418006],[-122.897891147159,46.1281558420753],[-122.898215146812,46.1288308417268],[-122.898422147364,46.1293078421401],[-122.898710147156,46.1300188416531],[-122.898881146947,46.130918841788],[-122.898719146671,46.1320258424755],[-122.898593147156,46.1322688419904],[-122.898359147157,46.1326828421963],[-122.898215146812,46.1329258417111],[-122.897909147089,46.1337628416387],[-122.897387147299,46.1351308417718],[-122.897315146677,46.1353288419094],[-122.897270147299,46.1358238422534],[-122.897216146608,46.1364268421819],[-122.897216146608,46.1365528416972],[-122.897216146608,46.1373268423168],[-122.897216146608,46.1378758424531],[-122.897225147023,46.1379658421068],[-122.897522147229,46.1422228423672],[-122.898080146881,46.1444728418052],[-122.898620146602,46.1466238420736],[-122.899106147431,46.1477398422768],[-122.90036614708,46.1505298423353],[-122.900690146733,46.1512768417098],[-122.900951147078,46.1518528421918],[-122.90112214687,46.152230841637],[-122.901662146591,46.1553268423168],[-122.902040146935,46.1575138424468],[-122.902094146727,46.1578378420997],[-122.90241814728,46.1597278420232],[-122.902607147002,46.16079884195],[-122.903219147346,46.1643268418672],[-122.90421814665,46.1698168423304],[-122.904524147272,46.1716258421159],[-122.904614146925,46.1721298419756],[-122.904731146925,46.1730388416262],[-122.90460514741,46.1736778423155],[-122.904020147412,46.1745058418281],[-122.903309147,46.1753158423092],[-122.902877146863,46.1759368421685],[-122.902607147002,46.1761888420983],[-122.900582147148,46.1782768421594],[-122.898989147431,46.1803648422207],[-122.898467146741,46.1811208420102],[-122.897162146816,46.1832628418636],[-122.896136147165,46.1857378417849],[-122.895596147444,46.1871238418488],[-122.89394014662,46.1918848419689],[-122.893769146829,46.1924878418974],[-122.892887146624,46.1956378423695],[-122.891519147391,46.1998858422148],[-122.891609147044,46.2031258423407],[-122.892014146835,46.2066088419815],[-122.891861146974,46.2104338421051],[-122.891438147253,46.213106842164],[-122.890691146979,46.2167068418043],[-122.888774146709,46.2242668423979],[-122.888720146917,46.2244198422589],[-122.888630147263,46.225130841772],[-122.88790114692,46.2291538420332],[-122.887730147129,46.2302788417522],[-122.887460147268,46.2320338417455],[-122.887136146716,46.2339058417382],[-122.886938146578,46.2349408418035],[-122.886857147339,46.2357238419388],[-122.886614146925,46.2374158417248],[-122.886479146995,46.2383248422747],[-122.886371147411,46.2390898424793],[-122.886137147411,46.2400528419222],[-122.885498146722,46.2423838423974],[-122.885471147276,46.2425098419128],[-122.883725146798,46.2486928428575],[-122.883482147283,46.2510058434021],[-122.883572146937,46.2530938434632],[-122.884409146865,46.2552988426246],[-122.884634147348,46.255595842831],[-122.886065146789,46.2574048426165],[-122.886551146718,46.2582598433741],[-122.887181146992,46.259375842678],[-122.887298146992,46.2595378429542],[-122.887325147338,46.2596008431615],[-122.887397147061,46.2596908428152],[-122.887667146921,46.2600778426754],[-122.887739146644,46.2602398429515],[-122.887973146643,46.2605188432271],[-122.888396147264,46.2613198432932],[-122.888567147056,46.2614998435],[-122.890151147258,46.2639928433521],[-122.894300147034,46.2703918434659],[-122.896757147025,46.2740368433827],[-122.897252147369,46.2748918432411],[-122.897558147091,46.2753958431008],[-122.899097147016,46.2784648434349],[-122.899232146946,46.2787528432262],[-122.899295147153,46.2788518432951],[-122.899466146945,46.2790678433634],[-122.899556146599,46.2792388431552],[-122.899574147429,46.2792838434318],[-122.899997147151,46.2800938430136],[-122.900636146941,46.281182842871],[-122.900825146663,46.2815338428696],[-122.901698147352,46.2831268434862],[-122.902292146865,46.2842968434816],[-122.902652147279,46.2848188432721]],[[-119.486711143804,45.8964778421353],[-119.485424143809,45.8966938422037],[-119.484254143814,45.8968738424105],[-119.484083144022,45.896900841857],[-119.482985143749,45.8970898424789],[-119.480690144035,45.8974948422697],[-119.47835914356,45.8978908416456],[-119.473778143646,45.898682842196],[-119.466092144437,45.9000778417756],[-119.464454144443,45.9004918419816],[-119.450018144222,45.9038938423835],[-119.4418551437,45.9058288416843],[-119.44007314426,45.9062518423053],[-119.439344143917,45.9064048421664],[-119.435393144278,45.9068008424415],[-119.432378143736,45.9071158416794],[-119.432171144083,45.9071338416102],[-119.43169414367,45.9071788418867],[-119.424062144253,45.9079168417454],[-119.421902143569,45.9081148418831],[-119.421407144124,45.9081688416753],[-119.413433144224,45.9089608422257],[-119.412479144297,45.9090508418795],[-119.410391144236,45.9092668419478],[-119.408753144242,45.9094198418089],[-119.407214144317,45.9095728416699],[-119.406422143767,45.909653841808],[-119.405477144255,45.909734841946],[-119.404937143634,45.9097888417383],[-119.403083143572,45.9099688419451],[-119.401058143718,45.9101758424978],[-119.399582144001,45.9103288423588],[-119.398484143728,45.9104368419433],[-119.396018144222,45.910706841804],[-119.394191143606,45.9108958424258],[-119.392859144234,45.9110398418718],[-119.39249914382,45.911021841941],[-119.392211144029,45.9111118424941],[-119.391014143688,45.9112198420787],[-119.390069144176,45.9113098417325],[-119.389592143762,45.9113638424241],[-119.389160143626,45.9113278416632],[-119.389070143972,45.911426841732],[-119.388440143698,45.9114808424236],[-119.386928144119,45.9116248418696],[-119.384705144127,45.9118228420072],[-119.383472143924,45.9119488424218],[-119.382221143791,45.9120838423521],[-119.381078144141,45.9122098418673],[-119.376740143743,45.9126688423498],[-119.376128144298,45.9127228421421],[-119.375939143677,45.9127678424186],[-119.373023144103,45.9131548422788],[-119.372213143622,45.9132628418633],[-119.371223143833,45.9133978417936],[-119.369999144045,45.9135688424847],[-119.366867144403,45.9139738422756],[-119.364626143582,45.914261842067],[-119.364113144206,45.9143158418592],[-119.361980143868,45.9147388424802],[-119.35893814388,45.9151708417176],[-119.35868614395,45.9152608422707],[-119.35648114389,45.9152788422014],[-119.354456144036,45.9152878417171],[-119.354285144244,45.915314842063],[-119.353439143901,45.9154498419933],[-119.352863144319,45.9155668419928],[-119.352350144044,45.9156658420616],[-119.351828144253,45.9157648421304],[-119.351207144394,45.91588184213],[-119.350100143707,45.9160708418525],[-119.349020144264,45.9162418416443],[-119.34891214378,45.9162688419901],[-119.347940143922,45.9164308422662],[-119.346914144272,45.9166378419195],[-119.345807143585,45.9167998421956],[-119.344862144073,45.9169798424024],[-119.343683143662,45.9172138424015],[-119.342693143873,45.9174208420548],[-119.341559143739,45.9176008422617],[-119.340470143882,45.917807841915],[-119.339822143677,45.9179158423989],[-119.339228144163,45.9180058420526],[-119.338184143683,45.9182218421209],[-119.337464143755,45.9182668423975],[-119.335565144316,45.9182398420517],[-119.335376143694,45.9182038421902],[-119.333702143839,45.9181768418444],[-119.332640144327,45.9181678423287],[-119.331470144332,45.9181588419136],[-119.329922143992,45.9181408419829],[-119.329769144131,45.9181408419829],[-119.329670144062,45.9181408419829],[-119.328581144204,45.9181408419829],[-119.326475144213,45.9181138416371],[-119.325773144215,45.9181138416371],[-119.323118144087,45.9181048421214],[-119.321228144163,45.9180778417756],[-119.321111144164,45.9180778417756],[-119.320823144373,45.9180688422599],[-119.320490144305,45.9180688422599],[-119.320121144375,45.9180598418449],[-119.318573144035,45.9180328423984],[-119.318078143691,45.9180328423984],[-119.316179144252,45.9180058420526],[-119.31289414385,45.9179968416376],[-119.310527144412,45.9179878421218],[-119.310095144275,45.9179878421219],[-119.307791144146,45.9179068419838],[-119.307503144355,45.9178978424681],[-119.307179143802,45.9179158423989],[-119.305703144085,45.9178618417073],[-119.30505514388,45.9178438417765],[-119.30416414416,45.9178258418458],[-119.30222914396,45.917654842054],[-119.301302144378,45.9175648424002],[-119.300852144311,45.9175198421237],[-119.30056414362,45.9174928417778],[-119.299475143763,45.9174028421241],[-119.298890143765,45.9173578418475],[-119.297504143701,45.9171328422635],[-119.29708114398,45.9170698420562],[-119.296658144258,45.9170068418489],[-119.296082143776,45.9169168421951],[-119.295956144261,45.9168988422644],[-119.291330144071,45.9161878418521],[-119.288936144288,45.9158908416456],[-119.288279143668,45.9157738416461],[-119.287280144363,45.9156118422693],[-119.286983144157,45.9155668419928],[-119.286479144297,45.9154858418547],[-119.283797143823,45.9150898424789],[-119.282879143757,45.9149548416492],[-119.282024143899,45.9148378416497],[-119.281205143902,45.9147208416502],[-119.280476143559,45.9146128420656],[-119.275724143854,45.9139108420683],[-119.266652143681,45.912569842281],[-119.26586014403,45.9123808416591],[-119.265608144101,45.9123538422127],[-119.262530144251,45.9118948417302],[-119.251613144431,45.9102478422207],[-119.251127143603,45.9102118423592],[-119.236907144349,45.9080338417451],[-119.233496144432,45.9075388423003],[-119.223479143847,45.9059908419604],[-119.215226143672,45.9047668421727],[-119.206028143984,45.9033178419015],[-119.205137144264,45.9031918423862],[-119.194877144165,45.9017698424609],[-119.192555144105,45.9015358424618],[-119.188487143567,45.9012658417019],[-119.18420314386,45.9012388422554],[-119.182376144144,45.901355842255],[-119.178677144435,45.9016708423921],[-119.175644143962,45.9021298419753],[-119.175527143962,45.902156842321],[-119.17483414438,45.9022018416983],[-119.174609143897,45.9023098421821],[-119.173376143694,45.9025348417661],[-119.163215143664,45.9040558417603],[-119.160731144227,45.9047848421034],[-119.158535143682,45.9055678422387],[-119.158400143752,45.905612841616],[-119.157167144448,45.9060628416834],[-119.153666143977,45.9075928420926],[-119.153000143842,45.9078628419532],[-119.141291144371,45.9126688423498],[-119.138663143689,45.9137488417922],[-119.137970144107,45.9140098421371],[-119.134892144257,45.9153418424087],[-119.1336861444,45.9158098424069],[-119.126117144291,45.9189058421875],[-119.122922144441,45.9201928421826],[-119.113652144131,45.9231898418943],[-119.100791143696,45.9285718418736],[-119.095517144201,45.9308308417266],[-119.093618143862,45.931775842138],[-119.093519143793,45.9319108420684],[-119.088605143812,45.9345658421965],[-119.088344144367,45.9346288424038],[-119.087561144231,45.9351418417792],[-119.08520314431,45.9363658424663],[-119.074259144144,45.9425128417509],[-119.066375143898,45.9468058418728],[-119.063054143634,45.9483718421435],[-119.06296414398,45.9484078420049],[-119.060111143714,45.9499738422756],[-119.057879144207,45.9508648419955],[-119.046116144045,45.9551128418409],[-119.040059144414,45.9568408423876],[-119.03749414394,45.957767841969],[-119.036459143874,45.9581278423827],[-119.030591143966,45.9602158424439],[-119.022716144135,45.9627268422267],[-119.020979144072,45.9634018418782],[-119.014085143614,45.9664978416588],[-119.013005144172,45.966983842487],[-119.011511143624,45.9678568422761],[-119.005130144341,45.9719698421912],[-119.001107144079,45.974561842112],[-118.997192144302,45.9770458424484],[-118.995059143964,45.9785398420967],[-118.99431214369,45.9792058422325],[-118.994015144383,45.9794848416088],[-118.992251143975,45.981509842362],[-118.985501143863,45.9904828424659],[-118.982261143737,45.9944968423121],[-118.980821143881,45.9958738419609],[-118.977815143754,45.9984388424354],[-118.976159143829,45.9998608423607],[-118.975835144177,46.0002928424974],[-118.975313144386,46.0007248417348],[-118.972784143773,46.0025968417276],[-118.964594143805,46.0089778419106],[-118.96330714381,46.0097338417002],[-118.955162144118,46.014026841822],[-118.953470144332,46.0149268419569],[-118.952984144403,46.0152688424399],[-118.952354144128,46.0156018416085],[-118.949402143794,46.0171408424327],[-118.94337214361,46.0208758420032],[-118.933661143647,46.0268248420495],[-118.932536143928,46.027769842461],[-118.932284143998,46.0281658418369],[-118.932050143999,46.0287508418347],[-118.932113144206,46.0292998419709],[-118.932473143721,46.0300828421062],[-118.933067144133,46.0309468423796],[-118.934057143922,46.0319998423756],[-118.93477714385,46.03299884168],[-118.935227143918,46.0340068422987],[-118.935695143916,46.0350328419489],[-118.935722144261,46.0352938422937],[-118.936775144257,46.0370308423563],[-118.938305143767,46.0387948418653],[-118.939304143971,46.0401808419291],[-118.939628143624,46.0404598422047],[-118.940114143553,46.0416028418545],[-118.940114143553,46.0430788424714],[-118.939565144316,46.0453198423936],[-118.939070143972,46.0463458420438],[-118.938836143973,46.0471468421099],[-118.937630144116,46.0495048420316],[-118.936676144189,46.0508278418882],[-118.935794143985,46.0516108420235],[-118.933814144407,46.0530238424332],[-118.932158143583,46.0540498420834],[-118.93106014421,46.0549138423567],[-118.929809144077,46.0557418418693],[-118.927910143738,46.0564528422816],[-118.926524143674,46.0567048422115],[-118.922915143619,46.0566598419349],[-118.921817144246,46.0566238420734],[-118.919117143841,46.0565788417969],[-118.913375144347,46.0564528422817],[-118.910672039483,46.0564825738685]],[[-118.806518143997,45.6630718416486],[-118.808408143921,45.6637378417844],[-118.808975143988,45.6638548417839],[-118.811054143634,45.6645388418505],[-118.812791143696,45.6650878419867],[-118.817354143679,45.6665548421886],[-118.819262144432,45.6671668416328],[-118.828001143638,45.6700738416908],[-118.833887144376,45.6719818424445],[-118.837424143809,45.6731338416099],[-118.838252144221,45.6734038423698],[-118.838810143873,45.6735658417466],[-118.839026143941,45.6736288419539],[-118.841438143655,45.6744118420892],[-118.842023143653,45.6745918422961],[-118.843130144341,45.6749428422947],[-118.844417144336,45.6753838419472],[-118.845191144056,45.675635841877],[-118.84607314426,45.6758878418068],[-118.847810144323,45.6764998421504],[-118.848584144043,45.6767968423568],[-118.848755143835,45.676850842149],[-118.849916144315,45.6771838422169],[-118.851095143826,45.6775078418698],[-118.85312014368,45.6782908420052],[-118.85493814388,45.6787948418648],[-118.856306144013,45.6790018424175],[-118.85906014421,45.6790738421405],[-118.860122143722,45.679109842002],[-118.860617144066,45.679109842002],[-118.864721143566,45.6784888421427],[-118.871057144372,45.6766078417349],[-118.873667144223,45.676130842221],[-118.876097143868,45.6759508420141],[-118.879103143995,45.6759238416684],[-118.88153314364,45.6761128422902],[-118.883729144185,45.6764998421504],[-118.888589144373,45.6779398420065],[-118.889579144162,45.6782638416593],[-118.896158143583,45.6803698416512],[-118.910288144083,45.6849058421872],[-118.920908143696,45.6883618423815],[-118.929539144216,45.6911608419557],[-118.932869143996,45.6923128420204],[-118.933346144409,45.6924388424351],[-118.933913143577,45.6926278421576],[-118.936262143983,45.6933118422241],[-118.936658144258,45.6934738425003],[-118.977878143961,45.7069828422408],[-118.991981144114,45.7114558416702],[-118.993583144247,45.7120138422215],[-118.995311143894,45.7126258416657],[-118.995824144169,45.7127878419418],[-118.99636414389,45.7129588417336],[-118.999595143601,45.7139668423523],[-119.001107144079,45.7143718421432],[-119.010989143834,45.7175128422003],[-119.013464143755,45.7183048418514],[-119.014409144167,45.7185658421963],[-119.015264144025,45.7188628424027],[-119.018027143738,45.7197538421226],[-119.03842114442,45.7263688423047],[-119.047295143556,45.729257842432],[-119.051651143885,45.7306618424265],[-119.05768114407,45.7326148416581],[-119.061371144263,45.7338208424144],[-119.077715144338,45.7391128418406],[-119.078111143714,45.7392388422552],[-119.083988144038,45.7411558416252],[-119.086994144164,45.7419748416221],[-119.088002143884,45.742235841967],[-119.093582144001,45.7435768417543],[-119.106506143744,45.7459348416761],[-119.108765143596,45.7464208425043],[-119.109710144008,45.7465288420888],[-119.110592144212,45.7466908423649],[-119.111717143931,45.7469068424333],[-119.113859143784,45.7473298421549],[-119.124758143673,45.7491478423555],[-119.126117144291,45.7493818423546],[-119.128592144212,45.7498588418685],[-119.150975143988,45.7536838419922],[-119.16260314422,45.7556728419845],[-119.166518143997,45.7563568420511],[-119.193158144033,45.7610008421716],[-119.194301143683,45.7611988423092],[-119.196650144089,45.7616038421001],[-119.200493144143,45.7622428418901],[-119.202689143789,45.7626208422346],[-119.203976143784,45.7628188423721],[-119.205173144125,45.7630258420254],[-119.210087144106,45.7638628419531],[-119.211167144448,45.7640518416756],[-119.211707144169,45.7641328418137],[-119.212328144029,45.7642408422975],[-119.21712514401,45.7650598422944],[-119.220212144275,45.7655908424999],[-119.225882144046,45.7665718418735],[-119.232038143745,45.7676068419387],[-119.236097143868,45.7682998424203],[-119.247500143617,45.7703068423434],[-119.251127143603,45.7708918423412],[-119.255069143726,45.7715038417854],[-119.255240144417,45.7715938423385],[-119.263430144386,45.772988841918],[-119.264582143551,45.7731868420556],[-119.273321143656,45.774680841704],[-119.282222144037,45.7762018416981],[-119.320805144442,45.7827988419495],[-119.323163144364,45.7832308420862],[-119.324081144429,45.7834198418087],[-119.325062143803,45.7835818420848],[-119.328554143859,45.7841578416675],[-119.342090143945,45.7864708422121],[-119.34248614422,45.7865338424194],[-119.34941614364,45.7877308418613],[-119.368181143845,45.7909348421257],[-119.370791143696,45.7913308424009],[-119.37115114411,45.7914748418469],[-119.372591143966,45.7916998423303],[-119.373437144309,45.7918798416379],[-119.374454144443,45.7920148424675],[-119.376479144297,45.7923388421204],[-119.37809914436,45.7926628417733],[-119.380628144074,45.7930948419099],[-119.383238143925,45.7935358424617],[-119.38491214378,45.793814841838],[-119.389987052261,45.7949254676927],[-119.390758887313,45.7958597940508],[-119.390596395108,45.7971597271961],[-119.389621446373,45.7988658877071],[-119.387427810145,45.8003689345352],[-119.385031060235,45.8023188338036],[-119.383649881437,45.8038625030086],[-119.383328143579,45.806504842481],[-119.383337143994,45.8136148421078],[-119.383328143579,45.821030842356],[-119.383319144063,45.8302828418362],[-119.383020159952,45.832955299604],[-119.382065588956,45.8349796348588],[-119.381253131527,45.8363201894817],[-119.380725034333,45.8372951391159],[-119.37950634774,45.8383513344031],[-119.375687795755,45.8416011650183],[-119.372030167558,45.8443412338174],[-119.368101340704,45.8473756929904],[-119.354558069599,45.8578525637014],[-119.350533418183,45.8610147895575],[-119.347626725693,45.8632826486319],[-119.344815857766,45.8655185655859],[-119.342643824153,45.8671156500238],[-119.340535672983,45.8687766169039],[-119.338491406053,45.8703737013418],[-119.337140144102,45.871394841955],[-119.33584024693,45.872960977124],[-119.334690345883,45.8744302939794],[-119.333444621172,45.8761870863216],[-119.332103070101,45.8782952374918],[-119.331336470002,45.8799562043719],[-119.330665694466,45.8814574633478],[-119.330058803171,45.8837572636434],[-119.329483853097,45.8858334726932],[-119.329292203073,45.8877819150599],[-119.329196377611,45.889634532864],[-119.329324144294,45.8921579253046],[-119.329771327685,45.8946813177452],[-119.330282394417,45.8964700513084],[-119.331336470002,45.8993767446976],[-119.332071128879,45.9024431450917],[-119.331336470002,45.9046151796035],[-119.3304101611,45.9060206131174],[-119.327631235293,45.909246722315],[-119.325618909585,45.9116423480726],[-119.323937144084,45.9132538423476],[-119.322839983778,45.9146129248033],[-119.321051250215,45.9169766084404],[-119.320823144373,45.9180688422599],[-119.321466491485,45.9197555342471],[-119.322712217095,45.9217359187343],[-119.325539144216,45.9253048423013],[-119.327483143932,45.928796842357],[-119.328797144273,45.9314338416551],[-119.330587069438,45.9356790428102],[-119.332514432595,45.9398193047737],[-119.3352984018,45.9456727788323],[-119.342793704266,45.962091060211],[-119.342294017555,45.9657316354633],[-119.340295269811,45.9690152913793],[-119.335369785487,45.9747259980631],[-119.332300281533,45.9769388968693],[-119.323805605644,45.9819357648803],[-119.319879494743,45.9830779056775],[-119.314382940021,45.9837203606628],[-119.310385445432,45.9845055830229],[-119.305816880445,45.9862901788054],[-119.297964658642,45.9892169153851],[-119.291040427474,45.9915011978787],[-119.28347374132,45.9937140966849],[-119.277263347925,45.9956414598422],[-119.273051702274,45.9967836015387],[-119.269482510709,45.9976402075863],[-119.265984702832,45.99806851061],[-119.260131228773,45.9989965003449],[-119.255491280098,46.0009238635022],[-119.248567048031,46.0042075194182],[-119.241500049488,46.0074197925461],[-119.234218898084,46.010988984111],[-119.230506939144,46.0134160339795],[-119.227151899541,46.0168424581697],[-119.225295920071,46.021125487508],[-119.224939000734,46.0251229820967],[-119.224582081398,46.034973950744],[-119.224439314023,46.0436113940074],[-119.224153778374,46.0506783934499],[-119.223939627312,46.0569601705322],[-119.223297172327,46.0626708763167],[-119.22372547535,46.0684529666878],[-119.222369182592,46.0736639866605],[-119.222012263255,46.0808737534778],[-119.22294025299,46.0867986112238],[-119.223154404952,46.0917954792348],[-119.22186949588,46.0945794484396],[-119.219156910363,46.0979344889423],[-119.20416630633,46.1144955376958],[-119.202453094235,46.1187785670341],[-119.202167558586,46.1299144447527],[-119.202238942273,46.1408361705098],[-119.202167558586,46.148973927062],[-119.201882023836,46.1571116845135],[-119.2015251045,46.1616088658134],[-119.202453094235,46.1655349758154],[-119.204594609354,46.1686758643566],[-119.207021659222,46.1708887631629],[-119.211947143546,46.1733158139306],[-119.220941506146,46.174957641439],[-119.230007252433,46.1763853178851],[-119.240357907791,46.1803114287864],[-119.248210129594,46.1842375396876],[-119.252778694581,46.1864504384939],[-119.257133107607,46.1887347209875],[-119.261558905219,46.1907334678323],[-119.265806144238,46.1928928416882],[-119.267198228216,46.1936602053112],[-119.269411127022,46.1949451143825],[-119.274122459384,46.1967297101649],[-119.277620267262,46.1973721642509],[-119.283687892382,46.1977290835873],[-119.291254578536,46.1976576998999],[-119.303021013209,46.197746929734],[-119.31334192529,46.1981335914491],[-119.31935780342,46.1989482711028],[-119.328897651605,46.2017325262921],[-119.335798088511,46.2052124880229],[-119.341241105692,46.2091683422023],[-119.344096459484,46.2118749787043],[-119.346475919928,46.2149980219981],[-119.348766151437,46.2186267001191],[-119.351026639668,46.2223148638969],[-119.353822506004,46.2276091646882],[-119.356291197181,46.2327250058114],[-119.359176293351,46.238316739383],[-119.360901402578,46.2419751607821],[-119.36200168443,46.2442027895841],[-119.363935215138,46.2462879342978],[-119.365303405028,46.2475371510757],[-119.366612109261,46.2485186783514],[-119.368277731932,46.2495299498044],[-119.370032584436,46.250422247246],[-119.371133084824,46.2510468560846],[-119.372887937328,46.2518499236921],[-119.374094144029,46.2523738426358],[-119.374994144164,46.2527968432568],[-119.379440144147,46.254884843318],[-119.381854919169,46.256354670089],[-119.387164472462,46.2591444354244],[-119.392384034196,46.2608542921489],[-119.39760359503,46.2617542158415],[-119.405882899476,46.262024193219],[-119.412002384902,46.2613042544449],[-119.415962052207,46.2607642996898],[-119.420461673368,46.2602243449346],[-119.425367144178,46.259708842746],[-119.431667144223,46.2588988431641],[-119.458316143775,46.2554338434542],[-119.461979143623,46.2550108428332],[-119.464895144096,46.254317843251],[-119.467010143603,46.2537778426304],[-119.468612143735,46.2531028429789],[-119.46949414394,46.2528148431876],[-119.470610144143,46.2525268433961],[-119.472374143652,46.252058843398],[-119.473454143994,46.2518698427761],[-119.473778143646,46.2518068434681],[-119.475497143778,46.251491843331],[-119.475650143639,46.2514648429852],[-119.476091144191,46.2513928432622],[-119.477090144395,46.2513658429164],[-119.477405143632,46.2513568434007],[-119.477909144391,46.2513568434007],[-119.478170143837,46.2513388434699],[-119.478566144112,46.2513928432622],[-119.478935144042,46.2514288431237],[-119.479133144179,46.2514558434694],[-119.47965514397,46.2515008428467],[-119.480825143965,46.2515818429847],[-119.481851143615,46.2517348428458],[-119.483102143749,46.2519328429834],[-119.484209144436,46.2522208427747],[-119.485469144086,46.2526078426349],[-119.486864143665,46.2531028429789],[-119.487926144076,46.2535708429771],[-119.488592144212,46.253984843183],[-119.489330144071,46.2542908429051],[-119.490059144414,46.2545338433193],[-119.493011143849,46.2552448428323],[-119.495279144117,46.2557308427613],[-119.497331144317,46.2561268430365],[-119.499284144448,46.2565228433117],[-119.500409144167,46.256729842965],[-119.501129144095,46.2568648428953],[-119.510165144406,46.2587818431646],[-119.511092143987,46.2589798433022],[-119.512181143845,46.2592138433013],[-119.515385144109,46.2599698430909],[-119.516204144106,46.2600328432981],[-119.517248143687,46.260275842813],[-119.517419144378,46.2603028431588],[-119.519300143886,46.2606178432959],[-119.520182144091,46.2607708431569],[-119.521865144361,46.2611128427406],[-119.527724143854,46.2622828427361],[-119.536760144165,46.2641908434898],[-119.539784144223,46.2648298432797],[-119.545625143785,46.2660718429982],[-119.548181143845,46.2666118427195],[-119.548253143568,46.2667018432725],[-119.549171143633,46.2670348433404],[-119.550089143699,46.2671968427172],[-119.55035914356,46.2672418429937],[-119.557676143739,46.2681328427136],[-119.5598811438,46.2678358434065],[-119.562734144065,46.2670348433404],[-119.563031144272,46.2669718431331],[-119.564219144198,46.2666748429268],[-119.564921144195,46.2664948427199],[-119.566496143982,46.2659998432753],[-119.567981144114,46.265522842862],[-119.568017143976,46.2655138433463],[-119.569628143624,46.2650098434866],[-119.577224144079,46.2627328428036],[-119.580824143719,46.2616708432919],[-119.580923143788,46.2615808427388],[-119.58213814406,46.2612208432245],[-119.585900143976,46.2601048430211],[-119.590238144375,46.2583768433737],[-119.598221143791,46.2551458427635],[-119.599733144269,46.2544168433197],[-119.600057143922,46.2543358431817],[-119.603495144186,46.2534358430468],[-119.609939143677,46.2516088433305],[-119.610929144364,46.2513298430549],[-119.614214143868,46.2503038434047],[-119.618156143991,46.2489358432716],[-119.622323143698,46.2474148432775],[-119.626139144306,46.2459928433521],[-119.631674144146,46.2439048432909],[-119.632988143588,46.2434098429469],[-119.634761144411,46.2427528423269],[-119.635076143649,46.2426268419123],[-119.64308614431,46.2396838419928],[-119.647280144363,46.2381268421371],[-119.653283144202,46.2359218420764],[-119.656883143842,46.2345718418741],[-119.667872144284,46.2303688423052],[-119.670374143652,46.2296038421007],[-119.676593143559,46.2272008419024],[-119.680283143752,46.2253018424631],[-119.683235144087,46.223924841915],[-119.693189143564,46.2211618422023],[-119.69631214369,46.2205948421353],[-119.705888143723,46.2203158418596],[-119.707913143577,46.2200278420683],[-119.710415144743,46.2195058422778],[-119.712872144734,46.2190378422796],[-119.715464144655,46.2184348423511],[-119.717390145339,46.2179038421456],[-119.719253144917,46.2173008422171],[-119.721017145325,46.2166618424271],[-119.721566144562,46.2164368419437],[-119.722178144905,46.2161938424289],[-119.724329145174,46.2152398425017],[-119.72526514517,46.2147088422962],[-119.725706144823,46.2144568423664],[-119.726570145096,46.2139618420224],[-119.726840144957,46.2137998417463],[-119.727128144748,46.213664841816],[-119.72871214495,46.2128818416807],[-119.729855144599,46.2123418419594],[-119.730602144873,46.2120988424446],[-119.731466145146,46.2119188422378],[-119.732276144728,46.2117478424459],[-119.733158144932,46.2116758418237],[-119.733905145206,46.2115948416856],[-119.734661144996,46.2116038421006],[-119.735174145271,46.2116398419622],[-119.735714144992,46.2117028421694],[-119.736137144713,46.2117748418924],[-119.736731145126,46.2118738419612],[-119.737271144847,46.211963841615],[-119.737586144985,46.2120088418916],[-119.738459144774,46.2122068420291],[-119.738558144842,46.2122248419599],[-119.738981144564,46.2124048421667],[-119.7397641447,46.2127288418196],[-119.740385144559,46.2130618418875],[-119.740817144695,46.2132958418866],[-119.741771144623,46.2139618420224],[-119.74196914476,46.214078842022],[-119.742581145104,46.2144658418821],[-119.742779145241,46.214654842504],[-119.743409144616,46.2152398425017],[-119.7436341451,46.2155998420161],[-119.743706144823,46.2156988420849],[-119.744066145236,46.2162748416676],[-119.744885145233,46.2171208420102],[-119.745506145092,46.2173908418709],[-119.745875145022,46.2175438417319],[-119.746217144606,46.2176698421465],[-119.746325145089,46.217705842008],[-119.746883144741,46.2179128416613],[-119.7477381446,46.2182098418677],[-119.748962145287,46.2186058421429],[-119.750825144865,46.2190828416569],[-119.751302145278,46.2192268420022],[-119.752238145274,46.2197758421384],[-119.753471144578,46.2202798419981],[-119.754812145264,46.2207208416506],[-119.755550145123,46.2208828419266],[-119.756306144913,46.2210448422027],[-119.75700814491,46.22110784241],[-119.757908145045,46.2211168419258],[-119.757935145391,46.2211168419258],[-119.758106145182,46.2211168419258],[-119.763929144814,46.2211978420638],[-119.764019145367,46.2211978420638],[-119.768753145141,46.2211168419258],[-119.779391144686,46.2211348418565],[-119.784575145427,46.2211348418565],[-119.78606014466,46.2211438422715],[-119.789894145199,46.2213148420633],[-119.790092145336,46.2213238424784],[-119.792414145396,46.2217288422693],[-119.793521145185,46.2221158421295],[-119.794250144628,46.2226288424042],[-119.794979144972,46.2230608416416],[-119.795897145037,46.2235828423314],[-119.799902145368,46.226354842459],[-119.800388145297,46.2266878416277],[-119.803619145008,46.2288748417576],[-119.806373145204,46.2307288418196],[-119.810333145258,46.2334108422936],[-119.810765145395,46.2336718417392],[-119.81487814531,46.236200842352],[-119.815058144618,46.2362998424209],[-119.815715145238,46.2367138417275],[-119.818199144675,46.2380008417225],[-119.818883144741,46.2382078422751],[-119.819009145156,46.2382348417216],[-119.82606514499,46.2400888417837],[-119.83171714483,46.2414208420553],[-119.831771144623,46.2414298424703],[-119.835092144887,46.2423028422594],[-119.841302145278,46.2439138428067],[-119.852624144888,46.2468478432105],[-119.853407145024,46.2470728427946],[-119.860571145342,46.2490528432712],[-119.862200144921,46.2495118428543],[-119.863064145194,46.2497368433377],[-119.863145145332,46.2498538433372],[-119.873531144946,46.2530938434632],[-119.875718145076,46.2537688431146],[-119.876150145213,46.2539578428372],[-119.876483145281,46.2541198431133],[-119.876627144727,46.2541918428364],[-119.879957145406,46.2558658426916],[-119.880236144782,46.2559918431062],[-119.882558144842,46.2570628430328],[-119.88378214463,46.2576298430999],[-119.889479144747,46.2602668432973],[-119.891909145291,46.2614368432928],[-119.892332145012,46.2616258430153],[-119.893763145353,46.2622468428746],[-119.894699145349,46.2625348426659],[-119.896616144719,46.2631378434938],[-119.897084144717,46.2632818429398],[-119.899379145331,46.2640018428678],[-119.899604144915,46.2640558426601],[-119.905292144617,46.2652978432779],[-119.9096211446,46.2662608427208],[-119.912825144864,46.2669628427181],[-119.914175145067,46.267295842786],[-119.915957145406,46.2678178434758],[-119.916101144852,46.2678538433373],[-119.916461145266,46.2679168426453],[-119.920106145182,46.2686188426426],[-119.920682144765,46.2687268431264],[-119.922284144897,46.2691588432631],[-119.922653144827,46.2692578433319],[-119.92365214503,46.2695098432617],[-119.924597145442,46.2697618431916],[-119.926325145089,46.2705178429812],[-119.927018144672,46.2708148431876],[-119.928998145148,46.2720298434596],[-119.929880145352,46.2728308426264],[-119.930978144726,46.2738568431759],[-119.932103145344,46.2757198427536],[-119.932418144582,46.2762598433742],[-119.936639144981,46.2792928429474],[-119.937665144631,46.2800758430828],[-119.946890144664,46.2871858427096],[-119.947277145424,46.2874738434003],[-119.948240144867,46.2882568426363],[-119.95346014457,46.2921898432438],[-119.957501144762,46.2952408427478],[-119.959049145102,46.2964018432276],[-119.966231145351,46.3018288434835],[-119.966726144796,46.3021978434129],[-119.967797144722,46.3030258429255],[-119.970191145405,46.3048708434718],[-119.972936145187,46.3064098433967],[-119.973323145047,46.3064818431197],[-119.973872145183,46.3065808431885],[-119.976410145312,46.3070398427717],[-119.978822145026,46.3070938434633],[-119.981000144741,46.3070938434633],[-119.984285145143,46.3070938434633],[-119.98535614507,46.3070938434633],[-119.986562144927,46.3070938434633],[-119.986859145133,46.3070938434633],[-119.987984144852,46.3070938434632],[-119.989685145053,46.3070938434633],[-119.991179144702,46.3070938434633],[-119.999270144601,46.3070938434633],[-120.00502114541,46.3069228427722],[-120.009701145391,46.3070128433252],[-120.010016144629,46.3070128433252],[-120.012176145313,46.3069948433945],[-120.012734144965,46.3069948433945],[-120.013220144894,46.3069858429794],[-120.014750145303,46.3069768434637],[-120.016901144672,46.3069588426337],[-120.020024144798,46.3070218428409],[-120.020231145351,46.307030843256],[-120.020510144727,46.3070398427717],[-120.022562144927,46.3070938434633],[-120.023390145339,46.307111843394],[-120.025487144916,46.307111843394],[-120.026315145328,46.3071028429789],[-120.026819145187,46.3071028429789],[-120.027161144771,46.3071028429789],[-120.027269145255,46.3071028429789],[-120.027359144909,46.3071028429789],[-120.02906014511,46.3071208429097],[-120.029519144693,46.3071208429097],[-120.029798144968,46.3071208429097],[-120.03008614476,46.3071208429097],[-120.032138144959,46.307111843394],[-120.034712144949,46.3071658431863],[-120.03792514473,46.307183843117],[-120.040724145203,46.3072018430478],[-120.041624145338,46.3072648432551],[-120.041669144715,46.3072648432551],[-120.04218214499,46.3073008431166],[-120.043154144848,46.3073638433238],[-120.043703144984,46.307669843046],[-120.045620145253,46.3087228430419],[-120.048311145243,46.3107388433801],[-120.05093014461,46.3130248426795],[-120.051857145091,46.3137538430226],[-120.054881145149,46.3166698434956],[-120.056024144798,46.3172188427326],[-120.057257145001,46.3175338428697],[-120.059084144717,46.3180288432137],[-120.06031714492,46.3183168430051],[-120.062099145259,46.3189648432101],[-120.065987144691,46.320998843479],[-120.067256144755,46.3220068431985],[-120.068318145166,46.3226818428499],[-120.069830144745,46.323329843055],[-120.070388145297,46.3235728434691],[-120.070658145157,46.3236718426386],[-120.071405145431,46.323968842845],[-120.072323144597,46.3243198428437],[-120.072836144872,46.324535842912],[-120.073106144733,46.3246348429808],[-120.073223144732,46.324688842773],[-120.074978144726,46.3253188430473],[-120.07690414541,46.3259038430451],[-120.078281145059,46.326308842836],[-120.081431144632,46.3272448428324],[-120.083258145247,46.3277668426229],[-120.083483144831,46.3278298428302],[-120.083726145245,46.3279018434525],[-120.084518144896,46.3280998426908],[-120.085814145307,46.3283698434507],[-120.087236145232,46.3285678426889],[-120.088622145296,46.3286668427578],[-120.093725144999,46.3290178427564],[-120.096173144575,46.329071843448],[-120.112094144929,46.330115843029],[-120.115190144709,46.3303138431665],[-120.116396144566,46.3304578426126],[-120.117386145254,46.3306288433037],[-120.118655145319,46.3308898427493],[-120.119852144761,46.3312588426786],[-120.121751145099,46.3319068428837],[-120.12202114496,46.3320238428832],[-120.125297144947,46.3334638427393],[-120.126161145221,46.3337158426692],[-120.12821314542,46.3347238432879],[-120.130400144651,46.3359658430065],[-120.133388144847,46.3374148432776],[-120.133829145399,46.3375048429313],[-120.136097144767,46.3379728429295],[-120.13965214503,46.3382068429287],[-120.144962145287,46.3380988433441],[-120.146537145073,46.3381168432749],[-120.150308145405,46.3381708430672],[-120.154232144698,46.3381168432749],[-120.157400145101,46.3381888429979],[-120.161819144738,46.3385218430658],[-120.162593145357,46.3387108427883],[-120.163466145146,46.3390348433406],[-120.165779144792,46.3399618429219],[-120.167390145339,46.3407178427115],[-120.16767814513,46.3408078432646],[-120.170927144772,46.3422118432592],[-120.174635144896,46.3439668432524],[-120.177596144746,46.3453078430397],[-120.17782114523,46.3454518433851],[-120.178487145365,46.3458658426917],[-120.17873014488,46.346009843037],[-120.179261145086,46.3463338426899],[-120.179972144599,46.3468648428954],[-120.1815561448,46.3479988430294],[-120.181727144592,46.348124843444],[-120.182411144659,46.3486288433037],[-120.182762144657,46.3487998430955],[-120.18411214486,46.3495018430928],[-120.184670145411,46.3497268426769],[-120.186209145336,46.3503478434354],[-120.187496145331,46.3509148435024],[-120.188036145052,46.3511398430865],[-120.188495144635,46.3513288428091],[-120.188693144773,46.3514098429471],[-120.18887314498,46.3514818426701],[-120.189503145254,46.3517338434993],[-120.191501144762,46.3527868434953],[-120.194354145028,46.3542088434206],[-120.195623145092,46.3548748426571],[-120.197225145224,46.355702843069],[-120.198503144804,46.3564858432043],[-120.199367145078,46.3569988434791],[-120.20122114514,46.3582228432668],[-120.202760145065,46.3593568434008],[-120.203813145061,46.3602028428442],[-120.204389144643,46.3607518429804],[-120.21536914467,46.3738018431378],[-120.215630145015,46.3740088427911],[-120.217196145286,46.3752598429246],[-120.217592144662,46.3756648427156],[-120.219005145071,46.3770058434022],[-120.219626144931,46.3775998429157],[-120.220823145272,46.3787878428419],[-120.222560145334,46.3804258428357],[-120.224018145121,46.3817218432458],[-120.225719145322,46.3831888434477],[-120.226961145041,46.3842328430286],[-120.228158145382,46.3851328431634],[-120.229535145031,46.3861498432979],[-120.230957144956,46.3871668434323],[-120.233270144601,46.3885168427354],[-120.234899145079,46.3894258432853],[-120.235412145354,46.3897048426616],[-120.235835145076,46.3899568434908],[-120.237482144585,46.3908658431414],[-120.238832144788,46.3916128434153],[-120.239192145201,46.3918018431378],[-120.240407144574,46.3924678432736],[-120.241064145194,46.3928098428572],[-120.242765145395,46.3935298427853],[-120.244061144906,46.3938628428532],[-120.244484144628,46.393961842922],[-120.246320144759,46.3942588431284],[-120.247193145447,46.3944028434737],[-120.247688144892,46.3944838427125],[-120.248489144958,46.3946188426427],[-120.248894144749,46.3946368434728],[-120.249263144678,46.3946638429193],[-120.250019145367,46.3946998427808],[-120.251612145084,46.3951588432633],[-120.254357144866,46.3958608432606],[-120.258515145058,46.3979128434602],[-120.258740144642,46.3980208430448],[-120.25907314471,46.3981828433209],[-120.260954145118,46.3991098429022],[-120.261431144632,46.3993528433164],[-120.262088145252,46.3996678434535],[-120.262592145111,46.3998028433838],[-120.264572144689,46.40033384269],[-120.268028144883,46.4012158428941],[-120.269027145087,46.4014858427547],[-120.270188144667,46.4017738434454],[-120.272735145211,46.4023678429589],[-120.273572145138,46.4025478431658],[-120.277541144708,46.4033128433703],[-120.278414145396,46.4035378429544],[-120.280295144905,46.4040058429526],[-120.281375145247,46.4043478434356],[-120.281924145383,46.4046358432269],[-120.282752144896,46.4052118428096],[-120.283067145033,46.4054728431545],[-120.283967145168,46.4063548433586],[-120.284696144611,46.4071558434248],[-120.285407145024,46.4078398434913],[-120.285497144677,46.4079928433523],[-120.286415144743,46.4088748426572],[-120.287936144737,46.4100898429293],[-120.289196145286,46.4109088429261],[-120.289457144731,46.4110708432022],[-120.290870145141,46.4117188434072],[-120.292265144721,46.4121778429904],[-120.293138145409,46.4124748431968],[-120.293597144992,46.4126098431271],[-120.29468614485,46.41293384278],[-120.296540144912,46.413734842846],[-120.300860145379,46.4153008431168],[-120.303488145162,46.4162278426981],[-120.303722145161,46.4163178432512],[-120.306089144598,46.4168668433874],[-120.307790144799,46.4170828434558],[-120.308897144588,46.4173078430398],[-120.312092145336,46.4174248430394],[-120.31218214499,46.4174248430394],[-120.313505144847,46.4174878432467],[-120.31398214526,46.4175058431775],[-120.31423414519,46.4175148426931],[-120.316313144836,46.4175958428312],[-120.321308144955,46.4178208433146],[-120.326636145142,46.4180368433829],[-120.327284145347,46.4181358434517],[-120.328355145274,46.4182978428285],[-120.331739144846,46.4192518427557],[-120.33225214512,46.4195128431005],[-120.333593144908,46.4201698428213],[-120.335897145037,46.4213218428861],[-120.336383144966,46.4218528430916],[-120.338012145444,46.4236528433614],[-120.341279145016,46.4283688432049],[-120.34148614467,46.4288908429953],[-120.342809145426,46.4322658430515],[-120.34303414501,46.4330668431177],[-120.343952145075,46.4362078431748],[-120.344510144727,46.437953842753],[-120.344996144656,46.4393308433011],[-120.345320145209,46.4402038430902],[-120.346103145344,46.4423728432895],[-120.346319145412,46.4429848427337],[-120.346670145411,46.4439748434217],[-120.366155144644,46.4555848428236],[-120.36989914463,46.4578168432301],[-120.372203144759,46.459193842879],[-120.373508144685,46.4599678434986],[-120.373787144961,46.4601838426676],[-120.374201145167,46.4608678427342],[-120.374570145096,46.4614978430084],[-120.37493014461,46.4622178429365],[-120.375146144679,46.4625868428659],[-120.375506145093,46.4628928434874],[-120.376172145228,46.4632798433475],[-120.376415144743,46.4634598426551],[-120.378188144667,46.4647198432036],[-120.380150145213,46.4658268429918],[-120.381410144862,46.4665918431964],[-120.382760145065,46.4673748433318],[-120.383660145199,46.467995843191],[-120.384461145266,46.4683018429131],[-120.384983145056,46.4685358429122],[-120.386099145259,46.4686798432576],[-120.387692144976,46.4689138432567],[-120.391121144825,46.4696338431847],[-120.393389145093,46.4703808434586],[-120.393479144747,46.470407842905],[-120.394631144811,46.4709298426955],[-120.39473014488,46.4709928429028],[-120.394901144672,46.4710918429716],[-120.395414144947,46.4713978426937],[-120.395981145014,46.4717848434532],[-120.396386144805,46.4720728432445],[-120.396719144873,46.4723068432436],[-120.39691714501,46.4724778430354],[-120.397079145286,46.4726038434501],[-120.397178145355,46.4726848426888],[-120.397250145078,46.4727388433803],[-120.399095144725,46.4742238426137],[-120.405170145186,46.4794258432855],[-120.406619144558,46.480676843419],[-120.411173145025,46.4845558433349],[-120.41878714541,46.487687842977],[-120.422567145258,46.4892538432477],[-120.438758144573,46.4959138428071],[-120.439496145331,46.4962288429442],[-120.440027144637,46.4964538434276],[-120.440702145188,46.4970118430795],[-120.441314144632,46.4975158429393],[-120.441944144906,46.4980558426605],[-120.444176145313,46.4998288434838],[-120.445031145171,46.5003238429285],[-120.445679145376,46.500782843411],[-120.446372144959,46.5011068430638],[-120.44706514544,46.5014848434083],[-120.447596144746,46.5019078431299],[-120.448370145366,46.5025918431965],[-120.450521144735,46.5058228429074],[-120.450953144872,46.5070468426951],[-120.452564145419,46.5103498430283],[-120.453122145071,46.5110788433714],[-120.453527144862,46.5117718429537],[-120.456002144783,46.5157588433535],[-120.457694144569,46.5178378429995],[-120.458387145051,46.5184228429973],[-120.458954145118,46.5187288427194],[-120.46015114456,46.5189808426493],[-120.462590144619,46.5194308427167],[-120.467864145014,46.5201688434748],[-120.468566145012,46.5203398432666],[-120.469007144664,46.5205738432658],[-120.469187144871,46.5208888434029],[-120.469538144869,46.5215098432622],[-120.469754144938,46.5219778432603],[-120.470033145213,46.5227608433957],[-120.470267145213,46.5235078427703],[-120.470339144936,46.52402984346],[-120.470366145281,46.524101843183],[-120.470456144935,46.5244888430432],[-120.470555145004,46.5252898431093],[-120.470681145418,46.5265408432428],[-120.471257145001,46.5298708430225],[-120.47147314507,46.5306538431579],[-120.471572145138,46.5320578431525],[-120.471662144792,46.5332098432172],[-120.471671145207,46.5333538426632],[-120.471671145207,46.5336148430081],[-120.471671145207,46.5340558426606],[-120.471671145207,46.5349558427954],[-120.471536145277,46.5357118434843],[-120.471374145001,46.5366568429964],[-120.471302145278,46.5374578430625],[-120.471194144794,46.5387088431961],[-120.470996144656,46.5407068427042],[-120.470771145072,46.5425518432505],[-120.470573144935,46.547753843023],[-120.470519145142,46.5486718430886],[-120.47031214459,46.5519928433526],[-120.47033014542,46.5533068427942],[-120.470375144797,46.5571588432636],[-120.470420145074,46.5574198427091],[-120.470771145072,46.5594538429781],[-120.471824145068,46.5621088431062],[-120.472076144998,46.5629728433796],[-120.472076144998,46.5655558428855],[-120.472058145067,46.5665278427433],[-120.471959144998,46.5700198427991],[-120.471779144792,46.5773908427708],[-120.471770145276,46.5775528430469],[-120.471770145276,46.581332842894],[-120.471770145276,46.5814498428935],[-120.471977144929,46.5821518428909],[-120.472004145275,46.5822238426139],[-120.472877145064,46.5850498434332],[-120.471734145414,46.5850498434331],[-120.471680144723,46.5850498434332],[-120.469583145146,46.5849688432951],[-120.467108145225,46.5848698432264],[-120.466577145019,46.5848428428805],[-120.46376914503,46.5835558428855],[-120.462176145313,46.5816568434462],[-120.461924145383,46.5814498428936],[-120.461672144554,46.5812518427559],[-120.459476144908,46.5793528433166],[-120.456371144713,46.5776518431157],[-120.45116914494,46.5770578427029],[-120.450305144667,46.5770038429106],[-120.440171144982,46.5764458432587],[-120.435374145001,46.5746458429889],[-120.414170144736,46.5662578428827],[-120.41002114496,46.5646918426121],[-120.404927144772,46.562693843104],[-120.403694144569,46.562207843175],[-120.396800145011,46.5594988432546],[-120.396674144596,46.5594538429781],[-120.395783144876,46.5589048428418],[-120.394676145088,46.558247843121],[-120.393470145231,46.5567448430576],[-120.39227314489,46.5549448427878],[-120.390770144826,46.5530548428642],[-120.390230145105,46.5526678430041],[-120.3894651449,46.5521098433521],[-120.388277144974,46.5512548434938],[-120.38557714457,46.5501568432213],[-120.383075145202,46.5495538432928],[-120.380483145281,46.5495178434313],[-120.379376144593,46.5494998435005],[-120.37493014461,46.549454843224],[-120.366209145336,46.5495088430163],[-120.36130414487,46.549526842947],[-120.35770414523,46.5495088430163],[-120.356498145373,46.5494818426705],[-120.356075144752,46.5495088430163],[-120.354797145172,46.5495538432928],[-120.341963145083,46.549454843224],[-120.337040144687,46.5494188433625],[-120.324035144806,46.5450898433791],[-120.313298145193,46.5415078427703],[-120.310580144858,46.5406708428427],[-120.303659144954,46.5384118429897],[-120.30008614476,46.5372508434092],[-120.29249914472,46.5347848430036],[-120.291734145414,46.534586842866],[-120.253088144802,46.525235843317],[-120.250532144743,46.5247138426273],[-120.245123145317,46.5235888429083],[-120.23298214481,46.520636843473],[-120.232361144951,46.5204388433354],[-120.23182114523,46.5202858434744],[-120.229670144961,46.5202678426443],[-120.214883144741,46.5202048433363],[-120.209626669435,46.5196287565194],[-120.207366181204,46.5184390253982],[-120.201536145277,46.5135538432927],[-120.200681145419,46.5127528432266],[-120.197297144947,46.5109888428183],[-120.196289145228,46.5104128432356],[-120.188225144775,46.5058768426996],[-120.187433145124,46.5057778426308],[-120.184814144857,46.5057778426308],[-120.177479144747,46.5057778426308],[-120.164564145419,46.5057508431844],[-120.150452144851,46.5057238428385],[-120.149714144992,46.5055708429775],[-120.144836144872,46.5038878427073],[-120.144593145357,46.5038068434685],[-120.144431145081,46.503761843192],[-120.144098145013,46.5036178428466],[-120.139139144756,46.5019078431299],[-120.137222145386,46.5012868432706],[-120.136187145321,46.5011068430638],[-120.134540144912,46.5011068430638],[-120.131129144994,46.5015388432005],[-120.126161145221,46.5020518434753],[-120.117116145394,46.5030778431254],[-120.116603145119,46.5031408433327],[-120.114091309866,46.5036863675893],[-120.112068767859,46.5036863675893],[-120.106973145294,46.5034018427783],[-120.106406145227,46.5033838428476],[-120.09643414492,46.5044188429128],[-120.095066144787,46.5045718427738],[-120.093392144931,46.5048598434645],[-120.091493144593,46.5051928426331],[-120.090467144943,46.5053188430477],[-120.074879144657,46.5081088431061],[-120.074456144935,46.5082528434515],[-120.071702144738,46.5087118430346],[-120.064574145181,46.5100528428219],[-120.062432145327,46.5104488430971],[-120.061253144917,46.5106738426812],[-120.050588145027,46.5125368431583],[-120.04512514491,46.5135538432927],[-120.041840145406,46.514102843429],[-120.040526145065,46.5143278430131],[-120.030077145244,46.5161278432828],[-120.029780145038,46.5162358428673],[-120.012761145311,46.5192508434092],[-120.012617144965,46.5192778428557],[-120.01119514504,46.519421843201],[-120.011033144764,46.5194308427167],[-120.009053145186,46.5194398431318],[-120.001151145009,46.5195928429928],[-119.999684144807,46.5196918430616],[-119.993294145109,46.5196648427158],[-119.979776144953,46.5196018434078],[-119.972126144706,46.5195748430621],[-119.968823145272,46.519565842647],[-119.95847314462,46.522409843397],[-119.946431145081,46.5259108429685],[-119.94266014475,46.5272068433787],[-119.940554144758,46.5277558426155],[-119.93278714541,46.5300058429528],[-119.932310144997,46.5301498432982],[-119.931212144725,46.530473842951],[-119.926253145366,46.5319138428071],[-119.912429144589,46.5359368430684],[-119.912303145074,46.5359728429299],[-119.911997145352,46.5360448426529],[-119.911862145422,46.5360988433445],[-119.911439144801,46.5362608427212],[-119.909819144738,46.5363688432051],[-119.907101145302,46.536134843206],[-119.894384145212,46.5350278434178],[-119.882936145187,46.5340288432141],[-119.881019144918,46.533875843353],[-119.880794145333,46.5338578434223],[-119.879759145268,46.5345238426587],[-119.878967144718,46.5353068427941],[-119.878823145272,46.5355858430697],[-119.877896144791,46.5361078428602],[-119.877113144656,46.536287843067],[-119.876150145213,46.536287843067],[-119.874188144667,46.5359638434142],[-119.873801144807,46.5359008432069],[-119.872937145433,46.5359728429299],[-119.871713144746,46.5363958426516],[-119.870957144956,46.5368638426498],[-119.869661145446,46.5371338434097],[-119.86796914476,46.53726884334],[-119.863928144568,46.5373768429245],[-119.85659192138,46.5386648249793],[-119.851517788115,46.5406869865727],[-119.847234757878,46.5422336361309],[-119.844141458761,46.5434233663528],[-119.839501510087,46.5450889890232],[-119.834606144958,46.5471058428179],[-119.831591145315,46.5478168432303],[-119.826414474049,46.54984791081],[-119.819514037143,46.5537740217113],[-119.813565385134,46.5561534830544],[-119.81023414519,46.5572848427789],[-119.806931144856,46.5597868430459],[-119.806895144995,46.5599488433221],[-119.806526145066,46.5601108426988],[-119.801720144669,46.5637918433764],[-119.80073014488,46.5644308431665],[-119.79738214517,46.5661768427447],[-119.79250414505,46.5687148428733],[-119.791451145054,46.5691648429408],[-119.7896601452,46.5695158429394],[-119.787617145415,46.5697858428],[-119.781218145301,46.5705688429353],[-119.769194144794,46.5720628434831],[-119.757188145117,46.5735568431314],[-119.751158144932,46.5743038434053],[-119.737496145331,46.5762028428446],[-119.735363144993,46.5764998430509],[-119.730521144735,46.5771748427025],[-119.728397144812,46.5771928426332],[-119.72785132288,46.5846299095004],[-119.727609553638,46.5906741504493],[-119.72719509118,46.5993778557611],[-119.727091475791,46.6014501671491],[-119.727885861343,46.6028662459382],[-119.729405556421,46.603867863169],[-119.733999179219,46.6056293274891],[-119.735484334934,46.6062510207257],[-119.736416875239,46.6071835610302],[-119.736785144918,46.6081888429984],[-119.736520490628,46.609083179203],[-119.735965016272,46.6097729969839],[-119.734781655049,46.610430419386],[-119.733532551586,46.6109563573077],[-119.72840393919,46.611708106002],[-119.727160552717,46.6124334155274],[-119.726366642906,46.6137832754355],[-119.726432385146,46.6185167194287],[-119.726695355007,46.6249594625669],[-119.726858144887,46.6322638434593],[-119.726921145095,46.633334843386],[-119.727281144609,46.6342708433825],[-119.728109145021,46.6355308430317],[-119.72820814509,46.6357648430308],[-119.729036144602,46.636880843234],[-119.729135144671,46.6370788433717],[-119.731070144871,46.6397968428078],[-119.731529145354,46.6404718433586],[-119.732096145421,46.6412818429404],[-119.732096145421,46.6413718434935],[-119.732906145003,46.6425148431432],[-119.733716144584,46.6436758427237],[-119.73476914458,46.6455298427857],[-119.735354144578,46.6461148427835],[-119.736889344867,46.6469551827932],[-119.739192541003,46.6474158218404],[-119.740758713943,46.647139438592],[-119.7477381446,46.6439458434836],[-119.751158144932,46.6432168431405],[-119.780516145304,46.6372408427484],[-119.785583145146,46.6362058426832],[-119.786087145006,46.6360978430987],[-119.79056914485,46.6351258432408],[-119.793017145325,46.6346038434503],[-119.798516145304,46.6334608429013],[-119.800883144741,46.6332088429714],[-119.803574144731,46.6330558431104],[-119.810819145187,46.6329658434566],[-119.811431144632,46.6329478426265],[-119.832419144828,46.6331368432484],[-119.846351145189,46.6332898431095],[-119.848007145114,46.6334248430398],[-119.850167144898,46.6337488426927],[-119.85318214544,46.6344058433128],[-119.855054145432,46.6350178427569],[-119.857295145355,46.6357558426158],[-119.858366145281,46.6362778433056],[-119.858636145142,46.6364038428208],[-119.858753145142,46.6364668430281],[-119.860652144581,46.6375828432314],[-119.862236144782,46.6386088428815],[-119.876150145213,46.6493638433245],[-119.876321145005,46.6494898428397],[-119.884214144767,46.6555738428164],[-119.886095145175,46.6570228430875],[-119.894681145418,46.6635478427166],[-119.894843144795,46.6637008434769],[-119.896058145067,46.6648078432651],[-119.908019145367,46.6809268428573],[-119.909810145222,46.6833928432629],[-119.913230144655,46.6880278429684],[-119.917037144848,46.6931308426721],[-119.91720814464,46.6935628428088],[-119.917334145055,46.694606843289],[-119.91732514464,46.697999843276],[-119.91732514464,46.6989898430646],[-119.917316145124,46.700825843196],[-119.917307144709,46.7049838433875],[-119.917298145193,46.7083678429595],[-119.917397145262,46.71428984266],[-119.917604144915,46.7266198428894],[-119.917829145399,46.7376268432621],[-119.918108144775,46.7413708432477],[-119.918315145328,46.7441608433062],[-119.918693144773,46.745042842611],[-119.91889114491,46.7453578427482],[-119.920124145113,46.7463658433669],[-119.92055614525,46.7467078429506],[-119.920637145388,46.7467708431578],[-119.92082614511,46.7469238430189],[-119.921555144554,46.7475178434317],[-119.924417145235,46.7498578434227],[-119.927162145017,46.7522158433445],[-119.930105144936,46.7548528426426],[-119.930483145281,46.755311843125],[-119.93085214521,46.7562208427756],[-119.930933145348,46.7571838431179],[-119.930690144934,46.7585248429052],[-119.929889144868,46.762259843375],[-119.929880145352,46.7623768433746],[-119.929439144801,46.7645278427437],[-119.929043145425,46.7664988428054],[-119.928017144875,46.7719348434763],[-119.927585144739,46.7737348428467],[-119.927315144878,46.775498843255],[-119.926406145227,46.7799628431687],[-119.925794144884,46.7830408430185],[-119.925767145437,46.7832208432254],[-119.925632144608,46.7840218432914],[-119.925416145439,46.7848948430806],[-119.924921145095,46.787684843139],[-119.92466014475,46.7884588428593],[-119.924552145165,46.790438843336],[-119.924822145026,46.7915368427092],[-119.924255144959,46.7924548427748],[-119.924219145097,46.793984843184],[-119.924093144683,46.7943718430441],[-119.924201145167,46.7959198433841],[-119.924255144959,46.7967208434502],[-119.925092144887,46.7986648431661],[-119.925092144887,46.7994928426786],[-119.923454144893,46.8016078430855],[-119.922266144967,46.8053068427946],[-119.922059145313,46.8065488434125],[-119.921132144833,46.8094558434705],[-119.920205145251,46.8118498432538],[-119.919800144561,46.8128938428346],[-119.919638145184,46.8135598429705],[-119.919683144561,46.8140818427609],[-119.919818145391,46.814324843175],[-119.920115144698,46.8149098431728],[-119.920322145251,46.8151348427569],[-119.92080814518,46.8157288431697],[-119.921276145178,46.8162688428908],[-119.925155145094,46.8206338427358],[-119.926280144813,46.8219028428001],[-119.926505145296,46.8222628432138],[-119.927432144878,46.8232528430024],[-119.928539144666,46.824503843136],[-119.929475144662,46.8255208432704],[-119.929628145423,46.8256918430622],[-119.930258144797,46.8263848426445],[-119.932139145205,46.828202842845],[-119.932976145133,46.8291388428414],[-119.933696145061,46.8297598427007],[-119.93650414505,46.8325768431049],[-119.936675144842,46.8327748432425],[-119.936927144772,46.8329818428959],[-119.938223145182,46.8342958432367],[-119.938628144973,46.8350608434413],[-119.938718144627,46.8352408427488],[-119.939087144556,46.8359158432996],[-119.938889145318,46.837481842671],[-119.937701145391,46.841378843417],[-119.937665144631,46.8421348432066],[-119.937881144699,46.8431788427875],[-119.938493145043,46.8444748431976],[-119.940734144965,46.8474808433244],[-119.941760144615,46.8488578429732],[-119.94266014475,46.8503788429674],[-119.948105144936,46.8582088434215],[-119.949293144863,46.8600538430686],[-119.950256145205,46.8615118428555],[-119.95450414505,46.8675418430398],[-119.956196144836,46.8700168429612],[-119.956412144904,46.8703948433056],[-119.956520145388,46.8707818431657],[-119.956619144558,46.8711688430259],[-119.956655145319,46.8724738429517],[-119.95589914463,46.8748588432193],[-119.955809144976,46.8752368426644],[-119.955728144838,46.8754528427327],[-119.9556471447,46.8756688428011],[-119.955251145324,46.8775408427939],[-119.955080144633,46.8790978426495],[-119.955080144633,46.8792328434792],[-119.955116145394,46.8810148429189],[-119.955215144563,46.8878458431694],[-119.954693144773,46.8905908429513],[-119.954540144912,46.8909598428807],[-119.951462145062,46.8987718434041],[-119.948915145418,46.9048198426199],[-119.947070144871,46.9098508434999],[-119.946593145357,46.9111468430107],[-119.946467144943,46.9118308430773],[-119.94653014515,46.9131628433489],[-119.946575145427,46.9132618434176],[-119.946962145287,46.9142698431371],[-119.947358144663,46.9151158434797],[-119.947880145352,46.9158088430619],[-119.949266145416,46.9175368427094],[-119.949626144931,46.917995843192],[-119.950238145274,46.919435843048],[-119.950796144926,46.920983843388],[-119.951264144924,46.9225588431744],[-119.951966144922,46.9240798431686],[-119.952101144852,46.9241878427531],[-119.952227145267,46.9245118433052],[-119.953424144708,46.9259698430921],[-119.954396144566,46.9268878431577],[-119.956601144627,46.9286878434276],[-119.957375145247,46.929623843424],[-119.957402144693,46.9298308430773],[-119.957420144624,46.9298398434923],[-119.957501144762,46.9299028428003],[-119.957501144762,46.9305868428669],[-119.957402144693,46.9307758434887],[-119.957069144625,46.9310368429343],[-119.955323145047,46.9300648430764],[-119.954603145119,46.9298308430773],[-119.953928144568,46.9297138430777],[-119.952866145057,46.929695843147],[-119.95193014506,46.9298308430773],[-119.950967144718,46.9300828430071],[-119.948762144657,46.9312528430026],[-119.947961144591,46.9315768426555],[-119.946827145356,46.9317478433467],[-119.945000144741,46.9318378430004],[-119.943893144953,46.9317298434159],[-119.942390144889,46.9313878429329],[-119.942282145305,46.9313338431407],[-119.941166145101,46.9308658431425],[-119.941004144825,46.9307668430737],[-119.938592145111,46.9293088432868],[-119.937863144768,46.9290118430804],[-119.936828144703,46.9287778430813],[-119.933219144648,46.9286158428052],[-119.926352145435,46.9283008426681],[-119.920088145252,46.9277968428084],[-119.91631714492,46.9277788428777],[-119.913617145415,46.9278688434307],[-119.908541145158,46.9276618428781],[-119.907785145368,46.9276618428781],[-119.906579144612,46.9275538432936],[-119.903258145247,46.9273648426717],[-119.898281145059,46.9268968426735],[-119.896913144926,46.9265818434356],[-119.896607145204,46.9264828433669],[-119.895005145071,46.9259338432306],[-119.89380814473,46.9253308433021],[-119.892683145011,46.9244128432365],[-119.892053144737,46.9237288431699],[-119.891252144671,46.9222348426222],[-119.890658145157,46.9195708429783],[-119.889857145091,46.9182388427068],[-119.889281144609,46.9177168429163],[-119.883053145186,46.9131178430723],[-119.879165144856,46.9096528433623],[-119.876159144729,46.9071868429567],[-119.875466145146,46.9066198428897],[-119.87195614516,46.9037308427624],[-119.86988614503,46.9022908429064],[-119.868455144689,46.9014718429095],[-119.865053145186,46.9001938433295],[-119.861561145131,46.8994018427791],[-119.860805145341,46.8992398434024],[-119.858006144868,46.8988528426429],[-119.854352145435,46.8986908432661],[-119.833058144618,46.8987358426433],[-119.813672144554,46.8987358426433],[-119.811917144561,46.8987358426433],[-119.811557145046,46.8987358426433],[-119.790794145333,46.8988078432657],[-119.769365144586,46.8987808429198],[-119.751158144932,46.8987718434041],[-119.747837144668,46.8987898433349],[-119.739827144907,46.8988528426429],[-119.726237145028,46.8989338427809],[-119.705582144001,46.8989878434725],[-119.705051143795,46.8989878434725],[-119.704484143728,46.8989878434725],[-119.694989143834,46.899014842919],[-119.682911144434,46.8990598431955],[-119.677421143971,46.8990868426419],[-119.664182144091,46.89916784278],[-119.661482143686,46.899176843195],[-119.643752144446,46.8990778431262],[-119.643293143963,46.8990418432647],[-119.641520144039,46.8989608431267],[-119.640548144181,46.8987628429891],[-119.640017143976,46.8985558433358],[-119.634104143791,46.8973048432022],[-119.633114144003,46.8971518433411],[-119.631359144009,46.8967198432045],[-119.630612143735,46.8965668433434],[-119.626157144237,46.8956128434163],[-119.62237714439,46.8947938434194],[-119.618372144059,46.893929843146],[-119.602226144121,46.8903658433672],[-119.602100143707,46.8903298435057],[-119.580626143582,46.8856768429701],[-119.569133144179,46.8831118433951],[-119.560070144422,46.8811228434027],[-119.553653144377,46.8797368433389],[-119.542205144352,46.8772618434175],[-119.539721144016,46.876721842797],[-119.533358143763,46.8753358427332],[-119.506880144003,46.8693868426868],[-119.492395664928,46.8662430862077],[-119.475605144262,46.8623218433366]],[[-122.587076794758,45.3748837403485],[-122.586615727634,45.3737475386742],[-122.586245226736,45.3727677704724],[-122.585734758952,45.3714833677195],[-122.585471291767,45.3704788996377],[-122.585331324881,45.3695320646093],[-122.585265458534,45.3683711630549],[-122.585199592187,45.3674160947332],[-122.585100791768,45.3665845267107],[-122.584903190929,45.365514191383],[-122.584516224344,45.3646496901873],[-122.583865789674,45.3636287555188],[-122.583511755363,45.3631018211483],[-122.583190655125,45.3626736871971],[-122.582284987462,45.3613975186367],[-122.581675719259,45.3604506836083],[-122.581321685847,45.3597508491785],[-122.580959418243,45.3586722805575],[-122.58080298477,45.3579477462477],[-122.580720650937,45.3572808449912],[-122.580621851417,45.3560870102635],[-122.580514817705,45.3552307414617],[-122.580243117226,45.3538640066748],[-122.579839683155,45.3529007050597],[-122.579362149444,45.3516739362594],[-122.578802281,45.350282500693],[-122.578382380343,45.3487593315341],[-122.578110679864,45.3468903613573],[-122.578135380643,45.3440580904647],[-122.578045746114,45.3427580089312],[-122.577568745701,45.3417590087275],[-122.576809811424,45.3408800185542],[-122.575237242505,45.3397685167598],[-122.574076340051,45.3387887485581],[-122.573565873167,45.3380065802956],[-122.573343572448,45.3372161796392],[-122.573302405981,45.3364998786227],[-122.573450606161,45.3359564776655],[-122.573961073944,45.3345485755125],[-122.574380974602,45.3335935071908],[-122.574982008613,45.3320785713252],[-122.575270175678,45.3313458028227],[-122.575904143761,45.3301931345617],[-122.576282877053,45.3295591673778],[-122.577303812621,45.3282747646249],[-122.578003647051,45.3272208967832],[-122.578349447169,45.3263646288807],[-122.578654080821,45.3256400936716],[-122.578904147209,45.3249778419101],[-122.578886147278,45.3245818416349],[-122.578886147278,45.324257841982],[-122.578886147278,45.3241948417747],[-122.578886147278,45.3240508423287],[-122.578695248187,45.3228572225389],[-122.578382380343,45.3219186217032],[-122.578130146589,45.3212968421317],[-122.577320346657,45.3204912420333],[-122.576285346591,45.319141241831],[-122.575723009509,45.3183865154815],[-122.575097147016,45.3176968424915],[-122.574529174782,45.3168798129092],[-122.57406214695,45.3164278424272],[-122.573918146605,45.3162658421511],[-122.573774147159,45.3160858419442],[-122.573495146884,45.3157348419455],[-122.573126146954,45.3153118422239],[-122.57290114737,45.3150328419482],[-122.572685147302,45.3147718425027],[-122.57249614668,45.31456484195],[-122.572325146888,45.3143668418125],[-122.572253147165,45.3142768421587],[-122.572208146888,45.3142048424357],[-122.57210914682,45.3140698425054],[-122.572001147235,45.313916841745],[-122.571794146682,45.3136378423687],[-122.57148814696,45.3132328416785],[-122.571425146753,45.3131608419555],[-122.570453146895,45.3119008423062],[-122.569958146551,45.3112708420319],[-122.569769146829,45.3110278416177],[-122.569157147384,45.3102358419667],[-122.568698146902,45.3094348419006],[-122.567906147251,45.3083998418354],[-122.567762146906,45.3082018416978],[-122.566649861802,45.3066128295746],[-122.566262894317,45.30610236269],[-122.565482647007,45.3049103418949],[-122.565233726355,45.3044556932318],[-122.564863225457,45.303755858802],[-122.564056357315,45.3023644232357],[-122.56361999007,45.3015410885066],[-122.563125989773,45.3006683540175],[-122.562829588515,45.300026152641],[-122.562710202614,45.2991691940592],[-122.563118146785,45.2967358417419],[-122.56337914713,45.2941978416133],[-122.564162147265,45.2904718424577],[-122.564639146779,45.288824842049],[-122.565080147331,45.2873668422621],[-122.565116147192,45.2872138424011],[-122.565386147053,45.2864218418507],[-122.566025146843,45.2842078422742],[-122.566988147185,45.2810038420099],[-122.567258147046,45.2803108424276],[-122.567384146561,45.279959842429],[-122.567780146836,45.2786818419496],[-122.568401146696,45.2763868422351],[-122.568491147249,45.2760988424438],[-122.569976147381,45.2713648417702],[-122.571020146962,45.268070841852],[-122.571416147237,45.2666128420652],[-122.571875146821,45.2650378422788],[-122.572271147096,45.264038842075],[-122.573558147091,45.2591068421632],[-122.574188147365,45.257576841754],[-122.57777914659,45.2555968421767],[-122.581010147201,45.2542648419051],[-122.581730147129,45.2538058423219],[-122.581973146643,45.2535088421155],[-122.582108146574,45.2531758420476],[-122.583332147261,45.2502418416438],[-122.583413147399,45.2500978421978],[-122.583512146568,45.2498368418529],[-122.584187147119,45.2483338417895],[-122.584385147257,45.2472628418628],[-122.584511146772,45.2446978422877],[-122.584484147326,45.2439688419447],[-122.584700147394,45.2430238424325],[-122.585114146701,45.2423488418817],[-122.586131146835,45.2415748421613],[-122.586473147318,45.2411698423705],[-122.587004146624,45.240566842442],[-122.588291146619,45.2338348422603],[-122.588264147173,45.2329978423327],[-122.587733146967,45.2322328421281],[-122.586455147387,45.2312068424779],[-122.585672147252,45.2307658419262],[-122.584916146563,45.2300008417216],[-122.583134147123,45.228605842142],[-122.582423146711,45.2279218420755],[-122.582135146919,45.2276158423534],[-122.581820146782,45.2268148422873],[-122.581820146782,45.2244478419505],[-122.582063147196,45.2229538423021],[-122.582108146574,45.2226928419572],[-122.582108146574,45.2221618417518],[-122.582000146989,45.221432842308],[-122.581982147058,45.2212888419626],[-122.581721146714,45.2202808422432],[-122.581712147198,45.21916484204],[-122.581685146852,45.2159158423984],[-122.581442147337,45.208976841664],[-122.58137914713,45.2069068424329],[-122.581199146923,45.2015068416236],[-122.581226147269,45.2005078423192],[-122.581208147338,45.1998868424599],[-122.581199146923,45.199544841977],[-122.581163147062,45.1980778417751],[-122.581613147129,45.1969348421254],[-122.582387146849,45.1960168420597],[-122.582981147262,45.1953958422004],[-122.583539146914,45.1948108422027],[-122.585330146769,45.1929208422792],[-122.586464146903,45.1910668422171],[-122.587733146967,45.1880788420211],[-122.589137146962,45.1848028420337],[-122.589425146753,45.1838398416915],[-122.589560146683,45.1833988420391],[-122.589983147304,45.1826248423187],[-122.591504147299,45.1798888420525],[-122.592107147227,45.1788088417108],[-122.59281814674,45.1775308421308],[-122.592899146878,45.1773778422697],[-122.595599147283,45.1724548418736],[-122.597084147415,45.1692148408484],[-122.599352146784,45.1646068414887],[-122.600576146572,45.1624648407359],[-122.6010621474,45.1611778407409],[-122.602007146912,45.1593598414396],[-122.602871147186,45.1575328408241],[-122.60373514656,45.1559398411069],[-122.60466214704,45.1541848411136],[-122.605445147176,45.1526818410502],[-122.606219146896,45.1512058413326],[-122.606381147172,45.1505938409891],[-122.6071011471,45.1492168413403],[-122.60890114737,45.1458058414226],[-122.60928814723,45.1450678406644],[-122.610989147431,45.1417648412305],[-122.611448147014,45.139955841445],[-122.61161014729,45.1395058413776],[-122.612456146734,45.1372738409711],[-122.612924146732,45.1360138413218],[-122.61443614721,45.1343038407058],[-122.62008814705,45.1281568414212],[-122.621978146974,45.1255288407395],[-122.62252714711,45.1248358411572],[-122.622797146971,45.1244038410205],[-122.624012147243,45.1229368408187],[-122.626991147024,45.1193728410399],[-122.627504147299,45.1186348411811],[-122.628278147019,45.1175368409086],[-122.628485146672,45.1173928414626],[-122.638034147258,45.1100938412139],[-122.643722146959,45.1055758406087],[-122.648312147288,45.1020208412449],[-122.650967147416,45.0998248406999],[-122.651093146931,45.0994918406321],[-122.653163147062,45.0979798410529],[-122.654216147058,45.0976108411235],[-122.655458146776,45.0973408412629],[-122.65608814705,45.0970618409872],[-122.656835147324,45.0964138407822],[-122.656970147254,45.0962158406446],[-122.657420147322,45.0958108408537],[-122.658203146558,45.0950278407183],[-122.659913147174,45.0930208407953],[-122.663756147228,45.0897988414995],[-122.666105146735,45.0882328412287],[-122.666978147424,45.0873688409553],[-122.667788147005,45.086666840958],[-122.669552147414,45.085451840686],[-122.672396147264,45.0832828413861],[-122.672693146571,45.082967841249],[-122.678795147378,45.0783958408515],[-122.679155146892,45.0781798407831],[-122.6811531473,45.0771448407179],[-122.683538146668,45.0761548409293],[-122.684312147288,45.0756508410696],[-122.686121147073,45.0730678406644],[-122.687021147208,45.0720238410835],[-122.689802146852,45.0695848410237],[-122.696876146617,45.064472840905],[-122.700890147362,45.061565840847],[-122.701088146601,45.0615388414005],[-122.702537146872,45.0606748411271],[-122.705021147208,45.0594778407858],[-122.705507147137,45.0590188412027],[-122.706308147203,45.0582718409288],[-122.706632146856,45.0581098406527],[-122.706704146579,45.0579028409994],[-122.70801814692,45.0563548406594],[-122.708963147331,45.0556348407314],[-122.711537147321,45.0542038412903],[-122.713022146555,45.053267841294],[-122.718890147362,45.0488758411033],[-122.719439146599,45.0485158406896],[-122.722814146656,45.0463738408362],[-122.72433514665,45.0451678409792],[-122.72795314712,45.0407218409963],[-122.729438147253,45.0395068407242],[-122.729690147182,45.039308841486],[-122.730203146558,45.0386158410043],[-122.731427147245,45.0370138408721],[-122.731517146899,45.0369958409414],[-122.733614147375,45.0339538409531],[-122.737259147292,45.0281938406293],[-122.737385146807,45.0280858410448],[-122.738258146596,45.0272578406329],[-122.741183146585,45.0248728412647],[-122.741777146998,45.0243868413358],[-122.74196614672,45.0241168414751],[-122.742155147342,45.0240718411986],[-122.743730147129,45.0227938407193],[-122.743829147197,45.0225598407201],[-122.743964147128,45.0225598407201],[-122.747906147251,45.0207958412112],[-122.751200147169,45.0193378414243],[-122.753585147437,45.0183298408056],[-122.755583146945,45.0176368412233],[-122.757689146937,45.0169168412953],[-122.761217146854,45.0157018410232],[-122.761316146923,45.0155938414387],[-122.761532146991,45.0156118413695],[-122.761928147266,45.0154858409549],[-122.762981147262,45.0150988410947],[-122.763980146567,45.0147388406811],[-122.764196146635,45.0146758413731],[-122.764367147326,45.0146128411658],[-122.764916146563,45.0144058406131],[-122.765150146562,45.0143248413744],[-122.765294146907,45.0142798410979],[-122.765690147183,45.0141358407526],[-122.766806147386,45.0137398413767],[-122.767571146691,45.0134698406167],[-122.768480147241,45.0131548413789],[-122.76857914731,45.0131188406181],[-122.76896614717,45.0130288409643],[-122.770577146818,45.0124348414508],[-122.770685147302,45.01239884069],[-122.771135147369,45.0122278408982],[-122.771189147161,45.0122098409675],[-122.771333146607,45.0121648406909],[-122.77154014716,45.0120838414522],[-122.771972147297,45.0119218411761],[-122.772251146673,45.0118138406923],[-122.772278147019,45.0117238410385],[-122.774177147357,45.011039840972],[-122.774195147288,45.011039840972],[-122.774807146732,45.0108058409729],[-122.77512214687,45.0106978413884],[-122.775572146937,45.0105898409045],[-122.775689146937,45.0105358411123],[-122.777498146722,45.0099238407687],[-122.778731146925,45.0094018409783],[-122.7791271472,45.0091228407026],[-122.779496147129,45.0088708407728],[-122.780027147335,45.0078808409841],[-122.780207146642,45.0075298409854],[-122.780864147263,45.0069808408492],[-122.781665147329,45.0065758410583],[-122.782889147116,45.0061798407831],[-122.783969146559,45.005864840646],[-122.783861146974,45.0057208412],[-122.783375147045,45.0051448407179],[-122.783978146974,45.0049558409954],[-122.784572147387,45.0046948406505],[-122.785157147384,45.0044608406514],[-122.785715147036,45.0050638414792],[-122.786525146618,45.0059008414068],[-122.787065147239,45.0061798407831],[-122.787137146962,45.0062158406446],[-122.788055147027,45.006521841266],[-122.788163146612,45.0065308407818],[-122.788856147093,45.0066118409198],[-122.789720147367,45.0065758410583],[-122.790323147295,45.0065578411276],[-122.792564147218,45.0062428409904],[-122.794157146935,45.0061078410601],[-122.794967147416,45.0060268409221],[-122.795390147138,45.0059998414756],[-122.796029146928,45.0059278408532],[-122.796911147132,45.0058378411995],[-122.797973146643,45.0055408409931],[-122.800304147119,45.0045238408587],[-122.800871147186,45.0042808413438],[-122.801339147184,45.004091840722],[-122.802212146973,45.0037048408618],[-122.802419146626,45.0036148412081],[-122.802986146693,45.0033898407246],[-122.804777147447,45.0026608412809],[-122.806586147233,45.001832840869],[-122.808341147226,45.0011308408717],[-122.810078147289,45.0004918410817],[-122.810987146939,45.0001498414981],[-122.810960146593,44.999834841361],[-122.811356146869,44.9994298406707],[-122.814533146787,44.9981338411599],[-122.816279147265,44.9971258414405],[-122.8171791474,44.9964328409589],[-122.817305146915,44.9961538406833],[-122.817665147329,44.9960098412372],[-122.818772147117,44.99530784124],[-122.818916146563,44.9952088411712],[-122.819915146767,44.994821841311],[-122.820050146697,44.9947048413115],[-122.822525146618,44.9944258410358],[-122.824595146749,44.9942998406213],[-122.825495146883,44.994245840829],[-122.831300146584,44.9942008414518],[-122.844476147156,44.9940388411757],[-122.845061147154,44.9939398411069],[-122.846015147081,44.9937868412458],[-122.847860146728,44.9933278407633],[-122.848058146866,44.9931928408331],[-122.848472147072,44.99312084111],[-122.85062314734,44.9921848411136],[-122.852234146988,44.9916088406316],[-122.853269147053,44.991428841324],[-122.85948814696,44.9914018409783],[-122.860829146748,44.9914018409783],[-122.863385146807,44.9914018409782],[-122.871152147054,44.9914018409783],[-122.871800147259,44.9914108413933],[-122.876201146965,44.9914468412548],[-122.880206147296,44.9913298412553],[-122.88468814714,44.9914738407013],[-122.889026146639,44.9914648411856],[-122.90112214687,44.9914828411163],[-122.904551146718,44.991491840632],[-122.912795147378,44.9914108413933],[-122.917880147151,44.9912848409787],[-122.91811414715,44.9912398407022],[-122.919095147423,44.9910598413947],[-122.920022147004,44.9906908414653],[-122.923991146574,44.9888188414725],[-122.927321147253,44.987234841271],[-122.928329146973,44.9867758407885],[-122.929499146968,44.9862808413438],[-122.930264147173,44.9859568407916],[-122.931596148344,44.9852368408636],[-122.936924147631,44.9827168406658],[-122.944313148433,44.9789638411644],[-122.956697147555,44.9726368407737],[-122.958497147825,44.9714398413317],[-122.959100147754,44.9710348406415],[-122.960729148232,44.9702698413362],[-122.960918147954,44.9701798407831],[-122.96119714823,44.9700358413371],[-122.961872147881,44.9697928409229],[-122.962835148223,44.9697118407849],[-122.963690148082,44.9697298407157],[-122.96479714787,44.9697388411307],[-122.966300147933,44.9698378411995],[-122.967425147652,44.9699368412683],[-122.969117148338,44.9700268409221],[-122.970512147917,44.9701348414059],[-122.97095314757,44.9701708412674],[-122.972213148118,44.9702338414747],[-122.973104147838,44.9701708412674],[-122.976596147894,44.9699098409225],[-122.978909148438,44.9697388411307],[-122.979314148229,44.9697298407157],[-122.980214148364,44.9696938408542],[-122.981411147806,44.9696398410619],[-122.983607148351,44.9695408409931],[-122.985137147861,44.9692438407867],[-122.98626214758,44.9690638414792],[-122.987855148196,44.9687938407192],[-122.987900147574,44.9687848412036],[-122.988710148055,44.9686408408582],[-122.990312148187,44.9683708409976],[-122.990897148185,44.9682718409288],[-122.991608147698,44.9681548409293],[-122.993102148246,44.9679028409994],[-122.994308148102,44.9676868409311],[-122.995298147891,44.967524840655],[-122.996405147679,44.9673358409324],[-122.99770114809,44.9668768413493],[-122.99861014774,44.9665348408663],[-122.999393147875,44.9662648410057],[-123.000608148147,44.965832840869],[-123.001481147937,44.9654998408011],[-123.002399148002,44.9651398412867],[-123.003380148275,44.9647618409423],[-123.004433148271,44.9643568411514],[-123.006512147917,44.9635378411545],[-123.01171414769,44.9615758406087],[-123.013406148375,44.9609368408187],[-123.015107147677,44.9600368406838],[-123.014684147955,44.9604688408205],[-123.0130101481,44.9621338411599],[-123.011750147551,44.9634298406707],[-123.00981514825,44.9653918412166],[-123.008609148393,44.9666338409351],[-123.007520147637,44.9678578407228],[-123.004766148339,44.9708998407112],[-123.004550148271,44.9711338407102],[-123.003920147996,44.9718268411918],[-123.002471147725,44.9734378408398],[-123.001112148007,44.9749408409032],[-122.99708014823,44.9794138412319],[-122.995712148097,44.980934841226],[-122.995109148169,44.9816548411541],[-122.995028148031,44.9817358412921],[-122.99450614824,44.9823388412206],[-122.993813147759,44.983040841218],[-122.993606148105,44.9832388413555],[-122.992805148039,44.9841388414905],[-122.990708147563,44.9864338412049],[-122.990582148048,44.9866048409967],[-122.990213148118,44.9870728409949],[-122.990006147566,44.9873338413398],[-122.989583147844,44.9878198412687],[-122.988890148262,44.9886028414041],[-122.987711147851,44.9899348407764],[-122.987369148268,44.9903218406365],[-122.986739147993,44.9910508409796],[-122.986406147925,44.9914378408398],[-122.984912148277,44.993039840972],[-122.982689148286,44.994965840757],[-122.980412147603,44.9969368408186],[-122.979773147812,44.9978278414378],[-122.977469147683,45.0017878414918],[-122.976812147962,45.0029398406572],[-122.976596147894,45.0035698409315],[-122.976308148103,45.0044338412049],[-122.97611914838,45.0049018412031],[-122.975705148174,45.0060358413371],[-122.975957148104,45.0084568414662],[-122.976011147896,45.00893384098],[-122.97600214838,45.0089788412566],[-122.976326148033,45.0108598407651],[-122.976686148447,45.0136228413771],[-122.976632147755,45.0149098413722],[-122.976587148378,45.0155038408856],[-122.976416147687,45.0171598408101],[-122.97637114831,45.0176278408083],[-122.976308148103,45.0184648407359],[-122.976146147826,45.0200758412832],[-122.976128147896,45.0209848409338],[-122.976074148103,45.0214078406554],[-122.975885148381,45.0226228409275],[-122.975777147897,45.0229648414104],[-122.975408147968,45.0234688412701],[-122.974157147834,45.0253678407094],[-122.973059147562,45.0271138411869],[-122.97238414791,45.0281128413906],[-122.971898147981,45.0287788406271],[-122.971376148191,45.0293188412476],[-122.970998147846,45.0297238410385],[-122.969783147574,45.0310378413794],[-122.967407147722,45.0336838410925],[-122.966264148072,45.0350068409491],[-122.963618148359,45.0378688407305],[-122.963465147598,45.0380578413524],[-122.960765148093,45.0409558409954],[-122.955320147906,45.0468778406959],[-122.954951147977,45.0473098408326],[-122.954186147772,45.0480208412449],[-122.95388014805,45.0484708413123],[-122.952710148055,45.0497038406159],[-122.952377147987,45.0500728414446],[-122.951189148061,45.0511978411635],[-122.949704147928,45.052853841088],[-122.949695148412,45.0528718410187],[-122.948021147658,45.0546898412193],[-122.946788148354,45.0561118411446],[-122.946131147734,45.0569038407957],[-122.944655148017,45.0588568409265],[-122.943989147881,45.0596848413385],[-122.941028148031,45.0637078407004],[-122.940335148448,45.0646168412503],[-122.93741014756,45.068027841168],[-122.93137114786,45.0727618409423],[-122.931155147792,45.0729328407341],[-122.93032714738,45.0734728413546],[-122.927537147321,45.0751918414864],[-122.926826146909,45.0756328411388],[-122.92607014712,45.0761278414828],[-122.923190147407,45.0779728411298],[-122.921255147207,45.0792058413326],[-122.920499147418,45.0797368406388],[-122.919626146729,45.0803578413974],[-122.919554147006,45.0804118411896],[-122.917052146739,45.0826618406275],[-122.91617914695,45.0834088409014],[-122.914235147234,45.0853348406864],[-122.914181147442,45.0855148408933],[-122.913956146959,45.0856228413771],[-122.905460147268,45.0932188409328],[-122.905199146923,45.0933088414859],[-122.90458714658,45.0939838411375],[-122.904101146651,45.0944068408591],[-122.903129146793,45.0952798406483],[-122.903075147,45.095459840855],[-122.902706147071,45.0955768408546],[-122.894588146825,45.1011388410408],[-122.893391147384,45.1019668414527],[-122.891510146976,45.1032538414477],[-122.887694147267,45.1058278414378],[-122.886326147134,45.1067548410192],[-122.881961147289,45.1096978409387],[-122.881556146599,45.1099768412144],[-122.879810147021,45.1109308411415],[-122.877866147305,45.1117948414149],[-122.876201146965,45.112514841343],[-122.872250147326,45.114368841405],[-122.872016147327,45.1144858414046],[-122.871332147261,45.1147108409886],[-122.864915147216,45.1174468412548],[-122.864528147356,45.1175368409086],[-122.864339146734,45.1177708409077],[-122.860136147165,45.1201288408294],[-122.858372146757,45.1214068413088],[-122.85821014738,45.1215778411006],[-122.857274147384,45.1226398406123],[-122.856887146625,45.123071840749],[-122.855816146698,45.1242688410902],[-122.855195146839,45.1248358411572],[-122.853152147054,45.1271398412868],[-122.852567147056,45.1277968410075],[-122.852396147264,45.1279858407301],[-122.852297147196,45.1280938412139],[-122.85227014685,45.1282918413515],[-122.852009147404,45.1284088413511],[-122.848373147003,45.1325218412661],[-122.847653147075,45.1333408412629],[-122.847203147008,45.1338448411226],[-122.845952146874,45.135266841048],[-122.845619146806,45.1356358409774],[-122.845394147222,45.1358158411842],[-122.844971146601,45.1361668411829],[-122.844170147434,45.1371478414558],[-122.843198146677,45.1381558411752],[-122.842910146886,45.1385338406203],[-122.842802147301,45.1386508406199],[-122.842325146888,45.1391818408254],[-122.841371146961,45.1402168408906],[-122.841227146615,45.1403788411667],[-122.840669146964,45.1409908406109],[-122.840417147034,45.1412608413708],[-122.839913147174,45.1418998411609],[-122.839382146968,45.1424398408821],[-122.839130147039,45.1427548410192],[-122.837969146559,45.1440958408065],[-122.836736147255,45.1454188406631],[-122.835926146774,45.1462918413515],[-122.835800147259,45.1466068414887],[-122.835557146845,45.1467238414882],[-122.83516114657,45.1472008410021],[-122.834981147262,45.1474168410705],[-122.834837146917,45.1475968412773],[-122.833532146991,45.1489828413412],[-122.833181146992,45.1493518412706],[-122.833028147131,45.1495138406474],[-122.831480146791,45.1513768411244],[-122.827538146668,45.1557058411078],[-122.825072147162,45.1584778412355],[-122.824163146612,45.1595038408857],[-122.822885147032,45.160925840811],[-122.822426147449,45.1614748409473],[-122.822372146757,45.1615288407395],[-122.822273146688,45.1616638406698],[-122.821625147383,45.1624288408744],[-122.820905146555,45.1633108410786],[-122.819069147323,45.1654258414855],[-122.816000146989,45.16899884078],[-122.815838146713,45.1690528414715],[-122.815289146577,45.1697998417454],[-122.815217146854,45.1700698425053],[-122.815001146785,45.1701688416748],[-122.813417146584,45.1719598424289],[-122.811491146799,45.1741738420054],[-122.811158146731,45.174533842419],[-122.810987146939,45.1747048422108],[-122.810771146871,45.1749208422791],[-122.81048314708,45.1752358424163],[-122.810078147289,45.1757038424145],[-122.809997147151,45.1757938420683],[-122.809619146806,45.176225842205],[-122.808053147435,45.1780258424748],[-122.806793146886,45.1795378420539],[-122.805722146959,45.1807438419109],[-122.805065147239,45.1814818417697],[-122.80471414724,45.1818238422526],[-122.80341814683,45.1832728416245],[-122.802851146763,45.1838578416222],[-122.802419146626,45.1842898417589],[-122.80188814732,45.1848298423795],[-122.801681146767,45.1850458424478],[-122.801294146907,45.1853158423084],[-122.800781146633,45.1858828423754],[-122.800583147394,45.1860808416137],[-122.800466147395,45.1862068420283],[-122.799521146983,45.1871518424397],[-122.799170146985,45.1875028424384],[-122.798918147055,45.1877458419532],[-122.798504146849,45.1881688416748],[-122.79801814692,45.1886458420881],[-122.797676147336,45.1889968420867],[-122.797100146854,45.1894738425],[-122.795822147274,45.1905088416658],[-122.794814146655,45.1911838422167],[-122.793311146592,45.192596841727],[-122.792465147149,45.1932988417243],[-122.792267147011,45.1934248421389],[-122.790395147018,45.1946308419959],[-122.789936147435,45.1949278422023],[-122.789063146747,45.1955758424073],[-122.787965147374,45.1963408417126],[-122.784086146558,45.1993108419779],[-122.782232147396,45.2004808419734],[-122.781134147123,45.2013448422468],[-122.779811147267,45.2027038419649],[-122.779757146575,45.2028658422409],[-122.778578147064,45.2036848422378],[-122.77757914686,45.204800842441],[-122.776193146796,45.2061238422976],[-122.774312147288,45.2079508420139],[-122.773916147013,45.208184842013],[-122.773691147428,45.2085538419424],[-122.769911146682,45.2122528416514],[-122.768435146964,45.2137558417149],[-122.768390146688,45.2138008419914],[-122.765870147389,45.2161858422589],[-122.762567147056,45.2193088423853],[-122.761712147198,45.2201908416901],[-122.760380146926,45.2215678422382],[-122.760128146996,45.2218288416838],[-122.759570147344,45.2226478416807],[-122.758832146586,45.2235028424384],[-122.758769147278,45.2236108420229],[-122.758733147417,45.223997841883],[-122.758508146933,45.224483841812],[-122.758472147072,45.2246008418116],[-122.758364146588,45.2249518418102],[-122.758040146935,45.2259598424289],[-122.757572146937,45.2274268417315],[-122.7572571468,45.2289208422792],[-122.757086147008,45.2296948419995],[-122.756690146733,45.2307028417189],[-122.756177147357,45.231422841647],[-122.755817146944,45.2317738416456],[-122.754755147432,45.2325028419887],[-122.753783146675,45.2328358420566],[-122.753189147161,45.2329708419869],[-122.752217147304,45.2331868420553],[-122.751200147169,45.2334118416393],[-122.750111147312,45.2336728419842],[-122.747474147114,45.2342848423277],[-122.746403147187,45.2345638417041],[-122.745719147121,45.2347888421875],[-122.743487146714,45.236597841973],[-122.741219147346,45.2374168419698],[-122.740508146933,45.2375248424536],[-122.740202147211,45.2376238416231],[-122.73875314694,45.2381008420364],[-122.737988146736,45.2383348420355],[-122.737079147085,45.2387938416187],[-122.735270147299,45.2403508423736],[-122.733425146753,45.2426638420188],[-122.731472146622,45.2439778423597],[-122.729969146559,45.2449948424941],[-122.729159146977,45.2454268417315],[-122.722877146863,45.2494138421313],[-122.722265147419,45.2498368418529],[-122.720339146734,45.2511058419172],[-122.719250146877,45.2517898419838],[-122.716793146886,45.2530678424631],[-122.71610914682,45.2533018424622],[-122.715281147307,45.2535358424613],[-122.714318146965,45.2537878423911],[-122.708927146571,45.2550748423862],[-122.70751414706,45.2554888416929],[-122.706236146581,45.2558668420373],[-122.704103147143,45.2563348420355],[-122.702609146595,45.2567578417571],[-122.699684146606,45.2590258420252],[-122.698478146749,45.2599078422293],[-122.697110146616,45.2604298420197],[-122.69553514683,45.260978842156],[-122.694581146902,45.2613118422239],[-122.69207014712,45.2622298422895],[-122.690639146779,45.2626888418727],[-122.689487146714,45.2631748418016],[-122.687957147205,45.2636788416614],[-122.685788147005,45.2646148416578],[-122.684393147426,45.2652178424856],[-122.683763147151,45.2654878423462],[-122.682827147155,45.2658748422064],[-122.682494147087,45.2659828417908],[-122.682161147019,45.2660818418597],[-122.681756147228,45.2662888424123],[-122.680334147303,45.2668738424101],[-122.680028146682,45.2669638420638],[-122.679830147443,45.2671168419249],[-122.678957146755,45.2674768423386],[-122.678903146963,45.2674948422693],[-122.677004146624,45.2685118424038],[-122.67689614704,45.268565842196],[-122.676158147181,45.2690608416407],[-122.675177146908,45.2696368421227],[-122.673656146914,45.270905842187],[-122.672369146919,45.2725168418349],[-122.670821146579,45.2741008420364],[-122.670317146719,45.2746588416883],[-122.668184147281,45.2769898421637],[-122.668085147212,45.2770888422325],[-122.665835146874,45.2794018418777],[-122.664854146602,45.2806348420804],[-122.661299147238,45.2839648418601],[-122.660498147172,45.2845228424114],[-122.655827146705,45.2882128417055],[-122.655773146913,45.2883838423966],[-122.655251147123,45.2898328417684],[-122.655494146638,45.2918398416915],[-122.657024147047,45.296897842018],[-122.658203146558,45.2982388418053],[-122.658203146558,45.2996338422842],[-122.66249614668,45.3036388417153],[-122.660660147448,45.3095878417617],[-122.658113146904,45.3177868421452],[-122.658698146902,45.3208378416493],[-122.657610350337,45.3257416388218],[-122.654438987369,45.3300626213491],[-122.649602659135,45.3347403811199],[-122.646233085588,45.3368414096595],[-122.64211031364,45.3388631539676],[-122.636600070337,45.3413209597507],[-122.632589147071,45.34297784191],[-122.628395147018,45.344939842456],[-122.627297146746,45.3454348419006],[-122.626001147235,45.3460378418291],[-122.624804146894,45.3462358419668],[-122.623796147174,45.3465328421731],[-122.622833146832,45.3467668421722],[-122.621762146905,45.347009841687],[-122.620691146979,45.3472618416169],[-122.619899147328,45.347432842308],[-122.614481146588,45.3513028418089],[-122.612996147354,45.3524368419429],[-122.610602146672,45.3545338424191],[-122.609702147436,45.3552358424164],[-122.609297146746,45.3556408422073],[-122.609396146815,45.3559378424137],[-122.610008147158,45.3564958420657],[-122.610602146672,45.3570358417869],[-122.610197146881,45.3577378417842],[-122.609063146747,45.3583048418512],[-122.608073146958,45.3588088417108],[-122.606939146824,45.3593758417779],[-122.605859147382,45.3599068419834],[-122.605409147314,45.3601408419825],[-122.603798146767,45.3609328416335],[-122.603069147323,45.3616798419073],[-122.602223146981,45.362516841835],[-122.601503147053,45.363236841763],[-122.601215147261,45.3638398416915],[-122.600873146778,45.3646048418962],[-122.600774146709,45.3650278416178],[-122.600738216096,45.3654320625958],[-122.600702146986,45.3659368421677],[-122.600702146986,45.3665398420962],[-122.600900147124,45.3685828418808],[-122.600999147193,45.369536841808],[-122.601008146709,45.3705808422882],[-122.601098147262,45.3713368420778],[-122.601350147192,45.3721648424897],[-122.60119714733,45.3728398421412],[-122.601206146846,45.3731368423476],[-122.601278146569,45.3749278422023],[-122.601296147399,45.3754408424771],[-122.601404146984,45.375836841853],[-122.601494146638,45.3761428424744],[-122.60170114719,45.3769348421255],[-122.602097146566,45.3776368421227],[-122.602376146842,45.3779518422599],[-122.603438147253,45.3791758420477],[-122.605796147174,45.3822358419668],[-122.607884147236,45.3849628418179],[-122.609333146607,45.3868528417415],[-122.611025147293,45.3890668422172],[-122.612600147079,45.3911638417941],[-122.615561146929,45.3949438416412],[-122.616704146579,45.3964378421889],[-122.616920146647,45.3966988416344],[-122.617118146785,45.3969508424636],[-122.618531147195,45.398669841696],[-122.620772147117,45.4016128416156],[-122.623067146831,45.4046188417424],[-122.626316147372,45.4088938419335],[-122.628278147019,45.4114678419236],[-122.62934014743,45.4128358420567],[-122.630096147219,45.4138348422604],[-122.63048314708,45.4143568420508],[-122.631428146592,45.4156348416308],[-122.632526146864,45.4168228424564],[-122.632697146656,45.4181908416902],[-122.632976146932,45.4197748418917],[-122.633426146999,45.4224118420891],[-122.633624147137,45.4235368418081],[-122.634362146995,45.4277308418611],[-122.634569146649,45.4289638420639],[-122.634776147201,45.4300618423364],[-122.634866146855,45.4306108424726],[-122.635163147062,45.4323298417051],[-122.635226147269,45.4327258419803],[-122.635298146992,45.4331398421862],[-122.636396147264,45.4342378424587],[-122.636702146986,45.4345348417658],[-122.639717146629,45.4372258417554],[-122.640401146696,45.437837842099],[-122.640788146556,45.4385758419578],[-122.641193147246,45.4392958418858],[-122.641634146898,45.4409248423638],[-122.641859147382,45.4417348419457],[-122.642003146828,45.4422208418746],[-122.642219146896,45.4430398418714],[-122.642390146688,45.4436248418692],[-122.64257914731,45.4443268418665],[-122.642804146894,45.4451368423476],[-122.64257914731,45.4460368424825],[-122.642804146894,45.446135841652],[-122.642201146965,45.4483408417127],[-122.642111147312,45.4488358420567],[-122.641202146762,45.4525348417658],[-122.64089614704,45.4535338419695],[-122.639897146836,45.4567378422339],[-122.639663146837,45.4580338417446],[-122.639582146699,45.4584388424349],[-122.63948314663,45.4589788421561],[-122.639294146907,45.4599868418755],[-122.639204147254,45.460436841943],[-122.639006147116,45.4611388419402],[-122.638718147325,45.4625338424191],[-122.63845714698,45.4638388423449],[-122.638322147049,45.4646128420653],[-122.638520147187,45.4655398416466],[-122.640311147042,45.473909841822],[-122.640464146903,45.4746568420958],[-122.640887146624,45.4766548425033],[-122.641112147108,45.4776358418769],[-122.642453146895,45.481415841724],[-122.642696147309,45.482135841652],[-122.643398147307,45.4829368417181],[-122.644100147304,45.4837378417842],[-122.645225147023,45.4843768424736],[-122.647286146738,45.485528841639],[-122.647871146736,45.4858348422604],[-122.648285146942,45.4860598418445],[-122.6491401468,45.4865098419119],[-122.650112146658,45.4870228421867],[-122.650697146656,45.4873378423238],[-122.651912146928,45.488435841697],[-122.652389147341,45.4888678418336],[-122.653910147335,45.490136841898],[-122.654783147125,45.4906408417577],[-122.65581814719,45.4915138424461],[-122.656007146912,45.491837842099],[-122.656610146841,45.4928368423027],[-122.657213146769,45.4938358425064],[-122.657267146562,45.4939258421601],[-122.658608147248,45.4961398417366],[-122.659256146554,45.4980388420752],[-122.659724146552,45.4994338416547],[-122.660012147243,45.5002348417208],[-122.660165147104,45.5008288421336],[-122.660304496156,45.5015814523784],[-122.660990650098,45.5015083887574],[-122.661945039432,45.5014943773199],[-122.664372083905,45.5013534427635],[-122.666996195918,45.5012047560509],[-122.670718979997,45.5007731138444],[-122.672266395778,45.5006441627542],[-122.673459195386,45.500547448762],[-122.673692279875,45.5019967431115],[-122.67393116679,45.5035242676871],[-122.674097146566,45.5051758420477],[-122.67821014738,45.5053378423238],[-122.679890643039,45.505479837181],[-122.681051204649,45.5058022153562],[-122.682034458623,45.5062051880752],[-122.682863147017,45.5068858417645],[-122.683007147362,45.506939842456],[-122.68361014729,45.5073358418319],[-122.683907146597,45.5075338419695],[-122.684069146874,45.5076508419691],[-122.684789146802,45.5081008420365],[-122.68500514687,45.5082358419668],[-122.685419147076,45.508550842104],[-122.686211146727,45.5091358421017],[-122.686708943963,45.5093483761829],[-122.687305343767,45.5098158248966],[-122.688030694661,45.5105895332366],[-122.688514261924,45.5110892190485],[-122.688884997545,45.5118145708421],[-122.688933354091,45.5124432086434],[-122.688911147132,45.5127268422263],[-122.688911147132,45.5129338418796],[-122.688911147132,45.5133388416705],[-122.689046186632,45.5137971973391],[-122.689175137722,45.5140873375169],[-122.689406146576,45.514436841943],[-122.689712147198,45.5146348420806],[-122.689991146574,45.5147338421493],[-122.690495147333,45.5148418417339],[-122.691719147121,45.515012842425],[-122.693222147184,45.5153998422852],[-122.695481147037,45.5158948417298],[-122.695895147243,45.5159848422829],[-122.69619214655,45.5160118417294],[-122.696957146755,45.5160388420752],[-122.698028146682,45.5158858422141],[-122.699009146955,45.5157328423531],[-122.699864146813,45.5155888420078],[-122.702105146735,45.5128348418108],[-122.70300514687,45.5123398423661],[-122.7070101472,45.5106388421651],[-122.708207146642,45.508136841898],[-122.70890914664,45.5073358418319],[-122.713013147039,45.506435841697],[-122.714615147171,45.5063908423198],[-122.716208146888,45.5063368416282],[-122.718656147363,45.5069848418332],[-122.719286146738,45.5071558416251],[-122.720537146872,45.5074798421773],[-122.722310146796,45.5079388417604],[-122.722652147279,45.5080828421058],[-122.723984146651,45.508775841688],[-122.724551146718,45.5090188421022],[-122.725208147338,45.5091358421017],[-122.725487146714,45.509198842309],[-122.726774146709,45.5092528421013],[-122.728565146564,45.509189841894],[-122.728907147047,45.5091358421017],[-122.730167146696,45.5089558418948],[-122.731040147385,45.508784842103],[-122.73167014676,45.5086048418962],[-122.732912147378,45.5084338421044],[-122.736206147296,45.5085328421732],[-122.737655146668,45.5084968423117],[-122.741408147068,45.5082358419668],[-122.742182146789,45.5081548418288],[-122.743667146921,45.5078218417609],[-122.743757146575,45.5078038418301],[-122.744108146574,45.5077408416228],[-122.744927146571,45.5074708417622],[-122.745809146775,45.5072368417631],[-122.747465146699,45.5068228424565],[-122.749409147314,45.506435841697],[-122.750921146893,45.5062828418359],[-122.752208146888,45.5061388423899],[-122.753000147439,45.5060488418369],[-122.754908147293,45.5058328417685],[-122.757410146661,45.5057068422533],[-122.758706147071,45.5056348416309],[-122.759759147067,45.505652842461],[-122.760578147064,45.5056708423917],[-122.76099214727,45.5056708423917],[-122.763251147123,45.5056978418382],[-122.763737147052,45.5057068422533],[-122.764601147325,45.505715841769],[-122.765294146907,45.505724842184],[-122.765906147251,45.5057338416997],[-122.76741814683,45.5058778420451],[-122.768012147243,45.5059408422523],[-122.77010914682,45.5062738423203],[-122.773457147429,45.5067958421107],[-122.773709147359,45.5068408423872],[-122.775185147077,45.5072188418324],[-122.777210146931,45.5077408416228],[-122.777588147275,45.5078758424524],[-122.7790101472,45.5083348420356],[-122.780009147404,45.5086408417577],[-122.781107146777,45.5090368420329],[-122.781674146844,45.5092168422397],[-122.782907147047,45.5096398419614],[-122.784239147319,45.5101618417518],[-122.785211147177,45.5105398420963],[-122.786570146895,45.5110078420945],[-122.789531146745,45.5120338417447],[-122.791421146669,45.5126908423648],[-122.793950147281,45.5136988420842],[-122.794427146795,45.5138878418067],[-122.79480514714,45.514022841737],[-122.795813146859,45.514436841943],[-122.796812147063,45.5148328422182],[-122.798981147262,45.5157058420073],[-122.800808146978,45.5164348423504],[-122.803157147384,45.5173078421395],[-122.807810147021,45.519035841787],[-122.812877146863,45.5209258417105],[-122.813174147069,45.5210338421943],[-122.814551146718,45.5215468424691],[-122.81537914713,45.5218708421219],[-122.816108146574,45.5221408419826],[-122.817737147052,45.5228158416341],[-122.827799147013,45.5270188421021],[-122.82861814701,45.5273338422393],[-122.830400147349,45.5280268418216],[-122.833397147061,45.5291878423013],[-122.83465714671,45.5296738422303],[-122.836763146702,45.5304838418121],[-122.838158147181,45.5310058425019],[-122.839121146624,45.5313928423621],[-122.83955314676,45.5315548417388],[-122.840336146896,45.5318158420837],[-122.840615147171,45.5319148421526],[-122.840876146617,45.5320048418063],[-122.841164147308,45.5321308422209],[-122.842730146679,45.5327158422186],[-122.842811146817,45.5327428416651],[-122.84495314667,45.5335438417312],[-122.845232146946,45.5336608417307],[-122.846222146735,45.5340298416602],[-122.847437147007,45.5344978416583],[-122.848085147212,45.5347228421418],[-122.851370146715,45.535982841791],[-122.852504146849,45.5363968419969],[-122.853035147054,45.5366128420653],[-122.853908146843,45.5369278422024],[-122.855258147046,45.5374408424772],[-122.855510146976,45.5375398416466],[-122.856212146973,45.5378368418531],[-122.858903146963,45.5388718419183],[-122.859632147306,45.5391598417096],[-122.86140514723,45.5398348422604],[-122.864915147216,45.5411758420478],[-122.866409146865,45.5417338416997],[-122.867633146652,45.5423278421125],[-122.868326147134,45.5425888424574],[-122.869694147267,45.5430388416255],[-122.870774146709,45.5434528418314],[-122.872367147326,45.54405584176],[-122.872826146909,45.5442268424511],[-122.882663147286,45.5479618420217],[-122.883905147005,45.5484388424349],[-122.88416614735,45.5485288420887],[-122.885939147274,45.5491948422245],[-122.887073147408,45.5496088424304],[-122.888513147264,45.5501398417366],[-122.888603146918,45.5501848420132],[-122.894219146896,45.5522638416593],[-122.894822146825,45.5524798417276],[-122.894975146686,45.5525338424192],[-122.899007147362,45.5540368424826],[-122.900312147288,45.5545408423423],[-122.901320147007,45.554891842341],[-122.904011146997,45.5558368418531],[-122.905199146923,45.5563588416435],[-122.905406146576,45.5564398417816],[-122.912777147447,45.5592478417708],[-122.925809146775,45.5642338423742],[-122.941604147613,45.5700118417294],[-122.955617148113,45.5752228419169],[-122.970134147573,45.5806768416193],[-122.984336147795,45.5860588424979],[-122.989250147776,45.5878408419376],[-122.990528148255,45.5883268418666],[-122.991860147628,45.5888218422106],[-122.993705148174,45.5894968418621],[-122.994299147687,45.5897308418612],[-122.996801147955,45.5906848417884],[-122.99897914767,45.5915578424767],[-123.001724148351,45.5926108424727],[-123.008690147632,45.5952208423244],[-123.013604147613,45.5970748423864],[-123.022424147856,45.6004228420968],[-123.032486147817,45.6041398417367],[-123.04039714841,45.6070198423482],[-123.044105147634,45.608477842135],[-123.046112147558,45.6093058416476],[-123.054383147664,45.6122938418437],[-123.059711147851,45.6142198416288],[-123.061115147846,45.614696842042],[-123.064310147695,45.6159298422448],[-123.070151148157,45.6181168423747],[-123.078881147847,45.6218788422911],[-123.083912147827,45.6245158424885],[-123.089402148291,45.6272248424089],[-123.091022148353,45.6281338420595],[-123.094712147647,45.6300238419831],[-123.102182147688,45.632705842457],[-123.104801147955,45.6336418424534],[-123.111461148413,45.6360358422367],[-123.114467147641,45.6371608419557],[-123.1208931481,45.6394558416701],[-123.121370147614,45.6396268423613],[-123.126221148287,45.6413638424238],[-123.131522148129,45.643262841863],[-123.134195148188,45.6442708424818],[-123.135329148321,45.6447028417191],[-123.133826148258,45.6428578420722],[-123.133574148328,45.6426328424881],[-123.130730147578,45.6395278422925],[-123.128984148,45.637385842439],[-123.123809147674,45.6317338416998],[-123.121334147753,45.6290968424017],[-123.117167148045,45.6248398421413],[-123.116735147909,45.6243628417281],[-123.114035148403,45.6218968422219],[-123.114098147711,45.621221841671],[-123.114233147642,45.6197728422992],[-123.114224148126,45.6190978417484],[-123.114224148126,45.6178558420298],[-123.11419714778,45.6160108423828],[-123.114305148264,45.6148048416265],[-123.114305148264,45.6126988416346],[-123.114305148264,45.6125728421193],[-123.11431414778,45.6123208421895],[-123.11433214771,45.6115468424692],[-123.11433214771,45.6114928417776],[-123.11431414778,45.6107548419188],[-123.114323148195,45.6106468423343],[-123.114359148056,45.6092338419246],[-123.11433214771,45.6077218423455],[-123.11433214771,45.6071998416557],[-123.114404148333,45.605012842425],[-123.114422148264,45.6041398417367],[-123.114413147848,45.6032758423626],[-123.11431414778,45.5927458424031],[-123.114287148333,45.5855278422924],[-123.114422148264,45.5829178424408],[-123.114161147919,45.5825128417506],[-123.11355814799,45.5814958416161],[-123.112073147857,45.5793178419012],[-123.109517147798,45.5753218419857],[-123.109391148283,45.5735668419925],[-123.109463148006,45.5708398421413],[-123.109382147868,45.5698138424912],[-123.106079148434,45.566105842367],[-123.105989147881,45.5638018422375],[-123.105953148019,45.5629378419641],[-123.105791147743,45.5621998421053],[-123.105764148297,45.5613988420392],[-123.105602148021,45.5601208424592],[-123.105557147744,45.5586988416346],[-123.105638147882,45.5576818423994],[-123.105674147744,45.55731284247],[-123.105791147743,45.5547298420649],[-123.105890147812,45.5525878422114],[-123.105998148296,45.5507608424952],[-123.106151148157,45.5477368424376],[-123.10610614788,45.5451628424476],[-123.10610614788,45.5447308423108],[-123.106394147672,45.5437138421764],[-123.106790147947,45.5423008417667],[-123.10713214843,45.5409598419794],[-123.10751914829,45.5396638424686],[-123.107681147667,45.5390968424016],[-123.107681147667,45.5372248424088],[-123.107681147667,45.5358568422757],[-123.107681147667,45.5348758420028],[-123.107681147667,45.5348038422798],[-123.107681147667,45.5347588420032],[-123.107681147667,45.5340388420752],[-123.107681147667,45.5339758418679],[-123.107681147667,45.5336338422843],[-123.107681147667,45.533579842492],[-123.107681147667,45.5333548420086],[-123.107681147667,45.5321398417366],[-123.107681147667,45.5319868418755],[-123.107681147667,45.5319058417375],[-123.107681147667,45.5316628422227],[-123.107672148151,45.5313388416705],[-123.107591148013,45.5309608422254],[-123.107474148013,45.5305198416736],[-123.107366148429,45.5298538424372],[-123.107330147668,45.5295838416772],[-123.107312147737,45.5294848416084],[-123.107429147737,45.5290168416102],[-123.107834148427,45.5273608416858],[-123.10827514808,45.5254528418315],[-123.108428147941,45.5247148419727],[-123.108626148078,45.5238958419758],[-123.10879714787,45.523076841979],[-123.112058904395,45.5231247308779],[-123.112076390813,45.5209056438367],[-123.112082148272,45.5196388417155],[-123.113954148265,45.5196658420612],[-123.115601147775,45.5196658420612],[-123.115592148259,45.5183608421354],[-123.115655147567,45.5171188424169],[-123.115619147705,45.5164888421426],[-123.115619147705,45.5157958416611],[-123.115655147567,45.5145718418733],[-123.115655147567,45.5142208418746],[-123.115583147844,45.5129428422946],[-123.115556148397,45.512402841674],[-123.115592148259,45.5113048423009],[-123.115619147705,45.5106208422344],[-123.115934147843,45.504518842327],[-123.116024148396,45.5041138416368],[-123.115781147982,45.5025208419196],[-123.116150147911,45.5022328421282],[-123.116825147562,45.5018008419915],[-123.117437147906,45.5013058416476],[-123.118022147904,45.5005948421345],[-123.11845414804,45.4998208424142],[-123.119939148173,45.4975438417312],[-123.122738147747,45.4922968416822],[-123.123674147744,45.4904608424502],[-123.125141147946,45.4877608420455],[-123.125699147598,45.4869148417029],[-123.126221148287,45.4861408419826],[-123.126563147871,45.4857898419839],[-123.12679714787,45.4854208420544],[-123.127130147938,45.4851148423323],[-123.127166147799,45.4847818422644],[-123.12950614779,45.4805698422807],[-123.130577147717,45.4786978422878],[-123.135509147629,45.4699858416295],[-123.136058147765,45.4690228421867],[-123.138587148378,45.4642978419281],[-123.13991914775,45.4628128417955],[-123.141512148367,45.4612108416633],[-123.141827147605,45.4607338421493],[-123.142592147809,45.4596088424304],[-123.143033148361,45.4584748422964],[-123.143069148223,45.4582858416745],[-123.143663147736,45.4544698419659],[-123.143672148151,45.4540378418292],[-123.143699147598,45.4531198417635],[-123.143474148013,45.4514098420468],[-123.142763147601,45.4485928416426],[-123.14210614788,45.4463248422739],[-123.140522147679,45.439682841746],[-123.14042314761,45.4392868423701],[-123.140135147819,45.4381348423054],[-123.140126148303,45.4381348423054],[-123.139910148235,45.4371898418939],[-123.139910148235,45.4371808423782],[-123.139811148166,45.436217842036],[-123.139604147613,45.4352008419016],[-123.139325148237,45.4338508416992],[-123.139235147684,45.4333468418395],[-123.139127148099,45.4327888421875],[-123.139091148238,45.432599842465],[-123.138803148447,45.4314208420544],[-123.13850614824,45.4301788423359],[-123.13837114831,45.4295848419231],[-123.138290148172,45.429269841786],[-123.137507148036,45.4258588418683],[-123.136877147762,45.4230238424326],[-123.136508147833,45.4212688424393],[-123.135572147836,45.4185508421039],[-123.135356147768,45.418226842451],[-123.135032148115,45.4177048417613],[-123.134213148118,45.4167598422491],[-123.131783147574,45.4153468418395],[-123.130739147993,45.4149238421179],[-123.129335147999,45.4142218421205],[-123.127715147936,45.4130068418485],[-123.127139148353,45.4124398417815],[-123.126221148287,45.4112338419245],[-123.124457147879,45.4084348423503],[-123.124412147602,45.4081378421439],[-123.123575147675,45.4063648422199],[-123.123476147606,45.4037278420225],[-123.124079148434,45.402476841889],[-123.124664148432,45.4016308424456],[-123.126221148287,45.3998308421759],[-123.12666214794,45.3994258423849],[-123.12770614842,45.3986968420419],[-123.129038147792,45.3980848416983],[-123.130955148062,45.3970228421866],[-123.13515814763,45.3943678420584],[-123.135302147976,45.3942688419897],[-123.135725147697,45.393917841991],[-123.136157147834,45.3932158419937],[-123.13682314797,45.3911638417941],[-123.136967148315,45.3907768419339],[-123.137273148037,45.3898408419375],[-123.137579147759,45.3889138423562],[-123.13800214838,45.3879778423598],[-123.138425148102,45.3873658420162],[-123.138884147685,45.3864658418813],[-123.139892148304,45.384485842304],[-123.14197114795,45.3827038419649],[-123.143051148292,45.3821818421745],[-123.143510147875,45.3818938423832],[-123.144509148079,45.3810028417639],[-123.149198147576,45.3779878421214],[-123.150269148402,45.3772858421242],[-123.152195148188,45.3764668421273],[-123.154301148179,45.375278842201],[-123.15482314797,45.3750808420634],[-123.157775148304,45.3733978417932],[-123.15985414795,45.37202984166],[-123.160853148154,45.3708688420796],[-123.16831414778,45.3623098421817],[-123.168350147641,45.3622738423202],[-123.16858414764,45.3619948420445],[-123.169619147705,45.357278842201],[-123.170006147566,45.356711842134],[-123.170204147703,45.3562078422743],[-123.17127514763,45.3543988424887],[-123.174065147688,45.3515008419465],[-123.175028148031,45.3504208425041],[-123.175253147615,45.3500968419519],[-123.175712148097,45.3494218423004],[-123.177107147677,45.3470368420328],[-123.178016148227,45.3464878418966],[-123.17872714774,45.346370841897],[-123.179087148153,45.3462808422433],[-123.180428147941,45.3462628423125],[-123.181238148422,45.3462538418975],[-123.18337114786,45.3462178420359],[-123.187025148192,45.3459658421061],[-123.187295148053,45.3459388417603],[-123.187619147705,45.34580384183],[-123.187709148259,45.345722841692],[-123.187871147635,45.3451378416942],[-123.187934147843,45.3444628420427],[-123.187934147843,45.3437878423912],[-123.187934147843,45.3430408421173],[-123.187934147843,45.3424198422581],[-123.187907148396,45.3416008422612],[-123.187871147635,45.3408178421259],[-123.187871147635,45.3400708418521],[-123.187754147636,45.3392698417859],[-123.187133147777,45.3381808419285],[-123.186413147848,45.3365878422114],[-123.185585148336,45.3346348420805],[-123.185360147853,45.3341218418058],[-123.184631148409,45.332330841951],[-123.183839147858,45.3308368423026],[-123.182822147724,45.329423841893],[-123.177305147814,45.3213328419932],[-123.176918147954,45.3205138419964],[-123.176369147818,45.3196948419995],[-123.176234147888,45.3192088420706],[-123.176324148441,45.3188218422104],[-123.177620147951,45.3135388422999],[-123.177728148435,45.3130618418867],[-123.178871148085,45.3083098421816],[-123.178970148154,45.3072298418399],[-123.179024147946,45.3066358423264],[-123.179807148081,45.3050788424707],[-123.17990614815,45.3014158417239],[-123.17990614815,45.3012898422086],[-123.179969148357,45.29939084187],[-123.179807148081,45.29811284229],[-123.179708148013,45.2971498419478],[-123.179681147667,45.2962858416744],[-123.179663147736,45.2956288419537],[-123.17965414822,45.2954038423696],[-123.17965414822,45.295277841955],[-123.179609147944,45.2942158424433],[-123.17861014774,45.294152842236],[-123.177773147813,45.2940898420287],[-123.177413148298,45.2940898420287],[-123.177215148161,45.2940088418907],[-123.177179148299,45.2938108417531],[-123.177152147953,45.2933248418242],[-123.177215148161,45.2925958423804],[-123.177215148161,45.2919388417603],[-123.177215148161,45.2912098423165],[-123.177188147815,45.2905618421115],[-123.177152147953,45.2897878423911],[-123.177152147953,45.2891758420476],[-123.176405147679,45.2887348423952],[-123.176207148441,45.2885098419118],[-123.175964148027,45.288266842397],[-123.175730148028,45.2878168423296],[-123.175433147821,45.2873038420548],[-123.175271148445,45.2869168421947],[-123.175181147892,45.2867188420571],[-123.174821148377,45.2863678420584],[-123.17371414769,45.2844058424119],[-123.17373214762,45.2822368422126],[-123.173786148312,45.277763841884],[-123.173804148243,45.2759008423062],[-123.173822148174,45.2732818420396],[-123.172985148246,45.2716078421843],[-123.17193214825,45.2699878421213],[-123.171311148391,45.2687818422643],[-123.171266148114,45.2686828421956],[-123.168872148331,45.2649118418642],[-123.163598147936,45.2566048418961],[-123.163400147799,45.2559568416911],[-123.163310148145,45.2513758417778],[-123.163238148422,45.2498368418529],[-123.163076148146,45.2434468421542],[-123.163058148215,45.2425738423651],[-123.162374148148,45.2412688424392],[-123.160970148154,45.239495841616],[-123.160331148364,45.2387128423799],[-123.160304148018,45.2385868419653],[-123.159701148089,45.2377138421762],[-123.159206147745,45.2370748423862],[-123.158909148438,45.2363278421124],[-123.158684147955,45.2344828424654],[-123.158495148232,45.2330068418484],[-123.156609944393,45.2338269282263],[-123.154454148041,45.2351848424627],[-123.153509147629,45.2360128419752],[-123.151232147845,45.2377138421762],[-123.149234148337,45.2385328421731],[-123.147722147859,45.2391088417558],[-123.14673214807,45.2394778416852],[-123.145382147868,45.2397478424451],[-123.145031147869,45.239729841615],[-123.144311147941,45.2398198421681],[-123.14222314788,45.2398468416146],[-123.141206147746,45.2398738419604],[-123.140072147611,45.240071842098],[-123.138380147825,45.2405848423727],[-123.134780148185,45.2416738422302],[-123.134357147564,45.2418088421605],[-123.134222147634,45.241853842437],[-123.133961148188,45.2420608420903],[-123.131072148061,45.2434018418777],[-123.129461148413,45.2442478422203],[-123.129362148344,45.2444098424964],[-123.128264148072,45.2448148422873],[-123.126212147872,45.2453008422162],[-123.125861147874,45.24539084187],[-123.12540214829,45.2455078418696],[-123.124817148293,45.2455078418696],[-123.122657147609,45.2456158423534],[-123.121208148237,45.2453818423543],[-123.121028148031,45.2453548420085],[-123.11843614811,45.24475184208],[-123.117788147905,45.2445898418039],[-123.116861148323,45.2444638422886],[-123.116663148186,45.2443738417355],[-123.115502147706,45.2440948423592],[-123.114467147641,45.2439058417373],[-123.113225147922,45.2436358418768],[-123.112190147857,45.2433928423619],[-123.111029148277,45.24320384174],[-123.110507147587,45.2430868417405],[-123.109904147658,45.2429518418102],[-123.108671148355,45.2427718425027],[-123.104225148372,45.2420878424361],[-123.103361148098,45.2419978418831],[-123.102074148103,45.2417278420224],[-123.096035148403,45.2405128417504],[-123.091652147728,45.2397208420993],[-123.091355148421,45.2396758418228],[-123.091292148214,45.2396218420306],[-123.082418148179,45.2377768423835],[-123.073067147731,45.2358238422527],[-123.071456148083,45.2357068422531],[-123.069503147952,45.2357608420454],[-123.068207148441,45.2359408422522],[-123.067739148443,45.2360668417675],[-123.066110147965,45.2364718424577],[-123.064778147693,45.2369758423174],[-123.063077148392,45.2378398416915],[-123.060575148125,45.2389648423098],[-123.059369148268,45.2395408418925],[-123.053582147598,45.2423938421582],[-123.052871148085,45.2426188417423],[-123.050819147885,45.2435998420152],[-123.049982147958,45.2440048418061],[-123.047624148036,45.244976841664],[-123.045518148044,45.2461738420054],[-123.045230148253,45.24629984242],[-123.040469148133,45.2483968419968],[-123.037391148283,45.250079842267],[-123.036185148426,45.2509708419869],[-123.035069148223,45.2518618417068],[-123.0349971476,45.2519878421214],[-123.032927148369,45.254669841696],[-123.031298147891,45.256784842103],[-123.028004147973,45.2597908422297],[-123.026060148257,45.2616358418767],[-123.025187147569,45.2627338421493],[-123.023432147576,45.2641828424204],[-123.022595147648,45.2651368423475],[-123.021515148205,45.26621684179],[-123.021434148067,45.2663068423431],[-123.021155147792,45.2666668418574],[-123.019895148143,45.2680978421978],[-123.017276147876,45.270896841772],[-123.016574147879,45.2716438420458],[-123.015566148159,45.2727238423876],[-123.014783148024,45.2735518419002],[-123.014054147681,45.274379842312],[-123.01328014796,45.275279842447],[-123.01326214803,45.2752978423777],[-123.012632147755,45.2760358422365],[-123.011903148312,45.2768998416106],[-123.011165147553,45.2777368424375],[-123.010427147695,45.2786278421574],[-123.009698148251,45.2794918424308],[-123.008987147839,45.2802928424968],[-123.008357147564,45.2810218419406],[-123.007466147844,45.2819848422828],[-123.006710148055,45.2828128417954],[-123.006278147918,45.2833258420701],[-123.005873148127,45.2837938420683],[-123.005828147851,45.2838208424141],[-123.005315147576,45.2843968419968],[-123.005081147577,45.2846668418574],[-123.004685148201,45.2850898424784],[-123.004091147788,45.2856388417153],[-123.003083148069,45.2862958423354],[-123.001211148076,45.2876638424685],[-122.997125147607,45.2906338418344],[-122.995595148098,45.291812842245],[-122.992652148178,45.2939188422369],[-122.989700147843,45.2957908422298],[-122.98922314833,45.2961508417441],[-122.987189148061,45.297626842361],[-122.986595147648,45.2980678420135],[-122.98626214758,45.2983918416663],[-122.98575814772,45.2988958424254],[-122.985263148276,45.2992918418013],[-122.984651147932,45.2995978424227],[-122.98331914766,45.3002548421434],[-122.982752147593,45.3002548421434],[-122.982194147942,45.3002548421434],[-122.981051148292,45.3002548421434],[-122.980313148433,45.3002638416591],[-122.979206147746,45.3002278417976],[-122.978099147957,45.3002278417976],[-122.977073148307,45.3002278417976],[-122.976164147757,45.3002278417976],[-122.975129147692,45.3002098418669],[-122.97406714818,45.3002098418669],[-122.972663148186,45.3002278417976],[-122.971691148328,45.3002098418669],[-122.970593148055,45.3001918419361],[-122.969585148336,45.3001738420054],[-122.968505147994,45.3001738420054],[-122.966561148278,45.3002008423512],[-122.965724148351,45.3002098418669],[-122.965229148007,45.3002008423512],[-122.964266147665,45.3007228421416],[-122.962556147948,45.3013078421394],[-122.960657147609,45.3018568422756],[-122.959316147822,45.3023338417895],[-122.958200147619,45.3027568424105],[-122.95682314797,45.3032158419937],[-122.954393148325,45.3040078416447],[-122.951279147714,45.3049888419177],[-122.949569147998,45.3055378420539],[-122.949137147861,45.3056728419842],[-122.947463148006,45.3061588419132],[-122.9469321478,45.3063028422585],[-122.944592147809,45.3070588420481],[-122.943755147882,45.3073198423929],[-122.943206147746,45.3075088421155],[-122.941802147751,45.3079228423215],[-122.938877147762,45.3088858417644],[-122.937554147906,45.3094078424541],[-122.936834147978,45.3096148421074],[-122.933270148199,45.3106858420341],[-122.931659147651,45.3112078418246],[-122.930534147033,45.3116038420998],[-122.929976147381,45.3117658423759],[-122.928500146764,45.3119908419599],[-122.928059147112,45.3120178423057],[-122.923532146991,45.3123238420278],[-122.92068814714,45.3128368423026],[-122.916710147156,45.3143938421582],[-122.915324147092,45.3149878416717],[-122.913803147098,45.3155278422922],[-122.912075146551,45.3159868418754],[-122.911139146554,45.3160858419442],[-122.910320146557,45.3161758424973],[-122.9091141467,45.3162928424968],[-122.908169147188,45.3164548418736],[-122.9071791474,45.3166258416655],[-122.90537914713,45.3172198420782],[-122.904812147063,45.3174088418008],[-122.904785146717,45.3175348422153],[-122.903651146583,45.3180748419366],[-122.90191414742,45.3190558422095],[-122.899916147013,45.3201898423435],[-122.896091146889,45.3215398416466],[-122.894003146828,45.3223408417127],[-122.893562147175,45.3225028419887],[-122.893499146968,45.3225298423345],[-122.892329146973,45.3230698420557],[-122.892014146835,45.3232948416398],[-122.891780146836,45.3234658423309],[-122.891330146769,45.3237808424681],[-122.889926146774,45.3247348423952],[-122.889638146983,45.3249508424635],[-122.888918147055,45.3257338416996],[-122.888432147126,45.3262738423202],[-122.888054146781,45.3268138420413],[-122.886803146648,45.3279208418296],[-122.884706147071,45.3297748418916],[-122.883014147285,45.3310168416101],[-122.881691147428,45.3319258421601],[-122.880899146878,45.3324658418813],[-122.880359147157,45.332825842295],[-122.880323147295,45.3329878416717],[-122.879909147089,45.3331138420863],[-122.877281147307,45.3350218419406],[-122.877119147031,45.3351208420095],[-122.876759146617,45.3355528421461],[-122.87657914731,45.3359758418678],[-122.876363147241,45.3362908420049],[-122.87621014738,45.3366328424878],[-122.87621014738,45.3366688423494],[-122.875850146967,45.3372268420013],[-122.875697147106,45.3376858424838],[-122.875580147106,45.3383608421353],[-122.875499146968,45.3388558424793],[-122.875454146691,45.3392608422702],[-122.875310147245,45.3396208417846],[-122.873690147183,45.3425638417041],[-122.872763146702,45.3442648419051],[-122.872430146634,45.3449038416951],[-122.871980146567,45.3457678419685],[-122.87170114719,45.346298842174],[-122.870891146709,45.3476668423071],[-122.869793147336,45.349682841746],[-122.869739146644,45.349772842299],[-122.869613147129,45.3499978418831],[-122.869226147269,45.3507898424335],[-122.868956147408,45.3513838419469],[-122.868533146787,45.3521308422208],[-122.868200146719,45.3525808422883],[-122.867858147136,45.3530218419406],[-122.867723147205,45.353165842286],[-122.86744414693,45.3534718420081],[-122.86694014707,45.3539218420755],[-122.866022147004,45.3545608418655],[-122.864708146664,45.3554878423462],[-122.864285146942,45.3557848416533],[-122.860892146955,45.3581338420594],[-122.85753514683,45.3604018423273],[-122.857274147384,45.3605818416349],[-122.856536146626,45.3610678424632],[-122.855987147389,45.361472842254],[-122.855321147253,45.3618598421142],[-122.854862146771,45.3621928421821],[-122.852864147263,45.3635338419694],[-122.85254014671,45.3637408416228],[-122.850956147408,45.3648658422411],[-122.848040146935,45.3666838424415],[-122.846519146941,45.3678088421605],[-122.844161147019,45.3694108422927],[-122.843918146605,45.3695548417388],[-122.843378146884,45.3698788422909],[-122.841731147375,45.3712108416632],[-122.840426147449,45.3722188422819],[-122.839193147246,45.3732178424856],[-122.83814014725,45.3740188416524],[-122.837528146906,45.3745048424807],[-122.837015146632,45.3750718416484],[-122.836826146909,45.3752338419245],[-122.83634014698,45.3756838419919],[-122.835962146636,45.3760978421978],[-122.83570114719,45.3764308422657],[-122.8351791474,45.3776638424686],[-122.834360147403,45.3786088419807],[-122.833595147198,45.3793288419087],[-122.832839147409,45.3797608420454],[-122.832200146719,45.3800038424595],[-122.831399146653,45.3803188416974],[-122.830490147003,45.3805618421116],[-122.826836146671,45.3815968421767],[-122.823632147306,45.3825778424497],[-122.823119147031,45.3827218418956],[-122.821139146554,45.3832528421012],[-122.818520147187,45.3840358422365],[-122.817386147053,45.3843778418201],[-122.815892147405,45.3848098419568],[-122.814173147273,45.3853048423009],[-122.814011146997,45.3853678416088],[-122.812193146796,45.385916841745],[-122.811356146869,45.3861778420899],[-122.811167147146,45.3862408422972],[-122.810537146872,45.3865648419501],[-122.809988146736,45.3867988419492],[-122.809394147222,45.3871408424321],[-122.806154147096,45.3889228418719],[-122.805497147375,45.3892918418013],[-122.804894147447,45.3896248418691],[-122.803607146553,45.390371842143],[-122.803463147107,45.390443841866],[-122.802491147249,45.391010841933],[-122.802410147111,45.3910738421403],[-122.801798146767,45.3915148417927],[-122.801708147113,45.3915868424151],[-122.801537147321,45.3917128419303],[-122.80109614677,45.3920278420675],[-122.800799146563,45.39221684179],[-122.800313146634,45.3925408423422],[-122.799755146982,45.3931258423399],[-122.799413147399,45.3937378417842],[-122.799098147262,45.3953398419164],[-122.798945147401,45.3964918419811],[-122.798972146847,45.3974188424619],[-122.798936146986,45.3976528424609],[-122.798972146847,45.398372842389],[-122.798738146848,45.3997048417612],[-122.798495147333,45.4004518420351],[-122.798324146642,45.4008478423103],[-122.79737914713,45.4032778419551],[-122.797316146923,45.4034128418853],[-122.797082146924,45.4038628419528],[-122.797019146716,45.4040338417446],[-122.796983146855,45.4041238422977],[-122.795111146862,45.4080388420751],[-122.794409146865,45.4098388423449],[-122.793608146798,45.4112608422702],[-122.793185147077,45.4122148421974],[-122.792150147012,45.4133398419164],[-122.791025147293,45.4145008423962],[-122.790224147227,45.4157068422531],[-122.789891147159,45.4160758421826],[-122.788874147024,45.4171378416943],[-122.788280146611,45.4178218417608],[-122.787479147445,45.4186408417576],[-122.785112147108,45.4208368423026],[-122.782106146981,45.4238338420144],[-122.781512146568,45.4244368419429],[-122.781017147124,45.4247878419416],[-122.780000146989,45.4256788416614],[-122.77860514741,45.4265338424191],[-122.777174147069,45.4275148417927],[-122.776409146865,45.4280368424825],[-122.775671147006,45.4287748423413],[-122.774555146803,45.4296028418539],[-122.7732051466,45.4304848420581],[-122.772890147362,45.4306648422648],[-122.772323147295,45.4309618424713],[-122.772008147158,45.4311328422631],[-122.771756147228,45.4312678421934],[-122.771522147229,45.4313938417086],[-122.771054147231,45.4315918418462],[-122.768813147309,45.4324378421889],[-122.767409147314,45.4329328416336],[-122.766797146971,45.4331938419785],[-122.766176147111,45.4334458419083],[-122.765006147116,45.4338328417684],[-122.76383614712,45.4342108421129],[-122.762810146571,45.4345348417658],[-122.762306146711,45.4348858417644],[-122.761856146644,45.4351828419708],[-122.761622146645,45.4352638421089],[-122.760839147409,45.4355338419694],[-122.758760146863,45.4363168421048],[-122.757635147144,45.4367398418264],[-122.755376147291,45.4378648424447],[-122.755016146878,45.4380178423058],[-122.754737146602,45.4381618417518],[-122.751416147237,45.4399528425059],[-122.749607146553,45.4409338418795],[-122.748410147111,45.441536841808],[-122.747510146976,45.4419328420832],[-122.745026146639,45.4428148422874],[-122.739932147351,45.4438408419375],[-122.738828775428,45.444519460461],[-122.737509406134,45.4449872958833],[-122.734487806367,45.4455643656592],[-122.732316074927,45.4464397999131],[-122.731310574423,45.4471442514623],[-122.730001948431,45.4484836954224],[-122.728919476752,45.4504371047448],[-122.728064655859,45.4515508530456],[-122.72684691895,45.4525544074162],[-122.725311810392,45.4532798203636],[-122.722985450418,45.453704332745],[-122.720825146663,45.4536148421075],[-122.71907490858,45.4533581648037],[-122.71725981319,45.4536819782969],[-122.715489224348,45.4544165481414],[-122.713176602418,45.4557539533385],[-122.709654893259,45.4574713229994],[-122.707005474323,45.4590295396378],[-122.703401889086,45.4612067560432],[-122.701706104953,45.4621457741644],[-122.700464463164,45.4628592117395],[-122.698761973686,45.4637153789179],[-122.696101963435,45.4651491158953],[-122.69439931028,45.4660052111278],[-122.693160741475,45.466759964457],[-122.691556255617,45.4681105357289],[-122.690279147265,45.4694368423926],[-122.689613147129,45.4698328417685],[-122.688238902104,45.4701928718598],[-122.686892035139,45.4703288115816],[-122.685473189136,45.470301426326],[-122.68416219433,45.4701451934022],[-122.682795643005,45.4700326531406],[-122.681589242949,45.4697061551712],[-122.68015731271,45.4695130752245],[-122.678951059244,45.4699341162228],[-122.677882124161,45.4705989571324],[-122.677293754403,45.4713695718045],[-122.677447557359,45.4725679876788],[-122.67803951721,45.474081515206],[-122.678749333215,45.4763380266349],[-122.678837896652,45.4782035506096],[-122.678772940419,45.4811134401893],[-122.678897440764,45.4826868517731],[-122.67921820016,45.4845017933793],[-122.679149743766,45.4858751076064],[-122.678835986492,45.4871334291207],[-122.677730716999,45.4880904597632],[-122.675896118011,45.4895328976813],[-122.674800551304,45.4906141228997],[-122.674136678965,45.4919276708816],[-122.67359379152,45.4932780254168],[-122.673364888878,45.4948653216335],[-122.67315562743,45.4974487213377],[-122.673459195386,45.500547448762]],[[-122.587091280138,45.3748635190923],[-122.591028800739,45.3720844026293],[-122.592899146878,45.3702388418053],[-122.594042205883,45.3688322301794],[-122.595153707677,45.3677783623377],[-122.596372243184,45.3669220944353],[-122.596981510488,45.3666174598841],[-122.598191812702,45.3661728593462],[-122.599731448448,45.365695325635],[-122.600738216096,45.3654320625958]],[[-123.446783148024,45.025565840847],[-123.445658148305,45.0250348406415],[-123.44400214838,45.024512840851],[-123.443363147691,45.024440841128],[-123.442391147833,45.0243238411284],[-123.438386148402,45.0243148407134],[-123.436721148062,45.0243148407134],[-123.435794147582,45.0243148407135],[-123.430736148155,45.0243058411977],[-123.429818148089,45.0243058411977],[-123.428351147887,45.0242878412669],[-123.427658148305,45.0239998414756],[-123.426290148172,45.0231628406487],[-123.424616148317,45.0217858409998],[-123.424022147904,45.0210568406568],[-123.421079147984,45.0184558412202],[-123.420269148402,45.0175198412238],[-123.420116147642,45.0173398410169],[-123.419459147921,45.0168808414338],[-123.416903147862,45.0153238406788],[-123.415931148004,45.014666840958],[-123.415499147867,45.0139828408915],[-123.415202147661,45.0131998407561],[-123.415094148076,45.0126508406199],[-123.414887148423,45.0121828406217],[-123.414194147942,45.0111388410408],[-123.41351914829,45.0104188411127],[-123.412250148226,45.009491840632],[-123.411125147607,45.0091768413942],[-123.409505148444,45.0088258413955],[-123.406679147625,45.0085288411892],[-123.402908148192,45.0082588413285],[-123.398138147657,45.0082228414671],[-123.397940148419,45.0082228414671],[-123.397733147866,45.0082408413978],[-123.391334147753,45.0084118411896],[-123.39062314824,45.0083398414666],[-123.388274147834,45.007718840708],[-123.386186147773,45.0073228413321],[-123.384440148194,45.0074038414702],[-123.383207147991,45.0075838407777],[-123.381704147928,45.0076558414001],[-123.379031147869,45.0070978408488],[-123.376214148364,45.0061078410601],[-123.371372148106,45.0048388409958],[-123.37082314797,45.0046408408582],[-123.36850114791,45.0038128413456],[-123.367799147912,45.0034438414163],[-123.366494147986,45.0027778412804],[-123.366008148058,45.0025348408663],[-123.360698147801,44.999834841361],[-123.359960147942,44.9994748409473],[-123.358313148433,44.9985298414351],[-123.356135147819,44.9975848410237],[-123.355595148098,44.9973238406788],[-123.354857148239,44.9969368408187],[-123.353291147968,44.9962258413056],[-123.352670148109,44.9958118410997],[-123.350798148116,44.9949298408955],[-123.344786147862,44.9918608414607],[-123.341357148014,44.9901508408447],[-123.340331148364,44.9896558414001],[-123.338855147747,44.988854841334],[-123.337820147682,44.9883238411284],[-123.334850148316,44.9868298414801],[-123.331313147983,44.9850568406568],[-123.329081147577,44.9839228414221],[-123.328433148271,44.9836258412157],[-123.327434148067,44.9830948410102],[-123.325409148214,44.9820058411527],[-123.315167148045,44.976893841034],[-123.312224148126,44.9753278407633],[-123.309587147928,44.9739328411837],[-123.305627147875,44.9719708406379],[-123.303440147745,44.9708728412647],[-123.30254014761,44.9704138407822],[-123.299669148313,44.9688388409958],[-123.294125148057,44.9656348407314],[-123.29392714792,44.9655178407318],[-123.291200148068,44.9638798407381],[-123.284954147816,44.9603788411667],[-123.278105147634,44.9563918407669],[-123.26063614784,44.9463658406671],[-123.259718147774,44.9458258409459],[-123.256766148339,44.9441248407449],[-123.25409314828,44.9426758413731],[-123.251213147669,44.9410018406186],[-123.250430148433,44.9404978407589],[-123.241565147913,44.9354308409166],[-123.239873148127,44.934521841266],[-123.239360147852,44.9343328406442],[-123.238820148131,44.9342338414747],[-123.238082148272,44.9341978407139],[-123.237092147585,44.9342248410596],[-123.236588147725,44.9342878412669],[-123.234491148148,44.9345938409891],[-123.23338414836,44.9348008406424],[-123.232835148224,44.9348818407804],[-123.230819147885,44.9349718413335],[-123.228587148378,44.934926841057],[-123.228695147963,44.9327128414805],[-123.228659148101,44.9317498411384],[-123.228659148101,44.9306248414194],[-123.228659148101,44.9298868406613],[-123.228659148101,44.9294638409396],[-123.228659148101,44.9282218412211],[-123.228659148101,44.926628841504],[-123.228677148032,44.9256118413695],[-123.228686148447,44.9217778408308],[-123.228686148447,44.9182768412593],[-123.228686148447,44.914595841481],[-123.228677148032,44.9108068412189],[-123.228686148447,44.9102758410134],[-123.228677148032,44.9091058410179],[-123.228686148447,44.9086108406738],[-123.228713147893,44.9059288410993],[-123.228767147686,44.8975948407854],[-123.228785147616,44.8958758406536],[-123.228974148238,44.8762828409364],[-123.229028148031,44.8748338406653],[-123.229118147684,44.8690468408951],[-123.229190148307,44.864708841396],[-123.229271148445,44.8578058414225],[-123.229271148445,44.8576618410772],[-123.229289148375,44.8563658406671],[-123.229334147753,44.852018840753],[-123.22939714796,44.8507948409652],[-123.229370147614,44.8496698412463],[-123.229370147614,44.8486888409733],[-123.22939714796,44.8475008410471],[-123.229424148306,44.8464208407053],[-123.229469147683,44.8433878411321],[-123.229478148098,44.8423798414127],[-123.229523148375,44.8387798408731],[-123.229559148236,44.8366378410197],[-123.229415147891,44.8323178414513],[-123.229604147613,44.8296358409774],[-123.229478148098,44.8285648410507],[-123.229001147685,44.8266748411271],[-123.227939148173,44.8237858409999],[-123.227579147759,44.8231918414864],[-123.227489148106,44.8228678409342],[-123.227192147899,44.8219858407301],[-123.227129147692,44.8217248412845],[-123.226994147762,44.8204648407359],[-123.226886148177,44.8192948407404],[-123.227228147761,44.8135168413852],[-123.227354148175,44.8114378408398],[-123.227534148382,44.8077838414072],[-123.227678147828,44.806514841343],[-123.227831147689,44.8051558407256],[-123.227840148104,44.8047328410039],[-123.227894147897,44.8033918412166],[-123.228461147964,44.7949768407647],[-123.229037148446,44.7853198414936],[-123.229082147823,44.7846088410813],[-123.229127148099,44.7838348413609],[-123.22926214803,44.7805678408892],[-123.229379148029,44.7775438408317],[-123.229028148031,44.7754018409783],[-123.227678147828,44.7692098414172],[-123.226931147554,44.7661408410831],[-123.226805148039,44.7651598408101],[-123.226661147694,44.7645568408816],[-123.225833148181,44.7611638408946],[-123.224924147631,44.7566728406352],[-123.224582148048,44.755088841333],[-123.224366147979,44.7544678414738],[-123.223790148397,44.7518758406536],[-123.22361014819,44.7510838410025],[-123.223592148259,44.7504268412819],[-123.223520147637,44.749832840869],[-123.223331147914,44.7458728408151],[-123.223304147568,44.7442168408906],[-123.223385147706,44.7324538407283],[-123.223385147706,44.7315538414927],[-123.223412148052,44.7310678406645],[-123.223484147775,44.729906841084],[-123.223385147706,44.7275308412315],[-123.223322148398,44.7271168410255],[-123.223232147845,44.7266038407508],[-123.222791148193,44.7244888412431],[-123.222422148263,44.7229858411798],[-123.221801148404,44.7201778411905],[-123.221774148058,44.7199618411222],[-123.221414147645,44.7186388412656],[-123.221450148406,44.7167848412036],[-123.221459147921,44.7166948406505],[-123.221828147851,44.7131038414252],[-123.222107148126,44.7098908407458],[-123.222251147572,44.7083338408902],[-123.22233214771,44.7080278411681],[-123.222305148264,44.7066058412427],[-123.221540148059,44.7018988409149],[-123.221486148267,44.7016108411235],[-123.221216148406,44.7002968407827],[-123.221117148338,44.6996668414077],[-123.221018148269,44.6989288406496],[-123.220991147923,44.6988388409958],[-123.219452147998,44.6893888413781],[-123.219290147722,44.6877148406235],[-123.219164148207,44.6873998413857],[-123.218840147655,44.6843848408438],[-123.218840147655,44.6822788408519],[-123.218966148069,44.6816668414077],[-123.219065148138,44.6811808414788],[-123.219632148205,44.6799028409994],[-123.219902148066,44.6792008410021],[-123.219920147996,44.6791468412099],[-123.220325147787,44.6782288411442],[-123.220856147993,44.6770138408722],[-123.220910147785,44.6768968408726],[-123.220982148407,44.6767528414266],[-123.221234148337,44.6761858413596],[-123.221783147574,44.6750068409491],[-123.223061148053,44.6720098412373],[-123.223214147915,44.6711728413097],[-123.223214147915,44.6692198411788],[-123.223088148399,44.6687338412499],[-123.222350147641,44.6659258412607],[-123.222251147572,44.665079840918],[-123.221999147643,44.6639368412684],[-123.22192714792,44.6630548410642],[-123.221702148335,44.6617228407926],[-123.221585148336,44.6610658410718],[-123.221387148198,44.6600128410759],[-123.221351148337,44.6586628408736],[-123.221486148267,44.6577178413614],[-123.221828147851,44.6565118415044],[-123.222656148263,44.6549908406109],[-123.222764147847,44.6547928413727],[-123.223952147773,44.6532808408942],[-123.226472147971,44.6509768407647],[-123.229415147891,44.6484118411897],[-123.22990114782,44.6478358407076],[-123.233033148361,44.6452078409252],[-123.23363614829,44.6446048409968],[-123.233951148427,44.6443978413435],[-123.234131147734,44.6442538409981],[-123.235364147937,44.6431738406564],[-123.238892147854,44.6400598409451],[-123.240134147573,44.6387098407427],[-123.240269148402,44.6384668412279],[-123.240386148402,44.6383138413668],[-123.240656148263,44.6375758406087],[-123.240737148401,44.6350108410337],[-123.240782147778,44.6337418409693],[-123.240899147777,44.6328328413187],[-123.240935147639,44.6324998412508],[-123.2409711484,44.6322928406982],[-123.240998147846,44.6320228408376],[-123.241385147706,44.6304388406362],[-123.241772147567,44.6288278409882],[-123.242510148325,44.6256328411389],[-123.242690147632,44.6248408414878],[-123.243482148183,44.6211328413637],[-123.24368014832,44.6201608415058],[-123.243887147973,44.6191888407486],[-123.244355147972,44.6170198414487],[-123.244724147901,44.6153278407634],[-123.245003148177,44.6140858410449],[-123.246263147826,44.6081908407908],[-123.246983147754,44.6052838407328],[-123.247667147821,44.6024848411586],[-123.248594148301,44.6000818409604],[-123.248936147885,44.5988398412419],[-123.249827147605,44.5967788406271],[-123.251033148361,44.5940878406375],[-123.251213147669,44.5937008407774],[-123.251987148288,44.5920088409914],[-123.253463148006,44.5888588414186],[-123.255407147722,44.5847818413651],[-123.256775147855,44.5829008409572],[-123.258134147573,44.5810108410337],[-123.258737148401,44.5799128407612],[-123.258782147778,44.5786978413884],[-123.258737148401,44.5785268406973],[-123.258683147709,44.5782658412517],[-123.258296147849,44.5775908407009],[-123.258080147781,44.5772488411173],[-123.258008148058,44.5771228407027],[-123.257972148196,44.5770868408412],[-123.257504148198,44.5763938412589],[-123.257090147992,44.5753678407094],[-123.256928147716,44.5751518406411],[-123.256829147647,44.5745848414734],[-123.2569191482,44.5733698412014],[-123.256955148062,44.5728658413417],[-123.256964147577,44.5727758407886],[-123.257216148406,44.5718128413458],[-123.258476148056,44.5691398412869],[-123.258917147708,44.5682218412212],[-123.259466147844,44.567267841294],[-123.260096148119,44.5662958414361],[-123.260609148393,44.5653148411631],[-123.2611401477,44.5643068414438],[-123.261608147698,44.5633618410323],[-123.262148148318,44.5623538413129],[-123.262625147832,44.5614088409015],[-123.263084148315,44.5604098406978],[-123.263687148243,44.5593478411861],[-123.264137148311,44.5585108412585],[-123.264713147893,44.5574668407782],[-123.26475814817,44.5572778410557],[-123.264794148031,44.5570528414716],[-123.26475814817,44.556773841196],[-123.264785147616,44.5564858414046],[-123.265037148446,44.5548928407882],[-123.265100147754,44.5544968414123],[-123.265127148099,44.5542538409982],[-123.265226148168,44.5533628412783],[-123.265271148445,44.5530838410026],[-123.265415147891,44.5519138410071],[-123.265586147683,44.5505278409433],[-123.265586147683,44.5497718411537],[-123.265712148097,44.5490608407414],[-123.265820147682,44.547980841299],[-123.265838147612,44.5478098406078],[-123.265937147681,44.5470808411641],[-123.266099147957,44.5459648409608],[-123.266099147957,44.545865840892],[-123.266099147957,44.5451818408255],[-123.266198148026,44.5436878411771],[-123.266315148026,44.5433278407634],[-123.266414148094,44.5424638413893],[-123.266657147609,44.5401868407063],[-123.26681014837,44.5385938409892],[-123.266900148023,44.5380718411987],[-123.266999148092,44.5368118406501],[-123.267098148161,44.5362268406524],[-123.267170147884,44.5359298413453],[-123.267179148299,44.5353988411398],[-123.267188147815,44.5350028408646],[-123.267521147883,44.5328518414955],[-123.267530148298,44.5326178414964],[-123.267557147744,44.5321138407373],[-123.267611148436,44.5310788406721],[-123.267611148436,44.5309978414334],[-123.267701148089,44.5302058408831],[-123.267764148297,44.5296838410926],[-123.267827147605,44.5290358408876],[-123.267872147881,44.5286668409581],[-123.268052148088,44.5270108410337],[-123.26810614788,44.5265248411047],[-123.268187148018,44.5257598409002],[-123.268439147948,44.5233118413246],[-123.268484148225,44.5228348409114],[-123.268709147809,44.5201168414753],[-123.268772148016,44.5198198412688],[-123.269060147808,44.5172818411402],[-123.26926714836,44.5147708413575],[-123.269321148152,44.514401841428],[-123.269456148083,44.5125748408125],[-123.269870148289,44.5084888412432],[-123.269924148081,44.5078858413147],[-123.269987148288,44.5072738409712],[-123.270365147733,44.5036468409852],[-123.270392148079,44.5032958409865],[-123.27066214794,44.5005958414811],[-123.270734147663,44.4998398407922],[-123.271697148005,44.4899758409685],[-123.271769147728,44.4893548411092],[-123.272192148349,44.4854038414703],[-123.272354147726,44.4838738410611],[-123.273092147585,44.4769348412261],[-123.273155147792,44.4760888408835],[-123.273335147999,44.4745858408202],[-123.274307147857,44.4657118407851],[-123.274631148409,44.4634708408629],[-123.2749191482,44.4597898410846],[-123.275369148268,44.4550288409645],[-123.275396147714,44.4547858414496],[-123.276134147573,44.447558840924],[-123.27656614771,44.4433018406636],[-123.276908148192,44.4402778415054],[-123.277070147569,44.4388918414416],[-123.277097147915,44.4379288410994],[-123.277808148327,44.431745841054],[-123.277835147774,44.4306658407122],[-123.278123147565,44.4288748408575],[-123.278186147772,44.428343840652],[-123.278924147631,44.4204778412357],[-123.27979714832,44.4140788411219],[-123.281516147552,44.4057268408773],[-123.283217147753,44.3982298413903],[-123.283640148374,44.3964748413971],[-123.284459148371,44.3930638414794],[-123.284621147748,44.3927218409965],[-123.284792148439,44.3919928406533],[-123.285008147608,44.3910118412797],[-123.287051148292,44.3842618411673],[-123.287528147806,44.382200841452],[-123.287780147736,44.3808958406268],[-123.287933147597,44.3804908408359],[-123.288491148148,44.3774218414011],[-123.288518147594,44.3772148408485],[-123.289004148423,44.374838840996],[-123.289796148074,44.3708968408728],[-123.29059714814,44.3675668410931],[-123.290795148277,44.3661898414443],[-123.291551148067,44.3630668413179],[-123.292775147855,44.3595388414007],[-123.293666147575,44.3537248412847],[-123.294467147641,44.3506198410891],[-123.294503148402,44.3504668412281],[-123.294809148124,44.349404840817],[-123.295772147567,44.3472268411021],[-123.296978148323,44.3444008411822],[-123.29727514763,44.3426818410504],[-123.297365148183,44.3410348406417],[-123.297212148322,44.3404228411975],[-123.296150147911,44.3365978410738],[-123.296150147911,44.3350948410104],[-123.296663148186,44.3324848411588],[-123.297176147561,44.3312698408868],[-123.298265148318,44.3301718406142],[-123.298508147833,44.3299198406844],[-123.298895147693,44.3294158408247],[-123.299201148314,44.3277238410387],[-123.299309147899,44.3271658413868],[-123.299399147553,44.3252398407024],[-123.299399147553,44.3249788412569],[-123.299372148106,44.3241328409142],[-123.299228147761,44.3236288410545],[-123.299120148176,44.3227378413346],[-123.29909314783,44.3221708412676],[-123.298904148108,44.3215588409241],[-123.298634148247,44.3205148413431],[-123.298391147833,44.3196778414156],[-123.298202148111,44.3188678409344],[-123.298166148249,44.3186608412811],[-123.297977147627,44.3176708414924],[-123.29779714832,44.3169148408036],[-123.297779148389,44.3166808408045],[-123.297635148044,44.3161768409448],[-123.297617148113,44.3159068410841],[-123.297401148045,44.3149888410185],[-123.297113148253,44.3140078407456],[-123.296537147771,44.3130538408184],[-123.29638414791,44.3129998410262],[-123.295961148188,44.3128918414416],[-123.295232147845,44.3127028408198],[-123.293990148127,44.3125138410972],[-123.293396147714,44.3124778412357],[-123.293117148338,44.3124508408899],[-123.292757147924,44.3124238414434],[-123.291380148275,44.3123158409596],[-123.291218147999,44.3123068414439],[-123.290138147657,44.3121088413063],[-123.287186148222,44.3107858414497],[-123.279473147768,44.3065648410509],[-123.278105147634,44.3058988409151],[-123.277817147843,44.3056918412618],[-123.277817147843,44.3056828408467],[-123.272120147727,44.3010118412798],[-123.270482147733,44.299778841077],[-123.26655814844,44.2968268407424],[-123.265253147615,44.2958368409538],[-123.264983147754,44.2956928406084],[-123.264677148032,44.2955218408166],[-123.264074148103,44.2950628412335],[-123.262967148315,44.2943968410977],[-123.262724147901,44.2942708406831],[-123.261779148389,44.2937398413769],[-123.260222147634,44.2932628409636],[-123.258251147572,44.2925158406898],[-123.256910147785,44.291705841108],[-123.256757147924,44.2916068410392],[-123.256721148063,44.2915798406935],[-123.255704147928,44.2908508412497],[-123.255362148344,44.2906168412506],[-123.255218147999,44.290490840836],[-123.254273147588,44.2895008410473],[-123.254138147657,44.2892308411867],[-123.253166147799,44.288150840845],[-123.252806148285,44.2876558414003],[-123.251213147669,44.2861168414754],[-123.250808147878,44.2859098409228],[-123.250079148434,44.2848388409961],[-123.249539147813,44.2843078407906],[-123.24869314837,44.2836328411391],[-123.246938148377,44.282273841421],[-123.245300148383,44.2811038414255],[-123.243077148392,44.2801228411525],[-123.240899147777,44.279366841363],[-123.239711147851,44.2787728409502],[-123.2390361482,44.2782598406754],[-123.238676147786,44.2776388408162],[-123.237965148273,44.2759918413068],[-123.236372147656,44.2726078408356],[-123.23491414787,44.2701688407757],[-123.232961147739,44.2680448408531],[-123.232061147604,44.2668298414804],[-123.230387147749,44.2645348408666],[-123.229703147682,44.2633378414246],[-123.228632147755,44.2616548411544],[-123.227840148104,44.2600528410222],[-123.227048147554,44.2580728414449],[-123.226697147555,44.2567048413117],[-123.226364148387,44.2556068410393],[-123.225383148114,44.2542928406984],[-123.224591147563,44.2528798411881],[-123.223214147915,44.2509088411265],[-123.222152148403,44.2498378411998],[-123.215006148015,44.2412248406103],[-123.209192147899,44.2341958411216],[-123.207554147906,44.2321978407142],[-123.206096148119,44.2304338412052],[-123.205898147981,44.230190840791],[-123.205592148259,44.2298128413459],[-123.205331147914,44.2294888407938],[-123.205088148399,44.2286068414889],[-123.205133147777,44.2283728414899],[-123.205061148054,44.2277158408698],[-123.204998147846,44.2272748412173],[-123.204980147915,44.2267618409426],[-123.204917147708,44.2258888411535],[-123.204917147708,44.2250338412951],[-123.204872148331,44.224151841091],[-123.204818147639,44.2233958413015],[-123.204764147847,44.2224958411665],[-123.204710148055,44.2216768411697],[-123.204665147778,44.2209298408958],[-123.204665147778,44.2200748410375],[-123.20458414764,44.2191748409026],[-123.204503148402,44.2182568408369],[-123.204512147917,44.2173748406328],[-123.204422148264,44.2165018408437],[-123.204377147987,44.2157188407083],[-123.20433214771,44.2149268410573],[-123.204278147918,44.2137208412002],[-123.204107148126,44.2101748413523],[-123.203990148127,44.2076368412237],[-123.203936148335,44.20727684081],[-123.203954148265,44.2058998411612],[-123.203954148265,44.2054408406787],[-123.203936148335,44.2048198408194],[-123.203963147781,44.2039738413761],[-123.203963147781,44.2039108411688],[-123.203738148197,44.2029388413109],[-123.203369148268,44.2012648414557],[-123.203234148337,44.2007158413194],[-123.203072148061,44.1999328411841],[-123.203063147646,44.199212841256],[-123.203189148061,44.1979888414683],[-123.203234148337,44.1976018407088],[-123.20317114813,44.1966208413352],[-123.203117148338,44.1959278408536],[-123.203027147785,44.1945778406512],[-123.202928147716,44.1931918414867],[-123.202874147924,44.1919678407996],[-123.202550148271,44.185802840685],[-123.201821147928,44.1714208411554],[-123.201263148276,44.1638338411153],[-123.20073214807,44.1567868407965],[-123.200201147865,44.1495508407552],[-123.199562148075,44.1384268412822],[-123.199382147868,44.1353038411558],[-123.19930114773,44.1338278414382],[-123.199157148284,44.1331708408181],[-123.198239148218,44.1316048414467],[-123.194774147609,44.1279598406307],[-123.190301148179,44.1231538411333],[-123.189617148113,44.1224248407902],[-123.187412148052,44.1200668408685],[-123.187331147914,44.1199768412147],[-123.185684148405,44.1181948408757],[-123.184703148132,44.1171508412948],[-123.18374014779,44.1161248407453],[-123.181859148281,44.1141358407529],[-123.18130114773,44.1135508407552],[-123.171770147974,44.1033538408635],[-123.168413147848,44.0997538412233],[-123.167099148407,44.0983588407444],[-123.166172147926,44.0973058407485],[-123.165596148344,44.0967478410965],[-123.162734147663,44.0936968397938],[-123.1609971476,44.0918428397318],[-123.160799148362,44.0916268396634],[-123.160331148364,44.0911228398037],[-123.159872147881,44.0906548398055],[-123.158954147816,44.0896738404319],[-123.157703147682,44.0883418401603],[-123.154103148042,44.0845528398982],[-123.152933148046,44.0827258401819],[-123.15250114791,44.0820508396311],[-123.151898147981,44.0810518403267],[-123.149999147643,44.0785588404747],[-123.148199148272,44.0762458399301],[-123.147866148204,44.0758588400699],[-123.146903147862,44.0748508403505],[-123.143897147735,44.0717368397399],[-123.142619148155,44.0704138398833],[-123.139082147823,44.0667508400357],[-123.138101148449,44.0657518398321],[-123.136112147558,44.0636908401167],[-123.133070147569,44.0605588404746],[-123.129497148275,44.0568508403506],[-123.128255147657,44.0545018399445],[-123.128021147658,44.0543218397377],[-123.125798147666,44.0526568402975],[-123.122900148023,44.0523418401604],[-123.122504147748,44.0523328397453],[-123.119867147551,44.0522968398838],[-123.118607147901,44.0522878403681],[-123.117203147907,44.0522698404373],[-123.11599714805,44.0522428400916],[-123.115601147775,44.0522428400915],[-123.114161147919,44.0522248401608],[-123.112604148063,44.0522428400915],[-123.111101148,44.0522158397458],[-123.109508148282,44.052197839815],[-123.106007147812,44.0521348396077],[-123.105017148023,44.052125840092],[-123.103433147821,44.052116839677],[-123.102101148449,44.0520988397462],[-123.100418148179,44.0520808398155],[-123.098960148392,44.0520628398847],[-123.097439148398,44.052053840369],[-123.095882147643,44.0520628398847],[-123.094496147579,44.052053840369],[-123.093002147931,44.0520808398155],[-123.091904147658,44.052053840369],[-123.091355148421,44.0520628398847],[-123.089816147597,44.0520898402305],[-123.088232148295,44.052125840092],[-123.087503147952,44.0521528404378],[-123.086900148023,44.0518558402314],[-123.086792148439,44.0509648396122],[-123.086504147748,44.0501548400304],[-123.085109148169,44.0500108396851],[-123.083804148243,44.0498848401698],[-123.082139147903,44.049704839963],[-123.08050114791,44.0495518401019],[-123.078503148402,44.0488948403812],[-123.076820148131,44.0483368398299],[-123.075002147931,44.0477518398321],[-123.07448014814,44.0476348398326],[-123.069899148227,44.046653840459],[-123.066695147963,44.0460688404612],[-123.064274147834,44.0456278399094],[-123.063302147976,44.0454478397026],[-123.061475148259,44.0451148396347],[-123.060503148402,44.0449528402579],[-123.058235148134,44.0447818404661],[-123.056498148071,44.0446468396365],[-123.053996147804,44.0443588398452],[-123.053358091403,44.0439273541206],[-123.051728148435,44.0430808402651],[-123.050684156049,44.0424088506446],[-123.049662213241,44.0416127042195],[-123.049330630504,44.0405604434663],[-123.048557400603,44.0389957418166],[-123.047826303941,44.0379266088825],[-123.0469581479,44.0370868399423],[-123.046499148317,44.0368438404275],[-123.045500148113,44.0362498400147],[-123.043898147981,44.0355568404324],[-123.042455935793,44.0350016052964],[-123.040273018585,44.034813683861],[-123.038656833446,44.0349204909445],[-123.036142460306,44.0348892053291],[-123.034164824147,44.0347986831693],[-123.032592860472,44.0342639058112],[-123.030976033217,44.0331981408381],[-123.03000546508,44.031038054719],[-123.029298829078,44.0273386494158],[-123.028606639785,44.0255571670862],[-123.027627363512,44.0232909330867],[-123.026996148254,44.0214628397948],[-123.025691148328,44.0188258404967],[-123.023386775879,44.0136766318277],[-123.022593277957,44.0117844438536],[-123.020853685149,44.0079085079279],[-123.019083572949,44.0040936116875],[-123.018076440176,44.0027507682899],[-123.016745538876,44.001607625648],[-123.015840789421,44.0011289641869],[-123.015344310591,44.0009547807951]],[[-123.446936147885,45.0256288410543],[-123.448709147809,45.027338840771],[-123.452156147588,45.0311638408946],[-123.454037147996,45.0325138410969],[-123.454451148202,45.0327028408195],[-123.456791148193,45.0339808412989],[-123.457583147844,45.0344128414356],[-123.458708147563,45.0352048410867],[-123.459059147562,45.0354658414315],[-123.461687148243,45.0380938412139],[-123.461975148035,45.0383728414896],[-123.462812147962,45.0388588414185],[-123.46328014796,45.039038840726],[-123.463550147821,45.0391918414864],[-123.465494148436,45.0399028409994],[-123.466286148087,45.040100841137],[-123.468077147942,45.0408028411343],[-123.47174014779,45.0427828407116],[-123.473279147714,45.0438358407076],[-123.47406214785,45.0443848408438],[-123.488003147727,45.0539608408762],[-123.489038147792,45.0545908411504],[-123.489938147927,45.0550228412872],[-123.491657148059,45.0554818408704],[-123.485240148014,45.0579748407224],[-123.482702147886,45.0591448407179],[-123.480659148101,45.0603238411284],[-123.475916147912,45.0633568407017],[-123.473495147783,45.0648868411109],[-123.468824148216,45.0678298410304],[-123.464918147954,45.0703048409518],[-123.462695147963,45.0716098408776],[-123.461795147828,45.0720148406685],[-123.458789147701,45.0732118410097],[-123.456755148331,45.0738238413533],[-123.452129148142,45.0750928414176],[-123.450716147732,45.0754798412778],[-123.450113147803,45.0755878408622],[-123.448934148292,45.0758938414837],[-123.442400148248,45.0775948407854],[-123.43806214785,45.0787198414037],[-123.433616147867,45.0798718414684],[-123.433391148283,45.0798898413992],[-123.413609147944,45.0850828407566],[-123.403718147774,45.0877018410232],[-123.398336147795,45.0891148414329],[-123.396689148286,45.0895648415003],[-123.396428147941,45.0896188412926],[-123.396185148426,45.0896728410849],[-123.395627147875,45.0897808406694],[-123.394664148432,45.089987841222],[-123.393917148158,45.0901768409446],[-123.39269314837,45.0905368413583],[-123.385556148397,45.0924628411433],[-123.384782147778,45.0926608412809],[-123.38406214785,45.0928678409342],[-123.383936148335,45.09289484128],[-123.381578148413,45.0934078406554],[-123.380102147796,45.0938038409306],[-123.376214148364,45.0946948406505],[-123.375620147951,45.0947938407193],[-123.372929147962,45.095234841271],[-123.372497147825,45.095306840994],[-123.37237114831,45.0953248409248],[-123.37173214762,45.0954238409935],[-123.368429148187,45.0959818406455],[-123.36788014805,45.0960898411294],[-123.361778148143,45.0971158407795],[-123.35771914802,45.0977998408461],[-123.35400214838,45.0984298411204],[-123.353066148384,45.0985738414657],[-123.347099148407,45.0995008410471],[-123.345164148207,45.1000228408376],[-123.344903147862,45.100058840699],[-123.343625148282,45.1005178411815],[-123.342635147594,45.1008238409036],[-123.340457147879,45.1016248409697],[-123.337505148444,45.1029838406878],[-123.336191148103,45.1039018407535],[-123.334418148179,45.1048018408884],[-123.330764147847,45.1070788406721],[-123.330413147848,45.1072858412247],[-123.327398148206,45.1089958409414],[-123.32723614793,45.109112840941],[-123.323762147805,45.1113448413475],[-123.322511147671,45.112100841137],[-123.321890147812,45.1124698410664],[-123.316850148316,45.115565840847],[-123.314807147632,45.1171678409792],[-123.312629147917,45.1189768407647],[-123.30757114759,45.1231798412328],[-123.307031147869,45.1236028409545],[-123.306698147801,45.1238908407458],[-123.305501148359,45.1248358411572],[-123.302963148231,45.1268698414262],[-123.29870614797,45.1302988412746],[-123.29781514825,45.1309918408569],[-123.297437147906,45.1312168413403],[-123.28211914838,45.1431598408101],[-123.269069148223,45.1532308411865],[-123.268214148364,45.1538248407],[-123.261671147905,45.1589908406109],[-123.259916147912,45.1603408408133],[-123.257837148266,45.1619338414298],[-123.253310148145,45.1654348410012],[-123.251600148428,45.16681184065],[-123.251222148084,45.1671178412714],[-123.246164147757,45.171050841879],[-123.245516147552,45.1712398425009],[-123.243707147767,45.1724818422194],[-123.241565147913,45.1739398420062],[-123.237470147929,45.1765948421344]],[[-123.237335147999,45.1766668418574],[-123.237299148137,45.1767388424797],[-123.232070148019,45.1802668423969],[-123.229586147683,45.1818778420449],[-123.224834147977,45.1849918417562],[-123.221351148337,45.1872688424392],[-123.220604148063,45.1877638418839],[-123.219857147789,45.1882138419514],[-123.21937114786,45.1885198416735],[-123.217616147867,45.1897528418763],[-123.217400147799,45.1897978421528],[-123.21668014787,45.1899328420831],[-123.216131147734,45.1900228417369],[-123.215465147598,45.1901218418057],[-123.213557147744,45.190193842428],[-123.21128014796,45.190265842151],[-123.210065147688,45.1904188420121],[-123.209993147965,45.1911478423552],[-123.21000214838,45.1917688422145],[-123.210020148311,45.1924888421425],[-123.210020148311,45.1928398421411],[-123.210164147757,45.1946038416501],[-123.20818414818,45.1959718417832],[-123.208031148319,45.1961158421286],[-123.207806147835,45.1963138422661],[-123.207662148389,45.1964578417122],[-123.207329148321,45.1968538419874],[-123.207014148184,45.197213842401],[-123.20650114791,45.1978258418453],[-123.206411148256,45.1979338423291],[-123.206339147633,45.1980058420521],[-123.206222147634,45.1981678423282],[-123.205736147705,45.1987348423952],[-123.205376148191,45.1992028423934],[-123.204566147709,45.2000938421133],[-123.20433214771,45.2003188416973],[-123.203513147714,45.20116484204],[-123.20201014765,45.2023078416897],[-123.201794147582,45.2024878418965],[-123.201218147999,45.2028388418952],[-123.200489147656,45.2032708420319],[-123.199832147935,45.2037748418916],[-123.19970614842,45.2038918418911],[-123.199130147938,45.2040448417522],[-123.198059148011,45.2047648416802],[-123.197924148081,45.2052328416784],[-123.197915147666,45.2060518416753],[-123.197897147735,45.2074108422927],[-123.197897147735,45.2079058417373],[-123.197897147735,45.2085718418731],[-123.197897147735,45.2092828422854],[-123.197897147735,45.210038842075],[-123.197870148289,45.2107498424873],[-123.197870148289,45.2114068422081],[-123.197834148427,45.2121358416519],[-123.197834148427,45.2128288421335],[-123.197834148427,45.2135668419923],[-123.197834148427,45.2143048418511],[-123.197834148427,45.2149798424019],[-123.197834148427,45.2157088418457],[-123.197870148289,45.2165278418425],[-123.197870148289,45.2183458420431],[-123.197870148289,45.2186608421803],[-123.197807148081,45.2189128421101],[-123.197582147598,45.2199838420368],[-123.197510147875,45.2201188419671],[-123.196556147948,45.2214598417544],[-123.196061147604,45.2219278417526],[-123.194963148231,45.2229988416793],[-123.194477148302,45.2234128418853],[-123.194306147611,45.2235748421614],[-123.193118147684,45.2240248422288],[-123.191858148035,45.2243308419509],[-123.190607147902,45.2246728424338],[-123.189716148182,45.2249158419487],[-123.189230148253,45.2250328419482],[-123.187331147914,45.2254018418776],[-123.181661148143,45.2265898418039],[-123.174479147894,45.2284168424195],[-123.172859147831,45.2288128417953],[-123.171311148391,45.229082841656],[-123.171005147769,45.2291368423476],[-123.170807147632,45.2291818417247],[-123.169799147912,45.2293978417931],[-123.168755148331,45.2296228422765],[-123.16728814813,45.2300188416523],[-123.167162147715,45.2300548424132],[-123.167099148407,45.2300638419289],[-123.166964147577,45.2300908422747],[-123.166064148342,45.2302798419972],[-123.164777148347,45.2305678417886],[-123.164561148278,45.2306038416501],[-123.163751147797,45.2307748423412],[-123.16343614766,45.2308378416492],[-123.161978147873,45.2313058416474],[-123.161204148153,45.2316838419919],[-123.160817148293,45.2318008419914],[-123.159602148021,45.2323768424734],[-123.158495148232,45.2330068418484]],[[-123.435686147997,46.169744841708],[-123.435380148275,46.1695648424005],[-123.434714148139,46.1687188420579],[-123.434489147656,46.1680798422679],[-123.434561148278,46.164992842003],[-123.434030148073,46.1636158423542],[-123.433157148284,46.1623918416671],[-123.430511147671,46.1599618420223],[-123.429098148161,46.1589088420264],[-123.42791914775,46.1582518423056],[-123.42623614838,46.157486842101],[-123.424490147902,46.1568838421725],[-123.422798148116,46.156352841967],[-123.420557148194,46.155632842039],[-123.417551148067,46.1544718424585],[-123.415940148419,46.1537158417696],[-123.415778148143,46.1536528424617],[-123.415580148005,46.1535358424621],[-123.412880147601,46.1520958417067],[-123.411440147745,46.1514118416401],[-123.411305147814,46.1513218419864],[-123.409667147821,46.1505658421968],[-123.409037148446,46.1502328421289],[-123.408533147687,46.1499448423375],[-123.40746214776,46.1493958422012],[-123.406697147555,46.148918841788],[-123.40335814826,46.1470378422795],[-123.400091147788,46.1452108416639],[-123.387536147975,46.1381368418986],[-123.386978148323,46.1377588424535],[-123.384350147641,46.1363278421131],[-123.383387148198,46.1357698424612],[-123.381956147858,46.1349328416342],[-123.378140148149,46.1328178421266],[-123.377096147669,46.1322328421288],[-123.37686214767,46.1320978421986],[-123.376232148295,46.1316928424076],[-123.376178147603,46.1316748424769],[-123.375809147674,46.1314588424085],[-123.374315148026,46.1304238423433],[-123.372560148032,46.1291368423483],[-123.372101148449,46.1288038422804],[-123.371930147758,46.1286778418658],[-123.371795147828,46.128578841797],[-123.369176147561,46.126814842288],[-123.367718147774,46.1260228417376],[-123.367412148052,46.1258968422224],[-123.365612147782,46.1251858418101],[-123.364739147993,46.1248258422956],[-123.36412714765,46.1245738423658],[-123.358250148226,46.1220988424445],[-123.354830147893,46.1212978423784],[-123.354398147756,46.1212798424477],[-123.353201148314,46.121000842172],[-123.352787148108,46.1209108416189],[-123.352616148317,46.1208748417574],[-123.352400148248,46.1208388418959],[-123.345128148345,46.1191468421099],[-123.330440148194,46.1159158423991],[-123.325967147866,46.1149258417111],[-123.32429314801,46.114538841851],[-123.323789148151,46.1144308422664],[-123.311198147576,46.111568842485],[-123.31078414827,46.1115148417934],[-123.307616147867,46.1107948418654],[-123.306374148148,46.1104888421432],[-123.302720147817,46.1100658424216],[-123.298751148247,46.1100838423523],[-123.297293147561,46.1101738420061],[-123.296186147772,46.1102368422134],[-123.292964147577,46.1106778418658],[-123.286295147603,46.1120188416531],[-123.278834147978,46.1135128422008],[-123.270599147732,46.1151508421945],[-123.27015814808,46.1152408418483],[-123.251231147599,46.1188408423879],[-123.242708147563,46.1204698419665],[-123.240008148058,46.1207488422422],[-123.238370148064,46.1207038419656],[-123.237686147997,46.1206858420348],[-123.234266147665,46.1200378418298],[-123.23247514781,46.1196238416239],[-123.231764148297,46.1194708417628],[-123.230369147818,46.1189668419031],[-123.229406148375,46.1186068423888],[-123.215951148427,46.1137108423384],[-123.215159147876,46.1133508419246],[-123.214007147812,46.1125768422043],[-123.213017148023,46.1118118419998],[-123.210416147687,46.1098048420767],[-123.210173148172,46.1096698421464],[-123.208211147626,46.1086348420812],[-123.207464148252,46.1082568417367],[-123.207230148253,46.1079958422912],[-123.206969147908,46.107104841672],[-123.206834147978,46.1061688416756],[-123.206537147771,46.1055838416778],[-123.206339147633,46.1053948419553],[-123.205718147774,46.1048008424418],[-123.205646148051,46.1047288418194],[-123.205565147913,46.1046658416122],[-123.2049711484,46.1041798416832],[-123.203882147643,46.1036848422386],[-123.202892147854,46.1031988423096],[-123.201605147859,46.1026858420349],[-123.201380148275,46.1025958423811],[-123.201110148415,46.1025148422431],[-123.199967147866,46.1021458423136],[-123.199670147659,46.1020648421756],[-123.198716147732,46.1019208418303],[-123.198266147665,46.101857841623],[-123.196781148431,46.101857841623],[-123.195881148296,46.1019118423145],[-123.195458147675,46.1019298422453],[-123.194306147611,46.1020018419683],[-123.193694148166,46.1020378418298],[-123.192155148241,46.1021278423829],[-123.187025148192,46.1024518420357],[-123.184586148132,46.1025958423811],[-123.175856148442,46.1031628424481],[-123.172625147832,46.1034508422394],[-123.170690147632,46.1034238418937],[-123.168395147918,46.1031988423096],[-123.167927147919,46.1030368420335],[-123.167603148267,46.1029738418262],[-123.166505147994,46.1024158421742],[-123.166433148271,46.102361842382],[-123.165695148412,46.1017858419],[-123.164777148347,46.1008768422493],[-123.16358914842,46.1000758421832],[-123.163202147661,46.0999048423914],[-123.147281148206,46.0967098416427],[-123.146930148208,46.096628842404],[-123.13322314833,46.0943158418595],[-123.128498148071,46.0935868424157],[-123.126230147803,46.0935688424849],[-123.124763147601,46.0937758421382],[-123.123818148089,46.0939108420685],[-123.123215148161,46.0940368424831],[-123.114719147571,46.0958998420609],[-123.112514148409,46.0961428424751],[-123.110615148071,46.0961428424751],[-123.109076148146,46.0959898417147],[-123.103478148098,46.0949818419952],[-123.101057147969,46.0944418422741],[-123.099572147836,46.0942348417214],[-123.099500148113,46.0942258422057],[-123.097367147776,46.0941268421369],[-123.095225147922,46.0942618420672],[-123.093002147931,46.094432841859],[-123.086198148026,46.0949548416495],[-123.081896148389,46.0953058416481],[-123.080582148048,46.0955128422007],[-123.07962814812,46.0956658420618],[-123.078350147641,46.0959628422682],[-123.077297147645,46.096205841783],[-123.074570147794,46.0970068418491],[-123.074273147588,46.0971688421252],[-123.069773147813,46.0985638417048],[-123.068063148096,46.098968842395],[-123.066389148241,46.0992028423941],[-123.065525147967,46.0992568421864],[-123.063860147628,46.0992568421864],[-123.06033214771,46.098968842395],[-123.05812714765,46.0987888421882],[-123.057101148,46.0986988416351],[-123.050972147746,46.0981858422597],[-123.04721014783,46.0978168423303],[-123.042755148331,46.0974658423316],[-123.041837148266,46.0973308424013],[-123.039866148204,46.0971508421944],[-123.037031147869,46.0968988422646],[-123.036752147594,46.0968808423338],[-123.033899148227,46.096628842404],[-123.02278414827,46.0956568416468],[-123.018311147941,46.0952608422709],[-123.013973148442,46.0952608422709],[-123.011408147968,46.0955848419237],[-123.008222147634,46.0961698419215],[-123.006251147572,46.096700842127],[-123.001220147592,46.0983928419129],[-123.000716147732,46.0990228421873],[-122.996315148026,46.0997248421845],[-122.993408147968,46.0994188424625],[-122.979422147814,46.0979248419148],[-122.973518148044,46.0960258424755],[-122.971367147776,46.0957558417156],[-122.971214147915,46.0957288422691],[-122.969909147989,46.0956028418545],[-122.96928814813,46.0955398416472],[-122.969207147991,46.0958278423379],[-122.9689191482,46.0968268416423],[-122.966615148071,46.0993288419094],[-122.966417147933,46.0996258421158],[-122.965121148422,46.1010298421104],[-122.961917148158,46.1045308416819]],[[-123.436073147857,46.1699968416379],[-123.437315147576,46.1703208421901],[-123.438710148055,46.1704288417746],[-123.441113148253,46.1703208421901],[-123.442850148316,46.1701048421217],[-123.450806148285,46.1689168421955],[-123.451400147799,46.1689078417804],[-123.452201147865,46.1688988422647],[-123.457394148121,46.1693848421937],[-123.465494148436,46.1701048421217],[-123.469625148282,46.1705008423969],[-123.470795148277,46.1705008423969],[-123.471632148205,46.170239842052],[-123.473720148266,46.1696458416393],[-123.474287148333,46.1694658423317],[-123.474539148263,46.1694028421244],[-123.479471148175,46.1679988421298],[-123.480164147757,46.1678728417152],[-123.481775148304,46.1678638421995],[-123.483818148089,46.1681338420601],[-123.485024147946,46.1685568417818],[-123.486095147873,46.16902484178],[-123.487265147868,46.1698528421919],[-123.488237147726,46.1705278418434],[-123.489713148343,46.1715628419086],[-123.490793147785,46.1721838417679],[-123.492080147781,46.1726608421811],[-123.495500148113,46.1736688419005],[-123.499478148098,46.1746588416891],[-123.501233148091,46.1749468423798],[-123.504014147735,46.1753788416172],[-123.505013147938,46.1754688421703],[-123.506165148003,46.1756308424464],[-123.514283148249,46.1763688423052],[-123.516290148172,46.1762068420291],[-123.517487147614,46.1759908419607],[-123.51958414809,46.1756128416163],[-123.521294147807,46.1756398419621],[-123.525929148411,46.1759998423758],[-123.526460147718,46.1760088418915],[-123.527252148268,46.1760268418223],[-123.533723148105,46.1756218420314],[-123.534857148239,46.1755768417548],[-123.535154148445,46.1755408418933],[-123.538961147739,46.1750548419643],[-123.548213148118,46.1732908424554],[-123.554324148441,46.171940842253],[-123.554936147885,46.1718058423227],[-123.562622147994,46.1698798416383],[-123.56470114764,46.1693848421937],[-123.565853147705,46.1691508421945],[-123.568472147971,46.1688808423339],[-123.570515147756,46.1686738417813],[-123.575879147804,46.1683228417827],[-123.580487148063,46.1680798422679],[-123.581378147783,46.1680258424756],[-123.586256147903,46.1677828420615],[-123.589829148097,46.1675578424774],[-123.591899148227,46.167413842132],[-123.595328148076,46.1671978420637],[-123.598514148409,46.1669998419261],[-123.603230148253,46.1666578423425],[-123.603455147837,46.1666398424117],[-123.611069148223,46.1661088422063],[-123.613265147868,46.1659648418609],[-123.613751147797,46.1659378424144],[-123.619835147774,46.16555984207],[-123.6229581479,46.1653708423474],[-123.623525147967,46.165334842486],[-123.626234147888,46.1651728422098],[-123.63157114759,46.1648668424878],[-123.642983147754,46.1640568420066],[-123.645656147813,46.1639308424913],[-123.646403148087,46.1640208421451],[-123.647366148429,46.1642098418677],[-123.648482147733,46.1644348423511],[-123.650219147795,46.16492084228],[-123.653279147714,46.1653438420016],[-123.655421147568,46.1657398422768],[-123.658805148039,46.1663608421361],[-123.660164147757,46.1666128420659],[-123.668057148419,46.1682238417139],[-123.669830148343,46.1686018420583],[-123.671999147642,46.1690158422642],[-123.673709148259,46.1693668422629],[-123.675419147975,46.1697178422616],[-123.676337148041,46.1699518422607],[-123.678479147894,46.1704288417746],[-123.679577148167,46.1705908420507],[-123.680855147747,46.1705728421199],[-123.681575147675,46.1704648416361],[-123.683609147944,46.1698348422611],[-123.687002147931,46.1687188420578],[-123.692699148047,46.1665588422737],[-123.693599148182,46.1662258422058],[-123.693707147767,46.16619884186],[-123.694976147831,46.1660908422755],[-123.696605148309,46.1661808419292],[-123.69687514817,46.1662438421366],[-123.697631147959,46.1664508417899],[-123.698063148096,46.1666398424117],[-123.698819147885,46.1668828419266],[-123.698909148438,46.1669278422031],[-123.701411147806,46.1682328421289],[-123.703490148352,46.1690788424716],[-123.705227148414,46.1692408418483],[-123.707234148337,46.1694028421244],[-123.707774148058,46.1694028421244],[-123.710177148257,46.1694028421244],[-123.710321147703,46.1694028421244],[-123.712175147765,46.1694388419859],[-123.71655814844,46.1695378420547],[-123.717170147884,46.169600842262],[-123.719681147667,46.1697358421923],[-123.723614148274,46.1693758417786],[-123.725234148337,46.1694208420552],[-123.727799147912,46.1698078419153],[-123.729320147906,46.170158841914],[-123.729806147835,46.1701138416375],[-123.730886148177,46.1700508423294],[-123.732569148447,46.1699338423299],[-123.735206147745,46.1697088418465],[-123.736061147604,46.1695828423313],[-123.738581147802,46.1692768417098],[-123.739652147728,46.1691328422638],[-123.740372147656,46.1689978423335],[-123.740741147586,46.1688448424724],[-123.742694147717,46.1680798422679],[-123.742766148339,46.1680348419913],[-123.742811147716,46.1680078416456],[-123.742865148408,46.1679358419225],[-123.743099148407,46.1671978420637],[-123.743207147991,46.1669278422031],[-123.743396147714,46.1666398424117],[-123.743603148267,46.1664598422049],[-123.744215147711,46.1660728423448],[-123.744278147918,46.1660278420682],[-123.745277148122,46.1657578422076],[-123.746321147703,46.1655868424158],[-123.746411148256,46.1655958419315],[-123.746906147701,46.1656408422081],[-123.748004147973,46.1659828417917],[-123.748589147971,46.1661178417219],[-123.749750147551,46.1661178417219],[-123.74998414755,46.1661178417219],[-123.751253147615,46.1662438421366],[-123.751991148373,46.1664868416514],[-123.752450147956,46.1666308419967],[-123.752855147747,46.166765841927],[-123.75383614802,46.1670718416491],[-123.754304148018,46.1672158419944],[-123.754538148017,46.167404841717],[-123.754790147947,46.1676118422697],[-123.75501514843,46.1678818421303],[-123.755078147738,46.1678908416459],[-123.755870148289,46.1679988421298],[-123.755969148357,46.1683228417827],[-123.756329147872,46.1689798424027],[-123.756581147802,46.1697088418465],[-123.756581147802,46.1698708421226],[-123.756698147801,46.1712028423942],[-123.756626148078,46.1715538423928],[-123.756473148217,46.172426842182],[-123.756761148009,46.1734618422472],[-123.756725148147,46.1738308421766],[-123.756689148286,46.174280842244],[-123.756653148424,46.1743798423128],[-123.756266147665,46.1751988423097],[-123.756194147942,46.1752798424477],[-123.755501148359,46.1759998423758],[-123.755312147737,46.176125841891],[-123.752774147609,46.1780968419527],[-123.752576148371,46.1782948420902],[-123.752378148233,46.1784928422278],[-123.751982147958,46.1790598422948],[-123.751676148236,46.1797168420156],[-123.751595148098,46.1800498420835],[-123.751253147615,46.1811118424945],[-123.75062314824,46.1824168424203],[-123.750416147687,46.1828578420727],[-123.750434147618,46.1831998416563],[-123.750461147964,46.1835058422778],[-123.750695147963,46.1841448420678],[-123.750857148239,46.1844508417899],[-123.750956148308,46.1845948421352],[-123.751253147615,46.1848558424801],[-123.753089147746,46.1863588416442],[-123.753494148436,46.1868088417117],[-123.753755147882,46.1873308424014],[-123.75461014774,46.1880598418452],[-123.755663147736,46.1884828424662],[-123.756383147664,46.1887528423268],[-123.756707148216,46.1891218422562],[-123.757337147591,46.1901928421829],[-123.758489147656,46.1913358418326],[-123.759155147792,46.1916958422463],[-123.759713148343,46.1918668420381],[-123.760352148133,46.1920378418299],[-123.761657148059,46.1924068417593],[-123.762899147777,46.1930278416185],[-123.76388014805,46.1935228419626],[-123.765230148253,46.1940808416146],[-123.768461147964,46.1946568420966],[-123.768713147893,46.1946748420273],[-123.769514147959,46.1947288418196],[-123.771755147882,46.1948818416806],[-123.7729971476,46.1948548422342],[-123.775670147659,46.1947918420269],[-123.777911147581,46.1942698422364],[-123.778964147577,46.1940808416146],[-123.781025148192,46.1941078419603],[-123.78250114791,46.1941708421676],[-123.785471148175,46.1942878421671],[-123.787883147889,46.1943778418209],[-123.789395148367,46.1943598418901],[-123.790214148364,46.1943688423052],[-123.790907147946,46.194386842236],[-123.792491148148,46.1940358422373],[-123.793508148282,46.1937028421694],[-123.794399148002,46.1935408418933],[-123.798017147573,46.1932888419635],[-123.799925148327,46.1933608416865],[-123.801608147698,46.1932888419635],[-123.802427147695,46.1932888419635],[-123.802904148108,46.1932708420327],[-123.803291147968,46.1932618416177],[-123.80398414845,46.1932348421712],[-123.80462314824,46.1930908418259],[-123.805190148307,46.1929558418956],[-123.805604147613,46.1927938416195],[-123.806000147888,46.1926228418277],[-123.806675148439,46.1923708418978],[-123.807431148229,46.1920828421065],[-123.808619148155,46.1916148421082],[-123.809600148428,46.1910928423178],[-123.810716147732,46.1906068423888],[-123.811994148211,46.1899858416303],[-123.814235148134,46.1888518423956],[-123.815666147575,46.1886898421195],[-123.81658414764,46.1887618418425],[-123.817430147983,46.1891128418412],[-123.817898147981,46.1893108419788],[-123.818330148118,46.189364841771],[-123.818492148394,46.1893468418403],[-123.820139147903,46.1893288419095],[-123.821957148104,46.18921184191],[-123.823019147616,46.1891218422562],[-123.823775148304,46.1890858423947],[-123.824414148094,46.1890408421182],[-123.825575147675,46.1889778419108],[-123.825872147881,46.1889688423951],[-123.827177147807,46.1892388422557],[-123.828509148079,46.189445841909]],[[-123.828671148355,46.1894908421856],[-123.830057148419,46.1895808418393],[-123.831659147652,46.1896978418389],[-123.832613147579,46.1897698424612],[-123.833603148267,46.1898238422535],[-123.834521148332,46.1899768421145],[-123.835412148052,46.190426842182],[-123.836429148187,46.1904808419742],[-123.837392147629,46.1904718424585],[-123.838400148248,46.1905168418358],[-123.839417148383,46.190570841628],[-123.840407148171,46.1905618421123],[-123.843026148438,46.1905348417665],[-123.844952148223,46.1905258422508],[-123.845978147873,46.1905168418358],[-123.846626148078,46.1903818419055],[-123.846779147939,46.1903188416982],[-123.847193148145,46.1901298419756],[-123.847472148421,46.1900218423911],[-123.84809314828,46.1898238422535],[-123.848912148277,46.1894728422549],[-123.849299148137,46.190336841629],[-123.849407147722,46.1905978419738],[-123.849533148136,46.1908948421802],[-123.851504148198,46.1947558421653],[-123.87161014819,46.2350128424258],[-123.874211147626,46.2401158421295],[-123.874499148317,46.2406648422657],[-123.87457114804,46.2409258417113],[-123.874274147834,46.2410248417801],[-123.873959147696,46.2411238418489],[-123.872690147632,46.2415288416398],[-123.871439148398,46.2426178423965],[-123.870125148057,46.2434458428085],[-123.869576147921,46.2440398432213],[-123.868352148133,46.2466498430729],[-123.867767148135,46.2475678431385],[-123.866507147587,46.2487558430648],[-123.865913148073,46.2491158434784],[-123.865265147868,46.2493408430625],[-123.864626148078,46.249376842924],[-123.863897147735,46.2493678434083],[-123.862619148155,46.2493228431318],[-123.862124147811,46.249223843063],[-123.861071147815,46.2493228431318],[-123.860180148095,46.2494308427163],[-123.85928014796,46.2498268429915],[-123.858200147619,46.2504118429892],[-123.853592148259,46.2546148434573],[-123.852899147777,46.2553438429011],[-123.852800147709,46.2555598429694],[-123.852872148331,46.2583408426129],[-123.852818147639,46.2584938433732],[-123.852638148332,46.2589798433022],[-123.852602147571,46.2590248426795],[-123.851855148196,46.2599158432986],[-123.850802148201,46.2605188432271],[-123.850514148409,46.2605638435037],[-123.848273147588,46.2609148435023],[-123.84768814759,46.2610048431561],[-123.847607148351,46.2610228430868],[-123.846860148077,46.2611488435014],[-123.846374148148,46.2612298427401],[-123.843980148365,46.2616078430846],[-123.842225148372,46.2618868433602],[-123.840785147616,46.2621028434285],[-123.840047147758,46.2624178426664],[-123.838877147762,46.2634168428701],[-123.837878147558,46.2644518429353],[-123.837824147766,46.2645148431426],[-123.837752148043,46.2646138432114],[-123.837698148251,46.2646858429344],[-123.837491147698,46.26496484321],[-123.835673148397,46.267304843201],[-123.834683147709,46.2681238431979],[-123.834206148195,46.2683848426434],[-123.834152148403,46.2684208434043],[-123.833738148197,46.2686278430576],[-123.833432147576,46.2687988428494],[-123.831587147928,46.2697798431224],[-123.831353147929,46.2697978430531],[-123.831029148277,46.2698248433989],[-123.830606147656,46.2698788431912],[-123.829058148215,46.2700228426372],[-123.825422147814,46.2701578434668],[-123.823667147821,46.2701938433283],[-123.822857148239,46.2702208427748],[-123.82237114831,46.270130843121],[-123.820193147696,46.2697258433301],[-123.819986148042,46.2696898434686],[-123.819635148044,46.2697258433301],[-123.81888814777,46.2698158429838],[-123.818474147564,46.2699688428449],[-123.818177148257,46.2700858428445],[-123.817961148188,46.2702298431898],[-123.817151147707,46.2707878428418],[-123.816620148401,46.2713818432546],[-123.816494147987,46.2722278426979],[-123.816431147779,46.2736948428998],[-123.814883148339,46.2767998430954],[-123.81441514834,46.2776908428153],[-123.814217148203,46.2778708430221],[-123.812966148069,46.279904843291],[-123.811319147661,46.2829288433486],[-123.810851147662,46.2835408427928],[-123.810230147803,46.2839998432752],[-123.808052148088,46.2850528432712],[-123.80746714809,46.2856558431997],[-123.807287147884,46.2860608429906],[-123.807287147884,46.2869878434713],[-123.807593147606,46.2877888426381],[-123.807953148019,46.2882118432591],[-123.810194147942,46.2898768426993],[-123.810689148286,46.2904168433198],[-123.810833147732,46.2908308426264],[-123.810941148215,46.2909298426952],[-123.811094148076,46.291109842902],[-123.811094148076,46.2920728432442],[-123.811040148284,46.2922258431053],[-123.810941148215,46.2924778430352],[-123.810716147732,46.2928738433103],[-123.810617147663,46.2932068433783],[-123.809177147807,46.2950338430945],[-123.808214148364,46.2968158434335],[-123.807917148158,46.2971938428787],[-123.807755147882,46.2972298427402],[-123.807692147674,46.2974638427393],[-123.805451147752,46.2993358427321],[-123.804092148034,46.300316843005],[-123.80270614797,46.3010998431404],[-123.801590147767,46.3019728429295],[-123.800627148324,46.303061842787],[-123.800204147703,46.3041598430595],[-123.800123147565,46.3050238433329],[-123.800276148326,46.3062208427748],[-123.800375148394,46.3062388427056],[-123.800663148186,46.3078408428377],[-123.800762148254,46.3079848431831],[-123.800924147631,46.3086958426961],[-123.801518148044,46.3111978429632],[-123.801905147904,46.3127998430954],[-123.801905147904,46.3140778426755],[-123.801491147698,46.3152928429475],[-123.800726148393,46.3181278432825],[-123.798656148263,46.32616484339],[-123.797990148127,46.3286398433113],[-123.797918148404,46.3298998429606],[-123.798053148334,46.3308088426111],[-123.798152148403,46.3308628433028],[-123.798251147572,46.3312138433014],[-123.799133147777,46.3326358432268],[-123.799925148327,46.3334908430851],[-123.800366147979,46.3336528433613],[-123.802805148039,46.3351738433554],[-123.803003148177,46.3352728434242],[-123.804785147616,46.3356598432843],[-123.805505148444,46.3357498429381],[-123.810230147803,46.337297843278],[-123.810617147663,46.3374148432776],[-123.812039147589,46.3382878430667],[-123.812840147655,46.3393228431319],[-123.813092147584,46.3396648427155],[-123.813200148068,46.3397998426458],[-123.813767148135,46.3409878434714],[-123.81387514772,46.3423558427052],[-123.813893147651,46.3426438433959],[-123.814622147994,46.3479088433756],[-123.814883148339,46.3495108426086],[-123.81530614806,46.3517968428073],[-123.815612147782,46.3545328430735],[-123.815405148129,46.3592758432628],[-123.815081147577,46.3622728429746],[-123.814388147995,46.3633168434548],[-123.813983148204,46.3637578431072],[-123.813830148343,46.3639108429683],[-123.811652147728,46.3655398434463],[-123.810329147872,46.3667638432341],[-123.809006148015,46.3677268426769],[-123.805136147615,46.3718038427304],[-123.80411914838,46.3729648432102],[-123.803129147692,46.3739728429296],[-123.802751148247,46.3748278427879],[-123.802625147832,46.3751338434094],[-123.802427147695,46.3756558431998],[-123.798575148125,46.3763308428514],[-123.797873148127,46.3764208434045],[-123.795425147652,46.3767358426423],[-123.794570147794,46.3767358426423],[-123.79370614842,46.3765648428504],[-123.790250148226,46.3754668434773],[-123.788990147677,46.3751428429251],[-123.78571414769,46.372496843212],[-123.785615147621,46.3724158430739],[-123.785030147623,46.3719748434215],[-123.784724147901,46.3717498429382],[-123.782915148116,46.3702648428055],[-123.782726148393,46.3701388432902],[-123.782321147703,46.3698688434297],[-123.780206148195,46.3679788435061],[-123.779261147784,46.3671238427484],[-123.77774014779,46.366277843305],[-123.776786147862,46.3658458431684],[-123.775040148284,46.3653958431009],[-123.773708148013,46.365062843033],[-123.77146714809,46.3644778430353],[-123.76978414782,46.3637938429687],[-123.768587148378,46.3629568430411],[-123.767570148244,46.3622998433203],[-123.766355147972,46.3615258427007],[-123.765590147767,46.3610038429102],[-123.764465148048,46.3603018429129],[-123.764204147703,46.3601398426368],[-123.764033147911,46.3600408434674],[-123.763871147635,46.3599148430528],[-123.763430147983,46.3596088433307],[-123.7629711484,46.3592938431936],[-123.760676147786,46.3576648427156],[-123.76028014841,46.3573408430627],[-123.758030148073,46.3558828432758],[-123.757085147661,46.3553968433469],[-123.756815147801,46.3553068427938],[-123.755816147597,46.3549648432102],[-123.75126214803,46.354649843073],[-123.749615147621,46.35457784335],[-123.747095148322,46.3544788432812],[-123.739580148005,46.3541368427982],[-123.738518147594,46.3541008429368],[-123.736403148087,46.354001842868],[-123.735476147606,46.3539658430064],[-123.726764147847,46.3535698427313],[-123.725324147991,46.3535068434233],[-123.724208147788,46.353371843493],[-123.721139148353,46.3519228432219],[-123.718925147877,46.3508608428108],[-123.71886214767,46.3508248429493],[-123.718763147601,46.3507708431571],[-123.716450147956,46.3494208429548],[-123.716216147957,46.3491868429556],[-123.715388148444,46.3484398426819],[-123.714884147685,46.3478008428918],[-123.712130148388,46.3444078429048],[-123.711851148112,46.3440928427677],[-123.711698148251,46.3438948426301],[-123.710573147633,46.342454842774],[-123.710438147702,46.3422838429821],[-123.708863147916,46.3403758431279],[-123.708719147571,46.3401778429903],[-123.707864147712,46.3391248429943],[-123.70767514799,46.338917843341],[-123.707603148267,46.3388368432029],[-123.706973147992,46.3380628434826],[-123.706793147785,46.337783843207],[-123.706640147924,46.3375678431387],[-123.706082148273,46.3369198429336],[-123.705389147791,46.3363888427281],[-123.705101148,46.3362178429363],[-123.704426148348,46.3358398434912],[-123.702482147733,46.3352008428019],[-123.701690148082,46.3350028426642],[-123.700484148225,46.3346608430806],[-123.699521147883,46.33439084322],[-123.698918147954,46.3342198434282],[-123.697865147958,46.3339138428068],[-123.697298147891,46.3337878432915],[-123.696740148239,46.3336528433613],[-123.695651148382,46.3331938428787],[-123.694967148315,46.332689843019],[-123.694328147626,46.3319968434367],[-123.694193147696,46.3317088427461],[-123.693869148043,46.3310338430946],[-123.693734148112,46.3293958431009],[-123.693698148251,46.3285138428967],[-123.693635148044,46.3269298426953],[-123.693338147837,46.3251928426328],[-123.693239147768,46.3249228427721],[-123.691556148398,46.321070843202],[-123.691340148329,46.3204678432735],[-123.691331147914,46.3201168432749],[-123.691367147776,46.3192258426557],[-123.691124148261,46.3185868428657],[-123.690440148194,46.3181998430055],[-123.68981014792,46.3181098433517],[-123.688955148062,46.3181998430055],[-123.686408148417,46.319441842724],[-123.686255147657,46.3195768426543],[-123.686111148211,46.3196668432074],[-123.681377148437,46.3222138428518],[-123.679550147821,46.3232038426404],[-123.67928014796,46.32333884347],[-123.679118147684,46.323410843193],[-123.676679147625,46.3248508430491],[-123.676220148041,46.3251208429097],[-123.674429148187,46.326308842836],[-123.672818147639,46.3271638426944],[-123.671126147853,46.3278928430375],[-123.67053214834,46.3282078431746],[-123.668921147793,46.3290268431715],[-123.667931148004,46.3293688427551],[-123.667679148074,46.3294228434467],[-123.66757114759,46.3294948431697],[-123.666203148357,46.3299178428913],[-123.663305147814,46.3308088426111],[-123.662351147887,46.3312588426786],[-123.661892148304,46.331411843439],[-123.66037114831,46.3322308434359],[-123.65868814804,46.3328878431566],[-123.657824147766,46.3330768428792],[-123.656717147978,46.333175842948],[-123.653288148129,46.3334548432236],[-123.649751147797,46.3337338434993],[-123.647573148082,46.3338868433603],[-123.645854147951,46.3342828427362],[-123.643910148235,46.3349038434948],[-123.64314514803,46.3350118430793],[-123.642650147686,46.3349938431485],[-123.640796147624,46.3345978428734],[-123.640409147764,46.3345978428734],[-123.639752148043,46.3345978428734],[-123.638564148117,46.3348498428032],[-123.637205148399,46.3352188427326],[-123.635720148266,46.3357948432146],[-123.635225147922,46.3360648430752],[-123.634100148203,46.3363618432817],[-123.632804147793,46.33657784335],[-123.632390147587,46.336649843073],[-123.631625148282,46.3369288433487],[-123.631130147938,46.3373158432088],[-123.630635147594,46.3379098427223],[-123.630122148218,46.3387198432034],[-123.62963614829,46.3394578430622],[-123.629294147807,46.3400068431985],[-123.628754148085,46.340834842711],[-123.628259147741,46.34132084264],[-123.627323147745,46.34197784326],[-123.626252147818,46.3425268433963],[-123.625910148235,46.3426168430501],[-123.62332714783,46.3441018431827],[-123.622832148385,46.3444438427663],[-123.62257114804,46.3448668433873],[-123.622382148317,46.345514842693],[-123.622157147834,46.3459828426913],[-123.621986148042,46.3463158427592],[-123.620663148186,46.3476748433765],[-123.620033147911,46.3482508429593],[-123.61961014819,46.3486468432345],[-123.618980147915,46.3499968434368],[-123.616883148339,46.3521928430824],[-123.616235148134,46.352867842734],[-123.615722147859,46.3532728434242],[-123.614030148073,46.3540558426602],[-123.611888148219,46.3555858430694],[-123.61010614788,46.3561078428599],[-123.608621147748,46.3562248428594],[-123.604616148317,46.3563688432048],[-123.602069147773,46.3564678432735],[-123.600386148402,46.3565218430658],[-123.598811147716,46.3565758428581],[-123.598487148063,46.3566208431346],[-123.596930148208,46.3568548431337],[-123.592970148154,46.3577548432686],[-123.59261014774,46.3578268429917],[-123.591260148437,46.3578268429917],[-123.590018147819,46.3577728431994],[-123.58953214789,46.3577368433379],[-123.584978148323,46.3574938429238],[-123.579866148204,46.3572328434782],[-123.579479148344,46.3572868432704],[-123.578633148001,46.35740384327],[-123.577751147797,46.3577008434764],[-123.576230147803,46.3587718434031],[-123.573593147606,46.3604188429125],[-123.572729148232,46.3607158431189],[-123.572009148303,46.3607608433955],[-123.570650147686,46.3605268433963],[-123.569498147621,46.3602838429822],[-123.566672147701,46.35932084264],[-123.565925148327,46.3590688427102],[-123.564305148264,46.3584838427124],[-123.56239714841,46.3577728431994],[-123.561830148343,46.3575748430618],[-123.560417147933,46.3570798427178],[-123.558698147801,46.3568818434796],[-123.557708148013,46.3567828434107],[-123.554873147678,46.3562068429287],[-123.553721147613,46.3558198430685],[-123.551012147692,46.3554328432084],[-123.549662148389,46.3549288433487],[-123.548600147978,46.3547308432111],[-123.546980147915,46.3541638431441],[-123.545369148268,46.3538128431454],[-123.541139148353,46.3517788428765],[-123.540581147802,46.3515898431539],[-123.538664148432,46.3512298427403],[-123.537872147881,46.3509058430874],[-123.536522147679,46.349897843368],[-123.535226148168,46.3494388428855],[-123.532328147626,46.3489618433716],[-123.530807147632,46.3485748426121],[-123.530510148325,46.3484128432353],[-123.529034147708,46.3477288431688],[-123.528926148123,46.3476838428922],[-123.528098147711,46.3475218426162],[-123.526856147993,46.3475038426854],[-123.523517147798,46.347701842823],[-123.522590148217,46.3476118431693],[-123.521825148012,46.3474048426166],[-123.520970148154,46.3469008427569],[-123.520079148434,46.3466308428963],[-123.51790114782,46.3463248431742],[-123.516515147756,46.3459648427605],[-123.51532714783,46.3454788428315],[-123.51457114804,46.345370843247],[-123.51341014756,46.3453348433856],[-123.512942147562,46.3454248430392],[-123.510485147571,46.345856843176],[-123.509216148406,46.3458928430375],[-123.507470147929,46.3456678434534],[-123.50595814835,46.3457308427614],[-123.504959148146,46.3460278429678],[-123.503312147737,46.3467658428266],[-123.501926147674,46.3471168428252],[-123.501251148022,46.3471618431018],[-123.500639147678,46.3471888434476],[-123.498866147754,46.347053842618],[-123.498524148171,46.3469368426184],[-123.497930147758,46.3465768431041],[-123.497174147969,46.3456048432461],[-123.495878147558,46.3427338430496],[-123.495716148182,46.3421668429826],[-123.495752148043,46.3414108431931],[-123.496310147695,46.3407538434723],[-123.497795147828,46.3396738431306],[-123.498191148103,46.3390978426485],[-123.498218148449,46.3382968434817],[-123.49796614762,46.3378378429992],[-123.496499148317,46.3366858429345],[-123.496175147765,46.3362358428671],[-123.496040147835,46.3359208427299],[-123.496013148388,46.3350658428716],[-123.496238147972,46.3345078432196],[-123.496274147834,46.3337248430842],[-123.495833148181,46.3327708431571],[-123.494456147633,46.3313308433009],[-123.494456147633,46.3302238426134],[-123.495536147975,46.3284868434502],[-123.495626147629,46.3275778429003],[-123.495212148322,46.32680384318],[-123.492728147986,46.3238068434682],[-123.492269148402,46.3230598431944],[-123.492089148196,46.322843843126],[-123.49192714792,46.3226728433342],[-123.491333148406,46.321781842715],[-123.491135148268,46.3214668434772],[-123.490838148062,46.3212058431323],[-123.488795148277,46.3181368427982],[-123.488399148002,46.316471843358],[-123.488030148073,46.3155808427389],[-123.487211148076,46.3142668432973],[-123.486284147595,46.3133758426782],[-123.486095147873,46.313069842956],[-123.485231147599,46.312340842613],[-123.484403148087,46.3119538427528],[-123.482783148024,46.3115398434461],[-123.481793148235,46.3111978429632],[-123.481001147685,46.3107208434493],[-123.480956148308,46.3106758431728],[-123.479381147622,46.3093888431777],[-123.479192147899,46.3092718431782],[-123.479057147969,46.3091188433171],[-123.476807147632,46.3070668431175],[-123.47419714778,46.304834842711],[-123.474071148265,46.304762842988],[-123.472289147926,46.3036288428539],[-123.471659147651,46.3029538432025],[-123.471416148137,46.3025128426507],[-123.470912148277,46.3014958434156],[-123.47022814821,46.3006948433495],[-123.469337147591,46.2998848428683],[-123.46841014801,46.2990748432865],[-123.468230147803,46.2988948430797],[-123.467474148013,46.2979228432217],[-123.467339148083,46.2975808427388],[-123.466808147878,46.2961408428828],[-123.466808147878,46.2938728426147],[-123.467069148223,46.2918658426916],[-123.467069148223,46.2918388432451],[-123.467159147876,46.2903718430432],[-123.467204148153,46.2896878429767],[-123.467303148222,46.289264843255],[-123.467330147668,46.2888328431183],[-123.467429147737,46.287572843469],[-123.467456148083,46.2867808429187],[-123.467501148359,46.2853948428548],[-123.467429147737,46.2850078429947],[-123.466934148292,46.2843418428589],[-123.466700148293,46.2840358431367],[-123.465566148159,46.2825328430734],[-123.464486147817,46.2810118430792],[-123.463703147682,46.280048842737],[-123.461264147622,46.2766648431651],[-123.46109314783,46.2762238426134],[-123.461030147623,46.2755398434461],[-123.461291147968,46.2745858426197],[-123.461129147692,46.2739198433832],[-123.46057114804,46.2731368432478],[-123.459311148391,46.2722548430437],[-123.458618147909,46.2718768426992],[-123.458222147634,46.2716608426309],[-123.457664147982,46.2712738427707],[-123.457304147568,46.2707338430495],[-123.456935147639,46.2704188429123],[-123.456539148263,46.2703108433279],[-123.456260147987,46.270283842982],[-123.455918148404,46.2702388427055],[-123.45528814813,46.2701578434668],[-123.454424147856,46.2699868427756],[-123.448529147602,46.2693298430549],[-123.446333147956,46.2692668428476],[-123.443390148037,46.2691768431939],[-123.439925148327,46.2689338427797],[-123.4389711484,46.2687358426421],[-123.437891148058,46.268501842643],[-123.435380148275,46.2684118429893],[-123.43459714814,46.2683308428512],[-123.434327148279,46.2683038434047],[-123.432257148149,46.2677998426457],[-123.431123148015,46.2677548432685],[-123.427433147821,46.2679528434061],[-123.427073148307,46.2679078431295],[-123.426686148447,46.267862842853],[-123.425687148243,46.2674758429929],[-123.424598148386,46.2668998434102],[-123.423455147837,46.2662878430666],[-123.42288814777,46.2661888429978],[-123.421817147843,46.2661078428597],[-123.420935147639,46.2660268427217],[-123.419666147575,46.2658018431376],[-123.418307147857,46.2653518430702],[-123.414122148219,46.2631018427329],[-123.412853148154,46.2624178426664],[-123.411755147882,46.2618238431529],[-123.409334147753,46.2602038430899],[-123.406328147626,46.2578728426147],[-123.403232147845,46.2557038433148],[-123.401963147781,46.2548308426264],[-123.401234148337,46.2542098427671],[-123.400613147579,46.2535168431848],[-123.400190147857,46.2526798432572],[-123.40001014765,46.2519688428449],[-123.399866148204,46.2513568434007],[-123.395978147873,46.236758842004],[-123.394673147947,46.231511841955],[-123.394169148088,46.2297928418232],[-123.393935148089,46.2288388418961],[-123.389921148242,46.2150058425027],[-123.389183148384,46.2121708421676],[-123.388994147762,46.21133384224],[-123.388940147969,46.2111628424482],[-123.388904148108,46.2110098416878],[-123.388832148385,46.2108298423803],[-123.388715148385,46.2104518420359],[-123.387977147627,46.2092818420404],[-123.387086147907,46.2084088422513],[-123.386753147839,46.2081838417679],[-123.384350147641,46.2064738420512],[-123.38369314792,46.2061228420525],[-123.383594147852,46.2060598418452],[-123.383396147714,46.2059158423992],[-123.382802148201,46.2054928417782],[-123.381938147927,46.2049618424721],[-123.381794147582,46.204871841919],[-123.381515148205,46.2047098416428],[-123.381326147584,46.2046018420584],[-123.381065148138,46.204457841713],[-123.37918414773,46.2033598423399],[-123.37672714774,46.2020728423448],[-123.376232148295,46.2018118419999],[-123.371354148175,46.1996968424923],[-123.369032148115,46.1986978422886],[-123.368150147911,46.1982568417368],[-123.365954148265,46.1971408424329],[-123.365639148128,46.1969608422261],[-123.365351148337,46.1967808420192],[-123.365270148199,46.196717841812],[-123.364631148409,46.1962228423673],[-123.363110148415,46.194953842303],[-123.361724148351,46.1936668423079],[-123.361607148351,46.1935408418933],[-123.360689148286,46.1926858420349],[-123.360131147734,46.1921638422445],[-123.359897147735,46.1919478421761],[-123.35886214767,46.190984841834],[-123.358007147812,46.1902288420444],[-123.357494148436,46.189778841977],[-123.35708014823,46.1894188424626],[-123.356711148301,46.1891038423254],[-123.355271148445,46.1878348422611],[-123.354290148172,46.1871598417103],[-123.35127514763,46.1856118422697],[-123.351122147769,46.1855398416473],[-123.351059147562,46.1854948422701],[-123.350924147631,46.1853958422013],[-123.34999714805,46.1847838418578],[-123.349250147776,46.1839648418609],[-123.348323148195,46.1827678424189],[-123.346937148131,46.1809408418034],[-123.345353147929,46.1788618421573],[-123.345263148276,46.1787538416734],[-123.344993148415,46.1784928422278],[-123.344831148139,46.1783398423668],[-123.344633148001,46.1781778420907],[-123.334760147763,46.1701228420525],[-123.330422148263,46.1668918423416],[-123.329126147853,46.1649028423492],[-123.328505147994,46.1642098418677],[-123.32801014765,46.1638948417305],[-123.323537148221,46.1624278424279],[-123.314618147909,46.1590258420259],[-123.311099148407,46.1578828423762],[-123.307940148419,46.1570098416878],[-123.305609147944,46.1559928424526],[-123.304394147672,46.155632842039],[-123.302252147818,46.1555968421775],[-123.302018147819,46.1555968421775],[-123.300938148377,46.1554078424549],[-123.299750147551,46.1549848418339],[-123.298931147554,46.1548138420421],[-123.296708147563,46.1546248423195],[-123.296087147704,46.154579842043],[-123.293081147577,46.1543188416981],[-123.292451148202,46.1542738423209],[-123.291803147997,46.1541298419756],[-123.29137114786,46.1540398423218],[-123.290426148348,46.153373842186],[-123.289922147589,46.1530048422566],[-123.289850147866,46.1529598419801],[-123.289004148423,46.1526178423965],[-123.288428147941,46.1525278418434],[-123.288113147803,46.1524918419819],[-123.287825148012,46.1524918419819],[-123.287528147806,46.1524918419819],[-123.286520148086,46.1525008423969],[-123.286016148227,46.1525008423969],[-123.285935148089,46.1525008423969],[-123.282191148103,46.1525278418434],[-123.280877147762,46.1526178423965],[-123.278312148187,46.1531578421176],[-123.277421147568,46.153292842048],[-123.276890148262,46.153373842186],[-123.275774148058,46.1534008416325],[-123.273407147722,46.1532838416329],[-123.269663147736,46.1537338417004],[-123.267494148436,46.1541208424599],[-123.266630148163,46.1543368416289],[-123.265559148236,46.1546068423888],[-123.264578147963,46.1548678418343],[-123.26371414769,46.1550838419027],[-123.263084148315,46.1552368417638],[-123.261401148045,46.155794842315],[-123.261167148045,46.1559388417611],[-123.260933148046,46.1560918416221],[-123.259781147982,46.1573698421014],[-123.259394148121,46.1576938417543],[-123.251231147599,46.16273384215],[-123.249071147815,46.1639938417993],[-123.243608147698,46.1660638419297],[-123.24315814763,46.1662348417215],[-123.237659147652,46.1688448424725],[-123.23673214807,46.1694658423317],[-123.235067147731,46.1710408421181],[-123.233834148427,46.1720758421833],[-123.233357148014,46.1723728423897],[-123.233177147807,46.1724088422512],[-123.232331148364,46.1725978419738],[-123.231539147813,46.1726338418353],[-123.229523148375,46.1729398424567],[-123.229361148098,46.1729848418339],[-123.22746214776,46.1733808421091],[-123.225878147558,46.1733178419018],[-123.224402147841,46.1732638421096],[-123.223214147915,46.1733268423168],[-123.221702148335,46.173560842316],[-123.21590614815,46.1754598417553],[-123.213170147884,46.1762248419599],[-123.204890148262,46.1785738423659],[-123.200975147585,46.1799598424297],[-123.198473148217,46.1809498422184],[-123.192551147617,46.1836138418623],[-123.189590147767,46.1848648419958],[-123.18656614771,46.1859988421298],[-123.182534147933,46.1870968424023],[-123.177440147745,46.1889508424644],[-123.17655814844,46.1891308417719],[-123.175775148304,46.1893018424631],[-123.174911148031,46.1894728422549],[-123.172175147765,46.1902738423209],[-123.169205148399,46.1906608421811],[-123.168422148264,46.1908948421802],[-123.168215147711,46.191137841695],[-123.167891148058,46.1912638421096],[-123.167198147576,46.1918488421074],[-123.1669191482,46.1919658421069],[-123.166352148133,46.192190841691],[-123.165425147652,46.1923978422436],[-123.164696148209,46.1924518420359],[-123.155552148313,46.1927848421038],[-123.152618147909,46.1926498421735],[-123.149990148127,46.1923528419671],[-123.148181148341,46.1919658421069],[-123.14518414773,46.1910748423871],[-123.141170147884,46.1902198416294],[-123.134780148185,46.1893918421168],[-123.132080147781,46.1894368423934],[-123.126230147803,46.1899678416995],[-123.124898148431,46.1900398423219],[-123.124421148018,46.1900848416991],[-123.122486147817,46.1900848416991],[-123.121766147889,46.1900848416991],[-123.118391147833,46.1903818419055],[-123.117833148181,46.190417841767],[-123.115079147984,46.1905798420431],[-123.114980147915,46.1905798420431],[-123.111983148204,46.1901298419756],[-123.106016148227,46.1895088421164],[-123.100895147693,46.1888518423956],[-123.099131148184,46.1887168424653],[-123.098717147978,46.1886898421195],[-123.093155147792,46.1888248420498],[-123.092192148349,46.1887708422575],[-123.091796148074,46.188734842396],[-123.088178147603,46.1879608417764],[-123.08719714823,46.1874568419167],[-123.085487147614,46.1867008421271],[-123.084821148377,46.186457841713],[-123.083759147966,46.1861698419216],[-123.082499148317,46.1856658420619],[-123.081194148391,46.1850448422027],[-123.080789147701,46.1849008418574],[-123.078998147846,46.1842438421366],[-123.077612147782,46.1838748422072],[-123.07637914758,46.1835328417243],[-123.075164148207,46.1833888422782],[-123.074111148211,46.1832628418636],[-123.071510147875,46.1831818417256],[-123.068477148302,46.1832718422787],[-123.066200147619,46.1833618419324],[-123.065381147622,46.1832988417251],[-123.064283148249,46.1832178424864],[-123.062600147978,46.1828128417962],[-123.061232147845,46.1824798417283],[-123.06083614757,46.1823988424896],[-123.059954148265,46.1822188422827],[-123.058217148203,46.1817598418003],[-123.057020147862,46.1813548420093],[-123.055598147936,46.1810038420107],[-123.053690148082,46.1805538419432],[-123.051287147884,46.1798788422917],[-123.048614147825,46.1794108422935],[-123.045617148113,46.1790328419491],[-123.04270114764,46.1790778422256],[-123.039776147651,46.1793298421554],[-123.037121148422,46.1794108422935],[-123.035483148428,46.1792398425017],[-123.033755147882,46.1788618421573],[-123.032684147955,46.1785018417435],[-123.032450147956,46.1784298420206],[-123.031181147892,46.1782048424365],[-123.030083147619,46.1779078422301],[-123.028400148248,46.1775658417472],[-123.027338147837,46.1773228422323],[-123.025781147982,46.1768278418883],[-123.025061148054,46.1765488416127],[-123.023819148335,46.1760268418223],[-123.021317148068,46.1746228418276],[-123.020903147862,46.1743888418286],[-123.020687147794,46.1742628423133],[-123.020570147794,46.1741908416909],[-123.020498148071,46.1741548418294],[-123.020165148003,46.1739478421761],[-123.019715147936,46.1736958422463],[-123.016520148086,46.1718238422535],[-123.015116148092,46.1711308417719],[-123.0130101481,46.1701138416375],[-123.012074148103,46.169672841985],[-123.012065147688,46.169672841985],[-123.010661147694,46.1689888419185],[-123.010229147557,46.1687908417808],[-123.009806147835,46.1685928416433],[-123.008015147981,46.1677288422692],[-123.005918148404,46.1667298420655],[-123.004334148202,46.1659378424145],[-123.002984148,46.1652628418636],[-123.000194147942,46.1638768417997],[-122.995991148373,46.1617708418078],[-122.993525147967,46.1605288420893],[-122.991716148182,46.1596288419544],[-122.987459147921,46.1574958416167],[-122.98421014828,46.1559478421761],[-122.983166147799,46.1554348419013],[-122.980970148154,46.1543908423204],[-122.978873147678,46.1533918421168],[-122.976434147618,46.1522218421212],[-122.974679147625,46.1513848421936],[-122.968802148201,46.1485678417894],[-122.968289147926,46.1483158418595],[-122.967614148274,46.14819884186],[-122.966714148139,46.1480278420682],[-122.966399148002,46.1480098421374],[-122.963933147597,46.1478388423456],[-122.962133148226,46.147712841931],[-122.95759714769,46.1473978417939],[-122.955770147974,46.1472718422787],[-122.951621148197,46.1469838424872],[-122.948120147727,46.1467228421423],[-122.946518147594,46.1466238420736],[-122.945825148012,46.1466058421428],[-122.941316147822,46.146425841936],[-122.940020148311,46.1463268418672],[-122.938850148316,46.1463268418672],[-122.93752714756,46.1463268418672],[-122.936114148049,46.1463268418672],[-122.934917147708,46.1463268418672],[-122.933432147575,46.14628184249],[-122.929220146692,46.1463268418672],[-122.927915146767,46.1463268418672],[-122.926322147049,46.1463268418672],[-122.924990146778,46.1463268418672],[-122.92326214713,46.1460208421451],[-122.922092147135,46.146434842351],[-122.921687147344,46.1465698422813],[-122.921021147208,46.146425841936],[-122.920031147419,46.1462908420057],[-122.9191401468,46.1461378421446],[-122.91912214687,46.1461288417296],[-122.91811414715,46.1459308424913],[-122.917196147084,46.1457958416617],[-122.916215146812,46.1456248418699],[-122.916539147364,46.1447428416657],[-122.916800146809,46.1440228417377],[-122.917115146946,46.1431228425021],[-122.917817146944,46.1409268419571],[-122.919716147282,46.138928842449],[-122.921021147208,46.1379298422453],[-122.922785146717,46.1347168424652],[-122.92465714671,46.1296768420695],[-122.924738146848,46.1255188418779],[-122.925908166629,46.1234431409451],[-122.926150202969,46.122943549562],[-122.92767994887,46.1235795689988],[-122.930053532245,46.1241503489164],[-122.934857885983,46.1252904500511],[-122.938372913179,46.1258126890612],[-122.941470482277,46.1264089359805],[-122.9511597798,46.1158904932085],[-122.952251147572,46.1150878419872],[-122.956022147904,46.1109298417956],[-122.958614147825,46.1081308422214],[-122.958821148377,46.1079238416688],[-122.959181147892,46.1075188418779],[-122.961818148089,46.1045038422354]],[[-124.054922028429,46.3311499024033],[-124.054922028429,46.3302457078303],[-124.054969617854,46.3284611120478],[-124.055041001541,46.326581337416],[-124.055112385228,46.325653347681],[-124.055088590966,46.3248919204829],[-124.054945822692,46.3239163413232],[-124.054493725405,46.323035941013],[-124.053671148804,46.322267842644],[-124.045071059782,46.3184673751264],[-124.044547577908,46.31801527784],[-124.044143070047,46.3174204122794],[-124.043143696624,46.3157072010836],[-124.042691598438,46.3147792113487],[-124.042739187863,46.3141605515254],[-124.042977134087,46.3130897935163],[-124.043310258262,46.3122331874688],[-124.043381642849,46.3115193496954],[-124.043476820799,46.3089257372901],[-124.041716020178,46.3089019421281],[-124.039788656122,46.3089019421281],[-124.037837498702,46.3089257372901],[-124.035814956695,46.3088781478654],[-124.033781148881,46.3089298426952],[-124.032962148884,46.3095868433153],[-124.032701149438,46.3097578431072],[-124.031738149096,46.3103518426206],[-124.031135149168,46.310576843104],[-124.031081149376,46.3106038434498],[-124.029623148689,46.3108918432411],[-124.028012149041,46.3114138430315],[-124.026752149392,46.3120078434444],[-124.025960148842,46.3123858428895],[-124.025240148914,46.3129258426107],[-124.02410614878,46.3140868430905],[-124.023071148715,46.3155268429466],[-124.022540149408,46.3162558432897],[-124.02207214941,46.3169038434947],[-124.021469148582,46.3174528427317],[-124.020614148724,46.3179118432142],[-124.020551149416,46.3179658430064],[-124.019264149421,46.3185238426584],[-124.014260148887,46.3202338432744],[-124.009328148975,46.3219258430604],[-124.008275148979,46.3221598430595],[-124.007690148981,46.3221418431288],[-124.007213148568,46.3221418431288],[-124.005629149266,46.322123843198],[-124.005296149198,46.3219708433369],[-124.004837148715,46.3217368433378],[-124.004378148233,46.3215658426467],[-124.002218148449,46.3207198432034],[-124.001561147829,46.3204678432735],[-124.001264147622,46.3202968434817],[-123.99517114813,46.3176778432151],[-123.985577148167,46.3136008431616],[-123.984857148239,46.3132948434395],[-123.984155148241,46.3129258426107],[-123.978980147915,46.3107208434493],[-123.970691147878,46.3071928426327],[-123.969926147674,46.3068238427033],[-123.968117147888,46.30533884347],[-123.967487147614,46.3045378434039],[-123.967064147892,46.3038178434759],[-123.966866147755,46.3034938429237],[-123.966794148031,46.3031878432015],[-123.966596147894,46.3029178433409],[-123.966524148171,46.3027558430648],[-123.966470148379,46.3026028432038],[-123.965840148104,46.3009828431408],[-123.965777147897,46.3008208428648],[-123.965669148312,46.3008208428648],[-123.965669148312,46.3006858429344],[-123.965624148036,46.3005418434884],[-123.965507148036,46.3001998430055],[-123.965408147968,46.3001278432825],[-123.965336148245,46.2998128431453],[-123.965237148176,46.2997408434223],[-123.964850148316,46.2984178426665],[-123.96470614797,46.2982828427362],[-123.964679147625,46.2981208433594],[-123.963563148321,46.2957358430918],[-123.961835147774,46.2931798430324],[-123.960746147916,46.292090843175],[-123.960620148401,46.2920638428292],[-123.96056614771,46.2919288428989],[-123.956003147727,46.2872668428476],[-123.955805147589,46.2870058434021],[-123.95570614842,46.2869878434713],[-123.954266147665,46.2851338434093],[-123.953123148015,46.284017843206],[-123.953006148015,46.2838288434834],[-123.952898148431,46.2837208429996],[-123.952439147948,46.2830548428638],[-123.951953148019,46.2823528428665],[-123.951683148159,46.2818308430761],[-123.951557147744,46.2816688428],[-123.951134148023,46.2808948430797],[-123.950666148024,46.2798598430144],[-123.950621147748,46.2797878432914],[-123.950414148094,46.2794188433621],[-123.950198148026,46.2790048431561],[-123.950063148096,46.2787348432955],[-123.950009148304,46.2786358432267],[-123.949964148027,46.2785368431579],[-123.949307148306,46.277222842817],[-123.949154148445,46.2770068427487],[-123.949055148376,46.2768718428184],[-123.948983147754,46.2767818431647],[-123.948812147962,46.2765388427505],[-123.948650147686,46.2763138431665],[-123.948389148241,46.2760708427523],[-123.947912147827,46.2756028427541],[-123.947813147759,46.2755128431003],[-123.946877147762,46.2746038434497],[-123.946472147971,46.2739648427604],[-123.946013148388,46.2734248430392],[-123.945518148044,46.2728758429029],[-123.94488814777,46.2722548430437],[-123.94488814777,46.2721648433899],[-123.944024148396,46.2715168431849],[-123.943898147981,46.2712918427015],[-123.942809148124,46.2704008429816],[-123.942656148263,46.2703738426358],[-123.942206148195,46.2699868427756],[-123.941738148197,46.2695818429848],[-123.9410361482,46.2689698426412],[-123.940505147994,46.268501842643],[-123.939938147927,46.2680698434056],[-123.938561148278,46.2670348433404],[-123.938381148071,46.2669088429259],[-123.938129148142,46.2667378431341],[-123.937805147589,46.2665308434807],[-123.937013147938,46.266008842791],[-123.935528147806,46.2653878429317],[-123.934313148433,46.2647848430032],[-123.933998148296,46.2646228427271],[-123.93269314837,46.2639748434214],[-123.932630148163,46.2639118432141],[-123.9310101481,46.2628498428031],[-123.93011914838,46.2621748431516],[-123.927401148045,46.2597358430917],[-123.927365148183,46.2596998432303],[-123.92495314757,46.2572068433782],[-123.924422148263,46.2564058433121],[-123.923963147781,46.2552628427631],[-123.923324147991,46.2542548430436],[-123.92317114813,46.253984843183],[-123.92237914758,46.2533008431165],[-123.921461148413,46.2528148431875],[-123.92021014828,46.2522928433971],[-123.919193148145,46.2520138431214],[-123.915494148436,46.250357843197],[-123.914576148371,46.2498268429915],[-123.9128931481,46.2487648434798],[-123.909437147906,46.2463078434893],[-123.908879148254,46.2460648430751],[-123.908321147703,46.2459298431448],[-123.90555814799,46.2457948432145],[-123.90412714765,46.2456238434227],[-123.89926714836,46.2445078432194],[-123.893615147621,46.2434278428777],[-123.889412148052,46.2430408421182],[-123.88856614771,46.2429688423952],[-123.886577147717,46.2427798417733],[-123.88637914758,46.2427618418426],[-123.880520148086,46.241852842192],[-123.879359147607,46.2416638424694],[-123.876263147826,46.2413038420557],[-123.875165147554,46.2413218419865],[-123.874796147624,46.2411778416411],[-123.87457114804,46.2409258417113]],[[-122.665526439294,45.5327202983594],[-122.665562844749,45.5327880101148],[-122.666698351248,45.5348998988675],[-122.669082596085,45.5376568686259],[-122.671214813113,45.5400332416971],[-122.672981056431,45.5419944319537],[-122.674642784137,45.5433350225496],[-122.676316931481,45.5448312767982],[-122.678283567133,45.546511287722],[-122.678603800425,45.5477481217347],[-122.678872168915,45.551837120543],[-122.678608438229,45.5583286608953],[-122.678624897621,45.5655512502463],[-122.678736680653,45.5718722440651],[-122.678681991081,45.5767942093416],[-122.678639423471,45.5804662770534],[-122.678578024956,45.58179628083],[-122.678910853253,45.5831889790445],[-122.679804381867,45.585340719455],[-122.681684045882,45.5894063224002],[-122.682725790863,45.5920208818146],[-122.683779834072,45.5940882891995],[-122.684488893747,45.59601300835],[-122.684528147356,45.5974528418315],[-122.684195147288,45.5981638422439],[-122.684105146735,45.5986408417578],[-122.683907146597,45.5992348421705],[-122.683772146667,45.5998018422376],[-122.6833221466,45.6018358425065],[-122.683304146669,45.6018628419529],[-122.682692147225,45.6045178420811],[-122.682386146603,45.6055798424921],[-122.681963146882,45.6062728420743],[-122.681855147297,45.6064708422119],[-122.681090147093,45.6077758421377],[-122.680613146679,45.6086398424111],[-122.680253147165,45.6093148420627],[-122.679659146752,45.6104488421966],[-122.67821014738,45.6132388422551],[-122.677976147381,45.6137518416306],[-122.677211147177,45.6149398424561],[-122.675006147116,45.6180358422367],[-122.673611146637,45.620438842435],[-122.673008146709,45.6215368418081],[-122.672711147402,45.6219328420834],[-122.67227014685,45.6223738417358],[-122.672243147403,45.6223828421508],[-122.67176614699,45.6229048419413],[-122.671586146783,45.6231388419404],[-122.671469146784,45.6233098417322],[-122.671406146576,45.6233638424237],[-122.671008157001,45.6236947039038]],[[-123.01537017959,44.0009638567532],[-123.013980843941,43.9991806890942],[-123.012024545097,43.996978516502],[-123.01178936159,43.9965295299704],[-123.011746601524,43.996080543439],[-123.01187488262,43.9954177538828],[-123.011885572861,43.9947015140203],[-123.011735911283,43.9928521166884],[-123.011661079595,43.9917189601186],[-123.011436586329,43.9893350552253],[-123.011265544269,43.9871221923919],[-123.01109450131,43.9842358506606],[-123.010859147831,43.9812238403646],[-123.010724147901,43.9789828404424],[-123.010625147832,43.9772908397571],[-123.010661147694,43.9768408396897],[-123.010625147832,43.976417839968],[-123.010661147694,43.9758148400395],[-123.010724147901,43.9755268402481],[-123.011606148105,43.9728898400507],[-123.012200147619,43.9715938396406],[-123.012281147757,43.9710808402652],[-123.012425148102,43.9695598402711],[-123.012578147963,43.9683898402756],[-123.012569148447,43.967777839932],[-123.012461147964,43.9668058400741],[-123.012380147826,43.9657528400781],[-123.012173148172,43.9638268402931],[-123.012227147964,43.9619908401618],[-123.012191148103,43.9594888398947],[-123.012164147757,43.9581478401074],[-123.012101148449,43.9551328404648],[-123.012182147688,43.9534588397103],[-123.012137148311,43.9500568402077],[-123.012146147826,43.9491028402805],[-123.012191148103,43.9488868402121],[-123.012227147964,43.9486888400746],[-123.012290148172,43.9483378400759],[-123.012515147756,43.9468618403583],[-123.012650147686,43.9461328400152],[-123.012821148377,43.9452238403646],[-123.013181147892,43.9433518403718],[-123.013316147822,43.9424518402369],[-123.014216147957,43.9380148397697],[-123.014621147748,43.9361248398462],[-123.014702147886,43.9355758397099],[-123.015089147746,43.9334158399258],[-123.015179148299,43.9329118400661],[-123.015602148021,43.9306168403516],[-123.016394147672,43.9262608400224],[-123.016574147879,43.9252348403723],[-123.016970148154,43.9229938404501],[-123.017033148361,43.9226518399672],[-123.017321148152,43.9210678397657],[-123.01763614829,43.9193848403948],[-123.017780147736,43.9186828403975],[-123.017960147942,43.9177288404703],[-123.018698147801,43.9177018401246],[-123.019022148353,43.9177288404703],[-123.019022148353,43.9167568397131],[-123.019031147869,43.9159288402006],[-123.019085147661,43.9141558402765],[-123.019166147799,43.9116718399401],[-123.019166147799,43.9115638403556],[-123.019175148214,43.9113928396645],[-123.01918414773,43.911059840496],[-123.019193148145,43.9106548398057],[-123.019238148422,43.9093408403642],[-123.019229148007,43.9090618400886],[-123.019337147591,43.9064698401677],[-123.019337147591,43.9060288396159],[-123.019400147799,43.9028158398359],[-123.019499147867,43.9017988397014],[-123.019580148005,43.8984868398525],[-123.019634147798,43.8963898402757],[-123.019634147798,43.8960028404155],[-123.019634147798,43.8957058402091],[-123.019670147659,43.8938878400085],[-123.019796148074,43.8928708398741],[-123.020012148142,43.8917728405009],[-123.020372147656,43.8905398402981],[-123.020912148277,43.88916283975],[-123.022523147925,43.8860578404537],[-123.02752714756,43.8763648404218],[-123.028499148317,43.8748528399434],[-123.031847148027,43.868822839759],[-123.033188147815,43.86641984046],[-123.033314148229,43.8661948399766],[-123.035285148291,43.8626578396443],[-123.037517147798,43.858328839661],[-123.039992147719,43.8538738401624],[-123.041000148338,43.8517768396862],[-123.041522148129,43.8509308402428],[-123.042296147849,43.8496798401093],[-123.042791148193,43.8490768401808],[-123.04527514763,43.845998840331],[-123.045734148112,43.8457018401246],[-123.046076147696,43.8454948404713],[-123.046193147696,43.8454048399183],[-123.046661147694,43.8451888398499],[-123.047573146583,43.8445747287975],[-123.048200953411,43.8440487288226],[-123.048557275598,43.8435057604393],[-123.048709985877,43.8430985348264],[-123.048760889304,43.8425895023604],[-123.048743920895,43.8420635014862],[-123.048557275598,43.8415205340022],[-123.048302759365,43.8411472434073],[-123.047878566243,43.8404685331531],[-123.047301661942,43.8395013716478],[-123.046639920096,43.8383814998631],[-123.046215726075,43.8374822092933],[-123.045859403888,43.8362096281286],[-123.045553984229,43.8345976913872],[-123.045350370523,43.833257239287],[-123.045180693634,43.8323918837353],[-123.045027983355,43.8315943991191],[-123.045061919272,43.8311023341622],[-123.045129790208,43.8304575598253],[-123.045112822699,43.8299994307859],[-123.044722563695,43.8288625914922],[-123.044451079953,43.8278445265604],[-123.044315338082,43.8270470419442],[-123.044468047462,43.8262834932455],[-123.045265532079,43.8253163317401],[-123.045469144885,43.8248582018014],[-123.045638822673,43.8238910402961],[-123.045910306415,43.8228729753644],[-123.046538113243,43.8220245873217],[-123.046911403838,43.8215834257913],[-123.046945339756,43.8210743933254],[-123.04681895623,43.820665507564],[-123.046470242308,43.8200902643111],[-123.046181791057,43.8193436831213],[-123.046012113268,43.8183425856986],[-123.045825467971,43.8167645848745],[-123.045723661118,43.8156956165164],[-123.045706693609,43.8149490353266],[-123.045774564545,43.8143381960078],[-123.046029080777,43.8138461319502],[-123.046419338881,43.8133540669935],[-123.047013210691,43.8125565823772],[-123.048200953411,43.8110125174706],[-123.049541405511,43.8092139354316],[-123.050780051658,43.807686838034],[-123.0510515354,43.8073814183746],[-123.051407858486,43.8071438696507],[-123.052034148157,43.8068758402047],[-123.052765278095,43.8064481918874],[-123.053749408009,43.8059730953389],[-123.054631731069,43.8055149654002],[-123.055497086621,43.8050907722782],[-123.056396377191,43.8045987073214],[-123.057533216485,43.8040727064471],[-123.058177990822,43.8037333517696],[-123.058636119861,43.8034279321102],[-123.058958507029,43.8030207064973],[-123.059043346373,43.8023928996694],[-123.059043346373,43.8015784475442],[-123.059026378864,43.8004585757595],[-123.059026378864,43.7996441236342],[-123.059009410456,43.7984394134051],[-123.059060313882,43.797268638194],[-123.059365733542,43.7968105091546],[-123.059891733517,43.7960978638822],[-123.060519540345,43.7952664442479],[-123.06102857281,43.7945877339935],[-123.061639412129,43.7937393459509],[-123.062199348021,43.7930436681876],[-123.062793218932,43.7922461844707],[-123.064048832587,43.7905324408763],[-123.064676639415,43.789548311862],[-123.065338382161,43.7884963110128],[-123.066373414601,43.7870879879771],[-123.067578124831,43.7854421162176],[-123.068765867551,43.7838301794761],[-123.070530513672,43.7815055974622],[-123.071803094837,43.7798597257026],[-123.073160515345,43.7781120470902],[-123.075257115623,43.7753511616837],[-123.079540389577,43.769611203651],[-123.081338971616,43.7672526866191],[-123.082289165612,43.7659970729635],[-123.083782327992,43.7640627490535],[-123.084766457006,43.7630616516308],[-123.086412328766,43.7622132644875],[-123.091977751772,43.760211069642],[-123.099172078129,43.7575980363772],[-123.114467147641,43.7522278399997],[-123.115133147777,43.7520838396544],[-123.11642828124,43.7519477749268],[-123.118464411104,43.7519986783532],[-123.120025444419,43.7520835167978],[-123.121145316203,43.7516762911848],[-123.122519703322,43.7508957740777]],[[-123.572297148095,45.0618988409149],[-123.571118147684,45.0618988409149],[-123.568913147624,45.0619978409837],[-123.566690147632,45.0620968410525],[-123.564530147848,45.0621868407062],[-123.56406214785,45.0621958411213],[-123.563369148268,45.062204840637],[-123.562424147856,45.062213841052],[-123.557501148359,45.0613228413321],[-123.557330147668,45.0612958409864],[-123.555782148228,45.0608728412647],[-123.554324148441,45.0603868413358],[-123.552650147686,45.0595138406473],[-123.547907148396,45.0573358409324],[-123.546530147848,45.0566788412116],[-123.545918148404,45.0564178408668],[-123.54246214821,45.054968841495],[-123.534794148031,45.0515848410237],[-123.533399147553,45.0511708408178],[-123.532085148111,45.0510538408182],[-123.52459714814,45.0509818410952],[-123.513788147905,45.0508648410956],[-123.508496147579,45.0507928413727],[-123.504689148286,45.0507928413727],[-123.503528147806,45.0510178409567],[-123.503060147808,45.0511708408178],[-123.501215148161,45.0517648412306],[-123.499127148099,45.0525298414351],[-123.498173148172,45.052934841226],[-123.497363147691,45.053267841294],[-123.496715148385,45.0535018412931],[-123.495329148322,45.0540148406685],[-123.493853147705,45.0546088410812],[-123.493304147568,45.0547708413573],[-123.492827148054,45.054968841495],[-123.491657148059,45.0554818408704]],[[-114.184333128371,47.2790841181967],[-114.184907950741,47.2790837135018],[-114.185789112777,47.2789980027148],[-114.187138130021,47.2787625314249],[-114.188560077785,47.2783723839376],[-114.190033802218,47.2779541668105],[-114.191070322138,47.2777842560977],[-114.192900034209,47.2778295576472],[-114.195269093993,47.2785384941154],[-114.197433769353,47.2791738777315],[-114.199460825057,47.2795613443398],[-114.202773537169,47.2800929659768],[-114.207402647214,47.280867191427],[-114.212188967747,47.2816597801339],[-114.213271920563,47.2818331019753],[-114.215264069082,47.282204783683],[-114.217418138736,47.2824508426914],[-114.223961139195,47.2838908434469],[-114.227390139044,47.2845388427526],[-114.227714138697,47.2846018429599],[-114.23322213909,47.2856548429559],[-114.240899138784,47.2871218431578],[-114.247838138619,47.2884538434294],[-114.25095213923,47.2894618431488],[-114.257279138721,47.2922068429307],[-114.258260138994,47.2926118427216],[-114.262193138702,47.2941868434074],[-114.262976138838,47.2945108430602],[-114.266405138686,47.2958968431241],[-114.270086139364,47.2974088427032],[-114.272156138595,47.2982728429766],[-114.273785139073,47.2989388431124],[-114.27603513941,47.2998838426245],[-114.28091313863,47.3017738434474],[-114.282695138969,47.3022418434456],[-114.286124138818,47.3029978432351],[-114.287114138607,47.3032048428885],[-114.292127138656,47.3046988434361],[-114.295115138853,47.3058328426708],[-114.295889138573,47.3063548433606],[-114.296384138917,47.3068858426668],[-114.2967261394,47.3072638430113],[-114.297266139121,47.3082628432149],[-114.29786913905,47.3102248428615],[-114.29827413884,47.3109628427203],[-114.298706138977,47.3116918430634],[-114.301559139243,47.3133118431264],[-114.303818139096,47.314373842638],[-114.304988139091,47.3149048428435],[-114.306698138808,47.3154628433948],[-114.308111139218,47.3157328432554],[-114.309254138867,47.3157778426326],[-114.311738139204,47.3159398429087],[-114.312476139063,47.3160658433233],[-114.314366138986,47.3163538431147],[-114.316310138702,47.3165788426987],[-114.318092139041,47.3169478426281],[-114.319703138689,47.3170648444263],[-114.32229513861,47.3174518442865],[-114.323762138812,47.3174518442865],[-114.324356139224,47.3173978444943],[-114.325967138872,47.3172628436646],[-114.326183138941,47.3172358442182],[-114.327389138798,47.3169928429047],[-114.329108138929,47.3168128426978],[-114.341024138953,47.3145718427756],[-114.344093140186,47.3144278433296],[-114.348152140309,47.3140948432617],[-114.355172140282,47.3133298430571],[-114.35833114027,47.312600842714],[-114.362228140117,47.3125198434753],[-114.36733113982,47.3124118429915],[-114.372533139593,47.312456843268],[-114.375953139925,47.3124838427145],[-114.378599139639,47.3123848426457],[-114.379301139636,47.3123668427149],[-114.380606139562,47.3123398432685],[-114.382289139832,47.3123308428534],[-114.384098139617,47.3123308428534],[-114.386591140369,47.3123218433377],[-114.388805139945,47.3122588431304],[-114.392270139655,47.3123398432685],[-114.392927140275,47.3123578431992],[-114.406886140083,47.3125198434753],[-114.407093139737,47.3125198434753],[-114.407894139803,47.312528842991],[-114.412475139716,47.3144998430526],[-114.413060139714,47.3147518429825],[-114.415283139705,47.3156338431866],[-114.416255139563,47.3162368431151],[-114.417065140044,47.316560842768],[-114.418271139901,47.3166238429753],[-114.41951313962,47.316560842768],[-114.420917139614,47.3165968426295],[-114.422429140093,47.3167678433206],[-114.423509140434,47.3171278437343],[-114.424607139808,47.3176858442856],[-114.425660139804,47.3180188443535],[-114.429017139929,47.3184058442136],[-114.430493139647,47.3188648437968],[-114.431528139712,47.3189638438656],[-114.432779139845,47.3189098440733],[-114.434057140325,47.3187118439357],[-114.434894140252,47.3187478437972],[-114.444839140214,47.3197828438625],[-114.450914139776,47.3196388444165],[-114.452669139769,47.3197828438625],[-114.454883140245,47.3200978439996],[-114.457808140233,47.3207188438588],[-114.460229140363,47.3214928444785],[-114.464567139862,47.3225728439209],[-114.468527139916,47.3240038442613],[-114.47507913989,47.3258578443234],[-114.476618139815,47.3262898444601],[-114.478220139947,47.3267308441125],[-114.482153139656,47.3278108444542],[-114.484151140063,47.3283598436912],[-114.489164140113,47.3295568440324],[-114.493295139959,47.3307088440973],[-114.500963140137,47.332913844158],[-114.501890139718,47.3332828440873],[-114.50490514026,47.3344348441521],[-114.50542714005,47.3346328442897],[-114.513716140088,47.337818843724],[-114.516569140354,47.3387818440662],[-114.52060114013,47.3407168442663],[-114.524732139976,47.3428768440505],[-114.528800139615,47.3449828440424],[-114.535019140421,47.3485198443747],[-114.537890139718,47.3502658439529],[-114.538133140132,47.350418843814],[-114.539789140057,47.3514268444327],[-114.541301139636,47.3523628444291],[-114.542606139562,47.3529838442884],[-114.544163140317,47.3533888440793],[-114.547961140095,47.3548648437969],[-114.553019140421,47.3568268443428],[-114.561029140183,47.3599408440542],[-114.567293140366,47.3623708436989],[-114.567410140366,47.3624158439754],[-114.570722140215,47.3638738437623],[-114.572738139653,47.3645128444517],[-114.574655139923,47.364944843689],[-114.576203140263,47.3651968436189],[-114.576455140193,47.3657008443779],[-114.576671140261,47.3661508444454],[-114.577463139912,47.3677528436782],[-114.577634139704,47.3681128440919],[-114.578291140324,47.3694268444328],[-114.578660140253,47.3703628444292],[-114.578893007107,47.3713572481979],[-114.578625708809,47.3725781516199],[-114.578022708881,47.3737661515461],[-114.576950139637,47.3749258444116],[-114.575204140059,47.3769238439197],[-114.574367140131,47.3776168444013],[-114.571973140348,47.378687844328],[-114.570929139868,47.3791558443262],[-114.570254140216,47.3796508437709],[-114.56995714001,47.3803258443218],[-114.569552140219,47.3838988436162],[-114.568571139946,47.3857708445084],[-114.567626140434,47.3873008440182],[-114.567428140296,47.3880658442228],[-114.56777013988,47.388605843944],[-114.569579139666,47.3897038442165],[-114.569969770089,47.3899767749677],[-114.570321530914,47.3905630421102],[-114.570278893156,47.3911386504879],[-114.57004438594,47.3917568957236],[-114.569969770089,47.392300526008],[-114.570012407846,47.3927055833555],[-114.570193617641,47.3931852565539],[-114.570767139592,47.3937178440628],[-114.571696594322,47.3943258127456],[-114.572922426029,47.3980459465227],[-114.572954405022,47.3993037563229],[-114.572773194327,47.3999966183088],[-114.572517368682,47.400732117153],[-114.572346818551,47.4015209134189],[-114.572783853992,47.4022564131625],[-114.573466056313,47.4027254266966],[-114.574830460058,47.4031304840441],[-114.576005140125,47.4035908443016],[-114.57694102321,47.4040152154894],[-114.577904139564,47.4051208438115],[-114.579104882884,47.4060937996487],[-114.581297139551,47.4068398439432],[-114.58462714023,47.4075598438713],[-114.585833140087,47.4078208442161],[-114.587120140082,47.4081808437305],[-114.588938140283,47.4086938440053],[-114.589982139864,47.409053844419],[-114.590414140001,47.4093688436568],[-114.590720139723,47.4099628440695],[-114.590819139791,47.4116278444091],[-114.591062140206,47.4129598437814],[-114.591404139789,47.4138508444005],[-114.592133140132,47.4148588441199],[-114.594167140401,47.4165688438367],[-114.597155139698,47.4198538442391],[-114.597929140318,47.4209248441658],[-114.598172139832,47.4214288440255],[-114.597902139972,47.4245608436676],[-114.597974139695,47.4258928439392],[-114.599315140381,47.4285298441366],[-114.599621140104,47.4291418444802],[-114.600152140309,47.4296278444091],[-114.600323140101,47.4297898437859],[-114.601421140373,47.4304288444752],[-114.602753139746,47.4312118437113],[-114.604499140223,47.4326428440516],[-114.605714139596,47.4349288442504],[-114.60595714001,47.4397078443013],[-114.605966140425,47.4398158438857],[-114.605795139734,47.4430018442194],[-114.605633140357,47.4563308437531],[-114.605624139942,47.4573748442334],[-114.605579139666,47.4652858439263],[-114.605579139666,47.4661678441305],[-114.605552140219,47.469830843978],[-114.605534140288,47.4718468443161],[-114.605534140288,47.4721888438998],[-114.605507139943,47.4798388441471],[-114.605489140012,47.4863098439839],[-114.605498140427,47.499935843724],[-114.605597139596,47.5007638441359],[-114.605597139596,47.5011868438576],[-114.605507139943,47.5151638444957],[-114.605525139873,47.5204378439912],[-114.605534140288,47.5221748440537],[-114.605561139735,47.5285738441675],[-114.605660139804,47.5308058436746],[-114.605759139872,47.5352968439341],[-114.605777139803,47.5356028436562],[-114.605903140218,47.5356748442786],[-114.605723140011,47.5361698437232],[-114.605876139872,47.5392118437115],[-114.606110139871,47.540381843707],[-114.6064791398,47.5412458439804],[-114.607361140005,47.5422988439764],[-114.608504139654,47.5433698439031],[-114.608612140138,47.543621843833],[-114.609008140413,47.5438288443856],[-114.609719139926,47.5443238438303],[-114.610871139991,47.5448548440358],[-114.611978139779,47.5451248438964],[-114.613904139564,47.5453858442412],[-114.616271139901,47.5453588438955],[-114.616982140313,47.5454218441028],[-114.618701140445,47.5459888441698],[-114.619511140027,47.5465648437525],[-114.619979140025,47.547104844373],[-114.620420139678,47.5483738444374],[-114.620312140093,47.5508758438051],[-114.620195140094,47.5538098442089],[-114.620834139884,47.5618018440399],[-114.621032140021,47.5626208440367],[-114.621554139812,47.5634218441028],[-114.624083140425,47.5664188438146],[-114.624560139938,47.5669858438816],[-114.625964139933,47.5685878440138],[-114.628034140064,47.5708198444203],[-114.629300892722,47.5696863838795],[-114.630594194267,47.5682603459982],[-114.633667422314,47.5650276789443],[-114.63810514044,47.5625848441752],[-114.638708140368,47.562116844177],[-114.639095140228,47.561468843972],[-114.639293140366,47.5611178439733],[-114.639320139813,47.5600378436315],[-114.638555139608,47.557850844401],[-114.638555139608,47.5570768437813],[-114.638717139884,47.5566628444747],[-114.639230140159,47.5560148442696],[-114.640139139809,47.5552948443415],[-114.641084140221,47.5546558436522],[-114.642569140354,47.5540078443465],[-114.645575139581,47.552900843659],[-114.647627139781,47.5519378442161],[-114.650201139771,47.5502728438766],[-114.651992139626,47.5490668440196],[-114.652460139624,47.5488958442278],[-114.652631140315,47.5487878437439],[-114.653981139618,47.548238844507],[-114.655529139958,47.547734843748],[-114.656906139607,47.5475098441639],[-114.658598140292,47.5474198445102],[-114.663620139858,47.5474558443717],[-114.665132140336,47.5474648438874],[-114.671315140381,47.547509844164],[-114.672098139617,47.5475998438177],[-114.67397013961,47.5475728443713],[-114.679766139796,47.5474918442332],[-114.682313140339,47.5474738443025],[-114.682898140337,47.5474738443025],[-114.685193140051,47.5474648438874],[-114.686777140253,47.5474558443717],[-114.68786614011,47.547437844441],[-114.68951313962,47.5473118440264],[-114.69106113996,47.5470508436815],[-114.70598314011,47.5433518439723],[-114.709841122869,47.5425329878671],[-114.710971666909,47.5422631327973],[-114.715821492168,47.5403109087813],[-114.720779139845,47.5380508441311],[-114.721859140187,47.5376638442709],[-114.723083139975,47.5373668440645],[-114.735899140133,47.5350538444193],[-114.737006139921,47.5346938440056],[-114.738824140122,47.533289844011],[-114.742937140037,47.5297708445088],[-114.743621140103,47.5287358444436],[-114.743720140172,47.5286728442363],[-114.743756140034,47.5277638436864],[-114.743378139689,47.5269628436203],[-114.743333140312,47.5263868440375],[-114.743306139966,47.5257478442475],[-114.74378314038,47.5249288442507],[-114.744863139822,47.5241278441845],[-114.746069139679,47.5236688437021],[-114.74701414009,47.5233898443258],[-114.750110163253,47.5232391332393],[-114.753649527903,47.523127721627],[-114.76038348411,47.5225434051139],[-114.766058139671,47.5223008444683],[-114.766418140085,47.5222108439152],[-114.771710140411,47.5219678444004],[-114.772457139785,47.5219678444003],[-114.778928139622,47.521598844471],[-114.783765306923,47.5214506487883],[-114.791989337238,47.5210044753361],[-114.795907361436,47.5208872550027],[-114.800140649271,47.5205685442628],[-114.803255140013,47.5202578437843],[-114.804884139591,47.5200688440618],[-114.805271140351,47.5200238437853],[-114.807530140204,47.519555843787],[-114.812156140394,47.5182328439305],[-114.815018140175,47.5173238442799],[-114.815081140382,47.5173058443491],[-114.8184921403,47.5160548442156],[-114.820013140294,47.5154158444255],[-114.821192139805,47.5149298444966],[-114.822038140148,47.5145518441521],[-114.822173140078,47.5144978443599],[-114.823991140279,47.5135078436719],[-114.824423140416,47.513102843881],[-114.824486139724,47.513030844158],[-114.824873139584,47.5124368437452],[-114.825125140413,47.5118698436782],[-114.825404139789,47.5106818437519],[-114.82542213972,47.5104028443756],[-114.82567413965,47.5070458442502],[-114.825881140202,47.5063618441836],[-114.826457139785,47.505605844394],[-114.827294139713,47.5050658437735],[-114.827969140264,47.5047868443972],[-114.829259074746,47.5045453530454],[-114.830199551568,47.5036324737195],[-114.830525140323,47.5026628444745],[-114.830696140115,47.5010338439965],[-114.831381651942,47.5002355086216],[-114.832693628808,47.4995894878244],[-114.834266767897,47.4988537596531],[-114.83465904408,47.4975484836354],[-114.835742638112,47.4952061391119],[-114.835709140165,47.4928798438895],[-114.835736139611,47.4917638436863],[-114.835979140025,47.4908008442433],[-114.836060140163,47.4906388439673],[-114.83635714037,47.4900718439003],[-114.83726614002,47.4892168440419],[-114.837869139949,47.488883843974],[-114.83982214008,47.4885778442519],[-114.84123513959,47.4886858438364],[-114.842963140137,47.488397844045],[-114.843899140133,47.488172844461],[-114.844511139577,47.4877678437708],[-114.845130359678,47.4869158422521],[-114.845063978919,47.4858304180991],[-114.842954139722,47.4832408436498],[-114.842711140207,47.4826738444821],[-114.842522139585,47.4822058444839],[-114.841226140074,47.4799018443544],[-114.841298139797,47.4789388440123],[-114.841973140348,47.4754018436799],[-114.842135139725,47.4745828436831],[-114.845096139575,47.4716578436943],[-114.845735140264,47.4708748444583],[-114.846185140332,47.4700468440464],[-114.846447645243,47.468679133495],[-114.84616901279,47.4678185596385],[-114.846257140055,47.4670408439196],[-114.84702214026,47.46628484413],[-114.849821139834,47.4639988439312],[-114.852035140309,47.4620548442154],[-114.853520140442,47.4610558440117],[-114.855815140157,47.4592198438804],[-114.856283140155,47.458850843951],[-114.857264140428,47.458211844161],[-114.861269139859,47.4561778438921],[-114.865202139567,47.4538018440396],[-114.866255139563,47.4533158441106],[-114.8685051399,47.4529108443197],[-114.870188140171,47.4527218436978],[-114.870773140168,47.4525688438368],[-114.871637140442,47.4523348438377],[-114.87262714023,47.4529468441812],[-114.872807140437,47.4530728436964],[-114.874067140086,47.4538378439011],[-114.874391139739,47.4541528440382],[-114.874877139668,47.4546028441057],[-114.875219140151,47.454818844174],[-114.875309139805,47.4548728439663],[-114.875975139941,47.4552868441722],[-114.877622140349,47.4560518443768],[-114.877829140003,47.4561508444456],[-114.878765139999,47.4565468438215],[-114.879260140343,47.4568708443736],[-114.879359140412,47.4569248441659],[-114.880403139993,47.4579598442311],[-114.880691139784,47.4582478440224],[-114.881699140403,47.4592018439496],[-114.881933140402,47.459417844018],[-114.883220140397,47.4606058439443],[-114.884930140114,47.4622078440765],[-114.88522714032,47.4624958438678],[-114.885803139903,47.4630268440733],[-114.886379140385,47.4635848437253],[-114.888584140446,47.4658438444776],[-114.89227413974,47.4696598441862],[-114.893786140218,47.4713248436264],[-114.894569140353,47.4721078437617],[-114.894686140353,47.4722158442455],[-114.89537014042,47.4728998443121],[-114.895685139657,47.4731968436192],[-114.899483140335,47.4769768443656],[-114.901364139843,47.4788308444277],[-114.906782139684,47.484203843992],[-114.913082139729,47.4903148443144],[-114.913136140421,47.4903778436224],[-114.916178140409,47.4933748442335],[-114.916979139576,47.4941488439538],[-114.91904014019,47.4961828442227],[-114.921029140183,47.4981358443535],[-114.921488139766,47.4987208443513],[-114.922451140108,47.499935843724],[-114.922829139553,47.5003228444835],[-114.923063139552,47.500421843653],[-114.923369140174,47.5007998439974],[-114.923936140241,47.5015108444098],[-114.925394140027,47.5033198441953],[-114.927680140226,47.5047778439821],[-114.929912139733,47.5063348438378],[-114.93020913994,47.5065508439062],[-114.932738139653,47.5074328441103],[-114.934664140338,47.5076398437636],[-114.936185140332,47.5076218438329],[-114.939083139975,47.507369843903],[-114.940271139901,47.5072348439727],[-114.940334140108,47.507225844457],[-114.945356139674,47.5066858438365],[-114.94551813995,47.5066678439057],[-114.945725139603,47.5066768443207],[-114.947273139943,47.506730844113],[-114.94820913994,47.5069738436278],[-114.948758140076,47.5071178439732],[-114.952772139922,47.5085128444521],[-114.954860139983,47.5090258438275],[-114.959297139551,47.5097728441013],[-114.963761140364,47.5105198443752],[-114.966425140008,47.511338844372],[-114.976181140247,47.5146688441517],[-114.981536139881,47.5171798439345],[-114.989906140056,47.5210408439197],[-114.992633139907,47.5223908441221],[-114.994028140386,47.5230028444656],[-114.994802140107,47.5233268441184],[-114.996017140379,47.5239658439085],[-114.997358140166,47.5245508439063],[-114.997853139611,47.5247758443896],[-114.998033139817,47.5248478441126],[-114.999860140433,47.5252348439728],[-115.000976139737,47.5252618443186],[-115.005521139789,47.5256578436944],[-115.011308139559,47.5257478442475],[-115.020632139661,47.5259008441086],[-115.022927140275,47.5259278444544],[-115.030919140106,47.5274938438257],[-115.031855140103,47.5278088439629],[-115.032782139684,47.5281238441],[-115.034825140368,47.5285018444445],[-115.042727139646,47.5305808440906],[-115.051502139612,47.5330198441504],[-115.053662140296,47.5336138436639],[-115.06149213985,47.5354588442102],[-115.067522140035,47.5368628442048],[-115.074173140078,47.5393108437803],[-115.076486139724,47.5400578440542],[-115.08011313971,47.5412278440497],[-115.081823140326,47.542568843837],[-115.083497140181,47.5434868439027],[-115.083992139626,47.5437658441783],[-115.084784140176,47.5439818442467],[-115.090805139945,47.5456378441711],[-115.092704140284,47.5457908440322],[-115.098572140192,47.5467268440286],[-115.102316140178,47.5474648438874],[-115.104485140377,47.5481398444382],[-115.107005139675,47.5486528438137],[-115.109102140152,47.549507843672],[-115.110866139661,47.5501558438771],[-115.117850139772,47.5523698443528],[-115.121018140175,47.553467843726],[-115.121603140173,47.5536748442786],[-115.125140139606,47.555096844204],[-115.125986139948,47.5554748436491],[-115.13167413965,47.5579858443313],[-115.132898140337,47.558561843914],[-115.133591139919,47.5588948439819],[-115.134491140054,47.5593178437035],[-115.135787139565,47.5599298440471],[-115.13630013984,47.5601728444612],[-115.139999140448,47.5619188440395],[-115.143257139605,47.5633408439648],[-115.148477140208,47.5656178437485],[-115.150367140131,47.5666078444365],[-115.157693139826,47.5699198442854],[-115.161077140298,47.571395844003],[-115.163165140359,47.5723138440687],[-115.170014139641,47.5754458437108],[-115.18027413974,47.5801168441771],[-115.180922139945,47.580368844107],[-115.181813139665,47.5807198441056],[-115.183181139798,47.5812598438268],[-115.183694140072,47.5814308436186],[-115.186052139994,47.5821958438232],[-115.188284140401,47.5826998436829],[-115.191353139835,47.5831048443731],[-115.194665139684,47.5832488438191],[-115.195871140441,47.5833028436114],[-115.197563140227,47.5833838437495],[-115.200272140147,47.5839778441622],[-115.203134139929,47.5844278442297],[-115.204493139647,47.5844818440219],[-115.205969140264,47.5843198437459],[-115.215095140229,47.5825378443062],[-115.221377140343,47.5812958436883],[-115.223366140335,47.5809088438281],[-115.228802140107,47.5798288443857],[-115.22887413983,47.579810844455],[-115.229207139898,47.5797928436249],[-115.23210514044,47.5795858439716],[-115.236893140006,47.5797658441784],[-115.239908139649,47.579882844178],[-115.241573139988,47.5799548439009],[-115.249484139681,47.5804138443835],[-115.250978140229,47.5805128444523],[-115.271633140357,47.5817818436173],[-115.28095713956,47.5823218442378],[-115.283540139965,47.5824838436146],[-115.288427139601,47.5827628438902],[-115.294673139854,47.5832398443034],[-115.296869140398,47.5830598440966],[-115.297373140258,47.5828888443048],[-115.298561140184,47.5824928440296],[-115.299083139975,47.582366843615],[-115.299839139764,47.5821688443767],[-115.300793139692,47.582150844446],[-115.303286140443,47.5823488436843],[-115.30513114009,47.5829968438893],[-115.30679614043,47.5835908443021],[-115.310567139862,47.585129844227],[-115.314977139983,47.5869388440125],[-115.316831140045,47.5877038442171],[-115.317650140042,47.588036844285],[-115.319414139551,47.5887748441439],[-115.321853139611,47.5897648439325],[-115.32429213967,47.5907638441362],[-115.328558140346,47.5922758437153],[-115.332329139778,47.5926808444055],[-115.332734139569,47.5926988443363],[-115.337576139827,47.5929148444046],[-115.340204139609,47.5930588438507],[-115.340987139745,47.5932208441268],[-115.341680140226,47.5933738439878],[-115.342085140017,47.5934458437109],[-115.343030140429,47.5936618437792],[-115.343885140287,47.593850844401],[-115.344290140078,47.5939408440548],[-115.344929139868,47.5940308437086],[-115.345154140351,47.5940758439851],[-115.345784139726,47.5942108439154],[-115.346513140069,47.5943638437765],[-115.346891140414,47.5944358443988],[-115.348034140063,47.5947598440517],[-115.349870140195,47.5951738442576],[-115.350617139569,47.5954078442567],[-115.35115714019,47.5955788440485],[-115.351580139911,47.5956958440481],[-115.352237139632,47.5958848437706],[-115.3525701397,47.5959748443237],[-115.353551139973,47.5963078443916],[-115.354136139971,47.596595844183],[-115.35642214017,47.597729844317],[-115.356908140099,47.5980178441083],[-115.35706113996,47.5981078437621],[-115.358888139676,47.5992238439654],[-115.359230140159,47.5994488444487],[-115.363379139935,47.6021128440926],[-115.365854139857,47.6032738436731],[-115.371776139557,47.6053258438728],[-115.373720140172,47.6053708441493],[-115.374404140239,47.605379843665],[-115.375421140373,47.605397844495],[-115.37598814044,47.6054158444258],[-115.376987139745,47.6054338443565],[-115.380371140216,47.6055058440796],[-115.382774140414,47.6061268439388],[-115.384187139924,47.6068378443512],[-115.38547413992,47.6074858436569],[-115.387688140395,47.6089258444123],[-115.387787139565,47.6089888437203],[-115.388408140323,47.6094028439263],[-115.388795140184,47.6097358439942],[-115.392062139756,47.6126878443287],[-115.396787140014,47.6164138443836],[-115.400198139932,47.6197078443017],[-115.401332140066,47.620733843952],[-115.403573139988,47.6228398439439],[-115.405229139913,47.624927844005],[-115.406381139978,47.6263948442069],[-115.407587139835,47.6325778442523],[-115.407560140388,47.6344678441759],[-115.407254139767,47.6361238441004],[-115.406372139563,47.6392828440882],[-115.406165139909,47.6409388440127],[-115.405751139703,47.6440978440006],[-115.405436139566,47.6464378439915],[-115.405400139705,47.646806843921],[-115.405319139567,47.6473918439187],[-115.405220140397,47.6481928439849],[-115.405418139635,47.6514238436957],[-115.405598139842,47.6526028441062],[-115.405814139911,47.6540608438931],[-115.406471139631,47.6558698436787],[-115.406804139699,47.6567698438136],[-115.408550140177,47.6616568443482],[-115.409774139965,47.6650588438509],[-115.410386140308,47.6671468439121],[-115.410926140029,47.6690728436971],[-115.412033139818,47.6728888443051],[-115.412789139607,47.6750848439507],[-115.413689139742,47.6776948438023],[-115.413797140226,47.67789284394],[-115.415156140843,47.6802238444153],[-115.418018140625,47.6819158442012],[-115.422617141368,47.6829148444049],[-115.426451141007,47.6835718441257],[-115.42689214066,47.6841478437084],[-115.427990140932,47.6855698436338],[-115.42946614065,47.6874688439724],[-115.437512141172,47.6981968440695],[-115.439636141095,47.701058843851],[-115.442084140671,47.7037948441172],[-115.452713140699,47.7148918441438],[-115.454954140621,47.7164578444145],[-115.457204140958,47.7186718439909],[-115.458914140675,47.7203908441227],[-115.467095141128,47.7284818440224],[-115.471964140832,47.7333058443498],[-115.476905141159,47.7383098439847],[-115.482206141001,47.7436738440332],[-115.482404141138,47.7438628437558],[-115.488506141046,47.7499288438017],[-115.490819140691,47.7522238444155],[-115.491116140897,47.7525298441376],[-115.499171140935,47.7602518441079],[-115.499405140934,47.760485844107],[-115.500998140652,47.7619978436862],[-115.503554140711,47.7644728445068],[-115.510691140684,47.7715108444106],[-115.513391141088,47.7741748440545],[-115.515569140803,47.7763168439079],[-115.518323141,47.7790528441741],[-115.520816140852,47.7815008437497],[-115.528403140892,47.7889618442745],[-115.528880141305,47.7894388437883],[-115.531904141363,47.7923728441921],[-115.532030140878,47.7924988437074],[-115.5343881408,47.7948028438369],[-115.536440141,47.7968008442443],[-115.540805140845,47.8011388437434],[-115.542857141044,47.802398844292],[-115.543316140627,47.8026868440834],[-115.549094140882,47.8061968440699],[-115.550309141154,47.8069348439287],[-115.555826141063,47.8103008444692],[-115.558283141054,47.8117948441176],[-115.561424141111,47.8137118443869],[-115.563026141243,47.8148548440366],[-115.564457140684,47.8159888441706],[-115.565402141096,47.818058844301],[-115.56641914123,47.8202908438082],[-115.569965141078,47.8230358444895],[-115.570019140871,47.8230808438667],[-115.571540140865,47.8239178437943],[-115.572998140652,47.8249618442745],[-115.576958140706,47.8277878441945],[-115.578074140909,47.8285978437763],[-115.580180140901,47.8301008438397],[-115.58389714144,47.8327738438986],[-115.586021141363,47.8342948438928],[-115.586264140877,47.8344658436846],[-115.586822141429,47.834843844029],[-115.587389140596,47.8352668437506],[-115.587470140734,47.8353208444423],[-115.588658140661,47.8361758443006],[-115.592474141269,47.8387768437372],[-115.593104140644,47.8392088438739],[-115.595786141117,47.8407658437296],[-115.597307141112,47.8414948440727],[-115.600223140685,47.84283584386],[-115.601312141442,47.8435108444108],[-115.602635141299,47.8443388439234],[-115.606181141147,47.8484158439769],[-115.609538141272,47.8522858443772],[-115.609817140648,47.85260984403],[-115.610555141407,47.8534558443727],[-115.611896141194,47.8550038438133],[-115.612526140569,47.8557148442256],[-115.615253141319,47.8575688442877],[-115.618061141309,47.8594858436577],[-115.620626140884,47.861240843651],[-115.622579141015,47.8625728439225],[-115.625999141347,47.8648228442598],[-115.626224140931,47.8649848436366],[-115.627565140719,47.86584884391],[-115.62761914141,47.8658848437715],[-115.631759140772,47.8686028441069],[-115.632803141252,47.8693408439658],[-115.639823141225,47.8742728438777],[-115.640822141429,47.8749298444977],[-115.642010141355,47.8757398440795],[-115.646690141337,47.8789528438597],[-115.648751141052,47.8802668442006],[-115.649408140773,47.8806808444065],[-115.652018140625,47.8823548442617],[-115.652981140967,47.883128843982],[-115.65667114116,47.8855138442495],[-115.666166141055,47.8916608444335],[-115.670360141108,47.8943698443539],[-115.678820140937,47.9000038442631],[-115.681637141341,47.9018038436336],[-115.682366140785,47.9023078443926],[-115.685039140844,47.90428784397],[-115.687793141041,47.9063308437545],[-115.688855140552,47.9089858438827],[-115.68868414076,47.9111728440127],[-115.688981140967,47.9123608439389],[-115.689017140828,47.9131978438665],[-115.68932314055,47.9197228443949],[-115.689395141173,47.9208658440446],[-115.68945814138,47.9222788444543],[-115.689494141242,47.9230438437595],[-115.692824141021,47.9289658443594],[-115.693832140741,47.9307478437992],[-115.694219140601,47.9314138439349],[-115.695929141217,47.9395408436962],[-115.696325140593,47.9414578439655],[-115.696802141006,47.9427268440298],[-115.69718014135,47.9437618440951],[-115.698269141208,47.9456248436728],[-115.701059141266,47.9501788441396],[-115.703300141189,47.9531488444049],[-115.707179141104,47.9568568436297],[-115.70989714144,47.9588818443829],[-115.712714140945,47.9608168436837],[-115.713794141287,47.9615638439575],[-115.713857140595,47.961599843819],[-115.714820140937,47.9627158440223],[-115.716737141206,47.9649658443595],[-115.718789141406,47.9669728442827],[-115.721309140704,47.9699878439252],[-115.721957140909,47.9707618436455],[-115.723766140695,47.9724718442615],[-115.725287140689,47.9734258441887],[-115.728617141368,47.9746768443223],[-115.729409141019,47.9749648441136],[-115.734476140861,47.976467844177],[-115.736393141131,47.977034844244],[-115.737410141265,47.9773408439661],[-115.739516141257,47.97808784424],[-115.741622141249,47.9794558443731],[-115.74603214137,47.982281844293],[-115.749425141357,47.984459844008],[-115.75052314073,47.9852608440741],[-115.751000141144,47.9856028436577],[-115.753772141271,47.98759184365],[-115.757408140773,47.9913628439815],[-115.758623141045,47.992613844115],[-115.759505141249,47.9936938444568],[-115.760963141036,47.9950168443133],[-115.762277141377,47.9962048442396],[-115.763600141234,47.9970058443057],[-115.768118140939,47.9999308442944],[-115.770017141278,48.0009388440139],[-115.770809140929,48.0013618437355],[-115.773023141405,48.0025408441461],[-115.77326614092,48.0026668436614],[-115.774931141259,48.0034048444195],[-115.776326140839,48.0040348437945],[-115.77959314131,48.0051958442742],[-115.78241914123,48.0061138443399],[-115.78586614101,48.0069238439217],[-115.799924140886,48.0102628441164],[-115.804658140661,48.0113788443197],[-115.806809140929,48.0119998441789],[-115.807817140648,48.0122878439703],[-115.809419140781,48.0128908438988],[-115.81211014077,48.0140968437558],[-115.813325141042,48.0147448439608],[-115.819193140951,48.0179128443638],[-115.822064141147,48.0194068440121],[-115.822217141008,48.0194968436659],[-115.824206141001,48.0205408441461],[-115.824503141207,48.0206938440072],[-115.824683141414,48.020792844076],[-115.825259140997,48.0210898442824],[-115.825493140996,48.0213148438664],[-115.826420140577,48.0217828438646],[-115.82701414099,48.022070843656],[-115.829822140979,48.0234658441349],[-115.831289141181,48.0242938436475],[-115.838435140669,48.0280108441866],[-115.840487140869,48.028865844045],[-115.841882141348,48.0289738436295],[-115.842539141068,48.0289738436295],[-115.844951140782,48.0289918444596],[-115.84721914105,48.02887484446],[-115.848353141184,48.0288118442527],[-115.849469141388,48.0288298441835],[-115.849550140626,48.0288298441835],[-115.849712140903,48.0288388436992],[-115.851692141379,48.0289738436295],[-115.853654208475,48.0293035216018],[-115.854400634981,48.0295468862414],[-115.855466727308,48.029898017541],[-115.856629613666,48.0304229778997]],[[-114.113261138791,47.5877938438709],[-114.113261138791,47.5882798437998],[-114.113252139275,47.5949308438435],[-114.113252139275,47.5951018436353],[-114.113252139275,47.5952458439806],[-114.113252139275,47.5963168439073],[-114.113288139136,47.5985128444523],[-114.112988314159,47.6022360997763],[-114.113288139136,47.6049748438741],[-114.113279138721,47.6067208443516],[-114.113270139206,47.6075398443485],[-114.113270139206,47.6082778442073],[-114.113261138791,47.6089888437203],[-114.113270139206,47.6101588437158],[-114.113279138721,47.6124178444681],[-114.113288139136,47.6132638439114],[-114.113288139136,47.6143168439074],[-114.113288139136,47.6144968441142],[-114.113297138652,47.6153158441111],[-114.113270139206,47.6158288443858],[-114.113198138583,47.6167648443822],[-114.113153139206,47.6210758444349],[-114.113153139206,47.6215888438103],[-114.113135139275,47.6218228438094],[-114.113135139275,47.6219848440855],[-114.113117139344,47.6239108438706],[-114.113108138929,47.62493684442],[-114.11384104323,47.6313299539744],[-114.113812253233,47.6370946082898],[-114.113077963977,47.6456547179512],[-114.113252139275,47.6601718442155],[-114.113009138861,47.6612428441423],[-114.112739139,47.6622238444152],[-114.111335139005,47.663672843787],[-114.110957138661,47.6641768436467],[-114.10809513888,47.6671738442578],[-114.107834139434,47.6675968439795],[-114.10716850892,47.6685904860225],[-114.106593237788,47.6699683472218],[-114.106312592652,47.6711191332018],[-114.10632215964,47.6729074710633],[-114.106770516646,47.6740645019356],[-114.107609138951,47.6754088445029],[-114.108563138878,47.6766148443599],[-114.109706139427,47.677559843872],[-114.109940139426,47.6776588439409],[-114.110975138592,47.6780818436625],[-114.111029139283,47.6781088440083],[-114.112292059931,47.6786921388915],[-114.116753644265,47.6794456466596],[-114.11748867816,47.6797267243692],[-114.118342746321,47.6801451357498],[-114.11927171182,47.6806814518479],[-114.120839139315,47.6819788444085],[-114.122432139032,47.6836258439179],[-114.123206138752,47.6848048443285],[-114.123395139374,47.6852908442574],[-114.123620138958,47.6854978439107],[-114.123683139166,47.6856688437026],[-114.123719139027,47.685821844463],[-114.12392613868,47.685965843909],[-114.124277138679,47.6866408444598],[-114.1245831393,47.6872258444575],[-114.124610138747,47.6872888437655],[-114.125367411976,47.6884629428709],[-114.125678559418,47.688922634932],[-114.125378434067,47.6889859445062],[-114.124973139299,47.6890539431454],[-114.124483410781,47.6891442476693],[-114.123852398769,47.6891723829595],[-114.123232896281,47.6891885914408],[-114.122697824845,47.6891824886413],[-114.122016906755,47.6891971493893],[-114.121150954053,47.6891558642122],[-114.119706966603,47.6891660022696],[-114.118227660978,47.6891605802569],[-114.116827429143,47.6891644581336],[-114.115328174755,47.6891926986445],[-114.11428713934,47.6892238439656],[-114.113234139344,47.6891608437583],[-114.113063138653,47.6891608437583],[-114.111439511624,47.6892717850252],[-114.109481962722,47.6893445941381],[-114.107405390346,47.6892800246139],[-114.105251139029,47.6891158443811],[-114.102560139039,47.6891068439661],[-114.101480138697,47.6890978444504],[-114.101381138629,47.6890978444504],[-114.10103013863,47.6890978444504],[-114.096260138994,47.6890708441046],[-114.09551313872,47.6890708441046],[-114.09166113915,47.6890528441738],[-114.086647517669,47.6891456614035],[-114.080391001643,47.6891088449576],[-114.070845044363,47.6890245137307],[-114.066767138692,47.6888908438978],[-114.064814138562,47.6888908438978],[-114.062222138641,47.6888908438978],[-114.060962138991,47.6888908438978],[-114.059927138926,47.6888908438978],[-114.059414138652,47.6888908438978],[-114.056453138801,47.6888908438977],[-114.054851138669,47.6888908438978],[-114.053528138813,47.6890528441738],[-114.052718139231,47.6894758438955],[-114.052250139233,47.6900338444468],[-114.052106138887,47.6902678444459],[-114.052070139026,47.690501844445],[-114.051872138888,47.6915008437493],[-114.051611139443,47.6924728445066],[-114.051521138889,47.6928058436752],[-114.050720138823,47.6957218441482],[-114.050718448997,47.6963919128169],[-114.050659546101,47.6968758829761],[-114.050745628308,47.6985604786436],[-114.050899930387,47.7014437159152],[-114.051460958057,47.7033694728833],[-114.051519881637,47.7041709459928],[-114.051270927711,47.7046561401292],[-114.050976920448,47.7050577386842],[-114.05037813924,47.7058198439711],[-114.050315139032,47.7059008441091],[-114.050279139171,47.7059638443164],[-114.049892139311,47.7064858441069],[-114.049694139173,47.7067558439674],[-114.048083138626,47.7088978438209],[-114.047057138976,47.7108238445053],[-114.046562138632,47.7117598445017],[-114.046120615574,47.7143325332802],[-114.045059138568,47.7155758442104],[-114.043340139336,47.7183118444765],[-114.042440139201,47.7197338444019],[-114.039992138726,47.7236398437643],[-114.039623138797,47.7241978443156],[-114.039074138661,47.7250888440354],[-114.038903138869,47.7253768438268],[-114.037652138735,47.7268978438209],[-114.034727138746,47.7302278445],[-114.034511138678,47.7303988442918],[-114.033332139167,47.7312808444959],[-114.031037138553,47.7323068441461],[-114.028832139392,47.7330898442814],[-114.028031139326,47.7341608442081],[-114.027896139395,47.7344938442761],[-114.02761713912,47.7352228437198],[-114.02761713912,47.7354118443417],[-114.02761713912,47.7358978442706],[-114.02761713912,47.7360058438552],[-114.02761713912,47.7367888439905],[-114.02761713912,47.7372388440579],[-114.027995138565,47.7388678436366],[-114.028193138702,47.7403708437001],[-114.028328138633,47.7404608442531],[-114.028292138771,47.7414148441803],[-114.027914139326,47.7427738438984],[-114.027653138981,47.7432238439658],[-114.027419138982,47.7436558441025],[-114.026393139332,47.7456538445099],[-114.025619138712,47.7465808440913],[-114.024800138715,47.7475888438107],[-114.024188139271,47.7482278445],[-114.022316139278,47.7498118438022],[-114.022163139417,47.7499378442168],[-114.021587138935,47.7504598440072],[-114.021209138591,47.7509188444897],[-114.021002138938,47.7514408442801],[-114.020975138592,47.7515218444182],[-114.020885138938,47.7517378444865],[-114.020831139146,47.751836843656],[-114.020813139215,47.7518908443476],[-114.020426139355,47.752817843929],[-114.020156138595,47.7535018439955],[-114.019364138944,47.7554368441956],[-114.019112139014,47.7560398441241],[-114.01848213874,47.7575878444641],[-114.018050138603,47.7586138441142],[-114.017600139435,47.7594148441803],[-114.017033139368,47.7604138443841],[-114.015332139167,47.7626098440297],[-114.015278139375,47.7628258440981],[-114.015233139098,47.7629968438899],[-114.015197139237,47.7638338438175],[-114.015305138821,47.7645898445064],[-114.015521138889,47.7660748437396],[-114.015917139165,47.7688648437982],[-114.016025138749,47.7695848437262],[-114.016052139095,47.7697108441408],[-114.016052139095,47.7703228444844],[-114.016052139095,47.7710338439973],[-114.01590813875,47.7715198439263],[-114.015008138615,47.7733738439883],[-114.014864139169,47.7741208442622],[-114.015026139445,47.7749038443976],[-114.015098139168,47.7757408443252],[-114.015260139444,47.7777748436948],[-114.015323138752,47.7785488443144],[-114.015395139374,47.7788728439673],[-114.015494139443,47.7794038441727],[-114.015602139027,47.7799168444475],[-114.015593138612,47.7802408441004],[-114.015575138682,47.7808168436831],[-114.015566139166,47.7809878443742],[-114.015566139166,47.781068843613],[-114.014909139445,47.7826348438836],[-114.014855138754,47.782778844229],[-114.014711139308,47.783417844019],[-114.014594139308,47.7855148444952],[-114.014576139377,47.78575784401],[-114.014639138685,47.7866668436606],[-114.014882139099,47.7869998437285],[-114.014837138823,47.7871618440046],[-114.01528713889,47.7877378444867],[-114.015323138752,47.7877918442789],[-114.015494139443,47.7879898444165],[-114.015602139027,47.7880978440011],[-114.016430139439,47.7889888437209],[-114.016502139162,47.7890608443432],[-114.016619139162,47.7893578436503],[-114.016772139023,47.789717844064],[-114.016673138954,47.7914368441957],[-114.016187139025,47.7926698443985],[-114.016007138818,47.7930478438437],[-114.015836139027,47.7934078442573],[-114.015584139097,47.7939478439786],[-114.015386138959,47.7946048436993],[-114.015332139167,47.7959998441782],[-114.01503513896,47.7970258438284],[-114.015026139445,47.7971608437587],[-114.014999139099,47.7977368442407],[-114.015134139029,47.7987898442367],[-114.01565613882,47.8001218445083],[-114.015809138681,47.8005268442992],[-114.016691138885,47.8021918437394],[-114.017060138814,47.804315843662],[-114.017213138675,47.804882843729],[-114.017375138951,47.8054858436575],[-114.017510138882,47.8056028436571],[-114.018050138603,47.8089778437133],[-114.018356139224,47.809823844056],[-114.018383138671,47.8099138437097],[-114.018590139224,47.8101208442623],[-114.01861713867,47.8103008444692],[-114.018761139015,47.8103548442614],[-114.018959139153,47.8110838437052],[-114.019364138944,47.8113088441886],[-114.019598138943,47.8115788440492],[-114.020255138664,47.812325844323],[-114.020822138731,47.8130008439746],[-114.021398139213,47.8141168441778],[-114.021902139072,47.8158628437561],[-114.024161138925,47.8208398439445],[-114.024233138648,47.8210198441513],[-114.024386139409,47.8216678443564],[-114.024395138924,47.8223698443537],[-114.024440139201,47.8242598442772],[-114.024638139339,47.8251238436513],[-114.025052138645,47.825969843994],[-114.025587325195,47.8264782676188],[-114.026429313662,47.8269761592831],[-114.027890438593,47.8277464034346],[-114.029336267854,47.8284673962142],[-114.030428330803,47.8290327460253],[-114.031989776007,47.8296345858283],[-114.032756138685,47.8304068444612],[-114.033053138891,47.8308658440443],[-114.033422138821,47.8312528439045],[-114.033530139304,47.8315768444567],[-114.033665139235,47.8316398437646],[-114.033998139303,47.8328818443825],[-114.034052139095,47.8330888440358],[-114.034304139025,47.8340158436171],[-114.034394138679,47.834276843962],[-114.034808138884,47.8354108440961],[-114.03559113902,47.8363198437467],[-114.035654139227,47.836391844369],[-114.036545781063,47.8369065506577],[-114.03759563613,47.8375806231082],[-114.038630170346,47.8382054549786],[-114.039391182057,47.8391773271328],[-114.039623138797,47.8407118439373],[-114.039614139281,47.8415758442107],[-114.039614139281,47.843978844409],[-114.039740138796,47.8450768437822],[-114.039758138727,47.8452478444733],[-114.039920139003,47.8469038443978],[-114.03998313921,47.8474528436347],[-114.039992138726,47.8476058443951],[-114.039992138726,47.8481548436321],[-114.03996513928,47.8500988442471],[-114.039794138589,47.8511608437589],[-114.039722138866,47.8516198442413],[-114.039569139005,47.8525648437535],[-114.039452139005,47.8532848436815],[-114.03930813866,47.8541668438857],[-114.038975138592,47.8554628442958],[-114.038903138869,47.8556878438798],[-114.038795139284,47.8559038439482],[-114.038777139353,47.8559668441555],[-114.038354138732,47.8567408438758],[-114.038192139356,47.8570378440821],[-114.037652138735,47.8577218441487],[-114.037229139014,47.8582258440084],[-114.036860139084,47.8586938440066],[-114.036698138808,47.8588918441442],[-114.03623013881,47.8596028436572],[-114.035780138742,47.8602868437238],[-114.035411138813,47.8608628442059],[-114.035024138953,47.8612768444118],[-114.034691138885,47.8615108444109],[-114.034511138678,47.8616278444104],[-114.03429513861,47.8617898437872],[-114.032990138684,47.8622398438547],[-114.032135138826,47.862527843646],[-114.031298138898,47.8628158443367],[-114.030857139246,47.8630768437823],[-114.030650138693,47.8631848442661],[-114.030407139178,47.8633738439887],[-114.030362138902,47.8634098438502],[-114.02993913918,47.8637248439873],[-114.029021139114,47.8646608439837],[-114.028607138908,47.8650748441897],[-114.028589138978,47.8650928441204],[-114.028382139324,47.8653088441888],[-114.028157138841,47.8655968439801],[-114.027869139049,47.8659748443246],[-114.027419138982,47.866910844321],[-114.027266139121,47.8675138442495],[-114.027257138706,47.8681618444545],[-114.027257138706,47.8684678441766],[-114.02697813933,47.8694938438268],[-114.02670813857,47.8710868444433],[-114.026654138777,47.8719958440939],[-114.0266091394,47.8726348438839],[-114.026636138847,47.8729048437445],[-114.026663139192,47.8730308441591],[-114.026699139054,47.8733368438812],[-114.026753138846,47.8736968442949],[-114.026771138777,47.8738138442945],[-114.027313217731,47.8749074118086],[-114.027635481692,47.8759412139769],[-114.028157138841,47.8770988437976],[-114.028409138771,47.8774858436577],[-114.028463138563,47.8776388444182],[-114.029064969373,47.8785661731514],[-114.029109923784,47.8796904902849],[-114.028931138561,47.8803928437158],[-114.028958138907,47.880860843714],[-114.028886139184,47.8810408439209],[-114.02891313863,47.8827058442603],[-114.02891313863,47.8842898444618],[-114.02891313863,47.8848658440445],[-114.028904139115,47.8854238436965],[-114.028904139115,47.8860628443858],[-114.028904139115,47.8866388439685],[-114.028904139115,47.8869538441057],[-114.028904139115,47.8870708441052],[-114.028904139115,47.8878988436178],[-114.0288951387,47.889590844303],[-114.0288951387,47.8897888444407],[-114.0288951387,47.8903648440234],[-114.0288951387,47.8904638440922],[-114.0288951387,47.8910848439515],[-114.0288951387,47.8913098444349],[-114.0288951387,47.8920388438786],[-114.028886139184,47.8935958437343],[-114.028886139184,47.894180843732],[-114.028877138769,47.8962688437932],[-114.028877138769,47.8972138442047],[-114.028877138769,47.8976008440648],[-114.028877138769,47.8982488442699],[-114.028877138769,47.8988158443368],[-114.028859138838,47.8994548441268],[-114.028859138838,47.8998598439177],[-114.028859138838,47.9003638437775],[-114.028859138838,47.9010658437747],[-114.028859138838,47.9023078443926],[-114.028850139322,47.9034328441115],[-114.028850139322,47.9036848440414],[-114.028850139322,47.9043868440387],[-114.028850139322,47.9054848443112],[-114.028850139322,47.9059708442401],[-114.028832139392,47.9075278440958],[-114.028832139392,47.9082748443697],[-114.028832139392,47.9094178440194],[-114.028823138977,47.9099128443634],[-114.028823138977,47.9113618437352],[-114.028823138977,47.9115778438036],[-114.028823138977,47.9125228442151],[-114.028823138977,47.9128288439371],[-114.028823138977,47.9130178436597],[-114.028823138977,47.9137108441413],[-114.028823138977,47.9152948443427],[-114.028823138977,47.9157088436494],[-114.028823138977,47.9169238439214],[-114.028823138977,47.9173108437816],[-114.028832139392,47.9177698442641],[-114.028832139392,47.9181298437784],[-114.028832139392,47.918480843777],[-114.028832139392,47.9208928443904],[-114.028832139392,47.9211178439745],[-114.028832139392,47.9223328442465],[-114.028850139322,47.9227738438989],[-114.028850139322,47.9236018443108],[-114.028850139322,47.9242408441009],[-114.028850139322,47.9248258440986],[-114.028850139322,47.9251588441665],[-114.028877138769,47.9262388445082],[-114.0288951387,47.9280568438095],[-114.02891313863,47.9290918438747],[-114.028922139045,47.9296138436651],[-114.028922139045,47.9297128437339],[-114.02891313863,47.9300728441476],[-114.02891313863,47.9302078440779],[-114.028904139115,47.9321878436552],[-114.0288951387,47.9326828439992],[-114.0288951387,47.9329168439983],[-114.028886139184,47.9353288437124],[-114.028886139184,47.9354368441962],[-114.028877138769,47.9359498444709],[-114.028877138769,47.9363008444696],[-114.028877138769,47.9369128439138],[-114.028877138769,47.9371918441894],[-114.028859138838,47.9374168437735],[-114.028859138838,47.9376238443261],[-114.028859138838,47.9381728444624],[-114.028859138838,47.9386948442529],[-114.028850139322,47.9392888437664],[-114.028850139322,47.9396128443185],[-114.028850139322,47.9398648442484],[-114.028850139322,47.9401438436247],[-114.028832139392,47.9402788444543],[-114.028832139392,47.9405038440384],[-114.028832139392,47.9410438437596],[-114.028886139184,47.9415388441036],[-114.028922139045,47.9420068441018],[-114.028958138907,47.942402844377],[-114.029003139183,47.9430508436827],[-114.029039139045,47.9435278440959],[-114.029102139252,47.9440228444399],[-114.029255139113,47.9451658440897],[-114.02930013939,47.9453998440888],[-114.029309138906,47.9454448443653],[-114.029336139251,47.9456158441571],[-114.02943513932,47.9461288444319],[-114.029561138835,47.9467228439453],[-114.029606139112,47.9469478444287],[-114.029714138697,47.9475058440807],[-114.030083138626,47.9485858444224],[-114.030227138971,47.9490358444899],[-114.030299138694,47.9491078442129],[-114.030596138901,47.9500708436558],[-114.031109139175,47.9510968442053],[-114.031181138898,47.9513938444117],[-114.03135213869,47.9517268444796],[-114.032018138826,47.9529958436446],[-114.032837138823,47.9545168436387],[-114.032891138615,47.9546968438455],[-114.032981139168,47.95507484419],[-114.033620138958,47.9559658439099],[-114.033728139442,47.9559838438406],[-114.033818139096,47.9562268442547],[-114.033863139372,47.9563438442543],[-114.033998139303,47.9564878437003],[-114.034538139024,47.9574238436967],[-114.034853139161,47.9579638443173],[-114.035393138882,47.9588818443829],[-114.035627138881,47.9593048441045],[-114.035870139295,47.9597188443105],[-114.036158139087,47.9602048442395],[-114.036194138948,47.9602678444468],[-114.036725139154,47.9612128439589],[-114.036914138876,47.961527844096],[-114.037796139081,47.9643178441545],[-114.038309139355,47.9655958437345],[-114.03919113866,47.9669548443519],[-114.040190138864,47.9694208438582],[-114.040289138933,47.9696908437188],[-114.040307138863,47.9697358439953],[-114.040451139209,47.9697808442719],[-114.040892138861,47.9708968444751],[-114.041063138653,47.971715844472],[-114.041027138791,47.9727058442607],[-114.041027138791,47.9729308438447],[-114.040685139208,47.9738308439796],[-114.039830139349,47.9760358440403],[-114.039767139142,47.9763598436932],[-114.038912139284,47.980085843748],[-114.038912139284,47.9801758443011],[-114.038885138938,47.9805178438847],[-114.038822138731,47.9814898437427],[-114.0388041388,47.9817598445026],[-114.038732139077,47.9827768437377],[-114.038705138731,47.9832628436667],[-114.038867139007,47.9838118438029],[-114.039011139353,47.9843248440777],[-114.039011139353,47.984468844423],[-114.039011139353,47.984540844146],[-114.038975138592,47.9858908443484],[-114.038966139076,47.9860528437251],[-114.038912139284,47.9878708439257],[-114.039299139144,47.9888608437144],[-114.039488138866,47.9893288437126],[-114.039812139419,47.9898868442639],[-114.040226138725,47.9906068441919],[-114.041054139137,47.9917048444644],[-114.042814921771,47.9933799307006],[-114.043574139335,47.9962048442396],[-114.044033138918,47.9968258440989],[-114.04499613926,47.9978068443718],[-114.046319139117,47.9986258443686],[-114.04832613904,47.9992198438821],[-114.048911139038,47.9995168440885],[-114.049253138621,47.9999578437409],[-114.050207139448,48.0015508443574],[-114.050477139308,48.0019288438026],[-114.050756138685,48.0023248440778],[-114.05103513896,48.0030538444209],[-114.051089138753,48.0031798439361],[-114.051188138821,48.0032338437283],[-114.051503138959,48.0037738443489],[-114.05167413875,48.0039808440022],[-114.051809138681,48.0042508438628],[-114.052358138817,48.0047728436533],[-114.053951139433,48.0050878437904],[-114.054527139016,48.00520484379],[-114.054725139154,48.0053038438587],[-114.055499138874,48.0054928444806],[-114.055652138735,48.0055288443421],[-114.055895139149,48.0057088436496],[-114.056129139148,48.0059608444788],[-114.055994139218,48.0068788436452],[-114.055859139288,48.0073288437126],[-114.05514339675,48.0088038271963],[-114.054957228993,48.0101659691456],[-114.055261634217,48.0108937742897],[-114.055832138942,48.0117658441798],[-114.056066138941,48.0121258436942],[-114.056264139079,48.0122338441781],[-114.056732139077,48.0128098437607],[-114.059225138929,48.0138358443103],[-114.059540139066,48.0141238441016],[-114.060071139272,48.0146008436155],[-114.060692139131,48.0151768440975],[-114.061403138644,48.0155278440962],[-114.062123138572,48.0158878445099],[-114.064076138703,48.0168148440913],[-114.066029138834,48.0177688440184],[-114.066155139248,48.0178678440872],[-114.066605139316,48.0181828442244],[-114.067163138968,48.0188848442217],[-114.067226139175,48.0189658443598],[-114.06746913869,48.0194608438044],[-114.06775713938,48.0200188443557],[-114.068027139241,48.0205858444227],[-114.068297139102,48.0211258441439],[-114.068360139309,48.0212608440742],[-114.068531139101,48.0216118440728],[-114.068621138755,48.0217918442797],[-114.069332139167,48.0232498440665],[-114.070187139025,48.0249688441983],[-114.070322138956,48.0255088439196],[-114.070808138884,48.0262918440549],[-114.070898139438,48.026453844331],[-114.070988139091,48.0265438439847],[-114.071213138675,48.0268408441911],[-114.071555139158,48.0277048444646],[-114.071582138605,48.027803843634],[-114.071690139089,48.0278398443948],[-114.071717139434,48.0281638440477],[-114.071960138949,48.0283888436318],[-114.072131138741,48.0290098443904],[-114.072167138603,48.0291448443206],[-114.072167138603,48.0301168441786],[-114.072158139087,48.0309178442446],[-114.072140139156,48.0326818437536],[-114.072131138741,48.0329788439601],[-114.072131138741,48.0333118440279],[-114.072131138741,48.0338968440257],[-114.07211313881,48.0364258437393],[-114.072104139295,48.0369928438062],[-114.072104139295,48.0378748440104],[-114.072275139086,48.0385228442155],[-114.072266138671,48.0386218442843],[-114.07223013881,48.0389368444214],[-114.072338139294,48.0389908442137],[-114.072410139017,48.0392338437284],[-114.072608139154,48.0398098442105],[-114.072680138877,48.0399088442793],[-114.073625139289,48.0413218437897],[-114.074237138733,48.0419068437874],[-114.07455213887,48.0427618436457],[-114.074534138939,48.0430498443364],[-114.074408139424,48.0458218444642],[-114.074282139009,48.0463978440469],[-114.074111139218,48.0471178439749],[-114.07352613922,48.0504658436854],[-114.073427139151,48.0516628440266],[-114.07339113929,48.0520858437483],[-114.073328139082,48.053084843952],[-114.073193139152,48.0540208439484],[-114.073328139082,48.0540928436714],[-114.073418138736,48.0546508442227],[-114.07352613922,48.0553708441507],[-114.073634138804,48.0556228440806],[-114.073814139011,48.0560278438715],[-114.073940139426,48.0562978437321],[-114.074237138733,48.0566398442151],[-114.074282139009,48.0566938440073],[-114.075173138729,48.0574408442812],[-114.077693138927,48.0592768444125],[-114.077792138996,48.0594838440658],[-114.078458139132,48.0599698439947],[-114.079660067758,48.0606314770227],[-114.080803271554,48.0613436888219],[-114.081726315017,48.0620869416207],[-114.082022138911,48.0630388443288],[-114.082301139186,48.0636418442573],[-114.082319139117,48.0636958440496],[-114.082364139393,48.0641638440478],[-114.082319139117,48.0649378437681],[-114.082364139393,48.0651628442515],[-114.082157138841,48.0660808443172],[-114.081851139119,48.0666028441076],[-114.081707138773,48.066962843622],[-114.080537138778,48.0700678438176],[-114.080213139125,48.071012844229],[-114.080159139333,48.0713008440204],[-114.079835138781,48.0718678440874],[-114.079403138644,48.0733348442893],[-114.079160139129,48.0737848443568],[-114.078917138715,48.0750538444211],[-114.078818138646,48.0773668440663],[-114.078917138715,48.0788698441297],[-114.078971139407,48.0791848442669],[-114.079187138576,48.0804178444697],[-114.079259139198,48.0813988438433],[-114.079403138644,48.0821368437021],[-114.079736138712,48.0827128441841],[-114.081095139329,48.0841888439018],[-114.081374138705,48.0845128444539],[-114.081554138912,48.0847738438995],[-114.081608138705,48.0848818443833],[-114.08252613877,48.0858358443105],[-114.085478139105,48.0890848439522],[-114.086252138825,48.0899218438797],[-114.086873138684,48.0907138444301],[-114.087458138682,48.0911638444976],[-114.088088138956,48.0919108438721],[-114.088376138748,48.0927478437997],[-114.088538139024,48.0936208444881],[-114.0885831393,48.0937198436576],[-114.089114138607,48.0950158440677],[-114.089627138881,48.095717844065],[-114.091512914689,48.0976462342481],[-114.093348844673,48.0993395812185],[-114.095119144833,48.0986275636729],[-114.097484138782,48.0977968437112],[-114.098600138985,48.0973918439202],[-114.099185138983,48.0972748439207],[-114.101516138559,48.0964108436473],[-114.106727138746,48.0944938442773],[-114.106808138884,48.0944668439314],[-114.10695213923,48.0942778442089],[-114.107321139159,48.0942598442782],[-114.108563138878,48.0938188437264],[-114.109166138806,48.0936208444882],[-114.112031770949,48.0929016917215],[-114.11442213927,48.0927208443533],[-114.116924138638,48.0922978437323],[-114.11993913918,48.0917938438725],[-114.121163138968,48.0917218441496],[-114.123332139167,48.0917218441495],[-114.125951139433,48.0917038442188],[-114.134269583275,48.0919180789179],[-114.135259128006,48.0921378561389],[-114.135866061569,48.0923603367219],[-114.13629921104,48.0927615260853],[-114.137026067399,48.0931211901526],[-114.1379555608,48.0938419104376],[-114.138886049751,48.094399634897],[-114.139539515137,48.0947696654495],[-114.140973758432,48.0951834318317],[-114.148109138726,48.0953578436513],[-114.159611139443,48.0954028439279],[-114.164813139215,48.0954118443429],[-114.173858139042,48.0954208438586],[-114.174335138556,48.0954208438586],[-114.181193139152,48.0954298442737],[-114.195098078913,48.0953234913478],[-114.19907902058,48.0952983463034],[-114.201919835932,48.0953063898398],[-114.204613819872,48.0953352086147],[-114.212591254283,48.0953333964809],[-114.216668946814,48.0953710600881],[-114.218435138871,48.0954568437201],[-114.223907139403,48.0954568437201],[-114.228875139176,48.0954658441351],[-114.230882139099,48.0954748436509],[-114.232502139162,48.0954748436509],[-114.234653139431,48.0954838440659],[-114.235768320352,48.0954837865093],[-114.237254354705,48.095452389378],[-114.236524044949,48.0944790279465],[-114.23560450974,48.0932714920475],[-114.235039549336,48.0924082391108],[-114.234633682598,48.0914175252603],[-114.233996138811,48.0898588436724],[-114.233681138674,48.0893998440893],[-114.233051139299,48.0885178438851],[-114.232556138955,48.0879148439566],[-114.231818139096,48.0870148438217],[-114.231458138682,48.0865738441693],[-114.230828139307,48.0858088439647],[-114.230351138894,48.0848728439683],[-114.229937138688,48.083450844043],[-114.229802138758,48.0833338440434],[-114.229676139242,48.0828658440452],[-114.229631138966,48.0826048437003],[-114.22946913869,48.081605844396],[-114.229460139174,48.0815338437736],[-114.229433138828,48.0814888443963],[-114.229316138829,48.0812368444665],[-114.229262139036,48.0811018436369],[-114.228983138761,48.0797068440573],[-114.229118138691,48.0792838443356],[-114.229415138897,48.0790498443366],[-114.230837154111,48.0782660429053],[-114.232246236175,48.078065700933],[-114.233673996258,48.077924359883],[-114.235472703303,48.0777919230205],[-114.236831072596,48.077722086167],[-114.240224139133,48.0779878439256],[-114.240431138786,48.0779698439948],[-114.241538138574,48.077870843926],[-114.242870138846,48.0777358439957],[-114.243833139188,48.0776548438577],[-114.244598207741,48.0771105687595],[-114.245269738707,48.0768094334703],[-114.245616556859,48.0764517047441],[-114.245796493214,48.0758093459862],[-114.245756273733,48.0751983133132],[-114.245584871944,48.0746573441228],[-114.245288822321,48.073722940423],[-114.244183095074,48.0719272164296],[-114.243682525228,48.0710733074489],[-114.24363513905,48.0697078443033],[-114.243527138567,48.0696718444417],[-114.243014139191,48.0683938439624],[-114.242924138638,48.0677008443801],[-114.242888138777,48.0674308436202],[-114.242825138569,48.0671698441746],[-114.241741880883,48.0644622696797],[-114.24147258699,48.0633698514991],[-114.241665646253,48.0618004553884],[-114.242483138986,48.0604828442695],[-114.242753138846,48.0600688440635],[-114.242987138845,48.0592858439282],[-114.242960139399,48.0587008439304],[-114.242681139123,48.058106844417],[-114.242483138986,48.0578548444872],[-114.242402138848,48.057683843796],[-114.24168213892,48.0571708444205],[-114.240186471029,48.0566450261087],[-114.238497653044,48.0559601869747],[-114.236576761408,48.0551233192474],[-114.235152121973,48.0544008569756],[-114.23448213874,48.053579844296],[-114.233879138811,48.0531028438828],[-114.233780138742,48.0530218437447],[-114.233159138883,48.0523648440239],[-114.23130199659,48.0503742009702],[-114.229361336956,48.0478747853547],[-114.228605139316,48.0465148440464],[-114.228056139179,48.045506844327],[-114.227885139388,48.0437248439879],[-114.22780413925,48.0427078438535],[-114.227624139043,48.0417538439263],[-114.227516138559,48.040907844483],[-114.227390139044,48.0390898442825],[-114.227417139389,48.0381808437325],[-114.227561138835,48.0373348442892],[-114.227876138973,48.0366508442226],[-114.228173139179,48.0361378439479],[-114.228398138763,48.0358588436723],[-114.228569138555,48.0353458442968],[-114.228623139246,48.0348868438143],[-114.228704139384,48.0344278442312],[-114.228740139246,48.0335818438886],[-114.228677139039,48.0331678436826],[-114.228479138901,48.0326728442379],[-114.227975139041,48.0321238441016],[-114.227174138975,48.031277843759],[-114.226553139116,48.0306298444533],[-114.226076138703,48.0298738437644],[-114.226301139186,48.0283168439088],[-114.226292138771,48.0274168437739],[-114.226355138978,48.026606844192],[-114.226373138909,48.0252658444047],[-114.22652613877,48.0246268437154],[-114.226427138701,48.0239068437873],[-114.226301139186,48.0233938444119],[-114.22575213905,48.0220078443481],[-114.225734139119,48.0218278441412],[-114.225437138913,48.0210718443517],[-114.22523013926,48.0205408441461],[-114.225122138776,48.020234844424],[-114.225023138707,48.0200008444249],[-114.225032139122,48.0195508443575],[-114.224933139053,48.0182818442932],[-114.224915139122,48.0181648442936],[-114.224879139261,48.0178768445023],[-114.224852138915,48.0176698439497],[-114.224780139192,48.0170308441596],[-114.224762139261,48.0167788442297],[-114.224753138846,48.0167158440225],[-114.224636138847,48.0152128439591],[-114.224501138916,48.0148978438219],[-114.223709139265,48.0129268437603],[-114.223205139406,48.0120988442477],[-114.222872139338,48.0118018440414],[-114.221981138719,48.0107128441839],[-114.221711138858,48.0104068444618],[-114.218858138592,48.0066628444762],[-114.218219138802,48.0058168441335],[-114.21766113915,48.0050608443439],[-114.216167138603,48.003026844075],[-114.215888139226,48.0028288439374],[-114.21429513861,48.000605843946],[-114.213359138613,47.999390843674],[-114.211496139036,47.9969878443749],[-114.211334138759,47.9967808438223],[-114.211172139383,47.996573844169],[-114.210974139245,47.9963128438241],[-114.210704139385,47.9959618438254],[-114.210569138555,47.995601844311],[-114.209606139112,47.9945398439001],[-114.209327138836,47.9942698440395],[-114.209129138699,47.9940808443169],[-114.207885659595,47.9922821804397],[-114.206753437421,47.9913637693839],[-114.20543244665,47.9905749991982],[-114.201036870755,47.9878075280564],[-114.199816041077,47.9868502707847],[-114.199174603225,47.9862732459749],[-114.198356139224,47.985179843936],[-114.198419139432,47.983901844356],[-114.199004139429,47.9810938443668],[-114.199472139428,47.9777638436878],[-114.199067138737,47.9765578438308],[-114.197267139367,47.9732998437741],[-114.196277138679,47.9716798437111],[-114.195543978072,47.9703920936815],[-114.194751945146,47.9695794554888],[-114.193354059642,47.968544531866],[-114.191237139183,47.9671618440052],[-114.190157138841,47.965973844079],[-114.18923013926,47.964434844154],[-114.18886113933,47.9632468442278],[-114.188690138639,47.9623468440929],[-114.188654138777,47.9621848438168],[-114.188654138777,47.9610058443056],[-114.188825138569,47.9600788438249],[-114.191453139251,47.9549578441904],[-114.192065138695,47.9537698442642],[-114.192092139041,47.9536798437111],[-114.19232613904,47.9532838443352],[-114.192425139109,47.9531128436441],[-114.192803138554,47.9519518440636],[-114.192893139107,47.9516908437187],[-114.192974139245,47.9514208438581],[-114.193208139244,47.9499358437255],[-114.193181138898,47.9494228443501],[-114.193640770705,47.948815902693],[-114.193492652364,47.9478602642011],[-114.193098120682,47.947093888933],[-114.19200494797,47.9458100122835],[-114.191078059904,47.9448109131543],[-114.190120202785,47.9437134030124],[-114.188869472448,47.9426575386757],[-114.187829938901,47.9410575755079],[-114.187502138713,47.9399368439714],[-114.187502138713,47.9397298443181],[-114.187502138713,47.9371738442587],[-114.187778753087,47.9361081341443],[-114.1876559003,47.9350024608561],[-114.186959735104,47.9339377381973],[-114.185895012445,47.9332825245301],[-114.184379831064,47.9325863593342],[-114.183151304989,47.931931145667],[-114.182291336376,47.9309892757956],[-114.181267564347,47.92976074972],[-114.179875234854,47.9286550764318],[-114.178690682029,47.9280662048526],[-114.177715013837,47.9276394450655],[-114.176276189395,47.9267130516272],[-114.175298138898,47.9260138440249],[-114.175064138899,47.9253928441656],[-114.174659139108,47.9243128438238],[-114.174135178795,47.9223394317805],[-114.174929138969,47.9202898444619],[-114.175127139106,47.9197138439799],[-114.175532138897,47.9191378443971],[-114.176414139101,47.9185528443994],[-114.176531139101,47.9183188444003],[-114.176828139307,47.9182828436395],[-114.181688138597,47.915987843925],[-114.182885138938,47.9154388437887],[-114.184829138654,47.9146108442762],[-114.187658232242,47.913064912377],[-114.189428714064,47.9118876161817],[-114.190679138631,47.9111368441512],[-114.190877138769,47.9109928438058],[-114.191480138697,47.910740843876],[-114.192974139245,47.9103988442924],[-114.19375713938,47.91032684367],[-114.195494139443,47.9105068438769],[-114.196979138676,47.910740843876],[-114.198905186125,47.9108985948554],[-114.200492905024,47.9110838120294],[-114.201810249044,47.9108962242425],[-114.202992389887,47.9105222312771],[-114.20418568682,47.9099409886468],[-114.206126915725,47.9076080096631],[-114.206924138638,47.9066548443068],[-114.207608138705,47.9063128438238],[-114.208598139393,47.9060068441017],[-114.208832139392,47.9058268438949],[-114.209381138629,47.9058268438949],[-114.210362138902,47.9056108438265],[-114.212576139377,47.9051158443818],[-114.21483122628,47.9044140629198],[-114.216248188203,47.9040578576451],[-114.217514394973,47.9034660542761],[-114.218583295882,47.9024910470852],[-114.219371138867,47.9015068443265],[-114.219362139351,47.901056844259],[-114.219272138798,47.8960258442784],[-114.219263139282,47.8952878444195],[-114.219020138868,47.8937938438719],[-114.218723138662,47.8930738439439],[-114.218606138662,47.8927858441524],[-114.218507138594,47.8927408438759],[-114.218372138663,47.8921918437396],[-114.218228139217,47.8920118444321],[-114.217760139219,47.8914628442959],[-114.217589139427,47.8909678439519],[-114.216374139155,47.8897708445099],[-114.21432047521,47.8882398503499],[-114.213717743279,47.8872974669656],[-114.213469661696,47.8865101851579],[-114.213206138752,47.8855948443876],[-114.213305138821,47.8854598444573],[-114.213620138958,47.8850368438363],[-114.216032138672,47.8829128439136],[-114.219488138866,47.8798798443404],[-114.220370139071,47.879096844205],[-114.221193464807,47.8785188787043],[-114.221545954982,47.8776973300288],[-114.221705628712,47.8767490309041],[-114.222392772808,47.8757768943492],[-114.222953138576,47.8749388440134],[-114.223925139334,47.8744978443611],[-114.223988138642,47.8744708440152],[-114.225158138637,47.8742368440162],[-114.227516138559,47.8741738438089],[-114.231197139237,47.8742278445004],[-114.232070139026,47.8742368440162],[-114.236255138664,47.8743088437391],[-114.240665138785,47.8744348441537],[-114.244022138911,47.8744528440845],[-114.246776139108,47.8744798444303],[-114.247514138966,47.8743898438772],[-114.248360139309,47.8741828442239],[-114.249053138891,47.8740118444321],[-114.25095213923,47.8733188439505],[-114.254474028254,47.872326895331],[-114.258557139201,47.8717798440256],[-114.261977138634,47.8713298439581],[-114.263993138972,47.8710688436132],[-114.265460139174,47.8708798438907],[-114.269933138603,47.870303844308],[-114.272678139285,47.8699438438943],[-114.275063138653,47.8691158443817],[-114.275189139067,47.8688998443133],[-114.275603139273,47.868827843691],[-114.276962138992,47.8679638443169],[-114.277250138783,47.8676758436263],[-114.278420138778,47.8664788441843],[-114.278690138639,47.8660918443241],[-114.278798139123,47.8660648439783],[-114.278969138915,47.8655158438421],[-114.279410138567,47.8644358443997],[-114.279509138636,47.8641208442625],[-114.279680139327,47.8636168444028],[-114.280022138911,47.8625008441996],[-114.280364139393,47.8613848439963],[-114.28039113884,47.8609708437904],[-114.280499139324,47.8604758443457],[-114.280364139393,47.8600258442782],[-114.280202139117,47.8598278441407],[-114.27975213905,47.8592788440044],[-114.278852138915,47.8586128438686],[-114.278771138777,47.8585588440763],[-114.278555138709,47.8583158436622],[-114.277853138711,47.8575688442877],[-114.277655138574,47.8571098438052],[-114.277619138712,47.8570198441514],[-114.277538138574,47.8565878440147],[-114.277169138645,47.8546348438839],[-114.276917138715,47.8541038436784],[-114.276764138854,47.8537168438182],[-114.276566138716,47.8532848436816],[-114.276359139063,47.8528618439599],[-114.276089139202,47.8524748440997],[-114.275891139065,47.8521958438241],[-114.274838139069,47.8506928437607],[-114.274802139207,47.8505938436919],[-114.274757138931,47.8504138443843],[-114.274631139416,47.8500268436249],[-114.274739139,47.8494238436963],[-114.275135139275,47.8483618441847],[-114.280904139115,47.8409008436599],[-114.281120139183,47.8406218442836],[-114.282308139109,47.8394788437346],[-114.282902138623,47.8391278437359],[-114.283361139105,47.8388668442903],[-114.284585138893,47.8383358440848],[-114.285332139167,47.8381108445008],[-114.285800139165,47.8379758436712],[-114.287060138814,47.8378048438793],[-114.292068733086,47.8379923929954],[-114.303166466959,47.8390242634199],[-114.30777813915,47.8393618437349],[-114.307850138873,47.8393618437349],[-114.307931139011,47.83937084415],[-114.309695139419,47.8392268438047],[-114.323528138813,47.8374628442957],[-114.328595138655,47.8368148440907],[-114.328694138724,47.8367968441599],[-114.329135139275,47.8367428443676],[-114.339584139097,47.835410844096],[-114.339818139096,47.8353568443038],[-114.340331139371,47.8352848436815],[-114.343013139845,47.8349608440286],[-114.343985139702,47.8347538443753],[-114.345137139767,47.8345018444454],[-114.346019139971,47.8341598439625],[-114.346793139692,47.8338628437561],[-114.347081140382,47.8337368442409],[-114.348161139825,47.8327918438294],[-114.348476139962,47.832512844453],[-114.348791140099,47.8321618444545],[-114.349313139889,47.8316038439031],[-114.34958313975,47.8310548437669],[-114.349655140372,47.8308118442521],[-114.349709140165,47.8305688438379],[-114.349763139957,47.8303888436311],[-114.349853139611,47.8300198437017],[-114.349862140026,47.829515843842],[-114.349880139956,47.827904844194],[-114.349880139956,47.8275268438496],[-114.349889140371,47.8268968444747],[-114.349898139887,47.8262488442696],[-114.349871140441,47.8256818442026],[-114.349916139818,47.8246918444139],[-114.349925140233,47.8235038444876],[-114.349952139679,47.8220278438708],[-114.349682139819,47.8210378440821],[-114.348926140029,47.8195798442952],[-114.348566139616,47.8195078436729],[-114.348512139823,47.8194808442264],[-114.347432140381,47.8187968441598],[-114.346460139624,47.8183918443689],[-114.344525140323,47.8179148439557],[-114.339710138612,47.8167538443752],[-114.335597138697,47.8158088439638],[-114.335363138698,47.815781843618],[-114.334310138702,47.8156288437569],[-114.334211138633,47.8155028442417],[-114.333329139328,47.8152868441733],[-114.328505139001,47.8141528440393],[-114.320081139033,47.8121638440469],[-114.319019138622,47.8119118441171],[-114.31798791571,47.8112823159869],[-114.316685055271,47.8105435418118],[-114.315896139395,47.8097878441944],[-114.314928187386,47.8066808043364],[-114.313016138784,47.800625844368],[-114.312296138856,47.7995278440955],[-114.311801139411,47.7990238442358],[-114.311531138651,47.7988978438212],[-114.311081138584,47.7986818437528],[-114.309466181919,47.7981033593433],[-114.307385550902,47.7980420219825],[-114.306024398207,47.7980831192014],[-114.304286139094,47.7981958438238],[-114.302855138754,47.7981868443082],[-114.301298138898,47.7981778438931],[-114.297923138842,47.7981418440317],[-114.296519138847,47.7981328436166],[-114.296096139125,47.7981238441009],[-114.295889138573,47.7981058441701],[-114.295664138989,47.7980878442394],[-114.294854139407,47.7981238441009],[-114.291587138935,47.7986098440298],[-114.288140139156,47.799716843818],[-114.284639138685,47.8008238445056],[-114.282821139384,47.8014178440191],[-114.281453139251,47.8018678440865],[-114.27911313926,47.8025968444296],[-114.278096139125,47.8029298444975],[-114.276854139407,47.8036588439413],[-114.2766741392,47.80375784401],[-114.275891139065,47.8042348444233],[-114.27537813879,47.8045768440069],[-114.272876139422,47.8066738444831],[-114.27113913936,47.8081048439242],[-114.269879138811,47.808923843921],[-114.268475138817,47.8096168444026],[-114.268088138956,47.8097968437101],[-114.265982138964,47.810615843707],[-114.265379139036,47.8107958439138],[-114.264056139179,47.8111918441891],[-114.263075138907,47.8113988438423],[-114.262112138564,47.8115968439799],[-114.261878138565,47.8116418442565],[-114.261734139119,47.8116598441873],[-114.259979139126,47.8118308439791],[-114.255569139005,47.8118758442556],[-114.254183138941,47.8117678437718],[-114.25095213923,47.8112278440505],[-114.248116425732,47.8102906893246],[-114.245041212882,47.8094962839871],[-114.242951257694,47.8089209103325],[-114.241385138713,47.8085548439916],[-114.240638139339,47.8082218439237],[-114.239486139274,47.8074478442034],[-114.238631139416,47.8066918444138],[-114.237606555298,47.8047994891659],[-114.237265482916,47.8037168268309],[-114.236563410073,47.801245774034],[-114.23639499943,47.799984130424],[-114.236264168756,47.7983571057566],[-114.236228139217,47.7967738438985],[-114.23641713894,47.7955948443873],[-114.236759139423,47.7946228436301],[-114.237299139144,47.793191844189],[-114.239027138791,47.7905188441301],[-114.239873139134,47.7888088444133],[-114.239837139273,47.78730584435],[-114.239837139273,47.7872068442811],[-114.238955139068,47.78575784401],[-114.23868085124,47.7849481996604],[-114.238271326061,47.7841324516121],[-114.238133923142,47.7829691893373],[-114.238335094289,47.7819117826633],[-114.241079138991,47.7769378437672],[-114.241367138782,47.7763978440459],[-114.241655138574,47.7758488439097],[-114.241961139195,47.7750298439128],[-114.24208713871,47.7722758437159],[-114.241912532637,47.7704962373721],[-114.24028713934,47.7680368442856],[-114.238703139139,47.7658138442941],[-114.238190138864,47.7651028438818],[-114.237911138588,47.7647158440216],[-114.234536139431,47.7602518441079],[-114.23397813888,47.7594958443184],[-114.233879138811,47.7591808441812],[-114.233681138674,47.7590908436282],[-114.233024138953,47.7580378436322],[-114.232862138677,47.7575608441183],[-114.232664139438,47.7573268441191],[-114.231881139303,47.7553738439884],[-114.231881139303,47.7549958436438],[-114.231638138889,47.7543388439231],[-114.231575138682,47.7537538439253],[-114.23140413889,47.7534298442725],[-114.230675139446,47.7499378442167],[-114.230432139032,47.7487678442212],[-114.230333138963,47.7485788444987],[-114.23026113924,47.7480658442239],[-114.230135138826,47.74731884395],[-114.229829139103,47.7462748443692],[-114.228785138623,47.7439348443781],[-114.227093138837,47.7417208439024],[-114.225725138704,47.740226844254],[-114.22536513919,47.7398308439788],[-114.223475139266,47.7382108439159],[-114.222413138855,47.7373018442653],[-114.221558138997,47.7365728439222],[-114.2186871388,47.7341068444159],[-114.217265138875,47.7328918441438],[-114.216104139295,47.7318928439401],[-114.215393138882,47.7312808444959],[-114.20993913918,47.7265828436838],[-114.208661138701,47.7254848443106],[-114.207410138567,47.7243958444532],[-114.207311139398,47.7243148443151],[-114.206807138639,47.7238918436942],[-114.205259139198,47.7225508439068],[-114.200597139147,47.7185368440606],[-114.199769138735,47.7178078437175],[-114.19913913936,47.7172678439963],[-114.19683513923,47.715350843727],[-114.195296139305,47.7139378442166],[-114.194099138964,47.7128668442899],[-114.193703138689,47.7125608436685],[-114.19335213869,47.7122818442921],[-114.19321713876,47.7121738438083],[-114.192101138557,47.7112108443654],[-114.187592139266,47.7073408439653],[-114.184316139278,47.704532843976],[-114.183758138727,47.7040198437013],[-114.182651138939,47.7030298439126],[-114.182174139425,47.7025888442602],[-114.180947019889,47.701550021177],[-114.180542253922,47.7012066420333],[-114.179897666644,47.7006814892197],[-114.178353567563,47.6993281156604],[-114.176171138687,47.6974588442107],[-114.175559139243,47.6969998437283],[-114.17521713876,47.696864843798],[-114.174434138625,47.6965138437993],[-114.17346035631,47.6961846874338],[-114.172531876445,47.695993210079],[-114.168830641921,47.6951945707332],[-114.16567091528,47.694519150199],[-114.164656221907,47.6944170753482],[-114.164192139356,47.6944348441531],[-114.163382138875,47.6943988442916],[-114.161893517172,47.6944255442639],[-114.160222520153,47.6944170753481],[-114.157901138826,47.6943268436693],[-114.157613139035,47.6943088437386],[-114.156038139249,47.6941378439467],[-114.153028397942,47.6934639144885],[-114.151637138643,47.6931838440196],[-114.149783138581,47.6928778442975],[-114.147828757091,47.6928166930963],[-114.147369654086,47.6928101433339],[-114.146802298787,47.6927984521473],[-114.145782000839,47.6927998982571],[-114.144197427769,47.6927994800724],[-114.143156386958,47.6927832904769],[-114.142220520061,47.6927623866353],[-114.141188138822,47.6927338439522],[-114.140999139099,47.6927338439522],[-114.140828139307,47.6927338439522],[-114.140639138685,47.6927338439522],[-114.140216138964,47.6927338439522],[-114.13960413862,47.6927338439522],[-114.135986139049,47.6928058436752],[-114.135377414036,47.692977206793],[-114.134744158216,47.6931445688272],[-114.133498712296,47.6934248506367],[-114.13218401588,47.693483552984],[-114.13137813879,47.6932198438811],[-114.13048713907,47.692841844436],[-114.129692536781,47.6925064188965],[-114.129162041995,47.6922879061224],[-114.128260327752,47.6917743941334],[-114.12773583594,47.6915096607027],[-114.127256139359,47.6911678436814],[-114.127040139291,47.6909068442359],[-114.126878139015,47.690726844029],[-114.125951139433,47.6894038441725],[-114.125678559418,47.688922634932]],[[-114.778830769125,47.3542512660425],[-114.778631140315,47.3541628437996],[-114.77540914012,47.3530378440807],[-114.773096139575,47.3522368440145],[-114.771782140134,47.3517778444314],[-114.770891140414,47.3514718438099],[-114.770801139861,47.3514358439484],[-114.76770514008,47.3506168439516],[-114.76487914016,47.3501398444377],[-114.763511140027,47.3499868436773],[-114.760478139554,47.3496808439552],[-114.758525140323,47.3496988438859],[-114.756455140193,47.3496088442321],[-114.754664140338,47.3496718444395],[-114.750965139729,47.3498068443698],[-114.747626140434,47.3495368445092],[-114.741560140388,47.348798843751],[-114.740696140115,47.3486998436822],[-114.740273140393,47.3486278439592],[-114.736223139786,47.3479888441692],[-114.735395140273,47.3477368442394],[-114.734513140069,47.3472598438261],[-114.733154140351,47.3461978443144],[-114.731516140358,47.3455138442479],[-114.73040913967,47.3455768444552],[-114.729599140088,47.3453608443869],[-114.727250139682,47.3450188439039],[-114.724739139899,47.3448028438356],[-114.721130139844,47.3444788441827],[-114.719825139918,47.3444248443905],[-114.718673139853,47.3443978440446],[-114.718286139993,47.3443888436296],[-114.715595140004,47.3440918443225],[-114.713732140426,47.3439838438387],[-114.712463140362,47.3437588442546],[-114.710438139608,47.3431828437726],[-114.708512139823,47.3433178437029],[-114.708287140239,47.3433358436337],[-114.706784140176,47.3433628439794],[-114.705704139834,47.3430928441189],[-114.704426140254,47.3429578441886],[-114.701870140195,47.3432548443949],[-114.701303140128,47.3430118439808],[-114.700898140337,47.342840844189],[-114.699179140205,47.3417338444008],[-114.698333139862,47.3416168444013],[-114.696191140009,47.3415628437096],[-114.691916139818,47.3412838443333],[-114.690485140377,47.3411938437803],[-114.686561140184,47.341220844126],[-114.683555140058,47.3412388440568],[-114.683159139782,47.3413288437105],[-114.681296140205,47.3417608438472],[-114.679694140072,47.3418958437775],[-114.678308140009,47.3421028443301],[-114.674483139885,47.3419138437083],[-114.673097139821,47.341706844055],[-114.672404140239,47.3415178443324],[-114.670307139763,47.3409598437811],[-114.668462140116,47.3403028440604],[-114.666608140054,47.3395378438558],[-114.652469140039,47.3341018440842],[-114.650552139769,47.3336158441552],[-114.649256140259,47.3335348440172],[-114.649112139913,47.3335258445014],[-114.648023140056,47.3337598445006],[-114.646754139992,47.3342638443603],[-114.643874140279,47.3355598438711],[-114.637475140166,47.3384488439983],[-114.635495139689,47.3393578436489],[-114.628763140407,47.3423188443985],[-114.625964139933,47.3436688437016],[-114.624038140148,47.3444788441827],[-114.621176140367,47.3456848440397],[-114.618521140238,47.3465758437596],[-114.615623139696,47.3485468438212],[-114.614120139633,47.3495908443014],[-114.609854139857,47.3521468443608],[-114.607802139657,47.3535598438711],[-114.604976139737,47.3559268442079],[-114.604040139741,47.3567188438589],[-114.602663140092,47.3577718438549],[-114.600836140376,47.3588878440582],[-114.599162139621,47.3597608438473],[-114.597353139835,47.3603818437065],[-114.584177140163,47.3635588436252],[-114.578894140252,47.3647738438972],[-114.578813140114,47.3647828443122],[-114.576203140263,47.3651968436189]],[[-114.628034140064,47.5708198444203],[-114.626891140414,47.5723228444838],[-114.62678313993,47.5725568444828],[-114.626657140415,47.5728268443435],[-114.626432139931,47.5732948443416],[-114.626063140002,47.5742758437152],[-114.625964139933,47.5743658442683],[-114.625871704915,47.5751343077621],[-114.626006644591,47.5765051371624],[-114.626046160802,47.5787655480516],[-114.62607953824,47.5807693275025],[-114.626074413903,47.5836028133792],[-114.625964219073,47.5875332769992],[-114.626012545942,47.5907709020156],[-114.626088940652,47.5945709180735],[-114.626099789174,47.6017281590874],[-114.626170056803,47.6052714726605],[-114.625980947363,47.6089558080243],[-114.625919040731,47.6161234829725],[-114.626062064413,47.6196560127749],[-114.62600262642,47.6232697054927],[-114.626060815254,47.6305740324259],[-114.626089914618,47.634226148678],[-114.625991923588,47.6386693328837],[-114.626122704799,47.6416885107764],[-114.626057099256,47.6450454380568],[-114.625838140418,47.6521888439003],[-114.625964139933,47.6561128440928],[-114.626110388584,47.6594565162655],[-114.626066704914,47.6631190592575],[-114.626297140001,47.6661928439849],[-114.626297140001,47.6688028438365],[-114.626306140416,47.6739058444395],[-114.626360140208,47.6812138442039],[-114.626351139793,47.6884948436225],[-114.626360140208,47.6932738436733],[-114.626088401059,47.6957108301511],[-114.626131489377,47.6975066971368],[-114.626105222878,47.6988492986167],[-114.626164114982,47.7006943297399],[-114.62639614007,47.7030028444661],[-114.626387139655,47.7085828436838],[-114.626387139655,47.7100048445084],[-114.626387139655,47.711471843811],[-114.626369139724,47.7146218442832],[-114.62602714014,47.71607984407],[-114.625964139933,47.7163768442764],[-114.624803140353,47.7182398438542],[-114.623282140358,47.7197878441942],[-114.622193139602,47.720606844191],[-114.619493140096,47.7226498439756],[-114.618485140377,47.7238108444554],[-114.617774139965,47.7261328436164],[-114.61739613962,47.7285718436761],[-114.61739613962,47.7285898445062],[-114.616991139829,47.7302278445],[-114.616289139832,47.7342238444154],[-114.616217140109,47.7350968442045],[-114.616037139902,47.7356278444101],[-114.615956139764,47.7358978442706],[-114.615884140041,47.7367348441983],[-114.614462140116,47.7427558439675],[-114.61430013984,47.743691843964],[-114.613985139702,47.7448618439595],[-114.613517139704,47.7465718436762],[-114.613454140396,47.74731884395],[-114.612797139776,47.7499378442167],[-114.6125181404,47.7511078442123],[-114.611672140057,47.7547348441983],[-114.611501140265,47.7551128436434],[-114.611330139574,47.7560398441241],[-114.610151140063,47.7608368441057],[-114.608477140208,47.7674878441494],[-114.607445868732,47.7709285055067],[-114.606312866845,47.7750064102783],[-114.605150512886,47.7797062672911],[-114.60481414036,47.7821668438854],[-114.604373139808,47.784065844224],[-114.604328140431,47.7845878440145],[-114.604310139601,47.7848128444979],[-114.60429213967,47.7872968439349],[-114.604283140155,47.7894838440648],[-114.604283140155,47.7897358439947],[-114.604256139809,47.7984928440302],[-114.604238139878,47.8019668441553],[-114.604193139602,47.8137118443869],[-114.603860140433,47.8152328443811],[-114.600980139822,47.8223158436621],[-114.599963139687,47.8251058437205],[-114.598883140245,47.8275538441954],[-114.597416140043,47.8289938440515],[-114.596372139563,47.8297228443946],[-114.595085139568,47.8304248443919],[-114.593960139849,47.8308748444593],[-114.59196214034,47.8315048438343],[-114.590198139932,47.8318108444558],[-114.588497139731,47.8318738437638],[-114.585914140225,47.8316218438339],[-114.582611139892,47.8310908436284],[-114.566429140093,47.828471844261],[-114.563090139898,47.8279138437098],[-114.5404011404,47.8241248443469],[-114.537935139995,47.8237198436567],[-114.534128139802,47.8230808438667],[-114.509585140242,47.8189858438824],[-114.503960139849,47.8180408443703],[-114.500963140137,47.8175368445106],[-114.488111140117,47.8154218441037],[-114.486095139779,47.8151878441045],[-114.485735140264,47.815142843828],[-114.483017139929,47.8150978444507],[-114.479336140151,47.8151698441738],[-114.477095140229,47.8152148444504],[-114.46890514026,47.8152778437583],[-114.446090140348,47.8154578439651],[-114.429917140064,47.8155658444489],[-114.42673113973,47.8158178443788],[-114.416039140394,47.816843844029],[-114.415391140189,47.8169068442363],[-114.414050140402,47.8170328437515],[-114.413618140265,47.8170778440281],[-114.405482140089,47.8178698436792],[-114.399974139695,47.8184008438847],[-114.394637139992,47.8189048437444],[-114.392936139791,47.8195438444337],[-114.39125314042,47.8206868440834],[-114.380795140184,47.8285258440533],[-114.37596214034,47.8321618444544],[-114.375294908133,47.8327500226563],[-114.374355302755,47.8333997648481],[-114.373029691267,47.833796428823],[-114.371939140079,47.8338718441711],[-114.371876139872,47.8338718441711],[-114.35910513999,47.8340068441015],[-114.353804140149,47.8340608438937],[-114.350195140094,47.8340968437552],[-114.349047295796,47.8340582313632],[-114.348076908423,47.8338891399328],[-114.347081140382,47.8337368442409]],[[-116.868125141762,47.9528608437142],[-116.8680891419,47.9514928444805],[-116.868062141555,47.9508808441369],[-116.867963142385,47.9503048436549],[-116.867963142385,47.9496838437956],[-116.867720141971,47.9491798439359],[-116.867153141904,47.9486218442839],[-116.866415142045,47.948135844355],[-116.865317141773,47.9475238440115],[-116.862797141575,47.9461648442934],[-116.861303141926,47.9453278443658],[-116.859773142417,47.9445628441611],[-116.858522142283,47.9438158438874],[-116.857118142288,47.9430238442362],[-116.856578141668,47.9425828436845],[-116.856281142361,47.9421328436171],[-116.855795142432,47.9411608437591],[-116.855498142225,47.9403598436931],[-116.852906142305,47.9332858439277],[-116.852303142376,47.9318098442101],[-116.85200614217,47.9309818437982],[-116.851025141897,47.928515844292],[-116.848865142113,47.922854844037],[-116.847317141773,47.9194798439808],[-116.846759142121,47.9176258439187],[-116.843816142201,47.9103628444309],[-116.842862142274,47.9079598442325],[-116.842592142413,47.9070868444434],[-116.841701141794,47.9046838442451],[-116.841386141657,47.9036578436956],[-116.841413142003,47.9027218436992],[-116.841719141725,47.9020198437019],[-116.841872141586,47.9015788440495],[-116.842394142276,47.9010748441898],[-116.843312142341,47.9003098439852],[-116.844518142198,47.8991398439897],[-116.845814141709,47.8974748436502],[-116.846390142191,47.8966918444142],[-116.850539141968,47.8908958442289],[-116.850602142175,47.8908148440908],[-116.851034142312,47.8901848438166],[-116.851124141966,47.890076844232],[-116.851313141688,47.8898068443714],[-116.856605142014,47.8821568441241],[-116.856911141736,47.8813828444038],[-116.856983142358,47.8796908437185],[-116.856776141805,47.8789078444824],[-116.856299142292,47.8778998438637],[-116.853275142234,47.8749028441519],[-116.852420142376,47.8739128443633],[-116.8522581421,47.8737328441564],[-116.852150141616,47.8736158441569],[-116.850890141966,47.8719688437481],[-116.850629141622,47.8716718444411],[-116.85045814183,47.8712668437508],[-116.849963142385,47.870375844031],[-116.849873141832,47.8700968437553],[-116.849675141694,47.8692688442427],[-116.849423141765,47.8675858439725],[-116.849603141971,47.8658758442558],[-116.850305141969,47.8641298437782],[-116.852438142306,47.8609618442746],[-116.852816141752,47.8605208437229],[-116.852951141682,47.8603408444154],[-116.855624141741,47.8565338442224],[-116.856695141667,47.8549408445053],[-116.85922414228,47.8516108438263],[-116.859359142211,47.8513768438272],[-116.859431141934,47.8512868441735],[-116.860718141929,47.8494778443879],[-116.860835141928,47.8493338440426],[-116.860988141789,47.8491088444585],[-116.861870141993,47.8478848437714],[-116.862005141924,47.8476958440489],[-116.863265141573,47.8459858443322],[-116.868278141623,47.838803844083],[-116.868404142037,47.8386328442912],[-116.868818142243,47.8379668441554],[-116.870816141751,47.8353118440272],[-116.87157214244,47.8339078440327],[-116.871833141886,47.8331788436895],[-116.871932141955,47.8316038439031],[-116.871869141747,47.8294978439112],[-116.872382142022,47.8275268438496],[-116.872652141883,47.8269958436441],[-116.87296714202,47.8265908438532],[-116.87321914195,47.8262848441311],[-116.873570141948,47.8259068437867],[-116.874002142085,47.8256098444796],[-116.876027141939,47.8243138440695],[-116.87875414179,47.8227658437295],[-116.881139142058,47.8213798436657],[-116.882633141706,47.8205158442916],[-116.882813141913,47.8204258437385],[-116.882966141774,47.8202998442233],[-116.883137141566,47.8201918437394],[-116.883290142326,47.8201108445007],[-116.883758142324,47.8198588436715]],[[-116.915573141787,48.1805698440851],[-116.912855142351,48.1805068438779],[-116.912459142076,48.1804978443621],[-116.911064141597,48.1805158442928],[-116.909930142362,48.1804708440163],[-116.908598142091,48.1804978443621],[-116.907203141612,48.1804528440856],[-116.906951141682,48.1804618445006],[-116.905898141686,48.1804708440163],[-116.904674141898,48.1804708440163],[-116.903369141972,48.1804978443621],[-116.902451141907,48.1804708440163],[-116.897519141995,48.1804348441548],[-116.896412142207,48.1804258437398],[-116.89468414166,48.1804168442241],[-116.894126142008,48.1804168442241],[-116.893892142009,48.1804168442241],[-116.893082142427,48.180407843809],[-116.891786142017,48.1803988442933],[-116.891408141672,48.1803988442933],[-116.890976142435,48.1804168442241],[-116.889698141956,48.1801018440869],[-116.888411141961,48.1799038439493],[-116.885738141902,48.1788328440226],[-116.883965141978,48.1778518437497],[-116.882327141984,48.176933843684],[-116.880590141921,48.1761688443787],[-116.876477142006,48.1746298444538],[-116.876027141939,48.1744948436242],[-116.872526142368,48.1731988441134],[-116.869997141755,48.1720558444637],[-116.867513142318,48.1708138438458],[-116.865875142324,48.1697248439884],[-116.856677141737,48.1620478442946],[-116.856569142152,48.1618768445028],[-116.850890141966,48.1571878441057],[-116.850863141621,48.1570708441061],[-116.85007114197,48.1565038440392],[-116.848919141905,48.1555228437662],[-116.84867614239,48.1553068436979],[-116.848055141631,48.1548298441839],[-116.845724142055,48.1525258440544],[-116.84261914186,48.1499878439258],[-116.841386141657,48.149096844206],[-116.840261141938,48.1485028437932],[-116.838884142289,48.1481068444173],[-116.838326141738,48.1479538436569],[-116.837552142018,48.1478728444182],[-116.836688141744,48.1478368436573],[-116.835977142231,48.1478728444182],[-116.835482141887,48.1479628440719],[-116.834618141614,48.1482148440018],[-116.833610141894,48.1486378437235],[-116.83170214204,48.1494388437896],[-116.824214142069,48.1529668437068],[-116.822612141937,48.1535788440504],[-116.820875141874,48.1540378436336],[-116.816087142308,48.1549288442527],[-116.807420141926,48.1553338440436],[-116.800931142158,48.1559998441795],[-116.797484142379,48.1561348441098],[-116.79248914226,48.1574938438278],[-116.789960141647,48.1580338444484],[-116.787674142348,48.1587898442379],[-116.78592814187,48.1594108440972],[-116.780636142444,48.1617508440882],[-116.778611141691,48.1626508442231],[-116.77731514218,48.1632178442901],[-116.77369714171,48.1645138438009],[-116.770358142414,48.1655758442119],[-116.765876141671,48.1669708437915],[-116.765462142364,48.1671418444826],[-116.764391142437,48.1674838440662],[-116.755904142262,48.1701208442636],[-116.752691141583,48.1711648438445],[-116.751026142143,48.17169584405],[-116.750531141799,48.1718038436345],[-116.750396141868,48.1719028437033],[-116.747561142433,48.1728838439763],[-116.745221142442,48.173810844457],[-116.743871142239,48.1743328442475],[-116.740829142251,48.1757188443113],[-116.735987141993,48.1780948441638],[-116.73578014234,48.178076844233],[-116.735681142271,48.1782298440941],[-116.733116141796,48.1797058438117],[-116.732711142006,48.1799488442259],[-116.731433142426,48.180821844015],[-116.729714142294,48.1822888442169],[-116.729165142158,48.1827838436616],[-116.726492142099,48.1854118443432],[-116.72407114197,48.1880938439179],[-116.72331514218,48.1891018436373],[-116.721065141843,48.1921618444557],[-116.72035414233,48.1933768438284],[-116.720003142331,48.1944928440317],[-116.719904142262,48.1951768440982],[-116.720003142331,48.1971028438833],[-116.720021142262,48.1975708438815],[-116.720039142193,48.198029844364],[-116.72048914226,48.1992628436675],[-116.720552141568,48.2003068441477],[-116.720759142121,48.2012248442133],[-116.720975142189,48.2017558444189],[-116.721137141566,48.2031418444827],[-116.721209142188,48.2050138444755],[-116.720930141913,48.2060038442642],[-116.720696141913,48.2065978437776],[-116.720525142122,48.2066698444],[-116.720057142123,48.2079208436342],[-116.719913141778,48.2085598443235],[-116.719895141847,48.2088658440457],[-116.719733141571,48.2117188443114],[-116.719688142194,48.2119258439647],[-116.719436142264,48.2130328437529],[-116.718608141852,48.2142118441635],[-116.71725814165,48.2155618443659],[-116.714378141938,48.2178388441496],[-116.713082142427,48.219566843797],[-116.710931142158,48.2231038441294],[-116.710481142091,48.2235088439203],[-116.703416141841,48.2283598436941],[-116.70299314212,48.2286658443156],[-116.702966141774,48.2287468444536],[-116.702273142192,48.2291068439679],[-116.701391141988,48.2300068441028],[-116.700122141923,48.2321488439563],[-116.699951142131,48.2323648440246],[-116.699807141786,48.232661844231],[-116.698916142066,48.2335708438816],[-116.697566141864,48.2347048440156],[-116.697422142418,48.2353078439441],[-116.697278142073,48.2367568442153],[-116.696459142076,48.2383768442782],[-116.695127141804,48.2409958436456],[-116.694965142427,48.2414818444738],[-116.694965142427,48.2415718441276],[-116.694920142151,48.2445148440472],[-116.694551142221,48.245405843767],[-116.692562142229,48.2482768439635],[-116.692562142229,48.2484298438246],[-116.691635141748,48.2495548444429],[-116.69157214244,48.2499148439572],[-116.69153614168,48.2502748443709],[-116.691329142026,48.2503198437481],[-116.691329142026,48.2503828439554],[-116.690654142375,48.2514898437436],[-116.68963714224,48.2519758436726],[-116.688701142244,48.25242584374],[-116.687162142319,48.2529748438763],[-116.684687142398,48.2537308436658],[-116.679467141795,48.2559718444874],[-116.67357214244,48.2584378439937],[-116.671835142378,48.2589688441992],[-116.671520142241,48.2590768437837],[-116.670179141554,48.259139843991],[-116.668280142115,48.2588788436461],[-116.667209142188,48.258725843785],[-116.666282141707,48.2585278436474],[-116.665733141571,48.2584648443394],[-116.6641671422,48.2582308443404],[-116.663627141579,48.2581228438565],[-116.663339141788,48.2580778444793],[-116.661467141795,48.2577448444114],[-116.658992141874,48.2572138442059],[-116.658821142082,48.2570788442756],[-116.65865014229,48.2570608443449],[-116.657561142433,48.2565388436551],[-116.657111142365,48.2564038437248],[-116.650073141562,48.2531548440832],[-116.648903141567,48.252767844223],[-116.647427141849,48.2523988442936],[-116.645519141995,48.2522098436716],[-116.643530142002,48.252119844018],[-116.639453141949,48.252119844018],[-116.63883214209,48.252119844018],[-116.63538514231,48.2521828442252],[-116.631029141981,48.2522638443633],[-116.629004142127,48.2522908438097],[-116.626016141931,48.2523358440863],[-116.624459142076,48.2523718439478],[-116.623784142424,48.2523808443628],[-116.622614142429,48.2523988442936],[-116.622290141877,48.2524078438093],[-116.613407142326,48.2525968444312],[-116.61132814178,48.2527138444308],[-116.611130141643,48.2526778436699],[-116.61043714206,48.2525248438088],[-116.609312142341,48.2521558438795],[-116.608610142344,48.2519128443646],[-116.607773142417,48.2516158441582],[-116.606882141797,48.2514628442972],[-116.606765141798,48.2514628442972],[-116.606324142145,48.2514358439514],[-116.605172142081,48.2515798442967],[-116.604929141667,48.2516518440197],[-116.603588141879,48.2520298443642],[-116.602364142091,48.2526688441542],[-116.601473142372,48.2529748438763],[-116.599862141824,48.2533168443593],[-116.598467142245,48.2535868442199],[-116.596235141838,48.2540728441488],[-116.595137141566,48.2542978437329],[-116.594660142052,48.2544598440089],[-116.589467141795,48.256232843933],[-116.585867142155,48.2579968443413],[-116.585570141948,48.2581408437873],[-116.585201142019,48.2583208439941],[-116.584400141953,48.2587168442694],[-116.578982142112,48.2613628439824],[-116.578379142184,48.2616598441888],[-116.576498141776,48.2625778442545],[-116.575724142055,48.2629468441839],[-116.574122141923,48.2637298443192],[-116.573366142134,48.2640988442487],[-116.572700141998,48.2644228439015],[-116.572151141862,48.2646298444541],[-116.571809142278,48.2648908438997],[-116.569865141663,48.2657998444496],[-116.567840141809,48.2667808438232],[-116.563664141687,48.268832844023],[-116.562467142245,48.2694268444357],[-116.561099142112,48.2700928436722],[-116.559587141633,48.2708128444996],[-116.558777142051,48.2711908439447],[-116.558111141916,48.2715058440819],[-116.556707141921,48.2721808437333],[-116.554997142204,48.273035844491],[-116.553908142347,48.2730718443526],[-116.553017141728,48.2730898442833]],[[-118.483525676069,47.7510110124089],[-118.482581143305,47.7506758440756],[-118.481771142824,47.7503248440769],[-118.48088914262,47.7498838444245],[-118.479809143177,47.7493078439424],[-118.478405143183,47.7481738438084],[-118.477838143116,47.747579844295],[-118.476722142913,47.7460948441623],[-118.475597143194,47.7429988443818],[-118.475264143126,47.7420538439703],[-118.475093143334,47.7413068436964],[-118.474778143197,47.7407398436294],[-118.47459814299,47.7399298440476],[-118.474553142713,47.7396868436335],[-118.474337142645,47.7393988438421],[-118.473896142993,47.7378148436407],[-118.473797142924,47.7377518443327],[-118.473563142925,47.7370138444739],[-118.473464142856,47.7369688441974],[-118.473392143133,47.736680844406],[-118.472852143412,47.7359158442014],[-118.472177142861,47.7352408436506],[-118.471115143349,47.7344398444838],[-118.461872143385,47.7295978442256],[-118.461017142627,47.7290938443659],[-118.460108142976,47.72867984416],[-118.459262142634,47.7281668438853],[-118.456382142922,47.7266908441676],[-118.449911143085,47.7231808441811],[-118.443332142764,47.7197698442634],[-118.429265143372,47.7122098436698],[-118.426232142899,47.7106618442292],[-118.420085142715,47.7073948437574],[-118.402238142576,47.6981068444158],[-118.396262143083,47.6949568439436],[-118.395722143362,47.6946058439449],[-118.393751143301,47.6935258445025],[-118.392428143444,47.6927968441594],[-118.382267143414,47.6866228436297],[-118.38163714314,47.6862628441154],[-118.379135142872,47.6847958439135],[-118.376102143299,47.6816638442713],[-118.374932143304,47.6804758443451],[-118.374167143099,47.6796838437947],[-118.374131143238,47.6795398443487],[-118.372160143176,47.6775058440798],[-118.371008143111,47.6764258437381],[-118.370981142766,47.676272843877],[-118.369964142631,47.6752558437425],[-118.36839814326,47.6739148439552],[-118.366679143128,47.6726908441675],[-118.360406143429,47.6692348439732],[-118.351613142632,47.6643568438536],[-118.350326142637,47.6633038438576],[-118.34759014327,47.6605408441449],[-118.345826142862,47.6588218440132],[-118.344269143006,47.6575888438104],[-118.343216143011,47.6569498440204],[-118.335233142695,47.6532058440348],[-118.334630142767,47.6529268437591],[-118.334117143391,47.652701844175],[-118.319636142894,47.6460058438549],[-118.316630142767,47.6447998439978],[-118.312607143405,47.6436658438639],[-118.309574142932,47.6431258441427],[-118.305956143361,47.642774844144],[-118.298036143253,47.6426578441444],[-118.290017143077,47.6425228442141],[-118.270001142739,47.6425768440064],[-118.259219142849,47.6425768440064],[-118.251092143088,47.6425858444215],[-118.248338142891,47.6425948439372],[-118.239950142785,47.6425948439372],[-118.239806143339,47.6424958438684],[-118.239734142716,47.6424958438684],[-118.23018514303,47.6425858444215],[-118.226999142696,47.6425588440756],[-118.225685143255,47.6425588440756],[-118.218206142799,47.6426218442829],[-118.215299142741,47.6429008436592],[-118.183817143346,47.6492818438423],[-118.178570143297,47.6503078443918],[-118.17761614337,47.6504968441143],[-118.176284143099,47.65077584439],[-118.163576143424,47.6533138436193],[-118.162334142806,47.6535748439642],[-118.160210142884,47.653979843755],[-118.157501142963,47.6540248440316],[-118.15625014283,47.6540248440316],[-118.154963142835,47.6540248440316],[-118.153532143394,47.653979843755],[-118.152695142567,47.6540158436166],[-118.152191142707,47.6540518443774],[-118.151039142642,47.6540248440316],[-118.149761143062,47.6540248440316],[-118.148465142652,47.6540158436166],[-118.148060142861,47.6540158436166],[-118.147115143349,47.6539978436858],[-118.144550142875,47.6540518443774],[-118.14339814281,47.6540698443081],[-118.142111142815,47.6543038443073],[-118.140716143235,47.6547808438212]],[[-118.69061614382,47.3334088445019],[-118.68908614431,47.3333908436719],[-118.687691143831,47.3333008440181],[-118.687223143833,47.3332738436723],[-118.686890143765,47.3332468442258],[-118.685810144323,47.3332108443643],[-118.684127144052,47.3331658440878],[-118.68225514406,47.3330218437425],[-118.680473143721,47.3330398436732],[-118.678835143727,47.3328598443657],[-118.678691144281,47.3328328440199],[-118.678196143937,47.3327158440203],[-118.677755144284,47.3326348438823],[-118.67751214387,47.3325988440208],[-118.676495143736,47.3323198437451],[-118.675874143877,47.3320408443688],[-118.675775143808,47.3319778441615],[-118.675478143601,47.3318158438854],[-118.674254143814,47.3311138438881],[-118.673984143953,47.3309158437505],[-118.673210144233,47.3306008436134],[-118.672634143751,47.3302048442375],[-118.671599143686,47.3297908440316],[-118.670987144241,47.3295568440324],[-118.669853144107,47.3292508443104],[-118.669178143556,47.3291338443108],[-118.668737143904,47.329178843688],[-118.667801143908,47.329106843965],[-118.665605144262,47.3294578439637],[-118.664813143712,47.329745843755],[-118.664291143921,47.3300158436156],[-118.663769144131,47.330312843822],[-118.662914144272,47.3307628438895],[-118.661213144071,47.3319688437465],[-118.660916143865,47.3320948441611],[-118.660601143728,47.3322208436764],[-118.660466143797,47.3323198437451],[-118.659863143869,47.3327338439511],[-118.659359144009,47.3329228436736],[-118.659278143871,47.3329768443652],[-118.658333144359,47.3334898437406],[-118.658054144083,47.3336608444318],[-118.656173143676,47.3346328442897],[-118.655192144302,47.3349838442884],[-118.653581143755,47.3356948438014],[-118.653284144448,47.3357398440779],[-118.652474143967,47.3360998444916],[-118.650818144042,47.3365678444898],[-118.649405143632,47.3366938440051],[-118.648739144396,47.3368828437276],[-118.636598143889,47.3381068444147],[-118.626104142892,47.3393038438566],[-118.625267142964,47.339294844341],[-118.61923714278,47.340014844269],[-118.61705014265,47.3403388439219],[-118.61422414273,47.3408878440582],[-118.611605143363,47.3415988444705],[-118.6080501431,47.3429578441886],[-118.606196143038,47.3437228443932],[-118.604513142767,47.344613844113],[-118.601363143194,47.3462878439682],[-118.599986142646,47.3469808444498],[-118.599437143409,47.3471788436881],[-118.598996142858,47.3472508443104],[-118.598600142582,47.3474128436872],[-118.593767142739,47.3476918439628],[-118.591040142888,47.3477008443779],[-118.566101143053,47.3478178443774],[-118.564409143267,47.3478268438931],[-118.559702142939,47.3478448438239],[-118.559090142596,47.3479528443077],[-118.557353143433,47.3480068441],[-118.556336143298,47.3482138437533],[-118.555760142816,47.3481958438225],[-118.554455142891,47.3484748440982],[-118.553753142893,47.3484928440289],[-118.548632143259,47.3496358436786],[-118.530209142638,47.3541088440073],[-118.523351142941,47.3557828438626],[-118.51948114344,47.356727844274],[-118.51715914338,47.3573758444791],[-118.514324143045,47.3580058438541],[-118.512380143329,47.3583118444755],[-118.509518142648,47.3583838441985],[-118.505693143424,47.3577988442007],[-118.503299142741,47.3574838440636],[-118.502831142743,47.3574118443406],[-118.501103143096,47.357294844341],[-118.499996143307,47.3571328440649],[-118.498691143382,47.3571868438572],[-118.495973143046,47.3575558437866],[-118.495325142841,47.3577628443392],[-118.494218143053,47.358005843854],[-118.493822142778,47.3581948444759],[-118.493408142572,47.3582668441989],[-118.491977143131,47.3587888439894],[-118.491428142994,47.3588968444732],[-118.490987143342,47.359067844265],[-118.487018142873,47.3598598439161],[-118.486316142876,47.3600758439845],[-118.484273143091,47.3605078441212],[-118.48232014296,47.3608588441198],[-118.480223143383,47.3613448440487],[-118.47935914311,47.3614168437717],[-118.478180142699,47.361740844324],[-118.475561143332,47.3622448441836],[-118.475156142642,47.3623618441832],[-118.464770143028,47.3652508443105],[-118.463420142825,47.3656288437556],[-118.461503142556,47.3660878442381],[-118.461008143111,47.3662588440299],[-118.460216142561,47.3665198443748],[-118.458173142776,47.3670958439575],[-118.454078142792,47.3685088443671],[-118.453259142795,47.3687878437434],[-118.452251143076,47.3693638442255],[-118.451108143426,47.3697868439471],[-118.441739143047,47.3748718437201],[-118.437212142926,47.3771758438496],[-118.434953143073,47.3783818437066],[-118.410032143169,47.3916028436558],[-118.404056142777,47.3947888439895],[-118.403435142917,47.3951128436424],[-118.401473143271,47.3961658436383],[-118.392554142959,47.4009628436199],[-118.382033143415,47.4066148443591],[-118.380566143213,47.407505844079],[-118.379306142664,47.4080998444918],[-118.376093142884,47.410403843722],[-118.375706143024,47.4105388436523],[-118.372124143315,47.4131308444725],[-118.370657143113,47.4140758439846],[-118.36621114313,47.4172438443875],[-118.360253142668,47.4210688436119],[-118.359290143225,47.4215638439558],[-118.357661142748,47.4223918443677],[-118.355807142685,47.4233098444334],[-118.344269143006,47.4285928443439],[-118.340363142745,47.4306178441978],[-118.338536143029,47.4319768439158],[-118.328708143066,47.4390778440269],[-118.323056143226,47.4433798436645],[-118.31722414318,47.4488338442662],[-118.316909143043,47.4491848442649],[-118.316351143391,47.449796843709],[-118.313822142778,47.4522178438381],[-118.304129142746,47.4614968436641],[-118.302770143028,47.4628018444892],[-118.301051142896,47.4642328439303],[-118.299503142556,47.465726844478],[-118.298153143253,47.4668698441277],[-118.295795143331,47.4683998436376],[-118.294751142851,47.4689038443966],[-118.293734142716,47.4695158438408],[-118.292087143207,47.4700918443229],[-118.283420142825,47.4728098437591],[-118.280459142975,47.4738088439628],[-118.271117142942,47.4770128442271],[-118.270712143151,47.4771298442267],[-118.267499143371,47.4782098436691],[-118.263620142555,47.4795148444942],[-118.260515143259,47.4805678444902],[-118.260164143261,47.4806938440055],[-118.25898514285,47.4811708444187],[-118.258760143266,47.4812878444183],[-118.257860143131,47.481782843863],[-118.257671143409,47.482016843862],[-118.256096142723,47.4839248437164],[-118.256069143276,47.4839698439929],[-118.25565514307,47.4844648443369],[-118.25462914342,47.4855988444709],[-118.254665143282,47.4839248437164],[-118.254674142797,47.4828358438589],[-118.254692142728,47.4824038437222],[-118.254701143143,47.4821428442766],[-118.254683143212,47.4816928442092],[-118.254701143143,47.480729843867],[-118.254701143143,47.4797938438706],[-118.254665143282,47.4788128444969],[-118.253936142939,47.4788308444277],[-118.253162143218,47.4788308444277],[-118.252595143151,47.4788398439434],[-118.251695143016,47.4785878440136],[-118.251083142673,47.4784528440833],[-118.250192142953,47.4784528440833],[-118.240625143336,47.478389843876],[-118.228394143175,47.478317844153],[-118.22492014305,47.4782728438764],[-118.207514142564,47.478056843808],[-118.207388143048,47.478056843808],[-118.202537143275,47.4782098436691],[-118.200449143213,47.4781918437384],[-118.196813142812,47.4783718439452],[-118.194086142961,47.4781648442919],[-118.192862143173,47.4780298443616],[-118.190540143113,47.4772288442955],[-118.189487143117,47.4765898445055],[-118.188578142567,47.4756268441632],[-118.187687142847,47.4741688443764],[-118.186472142575,47.4720628443845],[-118.185014142788,47.4692458439802],[-118.184573143136,47.4676258439173],[-118.184537143274,47.4665548439906],[-118.184402143344,47.4649978441349],[-118.184402143344,47.4641788441381],[-118.184204143207,47.4629908442118],[-118.184807143135,47.4600928436695],[-118.185212142926,47.4593278443642],[-118.18545514334,47.458139844438],[-118.185617142717,47.4578698436781],[-118.185887142578,47.4574378444407],[-118.186157143337,47.4554938438255],[-118.186130142992,47.4481948444762],[-118.186121142577,47.4459718444847],[-118.186121142577,47.4451348436578],[-118.186859143335,47.4437938438705],[-118.187165143057,47.4424168442217],[-118.188137142915,47.4396808439554],[-118.188434143121,47.4386278439595],[-118.188686143051,47.4376468436865],[-118.18892014305,47.4372238439649],[-118.188857142843,47.435126844388],[-118.188488142913,47.4337948441164],[-118.188236142984,47.4328948439815],[-118.18518514258,47.4266848444896],[-118.183295142657,47.4214198445098],[-118.183061142658,47.4206008436136],[-118.182791142797,47.42025884403],[-118.178381142676,47.4160018437696],[-118.175987142892,47.4139138437085],[-118.175717143032,47.4133738439873],[-118.175456142687,47.4127978444046],[-118.175456142687,47.4117808442701],[-118.175456142687,47.4112498440646],[-118.174673142551,47.4102148439995],[-118.174025143246,47.4096298440017],[-118.172891143112,47.4081898441456],[-118.171856143046,47.4071098438039],[-118.170803143051,47.4062188440839],[-118.170569143051,47.4060298443614],[-118.170353142983,47.4058498441546],[-118.167608143201,47.4036178437481],[-118.166465142652,47.4026098440286],[-118.164539142867,47.4014398440331],[-118.163801143008,47.4009358441734],[-118.160570143297,47.399018843904],[-118.159229142611,47.398217843838],[-118.159004143027,47.3981188437691],[-118.158680143374,47.3979928442539],[-118.15677214262,47.397173844257],[-118.149671143409,47.3938078437165],[-118.149356143271,47.393690843717],[-118.148267143414,47.3933038438568],[-118.148105143138,47.3931778443416],[-118.14765514307,47.3927998439972],[-118.146953143073,47.3925568444823],[-118.145630143217,47.3915938441401],[-118.144964143081,47.3900638437309],[-118.14482914315,47.389505844079],[-118.14365014274,47.3879848440848],[-118.142984142604,47.3874268444328],[-118.141031143373,47.3862208436765],[-118.138673142551,47.3851138438883],[-118.137827143108,47.3847808438204],[-118.136558143044,47.3840878442382],[-118.135127142703,47.3835298436869],[-118.133192143403,47.3827648443815],[-118.132085142715,47.3822338441761],[-118.12783714287,47.3809828440425],[-118.126073143361,47.380307844391],[-118.125182142742,47.3799568443923],[-118.123094142681,47.3781388441918],[-118.121978143377,47.3771668443339],[-118.12129414331,47.3767798444737],[-118.118756143181,47.3753398437183],[-118.117910142839,47.3748808441351],[-118.112681142721,47.3669068442349],[-118.109522142733,47.3622988439759],[-118.108226143222,47.3603728441908],[-118.107803142601,47.3597158444701],[-118.106093142884,47.3576368439246],[-118.105337143095,47.356718843859],[-118.10329414331,47.3546038443514],[-118.102484142829,47.3537308436629],[-118.102070142623,47.353334844287],[-118.100999142696,47.3522908438068],[-118.099316143325,47.3512378438109],[-118.096391143337,47.3498698436777],[-118.093673143001,47.348798843751],[-118.091981143215,47.3482768439606],[-118.088516142606,47.3477458437551],[-118.086698143305,47.347520844171],[-118.08488914262,47.3476108438248],[-118.078634142851,47.3486908441665],[-118.075673143001,47.3493388443716],[-118.07563714314,47.3493478438873],[-118.073963143284,47.349851843747],[-118.068815143304,47.3514268444327],[-118.064918142558,47.3524978443594],[-118.059059143065,47.3543068441449],[-118.058222143137,47.3547028444201],[-118.057151143211,47.3551258441418],[-118.053191143157,47.3566018438594],[-118.053119143434,47.3566288442052],[-118.052066143438,47.3570158440654],[-118.051670143163,47.3571688439264],[-118.051436143163,47.3572678439952],[-118.051130143441,47.3573758444791],[-118.049915143169,47.3576188439939],[-118.049204142757,47.3579068437852],[-118.049078143242,47.3579608444768],[-118.047287143387,47.3582398438531],[-118.044659142705,47.3583658442677],[-118.043255142711,47.35841984406],[-118.041932142854,47.3583838441985],[-118.040366142583,47.3579878439233],[-118.03952014314,47.3576188439939],[-118.037936142939,47.3568808441351],[-118.03619014336,47.3560708436539],[-118.034111142815,47.3548648437969],[-118.032896143442,47.3539018443541],[-118.030169142692,47.3520748437385],[-118.023158143134,47.3486998436822],[-118.021934143346,47.3479708442384],[-118.019990142731,47.3460988442457],[-118.01908114308,47.3454058437641],[-118.018073143361,47.3451358439034],[-118.016390143091,47.3448208437663],[-118.008731143328,47.3435608441171],[-118.007012143196,47.342921844327],[-118.006508143336,47.3427058442586],[-118.005104143342,47.3418868442618],[-118.004564142721,47.3414728440559],[-118.003295142657,47.338160844207],[-118.001684143009,47.3344078438063],[-118.00145014301,47.3339488442232],[-118.00106314315,47.3338408437393],[-118.00005514343,47.3338768445001],[-117.984179143353,47.3339398438081],[-117.983369142872,47.3335978442245],[-117.983234142941,47.3331208438113],[-117.98333314301,47.3277208439012],[-117.982865143012,47.3262358437685],[-117.982091143292,47.3247958439124],[-117.981893143154,47.3245888442591],[-117.981893143154,47.3243368443293],[-117.981722143362,47.3241118438458],[-117.980633142605,47.3227708440585],[-117.977915143169,47.3199808440001],[-117.974864142766,47.3166508433211],[-117.974351143391,47.3160928427698],[-117.974279142768,47.3157688431169],[-117.973685143255,47.3142748434685],[-117.97367614284,47.3141218427082],[-117.973505143048,47.3134288431259],[-117.972875142774,47.3099008432086],[-117.972731143328,47.3094148432797],[-117.972704142982,47.3092348430728],[-117.972425142706,47.3083168430072]],[[-118.69061614382,47.3334088445019],[-118.690517143751,47.3342278444988],[-118.690508144235,47.3344798444286],[-118.69049914382,47.3348668442888],[-118.690490144305,47.3354338443558],[-118.690319143614,47.3359918440077],[-118.690292144167,47.3369998437272],[-118.689410143963,47.3369278440041],[-118.688969144311,47.3369998437272],[-118.688906144103,47.337179843934],[-118.688690144035,47.3386648440666],[-118.688600144381,47.3392048437879],[-118.688654144173,47.3394208438562],[-118.68868114362,47.3395648442015],[-118.688708143966,47.3396908437168],[-118.688672144104,47.3401768436458],[-118.688969144311,47.3405368440595],[-118.68908614431,47.3408608437123],[-118.689284144448,47.3410948437114],[-118.690220144444,47.342498843706],[-118.691066143887,47.3434618440482],[-118.692776143604,47.3447398436282],[-118.693505143947,47.3455948443859],[-118.693613144431,47.3459098436238],[-118.693586144085,47.3471158443801],[-118.693721144016,47.3477098438936],[-118.694054144083,47.3486008436134],[-118.695485144424,47.3504908444363],[-118.695710144008,47.3507878437434],[-118.696196143937,47.3514358439484],[-118.697618143862,47.3534248439408],[-118.698221143791,47.3542528443527],[-118.698365144136,47.3546398442129],[-118.698923143788,47.3554048444175],[-118.699427143648,47.356151843792],[-118.699274143787,47.370677843667],[-118.699175143718,47.3709478444269],[-118.698761144411,47.3713348442871],[-118.697762144208,47.3717308436629],[-118.697258144348,47.3718388441468],[-118.696070144422,47.3723698443523],[-118.695638144285,47.3727388442817],[-118.69537714394,47.373584843725],[-118.695458144078,47.3748718437201],[-118.695809144077,47.3760598436463],[-118.695998143799,47.3766718439899],[-118.695575144078,47.3774278437794],[-118.695323144148,47.3775358442633],[-118.694459143874,47.3777158444701],[-118.69421614436,47.378039844123],[-118.693757143877,47.3781298437768],[-118.692740143743,47.378678843913],[-118.692533144089,47.3789128439121],[-118.692371143813,47.3795968439787],[-118.692434144021,47.3805598443208],[-118.692776143604,47.3814688439714],[-118.692677144435,47.3820628443843],[-118.692173143676,47.3825938436904],[-118.691714144092,47.3829268437584],[-118.691597144093,47.3830168443114],[-118.691030144026,47.3838718441698],[-118.690895144096,47.385059844096],[-118.691192144302,47.3907748441433],[-118.690931143957,47.3923138440682],[-118.690886143681,47.3930338439962],[-118.687394143625,47.3969668437044],[-118.68382114433,47.4100078443461],[-118.683614143778,47.4128338442661],[-118.683587144331,47.4133738439873],[-118.684064143845,47.4139138437085],[-118.684226144121,47.4144718442598],[-118.68419014426,47.4148678436357],[-118.68482914405,47.415659844186],[-118.68482914405,47.4161098442535],[-118.687214144317,47.4177748436937],[-118.690931143957,47.4203398441681],[-118.691264144025,47.4207088440975],[-118.692380144228,47.4211678436807],[-118.693865144361,47.4215098441636],[-118.696385143659,47.421959844231],[-118.697222143587,47.4222388445067],[-118.699985144199,47.4233818441564],[-118.700795143781,47.4236788443628],[-118.701326143986,47.4239758436698],[-118.703450143909,47.4244078438065],[-118.704971143903,47.4249118436663],[-118.705835144177,47.4254068440103],[-118.707059143964,47.4258208442162],[-118.709453143748,47.4260728441461],[-118.711199144225,47.4261178444226],[-118.712378143736,47.4262618438686],[-118.713467143594,47.4269188444887],[-118.720118143637,47.4324628438448],[-118.724024143899,47.4357118443857],[-118.741295143556,47.4493918439182],[-118.751105143587,47.455466844379],[-118.753535144132,47.4567718443049],[-118.759700144246,47.4603898438759],[-118.763201143818,47.4624148437298],[-118.765703144085,47.4639808440004],[-118.766504144151,47.4643138440684],[-118.767008144011,47.4645568444825],[-118.769537143724,47.4654658441331],[-118.770239143721,47.4659158442006],[-118.770716144135,47.4666268437136],[-118.770878144411,47.4676618437788],[-118.771292143717,47.4678148436399],[-118.77277714385,47.4688948439816],[-118.773713143846,47.4713338440414],[-118.774217143706,47.4720358440387],[-118.775225144325,47.4723868440374],[-118.782677144435,47.4722518441071],[-118.784018144222,47.4726928437594],[-118.784423144013,47.4729178442429],[-118.784828143804,47.4733588438953],[-118.784864143665,47.4764908444367],[-118.784900144426,47.4794698442177],[-118.784963143734,47.4846088437829],[-118.785008144011,47.4918988436165],[-118.785017144426,47.4940768442307],[-118.785080143734,47.4998728444161],[-118.785107144079,47.5085938436908],[-118.785080143734,47.5150198441504],[-118.78460314422,47.5190608443424],[-118.78473814415,47.5203208439917],[-118.784801144357,47.5216348443325],[-118.784666144427,47.5222918440532],[-118.784531143597,47.5229038443968],[-118.784567144358,47.5245328439755],[-118.783541143809,47.5261348441077],[-118.783478143601,47.5268098437592],[-118.783253144017,47.5272868441724],[-118.782479144297,47.5310398436738],[-118.782470143882,47.531102843881],[-118.782101143953,47.5325338442214],[-118.781966144022,47.5340278438698],[-118.781993144368,47.5352068442803],[-118.782524143674,47.5370158440659],[-118.782740143743,47.5404898441909],[-118.78293814388,47.5412008437039],[-118.783235144087,47.5416508437714],[-118.783532144293,47.5420918443231],[-118.784765143596,47.5432798442494],[-118.785404144286,47.5443238438303],[-118.785476144009,47.5444588437606],[-118.78562914387,47.5450168443119],[-118.78589914373,47.5581838444688],[-118.7857641438,47.5586788439135],[-118.785791144146,47.5602718436307],[-118.78589914373,47.5664278442296],[-118.786115143799,47.589161844004],[-118.786187144421,47.5953268441187],[-118.786178144006,47.6049748438741],[-118.786178144006,47.6102578437846],[-118.786178144006,47.6107978444051],[-118.785872144284,47.611193843781],[-118.785161143872,47.611688844125],[-118.784765143596,47.6118778438476],[-118.78280314395,47.6120128437779],[-118.767683143662,47.6122198443305],[-118.763939143677,47.6122828436385],[-118.763381144025,47.6122828436385],[-118.761878143961,47.6123008444685],[-118.751105143587,47.6123728441916],[-118.743491144101,47.6123458438458],[-118.74192514383,47.612327843915],[-118.741295143556,47.612327843915],[-118.732907144349,47.6123728441916],[-118.730666144427,47.6123818437073],[-118.721900143976,47.6123998436381],[-118.721045144118,47.6128048443283],[-118.720613143981,47.6132188436349],[-118.720586143636,47.6154868439029],[-118.720757144327,47.6184298438224],[-118.720622144396,47.6210938443656],[-118.72071214405,47.6241178444232],[-118.720721143566,47.6270068436511],[-118.720901143773,47.629607843987],[-118.720892144257,47.6306248441215],[-118.721198143979,47.6414788437339],[-118.72121614391,47.6423158436615],[-118.721405143632,47.6518108444552],[-118.721585143839,47.656085843747],[-118.721765144046,47.6699278444548],[-118.721801143908,47.6705938436913],[-118.721810144323,47.6715748439642],[-118.722080144183,47.6869018439054],[-118.721981144114,47.6874508440416],[-118.722152143906,47.6923198437462],[-118.722188143768,47.6989348439283],[-118.722188143768,47.6993848439958],[-118.722224143629,47.7137848443555],[-118.722215144114,47.7156568443484],[-118.722197144183,47.7205618439145],[-118.722098144114,47.7226138441141],[-118.722134143976,47.7286258443677],[-118.722035143907,47.7322348444231],[-118.722080144183,47.7325858444217],[-118.721936143838,47.7364738438534],[-118.721954143769,47.7392548443961],[-118.721882144046,47.7404878436996],[-118.721882144046,47.7432958436888],[-118.721801143908,47.7498748440094],[-118.721756143631,47.7567148437756],[-118.721585143839,47.7571108440508],[-118.721324144394,47.7572998437734],[-118.720802143704,47.7578218444632],[-118.719650143639,47.7580018437707],[-118.717139143856,47.7580558444622],[-118.716833144134,47.7580558444622],[-118.716302143929,47.7580018437707],[-118.716095144275,47.7579838438399],[-118.713251144425,47.7577678437716],[-118.71196414443,47.7576328438413],[-118.710569143951,47.7575878444641],[-118.710353143882,47.7576598441871],[-118.709993144368,47.7577678437716],[-118.709750143954,47.7582808440463],[-118.709282143956,47.7592618443193],[-118.708031143822,47.7589738436286],[-118.70708614431,47.7587668439753],[-118.705961143692,47.7584878436996],[-118.704935144042,47.7582988439771],[-118.703792144392,47.7580108441857],[-118.702784143773,47.7577858437024],[-118.701560143985,47.7575248442568],[-118.70091214378,47.7574798439802],[-118.700606144058,47.7574618440495],[-118.696034143661,47.757506844326],[-118.695314143733,47.7575158438417],[-118.694585144289,47.7575248442568],[-118.694036144153,47.7575248442568],[-118.693334144155,47.7575338437725],[-118.691354143679,47.7575608441183],[-118.681490143855,47.7576688437028],[-118.679699144,47.7576868436335],[-118.678781143935,47.7577048444636],[-118.67455114402,47.7576688437028],[-118.665470144332,47.7563368443305],[-118.661807143585,47.7561118438471],[-118.65641614409,47.7566248441219],[-118.649513144116,47.7574798439802],[-118.648802143704,47.7575158438417],[-118.648289144328,47.7575518437032],[-118.646876143919,47.7576058443948],[-118.635176143065,47.7576778441178],[-118.626113143307,47.7577138439793],[-118.613594143355,47.7577768441866],[-118.609787143162,47.7579838438399],[-118.606511143175,47.7582808440463],[-118.59223714323,47.7594868439033],[-118.57489414295,47.7609988443818],[-118.574516142606,47.7610888440355],[-118.570178143107,47.76146684438],[-118.549370143118,47.7630778440279],[-118.547003142781,47.7632938440963],[-118.545950142785,47.7632938440963],[-118.543070143073,47.7627358444443],[-118.529480143194,47.7590638441817],[-118.529066142988,47.7589738436286],[-118.527113142857,47.7585778442527],[-118.526123143069,47.7585508439069],[-118.524431143283,47.7585508439069],[-118.524062143353,47.7585508439069],[-118.523036142804,47.7585688438377],[-118.5219201426,47.7585958441835],[-118.521083142673,47.7585688438377],[-118.519994142815,47.7586138441142],[-118.518374142752,47.7586138441142],[-118.518059142615,47.7585688438377],[-118.51650214276,47.7585688438377],[-118.515233142695,47.758559844322],[-118.51317214298,47.7585328439762],[-118.505153142803,47.7584788441839],[-118.501112142611,47.7570298439128],[-118.485974143292,47.751764843933],[-118.485092143088,47.7515668437954],[-118.483525676069,47.7510110124089]],[[-117.361253142219,47.2107838427591],[-117.361100142358,47.2109908433118],[-117.360605142014,47.2117018428248],[-117.359678142432,47.2129528429584],[-117.359309141604,47.2133938426108],[-117.359093142435,47.2136728428864],[-117.358940141674,47.2138618435083],[-117.357581141956,47.2156078430865],[-117.354656141967,47.219378843418],[-117.35445814183,47.2197388429323],[-117.35383714197,47.2208188432741],[-117.353405141834,47.2220068432003],[-117.35345014211,47.2233658429184],[-117.353747142317,47.2250038429121],[-117.356456142237,47.2292518427574],[-117.358382142022,47.2322938427457],[-117.358751141952,47.2329058430893],[-117.359120141881,47.2334278428797],[-117.361838142216,47.2375138433483],[-117.362450141661,47.2389178433429],[-117.362657142213,47.2401238431999],[-117.362891142212,47.2412308429881],[-117.362891142212,47.2437598427017],[-117.362522142283,47.2458028433856],[-117.361964141732,47.2498888429549],[-117.361829141801,47.250698843436],[-117.361415141595,47.2532548434953],[-117.36101914222,47.2557208430016],[-117.361091141943,47.2564048430682],[-117.361118142288,47.2567198432054],[-117.361181141596,47.2569178433429],[-117.36128914208,47.2573768429261],[-117.362225142077,47.2587358426442],[-117.362270142353,47.2587988428515],[-117.362675142144,47.2592668428497],[-117.36320614235,47.2596718426406],[-117.367202142265,47.2626688432517],[-117.367706142125,47.2630468426968],[-117.368516141707,47.2637848434549],[-117.369659142256,47.2651978429652],[-117.369704141633,47.2652968430341],[-117.369776142255,47.2654858427566],[-117.369983141908,47.2660168429621],[-117.370298142046,47.2668538428897],[-117.370604141768,47.2683118426766],[-117.370613142183,47.2707418432207],[-117.370577142321,47.2715068434253],[-117.370433141976,47.2739098427243],[-117.369812142117,47.2757818427171],[-117.368696141913,47.2775368427103],[-117.367859141986,47.2785268433983],[-117.365951142131,47.2805158433907],[-117.365186141927,47.2812718431802],[-117.364412142207,47.2820908431771],[-117.362531141799,47.2840618432387],[-117.361253142219,47.2855558428871],[-117.36065014229,47.2869328434352],[-117.360506141945,47.2876258430175],[-117.360524141876,47.2878958428781],[-117.360659141806,47.288876843151],[-117.360839142013,47.2899748434235],[-117.361118142288,47.2910818432118],[-117.361559141941,47.2917658432783],[-117.362639142283,47.2929718431353],[-117.363953141724,47.2940158427162],[-117.369425142256,47.2968598434663],[-117.376022141609,47.2999468428318],[-117.384770142128,47.3040598427468],[-117.386507142191,47.3051848433651],[-117.388064142046,47.3063908432222],[-117.388487141768,47.3068588432203],[-117.389027142389,47.3074888434946],[-117.389603141971,47.3087038428673],[-117.389999142247,47.3102248428615],[-117.390098142315,47.3104858432064],[-117.390161141623,47.311961842924],[-117.390098142315,47.3132938431956],[-117.390080142385,47.3134108431952],[-117.389999142247,47.314229843192],[-117.389927141624,47.3147518429825],[-117.388883142043,47.3192068442798],[-117.388208142392,47.3203048436529],[-117.386831141844,47.322014844269],[-117.383573141787,47.3253088441871],[-117.381854141655,47.3274778443864],[-117.380981141866,47.3294938438252],[-117.380774142213,47.3308348436125],[-117.380666141729,47.3391058437191],[-117.38068414166,47.3403748437834],[-117.380756142282,47.3479528443077],[-117.380765141798,47.3483938439602],[-117.380756142282,47.3547208443509],[-117.380810142074,47.3610748441881],[-117.381161142073,47.364161844453],[-117.381872141586,47.3679778441616],[-117.382583141998,47.3705068438752],[-117.384374141853,47.3744668439292],[-117.384725141852,47.375285843926],[-117.38623714233,47.377958843985],[-117.387821141632,47.3804698437678],[-117.389675141694,47.383358843895],[-117.390332142314,47.3846008436136],[-117.391079141689,47.3873008440182],[-117.391106142035,47.3885068438753],[-117.39125014238,47.3909098440735],[-117.391439142103,47.3988028438357],[-117.391565141618,47.4163708436991],[-117.391340142034,47.4175588436253],[-117.390755142036,47.4207178436132],[-117.390161141623,47.4226528438133],[-117.390107141831,47.4228148440894],[-117.389900142178,47.4234808442252],[-117.389504141903,47.4248128444968],[-117.389414142249,47.4250378440808],[-117.386579141914,47.4342178438381],[-117.386309142053,47.4350818441115],[-117.385472142126,47.4379078440314],[-117.38507614185,47.4416248436713],[-117.384932142404,47.4438028442855],[-117.384626141783,47.448932844335],[-117.384662141644,47.4511198444649],[-117.384716142336,47.4516148439096],[-117.385427141849,47.4536758436249],[-117.385598141641,47.4541528440382],[-117.3861021424,47.4548638444506],[-117.387038142396,47.45587184417],[-117.392303142376,47.4609208440814],[-117.398324142145,47.4669598437815],[-117.399287141588,47.4684088440527],[-117.399683141863,47.4693718443948],[-117.399944142208,47.4706408444591],[-117.400070141724,47.4724408438296],[-117.400007142416,47.4736468436866],[-117.399161142073,47.4758878445081],[-117.398918141659,47.4779488442236],[-117.39908914235,47.4799828444924],[-117.399962142139,47.4862918440532],[-117.399998142001,47.4870028444655],[-117.400430142137,47.4900358440388],[-117.400574141583,47.4919618438238],[-117.400601141929,47.4945898445056],[-117.400664142136,47.4995038444867],[-117.40061914186,47.5072618443185],[-117.400592142413,47.5098628437551],[-117.400592142413,47.5122658439534],[-117.400178142207,47.5140388438774],[-117.399935141793,47.5148218440128],[-117.398801141659,47.5164688444215],[-117.397883141594,47.5177648439323],[-117.396803142151,47.5186918444129],[-117.395480142295,47.5197448444089],[-117.394526142368,47.5205098437142],[-117.394355141676,47.5209778437124],[-117.394202141815,47.5214728440564],[-117.394283141953,47.5220308437084],[-117.394508142437,47.5227778439822],[-117.395408141672,47.5246858438365],[-117.396704142082,47.5269628436203],[-117.397100142358,47.5274668443793],[-117.397775142009,47.5287358444436],[-117.398108142077,47.5293298439571],[-117.398558142145,47.5298968440241],[-117.398981141866,47.5307518438824],[-117.399395142072,47.5315708438793],[-117.400025142346,47.5332358442187],[-117.400475142414,47.5346128438676],[-117.400538141722,47.5364938442754],[-117.400538141722,47.5366738444822],[-117.400538141722,47.5380598436468],[-117.399827142209,47.5408228442588],[-117.399080141935,47.5430188439045],[-117.398639142283,47.5440088436931],[-117.396506141945,47.5492648441572],[-117.396002142085,47.5517578440092],[-117.396020142016,47.5543858437917],[-117.396236142084,47.5572928438496],[-117.396884142289,47.5623868440376],[-117.397865141663,47.5664728445062],[-117.398333141661,47.5683898438762],[-117.401438141857,47.5745908438524],[-117.402320142061,47.57761484391],[-117.403436142264,47.5817908440323],[-117.403337142195,47.5874878441488],[-117.403895141847,47.5910338439968],[-117.406532142045,47.5959298440472],[-117.407333142111,47.597387843834],[-117.412166141954,47.6020498438853],[-117.412733142021,47.6026888436753],[-117.418034141862,47.609987843924],[-117.420824141921,47.6119138437091],[-117.421607142056,47.6124628438453],[-117.423002141636,47.6134258441875],[-117.423587141633,47.613794844117],[-117.424829142251,47.6145508439065],[-117.433163141666,47.6200138440238],[-117.433919142354,47.6205178438836],[-117.434333141661,47.6207878437442],[-117.435188142419,47.6211658440886],[-117.437438141857,47.6221918437388],[-117.43983214164,47.6235868442177],[-117.44008414157,47.6238928439398],[-117.440480141845,47.6244688444218],[-117.441434141772,47.6258908443472],[-117.444836142174,47.6324878436993],[-117.448139141608,47.6395888438103],[-117.448688141744,47.6408758438054],[-117.448733142021,47.6409838442892],[-117.448895142297,47.6418028442861],[-117.449057141674,47.6426938440059],[-117.449453141949,47.6440888444849],[-117.449534142087,47.644394844207],[-117.449750142155,47.6450878437892],[-117.450506141945,47.6459788444084],[-117.451055142081,47.6465908438526],[-117.451325141942,47.6464828442681],[-117.451757142078,47.6462938436462],[-117.451865141663,47.6462578437848],[-117.452756142282,47.6458888438553],[-117.453773142417,47.6454388437879],[-117.454475142414,47.6451238436507],[-117.455150142065,47.6447908444822],[-117.455555141856,47.6446108442753],[-117.4560501422,47.644394844207],[-117.45655414206,47.6441878436543],[-117.457634142402,47.6437198436561],[-117.457706142125,47.6436928442097],[-117.458588142329,47.6433148438652],[-117.459002141635,47.6431348436584],[-117.459155142396,47.6430808438661],[-117.459353141634,47.6429908442123],[-117.459551141772,47.6429008436592],[-117.460100141908,47.6426668436602],[-117.460955141766,47.6422888442151],[-117.465356142372,47.6404888439452],[-117.469253142219,47.6387878437442],[-117.47225014193,47.6374918442335],[-117.473051141997,47.6371678436813],[-117.473456141787,47.6369878443738],[-117.473951142131,47.6367898442361],[-117.476750141706,47.6352778437577],[-117.47865814156,47.6342968443841],[-117.478856141698,47.6341888439002],[-117.479882142247,47.633576844456],[-117.480170142038,47.6333968442492]],[[-118.412282142607,46.7013028427099],[-118.399187143072,46.7083048427521],[-118.398593142659,46.7085028428898],[-118.392869143096,46.7117338434999],[-118.380377142591,46.7181598430602],[-118.379558142594,46.7185468429204],[-118.376093142884,46.7202118432598],[-118.36892014305,46.7233168434555],[-118.367525142571,46.7240548433143],[-118.364537143275,46.7253598432401],[-118.360685142805,46.7273938426097],[-118.359983142808,46.7279338432302],[-118.358066143438,46.7294098429478],[-118.357724142955,46.7296258430162],[-118.356329143375,46.7305708434276],[-118.354835142828,46.7313718434937],[-118.349291142572,46.7339638434145],[-118.346861142927,46.7350168434105],[-118.34462914342,46.7359888432684],[-118.344377142591,46.7360608429915],[-118.34422414273,46.7362408431983],[-118.341380142879,46.7373658429172],[-118.340858143089,46.7375728434699],[-118.339382143371,46.7380498429838],[-118.329635142648,46.7404078429056],[-118.327754143139,46.7410558431106],[-118.324487142667,46.742486843451],[-118.32326314288,46.743125843241],[-118.321931142608,46.7440888426839],[-118.320977142681,46.7449618433723],[-118.320131143238,46.7459068428844],[-118.319573142686,46.7465638435045],[-118.319150142965,46.7470408430184],[-118.318808143381,46.7474278428786],[-118.318736142759,46.747805843223],[-118.317305143318,46.7493718434937],[-118.317134142627,46.7494708426632],[-118.316828142904,46.7498758433534],[-118.316306143114,46.7503798432132],[-118.3160631427,46.750622842728],[-118.31581114277,46.7508388427963],[-118.314713143397,46.751837843],[-118.313678143332,46.7530078429956],[-118.313057142573,46.7536198433391],[-118.312553142713,46.754105843268],[-118.31209414313,46.7545288429897],[-118.311419142579,46.7551678427797],[-118.311167142649,46.7554288431246],[-118.310366142583,46.756283842983],[-118.309592142863,46.7571388428413],[-118.309160142726,46.7576248427702],[-118.308494142591,46.7583808434591],[-118.306577143221,46.758362842629],[-118.306352142737,46.7583358431826],[-118.305416142741,46.7582548430445],[-118.304498142675,46.7581738429065],[-118.302410142614,46.7578768427001],[-118.288775143358,46.7558608432612],[-118.287434142671,46.7554108431938],[-118.286705143228,46.7550328428494],[-118.285706143024,46.7543488427828],[-118.285040142888,46.7536918430621],[-118.282961143242,46.7516128434159],[-118.28263714269,46.7514328432091],[-118.281629142971,46.7508838430729],[-118.280099142561,46.7505058427284],[-118.277975142639,46.7503528428674],[-118.270712143151,46.7503888427288],[-118.270064142946,46.7503888427288],[-118.267004143027,46.7498758433534],[-118.266833143235,46.7498398434919],[-118.253306142664,46.7475358433624],[-118.251083142673,46.747166843433],[-118.241786142916,46.7456638433696],[-118.23765514307,46.7448628433035],[-118.235423142664,46.7441878427527],[-118.23132814268,46.742711843035],[-118.229339142687,46.7422528434519],[-118.227512142971,46.7420008426227],[-118.225586143186,46.7420278429685],[-118.207388143048,46.744484842959],[-118.206272142845,46.7447548428197],[-118.205300142987,46.7450248426803],[-118.204967142919,46.7452138433022],[-118.204373143406,46.7455288434393],[-118.199648143147,46.7487508427351],[-118.198217142807,46.749416842871],[-118.196939143227,46.7498758433534],[-118.194194143445,46.7508658431421],[-118.19097214325,46.7520268427226],[-118.185581142855,46.7536288428548],[-118.182494142591,46.7543848426444],[-118.178525143021,46.7552038426412],[-118.174169142692,46.7565538428435],[-118.172405143183,46.7572648432559],[-118.170452143052,46.7584528431821],[-118.170137142915,46.7586688432505],[-118.169435142917,46.7591818426259],[-118.169255142711,46.7593168434555],[-118.166051143346,46.7622868428215],[-118.165061142658,46.7631598426106],[-118.162964143081,46.7645278427437],[-118.153937143185,46.7687308432118],[-118.152056142777,46.7693698430018],[-118.150553142713,46.7697118434848],[-118.149014142788,46.769918843138],[-118.147889143069,46.7700088427918],[-118.145630143217,46.7699728429304],[-118.145324142595,46.7699638434146],[-118.143200142672,46.7698018431385],[-118.141913142677,46.769603843001],[-118.141472143025,46.7695228428629],[-118.140698143305,46.7693158432096],[-118.1399331431,46.7692078427258],[-118.136783142628,46.768397843144],[-118.135082143326,46.768064843076],[-118.133255142711,46.7678578434227],[-118.131464142856,46.7678128431462],[-118.129088143003,46.7680828430068],[-118.126073143361,46.7686858429353],[-118.115066142988,46.7715658426475],[-118.104284143099,46.7745268433971],[-118.102322142553,46.7752378429102],[-118.101215142765,46.7758048429771],[-118.097669142917,46.7785048433818],[-118.095734142716,46.7797018428238],[-118.095140143203,46.7799268433072],[-118.093682143416,46.7802238426142],[-118.091855142801,46.7803948433054],[-118.089614142878,46.7802238426142],[-118.088723143159,46.7800708427532],[-118.088219143299,46.7799808430995],[-118.086491142752,46.7793778431709],[-118.083026143042,46.7785858426205],[-118.079570142848,46.7779018434533],[-118.077473143271,46.7775238431089],[-118.07383714287,46.7773708432478],[-118.064990143181,46.7772358433175],[-118.062803143051,46.7770828434565],[-118.06059814299,46.7769658434569],[-118.056980143419,46.7764798426286],[-118.050815143304,46.7756788434619],[-118.047728143039,46.7751388428413],[-118.045730142632,46.7746798432582],[-118.041698142855,46.7735008428476],[-118.041401142649,46.7734108431938],[-118.04027614293,46.773077843126],[-118.03861114259,46.7724118429901],[-118.036856142597,46.7714848434088],[-118.035488143363,46.7706298426511],[-118.032131143238,46.7680468431453],[-118.030331142968,46.7663818428058],[-118.02922414318,46.7657788428773],[-118.027775142908,46.7651398430872],[-118.026632143259,46.7649598428804],[-118.025282143056,46.7649058430882],[-118.024013142992,46.7649958427419],[-118.006121142577,46.7660758430836],[-118.003457142933,46.7659228432226],[-118.00106314315,46.7654278428786],[-117.994700142897,46.7630788433719],[-117.993917142762,46.7628718428193],[-117.99233314256,46.7624398426826],[-117.991271143049,46.762259843375],[-117.983261143287,46.7629438434416],[-117.98190214267,46.7632408427487],[-117.979526142817,46.7644828433665],[-117.972425142706,46.7678668429384],[-117.96287614302,46.7724208434052],[-117.960734143166,46.7736538427087],[-117.958079143038,46.7754088427019],[-117.956288143183,46.7769208431804],[-117.954614143328,46.7780368433836],[-117.953066142988,46.7789098431727],[-117.949502143209,46.7804398426826],[-117.945740143293,46.7817718429542],[-117.944381142676,46.7823388430212],[-117.941015143034,46.7841748431525],[-117.939980142969,46.7846698434965],[-117.938891143112,46.7849938431494],[-117.937856143047,46.7851468430104],[-117.936767143189,46.7850838428031],[-117.935696143262,46.7850298430109],[-117.935471142779,46.7850208434951],[-117.919415143394,46.784282842737],[-117.917921142846,46.7843278430136],[-117.915167142649,46.7846878434273],[-117.912665143282,46.7851468430104],[-117.912080143284,46.7853178428022],[-117.90245014256,46.7882248428603],[-117.900983143257,46.7886388430662],[-117.900218143053,46.788890842996],[-117.900191142707,46.7888998434111],[-117.899255142711,46.7891878432024],[-117.897392143133,46.789871843269],[-117.891038143296,46.7918338429156],[-117.88021114313,46.795190843041],[-117.878051143346,46.795757843108],[-117.876053142938,46.7962798428985],[-117.868466142898,46.7973148429637],[-117.867323143248,46.7974858427555],[-117.864200143122,46.7977558426161],[-117.864110142569,46.7977648430311],[-117.858584143144,46.7982328430294],[-117.85361614337,46.7988988431651],[-117.848495142837,46.7999968434377],[-117.845597143194,46.8008248429502],[-117.84330214258,46.8016888432236],[-117.834419143029,46.8050908427263],[-117.830621143251,46.8065398429974],[-117.825131142788,46.8085558433355],[-117.824834142582,46.8086638429201],[-117.824024143,46.8089518427115],[-117.817904143162,46.8111928426337],[-117.812180142699,46.8132178433869],[-117.810857142843,46.8135598429705],[-117.808058143269,46.8136228431778],[-117.806150143414,46.8133978426944],[-117.803765143147,46.8129208431805],[-117.802433142875,46.8124168433208],[-117.801794143085,46.8121738429066],[-117.797627143378,46.8106618433275],[-117.796070142623,46.8100948432605],[-117.791471142779,46.808348842783],[-117.784316142876,46.8056578427932],[-117.782381142676,46.8050998431413],[-117.77929414331,46.8044788432821],[-117.774497143328,46.8040198427995],[-117.759422143317,46.8027598431503],[-117.756893142704,46.8027148428738],[-117.753518142648,46.8027958430118],[-117.751034143211,46.8030118430802],[-117.74842414336,46.8033088432866],[-117.746588143228,46.8035068434241],[-117.744491142752,46.8039298431458],[-117.742430143037,46.8044788432821],[-117.729389143294,46.8075838434777],[-117.722027142838,46.8093298430559],[-117.718526143267,46.8098968431229],[-117.716285143345,46.8101218427069],[-117.711308143156,46.8106078426359],[-117.708779143443,46.8105808431894],[-117.707312143241,46.8105628432587],[-117.7058811429,46.8105538428437],[-117.701615143124,46.8100948432605],[-117.698789143204,46.8096088433316],[-117.698321143206,46.8095008428477],[-117.695864143216,46.8089518427115],[-117.693866142808,46.808582842782],[-117.690761142613,46.8086008427128],[-117.690302143029,46.8086008427128],[-117.688871142689,46.8088258431962],[-117.685901143323,46.8095008428477],[-117.668792143043,46.8132898431098],[-117.666767143189,46.8136228431778],[-117.665588142779,46.8136498426242],[-117.664004142577,46.8135778429012],[-117.662897142789,46.8133258429713],[-117.660926142727,46.8126688432506],[-117.659396143217,46.8119398429075],[-117.655787143162,46.8096898434696],[-117.655535143232,46.8095368427092],[-117.654905142958,46.8090958430568],[-117.653735142962,46.8088078432654],[-117.652313143037,46.808582842782],[-117.652178143107,46.8085918431971],[-117.649118143188,46.8088258431962],[-117.648686143051,46.808924843265],[-117.64712014278,46.8092848427793],[-117.644762142859,46.8096718426395],[-117.642593142659,46.8101488430527],[-117.641261143287,46.8103288432596],[-117.638831142743,46.8106528429124],[-117.63736414344,46.810769842912],[-117.630164143261,46.8108148431885],[-117.62923714278,46.8108238427042],[-117.627887142578,46.8108328431193],[-117.626024143,46.810841842635],[-117.62538514321,46.8108598434651],[-117.621758143224,46.8108778433958],[-117.619787143162,46.8109948433954],[-117.617762143308,46.8112918427025],[-117.614999142696,46.8118138433923],[-117.609095142926,46.8131278428338],[-117.60866314279,46.8132268429026],[-117.606485143075,46.8137218432465],[-117.6041541426,46.8139558432457],[-117.602516142606,46.8138748431076],[-117.600752143097,46.8137938429696],[-117.5960631427,46.8134158426251],[-117.591761143062,46.8128128426966],[-117.589727142793,46.8122368431139],[-117.584597142744,46.810202842845],[-117.582923142889,46.8098878427079],[-117.582635143097,46.8098338429156],[-117.581303142826,46.8095908434008],[-117.578540143113,46.8088798429885],[-117.575813143262,46.807871843269],[-117.574859143335,46.8074308427173],[-117.569558142594,46.8049288433495],[-117.567722143362,46.804325843421],[-117.566822143227,46.8041098433526],[-117.566219143299,46.8039748434223],[-117.564815143304,46.803830843077],[-117.55967614194,46.8033898434246],[-117.558830141598,46.8035068434241],[-117.552737142105,46.8045238426593],[-117.549236141635,46.805108842657],[-117.544718141929,46.8064678432745],[-117.538661142298,46.8082678426449],[-117.537914142024,46.8086998427816],[-117.537023142304,46.8097528427775],[-117.532424141561,46.817564843301],[-117.529994141916,46.8218398434921],[-117.529067142335,46.822874842658],[-117.527960141647,46.8238288434845],[-117.526124142415,46.8248998434112],[-117.517700142448,46.8290128433262],[-117.513371141565,46.8311278428338],[-117.511301142334,46.8319288428999],[-117.509537141926,46.8324778430361],[-117.509240141719,46.832576843105],[-117.506378141938,46.8329638429651],[-117.505532141595,46.8330718434489],[-117.503633142156,46.83322484331],[-117.501014141889,46.8334408433783],[-117.499439142103,46.8335128431014],[-117.497810141625,46.8341428433757],[-117.49563214191,46.8354298433707],[-117.493382141573,46.8375358433626],[-117.491519141995,46.8392908433559],[-117.490898142136,46.8399118432152],[-117.489692142278,46.8411178430722],[-117.489125142211,46.8417478433464],[-117.487892142009,46.8431608428567],[-117.486803142151,46.8446548434045],[-117.486416142291,46.8451768431949],[-117.485372141811,46.8461398426378],[-117.485327142434,46.8461848429143],[-117.484094142231,46.8468328431194],[-117.482861142028,46.8471658431873],[-117.474329141577,46.848308842837],[-117.473897142339,46.8483718430443],[-117.471800141863,46.8490378431801],[-117.470036142354,46.8499738431765],[-117.468011141601,46.8515848428244],[-117.461009141559,46.8565798429436],[-117.458210141984,46.8578398434922],[-117.454106141585,46.8595678431397],[-117.449318142019,46.8613678434094],[-117.44561914231,46.8626728433353],[-117.443216142111,46.8633568434018],[-117.440120142331,46.8636988429854],[-117.436421141722,46.8638788431923],[-117.430409142368,46.8641938433294],[-117.429716141886,46.8642208427759],[-117.427214141619,46.8645628432588],[-117.425882142247,46.8647968432579],[-117.42467614239,46.8650128433263],[-117.424217141908,46.8650938434643],[-117.421490142056,46.8658948426311],[-117.418817141997,46.8670288427651],[-117.412391142437,46.8703768433748],[-117.410159142031,46.8710248426806],[-117.401015142135,46.8742108430142],[-117.400376142345,46.8745078432206],[-117.39959314221,46.8748948430807],[-117.398873142282,46.8752098432179],[-117.398558142145,46.8753538426639],[-117.397595141802,46.8760918434221],[-117.393455142441,46.8815998429167],[-117.392411141961,46.8828058427737],[-117.392060141962,46.8832198429796],[-117.391979141824,46.8833098426334],[-117.390908141897,46.8841828433218],[-117.390503142106,46.8845338433205],[-117.390413141553,46.8846148434585],[-117.389882142247,46.8850108428344],[-117.389207141696,46.8855238431091],[-117.389099142112,46.8856138427629],[-117.388208142392,46.8863248431752],[-117.387326142188,46.8870358426882],[-117.385112141712,46.8888178430273],[-117.384995141712,46.8888898427503],[-117.384266142269,46.889330843302],[-117.383969142062,46.8895018430939],[-117.383807141786,46.8896008431626],[-117.382898142136,46.8900508432301],[-117.382070141724,46.8903568429522],[-117.379514141664,46.8905008432975],[-117.376706141675,46.8906718430893],[-117.376022141609,46.8907078429509],[-117.374825142167,46.8907348432966],[-117.373169142242,46.8907708431581],[-117.371072141766,46.890797843504],[-117.370964142181,46.8908068430196],[-117.369461142118,46.8907618427431],[-117.368336142399,46.8907078429509],[-117.367877141917,46.8906898430201],[-117.366932142404,46.8906358432278],[-117.36552814241,46.8905908429513],[-117.365276141581,46.8905728430206],[-117.365051141997,46.8905818434356],[-117.364727142344,46.8905818434356],[-117.364304141723,46.8906718430893],[-117.363962142139,46.8907888430889]],[[-119.362619143658,47.8153948437578],[-119.376137143814,47.8154398440344],[-119.384039143991,47.8154668443802],[-119.427158144033,47.8155118437574],[-119.430659143605,47.8155118437574],[-119.448821143881,47.8155118437574],[-119.469989144284,47.8154938438266],[-119.490671143858,47.8154848443109],[-119.50115614444,47.8154578439651],[-119.503622143947,47.8154578439651],[-119.512433143775,47.8154398440344],[-119.513810144323,47.8154398440344],[-119.531252143771,47.8154668443802],[-119.534051144245,47.8154758438959],[-119.546867144403,47.8154758438959],[-119.555309144302,47.8154398440344],[-119.555894144299,47.8155118437574],[-119.556101143953,47.8155118437574],[-119.568809143627,47.8154848443109],[-119.573012144095,47.8154848443109],[-119.577467143594,47.8154758438959],[-119.599130144341,47.8154398440344],[-119.611505143947,47.8154578439651],[-119.620631143912,47.8154578439651],[-119.626166143752,47.8154578439651],[-119.629370144017,47.8154308436194],[-119.629721144016,47.8154308436194],[-119.63073814415,47.8153858442422],[-119.631413143802,47.8154128436886],[-119.631827144007,47.8153858442422],[-119.632574144281,47.8153408439656],[-119.634500144066,47.8153678443114],[-119.637146143779,47.8153678443114],[-119.637965143776,47.8153768438271],[-119.638550143774,47.8153768438271],[-119.63948614377,47.8153768438271],[-119.640269143906,47.8153858442422],[-119.642231143552,47.8153948437578],[-119.64359014417,47.8154398440344],[-119.645057144372,47.8154398440344],[-119.653193143649,47.8154398440344],[-119.657027144187,47.8154578439651],[-119.658620143904,47.8154578439651],[-119.6637771443,47.8154668443802],[-119.683811143669,47.8155838443797],[-119.68512514401,47.8155118437574],[-119.706500144066,47.8156018443105],[-119.727929144814,47.8156198442412],[-119.731187144871,47.8156198442412],[-119.732375144797,47.8155028442417],[-119.732879144657,47.8153138436198],[-119.733797144722,47.8147558439678],[-119.734274145136,47.8145218439687],[-119.735219144648,47.8145398438995],[-119.736650144988,47.8148368441058],[-119.738684145257,47.8154578439651],[-119.739503145254,47.815637844172],[-119.749061145356,47.8156108438261],[-119.751167145347,47.815628843757],[-119.770526145066,47.8155748439647],[-119.792063145398,47.8155118437574],[-119.80166846153,47.8156174088771],[-119.804650695273,47.8150431899521],[-119.807206894982,47.8140799845644],[-119.808484995286,47.8154136539778],[-119.809410673764,47.8156154636435],[-119.811393135685,47.8156729788857],[-119.812597143543,47.8158582104489],[-119.813393640704,47.8162842435838],[-119.813819673839,47.8169510782905],[-119.813751022292,47.8182747292561],[-119.813436870215,47.8207140287902],[-119.813492308923,47.8263687688644],[-119.813529268361,47.8290298223293],[-119.813640145776,47.8296766066509],[-119.813805499624,47.8297916353366],[-119.814065175268,47.829972279458],[-119.814748918128,47.8301016361424],[-119.818906814898,47.8300831559737],[-119.829292317187,47.8300092379968],[-119.835039454507,47.8300092379968],[-119.841377937442,47.8300092379968],[-119.846201097802,47.8300092379968],[-119.853962506065,47.8300646767044],[-119.859506367825,47.8301201154118],[-119.861169527252,47.8302864315345],[-119.861368529234,47.8304949096732],[-119.861557597305,47.8306929808572],[-119.861638731442,47.8320813407421],[-119.861965449746,47.8375010205165],[-119.862157636666,47.8407874220628],[-119.862119199641,47.8428438253432],[-119.862337219587,47.843911703723],[-119.862907166732,47.8443621048881],[-119.864002634514,47.8446696046794],[-119.865347944752,47.8444966353723],[-119.866750911425,47.8440161680726],[-119.868307627995,47.843862418177],[-119.870440907122,47.8436894497692],[-119.871363405597,47.8437855432291],[-119.872112935663,47.8441699170689],[-119.872689497322,47.8448425730872],[-119.873304496905,47.8452077284148],[-119.874299716359,47.8453614081634],[-119.875668399977,47.8450924164428],[-119.876763866859,47.8446696046794],[-119.877628708898,47.8447080417036],[-119.879146988443,47.8445350732959],[-119.879992611969,47.8442852299403],[-119.8806844865,47.8436125748214],[-119.88176073487,47.8424594515034],[-119.882471827912,47.8418444519208],[-119.884124637942,47.8411141403662],[-119.885335417695,47.8407874220628],[-119.887507132948,47.8407297656271],[-119.888794787649,47.8405567972193],[-119.891062597261,47.8401532039681],[-119.892427126011,47.8397688301283],[-119.893330406873,47.8391922684693],[-119.894887123442,47.8378853952557],[-119.897827588173,47.8357713355396],[-119.899518835226,47.8345413372738],[-119.899903209965,47.8340608690748],[-119.899864772042,47.8332536825723],[-119.899941646989,47.8320429028186],[-119.900460553112,47.8315239975953],[-119.902670706288,47.8305054047615],[-119.904246641369,47.8299480625139],[-119.905438202611,47.8299672810261],[-119.907859761219,47.8300057180503],[-119.910012258859,47.8304093113015],[-119.912626004387,47.8306783731692],[-119.914182721855,47.8309474359363],[-119.916008500292,47.831696966003],[-119.918679903155,47.8325041525055],[-119.921197555223,47.8331383706002],[-119.923273177915,47.8332344640601],[-119.925060519327,47.8333689945443],[-119.926425048077,47.8337341507713],[-119.929269419348,47.8350794610092],[-119.931460354012,47.8360211788951],[-119.932882539198,47.8364439906585],[-119.934054881927,47.8364824276828],[-119.936726283891,47.8364055536343],[-119.937975501568,47.836578522042],[-119.93916706191,47.8369821152933],[-119.94072377848,47.8375010205165],[-119.942203620101,47.8375394575408],[-119.944471429713,47.8371935207252],[-119.945586116006,47.836674615502],[-119.946354864585,47.8358097725638],[-119.947719394235,47.8339839941269],[-119.948737986169,47.8331768076245],[-119.949948765923,47.8329654012931],[-119.951159545676,47.8330422762409],[-119.951795771957,47.8336333529578],[-119.953066845858,47.8339511212081],[-119.954126074559,47.8334215068579],[-119.955397149359,47.8320974709824],[-119.958839643535,47.8276487100808],[-119.959792949185,47.8269072496307],[-119.962017329636,47.8261657891806],[-119.962864712237,47.82542432963],[-119.963976902912,47.8235177174295],[-119.965883515112,47.8201281852284],[-119.967737165338,47.8161560776017],[-119.968584547939,47.8154146171517],[-119.970279314039,47.8135609669259],[-119.970067468839,47.8116543547255],[-119.970296967731,47.8101714347247],[-119.974392652999,47.8026862172559],[-119.9769348017,47.7988729937544],[-119.979706451092,47.7960307295952],[-119.984420019168,47.7911053163181],[-119.986364144789,47.7875398443491],[-119.989712145399,47.7828058436754],[-119.991809144976,47.780177843893],[-119.992718144627,47.7795928438954],[-119.99783914516,47.7779188440401],[-119.999000144741,47.7775498441107],[-120.001178145355,47.7768658440441],[-120.00478714541,47.7758128440482],[-120.007433145124,47.7754978439111],[-120.010961145041,47.775272844327],[-120.016415144743,47.775272844327],[-120.020519145142,47.7752998437734],[-120.021428144793,47.7752998437734],[-120.021707145069,47.7753088441885],[-120.027359144909,47.775335843635],[-120.030140144552,47.7752548443962],[-120.030977145379,47.7751558443275],[-120.032678144681,47.7749398442591],[-120.035972144599,47.7742288438467],[-120.037106144733,47.7739138437096],[-120.038708144865,47.773499844403],[-120.038861144726,47.7734368441957],[-120.03922114514,47.7733828444034],[-120.051875145022,47.769620844487],[-120.054791144596,47.7687568442136],[-120.056033145213,47.7683698443535],[-120.059615144923,47.7673078439425],[-120.059714144992,47.7672178442887],[-120.068561144681,47.7646888436758],[-120.070217144606,47.7642028437469],[-120.071999144945,47.763797843956],[-120.075851145414,47.762672844237],[-120.077633144854,47.7622858443768],[-120.079622144846,47.7620788438242],[-120.08269114518,47.761763843687],[-120.09231214459,47.7618178443786],[-120.093788145207,47.7620068441012],[-120.094481144789,47.762096843755],[-120.096209145336,47.7624658436844],[-120.097766145191,47.7630058443049],[-120.100673145249,47.7647068445059],[-120.101897145037,47.7654718438112],[-120.102014145037,47.7655348440185],[-120.102203144759,47.7656338440873],[-120.103058144618,47.7660748437397],[-120.104534145235,47.7664798444299],[-120.104705145026,47.7665158442914],[-120.112400144651,47.7680458438013],[-120.114200144921,47.7682618438697],[-120.119591145315,47.7684328436615],[-120.12022114469,47.7684238441457],[-120.120770144826,47.768405844215],[-120.121067145033,47.768405844215],[-120.121472144824,47.7683968438],[-120.12382114523,47.768333844492],[-120.126188144667,47.7681988436624],[-120.128816145349,47.7680188443548],[-120.132416144989,47.7675688442874],[-120.136079144837,47.7669298444974],[-120.140858144887,47.7657148442253],[-120.143576145223,47.7648058436754],[-120.144170144736,47.7646438442987],[-120.145601145077,47.7640678438166],[-120.148238145274,47.7629788439591],[-120.148823145272,47.7627628438908],[-120.149093145133,47.7626368443755],[-120.155996145106,47.7598288443863],[-120.156257144552,47.7597388438332],[-120.156581145104,47.7596488441794],[-120.179252144671,47.7503788438691],[-120.179405145431,47.7503068441462],[-120.179828145153,47.7501088440086],[-120.181097145217,47.7494788437342],[-120.1816731448,47.7492268438044],[-120.184931144856,47.7473818441574],[-120.187361145401,47.7458158438867],[-120.19043914525,47.7433948437576],[-120.190853144557,47.7430618436897],[-120.194102145098,47.7395338437724],[-120.19531714537,47.7380128437783],[-120.196172145228,47.7367258437832],[-120.196406145227,47.7366898439217],[-120.196433144674,47.7363928437153],[-120.197495145085,47.7345208437225],[-120.197693145222,47.7344578444145],[-120.197792145291,47.733917843794],[-120.197864145014,47.733773844348],[-120.198098145013,47.7331888443502],[-120.198125145359,47.7331168437279],[-120.198332145012,47.7328558442823],[-120.198377145289,47.7325588440759],[-120.198476145358,47.7324598440071],[-120.198503144804,47.7321628438007],[-120.199358144663,47.729885844017],[-120.1995561448,47.7291568436739],[-120.200123144867,47.7269248441667],[-120.200501145212,47.7253678443111],[-120.200672145003,47.72521484445],[-120.201581144654,47.7215158438416],[-120.201716144584,47.7213808439113],[-120.202625145134,47.7177988442018],[-120.202616144719,47.7175378438569],[-120.202391145135,47.7161968440696],[-120.202166144652,47.7157648439329],[-120.202094144929,47.7154678437265],[-120.201509144931,47.7146218442832],[-120.201419145277,47.7145588440759],[-120.198638144735,47.7123088437386],[-120.197918144807,47.7116698439486],[-120.1976211446,47.711399844088],[-120.196577145019,47.7100858437471],[-120.196532144743,47.709779844025],[-120.196226145021,47.7093028436118],[-120.195695144815,47.7077908440327],[-120.195218145301,47.7057658441788],[-120.194885145233,47.704613844114],[-120.194885145233,47.7042988439769],[-120.194885145233,47.7040738443929],[-120.194786145164,47.7040198437013],[-120.19427314489,47.7018958437786],[-120.194210144682,47.7016078439873],[-120.19390414496,47.7002308443384],[-120.193490144754,47.6994568437188],[-120.193121144825,47.6989528438591],[-120.191015144833,47.6966038443524],[-120.190790145249,47.6960998444926],[-120.190772145318,47.6960638437318],[-120.190232144698,47.6942728438771],[-120.190133144629,47.6931568436738],[-120.19030414532,47.6926168439526],[-120.190358145112,47.6924638440916],[-120.190502144558,47.6922568444382],[-120.191681144969,47.6906368443752],[-120.191870144691,47.6903848444454],[-120.192212145174,47.6896558441023],[-120.192239144621,47.6879368439706],[-120.192230145105,47.6876938444557],[-120.192140144552,47.6846248441217],[-120.19233814469,47.6838508444013],[-120.193193145447,47.6827618436445],[-120.194507144889,47.6816098444791],[-120.195929144814,47.6802328439309],[-120.196370145366,47.6796298440025],[-120.197279145017,47.6775148444949],[-120.197720144669,47.6765158442912],[-120.19853014515,47.6747068445057],[-120.199511145423,47.6729788439589],[-120.199709144661,47.6728168436827],[-120.199880145352,47.6725558442372],[-120.205091144641,47.6673628439804],[-120.205163145263,47.667146843912],[-120.205487144916,47.6669308438437],[-120.206630144566,47.6653198441958],[-120.206855145049,47.6650228439894],[-120.207566144562,47.6635738437182],[-120.20830414532,47.6626558436526],[-120.208736144557,47.6622688437924],[-120.209033144764,47.6618818439323],[-120.209312145039,47.66182784414],[-120.212489144958,47.659712843733],[-120.213227144817,47.6589568439435],[-120.213479144747,47.6584888439453],[-120.214010144952,47.6575078436724],[-120.214109145021,47.6561398444386],[-120.214118145436,47.6551498437506],[-120.214136145367,47.6535388441027],[-120.214109145021,47.6525128444525],[-120.214163144813,47.6489218443279],[-120.214172145228,47.6482288438463],[-120.214172145228,47.6476258439179],[-120.21420814509,47.6453128442726],[-120.214262144882,47.6444938442757],[-120.214271145297,47.6443228444839],[-120.214505145296,47.6435668437951],[-120.214586145434,47.6428738442128],[-120.215252144671,47.6413888440801],[-120.216062145152,47.6402908438076],[-120.216377145289,47.6399218438782],[-120.21846514535,47.6380498438854],[-120.218897144588,47.6377078443018],[-120.219338145139,47.6373208444417],[-120.21987814486,47.6369968438894],[-120.220319145412,47.6365198443755],[-120.223118144986,47.6342248437617],[-120.225179144702,47.6326048436988],[-120.225431144632,47.6324158439763],[-120.225593144908,47.632289844461],[-120.226736144557,47.6313808439111],[-120.227357145316,47.6306518444673],[-120.227555144554,47.6303278439151],[-120.22771714483,47.6295718441255],[-120.227789144553,47.6292748439191],[-120.227879145106,47.6288608437132],[-120.227879145106,47.6288248438517],[-120.227915144968,47.6276278444097],[-120.228050144898,47.6253868444875],[-120.22808614476,47.624855844282],[-120.228005144622,47.6234338443566],[-120.22796914476,47.6219668441547],[-120.228032144967,47.6198968440243],[-120.228077145244,47.6190058443045],[-120.22808614476,47.6180248440315],[-120.228104144691,47.6162518441075],[-120.228122144621,47.6158198439708],[-120.228176145313,47.6143708436996],[-120.228023144552,47.6108068439209],[-120.2274651449,47.6096008440639],[-120.226817144695,47.6085568444829],[-120.226790145249,47.6084848438606],[-120.226682144765,47.6082058444843],[-120.226583144696,47.6081608442077],[-120.226223145182,47.6073238442802],[-120.22616914539,47.6071978438656],[-120.225935145391,47.6056228440791],[-120.22643914525,47.6030938443656],[-120.22733014497,47.6006728442365],[-120.227591145315,47.5999528443085],[-120.23015614489,47.5929328443354],[-120.230390144889,47.5923118444761],[-120.230894144749,47.5910698438583],[-120.233522145431,47.5867678442207],[-120.23363914543,47.5864888439451],[-120.236357144866,47.5803598436919],[-120.23660014528,47.5799278444545],[-120.236861144726,47.5794868439028],[-120.243323145047,47.5722688437922],[-120.243575144977,47.5721968440691],[-120.243602145323,47.5720618441389],[-120.247292144617,47.5679668441546],[-120.248084145167,47.5670848439504],[-120.24970414523,47.564447843753],[-120.249902145368,47.5642498436154],[-120.250055145229,47.5640158436163],[-120.251180144948,47.5622068438308],[-120.251612145084,47.5615138442485],[-120.252773144665,47.5596238443249],[-120.25419514459,47.5573288437112],[-120.254429144589,47.5566178441982],[-120.254501145212,47.5554298442719],[-120.253898145283,47.5529908442121],[-120.253592144662,47.552342844007],[-120.253601145077,47.55049784436],[-120.253997145352,47.5492198438806],[-120.254033145213,47.5491208438119],[-120.255158144932,47.5476898443708],[-120.256103145344,47.5467898442359],[-120.256400144651,47.5466368443748],[-120.259811144569,47.5434148441797],[-120.26126014484,47.5424068444602],[-120.262070145321,47.5419118441163],[-120.264833145034,47.5406248441212],[-120.268145144882,47.5393828444027],[-120.268991145225,47.539103844127],[-120.269063144948,47.539022843989],[-120.27053014515,47.5384828442678],[-120.271763145353,47.5380148442696],[-120.275102144648,47.5367818440668],[-120.277901145122,47.5356118440713],[-120.278432145327,47.5353328437956],[-120.279620145253,47.5347388442821],[-120.280700144696,47.5340638437313],[-120.281996145106,47.5329928438046],[-120.283301145032,47.5319128443622],[-120.283472144824,47.531435843949],[-120.283580145307,47.5311388437426],[-120.283670144961,47.5309048437434],[-120.284552145165,47.5285468438217],[-120.285011144749,47.5272508443109],[-120.285461144816,47.5259368439701],[-120.286073145159,47.5242088443226],[-120.286883144741,47.5227958439129],[-120.287207145294,47.5223638437762],[-120.287594145154,47.5218868442623],[-120.288260145289,47.5212568439881],[-120.291671145207,47.5192858439265],[-120.292436145412,47.5187278442745],[-120.292706145272,47.5186198437906],[-120.293219144648,47.5183138440685],[-120.294326145335,47.5176838437942],[-120.295586144985,47.5166128438675],[-120.296630144565,47.5153798436647],[-120.297098144564,47.5143718439453],[-120.297197144633,47.5133728437416],[-120.297269145255,47.5094128436877],[-120.297332144563,47.5032928438495],[-120.297377144839,47.5017448444089],[-120.297404145185,47.500502843791],[-120.297332144563,47.4998548444853],[-120.297332144563,47.4900358440388],[-120.297575144977,47.4885058436296],[-120.297638145184,47.4884068444601],[-120.299015144833,47.4864628438449],[-120.299726145245,47.485751844332],[-120.299798144968,47.4855808436408],[-120.299924145383,47.4852388440572],[-120.300707144619,47.4839698439929],[-120.301319144963,47.4815758442096],[-120.301472144824,47.4803338444911],[-120.301616145169,47.4791728440113],[-120.301058144618,47.4776068437406],[-120.300833145034,47.4773188439492],[-120.300311145243,47.475563843956],[-120.300275145382,47.4746008436138],[-120.300275145382,47.4715678440405],[-120.300275145382,47.4701188437693],[-120.300275145382,47.4695968439789],[-120.299996145106,47.4689128439123],[-120.2994651449,47.4678868442622],[-120.29933014497,47.4676438438481],[-120.298322145251,47.4653578436493],[-120.29805214539,47.4650248444807],[-120.297818145391,47.4642958441376],[-120.297503145254,47.4633328437955],[-120.297233145393,47.4619288438008],[-120.297170145186,47.4605338442212],[-120.297161144771,47.4602908438071],[-120.297161144771,47.4593728437414],[-120.297134145324,47.4579868436776],[-120.297152145255,47.4570508436812],[-120.297098144564,47.4552958436879],[-120.297098144564,47.4551068439654],[-120.297107144979,47.4542878439685],[-120.297179144702,47.4533968442486],[-120.297188145117,47.4524518438372],[-120.297197144633,47.4514348437027],[-120.297215144563,47.4497698442626],[-120.29726014484,47.4484738438525],[-120.297296144701,47.4469798442041],[-120.297350145393,47.4454048444177],[-120.297422145116,47.4433258438723],[-120.297350145393,47.4422998442221],[-120.297377144839,47.4417238437401],[-120.297422145116,47.4406078444361],[-120.297413144701,47.439887844508],[-120.297404145185,47.4395368445094],[-120.29739514477,47.4385378443057],[-120.29739514477,47.4381598439613],[-120.297422145116,47.4372868441722],[-120.297458144977,47.4362608436226],[-120.297494144839,47.4349378437661],[-120.297521145185,47.4341728444608],[-120.2975301447,47.4339118441159],[-120.297692144976,47.4332368444644],[-120.297674145046,47.431733844401],[-120.297665144631,47.4312658444028],[-120.297656145115,47.4295648442018],[-120.297692144976,47.4292768444104],[-120.297674145046,47.4287008439284],[-120.297692144976,47.4276838437939],[-120.297638145184,47.4258748440084],[-120.297629144769,47.4253168443565],[-120.297620145253,47.425010843735],[-120.297593144908,47.4240028440157],[-120.297314144632,47.4220768442305],[-120.29726014484,47.4215998438174],[-120.295172144779,47.4158578443237],[-120.294983145056,47.4153988438411],[-120.29493814478,47.4152998437724],[-120.294776145403,47.4145708443286],[-120.294263145128,47.4135178443326],[-120.294191145405,47.4133738439873],[-120.293903144714,47.412824843851],[-120.293633144854,47.4123208439914],[-120.293417144785,47.4119158442004],[-120.292607145204,47.4111598444109],[-120.292283144651,47.4107728436514],[-120.29147314507,47.4101968440687],[-120.290960144795,47.4095938441401],[-120.290627144727,47.4093058443488],[-120.290366145281,47.4088378443506],[-120.290033145213,47.4081268439382],[-120.289664145284,47.4073168443564],[-120.289547145284,47.4063988442908],[-120.289538144869,47.4062818442913],[-120.289493144593,47.4058678440853],[-120.289151145009,47.4045808440902],[-120.288890144664,47.4028528444427],[-120.288863145218,47.4026818437516],[-120.28864714515,47.4012868441721],[-120.287810145222,47.3998288443852],[-120.2877381446,47.3997298443164],[-120.287324145293,47.3991268443879],[-120.286604145365,47.3980738443919],[-120.285119145232,47.3966248441208],[-120.283535145031,47.3955088439175],[-120.281528145108,47.394338843922],[-120.28133014497,47.3942308443375],[-120.280511144973,47.3937538439242],[-120.273320145209,47.3911618440035],[-120.262961145041,47.3874178440178],[-120.26036914512,47.3864638440906],[-120.257984144852,47.3856628440245],[-120.255122145071,47.384987844373],[-120.251180144948,47.3844298438217],[-120.250487145365,47.3843758440295],[-120.250325145089,47.3843668436144],[-120.250127144952,47.384339844168],[-120.249128144748,47.3842228441684],[-120.245186144625,47.3838268438932],[-120.239696145061,47.3832598438262],[-120.239579145061,47.3832508443105],[-120.23439514522,47.3827378440358],[-120.23309914481,47.3825938436904],[-120.230381145374,47.3822608436225],[-120.229040144687,47.3820988442458],[-120.218375144797,47.3810638441805],[-120.214469145435,47.3806768443204],[-120.213677144884,47.3805688438365],[-120.213020145163,47.3804968441135],[-120.20933014497,47.3800558444611],[-120.206270145051,47.3796328438401],[-120.201392144932,47.3787238441896],[-120.197252144671,47.378111843846],[-120.197189145363,47.3781028443302],[-120.192140144552,47.3771578439188],[-120.191654144623,47.3770858441958],[-120.181484145077,47.3754838440636],[-120.177479144747,47.3748538437893],[-120.171404145185,47.3738008437934],[-120.170792144842,47.3737018437246],[-120.16793014506,47.3731978438648],[-120.165230144655,47.3727388442817],[-120.164096145421,47.3725678444899],[-120.163961144591,47.3725228442134],[-120.157292144617,47.3722168444912],[-120.152153145052,47.3719828444921],[-120.151055144779,47.3719288438006],[-120.150425145404,47.3719018443541],[-120.149165144856,47.3718388441468],[-120.146825144865,47.3717128437322],[-120.146231145351,47.3716858442857],[-120.140615145373,47.3713798436643],[-120.136493145043,47.3711098438037],[-120.135107144979,47.3709028441504],[-120.134261144636,47.3706508442205],[-120.133055144779,47.3702908438069],[-120.131786144715,47.3699218438774],[-120.127979145421,47.3681668438842],[-120.126170144736,47.3673928441639],[-120.12563914543,47.367140844234],[-120.123488145162,47.3661238440995],[-120.121463145308,47.3651698441724],[-120.115001144987,47.3621278441841],[-120.112850144718,47.3612008437034],[-120.110015145283,47.3592568439876],[-120.107162145017,47.3569258444116],[-120.106964144879,47.3567728436512],[-120.104372144959,47.354801844489],[-120.103913145375,47.354459844006],[-120.100772145318,47.3521018440843],[-120.100574145181,47.3519488442232],[-120.099404145185,47.3512378438108],[-120.096011145198,47.3493928441638],[-120.094562144927,47.3486008436135],[-120.094094144929,47.3483398441679],[-120.092636145142,47.3476828444471],[-120.091160145424,47.3464948436215],[-120.089783144876,47.3451718437649],[-120.088361144951,47.3435788440478],[-120.088100144606,47.3432908442565],[-120.084977145379,47.3411758438495],[-120.0834651449,47.3395558437866],[-120.082079144837,47.3374768441404],[-120.080603145119,47.3336068437402],[-120.07932514464,47.3319688437465],[-120.078020144714,47.3308708443733],[-120.077435144716,47.330159843961],[-120.076472145273,47.329034844242],[-120.075626144931,47.3275048438328],[-120.074456144935,47.3243368443293],[-120.074384145212,47.3240758439844],[-120.073214145217,47.3200258442767],[-120.073124144664,47.3197108441395],[-120.071864145014,47.3152648432572],[-120.069209144886,47.3060218432927],[-120.067670144961,47.3007928431745],[-120.066383144966,47.296382843053],[-120.065150144763,47.2921798434842],[-120.065114144902,47.2917838432091],[-120.06507814504,47.2911988432113],[-120.065321144555,47.2884538434294],[-120.0654651449,47.2867798426749],[-120.065483144831,47.2865098428142],[-120.065483144831,47.2848088426132],[-120.065483144831,47.2846918426137],[-120.065600144831,47.2833238433799],[-120.065771144623,47.2812088429729],[-120.065771144623,47.2811728431114],[-120.065789144553,47.2809838433889],[-120.066014145037,47.2782028428462],[-120.071792145291,47.2666198428906],[-120.073115145148,47.2641088431078],[-120.074240144867,47.2619848431851],[-120.076454145343,47.2573138427188],[-120.077093145132,47.2552348430727],[-120.077219144648,47.2541908434918],[-120.077327145132,47.2533178428033],[-120.076967144718,47.2503298435066],[-120.07675114465,47.2498528430934],[-120.076625145134,47.2494928426797],[-120.076337145343,47.2485928434441],[-120.075572145138,47.2470088432426],[-120.075374145001,47.2466938431055],[-120.075302145278,47.2465858426217],[-120.074474144866,47.245181842627],[-120.072521144735,47.2428508430511],[-120.070577145019,47.2412308429881],[-120.068165145305,47.239718843409],[-120.066851144964,47.2389898430659],[-120.065213144971,47.2383058429994],[-120.060713145195,47.236802842936],[-120.059516144854,47.2366048427983],[-120.05671714528,47.2361638431459],[-120.05363914543,47.2358398434931],[-120.052874145226,47.235821842663],[-120.049913145375,47.2358938432853],[-120.048671144757,47.2360378427314],[-120.045764144699,47.2363078434913],[-120.042614145127,47.2365868428676],[-120.038132145282,47.2370008430735],[-120.035792145291,47.2370908427273],[-120.033578144816,47.236955842797],[-120.025667145123,47.2352818429418],[-120.024362145197,47.2350118430812],[-120.01427314489,47.2327348432974],[-120.011186144625,47.2320778426774],[-120.007802145053,47.2313308433029],[-120.004850144718,47.2306198428905],[-120.004661144996,47.230583843029],[-120.004481144789,47.2305388427524],[-120.00411214486,47.2304668430295],[-120.002996144656,47.2303678429607],[-120.001601145077,47.2303678429607],[-120.00116914494,47.2304848429602],[-120.000674144596,47.2305928434441],[-120.000224145428,47.2306828430978],[-119.998964144879,47.2312498431648],[-119.99782114523,47.2321498432997],[-119.997614144677,47.2323298435066],[-119.997488145162,47.2325098428141],[-119.994905144757,47.235596843079],[-119.994374144551,47.2361908434917],[-119.993429145039,47.236955842797],[-119.993402144693,47.2369738427278],[-119.992565144766,47.2374868430025],[-119.992520145388,47.2375048429333],[-119.98998214526,47.2388008433434],[-119.989001144987,47.2391608428577],[-119.986292145066,47.2401688434765],[-119.984051145144,47.2414738434023],[-119.982035144806,47.2425178429832],[-119.980901144672,47.2429678430506],[-119.979560144885,47.2432828431878],[-119.97815614489,47.2433458433951],[-119.976977145379,47.2432108434647],[-119.975528145108,47.2428148431895],[-119.971604144915,47.2414468430564],[-119.969516144854,47.2405918431981],[-119.968355145274,47.2399438429931],[-119.965871144937,47.2382608427228],[-119.962811145018,47.2356958431478],[-119.96093014461,47.2344538434292],[-119.959661145445,47.2338238431549],[-119.958212145174,47.233409842949],[-119.957915144968,47.2333288428109],[-119.955836145322,47.2331398430884],[-119.952416144989,47.2331938428806],[-119.949725144999,47.2330498434346],[-119.947124144664,47.232995842743],[-119.939276145178,47.232851843297],[-119.929754144938,47.2326178432979],[-119.929106144733,47.2325998433672],[-119.927423145362,47.2326178432979],[-119.924984145302,47.2325278427448],[-119.92106014511,47.2324378430911],[-119.918018145121,47.2323838432988],[-119.91066514508,47.2322488433686],[-119.908253145366,47.23228484323],[-119.907785145368,47.2323028431608],[-119.896580144858,47.2327978435048],[-119.893790144799,47.2329058430893],[-119.891585144739,47.232995842743],[-119.885537144623,47.2330498434346],[-119.876159144729,47.2330768428811],[-119.874827145356,47.2330948428118],[-119.873828145153,47.2330948428118],[-119.873360145155,47.2330948428118],[-119.868599145034,47.2331668434342],[-119.864171144982,47.233265843503],[-119.863775144707,47.2332748430187],[-119.86357714457,47.2332838434337],[-119.858501145212,47.2333558431567],[-119.858024144798,47.2333738430874],[-119.856350144943,47.2333738430874],[-119.854613144881,47.2334368432948],[-119.853447944567,47.2334229712522],[-119.853305118736,47.2308818855496],[-119.853400296686,47.2058023666449],[-119.853495475536,47.1486953025051],[-119.853495475536,47.1191301774745],[-119.853676856202,47.1084286902906],[-119.853495475536,47.0961854638468],[-119.854039618434,47.0937368185581],[-119.855762739259,47.0921043880658],[-119.860206577272,47.0909254101383],[-119.862745913793,47.0899278146756],[-119.863743509256,47.0882046938502],[-119.861417144785,47.0850448431038],[-119.860652144581,47.0855578433785],[-119.859284145347,47.0862058426842],[-119.859185145278,47.0863768433753],[-119.856233144944,47.0876008431631],[-119.852489144958,47.0891668434338],[-119.851220144894,47.089778842878],[-119.849438144555,47.0910028426658],[-119.841914144722,47.096159843061],[-119.834939145026,47.1009118427661],[-119.832770144826,47.1026218433821],[-119.831015144833,47.1037648430319],[-119.827316145124,47.1061768427459],[-119.820755144734,47.1103618432832],[-119.809181145194,47.1175888429095],[-119.797607144754,47.1248608428124],[-119.791703144984,47.1285688429366],[-119.791523144777,47.1286948433511],[-119.785277145424,47.132573843267],[-119.768861144726,47.1428878431583],[-119.762219145097,47.1469828431425],[-119.751167145347,47.1538948426318],[-119.750825144865,47.1540028431156],[-119.744858144887,47.1578728426165],[-119.744759144819,47.157917842893],[-119.744480145442,47.1580888426849],[-119.737856144845,47.1622108430149],[-119.725526144616,47.1698158429857],[-119.714960144795,47.1764218427528],[-119.711270144601,47.1787168433666],[-119.694458143628,47.1892198429804],[-119.693405143632,47.1898678431854],[-119.692838143565,47.1901648433918],[-119.687069143726,47.1937378426863],[-119.686169143591,47.1942958432376],[-119.686007144214,47.1943138431683],[-119.686007144214,47.1944668430294],[-119.67842914369,47.1991648429422],[-119.67635914356,47.2004428434215],[-119.670518143997,47.2040698434076],[-119.66712514401,47.2060138431234],[-119.664371143813,47.2078048429781],[-119.643995143961,47.2204948427218],[-119.626157144237,47.2315558428869],[-119.621162144118,47.2346428431518],[-119.618435144266,47.2363348429378],[-119.607527143962,47.243111843396],[-119.605691143831,47.2444798426298],[-119.604413144251,47.2456588430403],[-119.602667143774,47.2475668428946],[-119.600561143782,47.2498618435084],[-119.600219144198,47.2502128435071],[-119.601317143571,47.2503208430916],[-119.614106144283,47.2502308434378],[-119.618075143853,47.2502128435071],[-119.623838598473,47.2499841513067],[-119.632214143868,47.2498618435084],[-119.640581950597,47.2498069731724],[-119.661257144102,47.2494658432332],[-119.67701614418,47.2493848430952],[-119.680724144304,47.2493488432337],[-119.684702144289,47.2493308433029],[-119.685251144425,47.2493308433029],[-119.692892144257,47.2492858430263],[-119.702306144013,47.2491868429576],[-119.703620144354,47.2491688430268],[-119.719622144846,47.249069842958],[-119.724590144619,47.2489798433042],[-119.725229145309,47.2489078426819],[-119.727209144886,47.2484128432373],[-119.728550144673,47.2475848428254],[-119.742167144898,47.2373338431415],[-119.744129145444,47.2359028428011],[-119.746181144744,47.2347058433591],[-119.746415144743,47.2346428431518],[-119.746784144673,47.234552843498],[-119.751167145347,47.2344178426684],[-119.768051145144,47.2342378433608],[-119.789453144647,47.2341298428771],[-119.794313144836,47.2341298428771],[-119.810639144981,47.2340398432233],[-119.831870144691,47.2338958428779],[-119.83402114496,47.2339498426702],[-119.834759144819,47.2339498426702],[-119.835425144954,47.2339498426702],[-119.83723414474,47.2339498426702],[-119.838908144595,47.2339678435003],[-119.839223144732,47.2339678435003],[-119.839790144799,47.233976843016],[-119.840960144795,47.233976843016],[-119.842472145273,47.2340128428775],[-119.842706145272,47.2339948429467],[-119.844650144988,47.2339948429467],[-119.846324144843,47.233976843016],[-119.847998144699,47.2339138428087],[-119.849816144899,47.2336528433631],[-119.851490144754,47.233490843087],[-119.853447944567,47.2334229712522]],[[-120.227915144968,47.6276278444097],[-120.227384144762,47.6276278444097],[-120.226331144767,47.6271508439965],[-120.225422145116,47.6270608443427],[-120.223415145193,47.6270608443427],[-120.222272144644,47.6269708437896],[-120.220652144581,47.6269438443432],[-120.218087145006,47.6267908444821],[-120.217709144661,47.626772843652],[-120.210716145034,47.6263858437918],[-120.209024145248,47.6264758443449],[-120.206828144703,47.6268808441358],[-120.205505144847,47.6272588444803],[-120.20470414478,47.6275918436488],[-120.203966144922,47.6281408437851],[-120.203390145339,47.6286988443364],[-120.202409145066,47.6296708441943],[-120.201698144654,47.6301478437082],[-120.197783144876,47.63186684384],[-120.196019145367,47.6324968441143],[-120.194876144818,47.6326678439061],[-120.1935171451,47.6327308441134],[-120.191861145176,47.6324788441835],[-120.190340145182,47.6320198437011],[-120.188522144981,47.631722844394],[-120.186119144783,47.6318398443935],[-120.184229144859,47.6316958440482],[-120.183617145415,47.6315878444637],[-120.182672145003,47.6312728443265],[-120.181592144662,47.6312008437042],[-120.180809145426,47.6313178437037],[-120.18041314515,47.6314798439798],[-120.180125145359,47.6316868436332],[-120.179801144807,47.6319298440473],[-120.179423145362,47.6327308441134],[-120.179063144948,47.6331358439043],[-120.178406145227,47.6335228437645],[-120.177632144608,47.6338468443166],[-120.17615614489,47.6341078437622],[-120.172475145112,47.6347378440365],[-120.171179144702,47.6350618436893],[-120.168209145336,47.6363398441687],[-120.167876145268,47.6365918440986],[-120.167498144923,47.6373028436116],[-120.167228145063,47.6382658439538],[-120.166814144857,47.6388238445051],[-120.164393144728,47.6404438436687],[-120.161171145432,47.6432788440037],[-120.159227144817,47.6441698437236],[-120.158372144958,47.6445658439988],[-120.157760144615,47.6449438443432],[-120.157319144963,47.6454298442722],[-120.157121144825,47.646320843992],[-120.156734144965,47.6469238439205],[-120.155870144691,47.6475718441256],[-120.151739144846,47.649713843979],[-120.150794145334,47.6500828439084],[-120.147779144792,47.6503798441148],[-120.147716144584,47.6505148440451],[-120.146267145213,47.6515138442488],[-120.144539144666,47.6522968443841],[-120.142928145018,47.6528548440361],[-120.142406145227,47.6530258438279],[-120.139427145446,47.6537098438945],[-120.137870144691,47.654312843823],[-120.136718144627,47.6550778440276],[-120.135170145186,47.6562208436773],[-120.133433145123,47.6570038438126],[-120.132596145196,47.6575438444332],[-120.132227145266,47.6579848440856],[-120.130832144788,47.6591908439426],[-120.13049914472,47.6598118438018],[-120.130193144998,47.6617738443478],[-120.130022145206,47.6622958441382],[-120.129581144654,47.6628178439287],[-120.129005145071,47.6632048437888],[-120.128789145003,47.6632768444112],[-120.127961144591,47.6634838440645],[-120.126377145289,47.6631778443424],[-120.126179145151,47.6631328440658],[-120.125450144808,47.6625298441373],[-120.125315144878,47.6621338438621],[-120.12535114474,47.661269844488],[-120.126179145151,47.6596858442866],[-120.12678214508,47.6584978443604],[-120.126845145287,47.6577418436715],[-120.126755144734,47.6574268444336],[-120.126467144943,47.6571118442965],[-120.126179145151,47.6567968441593],[-120.124118145436,47.65553684451],[-120.123830144745,47.655374844234],[-120.122030145375,47.6542678444458],[-120.120707144619,47.6535298436876],[-120.119492145246,47.6530528441737],[-120.114929145264,47.6516668441098],[-120.114659145403,47.651495844318],[-120.106604145365,47.6490298439124],[-120.093014144587,47.6448628442051],[-120.089027145087,47.6435758442101],[-120.084977145379,47.6422258440078],[-120.083519144693,47.6419378442164],[-120.08216914539,47.6418928439399],[-120.0794781454,47.6419198442856],[-120.078983145056,47.6419198442856],[-120.076688145342,47.6419378442164],[-120.07547314507,47.6419378442164],[-120.074996144656,47.6420818436624],[-120.074429144589,47.6423428440073],[-120.074159144729,47.6427208443518],[-120.074015145283,47.642765843729],[-120.073853145007,47.6431438440734],[-120.074015145283,47.6443408444147],[-120.074015145283,47.6456368439255],[-120.07406014466,47.6465998442677],[-120.074114145351,47.6474188442645],[-120.071387144601,47.6474908439875],[-120.071450144808,47.6483638437767],[-120.071414144947,47.6493358436345],[-120.070037145298,47.6493358436345],[-120.068714145441,47.6493898443261],[-120.067301145032,47.6493358436345],[-120.066005144622,47.6493628439804],[-120.063269145255,47.6493628439804],[-120.061037144848,47.6493718443953],[-120.060515145058,47.6493718443953],[-120.058697144857,47.6493808439111],[-120.057059144864,47.6493898443261],[-120.055979145421,47.6493628439804],[-120.054494145289,47.6493178437038],[-120.053333144809,47.6492008437042],[-120.052217144605,47.6488408441899],[-120.051578144816,47.6484718442605],[-120.046205145251,47.6446648440676],[-120.044450145258,47.6431978438657],[-120.04357714457,47.6423248440766],[-120.043496145331,47.6420818436624],[-120.043127145401,47.6418928439399],[-120.042830145195,47.6417668444246],[-120.042794145334,47.641568844287],[-120.042488144712,47.641226843804],[-120.042461145266,47.6410558440122],[-120.04218214499,47.6408218440132],[-120.041633144854,47.639786843948],[-120.041372145408,47.6395348440181],[-120.041336144647,47.6393638442262],[-120.037727144592,47.6342608436233],[-120.037322144801,47.6336758436255],[-120.037322144801,47.6329198438359],[-120.03792514473,47.6314798439798],[-120.03792514473,47.6306788439137],[-120.037493144593,47.6303368443301],[-120.028790145249,47.624855844282],[-120.026711144704,47.6236948438022],[-120.026171144982,47.6235238440104],[-120.02096914521,47.6228218440131],[-120.018674144596,47.622659843737],[-120.008000145191,47.6221108445001],[-120.006911145333,47.6219758436705],[-120.0054261452,47.6216248436718],[-120.005093145133,47.6214358439492],[-120.004370613613,47.6211227467776],[-120.004007848683,47.6208719330534],[-120.003817491884,47.6207006122037],[-120.003589064084,47.6204150765547],[-120.003589064084,47.6199201490558],[-120.004179170432,47.619291970808],[-120.004750240831,47.6185305436099],[-120.004731204881,47.6178452584121],[-120.004407598232,47.6171980451139],[-120.003646171034,47.6166650457155],[-120.002713422087,47.6158465115674],[-120.00172356619,47.6151231553695],[-120.000771782192,47.6144759420712],[-120.000086496994,47.6139429426728],[-119.999496390646,47.6135241571743],[-119.998696891548,47.6131434435752],[-119.997478607851,47.6128198369261],[-119.996066145236,47.6125798438449],[-119.984132145282,47.6125888442599],[-119.976410145312,47.6125708443292],[-119.972936145187,47.6125708443292],[-119.962658145157,47.6125528443984],[-119.958239144621,47.6125528443984],[-119.953856144845,47.6125528443984],[-119.941238144824,47.6125978437756],[-119.934812145264,47.6125978437756],[-119.919989145183,47.6125978437756],[-119.876663144588,47.6126158437064],[-119.876177144659,47.6126158437064],[-119.859572145138,47.6126338436371],[-119.8556211446,47.6126608439829],[-119.834237145028,47.6126518444672],[-119.831087144556,47.6126338436371],[-119.821835145076,47.6126338436371],[-119.817128144748,47.6126248441214],[-119.812817144695,47.6126518444672],[-119.808884144987,47.6126338436371],[-119.791334145055,47.6126248441214],[-119.772965145125,47.6126068441907],[-119.769914144722,47.6126158437064],[-119.761751145099,47.6125708443292],[-119.760527145311,47.6125078441218],[-119.757791145045,47.6126338436371],[-119.756801145257,47.6126338436371],[-119.751167145347,47.6100778444771],[-119.748386144805,47.6090248444811],[-119.745848144676,47.6079268442086],[-119.743751145099,47.6071798439348],[-119.739998144699,47.6060908440773],[-119.738207144844,47.6052628436654],[-119.736695145265,47.604326843669],[-119.732627144727,47.5995298436874],[-119.731916145214,47.5988908438974],[-119.729351144739,47.5972528439037],[-119.726282145305,47.5956508437715],[-119.724824144619,47.5946248441214],[-119.724050144898,47.593760843848],[-119.722259145044,47.5921048439235],[-119.721386145254,47.5914748436492],[-119.720423144912,47.5910608443426],[-119.718785144918,47.5904938442756],[-119.716814144857,47.5901248443462],[-119.715302145278,47.5900078443466],[-119.714618145211,47.5900078443466],[-119.711963145083,47.5900078443466],[-119.711378145085,47.5899718444851],[-119.710775145157,47.5897918442783],[-119.710073145159,47.589233843727],[-119.709587144331,47.5884778439375],[-119.709461143917,47.5880728441465],[-119.708957144057,47.587316844357],[-119.70749914427,47.5865158442908],[-119.706491143651,47.5862188440845],[-119.705411144209,47.5860748437391],[-119.702324143944,47.5860748437391],[-119.700785144019,47.5859308442931],[-119.697117884982,47.5846942279164],[-119.693933435979,47.5841199838103],[-119.691766967372,47.5843026972717],[-119.690381143575,47.5846078444366],[-119.688761144411,47.5853098444338],[-119.687321143656,47.5863088437382],[-119.686393796936,47.5869558304073],[-119.686076723862,47.5864430648557],[-119.686340190148,47.5859503811652],[-119.690514069669,47.5828148813618],[-119.697405007035,47.5776466790111],[-119.698762312431,47.576132761178],[-119.699388761282,47.5745666385995],[-119.699936904365,47.5725828843527],[-119.700589455139,47.5711733742119],[-119.702051169126,47.569450640095],[-119.704687474148,47.5666316207127],[-119.707271576222,47.5636298869697],[-119.709725166883,47.5604193369429],[-119.713536063838,47.5554860518998],[-119.716413678548,47.5506766169923],[-119.716694410019,47.5494303805676],[-119.716903226303,47.547838156066],[-119.717477471308,47.5466635650315],[-119.718182225929,47.5456455855353],[-119.719409021709,47.5447059118083],[-119.721288368264,47.5431397901292],[-119.722149735322,47.5417302799884],[-119.722619571736,47.540372974593],[-119.722932796611,47.53763226098],[-119.722906693789,47.5337691601785],[-119.723298224433,47.531654895417],[-119.723611449309,47.5311589561808],[-119.724629428805,47.530689119767],[-119.725516897787,47.5296972421939],[-119.72703081562,47.5281311205147],[-119.727500652033,47.5275829774324],[-119.728153202808,47.5261734681909],[-119.728649142044,47.5257036308777],[-119.72974542731,47.5253643049786],[-119.73097222309,47.5247639580501],[-119.732042406432,47.5238764890686],[-119.733060385029,47.5230673258563],[-119.733347507981,47.5223103664901],[-119.733112589774,47.521031366864],[-119.73193799784,47.517246572731],[-119.731442059503,47.515315021431],[-119.73141595758,47.5146102668102],[-119.731650875787,47.5136966959057],[-119.731442059503,47.5116607369133],[-119.731337650912,47.5101990229264],[-119.731598671042,47.5094942683057],[-119.732251222716,47.5085284926557],[-119.732486140923,47.5077976361119],[-119.732460039,47.5071972891834],[-119.732094610278,47.5065708403319],[-119.724662721707,47.5024854891738],[-119.723018453439,47.5015288236561],[-119.722121579347,47.5002433048445],[-119.721613350875,47.4996154926207],[-119.720178353049,47.4991072641487],[-119.718055752471,47.498838202281],[-119.716351691877,47.4983000776463],[-119.715723880553,47.4977021624846],[-119.715185755918,47.4962671637584],[-119.714019819959,47.4933971681046],[-119.712285864101,47.4890323822984],[-119.710880761538,47.487298426441],[-119.710432325391,47.4866706151166],[-119.710282846376,47.4858036371878],[-119.71022305495,47.4797347907878],[-119.710193158787,47.4779111473413],[-119.710809542426,47.4753923189601],[-119.71075760388,47.4748951935181],[-119.709774617904,47.4719020932667],[-119.707562328838,47.4659528306183],[-119.706874726088,47.4645477289543],[-119.70561910254,47.4629632521121],[-119.705080977905,47.4618870028426],[-119.704871707463,47.4399459326183],[-119.762660496385,47.4390750363435],[-119.766420044749,47.4390036526561],[-119.770286669094,47.4390631392122],[-119.770917504839,47.4390164104387],[-119.77092912318,47.4390155497875],[-119.771500194478,47.4387657064319],[-119.772333005364,47.4378615118589],[-119.773661925457,47.436595162996],[-119.774379424371,47.4359075602453],[-119.774977340432,47.4356683936411],[-119.77524770182,47.4358887122539],[-119.77706322169,47.4359488292347],[-119.77754415394,47.435732409183],[-119.777868783118,47.435323616951],[-119.778217459268,47.4346743585944],[-119.778638274537,47.4342054493816],[-119.778926834606,47.4336163071065],[-119.779059090704,47.4330271648314],[-119.779576092962,47.4321254173138],[-119.779924769113,47.4320292303243],[-119.780405701362,47.4320051842515],[-119.781475775886,47.4316805550732],[-119.782329430359,47.4316084150559],[-119.782894525662,47.43150020503],[-119.783339387902,47.4310312958173],[-119.78385639016,47.430502270523],[-119.78458981247,47.4299251521836],[-119.785707980039,47.4294923129794],[-119.786801586224,47.4294425157191],[-119.787475405965,47.4299371752201],[-119.788791884838,47.4308735889046],[-119.79066729506,47.4317619410204],[-119.793450605061,47.4326703830913],[-119.79488091742,47.4337914383838],[-119.796427200955,47.4343133095712],[-119.798012141847,47.4350671222096],[-119.79957775451,47.4356856363427],[-119.799790367731,47.4366520631019],[-119.800282793316,47.4371264500852],[-119.800563509498,47.4382949895818],[-119.802033285008,47.4395310582713],[-119.802167779519,47.4398606013453],[-119.801699789414,47.4406675621179],[-119.801884901367,47.4409581753392],[-119.802593006862,47.4411749425293],[-119.80380616802,47.4414922305416],[-119.803849362458,47.4415035278252],[-119.806729315406,47.4444221381309],[-119.807386485997,47.4447507234268],[-119.808546198648,47.4446927378393],[-119.810923609537,47.44420952401],[-119.811948022783,47.44420952401],[-119.814112819551,47.4436683245931],[-119.815717088673,47.4432430972508],[-119.818423084857,47.4430111540012],[-119.820394596633,47.4427212260634],[-119.822920510773,47.4418150385928],[-119.826599059899,47.4418321131211],[-119.827913401083,47.4415228560546],[-119.830870667847,47.4402278439995],[-119.83361532139,47.4389135028156],[-119.836301989345,47.4385655892902],[-119.839297913468,47.4382949895818],[-119.843820792895,47.4379470760564],[-119.85238333882,47.4400925445949],[-119.858742429719,47.4411749425292],[-119.862550152967,47.4423153269504],[-119.86624190504,47.4431851116632],[-119.869798357708,47.4437842957683],[-119.872079125651,47.4440742246055],[-119.878534859496,47.4448280372438],[-119.879733229505,47.4450599804934],[-119.881202198323,47.4458524504898],[-119.883019081565,47.4467802207902],[-119.887039418934,47.4481138902036],[-119.888933616893,47.4488677037412],[-119.892586711607,47.449486216975],[-119.895853235438,47.4489450175582],[-119.901361870754,47.4441515384224],[-119.901748441637,47.4433783966554],[-119.902366954871,47.4415228560546],[-119.902656883708,47.4406337431124],[-119.90261822635,47.437541176044],[-119.903739281643,47.4359369069224],[-119.908938660791,47.4290946021937],[-119.908900003432,47.4270651048303],[-119.908803360487,47.4249196362918],[-119.911721970792,47.4222716256946],[-119.913171611381,47.4212278842191],[-119.914737224044,47.4192950298014],[-119.917655834349,47.4148494650903],[-119.920207202001,47.4109837553556],[-119.924691424969,47.4044120503354],[-119.930760587931,47.3955789056015],[-119.9361725803,47.3877121876268],[-119.941062702382,47.380637940548],[-119.944967067676,47.3779319443632],[-119.954708654481,47.3716115099227],[-119.957163380086,47.3700265690304],[-119.963251871277,47.3645565910733],[-119.974150534819,47.3548668402919],[-119.982716594395,47.3503553822545],[-119.988503459267,47.3469090066047],[-120.001904568241,47.3385913271874],[-120.014982085855,47.3284262694161],[-120.029366393045,47.3175622018934],[-120.042143064051,47.3080206494927],[-120.049923729496,47.3021237246894],[-120.056680622912,47.2992981150752],[-120.059506232527,47.2982743430457],[-120.061389972269,47.2983152936751],[-120.06388797505,47.2997076231675],[-120.066222175313,47.300731395197],[-120.067670144961,47.3007928431745]],[[-119.347373143855,47.6235958437334],[-119.353457143832,47.6320198437011],[-119.353619144108,47.6326408444596],[-119.353718144177,47.6327848439056],[-119.358425143605,47.6395078436723],[-119.359271143948,47.6411638444961],[-119.359505143947,47.6412898440114],[-119.359532144293,47.6417758439403],[-119.359820144084,47.6422978437307],[-119.359820144084,47.6435128440028],[-119.359235144087,47.6449258444124],[-119.358263144229,47.6464108436458],[-119.355662143893,47.6495158438414],[-119.354789144104,47.6508748444587],[-119.354285144244,47.6522158442461],[-119.354006143968,47.6533678443109],[-119.354006143968,47.6548348436135],[-119.354357143967,47.6558968440244],[-119.354492143897,47.6559328438859],[-119.35481614445,47.6568958442281],[-119.355635144446,47.6582188440847],[-119.356085143614,47.6586688441522],[-119.358821143881,47.6614138439341],[-119.358893143604,47.6616298440024],[-119.359604144016,47.6624308440685],[-119.359748144361,47.6625928443446],[-119.359901144222,47.6627728436521],[-119.360036144153,47.6630698438585],[-119.360135144221,47.6631508439966],[-119.360270144152,47.6633938444107],[-119.360918144357,47.6645278436454],[-119.360891144011,47.6654278437803],[-119.360891144011,47.6656258439179],[-119.360819144288,47.6658778438477],[-119.36085514415,47.6666068441909],[-119.361089144149,47.6673628439804],[-119.361224144079,47.6674258441877],[-119.362718143727,47.669828844386],[-119.362727144142,47.6719528443087],[-119.362826144211,47.6847508436369],[-119.362772144419,47.688881844382],[-119.362601143728,47.6899528443087],[-119.362574144281,47.690159843962],[-119.362061144007,47.6920858437471],[-119.361926144076,47.6922658439539],[-119.361818143592,47.6931298442273],[-119.361863143869,47.695964843663],[-119.362097143868,47.6965678444909],[-119.362169143591,47.6970808438663],[-119.362304144421,47.6973958440034],[-119.36253814442,47.698637843722],[-119.362637143589,47.699285843927],[-119.362781143935,47.700491843784],[-119.362772144419,47.7268348436137],[-119.362772144419,47.7281578443695],[-119.362781143935,47.7307678442211],[-119.362817143796,47.7417028439717],[-119.36279014435,47.7426838442446],[-119.362826144211,47.7443758440306],[-119.362952143726,47.7498748440094],[-119.362880144003,47.7701968440698],[-119.362880144003,47.7716368439258],[-119.362862144073,47.7862618438697],[-119.362736143658,47.8008598443671],[-119.362736143658,47.8009138441593],[-119.362619143658,47.8153948437578]],[[-119.347373143855,47.6235958437334],[-119.34659014372,47.6238208442168],[-119.342837144219,47.6248738442128],[-119.341712143601,47.6251618440041],[-119.338706144373,47.6259268442087],[-119.337095143826,47.6262508438616],[-119.33592514383,47.6263048436538],[-119.333666143977,47.6264398444834],[-119.333432143978,47.6264578444142],[-119.333234143841,47.6264308440684],[-119.332262143983,47.6263138440688],[-119.332019143569,47.6262868437231],[-119.331362143848,47.6261788441385],[-119.330372144059,47.6259628440702],[-119.300627143828,47.6172148444497],[-119.300267144313,47.6170978444501],[-119.299277143625,47.6168008442437],[-119.299061143557,47.6167288436214],[-119.298170143837,47.6164678441759],[-119.296019143569,47.6160088436934],[-119.295776144054,47.6159638443161],[-119.294129143645,47.6158918436938],[-119.293067144133,47.6158378439015],[-119.291339143587,47.6159818442469],[-119.289305144217,47.6164858441066],[-119.288432144428,47.6168188441745],[-119.288270144152,47.6168908438975],[-119.287451144155,47.6171698441731],[-119.284778144096,47.6183668436151],[-119.282762143758,47.6194108440953],[-119.277614143778,47.622101844085],[-119.272286143591,47.6248738442128],[-119.268614144227,47.626772843652],[-119.267363144094,47.6274208438571],[-119.264573144035,47.6288698441282],[-119.263205143902,47.6295718441255],[-119.262296144252,47.6302828436385],[-119.261819143838,47.6308858444664],[-119.261621143701,47.6314168437725],[-119.261558144393,47.6316508437716],[-119.261594144254,47.632289844461],[-119.262287143837,47.6340718439007],[-119.263214144317,47.6372398443036],[-119.263475143763,47.6381038436777],[-119.266571144443,47.6483458438459],[-119.267759144369,47.651900844109],[-119.267822143677,47.6520808443158],[-119.271062143803,47.662961844274],[-119.272754143589,47.6684158439764],[-119.272979144072,47.6692348439733],[-119.273321143656,47.6715028442412],[-119.273249143933,47.6747878437444],[-119.273051143795,47.6762098436697],[-119.270774144012,47.6842918440537],[-119.270774144012,47.6845708443294],[-119.270675143943,47.6846608439832],[-119.266094144029,47.7008608437134],[-119.265509144032,47.7029128439131],[-119.264969144311,47.7047848439059],[-119.262593143559,47.7127678442211],[-119.262386143905,47.7132628436658],[-119.262053143837,47.7140098439396],[-119.260928144119,47.7153778440727],[-119.255024144349,47.7217228443942],[-119.254979144072,47.721812844048],[-119.254871143588,47.7220108441856],[-119.253269144355,47.7237028439716],[-119.251136144018,47.7259618438245],[-119.243360144255,47.7331258441429],[-119.242550143774,47.7337018437256],[-119.23859014372,47.7359878439244],[-119.237609144346,47.7366268437144],[-119.237474144416,47.7368608437135],[-119.231822143677,47.7421618444541],[-119.229320144309,47.7440068441011],[-119.228276143829,47.7448618439595],[-119.223875144123,47.7492448437351],[-119.223380143779,47.7498748440094],[-119.222237144129,47.7513328437963],[-119.222201144267,47.7514678437266],[-119.222102144199,47.7517468440023],[-119.22097714358,47.753465844134],[-119.220608143651,47.7539878439245],[-119.220077144345,47.7548968444744],[-119.218106144283,47.7579388444627],[-119.217971144353,47.7581908443926],[-119.217701143593,47.7585058436304],[-119.217026143941,47.7594418436268],[-119.203040143788,47.7765148440455],[-119.202878144411,47.7767308441138],[-119.202626143582,47.7769558436979],[-119.184014144137,47.7995008437497],[-119.182727144142,47.8004368437461],[-119.174609143897,47.8047748441445],[-119.168561143782,47.8079968443397],[-119.167373143855,47.8084648443379],[-119.165231144002,47.8091398439894],[-119.163953144422,47.8096708441949],[-119.163224144079,47.8101928439853],[-119.162450144359,47.8109758441207],[-119.16041614409,47.8133878438347],[-119.159228144163,47.8141708439701],[-119.156186144175,47.8150978444507],[-119.154413144251,47.8157638436873],[-119.15321614391,47.8163398441693],[-119.151659144054,47.8174288440267],[-119.149805143992,47.8188868438136],[-119.149292143717,47.8193008440196],[-119.148302143929,47.8199758436711],[-119.143037143949,47.8220368442857],[-119.140598143889,47.8230898442817],[-119.138627143828,47.8241158439319],[-119.137610143693,47.8247818440677],[-119.136188143768,47.826122843855],[-119.133983143707,47.8288498437061],[-119.126126143806,47.8382998442233],[-119.124110144368,47.8406308437993],[-119.121365143686,47.8436728437876],[-119.120006143968,47.8450138444742],[-119.119916144315,47.8450948437129],[-119.112383144067,47.8515118437575],[-119.111150143864,47.8524298438231],[-119.108432144428,47.8542118441622],[-119.105318143817,47.8559938445013],[-119.098874144326,47.859476844142],[-119.097650143639,47.8602868437238],[-119.096093143784,47.8618708439252],[-119.093654143724,47.866262844116],[-119.092871143588,47.8678918436946],[-119.092772144419,47.868107843763],[-119.092628144074,47.8684768436923],[-119.091818143592,47.8701148436861],[-119.091683143662,47.8709878443745],[-119.091701143593,47.8710868444433],[-119.091746143869,47.8714918442342],[-119.09201614373,47.8722028437472],[-119.092115143799,47.8722388445081],[-119.092187144421,47.8724278442307],[-119.093213144071,47.8737688440179],[-119.093690143585,47.8748758438062],[-119.093753143793,47.8759468437329],[-119.093384143863,47.8792948443426],[-119.092367143729,47.8806088437841],[-119.089658143808,47.8835338437729],[-119.088119143883,47.8848928443903],[-119.086760144165,47.8855498441111],[-119.082206143699,47.8871878441047],[-119.080550143774,47.8879258439636],[-119.080307144259,47.8880338444474],[-119.079191144056,47.8886638438224],[-119.078237144129,47.8893028436124],[-119.076806143788,47.890481844023],[-119.074385143659,47.8934338443575],[-119.072531143597,47.8956928442105],[-119.069237143679,47.8996978436417],[-119.066384144313,47.9031718437666],[-119.065871144038,47.9037838441102],[-119.065718144177,47.9040088436943],[-119.065529143555,47.9041708439704],[-119.065259143695,47.9045128444533],[-119.056466143797,47.9153218437892],[-119.056187144421,47.9155288443418],[-119.054495143736,47.9175808436421],[-119.054387144151,47.9176978436417],[-119.054297143598,47.9177968437105],[-119.046701144043,47.9268778442983],[-119.045684143908,47.9279128443635],[-119.044838143565,47.9285248438077],[-119.044739144396,47.9286058439457],[-119.044424144259,47.9288398439448],[-119.043299143641,47.9294788437348],[-119.042723144058,47.92987484401],[-119.041913143577,47.930279843801],[-119.041472143924,47.9305858444224],[-119.040383144067,47.9312158437974],[-119.039267143864,47.9319268442096],[-119.03853814442,47.9322688437933],[-119.038205144352,47.9324308440694],[-119.037251144425,47.9328628442061],[-119.03673814415,47.9331328440667],[-119.035865144361,47.9334658441346],[-119.035550144224,47.9336368439264],[-119.034740143743,47.9338888438563],[-119.034461144366,47.9339788444093],[-119.033705143677,47.9340238437866],[-119.032724144304,47.9341408437861],[-119.0318421441,47.9341408437861],[-119.031023144103,47.9341768436476],[-119.030357143967,47.9341948444777],[-119.029754144038,47.9342038439934],[-119.029124143764,47.9342128444084],[-119.02903414411,47.9342218439242],[-119.028737143904,47.9342848441315],[-119.02851214432,47.934320843993],[-119.028224143629,47.9343748437852],[-119.027828144253,47.9344378439925],[-119.02402114406,47.9357158444719],[-119.02195114393,47.9364088440541],[-119.021303143725,47.9366248441225],[-119.020169143591,47.9368768440523],[-119.019908144146,47.9369308438446],[-119.017838144015,47.9367868443986],[-119.016992143672,47.936669844399],[-119.015462144163,47.9367148437762],[-119.014571144443,47.9368228442601],[-119.013887144376,47.9371108440514],[-119.012816144449,47.937785843703],[-119.012672144104,47.9378848437717],[-119.01229414376,47.9381818439781],[-119.012141143899,47.9383078443927],[-119.012015144383,47.9384068444615],[-119.011682144315,47.9387128441836],[-119.011259143694,47.939081844113],[-119.011025143695,47.9392888437664],[-119.01076414425,47.9395228437654],[-119.010350144044,47.9390188439058],[-119.009225144325,47.9383168439084],[-119.007263143779,47.9375338437731],[-119.006039143991,47.9370118439826],[-119.005598144339,47.9368048443293],[-119.004851144065,47.9364628438464],[-119.003735143862,47.9360398441247],[-119.001989144284,47.9353198441967],[-119.00162914387,47.9351848442664],[-119.00112514401,47.9349778437137],[-119.00112514401,47.9348788436449],[-119.000702144288,47.9346988443374],[-119.000225143875,47.9345188441305],[-118.999208143741,47.9341498442012],[-118.997993144368,47.9340598436481],[-118.99636414389,47.9340148442708],[-118.993880143554,47.9339698439943],[-118.993088143903,47.9340148442708],[-118.991837143769,47.933834844064],[-118.991090144395,47.9336098444799],[-118.988597143643,47.9328628442061],[-118.988084144268,47.9328358438603],[-118.987778143646,47.9328268443446],[-118.985321143656,47.932772843653],[-118.98517714421,47.932772843653],[-118.984979144072,47.932709844345],[-118.984592144212,47.9326108442763],[-118.98452014359,47.9325838439304],[-118.983206144148,47.93206184414],[-118.981289143879,47.9313058443504],[-118.979831144092,47.9309188444903],[-118.975916144315,47.9308738442137],[-118.974836143973,47.9306938440069],[-118.973675144392,47.9303068441467],[-118.970651144335,47.9293168443581],[-118.969040143788,47.9288038440833],[-118.968275143583,47.9285518441535],[-118.966502143659,47.9277868439489],[-118.964756144081,47.9267338439529],[-118.964594143805,47.9266438442992],[-118.963991143876,47.9262838438855],[-118.963082144226,47.9260138440249],[-118.962488143813,47.9258518437488],[-118.957763143554,47.9249968438904],[-118.95689914418,47.9248348436143],[-118.955414144047,47.9245738441687],[-118.951850144269,47.9237728441027],[-118.950185143929,47.9231968436206],[-118.94906014421,47.9223778436238],[-118.94842114442,47.9217388438338],[-118.947836144422,47.9208748444597],[-118.947602144423,47.9195698436345],[-118.947224144079,47.9189488437752],[-118.947224144079,47.9186248441224],[-118.946513143667,47.9176258439187],[-118.946297143598,47.9174548441269],[-118.945901144222,47.9171308444741],[-118.945289143879,47.9169148444057],[-118.943903143815,47.9166178441993],[-118.942472144374,47.9166538440608],[-118.940969144311,47.9171308444741],[-118.9399071439,47.9173738439889],[-118.93889914418,47.917607843988],[-118.922987144241,47.9214328441116],[-118.921331144317,47.921792843626],[-118.920782144181,47.9219008441098],[-118.919117143841,47.9220088436943],[-118.91677714385,47.9220628443859],[-118.912826144211,47.9215228437654],[-118.909910143738,47.9208928443904],[-118.907057144372,47.9199838438404],[-118.904672144104,47.9190658437748],[-118.903232144248,47.9183548442618],[-118.902269143906,47.9177878441948],[-118.901135143772,47.917121844059],[-118.898318144267,47.9152948443427],[-118.894583143797,47.9140978440014],[-118.890200144021,47.912594843938],[-118.887995143961,47.9117218441489],[-118.884728144388,47.9096608444335],[-118.880039143991,47.9081128440936],[-118.879733144269,47.9079778441633],[-118.876124144214,47.9064028443768],[-118.873559143739,47.9054308436196],[-118.873298144294,47.9053768438274],[-118.872515144159,47.9051698441741],[-118.87139014444,47.9048908438985],[-118.869689144239,47.90428784397],[-118.866287143837,47.9027218436992],[-118.862453144197,47.9004628438462],[-118.861769144131,47.8996978436417],[-118.861625143785,47.8992928438507],[-118.861562143578,47.8979698439942],[-118.861589143924,47.8938118438027],[-118.861292143717,47.8927048440144],[-118.860599144135,47.8915168440882],[-118.858835143727,47.8893298439582],[-118.858331143867,47.8888438440293],[-118.855298144294,47.8853608443885],[-118.854074143607,47.8841548436321],[-118.850537144174,47.8808788436447],[-118.849394143625,47.8798798443404],[-118.844363143644,47.8755058440804],[-118.843580144408,47.8748758438062],[-118.842923143788,47.8743718439464],[-118.83899014408,47.8709878443745],[-118.838108143876,47.8702948438929],[-118.838108143876,47.8701688443777],[-118.83062914432,47.8637968437104],[-118.830017143976,47.863364844473],[-118.829621143701,47.8628878440597],[-118.827650143639,47.861168843928],[-118.826183144337,47.8600078443475],[-118.808903144265,47.8452208441276],[-118.805294144209,47.8421338438627],[-118.804196143937,47.841215843797],[-118.791704144331,47.8305418443914],[-118.791263143779,47.8301008438397],[-118.78911214441,47.8282918440542],[-118.786817143796,47.8263748437849],[-118.781831144092,47.8220278438708],[-118.766639144081,47.8089958436441],[-118.765334144155,47.8078888438558],[-118.762337144444,47.8053148438657],[-118.751114144002,47.7957208439026],[-118.750691144281,47.7953968442497],[-118.743734143616,47.7893938444111],[-118.740926143627,47.7869458439363],[-118.723875123538,47.7726663833076],[-118.722836143973,47.7712228437199],[-118.722611144389,47.7709078444821],[-118.722284291187,47.7703279013722],[-118.72203272473,47.7695297125868],[-118.722017143976,47.7663718439461],[-118.72199014363,47.7649228436749],[-118.722026144391,47.7632848436812],[-118.720496143982,47.7628258440981],[-118.716212144275,47.7613228440347],[-118.714331143867,47.7606838442446],[-118.713080143734,47.7602878439695],[-118.712225143875,47.759990843763],[-118.71157714367,47.7598198439712],[-118.710200144021,47.7594688439726],[-118.709282143956,47.7592618443193]],[[-119.600219144198,47.2502128435071],[-119.59961614427,47.2508698432279],[-119.596160144075,47.2544788432831],[-119.580599144135,47.2710748432886],[-119.580167143998,47.2716328429405],[-119.579690143585,47.2726948433515],[-119.579420143725,47.2739008432085],[-119.579420143725,47.2754308427184],[-119.579888143723,47.2768528426438],[-119.579987143792,47.2771228434037],[-119.58045514379,47.2777618431937],[-119.580869143996,47.2783378427764],[-119.580869143996,47.2800748428389],[-119.580500144066,47.2808488434586],[-119.580383144067,47.2810108428353],[-119.580131144137,47.2813528433183],[-119.579987143792,47.2815328426258],[-119.577818143592,47.2845298432369],[-119.577683143662,47.2847098434437],[-119.573039144441,47.2910998431425],[-119.572976144234,47.2911898427962],[-119.566586143636,47.2999738431776],[-119.566496143982,47.3000908431771],[-119.565776144054,47.3011078433116],[-119.564417144336,47.3029708428893],[-119.563139143856,47.3047528432284],[-119.562437143859,47.3057248430863],[-119.561798144069,47.3066878434285],[-119.561204143656,47.3075248433561],[-119.560493144143,47.3082178429384],[-119.559854144353,47.3091268434883],[-119.558954144218,47.3106388430674],[-119.557901144222,47.3120788429236],[-119.557370144017,47.3127178427136],[-119.55680314395,47.3135458431255],[-119.556659143605,47.3136988429865],[-119.556452143951,47.3140048427086],[-119.556272143744,47.3142838429843],[-119.555993144368,47.3146798432595],[-119.555282143956,47.3156338431866],[-119.555183143887,47.3158768427014],[-119.554580143958,47.3165968426295],[-119.553833143685,47.3176048441476],[-119.553104144241,47.3186668436592],[-119.552393143829,47.319674844278],[-119.551691143831,47.3206738444817],[-119.550917144111,47.321672843786],[-119.550278144321,47.322662844474],[-119.549540143563,47.3236798437092],[-119.548901143773,47.3245798438441],[-119.54819014426,47.3255968439785],[-119.547614143778,47.3263618441831],[-119.547488144262,47.3265328439749],[-119.547317143571,47.3267578444583],[-119.547155144195,47.3270008439731],[-119.545733144269,47.3290078438962],[-119.545202144064,47.3297638436858],[-119.545004143926,47.3299708442384],[-119.544734144065,47.3302228441683],[-119.54432014386,47.3306908441665],[-119.543357144417,47.3317258442317],[-119.542889144418,47.3321128440918],[-119.542196143937,47.3326798441588],[-119.54126014394,47.3334538438791],[-119.540126143806,47.3343898438755],[-119.538929144364,47.3353798436642],[-119.537588143678,47.3364868443517],[-119.535959144099,47.3378278441391],[-119.533574143832,47.3398078437164],[-119.533097144318,47.3403208439912],[-119.52877714385,47.3439118441157],[-119.522477143805,47.3491588441647],[-119.522288144083,47.3493298439565],[-119.517428143894,47.3533528442178],[-119.516627143828,47.3540098439385],[-119.514611144389,47.3556838437937],[-119.514350144044,47.3559358437236],[-119.512199143775,47.3576908437169],[-119.498636144243,47.3690218437425],[-119.497259143695,47.3701648442916],[-119.494640144327,47.372378843868],[-119.492966143573,47.3738188437242],[-119.4917511442,47.3748628442044],[-119.491040143788,47.3754658441329],[-119.490302143929,47.3760418437156],[-119.48712514401,47.3786158437057],[-119.485424143809,47.3800018437695],[-119.484920143949,47.380370843699],[-119.484515144159,47.3806138441131],[-119.483075144302,47.3812798442489],[-119.480420144174,47.3824588437601],[-119.478503143905,47.3830168443114],[-119.473994143715,47.3841688443762],[-119.470205144352,47.385050843681],[-119.468819144288,47.3853838437489],[-119.459189143564,47.3875978442246],[-119.448569143951,47.3901358443532],[-119.447732144023,47.3903338444909],[-119.427932143753,47.3952568439877],[-119.425817144246,47.3959678444],[-119.422316143775,47.3976238443245],[-119.422109144122,47.3977228443933],[-119.4216861444,47.3979568443924],[-119.405423143563,47.4061738438074],[-119.405189143564,47.4061918437382],[-119.405090144395,47.4063088437377],[-119.404991144326,47.4064168442216],[-119.398997144003,47.4094228443483],[-119.39892514428,47.4095308439328],[-119.398322144351,47.4097558444162],[-119.395172143879,47.4113218437876],[-119.39236414389,47.4127168442665],[-119.389934144245,47.4137428439167],[-119.387486143771,47.4144988437062],[-119.385092143987,47.4151018436347],[-119.376506143743,47.4161638440458],[-119.376137143814,47.416298843976],[-119.375093144233,47.416298843976],[-119.374121144375,47.4164608442522],[-119.373095143826,47.4165688438367],[-119.3656341442,47.4173968442486],[-119.365166144202,47.4174598444559],[-119.362313143936,47.4178108444545],[-119.348858143988,47.4193228440336],[-119.337257144102,47.4206908441667],[-119.319824144169,47.4227338439513],[-119.30108614431,47.4248398439432],[-119.28295114438,47.426972844281],[-119.282627143828,47.4270268440732],[-119.278154144398,47.4275128440021],[-119.277371144263,47.4274858436564],[-119.277236144333,47.4274948440714],[-119.275220143994,47.4275128440021],[-119.273834143931,47.4274408442791],[-119.273636143793,47.4274138439334],[-119.271692144077,47.4272248442108],[-119.269802144154,47.4268378443507],[-119.267111144164,47.4261988436613],[-119.266535143682,47.4261808437305],[-119.265662143893,47.4258388441469],[-119.26468114362,47.4254698442175],[-119.264132144383,47.4254518442868],[-119.262926143627,47.4251368441496],[-119.262431144182,47.425010843735],[-119.260811144119,47.4249928438043],[-119.259101144402,47.4250828443574],[-119.258588144128,47.4251638444954],[-119.257013144341,47.4253978444945],[-119.256176144413,47.4255598438713],[-119.251127143603,47.42654984366],[-119.222201144267,47.4321928439842],[-119.219510144278,47.4324898441906],[-119.218358144213,47.4325258440521],[-119.216306144013,47.4325978437751],[-119.214353143882,47.4324898441906],[-119.211896143892,47.4320668444689],[-119.210636144243,47.4317608438475],[-119.205785143569,47.4306088437828],[-119.203580144408,47.4300868439923],[-119.170784143773,47.4220048445075],[-119.164979144072,47.4205738441672],[-119.162432144428,47.4199528443079],[-119.159858144438,47.4193228440336],[-119.1577251441,47.4189178442427],[-119.155124143764,47.4187288436208],[-119.134028143984,47.4184228438987],[-119.131976143784,47.4182518441069],[-119.130014144137,47.4177928436244],[-119.128439144351,47.4172348439725],[-119.126126143806,47.4159838438389],[-119.125262144432,47.4153628439796],[-119.124407143675,47.414534844467],[-119.123813144161,47.4137608438474],[-119.122121144375,47.4109618442732],[-119.120672144104,47.4090808438654],[-119.118251143975,47.406938844012],[-119.117072143565,47.4061828442224],[-119.116496143982,47.4059668441541],[-119.116424144259,47.4058678440853],[-119.114111143714,47.404679844159],[-119.112158143583,47.4039148439544],[-119.110070144422,47.4033478438874],[-119.106902144019,47.4028528444427],[-119.104238144375,47.4026188444437],[-119.101952144176,47.4026458438901],[-119.099567143909,47.4028078441662],[-119.081261144186,47.4057598445008],[-119.080622144396,47.4057778444316],[-119.074862144073,47.4066058439441],[-119.072135144221,47.4066238438749],[-119.070767144088,47.4065608436675],[-119.068427144097,47.4063088437377],[-119.065835144176,47.4056878438785],[-119.063891143561,47.4050128442269],[-119.062586143636,47.4044368437449],[-119.06002114406,47.4031048443726],[-119.058608143651,47.4021688443762],[-119.056961144141,47.4008008442431],[-119.055557144147,47.3993338440412],[-119.05140814437,47.3939878439234],[-119.051237143679,47.3939698439926],[-119.051237143679,47.3938078437165],[-119.047808143831,47.3895328444247],[-119.046503143905,47.3881198440151],[-119.045315143979,47.3871208438114],[-119.044334143706,47.3865178438829],[-119.043101144402,47.3858788440929],[-119.042930143711,47.3857168438168],[-119.042489144059,47.3856538445088],[-119.040851144065,47.3850328437503],[-119.032103144445,47.3823328442448],[-119.007839144261,47.3748718437201],[-119.001116143595,47.372801844489],[-119.00023414429,47.3724778439368],[-118.998893143604,47.3720548442152],[-118.985393144278,47.3677258442318],[-118.979354143679,47.3657998444467],[-118.978922144441,47.3656468436863],[-118.918721143566,47.3443438442524],[-118.915157143787,47.3430928441189],[-118.907453143748,47.3403298444062],[-118.87795114393,47.3297638436858],[-118.876106144283,47.3291608437573],[-118.872731144227,47.3275948443859],[-118.871993144368,47.3273068436952],[-118.866413144251,47.3238868442618],[-118.861661143647,47.3213488441332],[-118.860491143651,47.3208988440657],[-118.859681144069,47.3204938442748],[-118.858052143592,47.3199358437236],[-118.856180143599,47.3193688436566],[-118.854812144365,47.3189728442806],[-118.853165143956,47.318621844282],[-118.852814143958,47.3185138437982],[-118.849565144316,47.3181088440072],[-118.848053143838,47.3179558441462],[-118.847513144116,47.317982844492],[-118.847009144257,47.3179108438697],[-118.844210143783,47.3177308436628],[-118.831754144038,47.3169478426281],[-118.827587144331,47.3166958426983],[-118.825670144062,47.31649784346],[-118.821233143595,47.3162728429767],[-118.820477143805,47.3162278427001],[-118.819118144087,47.3161648433921],[-118.815689144239,47.3158858431165],[-118.814051144245,47.31584084284],[-118.810514143913,47.3156068428408],[-118.808435144266,47.3153818432568],[-118.795097144318,47.3145988431214],[-118.787672143654,47.3141038427774],[-118.784009143807,47.3138878427091],[-118.779572144239,47.313590843402],[-118.777862143623,47.3133658429186],[-118.775369143771,47.3133208426421],[-118.767782143731,47.3128798429896],[-118.765730144431,47.3127628429901],[-118.760420144174,47.3129698426434],[-118.758134143976,47.3131588432653],[-118.755992144122,47.3134198427109],[-118.755110143918,47.3134468430566],[-118.752293144413,47.3139868427779],[-118.751105143587,47.3143288432608],[-118.750376144144,47.3145088434676],[-118.749017144426,47.3148328431205],[-118.748378143736,47.3151298433269],[-118.746875143673,47.3156068428408],[-118.74602914423,47.316002843116],[-118.745291144371,47.3162278427001],[-118.742933144449,47.3170828443571],[-118.742474143967,47.3173978444943],[-118.740962144387,47.3177938438701],[-118.739450143909,47.3184238441444],[-118.732826144211,47.3208538437892],[-118.722656143766,47.3246428440513],[-118.720127144052,47.3255158438405],[-118.718993143918,47.3260198437001],[-118.718057143922,47.3262448441835],[-118.716572143789,47.3268748444579],[-118.714817143796,47.3274328441098],[-118.71479014435,47.3274508440405],[-118.714205144352,47.3276938444547],[-118.712027143738,47.3283238438297],[-118.711262144432,47.3286568438975],[-118.70979514423,47.3290618436885],[-118.709336143748,47.329178843688],[-118.708922144441,47.3293768438256],[-118.708733143819,47.3294578439637],[-118.707329143825,47.3298358443081],[-118.701083143572,47.3319148439542],[-118.69909414358,47.3326798441588],[-118.698689143789,47.3327608442969],[-118.697915144069,47.3329228436736],[-118.696601143728,47.3332018439493],[-118.695953144422,47.3332468442258],[-118.695701143593,47.3332738436723],[-118.695188144217,47.3334538438791],[-118.693613144431,47.3334538438791],[-118.692173143676,47.3333908436719],[-118.69061614382,47.3334088445019]],[[-119.957069144625,46.9310368429343],[-119.958374144551,46.9321798434834],[-119.959004144825,46.9334938429248],[-119.959571144892,46.9363198428448],[-119.959670144961,46.9371388428417],[-119.960012145444,46.9386868431817],[-119.960633145303,46.9436278435086],[-119.960813144611,46.9438528430926],[-119.96120014537,46.9441768427454],[-119.961506145092,46.9443388430216],[-119.961983144606,46.9445278427441],[-119.96246014502,46.9445998433665],[-119.962955145364,46.9445908429514],[-119.963432144878,46.9444738429519],[-119.962082144675,46.945202843295],[-119.961110144817,46.9458868433615],[-119.960678144681,46.9463728432904],[-119.960579144612,46.9468948430809],[-119.960507144889,46.9472818429411],[-119.960597145442,46.9480198427999],[-119.961029144679,46.9490368429344],[-119.961740145092,46.9502518432064],[-119.961920145298,46.9505398429978],[-119.962163144813,46.9511248429955],[-119.962622145296,46.9526008427131],[-119.962793145088,46.9541218427073],[-119.962865144811,46.9554268426331],[-119.962793145088,46.9565698431821],[-119.963000144741,46.958036843384],[-119.963567144808,46.9592788431025],[-119.964287144736,46.9604218427523],[-119.964773144665,46.9610698429573],[-119.966024144798,46.9626268428129],[-119.966555145004,46.9633018433638],[-119.967140145002,46.9643188434983],[-119.967626144931,46.9658668429389],[-119.967797144722,46.9674238427945],[-119.967833144584,46.9688278427892],[-119.96786014493,46.9697818427163],[-119.967815144653,46.9718068434695],[-119.967779144792,46.9741108426997],[-119.967599144585,46.9827238432892],[-119.967599144585,46.9827598431507],[-119.968076144998,46.9846768434201],[-119.97018214499,46.9914358430482],[-119.970713145195,46.9925788426979],[-119.970740144642,46.9925968426287],[-119.970911145333,46.9927678433198],[-119.971181145194,46.9933258429717],[-119.972414145396,46.99508984338],[-119.974466144697,46.998473842952],[-119.974592145111,46.9988788427429],[-119.974628144973,46.9998508435001],[-119.973818145391,47.0019748434228],[-119.972882145395,47.0032708429336],[-119.972081145329,47.0039998432767],[-119.971181145194,47.0046388430667],[-119.968679144927,47.0056018434089],[-119.958923144687,47.0074828429174],[-119.957564144969,47.0078698427776],[-119.95682614511,47.0081668429839],[-119.955494144839,47.008895843327],[-119.954900145325,47.0093008431179],[-119.954207144844,47.0098768427006],[-119.953685145053,47.0103718430447],[-119.95270414478,47.0115328426251],[-119.950292145066,47.0143678429601],[-119.947214145217,47.0179858434305],[-119.943524145023,47.0221708430685],[-119.941571144892,47.0244838427138],[-119.940266144967,47.0257708427088],[-119.939564144969,47.0265088434669],[-119.933822144576,47.030693843105],[-119.922914145172,47.0385688429364],[-119.922770144826,47.0386678430052],[-119.922617144965,47.0387488431432],[-119.91875614498,47.0415388432017],[-119.918612144635,47.0416288428554],[-119.918432145327,47.0417728432008],[-119.902790145249,47.0529328434346],[-119.896958145202,47.0571088426576],[-119.876771145072,47.0714278428793],[-119.875790144799,47.0720398432229],[-119.875079145286,47.0726248432206],[-119.873585144739,47.0738758433542],[-119.864189144913,47.0829028432504],[-119.863388144847,47.0836768429706],[-119.862191145405,47.0845408432441],[-119.861417144785,47.0850448431038]],[[-119.963432144878,46.9444738429519],[-119.964683145011,46.9441678432298],[-119.966159144729,46.9437988433003],[-119.973503145254,46.9420258433763],[-119.973620145253,46.9419988430306],[-119.977922144891,46.9410178427576],[-119.979605145161,46.9407298429662],[-119.981216144809,46.9404688426214],[-119.982233144944,46.9403608430368],[-119.984789145003,46.9400818427612],[-119.98831714492,46.9399648427617],[-119.989892144707,46.9399378433152],[-119.990801145257,46.9399918431074],[-119.99089114491,46.9399828426924],[-119.99126014484,46.9400098430382],[-119.994662145242,46.9402978428295],[-120.001151145009,46.9409728433804],[-120.001160145424,46.9409638429654],[-120.004175145067,46.9411168428264],[-120.005669144715,46.9410448431034],[-120.006776145403,46.940828843035],[-120.008900145325,46.9400548433147],[-120.011177145109,46.9388668433885],[-120.011321144555,46.9388128426969],[-120.013409144616,46.9381108426996],[-120.014633145303,46.9378678431848],[-120.016838145364,46.9375888429091],[-120.018683145011,46.9376248427706],[-120.021311144793,46.9379128434613],[-120.024335144851,46.9385248429055],[-120.025154144848,46.9385968426286],[-120.027053145186,46.938569843182],[-120.029006145317,46.9383898429753],[-120.031580145307,46.9378588427697],[-120.033578144816,46.937273842772],[-120.035792145291,46.9369588426349],[-120.043163145263,46.9363198428448],[-120.044567145258,46.9363648431214],[-120.047087144556,46.9367968432581],[-120.048869144895,46.9372648432563],[-120.049562145377,46.9374358430481],[-120.050894144749,46.9378768427005],[-120.053828145153,46.9385788426978],[-120.05646514535,46.9390378431803],[-120.061829145399,46.9398658426928],[-120.063872145183,46.9402438430373],[-120.06533014497,46.9403878433826],[-120.069938145229,46.9404508426906],[-120.07868614485,46.9407838427585],[-120.079181145194,46.9408018426893],[-120.080882145395,46.9410178427576],[-120.082178144905,46.9415848428246],[-120.082385144559,46.9416928433084],[-120.085112145309,46.9429888428192],[-120.087551145369,46.9440328432995],[-120.087938145229,46.944140842884],[-120.091655144869,46.9451308426726],[-120.092879144657,46.9453198432945],[-120.097262145332,46.9452208432257],[-120.105767145437,46.9445818434357],[-120.107225145224,46.9443478434366],[-120.109367145078,46.9437988433003],[-120.115496145331,46.9417558426164],[-120.119600144831,46.9404868434514],[-120.126170144736,46.9387948427661],[-120.127871144937,46.9384438427675],[-120.128870145141,46.9383988433903],[-120.132173144575,46.9390918429725],[-120.135971145252,46.940099842692],[-120.141011144749,46.9413058434483],[-120.146294144659,46.9428178430274],[-120.147005145071,46.9430248426807],[-120.150335144851,46.9436368430243],[-120.152486145119,46.9438978433692],[-120.156167144898,46.9440328432995],[-120.157256144755,46.9440778426767],[-120.159479144747,46.9442668432985],[-120.161657145361,46.944293842745],[-120.169991144775,46.9432048428876],[-120.171791145045,46.9430608434415],[-120.179162145017,46.9428268434425],[-120.180629145219,46.9428988431654],[-120.182573144935,46.9431688430261],[-120.186398145058,46.9440598427459],[-120.19030414532,46.9445638435049],[-120.191636144692,46.944860842812],[-120.194012145444,46.944716843366],[-120.195605145161,46.9444738429518],[-120.197513145016,46.9439878430229],[-120.199313145285,46.9434028430251],[-120.201383145416,46.9425118433053],[-120.202256145205,46.9422598433754],[-120.203372145408,46.9420618432378],[-120.20367814513,46.9420078434456],[-120.20675614498,46.9419628431691],[-120.209519144693,46.9421338429608],[-120.218294144659,46.9425298432361],[-120.218609144796,46.9425568426825],[-120.233504144601,46.9434118434402],[-120.235277145424,46.9435288434397],[-120.23696914521,46.9434838431632],[-120.238274145136,46.9436908428165],[-120.24120814464,46.9447078429509],[-120.243539145115,46.945283843433],[-120.245609145246,46.9460398432226],[-120.246779145241,46.9466248432203],[-120.251171145432,46.9480288432149],[-120.255464144655,46.9493698430023],[-120.256193144998,46.9495498432091],[-120.260927144772,46.9498558429312],[-120.264329145174,46.950026842723],[-120.26963914543,46.9503238429294],[-120.269909145291,46.9503328433445],[-120.276272144644,46.9505668433435],[-120.280412144905,46.9514668434784],[-120.287216144809,46.9520068431997],[-120.289655144869,46.952375843129],[-120.291491145,46.9528078432657],[-120.298214144767,46.9552108434641],[-120.298430144835,46.9553008431178],[-120.298835144626,46.9553818432558],[-120.300293145312,46.9556608426322],[-120.302327144682,46.9558768427005],[-120.303155145094,46.9559038430463],[-120.303551145369,46.9559218429771],[-120.30370414523,46.9559218429771],[-120.304766144742,46.9559668432536],[-120.305927145222,46.9560118426308],[-120.306098145013,46.9560298434609],[-120.306521144735,46.9560838432531],[-120.308024144798,46.9562818433908],[-120.309329144724,46.9565608427671],[-120.312137144713,46.9573978426947],[-120.313334145055,46.9576228431781],[-120.319580145307,46.958513842898],[-120.326051145144,46.9603948433058],[-120.327419145277,46.9608988431655],[-120.328319145412,46.9614208429559],[-120.328652144581,46.9616458434393],[-120.331019144918,46.963274843018],[-120.341936144737,46.9676668432087],[-120.350486145119,46.9709698426426],[-120.351494144839,46.9712668428489],[-120.353321144555,46.9716268432627],[-120.355607144754,46.9717798431237],[-120.35720014537,46.9716808430549],[-120.359171145432,46.9716718426399],[-120.361430145285,46.9716538427091],[-120.361709144661,46.9716268432627],[-120.363896144791,46.9715098432631],[-120.379799145214,46.9722298431912],[-120.381590145069,46.9726168430513],[-120.389276145178,46.9723738426372],[-120.389807145383,46.9723648431215],[-120.394658145157,46.9721578434681],[-120.402029145129,46.9717168429164],[-120.409940144822,46.9715368427096],[-120.410705145026,46.9714918433324],[-120.411974145091,46.9714918433324],[-120.413333144809,46.9714738434016],[-120.414638144735,46.9714558434708],[-120.417707145069,46.9714738434016],[-120.41811214486,46.9714558434709],[-120.423692144976,46.9715188427788],[-120.430874145226,46.9716088433319],[-120.43510414514,46.9716628431242],[-120.44230414532,46.9713388434713],[-120.448514144812,46.9710598431957],[-120.457631145261,46.9706548434047],[-120.466955145364,46.9704748431979],[-120.471752145345,46.9704028434749],[-120.473057145271,46.9705108430594],[-120.476666145326,46.9708078432658],[-120.47869114518,46.9709878434726],[-120.484586145434,46.9709698426426],[-120.488051145144,46.9709428431961],[-120.490598144789,46.9709338427811],[-120.494729144634,46.9709158428503],[-120.496781144834,46.9709068433346],[-120.49822114469,46.9708888434038],[-120.499571144892,46.970852842643],[-120.499715145238,46.9708348427123],[-120.503972144599,46.9706638429205],[-120.509165144856,46.9705288429902],[-120.510884144987,46.9704658427829],[-120.5096601452,46.9678198430697],[-120.508985144649,46.9664338430059],[-120.508139145205,46.9646968429434],[-120.507950144583,46.9642918431525],[-120.507563144723,46.963202843295],[-120.507113144656,46.9619068428849],[-120.506996144656,46.9592248433103],[-120.506978144726,46.9589188426888],[-120.507185145278,46.9580368433841],[-120.507599144585,46.9566508433202],[-120.507959144998,46.9550848430495],[-120.507653145276,46.9421878427531],[-120.507491145,46.9396588430395],[-120.507077144794,46.9376428427014],[-120.506393144728,46.9363648431214],[-120.50220814509,46.9306228427284],[-120.50118214544,46.9293628430791],[-120.500237145028,46.9282288429451],[-120.4996341451,46.9274818426713],[-120.499112145309,46.9269598428808],[-120.498536144827,46.9264108427445],[-120.498410145312,46.926293842745],[-120.495737145253,46.9239178428924],[-120.495674145046,46.9236028427553],[-120.495071145117,46.9230448431034],[-120.490328144928,46.9211638426955],[-120.487061145356,46.919282843187],[-120.485288145432,46.9176358427782],[-120.483866144607,46.9165738432666],[-120.482714145441,46.9159258430615],[-120.481022144756,46.9152688433408],[-120.470951145279,46.9115698427324],[-120.466226145021,46.9090408430188],[-120.459098144564,46.9052338428259],[-120.456209145336,46.9036948429009],[-120.455057145271,46.9030738430417],[-120.453752145345,46.9022008432526],[-120.45221314542,46.9009768434648],[-120.450656144665,46.8993298430561],[-120.448280144813,46.897061842788],[-120.446237145028,46.8954598426559],[-120.443510145177,46.8941368427993],[-120.440837145118,46.8931648429414],[-120.437606145407,46.8925168427364],[-120.433052144941,46.8907348432966],[-120.430910145087,46.889816843231],[-120.429605145161,46.8891598426109],[-120.428885145233,46.8885928434432],[-120.427211145378,46.887143843172],[-120.426482145035,46.8860278429688],[-120.4255821449,46.8844708431131],[-120.42469114518,46.882535842913],[-120.423944144906,46.8809068433344],[-120.423386145254,46.8787918429274],[-120.422090144844,46.8756598432854],[-120.421550145123,46.8748588432192],[-120.418283144651,46.8720868430915],[-120.416393144728,46.8709708428883],[-120.414458145427,46.8700078434454],[-120.407267144763,46.8669658434571],[-120.399797144722,46.8628528426428],[-120.398051145144,46.8615658426477],[-120.397475144662,46.8611248429953],[-120.396377145289,46.8596488432777],[-120.3957381446,46.8582988430753],[-120.39523414474,46.8570748432876],[-120.39523414474,46.8570208434953],[-120.394190145159,46.8540688431607],[-120.3934521453,46.8522598433752],[-120.392093144683,46.8508828428271],[-120.390545145242,46.8496588430394],[-120.388817144695,46.8487768428352],[-120.38662114505,46.8478408428388],[-120.384011145198,46.8470938434643],[-120.382076144998,46.8465088434665],[-120.381671145207,46.8463018429139],[-120.381329144724,46.8462298431909],[-120.378971144802,46.845410843194],[-120.377873145429,46.8449068433343],[-120.377414144947,46.8446728433352],[-120.376172145228,46.8440158427151],[-120.37520014537,46.8431248429952],[-120.375074144956,46.8428278427889],[-120.374471145027,46.8422068429296],[-120.368972145048,46.8332338428257],[-120.367352144985,46.8304798426288],[-120.365390145339,46.8272308429871],[-120.362726144796,46.8242788426525],[-120.360584144942,46.8219208427308],[-120.36002614529,46.8213088432866],[-120.358973145294,46.8201658427375],[-120.357002145233,46.8180238428841],[-120.355274144686,46.8159178428922],[-120.354734144965,46.8148288430348],[-120.354437144758,46.8138748431076],[-120.354401144897,46.812956843042],[-120.354824144619,46.811903843046],[-120.35576914503,46.8107158431197],[-120.360224145428,46.8062608427218],[-120.361016145079,46.8054778434858],[-120.361916145214,46.8044788432821],[-120.362708144865,46.8028048434269],[-120.362681145418,46.8015088430168],[-120.36260014528,46.8012388431561],[-120.362456144935,46.8007438428121],[-120.362357144866,46.800428842675],[-120.361907144799,46.7995918427474],[-120.361106144733,46.798583843028],[-120.360377145289,46.7974678428247],[-120.360152144806,46.7971168428261],[-120.359855144599,46.7967568433117],[-120.35948614467,46.7957758430388],[-120.359378145085,46.7941018431835],[-120.359585144739,46.7934628433935],[-120.360179145151,46.7926618433275],[-120.360458145427,46.7924638431898],[-120.361340144732,46.7917978430541],[-120.365498144923,46.7894218432015],[-120.368414145396,46.7876668432083],[-120.37015114456,46.7862178429371],[-120.372482145035,46.7836978427393],[-120.373877144614,46.7820058429533],[-120.374471145027,46.7811598426107],[-120.37531714537,46.779521842617],[-120.376073145159,46.7768848433189],[-120.376919144603,46.7735908434007],[-120.377729145084,46.7707468426507],[-120.378062145152,46.769765843277],[-120.378791144596,46.7673898434245],[-120.380429144589,46.7612158428948],[-120.380996144656,46.7600818427608],[-120.381626144931,46.7592808426947],[-120.383660145199,46.7574178431169],[-120.384281145059,46.7568418426349],[-120.386792144842,46.7545468429204],[-120.388277144974,46.7532238430639],[-120.389105145386,46.751837843],[-120.389915144968,46.7500378427302],[-120.390383144966,46.7479948429456],[-120.390491144551,46.747238843156],[-120.390383144966,46.7461408428835],[-120.389762145107,46.7441248434447],[-120.38869114518,46.7417578431079],[-120.387494144839,46.7393818432554],[-120.386351145189,46.7374468430553],[-120.385838144914,46.7365918431969],[-120.38557714457,46.7357908431308],[-120.385235144986,46.7338918427922],[-120.385334145055,46.7328388427962],[-120.385712145399,46.7315608432163],[-120.386738145049,46.7300578431528],[-120.387737145253,46.7289238430188],[-120.389429145039,46.7274118434397],[-120.390302144828,46.7269258426114],[-120.391490144754,46.7264578426132],[-120.393650145438,46.7258818430305],[-120.395279145017,46.7255308430319],[-120.396935144941,46.7253418433093],[-120.400328144928,46.7253058434478],[-120.402029145129,46.725125843241],[-120.40332514464,46.7248018426888],[-120.403487144916,46.7247658428273],[-120.404351145189,46.7244328427594],[-120.405152145255,46.7239378433147],[-120.405818145391,46.7232808426946],[-120.407411145108,46.7216068428394],[-120.410975144887,46.7160808434141],[-120.411803145299,46.7152348430715],[-120.412604145365,46.7146948433502],[-120.413324145293,46.714370842798],[-120.415160145424,46.7138938432841],[-120.416654145073,46.7136778432158],[-120.42287314498,46.7132998428713],[-120.425618144762,46.7131378434945],[-120.427913145375,46.7128408432882],[-120.428984145302,46.7126338427355],[-120.429794144884,46.7123818428057],[-120.431171145432,46.7119228432225],[-120.432872144734,46.7110588429492],[-120.434429144589,46.7100328432989],[-120.436166144652,46.7086018429586],[-120.437561145131,46.7070178427571],[-120.438263145128,46.7058658426923],[-120.440324144843,46.7009608431263],[-120.440738145049,46.7001508426452],[-120.442124145113,46.6973248427252],[-120.443393145177,46.6960558426609],[-120.443789144553,46.6956148430085],[-120.444824144619,46.6951108431487],[-120.445607144754,46.6948408432882],[-120.446606144958,46.6944448430129],[-120.453266145416,46.6917178431618],[-120.456110145267,46.6905118433047],[-120.456236144782,46.6904758434433],[-120.457802145053,46.6896748433772],[-120.461519144693,46.6878298428308],[-120.462617144965,46.6873528433169],[-120.466784144672,46.6856068428394],[-120.475991144776,46.6810798427184],[-120.477107144979,46.6804948427206],[-120.477755145184,46.6801708430678],[-120.479132144833,46.679432843209],[-120.480140144552,46.6787938434189],[-120.481418145031,46.677803842731],[-120.482075144752,46.6772098432175],[-120.482651145234,46.6765798429432],[-120.483533145438,46.6756978427391],[-120.484469145435,46.6747348432962],[-120.485054145432,46.6739608426765],[-120.494936145187,46.6613968433474],[-120.49551214477,46.6606228427278],[-120.49578214463,46.6602988430749],[-120.496133144629,46.6598038427309],[-120.49642114532,46.6592728434248],[-120.496682144765,46.6585798429432],[-120.496898144833,46.6580398432219],[-120.497213144971,46.6563928428132],[-120.497429145039,46.6548898427498],[-120.497663145038,46.6535308430318],[-120.497861145176,46.6523248431747],[-120.49822114469,46.6513528433168],[-120.498761145311,46.6504978434585],[-120.499139144756,46.6501018431832],[-120.499661145445,46.6495798433928],[-120.500381145374,46.6490488431873],[-120.50116414461,46.6484098433973],[-120.501758145022,46.6480408434679],[-120.502136145367,46.647851842846],[-120.503855144599,46.6470598431949],[-120.505592144662,46.6465018426437],[-120.507023145002,46.6460338426455],[-120.50811214486,46.6456918430619],[-120.509462145062,46.6449718431338],[-120.51120814464,46.6440988433447],[-120.51287314498,46.6430188430029],[-120.513485145323,46.6427128432808],[-120.515357145316,46.6416058434926],[-120.517508144685,46.6405438430816],[-120.51916414461,46.6397968428078],[-120.520667144673,46.6391848433636],[-120.521594145154,46.6387258428811],[-120.522197145082,46.6383928428132],[-120.522683145011,46.6381138434369],[-120.523205144802,46.6377358430924],[-120.523502145008,46.6374658432318],[-120.523736145007,46.6370968433024],[-120.523826144661,46.6367368428887],[-120.523862145422,46.6362598433748],[-120.523907144799,46.6359088433762],[-120.523862145422,46.6355668428932],[-120.523754144938,46.6353238433784],[-120.523466145146,46.6350358426877],[-120.523097145217,46.6348288430344],[-120.522836144872,46.6346668427583],[-120.520784144673,46.6334878432471],[-120.52047814495,46.6333528433168],[-120.517913145375,46.63162484277],[-120.517481145239,46.6313548429094],[-120.517283145101,46.6312738427713],[-120.516986144895,46.6311478432561],[-120.516131145036,46.6305808431891],[-120.515483144831,46.6301488430523],[-120.515267144763,46.6300408434679],[-120.514880144903,46.629851842846],[-120.512783145326,46.6285468429202],[-120.509381144924,46.626944842788],[-120.508103145344,46.6263598427902],[-120.507662144792,46.6261438427219],[-120.505079145286,46.6249558427956],[-120.504764145149,46.6248028429345],[-120.504080145083,46.6244608433509],[-120.502586145434,46.6238578434224],[-120.497789144553,46.6213198432938],[-120.497285144694,46.6210588429489],[-120.492695145265,46.6167838427578],[-120.49179514513,46.6150918429719],[-120.488888145072,46.609592842993],[-120.48883414528,46.6094938429242],[-120.488069145075,46.608044842653],[-120.4875561448,46.6074238427937],[-120.487475144662,46.6073518430708],[-120.486512145219,46.6061368427987],[-120.485720144669,46.6051558434251],[-120.483974145091,46.6029418429493],[-120.483416145439,46.6023568429516],[-120.482777144749,46.6016548429543],[-120.482561144681,46.6013668431629],[-120.481274144686,46.5995488429624],[-120.481238144824,46.5995128431009],[-120.480077145244,46.5982078431751],[-120.479573145384,46.5976498426238],[-120.475874144776,46.5927448430577],[-120.47456914485,46.5894508431395],[-120.474272144644,46.5887938434188],[-120.473984144852,46.5881548427294],[-120.472877145064,46.5850498434332]],[[-119.36200168443,46.2442027895841],[-119.35911167976,46.2444080220696],[-119.356675994601,46.2445984661034],[-119.352186626612,46.2449494867864],[-119.344750810701,46.2459310149614],[-119.340170348583,46.2464366497886],[-119.333894519616,46.2467638258469],[-119.328659705381,46.2471207451833],[-119.324495649155,46.2479238136901],[-119.317862901751,46.2501545577437],[-119.313452144401,46.2515008428467],[-119.309267098897,46.252801708589],[-119.305965596835,46.2539616955329],[-119.304002541384,46.2545565610935],[-119.301266160705,46.2554488585351],[-119.298856956983,46.2562221837639],[-119.29662621203,46.2569360215373],[-119.294187264131,46.257739090044],[-119.292491898182,46.2581554959364],[-119.291450884351,46.2583636988827],[-119.290261154129,46.2586016442076],[-119.288655018015,46.2587801038758],[-119.286216070116,46.2588693337098],[-119.28371763566,46.258988306822],[-119.281873554221,46.258988306822],[-119.27961306599,46.2589288202659],[-119.275865414757,46.2588395904318],[-119.272236736636,46.2588395904318],[-119.269470613578,46.2587801038758],[-119.266645003064,46.2586908740416],[-119.264949637116,46.2587801038758],[-119.263366711604,46.2587015184174],[-119.262385711331,46.2586205182794],[-119.259506619935,46.2587503605978],[-119.25775176743,46.2587801038757],[-119.255967171648,46.2588693337098],[-119.253736427594,46.2592262530462],[-119.251713885587,46.2597913753288],[-119.249959033083,46.2604457265461],[-119.248709816305,46.2611000786628],[-119.247163166747,46.2619031471696],[-119.243579698444,46.2640470409952],[-119.241409629851,46.2653033965916],[-119.239182454307,46.2665597521879],[-119.235442512962,46.2688074862336],[-119.232073195721,46.2706349122285],[-119.229903127128,46.2720625886747],[-119.228304129832,46.2729191947222],[-119.226607370833,46.2739535724565],[-119.224763491742,46.2745752998673],[-119.223450029195,46.275032156366],[-119.221965245799,46.2753176911157],[-119.220880211053,46.2754890128647],[-119.218995678108,46.2756603337145],[-119.217619111932,46.2757177266488],[-119.216269957992,46.275667757618],[-119.215163508589,46.2755892351122],[-119.213930144161,46.2754408433773],[-119.212904143611,46.2752518427554],[-119.21197714403,46.2750268431714],[-119.211491144101,46.2748828428261],[-119.186156143991,46.2670078429946],[-119.182295144006,46.2659548429987],[-119.181107144079,46.2655858430693],[-119.178695144365,46.2648478432105],[-119.159696144162,46.2590518430252],[-119.158931143957,46.2588178430261],[-119.158850143819,46.2587908426803],[-119.154782144181,46.2574858427545],[-119.154206143699,46.257296843032],[-119.153927144322,46.2572158428939],[-119.149967144268,46.2560818427599],[-119.149472143924,46.2559198433832],[-119.148635143997,46.255676842969],[-119.143658143808,46.2541918428364],[-119.138186144175,46.2526618433265],[-119.137466144247,46.2523918434658],[-119.136953143972,46.251869842776],[-119.131778143646,46.250015842714],[-119.129834143931,46.2490618427869],[-119.129366143932,46.2489808426488],[-119.12749414394,46.2489268428566],[-119.126108143876,46.2487648434798],[-119.125118144087,46.2487648434798],[-119.119916144315,46.2487648434798],[-119.117117143841,46.248665843411],[-119.113418144132,46.2485668433422],[-119.111834143931,46.2485398429964],[-119.106830144296,46.2484948427199],[-119.104220144444,46.2484678432734],[-119.1019071439,46.2485308434807],[-119.101214144317,46.2485668433422],[-119.099819143838,46.2487648434798],[-119.095958143853,46.2495208432694],[-119.095814144407,46.2495658426466],[-119.094815144203,46.2497188434069],[-119.092952143726,46.250015842714],[-119.092115143799,46.2501598430594],[-119.089820144084,46.2504658427815],[-119.086121144375,46.2503668427127],[-119.083322143902,46.2503668427127],[-119.082314144182,46.2503668427127]],[[-121.156004146174,45.6486988416346],[-121.1554911459,45.6488338424642],[-121.155338146039,45.6488788418415],[-121.147391145585,45.6499048423909],[-121.146500145865,45.6499498417682],[-121.14521314587,45.6500038424597],[-121.143251146223,45.6499678416989],[-121.137194145693,45.6499228423217],[-121.132010145851,45.6499228423217],[-121.131704146129,45.6498958419759],[-121.129571145792,45.6496978418383],[-121.127654146422,45.6493828417012],[-121.125260145739,45.648995841841],[-121.123478146299,45.6487348423954],[-121.121516145754,45.6485368422578],[-121.120319146312,45.6484198422583],[-121.118033146113,45.6484738420505],[-121.116755145633,45.6486178423959],[-121.116305145566,45.6486808417038],[-121.115621146399,45.6488068421185],[-121.114487146265,45.6490408421175],[-121.113434146269,45.6491128418405],[-121.110734145864,45.6486988416346],[-121.108061145805,45.6485188423271],[-121.105982146159,45.6483838423968],[-121.105550146022,45.6484108418433],[-121.105289145677,45.648428841774],[-121.104605145611,45.6484558421198],[-121.103624146237,45.6486178423959],[-121.103435145615,45.6486628417731],[-121.10303914624,45.6488068421185],[-121.10240014645,45.649076841979],[-121.099070145771,45.6507148419727],[-121.098674146395,45.6509308420411],[-121.09673014578,45.651974841622],[-121.093391145585,45.6537388420303],[-121.091915145867,45.6545308416814],[-121.090205146151,45.6552778419552],[-121.086326146235,45.6567988419494],[-121.085660146099,45.6569608422255],[-121.085381145823,45.6570328419485],[-121.082618146111,45.6580858419444],[-121.081637145838,45.6582928424971],[-121.080431145981,45.6583288423586],[-121.079027145986,45.658130842221],[-121.076264146273,45.6575638421539],[-121.07476114621,45.6576268423613],[-121.071728145737,45.6580408416679],[-121.064384146111,45.659327841663],[-121.059353146131,45.6602188422821],[-121.057967146067,45.660470842212],[-121.045952145975,45.6625858417196],[-121.044980146117,45.6628378416494],[-121.043765145845,45.6631618422017],[-121.042388146196,45.6636388417156],[-121.041065146339,45.6638908416455],[-121.036979145871,45.664088841783],[-121.029365146384,45.6653758417781],[-121.028051146044,45.6654928417776],[-121.027403145838,45.6655558419849],[-121.025153146401,45.6656188421922],[-121.024739146195,45.6655918418464],[-121.022156145789,45.6654298424697],[-121.018520146288,45.665078842471],[-121.018403146288,45.6650698420559],[-121.018124146012,45.6650338421944],[-121.015955145813,45.6646918417115],[-121.015370145816,45.6646108424728],[-121.014983145955,45.6645658421962],[-121.013966145821,45.6645028419889],[-121.013219146446,45.6644488421967],[-121.009097146116,45.6644218418509],[-121.008854145702,45.6644218418509],[-121.00790914619,45.6643858419894],[-121.005011145648,45.6636928424071],[-121.001186146423,45.6629818419948],[-120.997811146367,45.6628738424103],[-120.996110146166,45.6629188417875],[-120.9954261461,45.6630268422713],[-120.99285214611,45.6640798422673],[-120.992060145559,45.6642508420591],[-120.991835145975,45.6642868419206],[-120.990638145634,45.6642148421976],[-120.984779146141,45.6639898417142],[-120.98398714559,45.6639628422677],[-120.982781145733,45.6639088424755],[-120.973619145907,45.6635398416468],[-120.968093145582,45.6633508419242],[-120.967490145654,45.6633238424777],[-120.966320145658,45.6632878417169],[-120.966176146212,45.6632878417169],[-120.964403146288,45.6632878417169],[-120.961919145952,45.6630718416486],[-120.961199146024,45.6631258423401],[-120.96045214575,45.6633868417857],[-120.959993146167,45.6633598423392],[-120.958202146312,45.6630178418563],[-120.955169145839,45.6628648419952],[-120.953927146121,45.6629458421333],[-120.95311714564,45.6631618422017],[-120.952640146126,45.6633958422007],[-120.951290145923,45.6640708418523],[-120.948491146349,45.6650608416409],[-120.947564145869,45.6655738419157],[-120.946601146426,45.6661048421211],[-120.943523145677,45.6668338424642],[-120.942488145611,45.6668158416342],[-120.94067014631,45.6666178423959],[-120.940526145965,45.6665548421886],[-120.940499145619,45.6665188423271],[-120.939527145761,45.6664018423275],[-120.937862146321,45.665789841984],[-120.937628146322,45.6656548420537],[-120.936791146394,45.665150842194],[-120.935837145568,45.6648538419876],[-120.934829145848,45.6648988422641],[-120.932093145582,45.6657358421918],[-120.931769145929,45.6657268417767],[-120.930824146417,45.6656998423303],[-120.929870145591,45.6654118416395],[-120.928898145733,45.6649798424022],[-120.928088146151,45.6643678420587],[-120.927791145945,45.6639988421292],[-120.927593145807,45.6637828420609],[-120.927665146429,45.6631978420632],[-120.927953146221,45.662396841997],[-120.927863145668,45.6614158417241],[-120.9275301456,45.6610648417254],[-120.926099146159,45.66055184235],[-120.924596146095,45.6606328424881],[-120.89656114558,45.6659338423293],[-120.896057145721,45.6660688422597],[-120.894437145658,45.6664918419813],[-120.891926145875,45.6677878423914],[-120.886859146033,45.670388841828],[-120.886526145965,45.6705688420348],[-120.885662145691,45.671027841618],[-120.883529146253,45.6721348423055],[-120.877220145793,45.6754108422929],[-120.876176146212,45.6757348419458],[-120.872612146433,45.676697842288],[-120.870299145889,45.6773188421472],[-120.868508146034,45.6779308424908],[-120.865628146322,45.6791008424863],[-120.855773146014,45.6830968424017],[-120.839339146285,45.6897748418918],[-120.838763145802,45.6899998423752],[-120.838592146011,45.6900718420982],[-120.834605145611,45.6917728422993],[-120.831284146246,45.6931948422246],[-120.827432145777,45.694778842426],[-120.827207146193,45.6948778424949],[-120.823778146344,45.6962098418671],[-120.823517145999,45.696317842351],[-120.822860146279,45.6964258419355],[-120.820871146286,45.6972088420708],[-120.819602146222,45.6975778420002],[-120.818927145671,45.697667841654],[-120.817559146437,45.6977848416535],[-120.816380146027,45.6978838417223],[-120.815498145823,45.6978478418608],[-120.813680145622,45.6979288419989],[-120.811970145905,45.6981988418595],[-120.796454146242,45.702347841636],[-120.795230145555,45.7030138417718],[-120.793214146116,45.7042558423896],[-120.792908146394,45.704462842043],[-120.792701145841,45.704615841904],[-120.786932146002,45.7078198421684],[-120.784772146218,45.7087018423725],[-120.783386145254,45.7090978417484],[-120.782774144911,45.7091788418865],[-120.780938144779,45.7092688424395],[-120.772334144605,45.709709842092],[-120.765224144978,45.7106368416733],[-120.761840145406,45.7110958421558],[-120.760283144651,45.7114198418086],[-120.75833014542,45.7118788422912],[-120.749150144763,45.7149658416567],[-120.748061144906,45.7152808417939],[-120.745631145261,45.7159918422062],[-120.742724145203,45.7163518417205],[-120.74186014493,45.7163158418591],[-120.74096914521,45.7162888424126],[-120.734570145096,45.7163698416513],[-120.73440814482,45.7163788420663],[-120.73415614489,45.7163788420663],[-120.732905144757,45.7165948421347],[-120.731600144831,45.7169998419256],[-120.730115144698,45.7177738416459],[-120.729710144907,45.7179808421985],[-120.728963144633,45.7186198419885],[-120.727262145332,45.7207168424648],[-120.726578145265,45.7215718423231],[-120.725534144785,45.7227958421108],[-120.724778144995,45.7240198418986],[-120.724364144789,45.7253248418245],[-120.724202145413,45.7260268418217],[-120.723707145069,45.7277638418842],[-120.723392144931,45.7282408422975],[-120.722051145144,45.7292308420861],[-120.72142114487,45.7295368418082],[-120.71963914543,45.7301848420133],[-120.719000144741,45.7304008420816],[-120.708272144644,45.7329658416567],[-120.701999144945,45.7341898423438],[-120.700226145021,45.7344148419279],[-120.699110144817,45.7346398424113],[-120.696752144896,45.7353238424778],[-120.694889145318,45.7359268424063],[-120.693440145047,45.7364938424733],[-120.691451145054,45.737483842262],[-120.687329144724,45.7396528424612],[-120.685232145147,45.740471842458],[-120.6796341451,45.7419388417606],[-120.671759145268,45.7439908419603],[-120.669401145347,45.7447558421648],[-120.66691714501,45.745709842092],[-120.664739145295,45.7466278421577],[-120.662651145234,45.7474918424311],[-120.657224144978,45.7498588418685],[-120.654101144852,45.7511368423479],[-120.6477381446,45.7523878424814],[-120.639251145324,45.7540798422674],[-120.637712145399,45.7542598424742],[-120.626174144821,45.7551598417098],[-120.613394145423,45.7561858422593],[-120.613295145355,45.7561858422593],[-120.610388145297,45.7560238419832],[-120.59967814513,45.7554658423312],[-120.593540145361,45.7551868420556],[-120.591020145164,45.754997842333],[-120.589193145447,45.7546108424728],[-120.581264144924,45.7529548416491],[-120.576233144944,45.7519378424139],[-120.572192144752,45.7513258420705],[-120.569537144623,45.7512088420709],[-120.569087144556,45.7511908421401],[-120.564911145333,45.7509658416567],[-120.548108144775,45.7427038419652],[-120.547964145329,45.7426138423114],[-120.533870144691,45.735296842132],[-120.532403145389,45.7344778421351],[-120.531422145116,45.7337488417921],[-120.528911145333,45.730130842221],[-120.528416144989,45.7294288422237],[-120.527390145339,45.7285558424346],[-120.525212144725,45.7267918420263],[-120.513053145186,45.7179988421293],[-120.512837145118,45.7178998420605],[-120.510983145056,45.7166938422035],[-120.510965145125,45.7165768422039],[-120.51082114478,45.7164148419278],[-120.50116414461,45.7110508418793],[-120.499751145099,45.7103038425048],[-120.480860145379,45.7033828417012],[-120.47818714532,45.7028788418415],[-120.476693144773,45.7026718421882],[-120.475415145193,45.7025998424652],[-120.472508145135,45.7025998424652],[-120.464309144751,45.7031128418406],[-120.463850145168,45.7031398421864],[-120.461519144693,45.7032838416324],[-120.460772145318,45.703328841909],[-120.459890145114,45.7033828417012],[-120.41683414528,45.7058578416225],[-120.411722145161,45.7059928424521],[-120.407870144691,45.7061008420367],[-120.387584145392,45.7085398420965],[-120.37723414474,45.7107268422264],[-120.376163144813,45.7108618421567],[-120.372005144622,45.7111408424324],[-120.370016144629,45.7114378417394],[-120.368558144842,45.7114198418087],[-120.365165144855,45.7111768422939],[-120.363851145414,45.7112668419476],[-120.353735144761,45.7136158423537],[-120.352763144903,45.7139398420066],[-120.350999145394,45.7147858423492],[-120.349235144986,45.7154158417242],[-120.349172144779,45.7154248421392],[-120.336203144759,45.7171618422017],[-120.320111144614,45.7191958424706],[-120.319481145239,45.7193488423316],[-120.319094145378,45.7194658423312],[-120.31847314462,45.7197358421918],[-120.317897145037,45.7200688422597],[-120.317600144831,45.7204108418433],[-120.314684145257,45.7222288420439],[-120.314405144981,45.7224268421814],[-120.314090144844,45.7226428422498],[-120.313820144984,45.7228228424567],[-120.312839144711,45.7232638421091],[-120.312020144714,45.7234528418316],[-120.305630145015,45.7239748416221],[-120.293822144576,45.725036842033],[-120.29071714528,45.7255588418235],[-120.284552145165,45.7267648416805],[-120.283508144685,45.7268998416108],[-120.276425145404,45.7278718423681],[-120.275813145061,45.7281148418829],[-120.274598144788,45.7285108421581],[-120.26319514504,45.7337758421379],[-120.26306014511,45.7338478418608],[-120.26294314511,45.7339198424832],[-120.260918145256,45.7344598422044],[-120.258560145334,45.7349818419949],[-120.256850144718,45.7353778422701],[-120.255869145345,45.7355038417853],[-120.251657145361,45.7364758416432],[-120.24738214517,45.7375108417084],[-120.241019144918,45.7388068421185],[-120.232919144603,45.7406068423883],[-120.222497145127,45.7429198420335],[-120.21885214521,45.7439728420295],[-120.215153144602,45.7450348424405],[-120.202490145204,45.7489948424945],[-120.200609144796,45.7494628424926],[-120.199970145006,45.7497148424225],[-120.199619145007,45.7498588418685],[-120.198422144666,45.7503538422125],[-120.197477145154,45.7509118418644],[-120.196901144672,45.7512088420708],[-120.193643144615,45.7534138421316],[-120.1914651449,45.7548808423335],[-120.190682144765,45.7555918418465],[-120.189602145323,45.7572658417017],[-120.189107144979,45.7582108421132],[-120.187811144569,45.7606858420345],[-120.186767144988,45.761936842168],[-120.185822144576,45.7627198423033],[-120.177983144606,45.7667338421496],[-120.173213144971,45.7693168416554],[-120.170432145327,45.7706038416504],[-120.159155145094,45.7751578421172],[-120.155870144691,45.776471842458],[-120.154763144903,45.7770928423173],[-120.153557145046,45.7776058416927],[-120.149597144992,45.7795768417543],[-120.141137145163,45.7816558422998],[-120.138302144828,45.7820788420214],[-120.127691144731,45.7836988420844],[-120.126152144806,45.7840048418065],[-120.118160144975,45.7855078418699],[-120.099827144907,45.7877848416536],[-120.093365144586,45.7885138419967],[-120.092366145281,45.7886308419962],[-120.08936914467,45.7891888416482],[-120.085589144823,45.7900888417831],[-120.085301145032,45.7901788423362],[-120.083456145385,45.7906648422651],[-120.0774261452,45.7922218421208],[-120.075698144654,45.7928068421186],[-120.068219145097,45.7956418424536],[-120.067508144685,45.7960288423137],[-120.065222145386,45.7975138424464],[-120.063620145253,45.7983328424432],[-120.053261145086,45.8017798422224],[-120.046889145318,45.8038948417301],[-120.037295145355,45.8083138422665],[-120.033173145025,45.8100058420525],[-120.028970144556,45.8115268420466],[-120.020951145279,45.8144338421046],[-120.016532144743,45.8159008423066],[-120.005003144579,45.818771842503],[-120.003662144792,45.8192848418784],[-120.001151145009,45.8208238418034],[-119.997371145162,45.8228938419338],[-119.995823144822,45.8235238422081],[-119.993510145177,45.8241898423439],[-119.987174145271,45.8254948422697],[-119.981693145222,45.8264848420583],[-119.981297144947,45.8266378419194],[-119.978219145097,45.8278798416379],[-119.966204145005,45.830237842459],[-119.964863145218,45.8305078423196],[-119.958833145034,45.8307058424572],[-119.957438144555,45.8309218416262],[-119.94923914507,45.8330188421024],[-119.941598145238,45.8343598418897],[-119.933021145409,45.8358628419531],[-119.931788145207,45.8359168417454],[-119.931617145415,45.8358988418147],[-119.929628145423,45.8358088421609],[-119.929583145146,45.8358088421609],[-119.928962145287,45.8357728422994],[-119.928557144597,45.8357368424379],[-119.925110144817,45.8356738422306],[-119.924957144956,45.8356108420233],[-119.92106014511,45.8354578421622],[-119.913797144722,45.8355388423003],[-119.910989144733,45.8356468418848],[-119.909090145294,45.8358718423682],[-119.907893144953,45.8360068422984],[-119.902817144695,45.836834841811],[-119.900963144633,45.8372218416712],[-119.898056144575,45.8379508420143],[-119.888435145166,45.8409388422104],[-119.887004144825,45.8412358424167],[-119.884358145112,45.8413978417935],[-119.883386145254,45.8413528424163],[-119.881055144779,45.8412358424167],[-119.879120144579,45.8413528424163],[-119.877518145346,45.8418838417225],[-119.876132145282,45.8424508417895],[-119.872361144951,45.8440708418524],[-119.870957144956,45.844754841919],[-119.869778145445,45.8455288416393],[-119.868671144758,45.846536842258],[-119.867987144691,45.8473288419091],[-119.866898144833,45.8485888424577],[-119.863892144707,45.8526118418196],[-119.857988144937,45.8604778421353],[-119.851481145239,45.8653018424626],[-119.851391144686,45.865508842116],[-119.851067145033,45.8655988417697],[-119.849096144971,45.8669758423178],[-119.847791145045,45.867776842384],[-119.84625214512,45.8683708418974],[-119.844389144643,45.8688208419649],[-119.843336144647,45.868982842241],[-119.833472144824,45.8697208420997],[-119.823932144653,45.8694868421007],[-119.823689145138,45.8694778416856],[-119.822996144656,45.8694688421699],[-119.822096145421,45.8693248418246],[-119.820908144595,45.8691448416177],[-119.807687144646,45.8658778420454],[-119.80485214521,45.8653828417013],[-119.803052144941,45.8651758420481],[-119.801585144739,45.8651128418407],[-119.789957145406,45.865589842254],[-119.778023144552,45.8660848416987],[-119.77669114518,45.8662018416982],[-119.775350145393,45.8664268421816],[-119.759411145108,45.8710798418178],[-119.751140145002,45.8733748424316],[-119.746055145229,45.8748598416649],[-119.745551145369,45.8751928417328],[-119.741177145109,45.8763538422126],[-119.738000145191,45.8776678416541],[-119.732384145212,45.8802328421286],[-119.732015145283,45.8802868419208],[-119.730737144803,45.8809708419873],[-119.728811145018,45.8817988423992],[-119.725508144685,45.8827798417729],[-119.725472144824,45.8828698423259],[-119.724464145104,45.8831038423251],[-119.712908144595,45.8865508421043],[-119.712908144595,45.8866138423116],[-119.712062145152,45.8868028420341],[-119.702513143667,45.8896198424384],[-119.70041614409,45.8903578422972],[-119.699975144437,45.8905648419505],[-119.697212143825,45.8918788422913],[-119.694818144042,45.8932468424245],[-119.694593143559,45.8933008422167],[-119.693396144117,45.894074841937],[-119.69296414398,45.8943538422126],[-119.68667314435,45.8984398417819],[-119.685404144286,45.8992048419865],[-119.674865143911,45.9059818424447],[-119.674793144188,45.906179841683],[-119.674370143567,45.9062518423053],[-119.666333144359,45.9113728419397],[-119.666243143806,45.9115528421466],[-119.665856143946,45.9116698421461],[-119.664254143814,45.9126148416582],[-119.66186014403,45.9138298419303],[-119.660267144313,45.9145768422041],[-119.656982143911,45.9158188419226],[-119.644697143958,45.9206608421808],[-119.644634143751,45.9207508418345],[-119.644013143891,45.9209128421106],[-119.626139144306,45.9277888417383],[-119.625518144447,45.9280588424982],[-119.625194143895,45.9280858419447],[-119.624699143551,45.9284908417356],[-119.624339144036,45.9285268424964],[-119.612279143668,45.9331888416484],[-119.603063144049,45.9367438419114],[-119.599562143578,45.9381208424596],[-119.598221143791,45.9385078423197],[-119.596583143797,45.9388228424569],[-119.591921143746,45.939128842179],[-119.583740144192,45.9396598423845],[-119.582498143574,45.9397588424533],[-119.581706143923,45.9397948423147],[-119.575757143877,45.9401368418984],[-119.56826014439,45.9406678421039],[-119.558918144357,45.9412978423782],[-119.556677144435,45.941540841893],[-119.5476861444,45.9424948418201],[-119.54342914414,45.9429538423027],[-119.540342143875,45.943169842371],[-119.535581143755,45.9433858424393],[-119.516870144242,45.9441868425054],[-119.506142144145,45.9446548425036],[-119.506079143937,45.9446548425036],[-119.501129144095,45.9448528417419],[-119.498150144314,45.9449698417415],[-119.467514144362,45.9463918416668],[-119.466407143675,45.9463918416668],[-119.466380144228,45.9464638422891],[-119.464058144168,45.9465088416664],[-119.463635144446,45.9465538419429],[-119.463329143825,45.9465808422887],[-119.456300144336,45.9469228418723],[-119.448695144365,45.9473098417325],[-119.445383143617,45.9476068419389],[-119.44121614391,45.9481648424902],[-119.440226144121,45.9483898420742],[-119.440136143568,45.9484078420049],[-119.435087143657,45.9496408422078],[-119.434997144003,45.9497398422766],[-119.434601143728,45.9497848416538],[-119.432927143873,45.950261842067],[-119.411804143746,45.9581368418984],[-119.410985143749,45.9583168421052],[-119.410067143684,45.9583708418975],[-119.40933814424,45.9582088416214],[-119.408618144312,45.9579388417608],[-119.408096143622,45.9574618422469],[-119.40432514419,45.9526648422653],[-119.404298143844,45.9524758416434],[-119.40378514357,45.9518638421992],[-119.403317143571,45.951323842478],[-119.402867144403,45.950675842273],[-119.402075143853,45.9500548424137],[-119.401121143926,45.9495688424847],[-119.400140143653,45.9491998416561],[-119.399483143932,45.9490828416565],[-119.399267143864,45.9490378422793],[-119.395451144155,45.9486418420041],[-119.394371143813,45.9485518423503],[-119.394011144299,45.9485158424888],[-119.376128144298,45.9468508421493],[-119.374319143614,45.9466798423575],[-119.35559014417,45.9449248423643],[-119.354924144034,45.9449248423643],[-119.352404143836,45.9446728424344],[-119.351594144254,45.9445828418813],[-119.349461143917,45.9448168418804],[-119.3352984018,45.9456727788323]],[[-123.228587148378,44.934926841057],[-123.228596147894,44.9400928409679],[-123.228596147894,44.9409208413798],[-123.228632147755,44.9473198414936],[-123.228677148032,44.9507668412728],[-123.228704148378,44.9540158409144],[-123.228776148101,44.9620888408834],[-123.228713147893,44.9632048410866],[-123.228515147756,44.9638708412225],[-123.227102148246,44.96625584149],[-123.2251401477,44.9690188412026],[-123.224159148326,44.970440841128],[-123.222602147571,44.9725198407741],[-123.222170148334,44.9730868408411],[-123.221180147646,44.97448184132],[-123.220703148132,44.9752018412481],[-123.220505147994,44.9757148406235],[-123.220118148134,44.9762908411055],[-123.219587147929,44.977379840963],[-123.21950614779,44.9775508407548],[-123.219317148068,44.9780098412373],[-123.21911914793,44.9784868407512],[-123.218966148069,44.9795398407471],[-123.218291148418,44.9829688414949],[-123.217769147728,44.9847958412112],[-123.216725148147,44.9868748408573],[-123.214196148433,44.9921848411136],[-123.213611148436,44.9930938407642],[-123.212603147817,44.9950468408951],[-123.211694148166,44.9966218406815],[-123.210137148311,44.9988898409495],[-123.209588148174,44.999834841361],[-123.209417148383,45.0000418410143],[-123.208985148246,45.0005998406662],[-123.20818414818,45.0013828408016],[-123.207725147697,45.0020398414216],[-123.207500148113,45.0025618412121],[-123.207473147768,45.0034798412777],[-123.207473147768,45.0035878408622],[-123.20843614811,45.0059728411298],[-123.20857114804,45.0065398411968],[-123.20857114804,45.0086728406352],[-123.208256147903,45.0139018407534],[-123.208130148388,45.016286841021],[-123.207986148042,45.0194548414239],[-123.207923147835,45.0205348408663],[-123.20781514825,45.0238558411302],[-123.20768014832,45.0279598406302],[-123.207608147698,45.0302098409675],[-123.207419147975,45.0363838414972],[-123.20727514763,45.0425938409891],[-123.207266148114,45.0433048414014],[-123.20727514763,45.0504148410282],[-123.207293147561,45.0602068411289],[-123.207293147561,45.0604858414046],[-123.207878147558,45.0629968411874],[-123.209588148174,45.0695848410237],[-123.209516147552,45.0717988414994],[-123.209498147621,45.0749218407265],[-123.209480147691,45.0780988406451],[-123.209471148175,45.0800158409144],[-123.20946214776,45.0805288411892],[-123.20921014783,45.0862888406136],[-123.206573147633,45.0983938412588],[-123.205979148119,45.10112084111],[-123.20586214812,45.101678840762],[-123.205790148397,45.1026328406892],[-123.205961148188,45.1032358406176],[-123.206240147565,45.1042708406829],[-123.206402147841,45.1046398406123],[-123.206663148186,45.1052878408173],[-123.207311148391,45.1064848411586],[-123.20741014756,45.1067368410885],[-123.207725147697,45.1076008413619],[-123.207824147766,45.1085638408047],[-123.207635148044,45.1096168408007],[-123.207302147976,45.1107328410039],[-123.20677114777,45.1125508412045],[-123.206699148047,45.1127938407192],[-123.206510148325,45.1131088408564],[-123.206411148256,45.1136938408542],[-123.206411148256,45.1144948409203],[-123.20638414791,45.1151698414711],[-123.20638414791,45.1155388414005],[-123.206312148187,45.1158988409149],[-123.206312148187,45.1165198407741],[-123.206312148187,45.116627841258],[-123.206285147841,45.1173208408402],[-123.206222147634,45.1186168412503],[-123.206186147772,45.119606841039],[-123.206186147772,45.1203628408285],[-123.205826148258,45.1215238413083],[-123.205808148327,45.1223788411667],[-123.205799147912,45.1230178409567],[-123.205799147912,45.1231978411636],[-123.205817147843,45.1232608413709],[-123.20588014805,45.1234048408168],[-123.206222147634,45.1243408408133],[-123.206258148395,45.1248358411573],[-123.206258148395,45.1253038411555],[-123.206258148395,45.125915841499],[-123.206024148396,45.129038840726],[-123.205961148188,45.1299928406532],[-123.206447148117,45.1330258411258],[-123.206411148256,45.1343848408439],[-123.206159148326,45.1359598406302],[-123.205799147912,45.1368778406959],[-123.205529148052,45.1375078409702],[-123.205025148192,45.138326840967],[-123.202091147788,45.1423048409518],[-123.199724148351,45.1460218414909],[-123.198599147732,45.1476598414846],[-123.197501148359,45.149234841271],[-123.197078147738,45.1507468408501],[-123.197078147738,45.1514038414703],[-123.197078147738,45.1517818409153],[-123.197411147806,45.1529338409801],[-123.197789148151,45.1536268414616],[-123.19943614766,45.1554358412472],[-123.201407147722,45.1576048414464],[-123.204458148125,45.1633918412166],[-123.20522314833,45.1644358407976],[-123.206006147566,45.1655158411393],[-123.206879148254,45.1668748408573],[-123.208076147696,45.168512840851],[-123.208373147902,45.1689268410569],[-123.208616148317,45.1694128409859],[-123.209561147829,45.1718698418758],[-123.209624148036,45.1723108424276],[-123.209723148105,45.1731298424244],[-123.209723148105,45.175100842486],[-123.209723148105,45.1796548420535],[-123.209795147828,45.1800328423979],[-123.209804148243,45.1804828424653],[-123.209867147551,45.1846858420341],[-123.209894147897,45.1866028423034],[-123.209894147897,45.1870798418174],[-123.209930147758,45.1880338417445],[-123.20996614762,45.1889068424329],[-123.209993147965,45.1897528418763],[-123.210065147688,45.1904188420121],[-123.208760147763,45.1905088416659],[-123.20715814763,45.1905988422189],[-123.204413147848,45.1907968423565],[-123.201299148137,45.1910218419406],[-123.198221148287,45.1912378420089],[-123.19672714774,45.1914898419388],[-123.195251148022,45.1919128416604],[-123.194639147679,45.1921558420746],[-123.193820147682,45.1924798417274],[-123.193208148237,45.1928218422104],[-123.189437147906,45.1948918423408],[-123.1891401477,45.1950538417175],[-123.186377147987,45.1965748417117],[-123.180374148148,45.1998598421142],[-123.179789148151,45.2000938421133],[-123.179213147669,45.2002558423894],[-123.179006148015,45.2003188416973],[-123.178853148154,45.2003818419046],[-123.178466148294,45.2005258422499],[-123.177692147674,45.2007778421798],[-123.177269147953,45.2009128421101],[-123.177035147954,45.2010118421789],[-123.17615314775,45.2010568424554],[-123.174821148377,45.2010748423862],[-123.174011147896,45.2010928423169],[-123.173885148381,45.2011198417634],[-123.173408147968,45.2011018418327],[-123.172328147626,45.2011198417634],[-123.172292147764,45.2011108422477],[-123.17179714832,45.2011198417634],[-123.171563148321,45.2011198417634],[-123.171536147975,45.2011108422477],[-123.171203147907,45.2011108422477],[-123.171104147838,45.2011198417634],[-123.170033147911,45.2011198417634],[-123.168629147917,45.2010748423862],[-123.166721148062,45.2010568424555],[-123.166460147718,45.2010568424554],[-123.165182148138,45.2010388416254],[-123.158981148161,45.2010118421789],[-123.156416147687,45.2010028417638],[-123.156353148379,45.2010028417638],[-123.152582148048,45.2009848418331],[-123.152105147634,45.2009848418331],[-123.151781147982,45.2009848418331],[-123.150782147778,45.2009848418331],[-123.14969314792,45.2009848418331],[-123.149288148129,45.2009848418331],[-123.14866714827,45.2009848418331],[-123.146336147795,45.2009848418331],[-123.145634147798,45.2009848418331],[-123.139739148443,45.2009938422482],[-123.137363147691,45.2009938422482],[-123.133412148052,45.2009938422482],[-123.130973147992,45.20180384183],[-123.129209147584,45.2024248416892],[-123.128471147725,45.2026228418268],[-123.126212147872,45.2032528421011],[-123.125123148015,45.2035228419617],[-123.121802147751,45.2045128417504],[-123.121622148443,45.2046028423035],[-123.114422148264,45.2080408416676],[-123.105017148023,45.2125498418579],[-123.102038148242,45.2140078416447],[-123.097097147915,45.2164648416353],[-123.095288148129,45.2174098420467],[-123.092417147933,45.2189308420409],[-123.090986147593,45.2196778423147],[-123.090212147872,45.2200468422441],[-123.089717148428,45.2203528419662],[-123.084434147618,45.2230978417481],[-123.083705148174,45.2234848416083],[-123.083030147623,45.2237818418147],[-123.082094147627,45.2243038425045],[-123.081509147629,45.2246008418116],[-123.08050114791,45.2250778422248],[-123.077756148128,45.2265808422882],[-123.076595147648,45.2272108416632],[-123.075794147582,45.2276338422842],[-123.075704147928,45.2276878420764],[-123.075587147929,45.2277418418686],[-123.066263147826,45.2327728418493],[-123.066083147619,45.2328088417108],[-123.065453148244,45.2330968424015],[-123.065102148246,45.2333848421929],[-123.064283148249,45.2352388422549],[-123.063419147975,45.2372008419015],[-123.063077148392,45.2378398416915]],[[-123.228587148378,44.934926841057],[-123.211721147613,44.9344678414738],[-123.194081148027,44.9339818406455],[-123.184478147648,44.9337208412],[-123.180905148354,44.9336218411312],[-123.177962148434,44.9335408409931],[-123.167162147715,44.9332618407175],[-123.163616147867,44.9331628406487],[-123.163022148353,44.9331538411329],[-123.161060147808,44.9330998413407],[-123.158432148025,44.9330548410641],[-123.157361148098,44.9330188412026],[-123.152699148047,44.9329198411339],[-123.152564148117,44.9329198411339],[-123.151097147915,44.9329558409954],[-123.149234148337,44.9330008412719],[-123.148892147854,44.9330098407876],[-123.147407147722,44.9330278407184],[-123.145670147659,44.9331358412022],[-123.143735148358,44.9330638414792],[-123.14351914829,44.9330548410641],[-123.143051148292,44.9329828413411],[-123.142367148225,44.9328748408573],[-123.140756147678,44.9327668412728],[-123.138821148377,44.9326408408582],[-123.136499148317,44.9326048409967],[-123.13388014805,44.9325328412737],[-123.12950614779,44.9324248407898],[-123.127859148281,44.9323888409284],[-123.126221148287,44.9322538409981],[-123.124574147879,44.9320828412062],[-123.123161148368,44.9318938414837],[-123.121694148166,44.9317048408618],[-123.120065147688,44.9314888407935],[-123.117563148321,44.9311738406563],[-123.117194148391,44.9311108413483],[-123.116231148049,44.9309848409337],[-123.115079147984,44.930885840865],[-123.114179147849,44.9307868407962],[-123.113882147643,44.9307868407962],[-123.113180147646,44.930885840865],[-123.112433148271,44.9311378407948],[-123.111398148206,44.9315878408622],[-123.110921147793,44.9317048408618],[-123.110309148349,44.9318308412764],[-123.109805147589,44.9317408407233],[-123.102407148171,44.93153384107],[-123.101183148384,44.9317768414841],[-123.096512147917,44.9326408408582],[-123.092111148211,44.9317408407233],[-123.083111147761,44.929040841218],[-123.081806147835,44.929040841218],[-123.080006147566,44.9292388413555],[-123.076478147648,44.9316688410003],[-123.075011148346,44.9326408408582],[-123.074012148142,44.933234841271],[-123.073211148076,44.9338378411995],[-123.071708148013,44.934935841472],[-123.070808147878,44.9355388414005],[-123.069809147674,44.9359348407764],[-123.068513148163,44.9360338408452],[-123.065534148382,44.9369068406343],[-123.064409147764,44.9372398407022],[-123.063212148322,44.937833841115],[-123.06161014819,44.9387338412499],[-123.061169147638,44.9390128406262],[-123.061088148399,44.9390578409027],[-123.060107148126,44.9396338413848],[-123.058505147994,44.9403358413821],[-123.056336147795,44.9412898413092],[-123.054239148218,44.9422078413749],[-123.051782148228,44.9432878408173],[-123.049613148028,44.9442328412287],[-123.04887514817,44.9446108406738],[-123.045608147698,44.9462398411519],[-123.04541014756,44.9463658406671],[-123.044951147977,44.9464198413586],[-123.044366147979,44.9463928410129],[-123.043412148052,44.9462398411519],[-123.042512147917,44.9460328414985],[-123.041495147783,44.9457718411536],[-123.041018148269,44.9456368412234],[-123.039965148273,44.9453848412935],[-123.039677147582,44.9453128406711],[-123.038327148279,44.9449708410875],[-123.036599147732,44.9445388409508],[-123.035069148223,44.9441608415057],[-123.033359147607,44.943728841369],[-123.031793148235,44.9433328410938],[-123.030056148173,44.9429008409571],[-123.028301148179,44.9424598413047],[-123.026699148047,44.9420638410295],[-123.026402147841,44.942675841373],[-123.026105147634,44.943233841025],[-123.025655147567,44.9441788414365],[-123.025376148191,44.9447548410192],[-123.025115147846,44.9452498413632],[-123.024818147639,44.9458528412917],[-123.024485147571,44.9465278409432],[-123.024071148265,44.9473648408708],[-123.023972148196,44.9475628410084],[-123.023639148128,44.9482198407292],[-123.02342314806,44.9486428413501],[-123.023189148061,44.9491378407948],[-123.022739147993,44.9500378409297],[-123.022352148133,44.9508298414801],[-123.021911147581,44.9517118407849],[-123.021470147929,44.9526028414041],[-123.021092147584,44.9533588411937],[-123.020687147794,44.9541598412598],[-123.020309148348,44.9549338409801],[-123.020318147864,44.9551948413249],[-123.020435147864,44.9555008410471],[-123.020606147656,44.955680841254],[-123.020570147794,44.9559238407687],[-123.020453147795,44.9560948414599],[-123.020399148002,44.9561938406294],[-123.01970614842,44.9565358411123],[-123.018617147663,44.9572468406253],[-123.017708148013,44.9578408410381],[-123.017438148152,44.9580658406221],[-123.016790147947,44.9586148407584],[-123.016583148294,44.9587948409652],[-123.015908147743,44.9593618410322],[-123.015107147677,44.9600368406838]],[[-122.898080146881,46.1444728418052],[-122.898332146811,46.1443828421514],[-122.899115146946,46.1441308422215],[-122.89959214736,46.1440498420834],[-122.90267014721,46.1434828420164],[-122.902922147139,46.1434288422242],[-122.903750146652,46.143599842016],[-122.903921147343,46.1436268423618],[-122.904551146718,46.1437618422921],[-122.906315147126,46.1441308422215],[-122.907134147123,46.1443018420133],[-122.908196146635,46.1444728418052],[-122.909222147184,46.1446258416662],[-122.910131146835,46.1447878419423],[-122.911238146623,46.1449858420799],[-122.912120146827,46.1451298424252],[-122.912408146619,46.1451658422867],[-122.912615147171,46.1452018421482],[-122.913371146961,46.1452828422863],[-122.914001147235,46.1453188421478],[-122.914721147163,46.1454268417322],[-122.916215146812,46.1456248418699]],[[-122.674097146566,45.5051758420477],[-122.673944146705,45.5052118419092],[-122.673512146568,45.5053378423238],[-122.671395974345,45.5064469717066],[-122.670944645079,45.5068015878793],[-122.668955636993,45.5080792304284],[-122.667225352168,45.5091198980212],[-122.666801872209,45.5095998221303],[-122.666661256012,45.5103235839225],[-122.667035317326,45.5113053153443],[-122.667522581702,45.5120509279642],[-122.667840046881,45.513567793775],[-122.667567973183,45.514713768382],[-122.667286691328,45.5165783984306],[-122.667020098099,45.5173766052024],[-122.666663147286,45.5184238423427],[-122.666528147356,45.5187748423414],[-122.666069146874,45.5200258424749],[-122.665637146737,45.5212678421934],[-122.665178147154,45.5224738420505],[-122.665097147016,45.5228518423949],[-122.665106147431,45.5242378424588],[-122.665200712943,45.5300002106975],[-122.665562844749,45.5327880101148]],[[-122.560179392565,45.547308344261],[-122.552993146616,45.5476738422303],[-122.550833146832,45.5477278420226],[-122.549420147322,45.5476918421611],[-122.547485147122,45.5475568422308],[-122.537099146608,45.5465578420271],[-122.535398147307,45.5461888420977],[-122.534201146965,45.5459368421678],[-122.531771147321,45.5455138424461],[-122.530763146702,45.54535184217],[-122.526704146579,45.5446408417577],[-122.516282147103,45.5432818420396],[-122.510054146781,45.542435841697],[-122.499272146892,45.542435841697],[-122.495600146629,45.542435841697],[-122.491532146991,45.542372842389],[-122.490767146786,45.5423638419741],[-122.486510147425,45.542291842251],[-122.483099146608,45.5422378424587],[-122.479499146968,45.5415358424615],[-122.477303147322,45.5409328416336],[-122.470202147211,45.5407528423261],[-122.457998147397,45.5399338423292],[-122.456639146779,45.5396818423994],[-122.453183146585,45.5392768417092],[-122.451491146799,45.5390698420559],[-122.450699147148,45.5389978423329],[-122.448665146879,45.538817842126],[-122.448404147433,45.5387998421952],[-122.448260147088,45.538808841711],[-122.447585147437,45.5388628424026],[-122.446523147026,45.5389528420563],[-122.446154147096,45.5390608416408],[-122.445497147375,45.5392588417784],[-122.445155146892,45.5393578418472],[-122.443220146692,45.5399248419142],[-122.440412146703,45.5407618418418],[-122.438810146571,45.5411668416327],[-122.437550146922,45.5414638418391],[-122.436290147272,45.5416618419767],[-122.435066146585,45.541796841907],[-122.434229146658,45.5418958419758],[-122.43339214673,45.5418868424601],[-122.433086147008,45.5418778420451],[-122.43248314708,45.5417338416997],[-122.429900146674,45.5411398421862],[-122.424635146695,45.5401588419133],[-122.423924147182,45.5400688422596],[-122.423699146698,45.5400328423981],[-122.42220514705,45.5398708421219],[-122.418299146788,45.5399338423292],[-122.418029146928,45.5399338423292],[-122.416202147211,45.5403388421201],[-122.414672146802,45.5408338424641],[-122.412800146809,45.5414368423926],[-122.411576147022,45.54186884163],[-122.4111531473,45.5420218423904],[-122.409902147166,45.542435841697],[-122.407013147039,45.5433358418319],[-122.403800147259,45.5443348420357],[-122.400299146788,45.5444968423117],[-122.390804146894,45.5449378419641],[-122.38814014725,45.5449108416183],[-122.386853147255,45.5448388418953],[-122.386322147049,45.5448298423796],[-122.385998147397,45.5448298423796],[-122.385809146775,45.5448208419646],[-122.383739146644,45.5446768416192],[-122.381498146722,45.5444338421044],[-122.380157146935,45.5443168421049],[-122.378384147011,45.5441638422438],[-122.375900146674,45.5439388417604],[-122.362733147417,45.5428768422488],[-122.341601146875,45.5411398421862],[-122.333204147254,45.5391328422631],[-122.321765146744,45.53840384192],[-122.31290914664,45.5389258417105],[-122.297996146905,45.5408338424641],[-122.297186147323,45.5409598419794],[-122.295683147259,45.5411848424628],[-122.294594147402,45.5413468418396],[-122.291903147412,45.5417338416997],[-122.275001146785,45.54213884239],[-122.273759147067,45.5420758421827],[-122.262608147248,45.5414728422541],[-122.257134855289,45.5418266490369],[-122.254265775145,45.542027987458],[-122.251749036789,45.5422796618332],[-122.247470583201,45.5428836788949],[-122.243594807354,45.5433870258469],[-122.238964010181,45.5439910429086],[-122.234584886483,45.5447963992907],[-122.227103146693,45.5461348423054],[-122.222000146989,45.5469358423715],[-122.206664146633,45.548105842367],[-122.203307147407,45.5484748422964],[-122.196078801495,45.5500046736331],[-122.189975484081,45.5523246475208],[-122.182872793245,45.5562507584221],[-122.175734410115,45.5603910203856],[-122.170773233498,45.5636389849075],[-122.166454511866,45.5664943377998],[-122.163028087676,45.5686715452119],[-122.159994275116,45.5704561409944],[-122.157067538536,45.5718481251471],[-122.15406941737,45.5729902668437],[-122.15142821554,45.5739539479727],[-122.148572862647,45.5747391703328],[-122.145574741481,45.5754173167121],[-122.141113252475,45.5762739227597],[-122.136544687487,45.5770948365138],[-122.132582884293,45.5777372914991],[-122.129775773733,45.5783419893476],[-122.126204146804,45.578768841765],[-122.124701146741,45.5788858417645],[-122.122073146958,45.5790838419021],[-122.120381147172,45.5791828419709],[-122.119715147036,45.5792188418324],[-122.11479214664,45.5791648420401],[-122.113865147059,45.5791558416251],[-122.112560147133,45.5792188418324],[-122.105351147437,45.5808568418261],[-122.104982146609,45.5809378419642],[-122.102930147308,45.5815228419619],[-122.097026146639,45.5838358425065],[-122.09448814741,45.5846008418117],[-122.092310146796,45.5851138420865],[-122.083688146691,45.5884348423504],[-122.076407147272,45.5914768423387],[-122.069297146746,45.594428841774],[-122.064536146626,45.5961478419057],[-122.060207146642,45.5973808421085],[-122.05256614681,45.5994058419623],[-122.048003146828,45.6005038422349],[-122.046428147041,45.6008818416799],[-122.045330146769,45.6011968418172],[-122.045024147047,45.6012868423702],[-122.044214146566,45.6015388423001],[-122.044133147327,45.6015748421616],[-122.042819146986,45.6021058423671],[-122.04151414706,45.6027268422263],[-122.040533146787,45.6034108422929],[-122.036726146594,45.605903842145],[-122.034485146672,45.6071638417942],[-122.033576147022,45.6075868424152],[-122.032028146682,45.6082978419282],[-122.029832147036,45.6092158419938],[-122.02852714711,45.6097198418536],[-122.027186147323,45.6101608424053],[-122.025863146567,45.6105478422655],[-122.024612147333,45.610808841711],[-122.022677147133,45.6111508421939],[-122.013254146961,45.6126088419808],[-122.011760147313,45.6127528423262],[-122.010815146901,45.6127978417034],[-122.0052441472,45.6128968417721],[-122.001311146592,45.6129508424637],[-122.001194146593,45.6129508424637],[-122.000951147078,45.6130138417718],[-121.999079147085,45.613571842323],[-121.997117147438,45.6146698416962],[-121.996433147372,45.6150568424556],[-121.99394014662,45.6164428416202],[-121.992698146902,45.6171358421018],[-121.990781146633,45.6180268418216],[-121.986713146994,45.6196378423689],[-121.983221146938,45.6207628420878],[-121.981601146875,45.6214018418778],[-121.977200147169,45.6233908418702],[-121.973978146974,45.6248398421413],[-121.96589614659,45.6287188420573],[-121.962350146742,45.6302038421899],[-121.960514146611,45.6307978417034],[-121.959290146823,45.6310768419791],[-121.957400146899,45.6313558422546],[-121.95639214718,45.6315268420465],[-121.954034147258,45.6324358416971],[-121.951496147129,45.6338848419683],[-121.951397147061,45.6339568416913],[-121.950884146786,45.6342718418284],[-121.949093146931,45.6349378419642],[-121.948931146655,45.6350098416872],[-121.945763147151,45.6359188422372],[-121.942928146816,45.636737842234],[-121.941398147307,45.6370888422326],[-121.936610146841,45.6385288420888],[-121.934756146779,45.6389788421563],[-121.931552147414,45.6405358420119],[-121.931462146861,45.6405808422884],[-121.931120147277,45.640769842011],[-121.930319147211,45.6412198420784],[-121.928591146664,45.642614841658],[-121.926107147227,45.6440098421369],[-121.924316147372,45.6447928422723],[-121.923839146959,45.6449368417182],[-121.922264147173,45.6454138421315],[-121.920482146834,45.6459628422677],[-121.920338147388,45.6459988421293],[-121.907693147021,45.6515968421769],[-121.904894147447,45.6530188421023],[-121.904012147243,45.6536128416157],[-121.901564146768,45.6556738422304],[-121.899998147397,45.6573118422241],[-121.899107146777,45.6584638422889],[-121.898171146781,45.6596878420766],[-121.89751414706,45.6604348423505],[-121.895399146653,45.6622888424125],[-121.894706147071,45.6626668418577],[-121.894652147279,45.6627118421342],[-121.893824146867,45.6634408424773],[-121.8931401468,45.6639628422677],[-121.891889146667,45.6649168421949],[-121.890980147016,45.6656188421922],[-121.888019147166,45.6678868424602],[-121.887173146823,45.6683548424584],[-121.884698146902,45.6693178419013],[-121.880558146641,45.670955841895],[-121.877003147277,45.6723328424431],[-121.876724147002,45.6724588419584],[-121.876517147348,45.6725308416814],[-121.876193146796,45.6726568420959],[-121.875284147146,45.6729808417488],[-121.872782146879,45.6738988418145],[-121.870523147026,45.6745918422961],[-121.868930147308,45.6749068424332],[-121.859930146859,45.6766258416656],[-121.857977146728,45.6771568418712],[-121.856564146318,45.6776968424917],[-121.855952145975,45.6779308424908],[-121.85183914606,45.679676842069],[-121.847438146353,45.6815938423383],[-121.845224145878,45.6826738417808],[-121.842911146232,45.6841858422592],[-121.841435145615,45.6854998417007],[-121.84040014555,45.686687841627],[-121.840112145759,45.6870298421099],[-121.838897146386,45.6890098416872],[-121.838582146249,45.6897568419611],[-121.837862146321,45.6907828416113],[-121.836395146119,45.6919708424368],[-121.833461145715,45.6944908417354],[-121.83192214579,45.6954448416625],[-121.831139145655,45.6957868421455],[-121.829186146423,45.6962278417979],[-121.828520146288,45.6962818424894],[-121.821419146177,45.6968938419337],[-121.819538145769,45.6969748420717],[-121.818251145774,45.697028841864],[-121.814111146412,45.6968758420029],[-121.808702146087,45.6970018424175],[-121.803248146385,45.6966778418653],[-121.801466146046,45.6964078420047],[-121.800089146397,45.6960388420753],[-121.79385214566,45.6938878418069],[-121.791386146154,45.6933388416706],[-121.78986514616,45.6930868417407],[-121.786220146243,45.6924748422966],[-121.785158145832,45.6921778420902],[-121.781846145983,45.6910258420254],[-121.780415145642,45.6906748420267],[-121.778102145997,45.6905308416814],[-121.774061145805,45.6908908420951],[-121.773197146431,45.6909448418874],[-121.769102146447,45.691223842163],[-121.767167146247,45.691214841748],[-121.765250145977,45.6912058422322],[-121.76365714626,45.6910888422327],[-121.760651146133,45.6905398420965],[-121.75837414635,45.6903328424431],[-121.756205146151,45.6902338423743],[-121.753181146093,45.6902338423744],[-121.751192146101,45.6904408420276],[-121.748051146043,45.6907918420263],[-121.741751145999,45.691781841815],[-121.740221145589,45.6918268420915],[-121.737908145944,45.6916018416081],[-121.736108145674,45.6912778419552],[-121.732103146243,45.6903148416131],[-121.729529146253,45.6899998423752],[-121.728971145702,45.6899278417529],[-121.720394145873,45.6899098418221],[-121.719251146223,45.6898018422377],[-121.718234146089,45.6895588418235],[-121.717316146023,45.6891628424477],[-121.714769146379,45.6878848419683],[-121.713599146383,45.6874708417624],[-121.712033146113,45.6871738424553],[-121.709099145709,45.6869218416261],[-121.706399146204,45.6869758423177],[-121.705832146137,45.6870298421099],[-121.703258146146,45.6873178419013],[-121.702160145874,45.6874528418316],[-121.700297146296,45.6874168419701],[-121.69756114603,45.6872368417632],[-121.694951146178,45.6873268423163],[-121.69280014591,45.6876778423149],[-121.691099145709,45.6882268424512],[-121.689830145645,45.6888028420339],[-121.689650146337,45.6889198420335],[-121.68790414586,45.6901168423748],[-121.686302145727,45.6914038423699],[-121.685231145801,45.6921598421594],[-121.683107145878,45.6933028418091],[-121.68161314623,45.6938698418761],[-121.679885145683,45.6942388418055],[-121.676879145556,45.6946528420115],[-121.674431145981,45.6948958424256],[-121.673414145846,45.6950848421481],[-121.671794145783,45.6953998422853],[-121.670732146272,45.6957148424225],[-121.66825714635,45.6966328424881],[-121.667834145729,45.6968038422799],[-121.666700145595,45.6971368423478],[-121.665296145601,45.6973708423469],[-121.663523145677,45.6976408422075],[-121.658240145766,45.6980818418599],[-121.653110145717,45.6984958420659],[-121.64781814629,45.6989368417183],[-121.642814145756,45.6993508419242],[-121.641095145624,45.6993238424778],[-121.637891146259,45.6991348418559],[-121.63417414572,45.6988198417187],[-121.63160014573,45.6988918423411],[-121.62980014636,45.6991078424094],[-121.627658145607,45.6997288422687],[-121.626182145889,45.7002688419899],[-121.625435145615,45.7006378419193],[-121.623896145691,45.7014028421239],[-121.622438145904,45.702275841913],[-121.620422145566,45.7031398421864],[-121.618982145709,45.7035988417696],[-121.618694145918,45.7037068422534],[-121.615202145862,45.7041928421824],[-121.610963146432,45.7041748422516],[-121.60460014618,45.7042198416288],[-121.596500145865,45.7046068423883],[-121.591820145883,45.7048948421796],[-121.587338146039,45.7051648420402],[-121.584377146188,45.7056148421077],[-121.581767146337,45.7062358419669],[-121.581299146339,45.7063438424508],[-121.578176146212,45.7067938416189],[-121.575224145878,45.7067218418959],[-121.571282145754,45.7069018421027],[-121.569176145762,45.7071088417561],[-121.568339145835,45.7072438416864],[-121.566818145841,45.7075138424463],[-121.565207146193,45.707864842445],[-121.554497146026,45.7100968419521],[-121.553084145617,45.7104028416742],[-121.55098714604,45.710843842226],[-121.55021314632,45.7111048416716],[-121.549520145838,45.7112758423627],[-121.547891146259,45.7117168420151],[-121.546487146265,45.7120408416679],[-121.545407145923,45.712274841667],[-121.542959146347,45.7125718418735],[-121.53927814567,45.712769842011],[-121.534724146102,45.7129048419413],[-121.534031145621,45.7129408418028],[-121.532717146179,45.7129858420794],[-121.529954145567,45.7129588417336],[-121.529594146053,45.7129588417336],[-121.522925146079,45.7128868420106],[-121.52181814629,45.7128778424949],[-121.520585146088,45.712769842011],[-121.516904146309,45.7118518419454],[-121.512251145774,45.7109338418798],[-121.508840145856,45.710276842159],[-121.508462146411,45.7102588422282],[-121.507823145722,45.7102048424359],[-121.507427146346,45.7101778420901],[-121.506617145865,45.7101238422979],[-121.505636145592,45.7100878424364],[-121.501955145813,45.7100158418141],[-121.501181146093,45.7099708424368],[-121.497869146244,45.7098088421608],[-121.495934146044,45.7096288419539],[-121.495754145837,45.7096108420231],[-121.49427814612,45.7094038423699],[-121.492217146404,45.7089268419566],[-121.491632146406,45.7087558421648],[-121.490363146342,45.7083778418204],[-121.487780145937,45.7075048420312],[-121.4855301456,45.7065688420349],[-121.474316145574,45.7011868420556],[-121.473074145855,45.7005928416427],[-121.472264146273,45.7002238417133],[-121.47126514607,45.6997828420609],[-121.470554145657,45.6994768423388],[-121.467809145875,45.6984148419278],[-121.463624146237,45.697028841864],[-121.460771145972,45.6960928418676],[-121.458710146256,45.6956248418694],[-121.456883145641,45.6954268417318],[-121.452095146074,45.6953638424238],[-121.449017146224,45.695183842217],[-121.4473611463,45.6949588417336],[-121.446605145611,45.694697842288],[-121.441043146324,45.691295841886],[-121.43797414599,45.6894148423775],[-121.436525145719,45.6886048418963],[-121.435319145862,45.6881818421747],[-121.43307814594,45.6876238416234],[-121.429910146436,45.6870838419022],[-121.423025146393,45.6861748422516],[-121.421567145707,45.686048841837],[-121.42022614592,45.686048841837],[-121.418723145856,45.6862108421131],[-121.412990145878,45.6870838419022],[-121.41033514575,45.687191842386],[-121.408454146242,45.6870658419714],[-121.405394146323,45.6865528416967],[-121.405394146323,45.6864808419737],[-121.404881146048,45.6864088422506],[-121.404764146048,45.6863908423199],[-121.402163145713,45.6860038424598],[-121.401308145854,45.6858868424602],[-121.400588145926,45.6857698424607],[-121.399031146071,45.6855718423231],[-121.395728145737,45.68548184177],[-121.394819146087,45.6855988417695],[-121.394594145603,45.685634841631],[-121.393289145677,45.6860938421135],[-121.391750145753,45.6867778421801],[-121.389572146038,45.6880648421751],[-121.387394146323,45.6897298416153],[-121.386602145772,45.6903328424431],[-121.380716145933,45.6945178420811],[-121.379582145799,45.6951658422862],[-121.378628145872,45.6954718420083],[-121.378106146082,45.6956338422844],[-121.377440145946,45.6957148424225],[-121.376783146225,45.6957958416612],[-121.376180146297,45.6957958416612],[-121.374938145679,45.6957058420074],[-121.370627145626,45.6945898418042],[-121.368539145565,45.6942298422898],[-121.367531145846,45.6941398417367],[-121.36417414572,45.6942568417362],[-121.362482145934,45.6944818422196],[-121.361132145732,45.694778842426],[-121.357325146438,45.6960388420753],[-121.354778145895,45.6965878422115],[-121.353734146314,45.6965878422115],[-121.350179146051,45.6960658424211],[-121.346327145581,45.6953818423545],[-121.344635145795,45.6952198420785],[-121.338002145682,45.6950758417331],[-121.33756114603,45.6950668422174],[-121.336580145757,45.6949768416643],[-121.335113145555,45.6948958424256],[-121.33318714577,45.6945808422885],[-121.329866146405,45.6934198418087],[-121.328417146134,45.6931138420866],[-121.326140146351,45.6929608422255],[-121.325366145731,45.6930508418792],[-121.316267146112,45.694697842288],[-121.313738146398,45.6947608424953],[-121.313360146054,45.694769842011],[-121.310552146065,45.6944908417354],[-121.308077146143,45.6938518419454],[-121.306511145873,45.6932308420861],[-121.30543114643,45.6925918422961],[-121.3032441463,45.690809841957],[-121.299860145829,45.6876958422458],[-121.297115146047,45.6857968419072],[-121.293371146062,45.6838798416378],[-121.292462146411,45.6832768417093],[-121.291247146139,45.6821158421288],[-121.290860146279,45.6818008419917],[-121.290428146142,45.6811888416481],[-121.290113146005,45.6804058424121],[-121.289492146146,45.6793618419319],[-121.288511145873,45.6781198422134],[-121.287791145945,45.6775708420771],[-121.286612146433,45.6770848421482],[-121.286324145743,45.6769678421486],[-121.285064146093,45.6766618424265],[-121.282553146311,45.6764098424966],[-121.2814911459,45.676274841667],[-121.278404145635,45.6758608423604],[-121.277360146054,45.6755998420155],[-121.273121145724,45.6744658418814],[-121.262204145905,45.6716218420308],[-121.251179145601,45.6690298421099],[-121.250576145673,45.6689398424562],[-121.249190145609,45.6687148419728],[-121.246553146311,45.6685258422502],[-121.243088145701,45.6684358416971],[-121.239632146406,45.6682198416288],[-121.224701145841,45.6654838422619],[-121.222784145572,45.6649258417106],[-121.221506145992,45.6643678420587],[-121.22017414572,45.6634138421315],[-121.220138145859,45.6632608422704],[-121.217762146006,45.661118842417],[-121.215638146084,45.6588778424948],[-121.213262146231,45.6565738423653],[-121.212380146027,45.6550348424404],[-121.211399145754,45.6516238416233],[-121.210706146172,45.6488698423257],[-121.209266146316,45.6429838424867],[-121.208951146178,45.6417238419381],[-121.208879145556,45.6399778423599],[-121.20923914597,45.6385648419502],[-121.209311145693,45.6384298420199],[-121.212128146097,45.6329488419718],[-121.213406145677,45.630509841912],[-121.214171145882,45.6283858419894],[-121.214351146088,45.6278818421297],[-121.214315146227,45.6269908424098],[-121.214162146366,45.6259198424831],[-121.213982146159,45.6248398421413],[-121.213811146367,45.6242728420744],[-121.213667146022,45.6237688422146],[-121.213487145815,45.6233998422853],[-121.213298146093,45.62300384201],[-121.211930145959,45.6202048424359],[-121.210859146033,45.6180178423059],[-121.21067014631,45.617675841823],[-121.209806146037,45.6160378418293],[-121.209527145761,45.6155248424539],[-121.209176145762,45.6148408423873],[-121.209086146109,45.6147148419727],[-121.208456145834,45.6138958419759],[-121.206980146117,45.6123208421895],[-121.206170145636,45.6116368421229],[-121.205873146329,45.6112768417092],[-121.204469146334,45.6102328421283],[-121.203002146132,45.6093508419242],[-121.201346146208,45.6083518417205],[-121.200338145589,45.6078748422065],[-121.198997145802,45.6074068422083],[-121.197116146293,45.6070468417946],[-121.196765146294,45.6070018424174],[-121.193894146098,45.606623842073],[-121.192976146032,45.6065068420734],[-121.192517146449,45.6064438418661],[-121.191905146106,45.6063898420739],[-121.188836145771,45.606065842421],[-121.187927146121,45.6057868421454],[-121.187576146122,45.6056338422843],[-121.186856146194,45.605345842493],[-121.186586146334,45.6052378420091],[-121.186397145712,45.6051748418019],[-121.185407145923,45.6047248417344],[-121.184975145786,45.6045268424961],[-121.183103145793,45.6036988420842],[-121.182203145659,45.603302841809],[-121.181879146006,45.6031768422938],[-121.180601146426,45.6026548425033],[-121.177406145677,45.6013588420932],[-121.173896145691,45.6002968416823],[-121.173770146175,45.6002068420285],[-121.169927146121,45.5995768417542],[-121.169081145778,45.5994958416161],[-121.168424146057,45.5994058419623],[-121.167353146131,45.5993158423086],[-121.164851145864,45.5992708420321],[-121.163123146216,45.5993698421008],[-121.160090145744,45.5995408418927],[-121.156904146309,45.5998198421683],[-121.144979145871,45.6013948419547],[-121.14393514629,45.601529841885],[-121.142720146018,45.6017548423684],[-121.139876146167,45.6022678417438],[-121.138526145965,45.6025558424345]],[[-119.117882144046,46.9846408426593],[-119.117918143907,46.9901128431916],[-119.118287143837,46.9917508431854],[-119.119160143626,46.9932628427645],[-119.119295143556,46.9933978426948],[-119.119430144386,46.9935508434552],[-119.119502144109,46.9936228431782],[-119.120996143757,46.9951078433108],[-119.125631144362,46.9989868432267],[-119.12598214436,46.9993018433639],[-119.126117144291,46.9994188433634],[-119.126675143943,46.9998598430159],[-119.13111214441,47.003648843278],[-119.138384144313,47.0098138433927],[-119.142767144088,47.0135398434475],[-119.160020143815,47.0282188431836],[-119.168651144335,47.0355088430173],[-119.177264144025,47.0428438431275],[-119.192537144174,47.0557858428011],[-119.194040144237,47.0571538429341],[-119.194607144304,47.0576488432781],[-119.198414143598,47.0607808429202],[-119.209475143763,47.0702758428145],[-119.215154143949,47.0750368429346],[-119.229806144238,47.0874838431635],[-119.235962143938,47.0927218427975],[-119.237726144346,47.0941618426536],[-119.242424144259,47.0979868427773],[-119.243540143563,47.0990398427733],[-119.244440143698,47.0998858431159],[-119.244935144042,47.1003898429756],[-119.245133144179,47.1005158433902],[-119.245511143624,47.1007768428358],[-119.246483144382,47.1017308427629],[-119.247050144449,47.1021178426231],[-119.251127143603,47.1055108426101],[-119.256473143721,47.1099838429387],[-119.256599144135,47.1103168430067],[-119.256734144065,47.1106948433511],[-119.256770143927,47.1114418427257],[-119.256806143788,47.1124048430678],[-119.256797144273,47.1140428430615],[-119.256788143858,47.1148708434734],[-119.256788143858,47.1155098432634],[-119.256779144342,47.1164008429833],[-119.256779144342,47.116490842637],[-119.256779144342,47.1166168430517],[-119.256770143927,47.1185698431825],[-119.256770143927,47.1188758429046],[-119.256869143996,47.1202708433835],[-119.256851144065,47.1212608431722],[-119.256824143719,47.1237358430935],[-119.256851144065,47.1240238428848],[-119.256923143788,47.1248608428124],[-119.256914144272,47.1252658435027],[-119.256914144272,47.1256618428786],[-119.256914144272,47.1277858428012],[-119.256896144342,47.1293428426568],[-119.256878144411,47.1310708432037],[-119.256950144134,47.131277842857],[-119.256986143995,47.1347788433278],[-119.256986143995,47.135093843465],[-119.257553144062,47.136596842629],[-119.257994143715,47.1372088429726],[-119.258156143991,47.1374158426259],[-119.259119144333,47.1382888433143],[-119.259992144122,47.1388198426205],[-119.261261144186,47.1392248433107],[-119.26237714439,47.1395038426871],[-119.263934144245,47.1400258433768],[-119.268902144019,47.1414388428872],[-119.270252144221,47.1418168432316],[-119.271908144146,47.1422938427455],[-119.275319144063,47.1432658435027],[-119.275760143716,47.1432838434335],[-119.277326143986,47.1433738430872],[-119.278496143982,47.1434908430868],[-119.279513144116,47.1435988426713],[-119.281682144315,47.1443098430836],[-119.28322114424,47.145092843219],[-119.284571144443,47.1457858428013],[-119.285102143749,47.1460558426619],[-119.288405144082,47.1473338431412],[-119.294210143783,47.1496108429249],[-119.297360144255,47.1508618430585],[-119.299322143902,47.1516268432631],[-119.300456144036,47.1520768433305],[-119.309033143864,47.1553978426952],[-119.309663144139,47.1556408431093],[-119.31095914365,47.1561538433841],[-119.311319144063,47.1562618429686],[-119.312111143714,47.1566308428979],[-119.312363143644,47.156720843451],[-119.318123143968,47.158979843304],[-119.322209144436,47.1605818434362],[-119.322560144435,47.1608068430203],[-119.323010143603,47.1611038432267],[-119.32330714381,47.1614728431561],[-119.323352144086,47.1615088430176],[-119.323937144084,47.1622018434992],[-119.3257641438,47.1645958432825],[-119.326628144074,47.166404843068],[-119.326799143865,47.1667198432051],[-119.327420143725,47.1680878433382],[-119.328635143997,47.1706438433976],[-119.32872514365,47.1708778433967],[-119.328779144342,47.1709768434655],[-119.330030143576,47.1734518433868],[-119.331110143918,47.175269842688],[-119.332253143568,47.176889842751],[-119.33372014377,47.1787168433666],[-119.335250144179,47.1804898432906],[-119.336285144244,47.1813538426647],[-119.337464143755,47.1823978431449],[-119.337527143963,47.1824878427987],[-119.339219143748,47.1836578427942],[-119.339435143817,47.1837748427937],[-119.341415144293,47.1852508434107],[-119.342423144013,47.1858358434084],[-119.343530143801,47.1864838427141],[-119.348759143919,47.1897958434624],[-119.362682143866,47.1985888433594],[-119.363078144141,47.1988408432892],[-119.376137143814,47.2071388428424],[-119.405423143563,47.2258768427012],[-119.407691143831,47.2273078430416],[-119.428310144098,47.2403848426455],[-119.439083143572,47.2486828430978],[-119.440667143774,47.2498618435084],[-119.444213143622,47.252534842668],[-119.450000144291,47.2570078429967],[-119.450315144428,47.2572508434109],[-119.450864143665,47.2576738431325],[-119.455670144062,47.2613818432566],[-119.457263143779,47.2625968426294],[-119.457839144261,47.2630468426968],[-119.467406143878,47.2704088431527],[-119.467406143878,47.2705168427373],[-119.46757714367,47.2705708434289],[-119.470601143728,47.2729378428663],[-119.470700143797,47.2733968433488],[-119.470772144419,47.2735768426564],[-119.47092514428,47.2739188431393],[-119.471069143726,47.2739548430008],[-119.471123144418,47.2745218430678],[-119.471609144346,47.2759798428547],[-119.473121143926,47.2821178426236],[-119.473157143787,47.2826038434519],[-119.473391143786,47.2833958431029],[-119.477630144116,47.3007748432437],[-119.477702143839,47.3014048426186],[-119.477936143838,47.3019988430315],[-119.478413144251,47.3043298435068],[-119.47851214432,47.3044018432298],[-119.478953143972,47.3064988428066],[-119.479052144041,47.3066068432905],[-119.479214144317,47.3074978430103],[-119.48120314431,47.3156338431866],[-119.482418143682,47.3206378437208],[-119.482553143613,47.3211868438571],[-119.482823144373,47.322734844197],[-119.482931143957,47.3241658436381],[-119.482823144373,47.3255248442555],[-119.482292144167,47.3276848440397],[-119.478539143766,47.3402938436453],[-119.475695143916,47.3498608441621],[-119.475560143985,47.3520118444305],[-119.476172144329,47.3565658439979],[-119.476433143775,47.3577358439934],[-119.476469143636,47.3586988443356],[-119.476622144396,47.3595268438482],[-119.476739144396,47.3601748440532],[-119.476937143634,47.3616688437016],[-119.476973144395,47.3618758442543],[-119.477279144117,47.3641888438994],[-119.477756143631,47.3654038441715],[-119.478566144112,47.3676628440245],[-119.478665144181,47.367698843886],[-119.479070143972,47.3690308441576],[-119.479304143971,47.3695078436715],[-119.481122144172,47.3748628442044],[-119.482634143751,47.3790568442574],[-119.482697143958,47.3796328438401],[-119.482796144027,47.3796868436324],[-119.483075144302,47.3812798442489],[-119.48313814361,47.3832508443105],[-119.48313814361,47.3836828444472],[-119.48313814361,47.3841958438226],[-119.48313814361,47.3842678444449],[-119.48313814361,47.3846188444436],[-119.48315614444,47.3850868444418],[-119.48315614444,47.3851678436806],[-119.48315614444,47.3855638439557],[-119.48315614444,47.3860138440232],[-119.48315614444,47.3865358438137],[-119.483165143956,47.3870308441576],[-119.483174144371,47.3870938443649],[-119.483183143887,47.3875708438789],[-119.483183143887,47.3879758436698],[-119.483183143887,47.3880118444306],[-119.483183143887,47.388461844498],[-119.483219143748,47.3894158444252],[-119.483219143748,47.3898298437318],[-119.483219143748,47.3898928439391],[-119.483219143748,47.3903518444216],[-119.483219143748,47.3907748441433],[-119.483219143748,47.3911798439342],[-119.483489143609,47.3920348437925],[-119.483714144092,47.3927548437206],[-119.484524143674,47.3944918437831],[-119.484704143881,47.3954728440561],[-119.484731144227,47.395958843985],[-119.484875143673,47.3979838438389],[-119.484875143673,47.3980288441154],[-119.484875143673,47.3980738443919],[-119.485082144226,47.3992618443182],[-119.485235144087,47.3996128443169],[-119.485766144292,47.4008998443119],[-119.486090143945,47.4017098438937],[-119.486801144357,47.4027808438204],[-119.48712514401,47.4031048443726],[-119.489222143587,47.4051838440187],[-119.489888143723,47.4061108444994],[-119.490374143652,47.4071368441496],[-119.490401143998,47.407433844356],[-119.490536143928,47.407505844079],[-119.49239014399,47.4120778444765],[-119.492489144059,47.4121408437845],[-119.492822144127,47.4130768437809],[-119.493272144194,47.4143098439837],[-119.494514143913,47.4191788436883],[-119.494550143774,47.4210778440269],[-119.494793144188,47.4218518437472],[-119.495090144395,47.4223828439527],[-119.496305143767,47.4238408437396],[-119.497079144387,47.4247048440129],[-119.497160143626,47.4247498442895],[-119.497277143625,47.4248398439432],[-119.49765514397,47.4253888440795],[-119.498609143897,47.4266398442131],[-119.499275144033,47.427611844071],[-119.500724144304,47.4306988443358],[-119.505161143872,47.4399508438161],[-119.505287144286,47.4403378436762],[-119.506304144421,47.4423898438758],[-119.507906143654,47.445683843794],[-119.508356143721,47.4465298441366],[-119.510300144336,47.4505078441214],[-119.512334143706,47.4550078438966],[-119.513729144185,47.4582478440225],[-119.51412514356,47.4597328441551],[-119.514197144183,47.4602008441533],[-119.514575143628,47.46281984442],[-119.514656143766,47.4640348437927],[-119.514800144111,47.4661048439231],[-119.515070143972,47.4686518444668],[-119.515808143831,47.4733588438953],[-119.515880143554,47.47451084396],[-119.5159071439,47.4748348436129],[-119.515574143832,47.4771028438809],[-119.514422143767,47.4807838436592],[-119.514557143697,47.4836818442015],[-119.513504143701,47.4870658437735],[-119.512289144329,47.4906208440365],[-119.512145143983,47.4914398440334],[-119.510192143852,47.4961558438769],[-119.509310143648,47.4981358443535],[-119.508464144205,47.499863844001],[-119.507789143654,47.5008718437204],[-119.506070144422,47.5026088437829],[-119.50526014394,47.5039588439853],[-119.504171144083,47.5067398436288],[-119.503496144431,47.5078828441778],[-119.502353143882,47.5094308436184],[-119.501840143608,47.510285844376],[-119.501696144162,47.5133188439493],[-119.501696144162,47.5158118438014],[-119.501669143816,47.5161088440078],[-119.501624144439,47.5166308437983],[-119.501516143955,47.5170898442808],[-119.501309144302,47.5175398443482],[-119.500895144096,47.5182598442762],[-119.499689144239,47.5202218439228],[-119.497799144315,47.523371844395],[-119.496089143699,47.5260628443847],[-119.49482914405,47.5275928438945],[-119.492075143853,47.5310758444346],[-119.490788143858,47.5321018440847],[-119.490554143859,47.5322818442916],[-119.48840314359,47.5338658444931],[-119.486936144288,47.5348108440052],[-119.486612143735,47.5350178436585],[-119.485532144293,47.5356568443478],[-119.484965144226,47.5359898444157],[-119.478989143834,47.5390768437813],[-119.475182143641,47.5409578441891],[-119.473067144133,47.5417948441167],[-119.472059144414,47.5420198437007],[-119.470493144143,47.5423888436302],[-119.469719144423,47.5426858438366],[-119.469557144147,47.5426678439058],[-119.468171144083,47.5440988442462],[-119.4678291436,47.5445848441752],[-119.467595143601,47.5449718440353],[-119.467523143878,47.5456288437561],[-119.467388143948,47.5468888443047],[-119.467262144432,47.5473748442336],[-119.466821143881,47.5478878445084],[-119.464463143959,47.5498048438784],[-119.463914143823,47.5508218440129],[-119.463779143892,47.5517308436635],[-119.46345514424,47.5522798437997],[-119.460917144111,47.5550698438582],[-119.460071143768,47.556230844338],[-119.459324144394,47.5576978436406],[-119.459225144325,47.558156844123],[-119.459126144256,47.5582018443996],[-119.458694144119,47.5592998437728],[-119.458118143637,47.560190844392],[-119.456876143919,47.5617208439018],[-119.456471144128,47.5627198441055],[-119.456066144337,47.5633948437571],[-119.454851144065,47.5644838436145],[-119.453672143655,47.5662028437462],[-119.453123144418,47.5666978440903],[-119.451332143663,47.5676788443632],[-119.449991143876,47.5686598437368],[-119.448065144091,47.5695778438025],[-119.446706144373,47.5704418440759],[-119.44611214396,47.5707118439365],[-119.445599143685,47.5709278440048],[-119.440469143636,47.5717558444167],[-119.436554143859,47.5725928443443],[-119.436140143653,47.5727098443439],[-119.436005143722,47.5727548437211],[-119.433278143871,47.5736728437868],[-119.430812144365,47.5749688441969],[-119.429624144439,47.5757248439864],[-119.426789144104,47.5775248442562],[-119.423594144254,47.5793788443183],[-119.42141614364,47.5809088438281],[-119.420111143714,47.5822858443763],[-119.419031144272,47.5836268441636],[-119.417375144347,47.58520184395],[-119.413883144292,47.5882888442149],[-119.413082144226,47.5889998437279],[-119.412218143952,47.5895848437256],[-119.411831144092,47.5898368436555],[-119.410535143682,47.5905118442064],[-119.408105144037,47.5917718438556],[-119.406566144112,47.5927348441978],[-119.405171143633,47.5937518443322],[-119.404262143983,47.594408844053],[-119.401166144202,47.5960828439082],[-119.399375144347,47.5968298441821],[-119.399024144349,47.5970098443889],[-119.39879014435,47.5970818441119],[-119.396900144426,47.5978288443858],[-119.395181144294,47.5982158442459],[-119.39402914423,47.5981978443152],[-119.393183143887,47.5981078437621],[-119.391428143894,47.5976758436254],[-119.388665144181,47.596667843906],[-119.387756143631,47.5964068444604],[-119.386730143981,47.5962988439766],[-119.385083143572,47.5964788441834],[-119.384498143574,47.5966048436987],[-119.383661143647,47.5968028438363],[-119.383220143994,47.5969828440431],[-119.382239143721,47.597387843834],[-119.37937714394,47.598935844174],[-119.378639144081,47.5993408439649],[-119.376137143814,47.6006908441672],[-119.373554144308,47.6021488439541],[-119.361584143593,47.6088898436515],[-119.360477143805,47.6096278444097],[-119.356490144305,47.6122918440535],[-119.351819143838,47.6154148441799],[-119.34993814433,47.6166748438292],[-119.347427143648,47.6183488436844],[-119.345456143586,47.6193658438188],[-119.341604144016,47.6213098444339],[-119.341424143809,47.6213998440877],[-119.334791143696,47.6247838436597],[-119.334611144389,47.6248738442128],[-119.333459144324,47.6254408442797],[-119.333306143564,47.6255218444178],[-119.332451135611,47.6259534128799],[-119.332019143569,47.6262868437231]],[[-118.854794144434,46.6514698433164],[-118.855973143945,46.64898584298],[-118.857233143595,46.6462858434746],[-118.85892514428,46.6430638432795],[-118.859933143999,46.6419928433528],[-118.860023143653,46.641893843284],[-118.860167143998,46.6417588433537],[-118.860617144066,46.6414258432858],[-118.861814144407,46.6405888433582],[-118.863137144264,46.6399228432224],[-118.870337144444,46.636880843234],[-118.874756144081,46.6347118430348],[-118.876106144283,46.6339558432453],[-118.879796143577,46.6318228429076],[-118.884674143697,46.6285378434045],[-118.89029914409,46.6248658431419],[-118.901936143838,46.6174768432394],[-118.915202144064,46.60952084327],[-118.917362143848,46.6081258427911],[-118.917659144054,46.6080358431373],[-118.919252143771,46.606991842657],[-118.926578144366,46.6025278427434],[-118.927937144084,46.6018888429534],[-118.929800143662,46.6011598426103],[-118.932356143721,46.6003678429592],[-118.937090144395,46.5993058434476],[-118.94379514423,46.597478842832],[-118.955495144186,46.5939778432605],[-118.95728614404,46.5933208426404],[-118.959797143823,46.5920158427146],[-118.961516143955,46.5907378431346],[-118.966214143868,46.5859048432915],[-118.969040143788,46.5838618435069],[-118.977950143684,46.57828184339],[-118.985537143724,46.573178842787],[-118.987274143787,46.571900843207],[-118.988822144127,46.5707578426579],[-118.991000143842,46.5686428431503],[-118.992494144389,46.566887843157]],[[-118.412282142607,46.7013028427099],[-118.412912142881,46.7011138429873],[-118.415009143357,46.6999708433376],[-118.422839142912,46.6970458433488],[-118.424009142908,46.6964788432818],[-118.432505142598,46.6908088426118],[-118.435673143001,46.6888018426887],[-118.443071143319,46.6837258433308],[-118.443674143247,46.6834288431244],[-118.443800142762,46.6831858427103],[-118.444232142899,46.6831228434023],[-118.44542914324,46.6824748431973],[-118.455230142857,46.6778758433533],[-118.45582414327,46.6776868427314],[-118.45609414313,46.6774168428708],[-118.460666142628,46.6752838434324],[-118.475732143124,46.6682548430443],[-118.476236142984,46.668110842699],[-118.476308142707,46.6679308433915],[-118.483922143092,46.6643758431284],[-118.484039143092,46.6643128429211],[-118.484300143437,46.6640608429913],[-118.484777142951,46.6639708433375],[-118.487495143286,46.6626928428582],[-118.487918143008,46.6626028432045],[-118.487954142869,46.6624858432049],[-118.488953143073,46.6620178432067],[-118.489457142933,46.6618918427921],[-118.489457142933,46.6618198430691],[-118.490582142652,46.6611268434868],[-118.49159014327,46.6604158430744],[-118.492373143406,46.6598758433532],[-118.495721143116,46.656914843503],[-118.496657143113,46.6562668432979],[-118.497440143248,46.6554388428861],[-118.497620142556,46.6550968433024],[-118.497737142555,46.6548718428191],[-118.4979981429,46.6541248434445],[-118.49850214276,46.6529188426882],[-118.499465143102,46.6520818427606],[-118.500023142754,46.6517848434535],[-118.501094142681,46.6514338434549],[-118.504604142667,46.6508308426271],[-118.505054142734,46.6507498433883],[-118.513181143395,46.6505968426279],[-118.517465143102,46.650614843458],[-118.519490142956,46.6509028432494],[-118.521470143432,46.6510288427647],[-118.521578143017,46.6510378431797],[-118.523396143217,46.6510378431797],[-118.524701143143,46.6508488434571],[-118.526492142998,46.6502818433901],[-118.529678143332,46.6490758426338],[-118.531235143187,46.6486348429813],[-118.534259143245,46.6479958431914],[-118.540415142944,46.6469788430569],[-118.54352014314,46.6464748431972],[-118.546058143269,46.6461598430601],[-118.549217143256,46.6457728431999],[-118.549667143324,46.6457188434076],[-118.549793142839,46.6455298427857],[-118.550918142558,46.6454218432013],[-118.552484142829,46.644872843065],[-118.552880143104,46.6447288427197],[-118.553708142617,46.6445578429278],[-118.555274142887,46.6440808434139],[-118.556588143228,46.6436848431387],[-118.55662414309,46.6435768426549],[-118.55726314288,46.6435138433469],[-118.557794143085,46.6434778434854],[-118.55805514343,46.6432888428635],[-118.558982143011,46.6431628433483],[-118.559153142803,46.6430008430722],[-118.559909142593,46.6428838430727],[-118.560179143353,46.6428748426576],[-118.560971143004,46.6428118433496],[-118.561025142796,46.6428208428653],[-118.561763142655,46.6429288433492],[-118.563923143338,46.6432438434864],[-118.564859143335,46.6433158432094],[-118.565408142572,46.6434328432089],[-118.567082143326,46.6438018431383],[-118.588322142553,46.6479778432606],[-118.588952142827,46.6480138431221],[-118.599140143203,46.6501018431832],[-118.601003142781,46.650191842837],[-118.602992142773,46.6501738429063],[-118.610660142951,46.649480843324],[-118.611983142808,46.6491658431868],[-118.612757143427,46.6487698429117],[-118.613432143079,46.6482928433977],[-118.613936142939,46.6475098432624],[-118.61410714273,46.6467808429193],[-118.614269143007,46.6465108430587],[-118.614233143145,46.6458718432687],[-118.614269143007,46.6456918430619],[-118.61447614266,46.6445668433429],[-118.61462914342,46.6440988433447],[-118.614800143212,46.6439728429301],[-118.615097143418,46.6433968433474],[-118.61615914293,46.6423168430056],[-118.618022143407,46.6406428431504],[-118.61937214271,46.6395988426702],[-118.620101143053,46.6391218431563],[-118.622630142767,46.6378168432304],[-118.626104142892,46.6362598433748],[-118.631000142942,46.6346218433811],[-118.636184143683,46.6325608427664],[-118.637705143677,46.6321558429755],[-118.639370144017,46.6318858431149],[-118.64060314422,46.63162484277],[-118.64149414394,46.6312918427021],[-118.642619143659,46.6305088434661],[-118.647398143709,46.6259188431378],[-118.64871214405,46.6248658431419],[-118.649828144253,46.6241458432138],[-118.650224143629,46.6239028427997],[-118.650530144251,46.6237948432152],[-118.651052144041,46.6235968430775],[-118.651358143763,46.623488843493],[-118.653158144033,46.6230298430105],[-118.655570143747,46.6225348426666],[-118.662797144273,46.6210768428797],[-118.665065143641,46.6206808435038],[-118.667135143772,46.6204558430204],[-118.674182144091,46.6202758428136],[-118.687052144041,46.6202758428135],[-118.689797143823,46.6202218430214],[-118.701200143572,46.6202848432286],[-118.706699143551,46.6203118426751],[-118.707689144239,46.6203118426751],[-118.711919144153,46.6203298435052],[-118.712117144291,46.6205908429508],[-118.712414143598,46.6207888430883],[-118.720550143774,46.6243438433514],[-118.721360144255,46.6248658431419],[-118.721837143769,46.6253698430016],[-118.721837143769,46.6254868430011],[-118.722665144181,46.6266118427201],[-118.722737143904,46.6267198432039],[-118.723358143763,46.6277098429926],[-118.7236731439,46.6282048433366],[-118.724330143621,46.6287808429193],[-118.725194143895,46.6290958430565],[-118.726553143613,46.6293208426404],[-118.729370144017,46.6295278431931],[-118.731665143731,46.6296898434692],[-118.743707144169,46.6310128433258],[-118.751105143587,46.6316698430465],[-118.75528114371,46.6320838432525],[-118.757540143563,46.6326958426967],[-118.75940314404,46.6335868433159],[-118.760717144381,46.6340998426913],[-118.761878143961,46.634387843382],[-118.763354143679,46.6345858426203],[-118.763705143677,46.6346218433811],[-118.766828143804,46.6347388433806],[-118.771913143577,46.6347028426198],[-118.77200314413,46.6347028426198],[-118.774334143706,46.6346758431733],[-118.78398214436,46.6345948430353],[-118.786304144421,46.6345678426895],[-118.790579143712,46.6346218433811],[-118.795331144317,46.6346848426891],[-118.800992143672,46.6347028426198],[-118.813988144038,46.6378258427462],[-118.81495114438,46.6382218430214],[-118.817930144161,46.6394278428784],[-118.827173144125,46.643180843279],[-118.842950144134,46.6479778432606],[-118.846172144329,46.6489588426342],[-118.853030144026,46.6510378431797],[-118.854794144434,46.6514698433164]],[[-117.971561143332,46.5098818430301],[-117.97241614319,46.5107188429577],[-117.972551143121,46.5111598426101],[-117.972614143328,46.511339842817],[-117.972929142566,46.5121048430216],[-117.973082143326,46.5124828433661],[-117.974081142631,46.5129778428107],[-117.974675143043,46.5130228430872],[-117.981560143086,46.511906842884],[-117.983378143287,46.5116998432307],[-117.984305142868,46.5116818432999],[-117.985367143279,46.5114298433701],[-117.986366142583,46.5108988431646],[-117.987383142718,46.5105118433044],[-117.988355142576,46.5103498430283],[-117.995663143239,46.5091618431021],[-118.00106314315,46.5086488428273],[-118.00363714314,46.5082888433129],[-118.004888143273,46.5078838426227],[-118.006058143269,46.5073708432473],[-118.006958143404,46.5071728431097],[-118.01072014332,46.5068488434568],[-118.01238514276,46.5064618426973],[-118.01509414268,46.5060118426299],[-118.017506143294,46.5056878429771],[-118.01753314274,46.5055708429775],[-118.018640143428,46.5055078427702],[-118.021088143003,46.504886842911],[-118.023176143065,46.5041128431907],[-118.02446314306,46.5038608432608],[-118.029026143042,46.5031678427792],[-118.030367142829,46.5031678427792],[-118.031825142616,46.5033388434703],[-118.032032143169,46.5033658429168],[-118.038296143352,46.5044638431893],[-118.041158143134,46.5052828431862],[-118.043867143054,46.5061108426987],[-118.046378142837,46.5067768428345],[-118.049024143449,46.5072268429019],[-118.051013143442,46.5073888431781],[-118.061408142572,46.5070018433179],[-118.062677142636,46.5067768428345],[-118.064819143389,46.5060208430449],[-118.065710143109,46.5058408428381],[-118.066835142828,46.5057688431151],[-118.069220143095,46.5059758427684],[-118.070435143367,46.5062188431825],[-118.075052143142,46.5075508434542],[-118.076177142861,46.5077758430382],[-118.077698142855,46.5080728432446],[-118.078121142577,46.5081268430369],[-118.07974114264,46.5083248431744],[-118.085078143242,46.5087118430346],[-118.086698143305,46.509008843241],[-118.094150143414,46.5108808432338],[-118.095005143273,46.5109708428876],[-118.100180142699,46.5112948434398],[-118.100909143042,46.5113848430935],[-118.101971142554,46.5117268426771],[-118.103393143379,46.5122758428134],[-118.104680143374,46.5125278427432],[-118.105634143301,46.512554843089],[-118.108721142667,46.5129058430877],[-118.109306142664,46.5130678433638],[-118.109558142594,46.513121843156],[-118.111070143073,46.5137068431538],[-118.113464142856,46.5149218434258],[-118.115057142573,46.5156238434231],[-118.117388143048,46.5168298432802],[-118.117730142632,46.517000843072],[-118.120313143037,46.5185128426511],[-118.120529143105,46.5186118427198],[-118.121357142618,46.5189988434793],[-118.123967143369,46.5202408431979],[-118.125740143293,46.521122843402],[-118.126073143361,46.521194843125],[-118.126505142598,46.5213838428476],[-118.127477143355,46.5217708427077],[-118.135685143255,46.525802843384],[-118.135721143116,46.5259378433143],[-118.136108142976,46.5259828426915],[-118.136837143319,46.526351842621],[-118.136909143042,46.5264598431048],[-118.137539143317,46.5266488428274],[-118.138151142761,46.5269638429645],[-118.1400501431,46.5279268433067],[-118.140779143443,46.5285748426124],[-118.141535143232,46.5295828432312],[-118.14173314337,46.5299878430221],[-118.141670143163,46.5300778426758],[-118.145171142734,46.5335968430774],[-118.145351142941,46.5337678428692],[-118.147277142726,46.5352348430711],[-118.15187614257,46.5375118428548],[-118.152425142706,46.5378988427149],[-118.152803143051,46.5379348434758],[-118.152965143327,46.5382678426444],[-118.154288143183,46.5392758432631],[-118.158590142821,46.541525842701],[-118.161002143434,46.5426148434578],[-118.164017143077,46.5439828426916],[-118.16641114286,46.5448288430342],[-118.16782414327,46.5451888434479],[-118.176086142961,46.5465208428202],[-118.178228142815,46.5475288434389],[-118.17926314288,46.5486898430194],[-118.179587143432,46.5496528433616],[-118.179488143363,46.5504808428741],[-118.178174143022,46.5542698431363],[-118.177832143439,46.5557098429924],[-118.177877142816,46.5569158428494],[-118.17800314323,46.5575098432622],[-118.178399142606,46.55809484326],[-118.182008142662,46.5601738429061],[-118.183502143209,46.5611278428333],[-118.184780142789,46.5624238432434],[-118.18516714265,46.5628198426192],[-118.186175143268,46.5641338429601],[-118.186454142645,46.5645118433045],[-118.188596143397,46.5662038430904],[-118.193879143308,46.5683008426674],[-118.19457214289,46.5684628429434],[-118.197119143434,46.5694888434929],[-118.199513143217,46.5702448432825],[-118.199639142732,46.5704248434893],[-118.201925142931,46.571405842863],[-118.202987143342,46.5720268427222],[-118.205939142777,46.574393843059],[-118.209818142693,46.5774898428396],[-118.209953142623,46.5776968433922],[-118.21025014283,46.5778048429767],[-118.21462414309,46.5815308430316],[-118.214930142812,46.5816028427546],[-118.215029142881,46.5817918433765],[-118.217711143355,46.5843928428131],[-118.218386143006,46.5852388431557],[-118.218935143142,46.5869308429417],[-118.21901614328,46.5872098432173],[-118.219313142587,46.588280843144],[-118.219538143071,46.5899458434835],[-118.219808142931,46.5919168426458],[-118.219871143139,46.5923758431283],[-118.219934143346,46.5928528426422],[-118.219970143207,46.5931138429871],[-118.220105143138,46.5932128430559],[-118.220069143276,46.593671842639],[-118.220573143136,46.5963178432515],[-118.220834142582,46.5971368432484],[-118.221077142996,46.5972808426944],[-118.221914142923,46.5979198433837],[-118.222265142922,46.5981718433136],[-118.22348914271,46.5986038434502],[-118.223669142917,46.5987388433806],[-118.22375914257,46.5988018426885],[-118.223840142708,46.5988648428958],[-118.224065143192,46.5990178427569],[-118.224857142843,46.5998368427537],[-118.22492014305,46.600241843444],[-118.224164143261,46.602095843506],[-118.224191142707,46.6028608428113],[-118.224362143398,46.6032388431557],[-118.225658142909,46.6043638428747],[-118.225757142978,46.6045888433581],[-118.225685143255,46.605074843287],[-118.225415143394,46.6054168428707],[-118.223075143403,46.6068298432803],[-118.222337142645,46.6075948434849],[-118.222112143061,46.607981843345],[-118.222112143061,46.6094218432012],[-118.222283142853,46.6097638427848],[-118.222607143405,46.6104208434049],[-118.22337214271,46.6111048434714],[-118.229105142688,46.6144348432511],[-118.229735142962,46.6149748429723],[-118.230500143167,46.6157938429692],[-118.232660142951,46.6219858434297],[-118.232966142673,46.62275984315],[-118.233128142949,46.6227778430807],[-118.233128142949,46.6229398433568],[-118.234091143292,46.624127843283],[-118.235297143149,46.6248748426576],[-118.237439143002,46.6259098427228],[-118.238600142582,46.626386843136],[-118.239761143062,46.627097842649],[-118.240724143404,46.6278268429921],[-118.241228143264,46.6300588433986],[-118.241426143402,46.6332898431095],[-118.241660143401,46.6336858433847],[-118.242200143122,46.6342078431751],[-118.243514142564,46.6351888434481],[-118.244756143181,46.6366108433734],[-118.245053143388,46.6375018430933],[-118.244990143181,46.6383748428824],[-118.244621143251,46.6395628428087],[-118.244522143182,46.6404718433586],[-118.244594142905,46.6407868434958],[-118.245422143317,46.6420738434908],[-118.246214142968,46.6430458433487],[-118.246682142966,46.6437118434846],[-118.247321142757,46.6442158433442],[-118.247951143031,46.6445398429971],[-118.249274142887,46.6449178433416],[-118.249832143439,46.6452328434787],[-118.251083142673,46.6457098429926],[-118.253207142595,46.6466368434733],[-118.253936142939,46.6471138429872],[-118.254233143145,46.6471948431253],[-118.254971143004,46.6480678429144],[-118.255097143418,46.6485628432583],[-118.255196142588,46.6486078426356],[-118.255763142655,46.6498138433919],[-118.255700143347,46.6499308433914],[-118.25705014265,46.652378842967],[-118.257392143133,46.6528108431037],[-118.258805142643,46.6536838428928],[-118.260938142981,46.6547368428887],[-118.265078143242,46.6570138426725],[-118.26643714296,46.6578508434994],[-118.268723143159,46.65939884294],[-118.268912142881,46.6595248433546],[-118.269164142811,46.6596958431464],[-118.274897142789,46.6638088430615],[-118.276967142919,46.6648348427116],[-118.284329143375,46.6672738427714],[-118.284554142959,46.667327843463],[-118.284698143305,46.6673818432553],[-118.286462142814,46.6680928427683],[-118.28765014274,46.6687048431118],[-118.289234142941,46.6690288427646],[-118.295390142641,46.6695958428317],[-118.302662143443,46.6691908430408],[-118.305686142601,46.6688488434572],[-118.306280143014,46.6688488434572],[-118.307405142733,46.6689388431109],[-118.310960142996,46.6699918431069],[-118.312553142713,46.6703608430363],[-118.313579143263,46.6704868434509],[-118.317962143038,46.6718368427539],[-118.32225514316,46.6733758426788],[-118.323578143017,46.6742938427444],[-118.323740143293,46.6743658433668],[-118.323884142739,46.674419843159],[-118.324433142875,46.6748968426729],[-118.325009143357,46.6752028432944],[-118.325369142872,46.6752568430866],[-118.327466143348,46.6752568430866],[-118.327565143417,46.6752028432944],[-118.328609142997,46.6747348432962],[-118.329104143342,46.6747798426734],[-118.329554143409,46.6751038432256],[-118.329896142993,46.6755718432238],[-118.331039142642,46.6760218432912],[-118.332470142983,46.6771558434252],[-118.333532143394,46.6776508428699],[-118.33586314297,46.6778758433533],[-118.337591142617,46.6779208427305],[-118.339121143026,46.677803842731],[-118.340750142605,46.677317842802],[-118.341875143223,46.6771198426644],[-118.344098143215,46.677164842941],[-118.347356143271,46.6775968430777],[-118.355717143032,46.6775878426626],[-118.358012142746,46.6775698427318],[-118.362404142937,46.6770748432872],[-118.363259142795,46.6769038434954],[-118.365482142787,46.6761028434293],[-118.365617142717,46.6758958428766],[-118.365950142785,46.6758238431537],[-118.368110142569,46.6760848434986],[-118.370423143114,46.6766248432197],[-118.371692143178,46.6771108431487],[-118.373717143032,46.6781818430754],[-118.374158142684,46.6781998430062],[-118.375625142886,46.6779748434221],[-118.376093142884,46.6778938432841],[-118.377488143363,46.6776778432157],[-118.378019142669,46.6776958431464],[-118.378820142735,46.6780738434909],[-118.379153142803,46.6786678430044],[-118.379279143218,46.6788928434878],[-118.379378143287,46.680566843343],[-118.37958514294,46.6808278427885],[-118.380575142729,46.6814578430628],[-118.381052143142,46.6816288428546],[-118.381997142654,46.681997842784],[-118.383059143065,46.6827538434729],[-118.383788143408,46.6831138429873],[-118.384310143199,46.6835728434698],[-118.384562143128,46.6837798431231],[-118.385093143334,46.6845808431892],[-118.38512014278,46.684823842704],[-118.385453142848,46.6853638433246],[-118.386380143329,46.6861198431141],[-118.38665014319,46.6862098427679],[-118.386812142566,46.6865518432508],[-118.388171143184,46.6877668426235],[-118.389602142625,46.690070842753],[-118.390223143383,46.6917628434383],[-118.390331142968,46.6934548432243],[-118.390619142759,46.6956868427314],[-118.390862143173,46.6965328430741],[-118.391222142688,46.6970188430031],[-118.391618142963,46.6972528430022],[-118.393706143024,46.6981348432063],[-118.394570143297,46.6983148434131],[-118.397126143357,46.6985308434815],[-118.399790143001,46.6983688432054],[-118.401014142788,46.6984138434819],[-118.401995143061,46.6985308434815],[-118.404173142776,46.6987828434113],[-118.407098142765,46.6990078429954],[-118.408034142761,46.6993138427175],[-118.408691143382,46.6995388432009],[-118.41032014296,46.6994038432706],[-118.410851143166,46.6995388432009],[-118.411112142611,46.6998178434765],[-118.411580142609,46.7003218433363],[-118.411715143439,46.7005468429203],[-118.4119851433,46.7009968429878],[-118.412282142607,46.7013028427099]],[[-117.411239142373,47.652701844175],[-117.411185141681,47.6531968436198],[-117.411140142304,47.6535928438949],[-117.411113141958,47.6545918440986],[-117.411122142373,47.6550958439583],[-117.411131141889,47.6555818438873],[-117.411158142234,47.6565988440217],[-117.411158142234,47.6569768443662],[-117.411158142234,47.6572918445034],[-117.411158142234,47.6579938445006],[-117.411158142234,47.6590918438738],[-117.411158142234,47.6600908440775]],[[-117.451055142081,47.6465908438526],[-117.449264142226,47.6473918439187],[-117.449057141674,47.6474908439875],[-117.448652141883,47.6476888441251],[-117.448121141677,47.6479678444008],[-117.446366141684,47.6486338436372],[-117.445052142243,47.6491918441886],[-117.443711141556,47.6495968439794],[-117.441551141772,47.6501188437699],[-117.4399851424,47.6504248443913],[-117.439553142264,47.6504878436993],[-117.438464142406,47.6506588443904],[-117.436952141928,47.6509648441125],[-117.436862142274,47.6509648441125],[-117.436151141862,47.6510908436278],[-117.435665141933,47.6512078436274],[-117.434135142423,47.6515948443869],[-117.432353142084,47.6519908437627],[-117.431057141674,47.6522698440384],[-117.429752141748,47.652467844176],[-117.428051142446,47.6525938436912],[-117.426557141899,47.652611843622],[-117.424955141766,47.6526388439678],[-117.422057142123,47.6526838442443],[-117.42105814192,47.65269284376],[-117.419564142271,47.6526838442443],[-117.417899141932,47.65269284376],[-117.417332141865,47.65269284376],[-117.416450141661,47.65269284376],[-117.41335414188,47.65269284376],[-117.411239142373,47.652701844175]],[[-114.869900140379,47.450696843844],[-114.868973139898,47.4496168444015],[-114.868484206381,47.448552494062],[-114.8671745039,47.4473249671332],[-114.864833423823,47.4454470046352],[-114.863012471149,47.4440482252051],[-114.860585139792,47.4429748438736],[-114.859874140279,47.4419668441542],[-114.859127140005,47.4408868438124],[-114.858893140006,47.4399958440926],[-114.858625542235,47.4389490889889],[-114.858213714791,47.4379588364908],[-114.85755151609,47.4367584546986],[-114.854992469127,47.4339230892388],[-114.851973228282,47.4302283550142],[-114.850778862954,47.4293547014179],[-114.849448791728,47.4286249834159],[-114.847289363014,47.4275858015031],[-114.845518156338,47.4260557291482],[-114.843978232809,47.4246767671786],[-114.841380044653,47.4222800847177],[-114.840107504857,47.4217273119255],[-114.837772399876,47.4212709248729],[-114.835447969848,47.4205654723783],[-114.833848979747,47.419566384041],[-114.833119602588,47.4184377951278],[-114.832496285175,47.4173552721876],[-114.831913368008,47.4158337110165],[-114.831570024837,47.414771354474],[-114.831186311099,47.414148028968],[-114.830397590376,47.4133994270015],[-114.827953001929,47.4114745774493],[-114.825826607112,47.4096879078303],[-114.823379139935,47.4080188443538],[-114.821813139665,47.4066958444972],[-114.820715140291,47.405804843878],[-114.818618139815,47.4040948441613],[-114.816580368689,47.4022182054654],[-114.813457874881,47.4010126444775],[-114.811949134445,47.3994432141925],[-114.810769146579,47.3977630009213],[-114.809366140335,47.3959858443308],[-114.808862139576,47.3952568439877],[-114.808115140202,47.3945368440596],[-114.807332140066,47.3935828441325],[-114.807296140205,47.3935378438559],[-114.80639614007,47.3925838439288],[-114.804614139731,47.3911798439342],[-114.803930139664,47.3906128438672],[-114.803309139805,47.3900908440767],[-114.80281414036,47.3896228440785],[-114.802301140085,47.3891548440803],[-114.801482140089,47.3884348441523],[-114.800324923956,47.3871303676319],[-114.800047666567,47.3865530127708],[-114.799838298099,47.3859037022535],[-114.799881425088,47.3849075412096],[-114.799981648234,47.3840884629717],[-114.799812884157,47.3830000944383],[-114.799888350767,47.3812568000208],[-114.799708816409,47.3804174672518],[-114.798896204296,47.3787443972956],[-114.797257775326,47.3762043889808],[-114.795850358807,47.3738155890776],[-114.794557196657,47.3717809484914],[-114.79379111187,47.3705339557369],[-114.792690894769,47.36853246596],[-114.791639604384,47.3663999728399],[-114.790466086241,47.3636051820929],[-114.789013021933,47.3607900900501],[-114.788230821295,47.3589268602458],[-114.786830139799,47.3576818442012],[-114.784587735136,47.3565778643364],[-114.78198621679,47.3556488169987],[-114.778830769125,47.3542512660425]],[[-114.871637140442,47.4523348438377],[-114.870755140238,47.4516058443939],[-114.870530139754,47.451416843772],[-114.869900140379,47.450696843844]],[[-118.25462914342,47.4855988444709],[-118.254494142591,47.4858688443315],[-118.253513143217,47.4868588441201],[-118.252397143014,47.4877588442551],[-118.251083142673,47.4887668439745],[-118.250219143299,47.4894238436952],[-118.245602142625,47.4927538443742],[-118.244099142561,47.4938068443702],[-118.243856143047,47.493977844162],[-118.241561143332,47.4957868439475],[-118.237565143417,47.4986758440748],[-118.23533314301,47.4998548444853],[-118.233956143361,47.5009078444813],[-118.229924142685,47.5035628437101],[-118.229618142963,47.5038778438472],[-118.227836142624,47.5050748441885],[-118.226621143251,47.506082843908],[-118.224137142915,47.5084768436912],[-118.221734142716,47.5109158437511],[-118.220492142998,47.5119238443697],[-118.22027614293,47.5121488439538],[-118.213139142957,47.5190338439966],[-118.208252143322,47.5239118441162],[-118.202186143276,47.5295998438176],[-118.200602143074,47.5312828440879],[-118.199882143146,47.5320388438775],[-118.199684143009,47.5322548439458],[-118.198577143221,47.5341088440079],[-118.197128142949,47.5365028437911],[-118.195382143371,47.5394098438492],[-118.194806142889,47.5403458438456],[-118.194716143235,47.5404988437066],[-118.19457214289,47.5406968438442],[-118.194104142892,47.5412998437727],[-118.193924142685,47.5415158438411],[-118.193483143033,47.5421008438388],[-118.193312143241,47.5422178438384],[-118.193096143172,47.5425328439755],[-118.192016142831,47.5434688439719],[-118.188578142567,47.5462408440996],[-118.182710142659,47.552837844351],[-118.175285142895,47.5611808441806],[-118.174466142898,47.5619908437624],[-118.174097142969,47.5623508441761],[-118.172882142697,47.563880843686],[-118.172081142631,47.5647628438902],[-118.169813143262,47.567282844088],[-118.164935143142,47.5729708437894],[-118.16447614266,47.5739608444775],[-118.164197143284,47.575346843642],[-118.16435914266,47.5900888444846],[-118.164971143004,47.5964698437684],[-118.164764143351,47.611112843643],[-118.164467143144,47.6120578440544],[-118.16358514294,47.6137768441862],[-118.162703142736,47.6155138442487],[-118.162460143221,47.6166028441061],[-118.162352142737,47.6239558441471],[-118.162334142806,47.6248828437284],[-118.162352142737,47.6281678441309],[-118.162451142806,47.6361598439619],[-118.162379143083,47.6392018439502],[-118.162109143222,47.6398408437402],[-118.162010143154,47.6402188440846],[-118.16139814281,47.641073843943],[-118.159535143232,47.6427208443518],[-118.158464143306,47.6437738443477],[-118.157636142894,47.644961844274],[-118.157510143378,47.6459608444776],[-118.157609143447,47.6459788444084],[-118.157600143032,47.646320843992],[-118.157591142617,47.646734844198],[-118.157582143101,47.6472298436426],[-118.157573142686,47.6475088439183],[-118.157573142686,47.6479588439857],[-118.157573142686,47.6483638437767],[-118.157537142825,47.6491648438427],[-118.157573142686,47.6500108441854],[-118.157501142963,47.6507668439749],[-118.157537142825,47.651567844041],[-118.157501142963,47.6523778436229],[-118.157501142963,47.653106843966],[-118.157501142963,47.6532778437578],[-118.157501142963,47.6537728441017],[-118.157501142963,47.6540248440316]],[[-119.686393796936,47.5869558304073],[-119.681498144024,47.5906378437216],[-119.679986144445,47.5917808442706],[-119.676836143973,47.5941838444689],[-119.67045514379,47.5990888440351],[-119.668628144074,47.6008168436825],[-119.66815114366,47.6014738443026],[-119.666072144014,47.6043088437383],[-119.665217144156,47.6054788437338],[-119.66429914409,47.6062348444227],[-119.663219143748,47.6065858444214],[-119.661499568051,47.6069711832337],[-119.651775198766,47.606816212958],[-119.643678015128,47.6065837579942],[-119.638703143635,47.6056678443557],[-119.638289144328,47.6055688442869],[-119.634257143652,47.604740843875],[-119.626157144237,47.6030668440198],[-119.61928114371,47.6016268441637],[-119.616752143996,47.6011858436119],[-119.615159144279,47.600789844236],[-119.612693143873,47.6003128438228],[-119.609318143817,47.599655844102],[-119.607320144309,47.5994758438952],[-119.607014143688,47.5994488444487],[-119.598077144345,47.5994038441722],[-119.591426144301,47.5994218441029],[-119.576693143873,47.5994668443795],[-119.564930143711,47.599502844241],[-119.550782144181,47.5995658444483],[-119.532953143972,47.5996378441713],[-119.518022144306,47.5999078440319],[-119.516573144035,47.6001778438925],[-119.515970144107,47.6003758440301],[-119.515520144039,47.6005198443754],[-119.514539143766,47.6009968438893],[-119.513324144394,47.6018518437478],[-119.511407144124,47.603534844018],[-119.510381143575,47.6044528440836],[-119.509274143787,47.605163844496],[-119.508194144344,47.6056858442864],[-119.507213144071,47.60602784387],[-119.505863143869,47.6065048442833],[-119.503928143669,47.6068198444204],[-119.50115614444,47.6068108440054],[-119.496206143699,47.6068198444204],[-119.493812143915,47.60693684442],[-119.492597143643,47.6070988437967],[-119.491481144339,47.6074138439339],[-119.489726144346,47.6081968440692],[-119.480276143829,47.6124898441911],[-119.46989914373,47.6170888440351],[-119.469773144215,47.6172058440346],[-119.465921143746,47.6188978438206],[-119.464769143681,47.61926684375],[-119.462879143757,47.6196988438867],[-119.462231143552,47.6197708445091],[-119.448308143606,47.6197888444398],[-119.426816144449,47.6198158438863],[-119.41613314373,47.6198158438863],[-119.412362144297,47.6199418443008],[-119.405531144047,47.6207248444362],[-119.392553143613,47.6222818442919],[-119.389511143624,47.6226328442905],[-119.381879144207,47.6235418439411],[-119.380241144213,47.6234878441489],[-119.379917143661,47.6234788437338],[-119.37860314422,47.6232988444263],[-119.376137143814,47.6226958444978],[-119.370611144389,47.6206528438139],[-119.36896414398,47.6201218445077],[-119.367227143918,47.6197078443017],[-119.36538214427,47.6195098441641],[-119.362169143591,47.619689844371],[-119.359397144363,47.6203648440225],[-119.352935144042,47.6221198440158],[-119.352728144388,47.622173843808],[-119.348507143989,47.6232988444263],[-119.347373143855,47.6235958437334]],[[-122.551626406433,45.6039641205041],[-122.551606975681,45.6037581469772],[-122.551231893637,45.6015758494023],[-122.550549926038,45.5985751912484],[-122.550038450114,45.5967679757178],[-122.549185989941,45.5945515803475],[-122.548504022343,45.5930853499652],[-122.5474469718,45.5912440366393],[-122.546458118647,45.5898119040525],[-122.545810248844,45.5884138701603],[-122.544991887366,45.5871522292483],[-122.544309919767,45.5858905892356],[-122.543798443843,45.5842197675845],[-122.543730247353,45.5824807494434],[-122.543662049964,45.5808099286916],[-122.543934837723,45.5792414022253],[-122.544514510136,45.5775023849834],[-122.546014839213,45.5745017259302],[-122.547105987551,45.5734446762871],[-122.5492311467,45.5713348424853],[-122.549591147114,45.5710648417254],[-122.549726147044,45.5709388422101],[-122.5511661469,45.5698138424912],[-122.552417147034,45.5688958424255],[-122.552930147308,45.5684998421503],[-122.554604147164,45.5671408424322],[-122.557621969778,45.5648607678665],[-122.562139977578,45.5619029740993],[-122.566184894317,45.5587944215816],[-122.566968392677,45.557045268081],[-122.567201537421,45.5551020561713],[-122.565466504176,45.552427491292],[-122.561804803849,45.5495572402307],[-122.560179392565,45.547308344261]],[[-122.654333147057,45.7218778420452],[-122.653181146992,45.7208248420492],[-122.651606147206,45.7198348422606],[-122.650796146725,45.7193218419858],[-122.648951147078,45.7181338420596],[-122.646782146879,45.7167658419265],[-122.645810147021,45.7161358416522],[-122.642939146824,45.7145338424193],[-122.640725147248,45.7133008422166],[-122.637908146843,45.7115368418083],[-122.637413147399,45.7112398425011],[-122.631608146798,45.7077388420304],[-122.631050147147,45.7070728418945],[-122.630384147011,45.7062538418977],[-122.627810147021,45.7031398421863],[-122.62252714711,45.700511842404],[-122.620259146842,45.6993868417857],[-122.617622146645,45.6991078424094],[-122.617190147407,45.6990718416486],[-122.616479146995,45.6990088423406],[-122.615975147135,45.6989638420641],[-122.615435147414,45.6988288421338],[-122.614994146862,45.6986938422035],[-122.611277147223,45.6964078420047],[-122.611007147362,45.6961378421441],[-122.607164147308,45.6928078423644],[-122.600612147333,45.6871378416944],[-122.59937914713,45.686129841975],[-122.598407147272,45.6854368423928],[-122.597660146998,45.6850048422561],[-122.59500514687,45.6835378420542],[-122.594879147355,45.6834478424004],[-122.594006146666,45.6828358420569],[-122.592908147293,45.6821338420596],[-122.592224147227,45.6817828420609],[-122.591567146607,45.6814138421315],[-122.589713147444,45.6804328418586],[-122.58821014738,45.6791368423478],[-122.587913147174,45.6788398421414],[-122.583071146916,45.6739888423675],[-122.579138147208,45.66813884239],[-122.576690146733,45.6644488421967],[-122.576510147425,45.6641338420595],[-122.574764146948,45.6615688424845],[-122.57429614695,45.6608848424179],[-122.573909147089,45.6602998424202],[-122.573207147092,45.6592378420092],[-122.572811146817,45.6588328422183],[-122.571110146616,45.6571408424323],[-122.570111147312,45.6563398423662],[-122.568410147111,45.6537388420303],[-122.56761814656,45.6522988421742],[-122.567582146699,45.6522178420361],[-122.567159146977,45.6514348419008],[-122.565890146913,45.6491128418405],[-122.563473216216,45.6420165424858],[-122.561516146653,45.6363598418895],[-122.561210146931,45.6356398419615],[-122.560994146862,45.635108841756],[-122.560202147211,45.6332278422475],[-122.559698147352,45.6319408422525],[-122.559500147214,45.6283858419894],[-122.559320147007,45.6252448419323],[-122.5592571468,45.6240298416602],[-122.5591401468,45.622355841805],[-122.559245015845,45.6210460314056],[-122.558767637716,45.6196138988187],[-122.558051572322,45.6184204552961],[-122.556518068154,45.6166470398853],[-122.55470992902,45.6148060260336],[-122.553450492346,45.6130934488599],[-122.553099492348,45.6124814485164],[-122.552698124019,45.6113961862414],[-122.55228894328,45.6090433969915],[-122.552050255115,45.607270281055],[-122.551777467356,45.6055653616085],[-122.551626406433,45.6039641205041]],[[-119.38671214405,46.9595938432397],[-119.386955633695,46.9521432289852],[-119.387269328916,46.9453206409932],[-119.387538461831,46.9381304398263],[-119.388602898505,46.9133534573545],[-119.389065578114,46.9125797490145],[-119.344125351104,46.9125243237968],[-119.315107659591,46.9126233931134],[-119.313948418185,46.9123202586313],[-119.313180887288,46.9119261208521],[-119.311629663778,46.9100001804223],[-119.308172177004,46.9052575282706],[-119.306458428014,46.9029354481707],[-119.306251250295,46.9020879405643],[-119.306588850395,46.9009428356017],[-119.3075229825,46.8986518108906],[-119.307517766432,46.8978825712819],[-119.306878169492,46.8969181095414],[-119.306155606496,46.8964470185733],[-119.302666533733,46.8953534600524],[-119.301339798093,46.8948842288823],[-119.300703513356,46.894393106415],[-119.299917639887,46.8930345824383],[-119.298962305366,46.8921499607104],[-119.298152679003,46.8915410198605],[-119.296884418181,46.8911898966546],[-119.293946444573,46.8906860658675],[-119.287317757608,46.8887792324339],[-119.284497382948,46.8887617163384],[-119.278285577617,46.8891743064074],[-119.267851325778,46.8907620208088],[-119.263539250136,46.8913853355231],[-119.261299721505,46.8913763423026],[-119.259797969701,46.8912179635964],[-119.258763445377,46.8914377066432],[-119.256348840327,46.8929486639079],[-119.255295107383,46.8937546606073],[-119.254233058409,46.8942111196058],[-119.252911037015,46.8944907314204],[-119.251501476512,46.8945535868368],[-119.249859334241,46.8941830931335],[-119.248163339666,46.8932313226257],[-119.245154825035,46.8915126840214],[-119.243567634039,46.8906291243929],[-119.240802913024,46.8901232413528],[-119.235735922175,46.8894848638936],[-119.228225833056,46.8892859554408],[-119.224310286491,46.8887231453152],[-119.220594015302,46.8877060768322],[-119.215716967564,46.8855481068179],[-119.210237694214,46.8816346313913],[-119.205707343219,46.8785084062961],[-119.200365595995,46.8738650321037],[-119.191556080948,46.8649683556633],[-119.185952226314,46.8587668898383],[-119.180823601328,46.8560156019966],[-119.174976232767,46.8530878806594],[-119.17460062372,46.8525955261208],[-119.175047718977,46.8492618184363],[-119.174488309188,46.8485321579908],[-119.175168305473,46.8432664214663],[-119.175446111449,46.8407811072205],[-119.175420058089,46.8366766481669],[-119.17558229039,46.826295089405],[-119.133326143986,46.8263308428522]]]},"properties":{"type":"trail", "NAME":"ICE_AGE"}}
]}