{"type":"FeatureCollection", "features": [
{"type":"Feature","geometry":{"type":"Polygon","coordinates":[[[-104.8846366,39.7401523],[-104.8470057,39.74025951],[-104.8413235,39.74025951],[-104.8207391,39.74025951],[-104.8101253,39.7401523],[-104.8014412,39.74025951],[-104.735614,39.74025951],[-104.7328265,39.74068835],[-104.7305751,39.74079556],[-104.7277876,39.74036672],[-104.7256434,39.74025951],[-104.7106339,39.74025951],[-104.7106339,39.7401523],[-104.6782563,39.74004509],[-104.6782563,39.7401523],[-104.6679641,39.74025951],[-104.660245,39.74047393],[-104.6579936,39.74036672],[-104.6528475,39.73983067],[-104.6441634,39.73972346],[-104.6407327,39.73993788],[-104.6324775,39.73950904],[-104.6304405,39.73950904],[-104.6279746,39.73993788],[-104.6246511,39.74004509],[-104.599135,39.73983067],[-104.5589311,39.73929462],[-104.5073628,39.73822251],[-104.4125887,39.73800809],[-104.4109806,39.73779367],[-104.4090508,39.7370432],[-104.407121,39.7370432],[-104.4055128,39.73790088],[-104.4041191,39.73800809],[-104.3402216,39.73822251],[-104.3025907,39.73854414],[-104.2979807,39.73865135],[-104.2649599,39.73886578],[-104.209532,39.73897299],[-104.1063955,39.73983067],[-104.0403539,39.73993788],[-103.9776357,39.74025951],[-103.9737761,39.73983067],[-103.9722752,39.74036672],[-103.9655209,39.74047393],[-103.9405409,39.74047393],[-103.9337866,39.74036672],[-103.9266035,39.74047393],[-103.9103075,39.74036672],[-103.8999081,39.74058114],[-103.8660296,39.74025951],[-103.8003095,39.7401523],[-103.7939841,39.74004509],[-103.7239757,39.73983067],[-103.7065004,39.73993788],[-103.7065004,39.78346534],[-103.7063931,39.79804597],[-103.7062859,39.83042354],[-103.7062859,39.88896048],[-103.7060715,39.90665021],[-103.7062859,39.95886172],[-103.7060715,39.97333514],[-103.7056427,39.9851283],[-103.7057499,40.00131708],[-103.7167926,40.00142429],[-103.729765,40.00120987],[-103.7336246,40.00131708],[-103.7405933,40.00131708],[-103.8614195,40.00120987],[-103.8638854,40.0015315],[-103.8677449,40.00120987],[-104.0004715,40.00120987],[-104.0004715,40.00110266],[-104.0371375,40.00110266],[-104.0379952,40.00099545],[-104.0639402,40.00110266],[-104.0770198,40.00099545],[-104.1503518,40.00088824],[-104.1693281,40.00078103],[-104.2817919,40.00088824],[-104.3015186,40.00078103],[-104.3386135,40.00088824],[-104.3576969,40.00078103],[-104.3754939,40.00078103],[-104.3754939,40.00067382],[-104.3953278,40.00078103],[-104.423417,40.00056661],[-104.4290991,40.00078103],[-104.4848486,40.00056661],[-104.5005013,40.00067382],[-104.5088637,40.00078103],[-104.533415,40.00078103],[-104.5463874,40.00088824],[-104.6027801,40.00056661],[-104.6048171,40.0004594],[-104.6095344,40.00056661],[-104.648559,40.00056661],[-104.7884687,40.0004594],[-104.9613993,40.00035219],[-104.9755511,40.00035219],[-104.9763015,39.99992335],[-104.9776953,40.00024498],[-104.9808044,40.00035219],[-104.9821981,39.99724308],[-104.9865937,39.9892023],[-104.9874514,39.98705809],[-104.9874514,39.9760154],[-104.9944201,39.97590819],[-104.9942057,39.9739784],[-104.996886,39.97387119],[-104.996886,39.97215583],[-104.9924903,39.97215583],[-104.9879875,39.97183419],[-104.9879875,39.96808183],[-104.9972076,39.96818904],[-104.9972076,39.97633704],[-104.9993518,39.97655146],[-104.9993518,39.97815961],[-104.9972076,39.97815961],[-104.9973148,39.98137593],[-105.0158622,39.98116151],[-105.015755,39.97226304],[-105.0129675,39.97226304],[-105.0129675,39.97033325],[-105.0156478,39.97033325],[-105.0156478,39.95564541],[-105.0168271,39.95360841],[-105.0163983,39.9514642],[-105.0123243,39.95028488],[-105.0109305,39.95124978],[-105.0109305,39.94974883],[-105.0069637,39.94974883],[-105.0070709,39.94599646],[-104.9966715,39.94599646],[-104.9966715,39.94320899],[-105.0156478,39.94310178],[-105.0155406,39.93731241],[-105.0152189,39.92894999],[-105.0152189,39.92133805],[-105.0196146,39.92133805],[-105.0211155,39.92144526],[-105.0211155,39.91897942],[-105.0230453,39.91897942],[-105.0231525,39.92123084],[-105.0344096,39.92133805],[-105.0343024,39.91415495],[-105.052957,39.91426216],[-105.0528498,39.91383331],[-105.0532787,39.86912653],[-105.0531715,39.86205064],[-105.0528498,39.86076412],[-105.0532787,39.86001364],[-105.0530643,39.85819106],[-105.0533859,39.85593964],[-105.0528498,39.85250891],[-105.0531715,39.84961422],[-105.0532787,39.82109623],[-105.0532787,39.8065156],[-105.0528498,39.80383534],[-105.0528498,39.80179834],[-105.0531715,39.79922529],[-105.0532787,39.79107729],[-105.034624,39.7911845],[-105.034624,39.79182776],[-105.030014,39.79182776],[-105.030014,39.79107729],[-105.0251895,39.79097008],[-105.0251895,39.79397197],[-105.0235814,39.79354313],[-105.0213299,39.79397197],[-105.0206867,39.79311429],[-105.0207939,39.79107729],[-105.0017104,39.79107729],[-104.9983869,39.7911845],[-104.9934552,39.7911845],[-104.993348,39.79204218],[-104.990775,39.79214939],[-104.9904533,39.79107729],[-104.9863793,39.79107729],[-104.9863793,39.79193497],[-104.9852,39.79161334],[-104.9852,39.79107729],[-104.9759799,39.79107729],[-104.9760871,39.79225661],[-104.9731924,39.79247103],[-104.9731924,39.79407918],[-104.9748006,39.79418639],[-104.9748006,39.79558013],[-104.9722275,39.79558013],[-104.9722275,39.79622339],[-104.9731924,39.7963306],[-104.9731924,39.79826039],[-104.9686896,39.7983676],[-104.9687968,39.79386476],[-104.9666526,39.79386476],[-104.9680463,39.79150613],[-104.968904,39.79097008],[-104.9606488,39.79097008],[-104.9556099,39.79472245],[-104.9427446,39.79461524],[-104.9404932,39.79482966],[-104.9408149,39.79182776],[-104.93985,39.79097008],[-104.9269847,39.79107729],[-104.9270919,39.79021961],[-104.9269847,39.78378698],[-104.905757,39.78378698],[-104.9036128,39.78410861],[-104.9038272,39.78743213],[-104.9033984,39.78839703],[-104.9033984,39.79247103],[-104.9036128,39.7983676],[-104.9005037,39.7983676],[-104.9003965,39.80115508],[-104.8969658,39.80115508],[-104.8968586,39.7983676],[-104.8847438,39.7983676],[-104.8846366,39.81294823],[-104.8660891,39.81294823],[-104.8660891,39.7983676],[-104.8493643,39.7983676],[-104.8455047,39.79815318],[-104.8293159,39.79804597],[-104.8277078,39.79826039],[-104.8139848,39.79826039],[-104.7909346,39.79826039],[-104.7910418,39.81048239],[-104.7907202,39.82720723],[-104.7908274,39.84200228],[-104.7622022,39.84189507],[-104.762095,39.84393207],[-104.760594,39.84500417],[-104.7575921,39.84489696],[-104.7523388,39.84543301],[-104.7321832,39.84511138],[-104.7318616,39.85583243],[-104.7318616,39.87534474],[-104.73154,39.89860942],[-104.705595,39.89850221],[-104.7053806,39.90643579],[-104.6926225,39.90665021],[-104.6929442,39.91415495],[-104.6802933,39.91426216],[-104.6801861,39.90665021],[-104.6338712,39.90622137],[-104.6339784,39.89925269],[-104.6004215,39.89946711],[-104.6003143,39.88231343],[-104.6058893,39.88220622],[-104.605782,39.8738438],[-104.6198266,39.87373659],[-104.6197194,39.84318159],[-104.6199338,39.82238276],[-104.6379452,39.82259718],[-104.6555277,39.82248997],[-104.6554205,39.81402034],[-104.6662488,39.81402034],[-104.6662488,39.8228116],[-104.6799717,39.82291881],[-104.7170665,39.82324044],[-104.7624166,39.82302602],[-104.7629526,39.81284102],[-104.762631,39.79847481],[-104.7453701,39.79847481],[-104.7344346,39.79847481],[-104.7344346,39.78968355],[-104.7345419,39.78367976],[-104.7346491,39.76920635],[-104.7358284,39.76942077],[-104.7631671,39.76952798],[-104.7632743,39.77145777],[-104.7672411,39.77145777],[-104.7679915,39.77070729],[-104.7698141,39.77038566],[-104.7721727,39.77145777],[-104.7721727,39.77671108],[-104.7818217,39.77649666],[-104.7817145,39.77338756],[-104.807981,39.77317314],[-104.8276006,39.77317314],[-104.8282438,39.77328035],[-104.8280294,39.77145777],[-104.828351,39.76920635],[-104.8306025,39.76845587],[-104.8329611,39.76920635],[-104.8329611,39.76620445],[-104.8375711,39.76727656],[-104.856333,39.76867029],[-104.8565474,39.76781261],[-104.8566546,39.76030788],[-104.8564402,39.75837809],[-104.8554753,39.75805646],[-104.8545104,39.75880693],[-104.8529022,39.75784203],[-104.8488282,39.75655551],[-104.8486138,39.75580503],[-104.8468985,39.75526898],[-104.8468985,39.75484014],[-104.8566546,39.75494735],[-104.8730578,39.75484014],[-104.875202,39.75473293],[-104.8797049,39.75473293],[-104.8801337,39.74744262],[-104.8846366,39.74744262],[-104.8846366,39.7401523]]]},"properties":{"name":"Adams=ADA","type":"county"}},
{"type":"Feature","geometry":{"type":"Polygon","coordinates":[[[-106.0392937,37.40081916],[-106.0391864,37.37155069],[-106.0388648,37.35697007],[-105.9835442,37.35621959],[-105.9771116,37.3563268],[-105.9700357,37.3563268],[-105.9497729,37.35643401],[-105.947307,37.35664843],[-105.9383014,37.35654122],[-105.9292957,37.35621959],[-105.9273659,37.3563268],[-105.9099978,37.3563268],[-105.8980974,37.35643401],[-105.8867331,37.35643401],[-105.8867331,37.3563268],[-105.8755832,37.35621959],[-105.8575719,37.3563268],[-105.8514609,37.35621959],[-105.8477085,37.35643401],[-105.8383812,37.35621959],[-105.8372019,37.3563268],[-105.8203698,37.35621959],[-105.8052531,37.35621959],[-105.7605464,37.35675564],[-105.7537921,37.3563268],[-105.7505758,37.35697007],[-105.7432855,37.35675564],[-105.7339581,37.36490364],[-105.7219506,37.37498143],[-105.636611,37.44627641],[-105.6255683,37.45603257],[-105.6216015,37.4594633],[-105.6033758,37.47415114],[-105.5970503,37.48015493],[-105.5950133,37.4818703],[-105.5894384,37.48615872],[-105.5880447,37.48765967],[-105.5752866,37.4981663],[-105.5706766,37.50159703],[-105.5540589,37.51564161],[-105.5359404,37.53054387],[-105.5005609,37.56013397],[-105.4962725,37.56388633],[-105.4967013,37.56581612],[-105.4973446,37.56688823],[-105.496058,37.57010454],[-105.4949859,37.57085502],[-105.4942355,37.57214154],[-105.4927345,37.57299923],[-105.4906975,37.57546507],[-105.4883389,37.57696601],[-105.4855514,37.57793091],[-105.4859803,37.57932465],[-105.4868379,37.58007512],[-105.4905903,37.58264817],[-105.4921985,37.58264817],[-105.4932706,37.58425633],[-105.4946643,37.58554285],[-105.4941283,37.5890808],[-105.4945571,37.59240433],[-105.4956292,37.59240433],[-105.5008825,37.59604948],[-105.5017402,37.59755043],[-105.5013114,37.59862254],[-105.4932706,37.60087396],[-105.493485,37.6044119],[-105.4930562,37.60526959],[-105.4948787,37.6084859],[-105.4958436,37.61180943],[-105.495522,37.61223827],[-105.4978806,37.61309595],[-105.4986311,37.61416806],[-105.4983095,37.61566901],[-105.4973446,37.61674111],[-105.4963797,37.61920695],[-105.4957364,37.61952858],[-105.4926273,37.62306653],[-105.4915552,37.62499632],[-105.4921985,37.62639006],[-105.4920913,37.627891],[-105.4925201,37.62960637],[-105.4920913,37.63078569],[-105.4918768,37.63378758],[-105.4924129,37.63475247],[-105.4903759,37.63871926],[-105.4901615,37.64043463],[-105.4883389,37.64332931],[-105.4878028,37.64450863],[-105.4871596,37.6472961],[-105.4868379,37.64965473],[-105.4869452,37.65351431],[-105.4854442,37.65469363],[-105.4826567,37.65758831],[-105.4814774,37.65855321],[-105.4815846,37.66059021],[-105.4811558,37.66166231],[-105.4774034,37.66573631],[-105.4772962,37.66713005],[-105.4785827,37.66852378],[-105.4787972,37.67206173],[-105.4784755,37.67334825],[-105.4768674,37.6758141],[-105.4766529,37.67817273],[-105.4767602,37.6798881],[-105.4774034,37.68117462],[-105.477725,37.68460536],[-105.4787972,37.6861063],[-105.4809414,37.68717841],[-105.4808342,37.69189567],[-105.4813702,37.69371825],[-105.4801909,37.69661293],[-105.4805125,37.69811388],[-105.4790116,37.70015088],[-105.4782611,37.7024023],[-105.4779395,37.70411767],[-105.4780467,37.70572583],[-105.4772962,37.70765562],[-105.4740799,37.70765562],[-105.4721501,37.70947819],[-105.471078,37.71130077],[-105.4686122,37.71119356],[-105.4665752,37.71183682],[-105.4647526,37.71344498],[-105.4638949,37.71376661],[-105.4632516,37.71601803],[-105.4616435,37.71741177],[-105.4596065,37.71794782],[-105.4589632,37.71880551],[-105.4573551,37.71901993],[-105.4571406,37.71987761],[-105.4551036,37.72320114],[-105.4542459,37.72395161],[-105.4543532,37.72609582],[-105.4531738,37.73038424],[-105.4536027,37.7319924],[-105.4551036,37.73360056],[-105.4549964,37.73660245],[-105.4537099,37.73928271],[-105.452745,37.74035482],[-105.452745,37.74131971],[-105.4536027,37.74239182],[-105.4537099,37.74346392],[-105.4542459,37.74442882],[-105.4567118,37.74603697],[-105.4573551,37.74700187],[-105.456819,37.75053982],[-105.4572478,37.75150471],[-105.4979878,37.75096866],[-105.5005609,37.75118308],[-105.6173131,37.75225518],[-105.6255683,37.75193355],[-105.7368528,37.75129029],[-105.7505758,37.75096866],[-105.8093271,37.75043261],[-105.9279019,37.74882445],[-105.9925499,37.74871724],[-106.0195669,37.74839561],[-106.038436,37.74839561],[-106.0390792,37.64547352],[-106.0391864,37.58372028],[-106.0392937,37.5748218],[-106.0392937,37.53772697],[-106.0394009,37.44434662],[-106.0392937,37.40081916]]]},"properties":{"name":"Alamosa=ALA","type":"county"}},
{"type":"Feature","geometry":{"type":"Polygon","coordinates":[[[-104.8846366,39.7401523],[-104.8847438,39.73178988],[-104.8847438,39.72567888],[-104.8753092,39.72557167],[-104.8753092,39.71881741],[-104.8743443,39.71817415],[-104.8708064,39.71817415],[-104.8706992,39.71013336],[-104.8659819,39.71109826],[-104.8659819,39.70434399],[-104.8689838,39.70295026],[-104.8694127,39.70112768],[-104.8706992,39.70048442],[-104.8706992,39.69844742],[-104.8683406,39.69855463],[-104.8683406,39.69994836],[-104.8674829,39.70005557],[-104.8673757,39.69898347],[-104.8659819,39.69909068],[-104.8659819,39.69651763],[-104.8753092,39.69651763],[-104.8753092,39.69801857],[-104.8776679,39.69801857],[-104.8775607,39.69651763],[-104.8933206,39.69662484],[-104.8934278,39.69565994],[-104.8943927,39.69565994],[-104.8941783,39.69662484],[-104.8968586,39.69662484],[-104.8987883,39.69512389],[-104.9002893,39.69630321],[-104.8993244,39.69694647],[-104.9035056,39.69855463],[-104.9035056,39.69662484],[-104.8999677,39.69276526],[-104.9035056,39.69255084],[-104.9035056,39.68933452],[-104.8967513,39.68933452],[-104.8985739,39.69126431],[-104.8983595,39.69255084],[-104.8936422,39.69265805],[-104.893535,39.68783358],[-104.8936422,39.68568937],[-104.888925,39.68558216],[-104.888925,39.68247305],[-104.8891394,39.681937],[-104.8934278,39.68204421],[-104.8936422,39.67872068],[-104.9033984,39.67861347],[-104.9033984,39.68483168],[-104.9044705,39.68493889],[-104.9039344,39.68386679],[-104.9044705,39.68032884],[-104.9068291,39.67979279],[-104.9069363,39.67872068],[-104.9051138,39.67807742],[-104.9036128,39.67668368],[-104.9035056,39.66757079],[-104.8939639,39.66757079],[-104.8902115,39.66435448],[-104.8880673,39.66574821],[-104.8896754,39.6666059],[-104.8901043,39.66757079],[-104.8841005,39.66746358],[-104.8793832,39.66392563],[-104.8762741,39.66403285],[-104.8758453,39.66982221],[-104.8782039,39.67282411],[-104.8753092,39.67282411],[-104.8755237,39.6747539],[-104.8709136,39.6747539],[-104.8660891,39.67089432],[-104.8661963,39.66178142],[-104.8663036,39.66028048],[-104.8564402,39.66038769],[-104.8554753,39.66081653],[-104.8533311,39.65995885],[-104.8482922,39.65920837],[-104.8482922,39.65792185],[-104.8477561,39.65674253],[-104.850758,39.65631369],[-104.8529022,39.65567043],[-104.8560114,39.65416948],[-104.8567618,39.65341901],[-104.8762741,39.64430611],[-104.8761669,39.64645032],[-104.8762741,39.6523469],[-104.8774535,39.65309737],[-104.8801337,39.65309737],[-104.8801337,39.65073874],[-104.8803481,39.64398448],[-104.8801337,39.64226911],[-104.8850654,39.63991048],[-104.8852798,39.62415054],[-104.8944999,39.62415054],[-104.8993244,39.62415054],[-104.901683,39.62393612],[-104.9064003,39.62425775],[-104.9119752,39.62436496],[-104.913369,39.62586591],[-104.9132618,39.63873117],[-104.9226963,39.64602148],[-104.9274135,39.64569985],[-104.9318092,39.64602148],[-104.9319164,39.6512748],[-104.931702,39.65309737],[-104.9559315,39.65299016],[-104.9549666,39.65577764],[-104.9535729,39.65599206],[-104.9537873,39.65663532],[-104.9594695,39.65674253],[-104.9594695,39.661567],[-104.9631146,39.661567],[-104.9632219,39.66038769],[-104.9687968,39.66038769],[-104.9687968,39.66606984],[-104.9699761,39.66585542],[-104.9734069,39.66585542],[-104.9735141,39.667678],[-104.9922759,39.667678],[-104.9998878,39.66789242],[-105.0043907,39.66628427],[-105.0048195,39.66446169],[-105.0044979,39.66081653],[-105.0049267,39.6604949],[-105.0107161,39.6604949],[-105.0077142,39.66424727],[-105.0064277,39.66692753],[-105.0066421,39.66799963],[-105.0064277,39.67314574],[-105.0065349,39.67679089],[-105.0086791,39.67679089],[-105.0086791,39.67861347],[-105.0156478,39.67872068],[-105.015755,39.6604949],[-105.0229381,39.6604949],[-105.0230453,39.65684974],[-105.0260472,39.65684974],[-105.0308717,39.65717137],[-105.032051,39.65706416],[-105.032051,39.6533118],[-105.0339808,39.65341901],[-105.034624,39.65138201],[-105.034624,39.64398448],[-105.0311933,39.64398448],[-105.0313005,39.6431268],[-105.0297996,39.64301959],[-105.030014,39.64226911],[-105.030014,39.63862396],[-105.0347313,39.63862396],[-105.0347313,39.63358506],[-105.030014,39.63347785],[-105.0296924,39.63240575],[-105.0269049,39.63154806],[-105.0254039,39.63144085],[-105.0254039,39.6288678],[-105.0295852,39.62822454],[-105.0348385,39.62843896],[-105.0348385,39.6277957],[-105.0367683,39.62811733],[-105.0380548,39.6268308],[-105.0395557,39.62790291],[-105.0412711,39.62833175],[-105.0428793,39.62758127],[-105.0440586,39.62801012],[-105.0440586,39.6309048],[-105.0443802,39.63154806],[-105.0533859,39.63154806],[-105.0534931,39.62951106],[-105.0532787,39.62801012],[-105.0533859,39.62436496],[-105.0533859,39.62147028],[-105.0536003,39.61707465],[-105.0536003,39.61342949],[-105.0538147,39.60088586],[-105.0537075,39.59777676],[-105.0540291,39.57847887],[-105.0542436,39.56979481],[-105.0541364,39.56604245],[-105.0487758,39.56604245],[-105.0355889,39.56614966],[-105.0323726,39.56604245],[-105.0317294,39.56679292],[-105.0282986,39.56614966],[-105.0161838,39.56604245],[-105.0020321,39.56625687],[-105.0005311,39.56593524],[-104.9959211,39.56561361],[-104.992812,39.56614966],[-104.9717987,39.56604245],[-104.9609704,39.56614966],[-104.941887,39.56604245],[-104.8958937,39.56604245],[-104.8783111,39.56593524],[-104.8738083,39.56604245],[-104.8671612,39.56593524],[-104.8606214,39.56604245],[-104.8131272,39.56593524],[-104.8102325,39.56604245],[-104.8011196,39.56593524],[-104.7941509,39.56604245],[-104.7935076,39.56604245],[-104.7492297,39.56604245],[-104.7397952,39.56593524],[-104.7391519,39.56593524],[-104.725429,39.56593524],[-104.7209261,39.56593524],[-104.6606738,39.56593524],[-104.6044955,39.56593524],[-104.5550715,39.56497034],[-104.4983571,39.56411266],[-104.4699463,39.56411266],[-104.460083,39.56400545],[-104.4477538,39.56379103],[-104.427491,39.56357661],[-104.381176,39.56411266],[-104.3760299,39.56389824],[-104.3616637,39.56432708],[-104.3433307,39.56443429],[-104.3234968,39.56443429],[-104.2875813,39.56475592],[-104.2648526,39.56475592],[-104.2542388,39.56497034],[-104.244161,39.56507755],[-104.125479,39.56550639],[-104.0565426,39.56593524],[-104.0143017,39.56604245],[-103.986963,39.56614966],[-103.9851404,39.56636408],[-103.9786006,39.56636408],[-103.9504042,39.56625687],[-103.9085922,39.56636408],[-103.8754641,39.5665785],[-103.7519576,39.5665785],[-103.7143267,39.56636408],[-103.7070364,39.56625687],[-103.7066076,39.62500822],[-103.7067148,39.72546446],[-103.7065004,39.73993788],[-103.7239757,39.73983067],[-103.7939841,39.74004509],[-103.8003095,39.7401523],[-103.8660296,39.74025951],[-103.8999081,39.74058114],[-103.9103075,39.74036672],[-103.9266035,39.74047393],[-103.9337866,39.74036672],[-103.9405409,39.74047393],[-103.9655209,39.74047393],[-103.9722752,39.74036672],[-103.9737761,39.73983067],[-103.9776357,39.74025951],[-104.0403539,39.73993788],[-104.1063955,39.73983067],[-104.209532,39.73897299],[-104.2649599,39.73886578],[-104.2979807,39.73865135],[-104.3025907,39.73854414],[-104.3402216,39.73822251],[-104.4041191,39.73800809],[-104.4055128,39.73790088],[-104.407121,39.7370432],[-104.4090508,39.7370432],[-104.4109806,39.73779367],[-104.4125887,39.73800809],[-104.5073628,39.73822251],[-104.5589311,39.73929462],[-104.599135,39.73983067],[-104.6246511,39.74004509],[-104.6279746,39.73993788],[-104.6304405,39.73950904],[-104.6324775,39.73950904],[-104.6407327,39.73993788],[-104.6441634,39.73972346],[-104.6528475,39.73983067],[-104.6579936,39.74036672],[-104.660245,39.74047393],[-104.6679641,39.74025951],[-104.6782563,39.7401523],[-104.6782563,39.74004509],[-104.7106339,39.7401523],[-104.7106339,39.74025951],[-104.7256434,39.74025951],[-104.7277876,39.74036672],[-104.7305751,39.74079556],[-104.7328265,39.74068835],[-104.735614,39.74025951],[-104.8014412,39.74025951],[-104.8101253,39.7401523],[-104.8207391,39.74025951],[-104.8413235,39.74025951],[-104.8470057,39.74025951],[-104.8846366,39.7401523]]]},"properties":{"name":"Arapahoe=ARA","type":"county"}},
{"type":"Feature","geometry":{"type":"Polygon","coordinates":[[[-104.922053,39.66328237],[-104.9211953,39.6604949],[-104.9180862,39.66006606],[-104.9176574,39.65910116],[-104.9166925,39.65877953],[-104.9156204,39.65738579],[-104.9158348,39.6564209],[-104.9147627,39.65588485],[-104.9128329,39.65652811],[-104.9129401,39.66113816],[-104.9128329,39.66285353],[-104.9152988,39.66285353],[-104.9162637,39.66328237],[-104.9165853,39.66757079],[-104.9175502,39.66757079],[-104.9175502,39.67314574],[-104.9198016,39.67400342],[-104.9207665,39.67486111],[-104.9222674,39.67486111],[-104.9222674,39.67561158],[-104.9231251,39.67571879],[-104.9231251,39.67668368],[-104.92409,39.67614763],[-104.9252693,39.67625484],[-104.9256982,39.67496832],[-104.930201,39.67486111],[-104.926127,39.66950058],[-104.9250549,39.66939337],[-104.9245189,39.66853569],[-104.9229107,39.66821405],[-104.9225891,39.66757079],[-104.9207665,39.66757079],[-104.9199088,39.66799963],[-104.9198016,39.66703474],[-104.9222674,39.66692753],[-104.922053,39.66328237]]]},"properties":{"name":"Arapahoe=ARA 2","type":"county"}},
{"type":"Feature","geometry":{"type":"Polygon","coordinates":[[[-104.9338462,39.69844742],[-104.9340606,39.69662484],[-104.9278424,39.69662484],[-104.9279496,39.69844742],[-104.9285929,39.69844742],[-104.9285929,39.70026999],[-104.9328813,39.70026999],[-104.9328813,39.7013421],[-104.9339534,39.7013421],[-104.9339534,39.70391515],[-104.9328813,39.70423678],[-104.9328813,39.70219978],[-104.9315948,39.70219978],[-104.9313803,39.70380794],[-104.9290217,39.70380794],[-104.9268775,39.70359352],[-104.9269847,39.70659541],[-104.9277352,39.70659541],[-104.9277352,39.70520168],[-104.9295578,39.70509447],[-104.9295578,39.70873962],[-104.9314875,39.70906126],[-104.931702,39.71109826],[-104.9351327,39.71131268],[-104.9407076,39.71109826],[-104.9407076,39.69791136],[-104.9386706,39.698233],[-104.9386706,39.69662484],[-104.9406004,39.69651763],[-104.9404932,39.69565994],[-104.9396355,39.69555273],[-104.9395283,39.69469505],[-104.9362048,39.69480226],[-104.9364192,39.69844742],[-104.9338462,39.69844742]]]},"properties":{"name":"Arapahoe=ARA 3","type":"county"}},
{"type":"Feature","geometry":{"type":"Polygon","coordinates":[[[-104.931702,39.66939337],[-104.9315948,39.66746358],[-104.9304154,39.66746358],[-104.9305226,39.66853569],[-104.9294505,39.66842848],[-104.9295578,39.66939337],[-104.9269847,39.66896453],[-104.9294505,39.67239526],[-104.9315948,39.67336016],[-104.9341678,39.67336016],[-104.9341678,39.67110874],[-104.9328813,39.67110874],[-104.9328813,39.67057269],[-104.931702,39.67057269],[-104.931702,39.66939337]]]},"properties":{"name":"Arapahoe=ARA 4","type":"county"}},
{"type":"Feature","geometry":{"type":"Polygon","coordinates":[[[-104.8981451,39.68354516],[-104.8983595,39.68558216],[-104.901683,39.68558216],[-104.8981451,39.68279468],[-104.8981451,39.68354516]]]},"properties":{"name":"Arapahoe=ARA 5","type":"county"}},
{"type":"Feature","geometry":{"type":"Polygon","coordinates":[[[-104.9096166,39.68204421],[-104.9110103,39.68204421],[-104.9110103,39.6799],[-104.9083301,39.6799],[-104.9082229,39.68204421],[-104.9096166,39.68204421]]]},"properties":{"name":"Arapahoe=ARA 6","type":"county"}},
{"type":"Feature","geometry":{"type":"Polygon","coordinates":[[[-104.9040417,39.62543706],[-104.9040417,39.62415054],[-104.9027551,39.62415054],[-104.9030768,39.6257587],[-104.9040417,39.62543706]]]},"properties":{"name":"Arapahoe=ARA 7","type":"county"}},
{"type":"Feature","geometry":{"type":"Polygon","coordinates":[[[-104.9294505,39.70209257],[-104.9295578,39.70123489],[-104.928164,39.70123489],[-104.9285929,39.70198536],[-104.9294505,39.70209257]]]},"properties":{"name":"Arapahoe=ARA 8","type":"county"}},
{"type":"Feature","geometry":{"type":"Polygon","coordinates":[[[-107.4817037,36.9999591],[-107.000543,36.9999591],[-107.000543,37.00017352],[-106.8772509,37.00017352],[-106.8697462,36.99245436],[-106.7756154,36.99256157],[-106.7506353,36.99245436],[-106.6890965,36.99299041],[-106.6743015,36.99299041],[-106.6615434,36.99320483],[-106.6517873,36.99320483],[-106.6256279,36.99320483],[-106.6174799,36.99299041],[-106.6163006,36.9928832],[-106.5912133,36.9928832],[-106.5006204,36.99374089],[-106.4996555,36.99374089],[-106.4761764,36.99374089],[-106.4797144,36.99931583],[-106.4799288,36.9999591],[-106.4890417,37.01507578],[-106.5891763,37.14019043],[-106.5974315,37.194975],[-106.6034353,37.19744084],[-106.6143708,37.2021581],[-106.6256279,37.20666094],[-106.6783755,37.22853188],[-106.6786971,37.24997398],[-106.6780538,37.3634027],[-106.6782682,37.37498143],[-106.6782682,37.39653074],[-106.6783755,37.39653074],[-106.6783755,37.40360663],[-106.710753,37.4042499],[-106.710753,37.39620911],[-106.7294077,37.39599469],[-106.7511714,37.39599469],[-106.8711399,37.39363606],[-106.8756428,37.3940649],[-107.0006502,37.3931],[-107.0452498,37.39234953],[-107.1135429,37.39245674],[-107.1287668,37.39245674],[-107.1286596,37.42290452],[-107.356053,37.42311894],[-107.3755653,37.423655],[-107.4821326,37.4226901],[-107.4822398,37.37723285],[-107.4820254,37.37122906],[-107.4821326,37.33713612],[-107.4824542,37.32448528],[-107.4821326,37.32180502],[-107.4820254,37.30636671],[-107.4822398,37.24997398],[-107.4820254,37.21320078],[-107.4821326,37.12346559],[-107.4813821,37.09387549],[-107.4817037,36.9999591]]]},"properties":{"name":"Archuleta=ARC","type":"county"}},
{"type":"Feature","geometry":{"type":"Polygon","coordinates":[[[-103.0860732,37.00028073],[-103.0135989,37.00017352],[-103.0022346,37.00006631],[-103.0005192,37.00006631],[-102.9870107,36.99856536],[-102.984116,36.99867257],[-102.9796132,36.99856536],[-102.8755118,36.99963746],[-102.8419549,36.99963746],[-102.815045,36.99974467],[-102.7936029,36.99942304],[-102.7521125,36.99835094],[-102.6981856,36.99513462],[-102.6621629,36.99524183],[-102.6514418,36.99502741],[-102.5709267,36.99513462],[-102.5304012,36.9949202],[-102.5004894,36.9949202],[-102.4462409,36.99470578],[-102.4342333,36.99481299],[-102.3885617,36.99481299],[-102.375482,36.99459857],[-102.3553264,36.99459857],[-102.3553264,36.99449136],[-102.3437477,36.99438415],[-102.2849963,36.99416973],[-102.2607667,36.99438415],[-102.2510106,36.99406252],[-102.2484375,36.99416973],[-102.1976198,36.99363368],[-102.0847271,36.99320483],[-102.0772224,36.99309762],[-102.0543865,36.99309762],[-102.0536361,36.99299041],[-102.0420573,36.99299041],[-102.0419501,36.99920862],[-102.0420573,37.00081678],[-102.0420573,37.02836988],[-102.0417357,37.03437367],[-102.0419501,37.03490972],[-102.0420573,37.04734614],[-102.0420573,37.1051326],[-102.0419501,37.11360223],[-102.0419501,37.12796843],[-102.0418429,37.13740296],[-102.0419501,37.15595038],[-102.0419501,37.22188483],[-102.0421645,37.2256372],[-102.0421645,37.24997398],[-102.0419501,37.25812198],[-102.0419501,37.26659161],[-102.0419501,37.27934966],[-102.0418429,37.29650334],[-102.0418429,37.35150233],[-102.0420573,37.35278886],[-102.0415213,37.37498143],[-102.0418429,37.41014647],[-102.0416285,37.42751458],[-102.0416285,37.43469768],[-102.0417357,37.43480489],[-102.0416285,37.4502432],[-102.040878,37.45270904],[-102.0417357,37.45474604],[-102.0418429,37.45646141],[-102.0417357,37.50599266],[-102.0420573,37.53526113],[-102.0419501,37.54115771],[-102.0418429,37.55798976],[-102.0417357,37.57857417],[-102.0419501,37.57900301],[-102.0418429,37.60119559],[-102.0416285,37.60784264],[-102.0416285,37.64429421],[-102.0557803,37.64407979],[-102.0909453,37.64429421],[-102.148839,37.644187],[-102.1563437,37.64440142],[-102.1639557,37.64429421],[-102.1833608,37.64407979],[-102.2012649,37.644187],[-102.2193835,37.644187],[-102.222707,37.644187],[-102.2372876,37.644187],[-102.2379309,37.64407979],[-102.2615172,37.644187],[-102.2739536,37.64397258],[-102.328631,37.644187],[-102.3550048,37.644187],[-102.3559697,37.64429421],[-102.3631528,37.64440142],[-102.373981,37.644187],[-102.4012125,37.64407979],[-102.4197599,37.64386537],[-102.4616792,37.64365095],[-102.4993101,37.64386537],[-102.5595624,37.64365095],[-102.5648157,37.64375816],[-102.5806829,37.64365095],[-102.6205652,37.64343653],[-102.6254969,37.64365095],[-102.6395414,37.64365095],[-102.7476096,37.64365095],[-102.766157,37.64343653],[-102.7767709,37.64354374],[-102.8205128,37.64354374],[-102.8386313,37.644187],[-102.8523543,37.644187],[-102.8579292,37.64407979],[-102.8754045,37.64386537],[-102.9029576,37.64407979],[-102.9151796,37.64397258],[-103.0005192,37.64375816],[-103.002985,37.64365095],[-103.0212108,37.64365095],[-103.0239983,37.64440142],[-103.0260353,37.64386537],[-103.0455476,37.64375816],[-103.055411,37.64354374],[-103.0563759,37.64354374],[-103.0758882,37.64343653],[-103.075781,37.62499632],[-103.0755666,37.62456748],[-103.0754593,37.61084453],[-103.0752449,37.49998887],[-103.0751377,37.48326404],[-103.0751377,37.46074983],[-103.0749233,37.45581815],[-103.0751377,37.45099368],[-103.0750305,37.43673468],[-103.0752449,37.41572142],[-103.0748161,37.39846053],[-103.0747089,37.38173569],[-103.0825352,37.38162848],[-103.0827497,37.36629738],[-103.0827497,37.3583638],[-103.0830713,37.35171675],[-103.0830713,37.34678507],[-103.0833929,37.33724333],[-103.0831785,37.3226627],[-103.0837146,37.30808208],[-103.0835001,37.29425192],[-103.0861804,37.19636873],[-103.0867164,37.17642758],[-103.0866092,37.17610595],[-103.0862876,37.14340675],[-103.0869309,37.13504433],[-103.0872525,37.10266676],[-103.0860732,37.00028073]]]},"properties":{"name":"Baca=BAC","type":"county"}},
{"type":"Feature","geometry":{"type":"Polygon","coordinates":[[[-102.7423563,38.2669728],[-102.7613326,38.26665117],[-102.7938174,38.26772327],[-102.7989635,38.26783049],[-102.8220137,38.26686559],[-102.8345573,38.26686559],[-102.8390602,38.26686559],[-102.841526,38.26708001],[-102.8460289,38.26708001],[-102.923006,38.26665117],[-102.9410174,38.26675838],[-102.9411246,38.26686559],[-102.9500231,38.2669728],[-102.9585999,38.26665117],[-103.0005192,38.26675838],[-103.0005192,38.26632954],[-103.0114547,38.26643675],[-103.0230334,38.26643675],[-103.057448,38.26643675],[-103.0577696,38.26654396],[-103.0758882,38.26632954],[-103.0969014,38.26632954],[-103.1255266,38.26643675],[-103.1296006,38.26632954],[-103.1311016,38.26643675],[-103.1400001,38.26600791],[-103.1635864,38.26600791],[-103.1997163,38.26579349],[-103.3755415,38.26547185],[-103.3755415,38.26536464],[-103.3850833,38.26525743],[-103.3999855,38.26547185],[-103.3998783,38.25003354],[-103.3995567,38.24113507],[-103.3988062,38.13306689],[-103.3988062,38.1250261],[-103.3990206,38.12170257],[-103.3985918,38.11451947],[-103.398699,38.1066931],[-103.3988062,38.10647868],[-103.3988062,38.09897395],[-103.398699,38.08460774],[-103.3985918,38.05533927],[-103.398699,38.05523206],[-103.3985918,38.04622638],[-103.398699,38.03990096],[-103.3985918,38.03818559],[-103.398699,38.02242565],[-103.3988062,38.01395602],[-103.398699,38.01191902],[-103.3988062,37.9943365],[-103.3990206,37.99058413],[-103.3983774,37.98179287],[-103.3980557,37.9606724],[-103.3991278,37.94019519],[-103.3997711,37.89956241],[-103.3998783,37.87501121],[-103.3998783,37.82279969],[-103.4036307,37.82279969],[-103.4034163,37.75000376],[-103.4036307,37.73435103],[-103.4038451,37.70165183],[-103.4043812,37.68685678],[-103.4040595,37.67699341],[-103.4041667,37.67495641],[-103.4039523,37.67313383],[-103.4039523,37.66294884],[-103.4043812,37.65823157],[-103.4043812,37.64354374],[-103.3755415,37.64354374],[-103.3616042,37.6432221],[-103.3349088,37.64365095],[-103.3287978,37.64354374],[-103.3229012,37.64386537],[-103.3014591,37.64397258],[-103.2906308,37.64386537],[-103.2879506,37.64397258],[-103.2675806,37.644187],[-103.2587893,37.64397258],[-103.2055057,37.64407979],[-103.1874943,37.64365095],[-103.1751651,37.64354374],[-103.1315304,37.64365095],[-103.1280997,37.64343653],[-103.1255266,37.64354374],[-103.1175931,37.64332931],[-103.1146984,37.64343653],[-103.0758882,37.64343653],[-103.0563759,37.64354374],[-103.055411,37.64354374],[-103.0455476,37.64375816],[-103.0260353,37.64386537],[-103.0239983,37.64440142],[-103.0212108,37.64365095],[-103.002985,37.64365095],[-103.0005192,37.64375816],[-102.9151796,37.64397258],[-102.9029576,37.64407979],[-102.8754045,37.64386537],[-102.8579292,37.64407979],[-102.8523543,37.644187],[-102.8386313,37.644187],[-102.8205128,37.64354374],[-102.7767709,37.64354374],[-102.766157,37.64343653],[-102.7476096,37.64365095],[-102.7477168,37.68353325],[-102.7477168,37.68717841],[-102.7478241,37.72545256],[-102.7478241,37.80382344],[-102.7480385,37.82322854],[-102.7477168,37.82344296],[-102.7407482,37.82355017],[-102.7404265,37.82408622],[-102.7403193,37.86321805],[-102.7406409,37.88658994],[-102.7410698,37.99787444],[-102.7412842,38.00001865],[-102.7414986,38.08600147],[-102.7417131,38.0965081],[-102.7418203,38.1250261],[-102.7423563,38.15751088],[-102.7424635,38.17112661],[-102.7422491,38.2015744],[-102.7423563,38.21583339],[-102.7423563,38.2353457],[-102.7421419,38.23899086],[-102.7419275,38.25003354],[-102.7423563,38.2669728]]]},"properties":{"name":"Bent=BEN","type":"county"}},
{"type":"Feature","geometry":{"type":"Polygon","coordinates":[[[-105.1473023,39.91383331],[-105.1470879,39.92894999],[-105.1376533,39.92894999],[-105.1375461,39.93988547],[-105.1274683,39.93977825],[-105.1275756,39.9433162],[-105.1275756,39.9545733],[-105.1223222,39.9545733],[-105.1214646,39.95232188],[-105.1148175,39.95532378],[-105.1093498,39.95682472],[-105.1093498,39.95596704],[-105.1178194,39.95307236],[-105.1210357,39.95135699],[-105.1208213,39.95049931],[-105.1093498,39.95049931],[-105.1093498,39.94513878],[-105.1090281,39.94320899],[-105.1187843,39.94320899],[-105.1186771,39.94288736],[-105.1187843,39.93591868],[-105.1184627,39.93506099],[-105.1187843,39.93388168],[-105.1143887,39.93012931],[-105.113531,39.92744905],[-105.111494,39.92551926],[-105.1091353,39.92433994],[-105.1090281,39.92584089],[-105.1119228,39.9279851],[-105.1134238,39.93055815],[-105.113531,39.93227352],[-105.1123517,39.93356005],[-105.1090281,39.93570426],[-105.1090281,39.93645473],[-105.1075272,39.93634752],[-105.0909096,39.93634752],[-105.0906951,39.94310178],[-105.0857635,39.94320899],[-105.0761145,39.94288736],[-105.0761145,39.95060652],[-105.0717189,39.95060652],[-105.0718261,39.95778962],[-105.0802957,39.95778962],[-105.0832976,39.95789683],[-105.0832976,39.95821846],[-105.0858707,39.95789683],[-105.0878005,39.95821846],[-105.0878005,39.9596122],[-105.0868356,39.95993383],[-105.0840481,39.96046988],[-105.0805101,39.96132757],[-105.0785804,39.96218525],[-105.0756857,39.96465109],[-105.0719333,39.96851067],[-105.0704324,39.96968998],[-105.0674305,39.97129814],[-105.0665728,39.97194141],[-105.0635709,39.97344235],[-105.0576743,39.97590819],[-105.0528498,39.97762356],[-105.0528498,40.00024498],[-105.0554229,40.00024498],[-105.0555301,40.00989392],[-105.0553157,40.02919181],[-105.0555301,40.04398686],[-105.0554229,40.14090516],[-105.0552085,40.18110909],[-105.0552085,40.22313561],[-105.0551013,40.23278456],[-105.0548868,40.23975324],[-105.0551013,40.24897334],[-105.0551013,40.2618386],[-105.0830832,40.26151697],[-105.0831904,40.26173139],[-105.0999152,40.26151697],[-105.1003441,40.26140976],[-105.1075272,40.26140976],[-105.1083849,40.26130255],[-105.1301486,40.26162418],[-105.1310063,40.26108813],[-105.1589882,40.26119534],[-105.1821457,40.26108813],[-105.1976912,40.26108813],[-105.2131295,40.26119534],[-105.2139872,40.26130255],[-105.2264236,40.26151697],[-105.2365014,40.2618386],[-105.2549416,40.26226744],[-105.273489,40.26248186],[-105.2894634,40.2628035],[-105.3133714,40.26216023],[-105.3267727,40.26194581],[-105.3276303,40.2618386],[-105.3351351,40.26173139],[-105.3362072,40.26173139],[-105.3547546,40.26173139],[-105.3752318,40.26130255],[-105.3909918,40.25787181],[-105.4023561,40.2577646],[-105.4325894,40.25840787],[-105.4335543,40.25851508],[-105.4438465,40.2587295],[-105.4627156,40.25937276],[-105.4650742,40.25937276],[-105.4721501,40.25958718],[-105.4861947,40.25969439],[-105.4953076,40.25969439],[-105.5004537,40.26023044],[-105.5354043,40.26130255],[-105.5377629,40.26119534],[-105.5515931,40.26151697],[-105.5596339,40.26151697],[-105.581076,40.26130255],[-105.6093795,40.26065929],[-105.6344668,40.26044486],[-105.6533359,40.26044486],[-105.6516205,40.25851508],[-105.6511916,40.25722855],[-105.6511916,40.25422666],[-105.6497979,40.25283292],[-105.6474393,40.25133197],[-105.6440085,40.24993824],[-105.6452951,40.24950939],[-105.6480825,40.24908055],[-105.6504412,40.24940218],[-105.6589108,40.24940218],[-105.6599829,40.24886613],[-105.6603045,40.24715076],[-105.6601973,40.24522097],[-105.6621271,40.24318397],[-105.6621271,40.24254071],[-105.6649146,40.23857392],[-105.6654506,40.2372874],[-105.6652362,40.23610808],[-105.6644857,40.23514319],[-105.6643785,40.2332134],[-105.6660939,40.23149803],[-105.6673804,40.23096198],[-105.6672732,40.22978266],[-105.6684525,40.2281745],[-105.6678093,40.22667356],[-105.6685597,40.22570866],[-105.6690958,40.22420772],[-105.6685597,40.22324282],[-105.6631992,40.22002651],[-105.6644857,40.21981208],[-105.6677021,40.22034814],[-105.6694174,40.22002651],[-105.6702751,40.21938324],[-105.67124,40.21713182],[-105.6709184,40.21455877],[-105.6701679,40.21359388],[-105.6711328,40.21220014],[-105.6708112,40.21037756],[-105.67124,40.2097343],[-105.6705967,40.20780451],[-105.6723121,40.20619635],[-105.6737058,40.20437377],[-105.6752068,40.20319446],[-105.6776726,40.20233677],[-105.6776726,40.20169351],[-105.6763861,40.1995493],[-105.6776726,40.19719067],[-105.6774582,40.19676183],[-105.6777798,40.19300946],[-105.6772438,40.19172293],[-105.6776726,40.19097246],[-105.6775654,40.18850662],[-105.6767077,40.1873273],[-105.6754212,40.18636241],[-105.6738131,40.18571915],[-105.67124,40.18571915],[-105.6705967,40.18539751],[-105.6702751,40.18346772],[-105.6716688,40.18196678],[-105.6717761,40.18003699],[-105.6708112,40.17853604],[-105.6683453,40.17703509],[-105.6690958,40.17628462],[-105.6697391,40.17424762],[-105.6685597,40.17360436],[-105.6681309,40.17081689],[-105.6683453,40.16963757],[-105.6695246,40.16867268],[-105.6696318,40.16749336],[-105.6713472,40.16652847],[-105.6714544,40.16545636],[-105.6705967,40.16266889],[-105.6674876,40.16116794],[-105.6680237,40.15988141],[-105.6677021,40.15827326],[-105.6664155,40.15730836],[-105.6647002,40.15677231],[-105.6613766,40.15655789],[-105.6601973,40.15473531],[-105.6581603,40.15398484],[-105.6570882,40.15323436],[-105.6560161,40.15130457],[-105.6505484,40.1505541],[-105.6487258,40.1505541],[-105.6473321,40.15098294],[-105.6473321,40.14916036],[-105.644759,40.14808826],[-105.6437941,40.14819547],[-105.6365038,40.14637289],[-105.6353245,40.14551521],[-105.6351101,40.14422868],[-105.6354317,40.1403691],[-105.6341452,40.13908258],[-105.632537,40.13843931],[-105.6301784,40.13811768],[-105.6294279,40.13747442],[-105.6294279,40.13618789],[-105.6300712,40.13457974],[-105.629964,40.13039853],[-105.6291063,40.129112],[-105.6266404,40.12793268],[-105.6261044,40.12739663],[-105.6281414,40.125038],[-105.6287846,40.12353705],[-105.6276053,40.12203611],[-105.6282486,40.12032074],[-105.6265332,40.11860537],[-105.6277125,40.11839095],[-105.6291063,40.11699721],[-105.6298568,40.11549627],[-105.629964,40.11420974],[-105.6316793,40.11345927],[-105.6336091,40.11356648],[-105.6346812,40.11324485],[-105.636075,40.10927806],[-105.6357533,40.10831316],[-105.6367182,40.10702664],[-105.636075,40.10477522],[-105.6361822,40.10316706],[-105.636611,40.1025238],[-105.6354317,40.1004868],[-105.6339307,40.09920027],[-105.6337163,40.09855701],[-105.632001,40.09716327],[-105.6332875,40.0954479],[-105.634574,40.0954479],[-105.6346812,40.09383975],[-105.6342524,40.09019459],[-105.6337163,40.08837201],[-105.6352173,40.08719269],[-105.6351101,40.08494127],[-105.6359677,40.08451243],[-105.6356461,40.08290427],[-105.6342524,40.08151054],[-105.6331803,40.08118891],[-105.634574,40.08000959],[-105.6347884,40.07925912],[-105.6346812,40.0770077],[-105.6354317,40.0749707],[-105.6370399,40.07454186],[-105.6388624,40.07336254],[-105.6408994,40.07314812],[-105.6408994,40.07014622],[-105.6388624,40.06703712],[-105.6418643,40.0678948],[-105.6466888,40.06521454],[-105.6475465,40.06424965],[-105.6493691,40.05996123],[-105.6510844,40.05846028],[-105.6507628,40.0576026],[-105.648833,40.05492233],[-105.6484042,40.05395744],[-105.6464744,40.05342139],[-105.6456167,40.05267091],[-105.6450806,40.05063391],[-105.6435797,40.04966902],[-105.6422932,40.04816807],[-105.640685,40.04709597],[-105.6385408,40.04677434],[-105.6374687,40.04580944],[-105.6375759,40.04495176],[-105.6383264,40.04430849],[-105.6383264,40.04291476],[-105.6391841,40.04044892],[-105.6387552,40.03873355],[-105.640149,40.0372326],[-105.640685,40.03498118],[-105.6412211,40.0341235],[-105.6439013,40.03326581],[-105.6495835,40.02769087],[-105.6527998,40.02372408],[-105.652907,40.0219015],[-105.6519421,40.0209366],[-105.6531214,40.02040055],[-105.6574098,40.01954287],[-105.6601973,40.01836355],[-105.6615911,40.01643376],[-105.6680237,40.01632655],[-105.6701679,40.01686261],[-105.675314,40.01600492],[-105.6779943,40.01450397],[-105.6806745,40.01396792],[-105.6830332,40.01418234],[-105.6863567,40.01514724],[-105.6878576,40.01600492],[-105.6896802,40.01557608],[-105.6897874,40.01150208],[-105.6893586,40.01107324],[-105.6900018,40.00935787],[-105.6897874,40.00839298],[-105.6885009,40.00699924],[-105.6897874,40.00592713],[-105.6910739,40.00378292],[-105.6905379,40.00260361],[-105.6905379,40.00088824],[-105.6911812,39.9994945],[-105.6911812,39.99735029],[-105.6902163,39.99595656],[-105.6879648,39.99509887],[-105.6849629,39.99456282],[-105.6832476,39.99467003],[-105.6831404,39.99284745],[-105.6838908,39.99166814],[-105.6859278,39.98973835],[-105.6860351,39.98748693],[-105.6874288,39.98544993],[-105.6849629,39.98287688],[-105.685499,39.98137593],[-105.6849629,39.97933893],[-105.6862495,39.97837404],[-105.6863567,39.97773077],[-105.6883937,39.97547935],[-105.6896802,39.97097651],[-105.6903235,39.96990441],[-105.6888225,39.9677602],[-105.6886081,39.96647367],[-105.6892514,39.9647583],[-105.6890369,39.96357899],[-105.6882865,39.96293572],[-105.6881793,39.95971941],[-105.6850702,39.95875451],[-105.6883937,39.95650309],[-105.6885009,39.95489494],[-105.6894658,39.9535012],[-105.6911812,39.95296515],[-105.693647,39.95114257],[-105.6943975,39.94974883],[-105.6935398,39.94846231],[-105.6927893,39.94814067],[-105.6918244,39.94642531],[-105.6934326,39.94406668],[-105.6937542,39.94245852],[-105.6932182,39.9412792],[-105.6903235,39.93956383],[-105.6900018,39.93881336],[-105.6866783,39.93752683],[-105.6845341,39.93548983],[-105.683462,39.9340961],[-105.6817466,39.93345284],[-105.6789592,39.93291678],[-105.6750996,39.93334562],[-105.6758501,39.93248794],[-105.656445,39.93238073],[-105.6530142,39.93227352],[-105.6287846,39.9320591],[-105.6256755,39.93238073],[-105.5590978,39.93227352],[-105.5182506,39.93238073],[-105.5005609,39.93238073],[-105.4573551,39.93216631],[-105.4551036,39.93248794],[-105.4539243,39.93398889],[-105.450708,39.93452494],[-105.4485638,39.93538262],[-105.4470628,39.93688357],[-105.4449186,39.9372052],[-105.4437393,39.93784847],[-105.4419167,39.93827731],[-105.439987,39.93838452],[-105.4383788,39.93752683],[-105.43795,39.93656194],[-105.4361274,39.93570426],[-105.4324822,39.93323841],[-105.4317317,39.9320591],[-105.4288371,39.93087978],[-105.425728,39.9310942],[-105.4239054,39.93163026],[-105.4220828,39.93163026],[-105.4210107,39.9310942],[-105.4189737,39.92873557],[-105.4186521,39.92873557],[-105.4173655,39.93066536],[-105.4164006,39.93098699],[-105.4150069,39.93216631],[-105.4150069,39.93323841],[-105.4143636,39.93420331],[-105.4131843,39.93452494],[-105.4126483,39.93356005],[-105.4113617,39.93259515],[-105.4080382,39.93184468],[-105.4060012,39.93173747],[-105.4046075,39.93238073],[-105.4020344,39.93441773],[-105.4008551,39.93506099],[-105.3979604,39.93484657],[-105.3981749,39.92959326],[-105.3980676,39.92509042],[-105.3978532,39.91704963],[-105.3978532,39.91286842],[-105.3739453,39.91319005],[-105.3395307,39.91383331],[-105.3068315,39.91394052],[-105.2826019,39.9137261],[-105.269415,39.91394052],[-105.2649122,39.91415495],[-105.2639473,39.91394052],[-105.2453999,39.91404773],[-105.2385384,39.91436937],[-105.2313553,39.91404773],[-105.2223496,39.91415495],[-105.2181684,39.9137261],[-105.215381,39.91404773],[-105.2136656,39.91361889],[-105.2124863,39.91426216],[-105.2002643,39.91394052],[-105.1966191,39.91415495],[-105.1666002,39.91394052],[-105.1473023,39.91383331]]]},"properties":{"name":"Boulder=BOU","type":"county"}},
{"type":"Feature","geometry":{"type":"Polygon","coordinates":[[[-105.0528498,39.96432946],[-105.0543508,39.96411504],[-105.058532,39.96722414],[-105.0587464,39.97215583],[-105.058532,39.97451446],[-105.0634637,39.97215583],[-105.0635709,39.97237025],[-105.0657151,39.97129814],[-105.0693602,39.96818904],[-105.0705396,39.96690251],[-105.0742919,39.96325735],[-105.0778299,39.96111314],[-105.0804029,39.96004104],[-105.0823327,39.95939778],[-105.0816895,39.95875451],[-105.0797597,39.95789683],[-105.0717189,39.95789683],[-105.0716117,39.95778962],[-105.0591753,39.95778962],[-105.0591753,39.95875451],[-105.0578887,39.95875451],[-105.0578887,39.95778962],[-105.0527426,39.95768241],[-105.0526354,39.9596122],[-105.0528498,39.96432946]]]},"properties":{"name":"Boulder=BOU 2","type":"county"}},
{"type":"Feature","geometry":{"type":"Polygon","coordinates":[[[-105.1473023,39.91383331],[-105.1473023,39.91361889],[-105.1541638,39.91211795],[-105.1595243,39.91115305],[-105.1650992,39.91018816],[-105.1656353,39.91008095],[-105.1655281,39.89110469],[-105.164456,39.89067585],[-105.1566296,39.89013979],[-105.1471951,39.88906769],[-105.1354019,39.88928211],[-105.1375461,39.8912119],[-105.1378678,39.89217679],[-105.1336865,39.89217679],[-105.1315423,39.89282006],[-105.1299342,39.88992537],[-105.1287549,39.88992537],[-105.1289693,39.89271284],[-105.1289693,39.90021758],[-105.1314351,39.90011037],[-105.1439788,39.90011037],[-105.1470879,39.89978874],[-105.1473023,39.91179631],[-105.1471951,39.91394052],[-105.1329361,39.91415495],[-105.128326,39.91404773],[-105.1163184,39.91415495],[-105.1089209,39.91436937],[-105.1076344,39.91340447],[-105.1082777,39.91276121],[-105.1065623,39.91190352],[-105.1076344,39.91072421],[-105.1047397,39.90911605],[-105.099808,39.90782953],[-105.1002369,39.90171853],[-105.0961629,39.90064642],[-105.0961629,39.90021758],[-105.0904807,39.90021758],[-105.0904807,39.89893105],[-105.0840481,39.89893105],[-105.0840481,39.90011037],[-105.0780443,39.90011037],[-105.0775082,39.89978874],[-105.0717189,39.89978874],[-105.0718261,39.90697184],[-105.0655007,39.90707905],[-105.0620699,39.90697184],[-105.0622844,39.91426216],[-105.060569,39.91426216],[-105.060569,39.91297563],[-105.059068,39.91286842],[-105.059068,39.91426216],[-105.0577815,39.91426216],[-105.0577815,39.91286842],[-105.0554229,39.91286842],[-105.0554229,39.91383331],[-105.0528498,39.91383331],[-105.052957,39.91426216],[-105.0343024,39.91415495],[-105.0344096,39.92133805],[-105.0231525,39.92123084],[-105.0230453,39.91897942],[-105.0211155,39.91897942],[-105.0211155,39.92144526],[-105.0196146,39.92133805],[-105.0152189,39.92133805],[-105.0152189,39.92894999],[-105.0155406,39.93731241],[-105.0156478,39.94310178],[-104.9966715,39.94320899],[-104.9966715,39.94599646],[-105.0070709,39.94599646],[-105.0069637,39.94974883],[-105.0109305,39.94974883],[-105.0109305,39.95124978],[-105.0123243,39.95028488],[-105.0163983,39.9514642],[-105.0168271,39.95360841],[-105.0156478,39.95564541],[-105.0156478,39.97033325],[-105.0129675,39.97033325],[-105.0129675,39.97226304],[-105.015755,39.97226304],[-105.0158622,39.98116151],[-104.9973148,39.98137593],[-104.9972076,39.97815961],[-104.9993518,39.97815961],[-104.9993518,39.97655146],[-104.9972076,39.97633704],[-104.9972076,39.96818904],[-104.9879875,39.96808183],[-104.9879875,39.97183419],[-104.9924903,39.97215583],[-104.996886,39.97215583],[-104.996886,39.97387119],[-104.9942057,39.9739784],[-104.9944201,39.97590819],[-104.9874514,39.9760154],[-104.9874514,39.98705809],[-104.9865937,39.9892023],[-104.9821981,39.99724308],[-104.9808044,40.00035219],[-104.9776953,40.00024498],[-104.9763015,39.99992335],[-104.9755511,40.00035219],[-104.9613993,40.00035219],[-104.9613993,40.01525445],[-104.9613993,40.02940623],[-104.9611849,40.04420128],[-104.9793034,40.04398686],[-104.9800539,40.04162823],[-104.9800539,40.02940623],[-104.9860577,40.02940623],[-104.9860577,40.0259755],[-104.9991374,40.0259755],[-104.9991374,40.02404571],[-104.9975292,40.02383129],[-104.997422,40.02061497],[-104.9955994,40.02018613],[-104.9962427,40.01911403],[-104.9977436,40.01772029],[-104.9978508,40.01696982],[-104.9990302,40.01589771],[-104.9990302,40.01493282],[-104.9882019,40.01493282],[-104.9880947,40.0076425],[-104.9990302,40.0076425],[-105.0090007,40.00742808],[-105.0088935,40.00024498],[-105.0528498,40.00024498],[-105.0528498,39.97762356],[-105.0576743,39.97590819],[-105.0635709,39.97344235],[-105.0665728,39.97194141],[-105.0674305,39.97129814],[-105.0704324,39.96968998],[-105.0719333,39.96851067],[-105.0756857,39.96465109],[-105.0785804,39.96218525],[-105.0805101,39.96132757],[-105.0840481,39.96046988],[-105.0868356,39.95993383],[-105.0878005,39.9596122],[-105.0878005,39.95821846],[-105.0858707,39.95789683],[-105.0832976,39.95821846],[-105.0832976,39.95789683],[-105.0802957,39.95778962],[-105.0718261,39.95778962],[-105.0717189,39.95060652],[-105.0761145,39.95060652],[-105.0761145,39.94288736],[-105.0857635,39.94320899],[-105.0906951,39.94310178],[-105.0909096,39.93634752],[-105.1075272,39.93634752],[-105.1090281,39.93645473],[-105.1090281,39.93570426],[-105.1123517,39.93356005],[-105.113531,39.93227352],[-105.1134238,39.93055815],[-105.1119228,39.9279851],[-105.1090281,39.92584089],[-105.1091353,39.92433994],[-105.111494,39.92551926],[-105.113531,39.92744905],[-105.1143887,39.93012931],[-105.1187843,39.93388168],[-105.1184627,39.93506099],[-105.1187843,39.93591868],[-105.1186771,39.94288736],[-105.1187843,39.94320899],[-105.1090281,39.94320899],[-105.1093498,39.94513878],[-105.1093498,39.95049931],[-105.1208213,39.95049931],[-105.1210357,39.95135699],[-105.1178194,39.95307236],[-105.1093498,39.95596704],[-105.1093498,39.95682472],[-105.1148175,39.95532378],[-105.1214646,39.95232188],[-105.1223222,39.9545733],[-105.1275756,39.9545733],[-105.1275756,39.9433162],[-105.1274683,39.93977825],[-105.1375461,39.93988547],[-105.1376533,39.92894999],[-105.1470879,39.92894999],[-105.1473023,39.91383331]]]},"properties":{"name":"Broomfield=BRO","type":"county"}},
{"type":"Feature","geometry":{"type":"Polygon","coordinates":[[[-105.0909096,39.95800404],[-105.0947691,39.95811125],[-105.097771,39.95907615],[-105.1037748,39.95907615],[-105.1064551,39.95843288],[-105.1090281,39.95693194],[-105.1090281,39.95607425],[-105.1050613,39.95736078],[-105.1028099,39.95778962],[-105.0902663,39.9575752],[-105.0909096,39.95800404]]]},"properties":{"name":"Broomfield=BRO 2","type":"county"}},
{"type":"Feature","geometry":{"type":"Polygon","coordinates":[[[-106.2469604,38.42274966],[-106.1409292,38.42221361],[-106.1368552,38.42221361],[-106.1255981,38.4221064],[-106.0881816,38.42232082],[-106.0860374,38.4241434],[-106.0841076,38.42285687],[-106.0801409,38.42350013],[-106.0764957,38.42360734],[-106.0749948,38.42435782],[-106.0742443,38.42650203],[-106.0721001,38.42735971],[-106.0712424,38.42918229],[-106.0693126,38.43014718],[-106.0692054,38.43121929],[-106.0702775,38.43196976],[-106.0688838,38.43293466],[-106.0664179,38.43379234],[-106.0651314,38.43582934],[-106.0640593,38.43668703],[-106.0625583,38.43915287],[-106.0621295,38.43936729],[-106.058806,38.44322687],[-106.0579483,38.44472781],[-106.0589132,38.44805134],[-106.0604141,38.44880181],[-106.0622367,38.45030276],[-106.0600925,38.4527686],[-106.0603069,38.45491281],[-106.0583771,38.45694981],[-106.0556969,38.45491281],[-106.0520517,38.45426955],[-106.0508724,38.45437676],[-106.0490498,38.45523444],[-106.0432604,38.45770028],[-106.0427244,38.45823634],[-106.0415451,38.45727144],[-106.0401513,38.45694981],[-106.038972,38.45619934],[-106.0359701,38.45512723],[-106.0339331,38.45459118],[-106.0309312,38.45351907],[-106.0235337,38.45394792],[-106.0214967,38.45448397],[-106.0190309,38.45437676],[-106.018066,38.45373349],[-106.0168867,38.45180371],[-106.0176371,38.4486946],[-106.016029,38.4476225],[-106.0107757,38.44655039],[-106.0005907,38.45459118],[-105.9522387,38.49243649],[-105.9380869,38.50347917],[-105.9087113,38.50562338],[-105.9068887,38.50626664],[-105.906031,38.50755317],[-105.9059238,38.50959017],[-105.9050661,38.51162717],[-105.9057094,38.51291369],[-105.9078536,38.51484348],[-105.9087113,38.51688048],[-105.9082824,38.52095448],[-105.9083896,38.52245543],[-105.9073175,38.52309869],[-105.9056022,38.5252429],[-105.9044228,38.52610058],[-105.9044228,38.52760153],[-105.903458,38.52856642],[-105.9038868,38.53146111],[-105.9057094,38.53231879],[-105.9046373,38.53414137],[-105.9050661,38.53671442],[-105.9038868,38.53939469],[-105.903458,38.54132447],[-105.9033507,38.54303984],[-105.9036724,38.54539847],[-105.9037796,38.54797153],[-105.903458,38.54850758],[-105.9002416,38.54947247],[-105.8971325,38.550759],[-105.8947739,38.55065179],[-105.8934874,38.55097342],[-105.8924153,38.55215274],[-105.8922008,38.55461858],[-105.8926297,38.55644116],[-105.8933802,38.55804931],[-105.893273,38.55869258],[-105.8913432,38.56062236],[-105.8905927,38.56105121],[-105.8854466,38.56126563],[-105.8845889,38.56223052],[-105.8845889,38.56469636],[-105.8841601,38.56555405],[-105.8848033,38.56684057],[-105.8858754,38.56823431],[-105.8855538,38.56973526],[-105.8880196,38.5712362],[-105.8884485,38.57198668],[-105.8925225,38.5732732],[-105.8913432,38.57488136],[-105.8904855,38.5773472],[-105.8909143,38.57906257],[-105.8904855,38.58195725],[-105.8911287,38.58399425],[-105.8898422,38.58710336],[-105.8888773,38.58806825],[-105.8872692,38.58871152],[-105.8853394,38.59010525],[-105.8838384,38.59224946],[-105.8821231,38.59310715],[-105.8806221,38.59482251],[-105.8798716,38.59696672],[-105.8789067,38.59825325],[-105.8780491,38.60061188],[-105.8785851,38.60522193],[-105.8792284,38.60725893],[-105.8812654,38.60929593],[-105.8833024,38.61229783],[-105.8841601,38.61283388],[-105.8857682,38.61551414],[-105.885661,38.61755114],[-105.8849105,38.61873046],[-105.8859826,38.62066025],[-105.887162,38.62130351],[-105.8906999,38.62259003],[-105.8924153,38.62280446],[-105.8943451,38.62376935],[-105.8963821,38.62269725],[-105.8997056,38.62194677],[-105.89992,38.62355493],[-105.9005633,38.62473424],[-105.9026003,38.6252703],[-105.9035652,38.62462703],[-105.9043156,38.62484146],[-105.9049589,38.62612798],[-105.9066743,38.62709288],[-105.9081752,38.62687845],[-105.9096762,38.62741451],[-105.9119276,38.62912988],[-105.9139646,38.62923709],[-105.9156799,38.63009477],[-105.9177169,38.63320387],[-105.9172881,38.6344904],[-105.9155727,38.63566972],[-105.9135357,38.63802835],[-105.9111771,38.63920766],[-105.9105338,38.6416735],[-105.9112843,38.64317445],[-105.9132141,38.64553308],[-105.9111771,38.64703403],[-105.9109627,38.64832055],[-105.9094617,38.64917824],[-105.9079608,38.65089361],[-105.9079608,38.65271619],[-105.9091401,38.65368108],[-105.9128925,38.65378829],[-105.9134285,38.65571808],[-105.9140718,38.65603971],[-105.9171809,38.65957766],[-105.9197539,38.65947045],[-105.9209333,38.65979208],[-105.9197539,38.66279397],[-105.9201828,38.66429492],[-105.922327,38.66536702],[-105.9254361,38.66633192],[-105.9257577,38.66933381],[-105.9241496,38.67040592],[-105.9242568,38.67179965],[-105.9250073,38.67255013],[-105.9237207,38.67415829],[-105.922327,38.67512318],[-105.9226486,38.67705297],[-105.9245784,38.67748181],[-105.9259722,38.67887555],[-105.9261866,38.67994765],[-105.9307966,38.68080534],[-105.9322976,38.68187744],[-105.9366932,38.68262792],[-105.9394807,38.68370002],[-105.9422682,38.68402165],[-105.9443052,38.68487934],[-105.9441979,38.6855226],[-105.9453773,38.68809565],[-105.94527,38.69023986],[-105.9474143,38.69045428],[-105.9483792,38.69099033],[-105.9509522,38.69088312],[-105.9526676,38.69034707],[-105.954919,38.69013265],[-105.957492,38.69056149],[-105.9588858,38.6916336],[-105.9624237,38.69120476],[-105.9647824,38.69238407],[-105.969714,38.69356339],[-105.9700357,38.69484991],[-105.9689636,38.69720854],[-105.967677,38.69710133],[-105.9654256,38.69903112],[-105.963603,38.70128254],[-105.9617805,38.70610702],[-105.9597435,38.70728633],[-105.9572776,38.7090017],[-105.955455,38.71071707],[-105.9529892,38.71361175],[-105.9502017,38.71436222],[-105.9496657,38.71500549],[-105.9462349,38.71672085],[-105.9475215,38.72015159],[-105.9461277,38.72165254],[-105.9444124,38.72175975],[-105.9434475,38.72315348],[-105.9461277,38.7274419],[-105.9448412,38.7284068],[-105.9443052,38.73055101],[-105.9434475,38.73076543],[-105.9430186,38.7345178],[-105.944734,38.73580432],[-105.9443052,38.73709085],[-105.9479503,38.7417009],[-105.9478431,38.74384511],[-105.9420537,38.74481001],[-105.9413033,38.74556048],[-105.9414105,38.74866958],[-105.9404456,38.75049216],[-105.9383014,38.75370848],[-105.9379797,38.75606711],[-105.9384086,38.759069],[-105.9387302,38.76303579],[-105.9396951,38.76475116],[-105.9408744,38.76571605],[-105.9445196,38.76807468],[-105.9441979,38.76871795],[-105.9424826,38.76850353],[-105.9399095,38.77064774],[-105.9395879,38.77204147],[-105.9373365,38.77204147],[-105.9362644,38.77161263],[-105.9342274,38.77182705],[-105.9314399,38.77279195],[-105.9292957,38.77450732],[-105.9296173,38.77718758],[-105.9305822,38.77858131],[-105.9295101,38.77976063],[-105.9295101,38.78136879],[-105.9276875,38.78222647],[-105.9251145,38.78265531],[-105.9253289,38.78383463],[-105.9267226,38.78555],[-105.9246856,38.78576442],[-105.9237207,38.78619326],[-105.9218982,38.78780142],[-105.9208261,38.78951679],[-105.9184674,38.79016005],[-105.9151439,38.79048168],[-105.9137502,38.79241147],[-105.9145006,38.79369799],[-105.9128925,38.79552057],[-105.9126781,38.79734315],[-105.9118204,38.79873689],[-105.9118204,38.7999162],[-105.9110699,38.80045226],[-105.9105338,38.8019532],[-105.9114987,38.8029181],[-105.9104266,38.80484789],[-105.9078536,38.80634883],[-105.9072103,38.80731373],[-105.9106411,38.81053004],[-105.9108555,38.81278146],[-105.9125708,38.81385357],[-105.9139646,38.81610499],[-105.9156799,38.81706988],[-105.9171809,38.81749873],[-105.9184674,38.81867804],[-105.9207188,38.82167994],[-105.9242568,38.82414578],[-105.9259722,38.82650441],[-105.9281164,38.82811257],[-105.9295101,38.82993514],[-105.9314399,38.83165051],[-105.9322976,38.83272262],[-105.935085,38.83433077],[-105.9361572,38.83540288],[-105.9363716,38.8365822],[-105.9396951,38.83915525],[-105.9416249,38.84022735],[-105.9418393,38.84129946],[-105.941196,38.84247877],[-105.9401239,38.84355088],[-105.939159,38.84601672],[-105.9396951,38.84816093],[-105.9405528,38.84923303],[-105.9429114,38.85051956],[-105.9431258,38.85234214],[-105.9394807,38.85663056],[-105.937122,38.85845314],[-105.9349778,38.8590964],[-105.933048,38.86102619],[-105.9320832,38.86327761],[-105.932512,38.86445693],[-105.9314399,38.86649393],[-105.9306894,38.86670835],[-105.9290813,38.86595787],[-105.928438,38.86638671],[-105.928438,38.86767324],[-105.9277947,38.86885256],[-105.928438,38.86971024],[-105.9270443,38.87153282],[-105.9253289,38.87174724],[-105.9251145,38.87217608],[-105.9265082,38.87399866],[-105.9311183,38.87474913],[-105.9329408,38.87817987],[-105.935085,38.88032408],[-105.9360499,38.88139618],[-105.9388374,38.88332597],[-105.941196,38.88557739],[-105.9428042,38.88547018],[-105.9479503,38.88321876],[-105.9491296,38.88311155],[-105.9518099,38.88354039],[-105.9538469,38.88418366],[-105.9556695,38.88364761],[-105.957492,38.88418366],[-105.9599579,38.88439808],[-105.963603,38.88589903],[-105.9649968,38.88600624],[-105.9706789,38.88321876],[-105.9743241,38.88246829],[-105.9750746,38.88375482],[-105.9771116,38.88514855],[-105.9782909,38.88793603],[-105.9791486,38.88890092],[-105.9797918,38.89168839],[-105.9794702,38.89458308],[-105.9748601,38.89619123],[-105.9741097,38.89672729],[-105.973252,38.89833544],[-105.9723943,38.89930034],[-105.9694996,38.90069408],[-105.9700357,38.90187339],[-105.9715366,38.90369597],[-105.9721799,38.90701949],[-105.9716438,38.90852044],[-105.9727159,38.90959255],[-105.9766827,38.91066465],[-105.9770044,38.9112007],[-105.9760395,38.91184397],[-105.9768971,38.91291607],[-105.9765755,38.91441702],[-105.9783981,38.91463144],[-105.979899,38.9142026],[-105.9803279,38.9152747],[-105.9829009,38.91645402],[-105.9838658,38.91656123],[-105.9852596,38.91784776],[-105.9861172,38.91806218],[-105.9881542,38.91709728],[-105.9896552,38.91677565],[-105.9944797,38.91484586],[-105.9959806,38.91484586],[-105.9968383,38.9152747],[-105.9981248,38.91516749],[-105.9993041,38.91634681],[-105.9991969,38.91838381],[-106.0024132,38.92106407],[-106.0046647,38.92256502],[-106.00638,38.92406596],[-106.0082026,38.92653181],[-106.010454,38.92781833],[-106.0125982,38.92964091],[-106.0129199,38.93049859],[-106.0149569,38.93275002],[-106.018066,38.93446538],[-106.0205318,38.9346798],[-106.0246058,38.93886101],[-106.0263212,38.94111243],[-106.0281438,38.9428278],[-106.030824,38.94250617],[-106.032325,38.94164849],[-106.0368278,38.94068359],[-106.0388648,38.9407908],[-106.0437965,38.94197012],[-106.0457263,38.94154128],[-106.048621,38.9428278],[-106.0517301,38.94347107],[-106.0582699,38.9417557],[-106.0584843,38.93918265],[-106.0601997,38.93714565],[-106.0635232,38.9356447],[-106.0647025,38.93446538],[-106.064917,38.9326428],[-106.0658819,38.93189233],[-106.0678116,38.93285723],[-106.0704919,38.93210675],[-106.0714568,38.93382212],[-106.0739226,38.93478701],[-106.0761741,38.93457259],[-106.0773534,38.93510865],[-106.0786399,38.93521586],[-106.0835716,38.93789612],[-106.0848581,38.93939707],[-106.085287,38.93950428],[-106.0906475,38.93650238],[-106.0935422,38.93800333],[-106.0936494,38.93703844],[-106.0948287,38.93682401],[-106.0964369,38.93821775],[-106.0982594,38.93821775],[-106.1009397,38.93864659],[-106.1035127,38.93982591],[-106.1057642,38.94036196],[-106.1110175,38.94014754],[-106.1126256,38.94132686],[-106.1131617,38.94497201],[-106.1120896,38.95086859],[-106.1134833,38.95279838],[-106.1136977,38.95569306],[-106.1110175,38.95762285],[-106.1118752,38.95880217],[-106.1121968,38.9601959],[-106.1105886,38.96201848],[-106.1083372,38.96341222],[-106.107694,38.96416269],[-106.1068363,38.96662853],[-106.1055497,38.96941601],[-106.1050137,38.97005927],[-106.1043704,38.97413327],[-106.1055497,38.97606306],[-106.1065146,38.9764919],[-106.1075867,38.97970821],[-106.1095165,38.981638],[-106.109731,38.98228127],[-106.1093021,38.98388942],[-106.1095165,38.98592642],[-106.1089805,38.98742737],[-106.1118752,38.98699853],[-106.1132689,38.98785621],[-106.1168068,38.98807063],[-106.1195943,38.98957158],[-106.122489,38.99085811],[-106.1230251,38.99139416],[-106.1255981,38.99257347],[-106.1275279,38.99396721],[-106.1317091,38.99493211],[-106.1325668,38.99546816],[-106.1358903,38.9948249],[-106.1378201,38.99461047],[-106.1412508,38.99493211],[-106.1426446,38.99546816],[-106.1454321,38.997934],[-106.1496133,38.99707632],[-106.1506854,38.99707632],[-106.1541161,38.99621863],[-106.1563675,38.9948249],[-106.1577613,38.99428884],[-106.1595838,38.99418163],[-106.1605487,38.9948249],[-106.1634434,38.99386],[-106.1656948,38.99246626],[-106.1684823,38.99128695],[-106.1691256,38.99128695],[-106.1697688,38.99257347],[-106.1700905,38.99461047],[-106.1731996,38.99739795],[-106.1749149,38.99964937],[-106.1758798,38.99964937],[-106.1769519,39.00190079],[-106.1770591,39.00533152],[-106.178024,39.00769016],[-106.1779168,39.00908389],[-106.1794178,39.0112281],[-106.1830629,39.01187137],[-106.1849927,39.01262184],[-106.1849927,39.01347952],[-106.1860648,39.01455163],[-106.1860648,39.01562373],[-106.188209,39.01540931],[-106.1914254,39.01658863],[-106.1929263,39.01766073],[-106.1931407,39.01969773],[-106.1915326,39.02012657],[-106.1894956,39.02130589],[-106.1898172,39.02312847],[-106.1913181,39.02580873],[-106.1920686,39.02923947],[-106.1903533,39.03052599],[-106.1887451,39.03320625],[-106.1869225,39.03320625],[-106.1858504,39.03406394],[-106.1849927,39.03620815],[-106.183599,39.03706583],[-106.1825269,39.03856678],[-106.1827413,39.04006773],[-106.1853144,39.04403452],[-106.1857432,39.04671478],[-106.1848855,39.04907341],[-106.1847783,39.05078878],[-106.1863865,39.05218251],[-106.1901388,39.05454114],[-106.1909965,39.05604209],[-106.2316293,39.05647093],[-106.2464243,39.05636372],[-106.2968133,39.05647093],[-106.3087136,39.0561493],[-106.3472022,39.05647093],[-106.3688587,39.05647093],[-106.375613,39.05625651],[-106.3891215,39.05625651],[-106.4950455,39.05722141],[-106.5006204,39.05743583],[-106.5779192,39.05786467],[-106.5780264,39.05625651],[-106.5775976,39.05325462],[-106.5807067,39.04875178],[-106.5842446,39.04714362],[-106.5891763,39.04553546],[-106.5949657,39.04542825],[-106.5972171,39.04478499],[-106.5972171,39.04371288],[-106.5977532,39.03921004],[-106.5989325,39.0367442],[-106.5994685,39.03374231],[-106.5979676,39.03170531],[-106.5944296,39.02998994],[-106.5926071,39.02763131],[-106.5916422,39.02495105],[-106.5949657,39.02076984],[-106.5951801,39.01691026],[-106.5949657,39.01380115],[-106.5951801,39.01026321],[-106.5947513,39.00758295],[-106.5944296,39.00415221],[-106.5953945,39.00211521],[-106.5982892,38.99879168],[-106.5992541,38.99804121],[-106.5955017,38.99128695],[-106.594108,38.99096532],[-106.5904628,38.99128695],[-106.5868177,38.99268069],[-106.5856384,38.99268069],[-106.5827437,38.99150137],[-106.5809211,38.99193021],[-106.5795274,38.99171579],[-106.5771687,38.99042926],[-106.5747029,38.9927879],[-106.5706289,38.99396721],[-106.5698784,38.99450326],[-106.5684847,38.99450326],[-106.5661261,38.99375279],[-106.5628025,38.99643305],[-106.561516,38.99696911],[-106.5604439,38.99825563],[-106.5590502,38.99857726],[-106.5561555,38.99814842],[-106.5542257,38.99868447],[-106.5521887,38.99343116],[-106.5512238,38.99203742],[-106.5501517,38.99150137],[-106.546721,38.99107253],[-106.5454344,38.99042926],[-106.5442551,38.98914274],[-106.5421109,38.98828505],[-106.5398595,38.98656969],[-106.5359999,38.98346058],[-106.5341773,38.98228127],[-106.5320331,38.98142358],[-106.528388,38.98078032],[-106.5262438,38.97659911],[-106.5246356,38.97231069],[-106.5244212,38.97113137],[-106.5218481,38.96866553],[-106.5231346,38.96555643],[-106.5240995,38.96416269],[-106.5258149,38.96309059],[-106.5284952,38.95987427],[-106.5262438,38.9550498],[-106.5231346,38.95440654],[-106.5220625,38.95387048],[-106.5199183,38.95397769],[-106.5183102,38.95151185],[-106.516702,38.95033254],[-106.5157371,38.94861717],[-106.5143434,38.94829554],[-106.5131641,38.94743785],[-106.5081252,38.94593691],[-106.5071603,38.94604412],[-106.5053377,38.94443596],[-106.5058738,38.94293501],[-106.5058738,38.94089801],[-106.5055521,38.93950428],[-106.5043728,38.93682401],[-106.5026574,38.93639517],[-106.5017998,38.93532307],[-106.5006204,38.93478701],[-106.4987979,38.9346798],[-106.4962248,38.93350049],[-106.4938662,38.93114186],[-106.4923652,38.93017696],[-106.4907571,38.92964091],[-106.4898994,38.92631739],[-106.4873263,38.92352991],[-106.485611,38.92213618],[-106.48411,38.9213857],[-106.482073,38.92095686],[-106.4808937,38.91859823],[-106.4748899,38.91613239],[-106.4722097,38.91591797],[-106.4700655,38.91302328],[-106.4689933,38.91238002],[-106.4674924,38.91227281],[-106.4670636,38.91162955],[-106.4650266,38.91034302],[-106.4619175,38.91130791],[-106.4587011,38.9101286],[-106.4578435,38.9101286],[-106.4537695,38.91270165],[-106.4499099,38.91302328],[-106.4479801,38.91430981],[-106.4460503,38.91388097],[-106.4447638,38.91463144],[-106.4436917,38.91463144],[-106.4421907,38.91559633],[-106.439296,38.91548912],[-106.4371518,38.91495307],[-106.4369374,38.91634681],[-106.4349004,38.91816939],[-106.4343644,38.91999197],[-106.4337211,38.92052802],[-106.4321129,38.92299386],[-106.4302904,38.92492365],[-106.4273957,38.92588854],[-106.4249298,38.92610296],[-106.4218207,38.92803275],[-106.4193549,38.92771112],[-106.4181756,38.92663902],[-106.4182828,38.92535249],[-106.4172107,38.92084965],[-106.4156025,38.91849102],[-106.414316,38.91816939],[-106.4131367,38.9162396],[-106.4120646,38.91570355],[-106.4075617,38.91473865],[-106.4060608,38.91302328],[-106.4049887,38.91270165],[-106.4031661,38.91087907],[-106.402094,38.91066465],[-106.3995209,38.91195118],[-106.393946,38.91227281],[-106.3930883,38.91366655],[-106.3934099,38.91441702],[-106.3929811,38.91774054],[-106.3923378,38.91881265],[-106.3890143,38.91999197],[-106.3868701,38.92117128],[-106.3862268,38.92299386],[-106.3834394,38.92299386],[-106.3830105,38.92395875],[-106.3808663,38.92567412],[-106.3803303,38.92492365],[-106.3790437,38.92417318],[-106.3770067,38.92267223],[-106.3772212,38.91795497],[-106.3764707,38.91677565],[-106.3766851,38.91570355],[-106.3757202,38.91302328],[-106.3761491,38.91184397],[-106.3762563,38.90959255],[-106.3734688,38.90659065],[-106.3721823,38.90637623],[-106.367465,38.90691228],[-106.3657496,38.90991418],[-106.3642487,38.91098628],[-106.3615684,38.91238002],[-106.3570656,38.91291607],[-106.3548142,38.91162955],[-106.3529916,38.91098628],[-106.3514906,38.90991418],[-106.3473094,38.90852044],[-106.3467734,38.90755555],[-106.3452724,38.90701949],[-106.3440931,38.90755555],[-106.3387326,38.90873486],[-106.3380893,38.90873486],[-106.3349802,38.91162955],[-106.3310134,38.91173676],[-106.3279043,38.91109349],[-106.3260817,38.91098628],[-106.3249024,38.90830602],[-106.3251169,38.90798439],[-106.324152,38.90476807],[-106.324688,38.9029455],[-106.3228654,38.89801381],[-106.3208284,38.8958696],[-106.3205068,38.89469029],[-106.3213645,38.89254608],[-106.3229726,38.8917956],[-106.324688,38.89050908],[-106.3260817,38.88890092],[-106.326725,38.88729276],[-106.3264034,38.88686392],[-106.3264034,38.88407645],[-106.3274755,38.88225387],[-106.3304774,38.88182503],[-106.3325144,38.88064571],[-106.3340153,38.88128897],[-106.334337,38.88010966],[-106.3351946,38.87925197],[-106.3360523,38.87635729],[-106.3368028,38.87496355],[-106.3358379,38.87206887],[-106.3388398,38.87174724],[-106.3401263,38.87121119],[-106.3426994,38.86938861],[-106.3447364,38.86863814],[-106.3469878,38.8672444],[-106.3477383,38.86595787],[-106.3489176,38.86510019],[-106.3492392,38.86402808],[-106.3489176,38.86177666],[-106.349132,38.85823872],[-106.3488104,38.85673777],[-106.3493464,38.85491519],[-106.351169,38.85545124],[-106.3540637,38.85566566],[-106.3568512,38.85534403],[-106.3606035,38.85384309],[-106.3626405,38.85330703],[-106.3639271,38.85352145],[-106.3649992,38.8529854],[-106.365428,38.85169888],[-106.3653208,38.84762488],[-106.3644631,38.84623114],[-106.3663929,38.84473019],[-106.3681083,38.8428004],[-106.3683227,38.84204993],[-106.3701453,38.84044177],[-106.3702525,38.83872641],[-106.371539,38.83808314],[-106.3742193,38.83754709],[-106.3760418,38.83636777],[-106.3788293,38.83615335],[-106.3791509,38.83497404],[-106.3807591,38.83336588],[-106.381724,38.83282983],[-106.3827961,38.8315433],[-106.3830105,38.82961351],[-106.3835466,38.82854141],[-106.3836538,38.82468183],[-106.387835,38.82382415],[-106.3912657,38.82275204],[-106.3950181,38.82243041],[-106.3974839,38.82318088],[-106.3993065,38.82553951],[-106.4034877,38.82661162],[-106.4053103,38.8284342],[-106.4069185,38.82929188],[-106.4090627,38.82811257],[-106.4118501,38.82575393],[-106.4147448,38.8243602],[-106.4161386,38.82403857],[-106.4162458,38.8233953],[-106.4152809,38.81942852],[-106.4150665,38.81524731],[-106.4160314,38.81374636],[-106.4205342,38.81160215],[-106.4210703,38.81042283],[-106.422464,38.80924352],[-106.4226784,38.80763536],[-106.4206414,38.80409741],[-106.4184972,38.8029181],[-106.4179611,38.80066668],[-106.4150665,38.79959457],[-106.4144232,38.79852247],[-106.414852,38.7978792],[-106.414316,38.79519894],[-106.4129223,38.79112494],[-106.4131367,38.78994563],[-106.4145304,38.78940957],[-106.4165674,38.787587],[-106.4167818,38.78619326],[-106.4147448,38.78018947],[-106.4137799,38.77911737],[-106.414852,38.77632989],[-106.414852,38.77493616],[-106.4154953,38.7744001],[-106.4154953,38.77247032],[-106.4165674,38.77075495],[-106.4175323,38.77032611],[-106.4179611,38.76850353],[-106.4192477,38.7661449],[-106.4171035,38.76442953],[-106.4171035,38.76357184],[-106.4162458,38.76174927],[-106.4161386,38.75928342],[-106.4150665,38.75713921],[-106.4173179,38.75542385],[-106.4184972,38.75338685],[-106.4195693,38.75252916],[-106.4199981,38.75156427],[-106.4196765,38.74995611],[-106.41839,38.74909843],[-106.4179611,38.74202253],[-106.4186044,38.7396639],[-106.4199981,38.73880622],[-106.4184972,38.73526827],[-106.4167818,38.73376732],[-106.4166746,38.72776354],[-106.4174251,38.72572654],[-106.4191405,38.72401117],[-106.4234289,38.72079485],[-106.4227856,38.71886506],[-106.4232145,38.7161848],[-106.4247154,38.71264686],[-106.4252515,38.71028822],[-106.4294327,38.70985938],[-106.4316841,38.70868007],[-106.4329706,38.70868007],[-106.4345788,38.70932333],[-106.4381167,38.70868007],[-106.4434772,38.70921612],[-106.4446566,38.7080368],[-106.4445494,38.7069647],[-106.4455142,38.70557096],[-106.4475512,38.70482049],[-106.4483017,38.7049277],[-106.4493738,38.70299791],[-106.4501243,38.70267628],[-106.4521613,38.6988167],[-106.451518,38.6977446],[-106.4517325,38.69699412],[-106.4510892,38.69538596],[-106.4484089,38.69292012],[-106.4461575,38.68981102],[-106.4459431,38.68895333],[-106.4436917,38.68809565],[-106.4417619,38.68766681],[-106.4401537,38.68691634],[-106.4379023,38.6825207],[-106.4377951,38.68155581],[-106.4370446,38.6794116],[-106.4370446,38.67801786],[-106.4381167,38.67662413],[-106.4361869,38.67372944],[-106.4358653,38.67115639],[-106.4340427,38.66890497],[-106.4322201,38.66794008],[-106.431148,38.66504539],[-106.4313625,38.66333003],[-106.4293255,38.65861276],[-106.429111,38.65764787],[-106.4301831,38.65346666],[-106.4295399,38.65121524],[-106.4271812,38.65067919],[-106.4240721,38.64885661],[-106.4218207,38.64681961],[-106.4202126,38.6467124],[-106.4181756,38.64521145],[-106.4172107,38.64488982],[-106.4146376,38.64542587],[-106.4117429,38.64703403],[-106.4079906,38.64767729],[-106.4069185,38.64692682],[-106.406168,38.64714124],[-106.404131,38.6467124],[-106.4035949,38.64617634],[-106.4017724,38.6457475],[-106.4015579,38.64306724],[-106.4022012,38.64220956],[-106.4012363,38.63974371],[-106.3984488,38.63974371],[-106.3972695,38.64027977],[-106.3928739,38.64006535],[-106.3901936,38.64103024],[-106.3890143,38.64092303],[-106.3879422,38.64006535],[-106.3866557,38.6396365],[-106.385798,38.63867161],[-106.3831177,38.63888603],[-106.3799014,38.63845719],[-106.3803303,38.63706345],[-106.3819384,38.63545529],[-106.3841898,38.63384714],[-106.3851547,38.63234619],[-106.3862268,38.62773614],[-106.3853692,38.62494867],[-106.3841898,38.62387656],[-106.3826889,38.62344772],[-106.3821528,38.62173235],[-106.3812952,38.62108909],[-106.3791509,38.62012419],[-106.375613,38.6211963],[-106.3690732,38.61873046],[-106.3652136,38.61594298],[-106.3638198,38.61358435],[-106.3636054,38.61026083],[-106.3642487,38.60715172],[-106.3646775,38.6058652],[-106.3626405,38.60350657],[-106.3621045,38.60232725],[-106.3598531,38.60061188],[-106.359317,38.59943257],[-106.3612468,38.59589462],[-106.3610324,38.59450088],[-106.3581377,38.5926783],[-106.35728,38.59107015],[-106.3559935,38.59010525],[-106.3554574,38.58796104],[-106.3530988,38.58517357],[-106.3512762,38.5834582],[-106.3514906,38.58292215],[-106.3534204,38.5814212],[-106.3520267,38.57884815],[-106.3517051,38.57691836],[-106.3509546,38.57648952],[-106.3498825,38.57477415],[-106.3474166,38.57262994],[-106.3446292,38.56855594],[-106.3468806,38.56512521],[-106.3466662,38.56276657],[-106.3474166,38.56105121],[-106.3474166,38.56019352],[-106.3466662,38.558907],[-106.3500969,38.55558347],[-106.3508474,38.55376089],[-106.3505257,38.55268879],[-106.3520267,38.55172389],[-106.3535276,38.55000853],[-106.3536348,38.54711384],[-106.3549214,38.54282542],[-106.3548142,38.54175332],[-106.3537421,38.53918026],[-106.3544925,38.53617837],[-106.3541709,38.5333909],[-106.3504185,38.53146111],[-106.347095,38.52878085],[-106.3464517,38.52620779],[-106.345058,38.52449243],[-106.3440931,38.52256264],[-106.3425922,38.52149053],[-106.3436643,38.51741653],[-106.345058,38.51666606],[-106.3458085,38.51495069],[-106.3480599,38.51248485],[-106.3473094,38.51151996],[-106.346559,38.50969738],[-106.3454868,38.50819643],[-106.3453796,38.50712432],[-106.3442003,38.50455127],[-106.3428066,38.5028359],[-106.3413056,38.50240706],[-106.3392686,38.50122775],[-106.3387326,38.50058448],[-106.3388398,38.49929796],[-106.3381965,38.49822585],[-106.3362667,38.4966177],[-106.3350874,38.49629606],[-106.3344442,38.4956528],[-106.3325144,38.4945807],[-106.3303702,38.49372301],[-106.3277971,38.49736817],[-106.3272611,38.49758259],[-106.3258673,38.49693933],[-106.3229726,38.49693933],[-106.320078,38.4976898],[-106.3198635,38.49683212],[-106.3183626,38.49511675],[-106.3155751,38.49447349],[-106.3115011,38.49490233],[-106.3106434,38.49136438],[-106.3096785,38.49061391],[-106.3092497,38.48793364],[-106.3082848,38.48589665],[-106.3067839,38.48418128],[-106.3064622,38.4823587],[-106.3041036,38.48000007],[-106.3045324,38.47871354],[-106.3030315,38.47699817],[-106.2998152,38.47571165],[-106.295634,38.47560444],[-106.2929537,38.47485396],[-106.2903806,38.47324581],[-106.2904879,38.47185207],[-106.2894158,38.47045833],[-106.2896302,38.4701367],[-106.290059,38.46681318],[-106.2890941,38.46434733],[-106.2893085,38.46273918],[-106.2885581,38.46134544],[-106.285449,38.45855797],[-106.2842697,38.45770028],[-106.2835192,38.45652097],[-106.2806245,38.45437676],[-106.2771938,38.45426955],[-106.2758,38.45469839],[-106.2726909,38.45523444],[-106.2718332,38.45244697],[-106.2722621,38.44880181],[-106.2730125,38.4476225],[-106.2721549,38.44633597],[-106.2704395,38.44547829],[-106.2685097,38.4435485],[-106.2660439,38.44172592],[-106.2613266,38.44236918],[-106.2573598,38.44183313],[-106.2530714,38.44097545],[-106.2500695,38.43958171],[-106.2480325,38.43926008],[-106.2458883,38.43926008],[-106.2470676,38.43711587],[-106.2481397,38.43604376],[-106.2495334,38.43325629],[-106.2483541,38.42811018],[-106.248783,38.42778855],[-106.2485686,38.42607319],[-106.2479253,38.42392898],[-106.2469604,38.42274966]]]},"properties":{"name":"Chaffee=CHA","type":"county"}},
{"type":"Feature","geometry":{"type":"Polygon","coordinates":[[[-103.1630503,39.03760189],[-103.1629431,39.008119],[-103.163372,38.92706786],[-103.1634792,38.87496355],[-103.1636936,38.86488577],[-103.1636936,38.84955467],[-103.1635864,38.84590951],[-103.1636936,38.83668941],[-103.1638008,38.83529567],[-103.1638008,38.74995611],[-103.1640152,38.72551212],[-103.1641224,38.69013265],[-103.1724848,38.69002544],[-103.1725921,38.6304164],[-103.1729137,38.61240504],[-103.1363549,38.61326272],[-103.0992601,38.61433483],[-103.0622725,38.61497809],[-103.0283939,38.61497809],[-103.0073807,38.61476367],[-102.9888333,38.61529972],[-102.9334054,38.6150853],[-102.8755118,38.61454925],[-102.785991,38.61444204],[-102.7662643,38.6141204],[-102.6858564,38.61369156],[-102.6630205,38.61336993],[-102.6614124,38.61347714],[-102.6254969,38.61326272],[-102.620458,38.61294109],[-102.6115595,38.61326272],[-102.5866867,38.61336993],[-102.5789675,38.61326272],[-102.5102456,38.61369156],[-102.5022048,38.61390598],[-102.4562115,38.61487088],[-102.436592,38.61476367],[-102.4169724,38.6150853],[-102.3908131,38.61519251],[-102.3467496,38.61529972],[-102.3278805,38.61519251],[-102.3256291,38.61529972],[-102.2906785,38.61497809],[-102.2541197,38.61519251],[-102.2175609,38.61497809],[-102.1996568,38.61519251],[-102.1707099,38.61529972],[-102.1253599,38.61487088],[-102.1062764,38.6150853],[-102.0706825,38.6150853],[-102.0688599,38.61519251],[-102.0647859,38.61572856],[-102.0638211,38.61519251],[-102.0450592,38.61519251],[-102.0448448,38.61529972],[-102.0451664,38.62977314],[-102.0451664,38.65700461],[-102.0451664,38.65850555],[-102.0450592,38.66965544],[-102.0453808,38.74223695],[-102.0452736,38.75531664],[-102.0453808,38.78329858],[-102.0453808,38.79948736],[-102.0453808,38.81288867],[-102.0454881,38.81363915],[-102.0453808,38.85684498],[-102.0455953,38.87303377],[-102.0460241,38.98174521],[-102.046453,39.01691026],[-102.0465602,39.04703641],[-102.0606047,39.04703641],[-102.0874074,39.04671478],[-102.1148533,39.04660757],[-102.1252527,39.04660757],[-102.130506,39.04650036],[-102.1772498,39.04639315],[-102.2096273,39.04617873],[-102.2379309,39.04639315],[-102.28178,39.04639315],[-102.3197325,39.0459643],[-102.3300247,39.0459643],[-102.3524317,39.04564267],[-102.3677628,39.04564267],[-102.375482,39.0448922],[-102.4111831,39.04414173],[-102.4204032,39.04414173],[-102.4340189,39.04360567],[-102.447313,39.04296241],[-102.4544961,39.04274799],[-102.4665037,39.04274799],[-102.4993101,39.04167588],[-102.5117465,39.04135425],[-102.5200017,39.04135425],[-102.5534514,39.0408182],[-102.5774666,39.04071099],[-102.5856146,39.04049657],[-102.5867939,39.04038936],[-102.6317151,39.0397461],[-102.6692388,39.03942446],[-102.6873573,39.03899562],[-102.7157681,39.03867399],[-102.7241305,39.04017494],[-102.798749,39.0397461],[-102.8171892,39.0397461],[-102.8579292,39.03931725],[-102.877656,39.03942446],[-102.9179671,39.03921004],[-102.9774689,39.03931725],[-103.0491928,39.03942446],[-103.051337,39.03953167],[-103.0944356,39.03888841],[-103.0950789,39.03888841],[-103.1049422,39.0387812],[-103.1156633,39.03845957],[-103.1253122,39.03856678],[-103.1630503,39.03760189]]]},"properties":{"name":"Cheyenne=CHE","type":"county"}},
{"type":"Feature","geometry":{"type":"Polygon","coordinates":[[[-105.3989253,39.56604245],[-105.3991398,39.57440487],[-105.3991398,39.58158797],[-105.3989253,39.58512592],[-105.3989253,39.60474544],[-105.3986037,39.62039817],[-105.3984965,39.62854617],[-105.3984965,39.63465717],[-105.3982821,39.63658696],[-105.3982821,39.65835069],[-105.3983893,39.66531937],[-105.3983893,39.67614763],[-105.3983893,39.67754137],[-105.3984965,39.686011],[-105.3984965,39.70102047],[-105.3983893,39.71088383],[-105.3983893,39.71731646],[-105.3982821,39.71753089],[-105.3981749,39.73329083],[-105.3979604,39.74712098],[-105.3991398,39.74744262],[-105.4021416,39.74894356],[-105.4032138,39.75023009],[-105.405894,39.75130219],[-105.4081454,39.75108777],[-105.4096464,39.74990846],[-105.4132915,39.74980125],[-105.4150069,39.74947961],[-105.4182232,39.74722819],[-105.4209035,39.74594167],[-105.421654,39.74594167],[-105.4232621,39.74819309],[-105.4235837,39.74990846],[-105.4224044,39.75087335],[-105.42219,39.75215988],[-105.4225116,39.75333919],[-105.4219756,39.75505456],[-105.4251919,39.75559061],[-105.4273361,39.75580503],[-105.429802,39.75462572],[-105.4325894,39.75526898],[-105.4337687,39.75516177],[-105.43795,39.75580503],[-105.4397725,39.7554834],[-105.4410591,39.75559061],[-105.4427744,39.75494735],[-105.4464196,39.75387525],[-105.4480277,39.75323198],[-105.4502792,39.75291035],[-105.4513513,39.75408967],[-105.4546748,39.75580503],[-105.4613218,39.75559061],[-105.4626084,39.75698435],[-105.4657175,39.75634109],[-105.4697915,39.75655551],[-105.4718285,39.75709156],[-105.4723645,39.7575204],[-105.4775106,39.75859251],[-105.4789044,39.75912856],[-105.4807269,39.75891414],[-105.4840505,39.75923577],[-105.4864091,39.75837809],[-105.4895182,39.75816367],[-105.4906975,39.75719877],[-105.4929489,39.75687714],[-105.4954148,39.75762761],[-105.4967013,39.75966461],[-105.4959508,39.76137998],[-105.4939138,39.76266651],[-105.4942355,39.76384582],[-105.5025979,39.76309535],[-105.504206,39.76373861],[-105.5069935,39.76341698],[-105.5078512,39.76352419],[-105.5083873,39.76448909],[-105.5102098,39.76577561],[-105.5122468,39.76599003],[-105.5165353,39.76502514],[-105.518465,39.76513235],[-105.5200732,39.76599003],[-105.5212525,39.76609724],[-105.5217886,39.76695493],[-105.5229679,39.76727656],[-105.5255409,39.76867029],[-105.5278996,39.76909914],[-105.5302582,39.76909914],[-105.5311159,39.7697424],[-105.5339034,39.77017124],[-105.5386206,39.77167219],[-105.5413009,39.7738164],[-105.5450532,39.77360198],[-105.54441,39.77542456],[-105.5443028,39.7769255],[-105.5446244,39.77799761],[-105.5478407,39.78110671],[-105.5485912,39.78282208],[-105.5488056,39.78464466],[-105.5460181,39.78700329],[-105.5491272,39.78893308],[-105.5503066,39.78936192],[-105.5511642,39.79021961],[-105.5527724,39.79097008],[-105.5543806,39.79204218],[-105.5552382,39.7942936],[-105.5583473,39.79536571],[-105.5603843,39.79482966],[-105.5615637,39.79590176],[-105.562743,39.79772434],[-105.5641367,39.8004046],[-105.5663881,39.80029739],[-105.5713198,39.80126229],[-105.5719631,39.8024416],[-105.5752866,39.80415697],[-105.577538,39.80501465],[-105.5780741,39.80555071],[-105.5781813,39.80876702],[-105.5787173,39.80930307],[-105.5785029,39.81101844],[-105.5796822,39.81284102],[-105.5788246,39.81369871],[-105.5760371,39.81434197],[-105.5759299,39.81530686],[-105.5745361,39.81745107],[-105.5747506,39.81841597],[-105.5742145,39.81905923],[-105.5757154,39.82056018],[-105.5780741,39.82227555],[-105.5793606,39.82248997],[-105.5839707,39.8228116],[-105.5861149,39.82195391],[-105.5886879,39.82302602],[-105.5909393,39.82302602],[-105.5920114,39.82270439],[-105.5946917,39.82013134],[-105.5974792,39.81884481],[-105.601982,39.81787991],[-105.6029469,39.81959528],[-105.6026253,39.82045297],[-105.606056,39.8228116],[-105.6077714,39.82302602],[-105.6115238,39.82474139],[-105.613668,39.82270439],[-105.6152761,39.82420533],[-105.6163482,39.82549186],[-105.6176348,39.82613512],[-105.6212799,39.8289226],[-105.6229953,39.82913702],[-105.6251395,39.8309596],[-105.6276053,39.83213891],[-105.6281414,39.83342544],[-105.6302856,39.83653454],[-105.6314649,39.83771386],[-105.6311433,39.83932202],[-105.632537,39.84157344],[-105.6330731,39.84339601],[-105.6336091,39.84371765],[-105.6361822,39.84457533],[-105.6389696,39.84478975],[-105.6412211,39.84521859],[-105.6439013,39.84650512],[-105.6479753,39.8462907],[-105.6500123,39.84671954],[-105.6517277,39.84822049],[-105.6546224,39.84918538],[-105.660519,39.85057912],[-105.6633064,39.85004307],[-105.6673804,39.84757722],[-105.6717761,39.84800607],[-105.675314,39.84972143],[-105.6766005,39.84897096],[-105.677351,39.84747001],[-105.6787447,39.84725559],[-105.681425,39.84747001],[-105.6830332,39.8483277],[-105.6864639,39.84918538],[-105.6888225,39.8514368],[-105.6903235,39.85197285],[-105.6912884,39.85132959],[-105.6926821,39.84864933],[-105.6935398,39.84789886],[-105.6937542,39.84543301],[-105.6946119,39.84371765],[-105.6957912,39.83942923],[-105.6963273,39.83889317],[-105.7012589,39.83717781],[-105.7032959,39.83674896],[-105.7081204,39.83674896],[-105.7123016,39.83771386],[-105.7133737,39.83824991],[-105.7170189,39.83546244],[-105.7193775,39.83106681],[-105.7189487,39.8289226],[-105.7194847,39.82731444],[-105.7232371,39.82538465],[-105.724202,39.82409812],[-105.7245236,39.82195391],[-105.7238804,39.81938086],[-105.7251669,39.81734386],[-105.7299914,39.81487802],[-105.7313851,39.81434197],[-105.7334221,39.81251939],[-105.7339581,39.81101844],[-105.7350303,39.81026797],[-105.7355663,39.80737329],[-105.736424,39.80480023],[-105.7385682,39.80501465],[-105.7414629,39.8044786],[-105.7444648,39.8034065],[-105.7470378,39.8013695],[-105.7497181,39.80094066],[-105.7505758,39.80126229],[-105.75272,39.79997576],[-105.756794,39.79826039],[-105.7609752,39.79708108],[-105.7638699,39.79493687],[-105.7659069,39.79482966],[-105.7694448,39.79568734],[-105.7734116,39.79718829],[-105.7770568,39.79815318],[-105.779737,39.79901087],[-105.7823101,39.80115508],[-105.7846687,39.8024416],[-105.7867057,39.8024416],[-105.7908869,39.80308487],[-105.7928167,39.80211997],[-105.7937816,39.80190555],[-105.7958186,39.80287044],[-105.797534,39.80297766],[-105.7990349,39.8034065],[-105.800107,39.80287044],[-105.8012863,39.80147671],[-105.8019296,39.7993325],[-105.8048243,39.79901087],[-105.8075046,39.79804597],[-105.8090055,39.79643781],[-105.809756,39.79493687],[-105.8105064,39.79150613],[-105.8141516,39.79032682],[-105.81844,39.79000518],[-105.8198338,39.78946913],[-105.8214419,39.7880754],[-105.8221924,39.78625282],[-105.8229429,39.78560955],[-105.8257303,39.78689608],[-105.8271241,39.78700329],[-105.8300188,39.78818261],[-105.8334495,39.78786097],[-105.8385956,39.78818261],[-105.8407398,39.78893308],[-105.8440633,39.78946913],[-105.8478157,39.7891475],[-105.8507104,39.7880754],[-105.8509248,39.78904029],[-105.8521041,39.79107729],[-105.8533906,39.79225661],[-105.8547844,39.79558013],[-105.8573574,39.79579455],[-105.8601449,39.79697387],[-105.8621819,39.79675945],[-105.8635756,39.79686666],[-105.8687217,39.79665224],[-105.8722597,39.79665224],[-105.8744039,39.79879645],[-105.8755832,39.79922529],[-105.8781563,39.79858202],[-105.8834096,39.79804597],[-105.885661,39.79718829],[-105.8873764,39.79697387],[-105.8879124,39.79579455],[-105.887698,39.79407918],[-105.8879124,39.79011239],[-105.887698,39.78904029],[-105.8906999,39.78636003],[-105.8923081,39.78410861],[-105.8926297,39.78260766],[-105.8920936,39.78078508],[-105.8910215,39.77928413],[-105.8900566,39.77864087],[-105.8895206,39.77563898],[-105.8896278,39.77370919],[-105.8875908,39.77049287],[-105.8870547,39.76706214],[-105.8867331,39.76599003],[-105.885125,39.76416745],[-105.8828735,39.76341698],[-105.8814798,39.7605223],[-105.8805149,39.75934298],[-105.8808365,39.75794924],[-105.8821231,39.75580503],[-105.8841601,39.75376804],[-105.8845889,39.75291035],[-105.8850177,39.75001567],[-105.8831952,39.74765704],[-105.8823375,39.74562004],[-105.8833024,39.74379746],[-105.8823375,39.74036672],[-105.8837312,39.7370432],[-105.8869475,39.73414851],[-105.8894134,39.73157546],[-105.891772,39.73039615],[-105.89992,39.72878799],[-105.9047445,39.72878799],[-105.9066743,39.72750146],[-105.9082824,39.72621494],[-105.9074247,39.72407073],[-105.9088185,39.72289141],[-105.9105338,39.7207472],[-105.9120348,39.71613715],[-105.9118204,39.71527946],[-105.9167521,39.7135641],[-105.9180386,39.71206315],[-105.9213621,39.70991894],[-105.9218982,39.70809636],[-105.9245784,39.7033791],[-105.9240424,39.70155652],[-105.9245784,39.69898347],[-105.9200756,39.69383736],[-105.9205044,39.69255084],[-105.9195395,39.69029942],[-105.9213621,39.68429563],[-105.9246856,39.68011442],[-105.9270443,39.67668368],[-105.9266154,39.67518274],[-105.9267226,39.67357458],[-105.9262938,39.67303853],[-105.922327,39.67014384],[-105.9199684,39.66939337],[-105.9148223,39.66574821],[-105.9107483,39.66231748],[-105.9036724,39.66446169],[-105.8968109,39.66467611],[-105.8939162,39.65942279],[-105.8882341,39.6584579],[-105.8849105,39.65706416],[-105.8796572,39.663604],[-105.8736534,39.66585542],[-105.8680785,39.66692753],[-105.864755,39.66724916],[-105.8629324,39.66499774],[-105.8620747,39.66231748],[-105.8595016,39.65867232],[-105.858644,39.65813627],[-105.8568214,39.65781464],[-105.8568214,39.65588485],[-105.8556421,39.65223969],[-105.85457,39.6503099],[-105.8543555,39.64913059],[-105.8512464,39.64666474],[-105.8486734,39.6441989],[-105.8461003,39.64409169],[-105.8415975,39.6462359],[-105.8394533,39.64559264],[-105.83881,39.64462774],[-105.8366658,39.64291238],[-105.8345216,39.64194748],[-105.8339855,39.64226911],[-105.8287322,39.64194748],[-105.8262664,39.64087538],[-105.8248727,39.64162585],[-105.8212275,39.64269796],[-105.8201554,39.64055375],[-105.8191905,39.63969606],[-105.8190833,39.63830232],[-105.81844,39.63637254],[-105.8186544,39.63487159],[-105.8172607,39.63358506],[-105.815867,39.63379948],[-105.8122218,39.63508601],[-105.8093271,39.63540764],[-105.806218,39.6349788],[-105.8032161,39.63540764],[-105.8006431,39.63562206],[-105.7982844,39.63637254],[-105.7930311,39.63637254],[-105.7918518,39.63530043],[-105.7912086,39.63422833],[-105.7879922,39.63240575],[-105.7845615,39.63111922],[-105.7826317,39.62897501],[-105.7828461,39.62758127],[-105.7823101,39.62672359],[-105.7822029,39.62436496],[-105.7828461,39.62264959],[-105.7824173,39.62147028],[-105.7827389,39.62050538],[-105.7827389,39.61793233],[-105.781238,39.61600254],[-105.7773784,39.61278623],[-105.7760919,39.61107086],[-105.7761991,39.6083906],[-105.775663,39.60656802],[-105.7759847,39.60517428],[-105.7775928,39.60442381],[-105.7813452,39.60088586],[-105.7827389,39.60013539],[-105.7869201,39.59917049],[-105.7916374,39.59788397],[-105.7931383,39.59670465],[-105.7944249,39.59488207],[-105.7961402,39.59391718],[-105.7984989,39.59380997],[-105.8004287,39.5931667],[-105.8013936,39.59123691],[-105.8032161,39.58984318],[-105.8051459,39.58737734],[-105.8060036,39.58587639],[-105.8080406,39.58341055],[-105.81383,39.58244565],[-105.8181184,39.5808375],[-105.8188689,39.58180239],[-105.819941,39.58223123],[-105.8205842,39.58094471],[-105.8227284,39.58008702],[-105.826588,39.58019423],[-105.8272313,39.57933655],[-105.8315197,39.57805002],[-105.8329134,39.57708513],[-105.8336639,39.57612023],[-105.8383812,39.57290392],[-105.8383812,39.57140297],[-105.8365586,39.56882992],[-105.830662,39.56647129],[-105.8296971,39.56486313],[-105.7505758,39.56486313],[-105.7240948,39.56539918],[-105.7216289,39.56529197],[-105.6951479,39.56561361],[-105.6358605,39.56668571],[-105.6255683,39.56700734],[-105.5879374,39.56818666],[-105.5002393,39.56614966],[-105.4851226,39.56614966],[-105.4591776,39.56593524],[-105.4280866,39.56593524],[-105.3989253,39.56604245]]]},"properties":{"name":"ClearCreek=CLC","type":"county"}},
{"type":"Feature","geometry":{"type":"Polygon","coordinates":[[[-106.4761764,36.99374089],[-106.375613,36.99395531],[-106.3431282,36.99427694],[-106.3398047,36.99416973],[-106.3275827,36.99416973],[-106.3225438,36.99406252],[-106.3089281,36.99416973],[-106.2970277,36.9938481],[-106.2932753,36.9938481],[-106.2928465,36.99406252],[-106.2871643,36.99416973],[-106.2619699,36.99416973],[-106.2492118,36.99427694],[-106.2360249,36.99427694],[-106.2348456,36.99416973],[-106.2015031,36.99416973],[-106.1797394,36.99427694],[-106.1794178,36.99438415],[-106.155617,36.99449136],[-106.1539017,36.99470578],[-106.1255981,36.99481299],[-106.1147698,36.99470578],[-106.0816418,36.9949202],[-106.0662035,36.9949202],[-106.0054151,36.99534904],[-106.0005907,36.99524183],[-105.9967311,36.99545625],[-105.9865461,36.99545625],[-105.9690708,36.99556346],[-105.8995984,36.99556346],[-105.7799515,36.99577789],[-105.7505758,36.99567068],[-105.7184126,36.9958851],[-105.7195919,36.99663557],[-105.718091,36.99877978],[-105.7187343,36.99985189],[-105.7228083,37.00081678],[-105.7232371,37.00156725],[-105.7229155,37.00392588],[-105.7255957,37.00564125],[-105.7265606,37.00660615],[-105.7265606,37.00810709],[-105.7254885,37.00960804],[-105.7237731,37.01057294],[-105.724202,37.01239551],[-105.7249525,37.01336041],[-105.726775,37.01464693],[-105.728276,37.01496857],[-105.7314923,37.01400367],[-105.7335293,37.01475414],[-105.7352447,37.01464693],[-105.7378177,37.01389646],[-105.7391043,37.01303878],[-105.740498,37.01303878],[-105.7414629,37.01368204],[-105.7447864,37.01389646],[-105.7462874,37.0143253],[-105.7465018,37.01561183],[-105.745108,37.01689835],[-105.745108,37.01743441],[-105.7470378,37.01829209],[-105.749182,37.01797046],[-105.7502541,37.01947141],[-105.750683,37.0214012],[-105.7489676,37.02354541],[-105.7489676,37.02504635],[-105.7496109,37.0265473],[-105.7513262,37.02772662],[-105.7525056,37.02804825],[-105.7541137,37.0276194],[-105.7570084,37.02622567],[-105.7603319,37.02601125],[-105.7621545,37.02751219],[-105.7639771,37.0306213],[-105.7651564,37.03319435],[-105.7657997,37.03501693],[-105.7686943,37.03641067],[-105.7688016,37.03758998],[-105.7677295,37.03909093],[-105.7664429,37.04016303],[-105.7668718,37.04134235],[-105.7680511,37.04155677],[-105.7700881,37.04123514],[-105.7707313,37.04209282],[-105.7704097,37.04445145],[-105.7713746,37.04573798],[-105.7700881,37.04734614],[-105.767515,37.04777498],[-105.766979,37.04852545],[-105.7678367,37.05120572],[-105.7640843,37.05592298],[-105.7655852,37.05795998],[-105.7670862,37.0592465],[-105.7676222,37.06031861],[-105.7701953,37.06117629],[-105.7708386,37.06267724],[-105.7703025,37.06449982],[-105.7688016,37.06546471],[-105.7666574,37.06621519],[-105.7656925,37.06846661],[-105.7640843,37.07093245],[-105.7632266,37.07296945],[-105.7607608,37.07436318],[-105.7606536,37.07575692],[-105.7596887,37.07704345],[-105.7571156,37.07811555],[-105.7544354,37.08218955],[-105.7538993,37.08347608],[-105.7515407,37.08647797],[-105.7502541,37.08712123],[-105.7488604,37.08840776],[-105.7480027,37.09216013],[-105.7462874,37.09505481],[-105.7426422,37.09880718],[-105.7408196,37.10170186],[-105.7408196,37.10331002],[-105.7416773,37.10406049],[-105.7441431,37.10481097],[-105.7448936,37.10556144],[-105.7470378,37.10888496],[-105.7488604,37.11145802],[-105.7497181,37.11413828],[-105.7495037,37.11585365],[-105.7499325,37.11746181],[-105.7498253,37.11982044],[-105.748646,37.1225007],[-105.7485388,37.12410886],[-105.7477883,37.12829007],[-105.7481099,37.12989822],[-105.7482171,37.13332896],[-105.7488604,37.13536596],[-105.7478955,37.13740296],[-105.7457513,37.14008322],[-105.745108,37.14179859],[-105.7440359,37.14362117],[-105.743071,37.14426443],[-105.740498,37.14512211],[-105.7377105,37.14748075],[-105.7346014,37.14941053],[-105.7332077,37.15134032],[-105.7321356,37.15327011],[-105.7313851,37.15627201],[-105.7314923,37.15798737],[-105.7322428,37.15938111],[-105.7341726,37.16098927],[-105.7358879,37.1633479],[-105.7368528,37.16366953],[-105.7380321,37.16559932],[-105.7367456,37.16860121],[-105.7368528,37.17085263],[-105.7351375,37.17288963],[-105.7318139,37.17514105],[-105.730849,37.17610595],[-105.7297769,37.17942947],[-105.7296697,37.18028716],[-105.7312779,37.18339626],[-105.7322428,37.18457558],[-105.732886,37.18822074],[-105.7347086,37.18961447],[-105.736424,37.18940005],[-105.7376033,37.18972168],[-105.7388898,37.19132984],[-105.7392115,37.19304521],[-105.738997,37.19465337],[-105.7383538,37.19583268],[-105.7366384,37.19690479],[-105.7359951,37.19926342],[-105.7365312,37.20033552],[-105.7386754,37.201086],[-105.7392115,37.20280136],[-105.7380321,37.20387347],[-105.7380321,37.20505278],[-105.7386754,37.20633931],[-105.7383538,37.20730421],[-105.7394259,37.20912678],[-105.7398547,37.21073494],[-105.7396403,37.21202147],[-105.741034,37.21330799],[-105.7441431,37.21491615],[-105.7455369,37.21738199],[-105.7455369,37.21888294],[-105.7437143,37.22124157],[-105.7434999,37.22284973],[-105.7461801,37.22681652],[-105.746609,37.22821025],[-105.7467162,37.23035446],[-105.7460729,37.23131936],[-105.7436071,37.23271309],[-105.7412485,37.23442846],[-105.7408196,37.23625104],[-105.7409268,37.2409683],[-105.742535,37.24289809],[-105.7438215,37.24375578],[-105.7440359,37.24632883],[-105.7459657,37.24750814],[-105.7461801,37.24890188],[-105.7454297,37.25104609],[-105.7434999,37.25372635],[-105.7428566,37.25533451],[-105.7409268,37.25533451],[-105.7394259,37.25619219],[-105.7376033,37.25769314],[-105.7366384,37.26015898],[-105.7387826,37.26358972],[-105.7372817,37.26594835],[-105.7363168,37.2664844],[-105.732886,37.26637719],[-105.7310635,37.26937909],[-105.7296697,37.27130887],[-105.7246308,37.27398914],[-105.7234515,37.27549008],[-105.7234515,37.2766694],[-105.7253813,37.28010014],[-105.7252741,37.28106503],[-105.7283832,37.28353087],[-105.7280616,37.28503182],[-105.7270967,37.28610392],[-105.726239,37.28653277],[-105.724202,37.28631834],[-105.7223794,37.28535345],[-105.7203424,37.28556787],[-105.7200208,37.28706882],[-105.7205568,37.28846255],[-105.720128,37.28985629],[-105.720664,37.29125003],[-105.7220578,37.29221492],[-105.7223794,37.29468076],[-105.7254885,37.29543124],[-105.7264534,37.29639613],[-105.7269895,37.29778987],[-105.7279544,37.29929082],[-105.7277399,37.30025571],[-105.728812,37.30336481],[-105.7291337,37.30486576],[-105.7309563,37.30486576],[-105.7322428,37.30315039],[-105.7334221,37.30261434],[-105.7346014,37.30272155],[-105.7357807,37.30390087],[-105.7366384,37.30561624],[-105.7382466,37.30636671],[-105.7379249,37.30765323],[-105.7365312,37.30808208],[-105.7363168,37.3093686],[-105.7379249,37.31119118],[-105.7371745,37.31354981],[-105.7380321,37.31419308],[-105.7402836,37.31419308],[-105.7411413,37.31451471],[-105.742535,37.31633729],[-105.7416773,37.31740939],[-105.7394259,37.31794544],[-105.738461,37.31858871],[-105.7382466,37.32008965],[-105.7396403,37.32094734],[-105.7422134,37.32137618],[-105.7433927,37.32191223],[-105.7458585,37.32384202],[-105.7475739,37.32705834],[-105.7473595,37.32834486],[-105.7475739,37.32963139],[-105.7469306,37.3308107],[-105.7489676,37.33274049],[-105.7507902,37.33391981],[-105.7507902,37.33552796],[-105.7495037,37.3378866],[-105.7493965,37.3389587],[-105.7503614,37.34131733],[-105.7521839,37.3419606],[-105.7531488,37.34367596],[-105.753256,37.34453365],[-105.7525056,37.34560575],[-105.7500397,37.34678507],[-105.7480027,37.34807159],[-105.7473595,37.34882207],[-105.7475739,37.34946533],[-105.7497181,37.34925091],[-105.7500397,37.3511807],[-105.7432855,37.35675564],[-105.7505758,37.35697007],[-105.7537921,37.3563268],[-105.7605464,37.35675564],[-105.8052531,37.35621959],[-105.8203698,37.35621959],[-105.8372019,37.3563268],[-105.8383812,37.35621959],[-105.8477085,37.35643401],[-105.8514609,37.35621959],[-105.8575719,37.3563268],[-105.8755832,37.35621959],[-105.8867331,37.3563268],[-105.8867331,37.35643401],[-105.8980974,37.35643401],[-105.9099978,37.3563268],[-105.9273659,37.3563268],[-105.9292957,37.35621959],[-105.9383014,37.35654122],[-105.947307,37.35664843],[-105.9497729,37.35643401],[-105.9700357,37.3563268],[-105.9771116,37.3563268],[-105.9835442,37.35621959],[-106.0388648,37.35697007],[-106.0391864,37.37155069],[-106.0392937,37.40081916],[-106.0577339,37.40103358],[-106.0940782,37.40114079],[-106.1625857,37.40103358],[-106.175987,37.40114079],[-106.1763087,37.40092637],[-106.2448162,37.40092637],[-106.3502041,37.401248],[-106.3508474,37.40103358],[-106.3691804,37.40081916],[-106.375613,37.40071195],[-106.4879696,37.39931821],[-106.4879696,37.40156963],[-106.4986907,37.40178405],[-106.5218481,37.4022129],[-106.5236707,37.4022129],[-106.5445767,37.4022129],[-106.5445767,37.40232011],[-106.5636602,37.4022129],[-106.5760966,37.40232011],[-106.5884258,37.40274895],[-106.6143708,37.4022129],[-106.614478,37.40232011],[-106.6264856,37.40253453],[-106.6265928,37.40242732],[-106.6468556,37.403285],[-106.6478205,37.40317779],[-106.6783755,37.40371384],[-106.6783755,37.40360663],[-106.6783755,37.39653074],[-106.6782682,37.39653074],[-106.6782682,37.37498143],[-106.6780538,37.3634027],[-106.6786971,37.24997398],[-106.6783755,37.22853188],[-106.6256279,37.20666094],[-106.6143708,37.2021581],[-106.6034353,37.19744084],[-106.5974315,37.194975],[-106.5891763,37.14019043],[-106.4890417,37.01507578],[-106.4799288,36.9999591],[-106.4797144,36.99931583],[-106.4761764,36.99374089]]]},"properties":{"name":"Conejos=CON","type":"county"}},
{"type":"Feature","geometry":{"type":"Polygon","coordinates":[[[-105.7184126,36.9958851],[-105.6976138,36.99577789],[-105.6647002,36.9958851],[-105.6606262,36.99577789],[-105.6276053,36.99567068],[-105.6094868,36.9958851],[-105.5791462,36.99599231],[-105.5285428,36.99577789],[-105.516428,36.9958851],[-105.5124613,36.99577789],[-105.5108531,36.99599231],[-105.5005609,36.9958851],[-105.4984167,36.99577789],[-105.4844793,36.99599231],[-105.4489926,36.99599231],[-105.4472773,36.9958851],[-105.4457763,36.99416973],[-105.4415951,36.99599231],[-105.418116,36.9958851],[-105.3347062,36.99567068],[-105.251082,36.99567068],[-105.2223496,36.99513462],[-105.1550214,36.99524183],[-105.1549142,37.02204446],[-105.1550214,37.12496654],[-105.1545926,37.24997398],[-105.1541638,37.29317982],[-105.1571656,37.29307261],[-105.1589882,37.29232213],[-105.1601675,37.29114282],[-105.1620973,37.29007071],[-105.1645632,37.28910582],[-105.1654209,37.29125003],[-105.1652064,37.29275097],[-105.1653136,37.29521682],[-105.1633839,37.29993408],[-105.1637055,37.30175666],[-105.1647776,37.30443692],[-105.1647776,37.30722439],[-105.1648848,37.30851092],[-105.1669218,37.31376423],[-105.166493,37.31526518],[-105.1654209,37.31676613],[-105.1658497,37.31901755],[-105.1667074,37.32116176],[-105.1667074,37.32373481],[-105.1653136,37.32598623],[-105.1634911,37.32737997],[-105.1630622,37.32888091],[-105.1639199,37.33091791],[-105.1647776,37.33188281],[-105.1656353,37.33349097],[-105.1672434,37.3348847],[-105.1679939,37.33702891],[-105.1657425,37.34153175],[-105.1640271,37.3430327],[-105.1641343,37.34517691],[-105.1658497,37.34732112],[-105.1663858,37.34989417],[-105.1659569,37.35246722],[-105.1677795,37.35407538],[-105.1679939,37.35471864],[-105.167029,37.35814938],[-105.1686372,37.36029359],[-105.1689588,37.36147291],[-105.16853,37.36254501],[-105.166493,37.36554691],[-105.1657425,37.36983533],[-105.1667074,37.37230117],[-105.1684228,37.3736949],[-105.1688516,37.37562469],[-105.1669218,37.37894822],[-105.1653136,37.38119964],[-105.1671362,37.38580969],[-105.167029,37.38784669],[-105.1663858,37.38881158],[-105.1626334,37.39031253],[-105.162419,37.39149185],[-105.1614541,37.39320721],[-105.1585594,37.39706679],[-105.1572729,37.39846053],[-105.1551287,37.39963984],[-105.1513763,37.4001759],[-105.1463374,37.40039032],[-105.1450509,37.40028311],[-105.1424778,37.40092637],[-105.1386182,37.40071195],[-105.1327217,37.40360663],[-105.1312207,37.40682295],[-105.1297198,37.40928879],[-105.1305774,37.41164742],[-105.1326144,37.41154021],[-105.1346514,37.41196905],[-105.1371173,37.41314837],[-105.1393687,37.41561421],[-105.140548,37.41808005],[-105.1406552,37.42183242],[-105.1415129,37.423655],[-105.1408697,37.42794342],[-105.1410841,37.42869389],[-105.1422634,37.42912273],[-105.1451581,37.42901552],[-105.1439788,37.43169578],[-105.1445148,37.43351836],[-105.1464446,37.4359842],[-105.1459085,37.43855726],[-105.1468734,37.44113031],[-105.1495537,37.44316731],[-105.1500898,37.44402499],[-105.1509474,37.44702689],[-105.1512691,37.44863504],[-105.152234,37.45152973],[-105.1544854,37.45356673],[-105.1551287,37.45571094],[-105.1562008,37.45710467],[-105.1577017,37.45742631],[-105.1592026,37.45710467],[-105.1625262,37.45474604],[-105.1639199,37.45453162],[-105.1657425,37.45496046],[-105.1679939,37.45603257],[-105.1696021,37.45613978],[-105.1714246,37.45538931],[-105.1753914,37.45624699],[-105.1753914,37.45710467],[-105.1741049,37.45935609],[-105.1734616,37.46107146],[-105.1735689,37.46192915],[-105.1749626,37.46525267],[-105.1759275,37.47029157],[-105.176678,37.4726502],[-105.176678,37.47554488],[-105.1789294,37.47726025],[-105.1804303,37.47865398],[-105.1820385,37.47897562],[-105.1820385,37.47972609],[-105.1801087,37.48154867],[-105.1764635,37.48337125],[-105.1747482,37.48530104],[-105.1745338,37.4870164],[-105.1757131,37.48948225],[-105.1774284,37.49076877],[-105.1776429,37.49141203],[-105.1762491,37.4931274],[-105.1758203,37.4940923],[-105.1733544,37.49687977],[-105.1720679,37.49945282],[-105.1729256,37.50052493],[-105.1729256,37.50191866],[-105.1738905,37.50309798],[-105.172604,37.50620708],[-105.1732472,37.5104955],[-105.1719607,37.51199645],[-105.1713174,37.51328298],[-105.1715319,37.5145695],[-105.1724968,37.51564161],[-105.1715319,37.51746419],[-105.1720679,37.51907234],[-105.1743193,37.51993003],[-105.1736761,37.52303913],[-105.174641,37.52518334],[-105.1763563,37.52614824],[-105.1775356,37.52968618],[-105.1771068,37.53075829],[-105.1777501,37.53408181],[-105.1804303,37.53654766],[-105.1830034,37.53815581],[-105.1835394,37.53922792],[-105.1837539,37.54094329],[-105.1821457,37.54233702],[-105.1823601,37.54383797],[-105.1831106,37.5451245],[-105.1826817,37.54673265],[-105.1790366,37.54630381],[-105.1785005,37.54662544],[-105.1793582,37.54866244],[-105.1805375,37.55016339],[-105.182789,37.55241481],[-105.1839683,37.55284365],[-105.1835394,37.55402297],[-105.1841827,37.55605997],[-105.1889,37.5594907],[-105.1905081,37.56131328],[-105.1919019,37.56238539],[-105.1930812,37.56388633],[-105.1947965,37.56463681],[-105.1937244,37.56549449],[-105.19351,37.56688823],[-105.1951182,37.56806754],[-105.1954398,37.56913965],[-105.1983345,37.57181991],[-105.201658,37.57407133],[-105.2044455,37.57439296],[-105.2053032,37.57428575],[-105.2076618,37.57525065],[-105.2084123,37.57610833],[-105.2100204,37.57653717],[-105.2116286,37.57760928],[-105.21388,37.57793091],[-105.2143088,37.57975349],[-105.2160242,37.58114722],[-105.217418,37.58168328],[-105.2183828,37.58243375],[-105.2183828,37.58350585],[-105.2172035,37.58489959],[-105.2119502,37.58607891],[-105.2085195,37.58865196],[-105.2070185,37.58950964],[-105.205732,37.59079617],[-105.2038022,37.59444133],[-105.2023013,37.59476296],[-105.2003715,37.59411969],[-105.1987633,37.59401248],[-105.1967263,37.59272596],[-105.1949037,37.59272596],[-105.1931884,37.59218991],[-105.1930812,37.59326201],[-105.1932956,37.59497738],[-105.1934028,37.59808648],[-105.1941533,37.59958743],[-105.1940461,37.60108838],[-105.1952254,37.60141001],[-105.1962975,37.60312538],[-105.1954398,37.60462632],[-105.1947965,37.6074138],[-105.1956542,37.60891474],[-105.1953326,37.6094508],[-105.1928667,37.6105229],[-105.1926523,37.61180943],[-105.190937,37.61298874],[-105.1897576,37.61448969],[-105.1885783,37.61513295],[-105.1866485,37.61577622],[-105.1843971,37.61599064],[-105.1875062,37.61963579],[-105.1892216,37.61931416],[-105.1921163,37.61920695],[-105.1943677,37.61963579],[-105.2013364,37.61920695],[-105.2054104,37.62060069],[-105.2083051,37.62199442],[-105.2096988,37.62231606],[-105.2120574,37.62349537],[-105.2145233,37.62639006],[-105.2158098,37.62639006],[-105.219455,37.62424585],[-105.219991,37.62338816],[-105.219991,37.62188721],[-105.2211703,37.62113674],[-105.226102,37.62038627],[-105.2291039,37.62060069],[-105.2297472,37.62038627],[-105.2359654,37.62081511],[-105.2366086,37.62167279],[-105.2381096,37.62210164],[-105.2415403,37.62370979],[-105.2426124,37.62606842],[-105.2433629,37.62917753],[-105.2458287,37.629928],[-105.2487234,37.62960637],[-105.2521542,37.63024963],[-105.2541912,37.63228663],[-105.2544056,37.63518132],[-105.2536551,37.63678947],[-105.2545128,37.638076],[-105.2552633,37.64022021],[-105.2581579,37.64054184],[-105.25923,37.63957695],[-105.2614815,37.63904089],[-105.2635185,37.63914811],[-105.2659843,37.63829042],[-105.267378,37.63871926],[-105.2670564,37.63989858],[-105.2683429,37.64064905],[-105.2708088,37.64107789],[-105.272953,37.64097068],[-105.2759549,37.6452591],[-105.2786351,37.64633121],[-105.2799217,37.64633121],[-105.2815298,37.64536631],[-105.2833524,37.6452591],[-105.2849606,37.64590237],[-105.2854966,37.64686726],[-105.2869976,37.65094126],[-105.2896778,37.65040521],[-105.2908571,37.65158452],[-105.2940735,37.65287105],[-105.2951456,37.65351431],[-105.2955744,37.654372],[-105.29536,37.65683784],[-105.2968609,37.65833878],[-105.2976114,37.65812436],[-105.2986835,37.65662342],[-105.3017926,37.65362152],[-105.3031864,37.65308547],[-105.3062955,37.65329989],[-105.3084397,37.65383594],[-105.3090829,37.6534071],[-105.3098334,37.65051242],[-105.3107983,37.65061963],[-105.3133714,37.64976194],[-105.3144435,37.64879705],[-105.31573,37.64815379],[-105.318303,37.64879705],[-105.3222698,37.646224],[-105.3243068,37.6452591],[-105.3275231,37.64429421],[-105.3295601,37.64300768],[-105.3349207,37.6432221],[-105.3371721,37.64268605],[-105.3430687,37.64225721],[-105.3454273,37.64204279],[-105.3469282,37.6411851],[-105.3478931,37.63850484],[-105.3485364,37.63775437],[-105.3520743,37.63818321],[-105.3545402,37.63721832],[-105.3547546,37.63614621],[-105.3567916,37.63668226],[-105.3596863,37.63646784],[-105.36108,37.63668226],[-105.3640819,37.63850484],[-105.3657973,37.63829042],[-105.3682631,37.63861205],[-105.3703001,37.63936253],[-105.3708362,37.63829042],[-105.3728732,37.63678947],[-105.3737309,37.63582458],[-105.3759823,37.63507411],[-105.37684,37.63443084],[-105.3784481,37.63164337],[-105.3806995,37.6288559],[-105.3808068,37.62799821],[-105.3845591,37.62756937],[-105.3865961,37.62639006],[-105.3874538,37.62488911],[-105.3898124,37.62178],[-105.3897052,37.62113674],[-105.3913134,37.61834927],[-105.3934576,37.61706274],[-105.3944225,37.61749158],[-105.3961379,37.61674111],[-105.3980676,37.61524016],[-105.3998902,37.61427527],[-105.4003191,37.61341758],[-105.4010695,37.61438248],[-105.4032138,37.61566901],[-105.4083599,37.61802764],[-105.4108257,37.61695553],[-105.4148997,37.61588343],[-105.4170439,37.61738437],[-105.4209035,37.61674111],[-105.4234765,37.61674111],[-105.4272289,37.61448969],[-105.4285154,37.61395364],[-105.4316245,37.61341758],[-105.4360202,37.6135248],[-105.4383788,37.61331037],[-105.439987,37.61223827],[-105.4422384,37.61180943],[-105.4430961,37.61105895],[-105.4450258,37.60784264],[-105.4457763,37.60591285],[-105.4458835,37.60430469],[-105.4474917,37.60323259],[-105.448135,37.6023749],[-105.4478133,37.60023069],[-105.4513513,37.59851532],[-105.4524234,37.59615669],[-105.4552108,37.59390527],[-105.4545676,37.59326201],[-105.4551036,37.59272596],[-105.4544604,37.59208269],[-105.4549964,37.5911178],[-105.4544604,37.59047454],[-105.4602497,37.58672217],[-105.4612146,37.58682938],[-105.4633588,37.5859717],[-105.4644309,37.58457796],[-105.4673256,37.58447075],[-105.4698987,37.5818977],[-105.4713996,37.58125443],[-105.4759025,37.58061117],[-105.4787972,37.5798607],[-105.4809414,37.57868138],[-105.4855514,37.57793091],[-105.4883389,37.57696601],[-105.4906975,37.57546507],[-105.4927345,37.57299923],[-105.4942355,37.57214154],[-105.4949859,37.57085502],[-105.496058,37.57010454],[-105.4973446,37.56688823],[-105.4967013,37.56581612],[-105.4962725,37.56388633],[-105.5005609,37.56013397],[-105.5359404,37.53054387],[-105.5540589,37.51564161],[-105.5706766,37.50159703],[-105.5752866,37.4981663],[-105.5880447,37.48765967],[-105.5894384,37.48615872],[-105.5950133,37.4818703],[-105.5970503,37.48015493],[-105.6033758,37.47415114],[-105.6216015,37.4594633],[-105.6255683,37.45603257],[-105.636611,37.44627641],[-105.7219506,37.37498143],[-105.7339581,37.36490364],[-105.7432855,37.35675564],[-105.7500397,37.3511807],[-105.7497181,37.34925091],[-105.7475739,37.34946533],[-105.7473595,37.34882207],[-105.7480027,37.34807159],[-105.7500397,37.34678507],[-105.7525056,37.34560575],[-105.753256,37.34453365],[-105.7531488,37.34367596],[-105.7521839,37.3419606],[-105.7503614,37.34131733],[-105.7493965,37.3389587],[-105.7495037,37.3378866],[-105.7507902,37.33552796],[-105.7507902,37.33391981],[-105.7489676,37.33274049],[-105.7469306,37.3308107],[-105.7475739,37.32963139],[-105.7473595,37.32834486],[-105.7475739,37.32705834],[-105.7458585,37.32384202],[-105.7433927,37.32191223],[-105.7422134,37.32137618],[-105.7396403,37.32094734],[-105.7382466,37.32008965],[-105.738461,37.31858871],[-105.7394259,37.31794544],[-105.7416773,37.31740939],[-105.742535,37.31633729],[-105.7411413,37.31451471],[-105.7402836,37.31419308],[-105.7380321,37.31419308],[-105.7371745,37.31354981],[-105.7379249,37.31119118],[-105.7363168,37.3093686],[-105.7365312,37.30808208],[-105.7379249,37.30765323],[-105.7382466,37.30636671],[-105.7366384,37.30561624],[-105.7357807,37.30390087],[-105.7346014,37.30272155],[-105.7334221,37.30261434],[-105.7322428,37.30315039],[-105.7309563,37.30486576],[-105.7291337,37.30486576],[-105.728812,37.30336481],[-105.7277399,37.30025571],[-105.7279544,37.29929082],[-105.7269895,37.29778987],[-105.7264534,37.29639613],[-105.7254885,37.29543124],[-105.7223794,37.29468076],[-105.7220578,37.29221492],[-105.720664,37.29125003],[-105.720128,37.28985629],[-105.7205568,37.28846255],[-105.7200208,37.28706882],[-105.7203424,37.28556787],[-105.7223794,37.28535345],[-105.724202,37.28631834],[-105.726239,37.28653277],[-105.7270967,37.28610392],[-105.7280616,37.28503182],[-105.7283832,37.28353087],[-105.7252741,37.28106503],[-105.7253813,37.28010014],[-105.7234515,37.2766694],[-105.7234515,37.27549008],[-105.7246308,37.27398914],[-105.7296697,37.27130887],[-105.7310635,37.26937909],[-105.732886,37.26637719],[-105.7363168,37.2664844],[-105.7372817,37.26594835],[-105.7387826,37.26358972],[-105.7366384,37.26015898],[-105.7376033,37.25769314],[-105.7394259,37.25619219],[-105.7409268,37.25533451],[-105.7428566,37.25533451],[-105.7434999,37.25372635],[-105.7454297,37.25104609],[-105.7461801,37.24890188],[-105.7459657,37.24750814],[-105.7440359,37.24632883],[-105.7438215,37.24375578],[-105.742535,37.24289809],[-105.7409268,37.2409683],[-105.7408196,37.23625104],[-105.7412485,37.23442846],[-105.7436071,37.23271309],[-105.7460729,37.23131936],[-105.7467162,37.23035446],[-105.746609,37.22821025],[-105.7461801,37.22681652],[-105.7434999,37.22284973],[-105.7437143,37.22124157],[-105.7455369,37.21888294],[-105.7455369,37.21738199],[-105.7441431,37.21491615],[-105.741034,37.21330799],[-105.7396403,37.21202147],[-105.7398547,37.21073494],[-105.7394259,37.20912678],[-105.7383538,37.20730421],[-105.7386754,37.20633931],[-105.7380321,37.20505278],[-105.7380321,37.20387347],[-105.7392115,37.20280136],[-105.7386754,37.201086],[-105.7365312,37.20033552],[-105.7359951,37.19926342],[-105.7366384,37.19690479],[-105.7383538,37.19583268],[-105.738997,37.19465337],[-105.7392115,37.19304521],[-105.7388898,37.19132984],[-105.7376033,37.18972168],[-105.736424,37.18940005],[-105.7347086,37.18961447],[-105.732886,37.18822074],[-105.7322428,37.18457558],[-105.7312779,37.18339626],[-105.7296697,37.18028716],[-105.7297769,37.17942947],[-105.730849,37.17610595],[-105.7318139,37.17514105],[-105.7351375,37.17288963],[-105.7368528,37.17085263],[-105.7367456,37.16860121],[-105.7380321,37.16559932],[-105.7368528,37.16366953],[-105.7358879,37.1633479],[-105.7341726,37.16098927],[-105.7322428,37.15938111],[-105.7314923,37.15798737],[-105.7313851,37.15627201],[-105.7321356,37.15327011],[-105.7332077,37.15134032],[-105.7346014,37.14941053],[-105.7377105,37.14748075],[-105.740498,37.14512211],[-105.743071,37.14426443],[-105.7440359,37.14362117],[-105.745108,37.14179859],[-105.7457513,37.14008322],[-105.7478955,37.13740296],[-105.7488604,37.13536596],[-105.7482171,37.13332896],[-105.7481099,37.12989822],[-105.7477883,37.12829007],[-105.7485388,37.12410886],[-105.748646,37.1225007],[-105.7498253,37.11982044],[-105.7499325,37.11746181],[-105.7495037,37.11585365],[-105.7497181,37.11413828],[-105.7488604,37.11145802],[-105.7470378,37.10888496],[-105.7448936,37.10556144],[-105.7441431,37.10481097],[-105.7416773,37.10406049],[-105.7408196,37.10331002],[-105.7408196,37.10170186],[-105.7426422,37.09880718],[-105.7462874,37.09505481],[-105.7480027,37.09216013],[-105.7488604,37.08840776],[-105.7502541,37.08712123],[-105.7515407,37.08647797],[-105.7538993,37.08347608],[-105.7544354,37.08218955],[-105.7571156,37.07811555],[-105.7596887,37.07704345],[-105.7606536,37.07575692],[-105.7607608,37.07436318],[-105.7632266,37.07296945],[-105.7640843,37.07093245],[-105.7656925,37.06846661],[-105.7666574,37.06621519],[-105.7688016,37.06546471],[-105.7703025,37.06449982],[-105.7708386,37.06267724],[-105.7701953,37.06117629],[-105.7676222,37.06031861],[-105.7670862,37.0592465],[-105.7655852,37.05795998],[-105.7640843,37.05592298],[-105.7678367,37.05120572],[-105.766979,37.04852545],[-105.767515,37.04777498],[-105.7700881,37.04734614],[-105.7713746,37.04573798],[-105.7704097,37.04445145],[-105.7707313,37.04209282],[-105.7700881,37.04123514],[-105.7680511,37.04155677],[-105.7668718,37.04134235],[-105.7664429,37.04016303],[-105.7677295,37.03909093],[-105.7688016,37.03758998],[-105.7686943,37.03641067],[-105.7657997,37.03501693],[-105.7651564,37.03319435],[-105.7639771,37.0306213],[-105.7621545,37.02751219],[-105.7603319,37.02601125],[-105.7570084,37.02622567],[-105.7541137,37.0276194],[-105.7525056,37.02804825],[-105.7513262,37.02772662],[-105.7496109,37.0265473],[-105.7489676,37.02504635],[-105.7489676,37.02354541],[-105.750683,37.0214012],[-105.7502541,37.01947141],[-105.749182,37.01797046],[-105.7470378,37.01829209],[-105.745108,37.01743441],[-105.745108,37.01689835],[-105.7465018,37.01561183],[-105.7462874,37.0143253],[-105.7447864,37.01389646],[-105.7414629,37.01368204],[-105.740498,37.01303878],[-105.7391043,37.01303878],[-105.7378177,37.01389646],[-105.7352447,37.01464693],[-105.7335293,37.01475414],[-105.7314923,37.01400367],[-105.728276,37.01496857],[-105.726775,37.01464693],[-105.7249525,37.01336041],[-105.724202,37.01239551],[-105.7237731,37.01057294],[-105.7254885,37.00960804],[-105.7265606,37.00810709],[-105.7265606,37.00660615],[-105.7255957,37.00564125],[-105.7229155,37.00392588],[-105.7232371,37.00156725],[-105.7228083,37.00081678],[-105.7187343,36.99985189],[-105.718091,36.99877978],[-105.7195919,36.99663557],[-105.7184126,36.9958851]]]},"properties":{"name":"Costilla=COS","type":"county"}},
{"type":"Feature","geometry":{"type":"Polygon","coordinates":[[[-104.058258,38.1464682],[-104.0560066,38.14603936],[-104.0504316,38.14657541],[-104.0491451,38.14625378],[-104.0479658,38.14528888],[-104.0470009,38.1414293],[-104.043999,38.14164373],[-104.0361726,38.1414293],[-104.0331708,38.14057162],[-104.0279174,38.14046441],[-104.0221281,38.14100046],[-104.0194478,38.14185815],[-104.0178397,38.14207257],[-104.0150522,38.14282304],[-104.0118359,38.14496725],[-104.0102277,38.14571772],[-104.0077619,38.1455033],[-104.0050816,38.14357351],[-104.0025085,38.14282304],[-104.0009004,38.1434663],[-103.999185,38.14582493],[-103.9983273,38.14625378],[-103.9946822,38.14668262],[-103.9932884,38.14636099],[-103.9912514,38.14539609],[-103.9876063,38.14282304],[-103.9841756,38.14089325],[-103.9807448,38.14057162],[-103.9777429,38.14110767],[-103.9749555,38.1403572],[-103.9740978,38.13864183],[-103.9769925,38.13435341],[-103.9764564,38.13295967],[-103.9744194,38.13210199],[-103.9700238,38.13156594],[-103.9668075,38.13167315],[-103.9601604,38.13038662],[-103.9549071,38.13081546],[-103.9512619,38.1301722],[-103.94826,38.1281352],[-103.9446149,38.12663425],[-103.9404337,38.12588378],[-103.934001,38.12438283],[-103.9328217,38.12438283],[-103.9301415,38.1250261],[-103.9290694,38.12727752],[-103.9259603,38.12963615],[-103.9233872,38.13038662],[-103.9201709,38.12931452],[-103.9199565,38.12749194],[-103.9186699,38.12556215],[-103.9163113,38.12470447],[-103.9143815,38.12481168],[-103.9109508,38.12652704],[-103.9108436,38.12792078],[-103.9117013,38.12985057],[-103.9135238,38.13167315],[-103.913095,38.13360294],[-103.9125589,38.13435341],[-103.9079489,38.13456783],[-103.9060191,38.13488946],[-103.9043037,38.1342462],[-103.9020523,38.13392457],[-103.9002297,38.13295967],[-103.8985144,38.1311371],[-103.8990504,38.12845683],[-103.9003369,38.12727752],[-103.9006586,38.12545494],[-103.8957269,38.12470447],[-103.8925106,38.12524052],[-103.8887582,38.12545494],[-103.8868284,38.12524052],[-103.8837193,38.12459726],[-103.8780372,38.12459726],[-103.8732127,38.12631262],[-103.8709613,38.12781357],[-103.8687098,38.12877846],[-103.866244,38.12877846],[-103.8634565,38.12802799],[-103.8602402,38.1260982],[-103.8583104,38.12545494],[-103.8564878,38.12513331],[-103.8550941,38.12545494],[-103.8503768,38.1250261],[-103.8461956,38.12341794],[-103.8445875,38.12084489],[-103.8416928,38.11730694],[-103.8404063,38.11612763],[-103.837726,38.11419784],[-103.8355818,38.11334015],[-103.8334376,38.11355457],[-103.8314006,38.11419784],[-103.8287203,38.11441226],[-103.8259329,38.11301852],[-103.8244319,38.11301852],[-103.8218589,38.11355457],[-103.8186425,38.1148411],[-103.8138181,38.11741415],[-103.8118883,38.11784299],[-103.8098513,38.11752136],[-103.8072782,38.11644926],[-103.8050268,38.11462668],[-103.8029898,38.11248247],[-103.7913039,38.11248247],[-103.7692185,38.11291131],[-103.7506711,38.11323294],[-103.747562,38.11312573],[-103.7013543,38.11312573],[-103.6736939,38.11291131],[-103.6191238,38.11334015],[-103.6190166,38.14314467],[-103.619231,38.17144824],[-103.6011124,38.17176988],[-103.5832083,38.17273477],[-103.5603724,38.17273477],[-103.5595148,38.17262756],[-103.5093402,38.17252035],[-103.5096619,38.22537513],[-103.5095547,38.23084286],[-103.5096619,38.23212939],[-103.5098763,38.2638637],[-103.5100907,38.26515022],[-103.5017283,38.26504301],[-103.5016211,38.27404869],[-103.5016211,38.32250784],[-103.5016211,38.32626021],[-103.5014067,38.32701068],[-103.5017283,38.34234178],[-103.5069816,38.34223457],[-103.50666,38.40795461],[-103.5052662,38.49061391],[-103.504623,38.50004843],[-103.504623,38.51645164],[-103.6130128,38.51784537],[-103.6130128,38.52256264],[-103.6486067,38.52266985],[-103.6778752,38.52224101],[-103.6820564,38.52245543],[-103.7048922,38.52224101],[-103.7065004,38.52191937],[-103.713469,38.52181216],[-103.715506,38.52159774],[-103.719044,38.52181216],[-103.7508855,38.52224101],[-103.7608561,38.52213379],[-103.7700762,38.52213379],[-103.7791891,38.52181216],[-103.8725694,38.52213379],[-103.8754641,38.52277706],[-103.8889726,38.52266985],[-103.8955125,38.52299148],[-103.9000153,38.52256264],[-103.9002297,38.52277706],[-103.9062335,38.52288427],[-103.9105219,38.52331311],[-103.9190988,38.52309869],[-103.9255314,38.52309869],[-103.947724,38.5232059],[-103.951798,38.52299148],[-103.9519052,38.5232059],[-103.9621974,38.5232059],[-103.962519,38.52309869],[-103.9850332,38.52277706],[-104.0173036,38.52256264],[-104.0344573,38.52234822],[-104.0372448,38.52245543],[-104.0400322,38.52224101],[-104.0539696,38.52234822],[-104.054184,38.51956074],[-104.0545056,38.50723154],[-104.0547201,38.49190043],[-104.0550417,38.48407407],[-104.0552561,38.47335302],[-104.0555777,38.46520502],[-104.0563282,38.43572213],[-104.0561138,38.41342235],[-104.0558994,38.40302293],[-104.0557922,38.3751482],[-104.0554705,38.32368716],[-104.0547201,38.2618267],[-104.0579364,38.26161228],[-104.0583652,38.2608618],[-104.0584724,38.25217775],[-104.058258,38.22580397],[-104.0584724,38.19996624],[-104.0583652,38.17873856],[-104.058258,38.17412851],[-104.0583652,38.16565888],[-104.058258,38.1464682]]]},"properties":{"name":"Crowley=CRO","type":"county"}},
{"type":"Feature","geometry":{"type":"Polygon","coordinates":[[[-105.0499551,37.91542957],[-105.0501696,37.98168566],[-105.0500624,37.98500918],[-105.0499551,37.98533081],[-105.0501696,38.00001865],[-105.0499551,38.00688012],[-105.0495263,38.03990096],[-105.0507056,38.11387621],[-105.0501696,38.11741415],[-105.0482398,38.12781357],[-105.0487758,38.23974133],[-105.0492047,38.25003354],[-105.0492047,38.25796712],[-105.0745064,38.25807433],[-105.0754712,38.25785991],[-105.1232871,38.25764549],[-105.1255386,38.25753828],[-105.2453999,38.25893201],[-105.2628752,38.25903922],[-105.291822,38.25839596],[-105.2984691,38.25839596],[-105.3038296,38.25818154],[-105.3289169,38.25893201],[-105.3411389,38.25893201],[-105.3918494,38.2597897],[-105.4273361,38.26096901],[-105.4642165,38.2618267],[-105.4672184,38.26204112],[-105.4929489,38.26246996],[-105.499596,38.26246996],[-105.5005609,38.26279159],[-105.505707,38.26279159],[-105.5370125,38.26332764],[-105.5476263,38.26429254],[-105.5562031,38.26407812],[-105.5919042,38.2649358],[-105.6249251,38.26482859],[-105.6405778,38.26515022],[-105.6520493,38.2649358],[-105.6561233,38.26504301],[-105.6601973,38.2649358],[-105.6657723,38.26482859],[-105.6824971,38.26482859],[-105.6843197,38.26504301],[-105.7210929,38.26504301],[-105.7372817,38.26482859],[-105.7505758,38.26504301],[-105.762905,38.2649358],[-105.7655852,38.26504301],[-105.7968907,38.26504301],[-105.7966763,38.26364928],[-105.7957114,38.26011133],[-105.7942104,38.25796712],[-105.7927095,38.25625175],[-105.7921734,38.25485801],[-105.7891716,38.25185612],[-105.789386,38.25003354],[-105.7891716,38.24628117],[-105.7897076,38.24435139],[-105.787885,38.24209996],[-105.7839182,38.23963412],[-105.7808091,38.23909807],[-105.7787721,38.23770433],[-105.7754486,38.23588176],[-105.771053,38.23480965],[-105.7682655,38.23373755],[-105.7671934,38.23180776],[-105.7655852,38.23084286],[-105.761404,38.22912749],[-105.7594742,38.22859144],[-105.7581877,38.22655444],[-105.7565796,38.22494628],[-105.7559363,38.2220516],[-105.7564724,38.2189425],[-105.7560435,38.21808481],[-105.7535777,38.21669108],[-105.7505758,38.21422523],[-105.7485388,38.21411802],[-105.7447864,38.21465408],[-105.7444648,38.21368918],[-105.7407124,38.21025845],[-105.7391043,38.2098296],[-105.7367456,38.20950797],[-105.7363168,38.20918634],[-105.7357807,38.20725655],[-105.7341726,38.20500513],[-105.7333149,38.20178882],[-105.7325644,38.20071671],[-105.7314923,38.20103834],[-105.7269895,38.19975182],[-105.7249525,38.19717876],[-105.7220578,38.1934264],[-105.7213073,38.19160382],[-105.7188415,38.18988845],[-105.7173405,38.18817308],[-105.716054,38.18517119],[-105.7129449,38.1832414],[-105.7094069,38.18238372],[-105.7083348,38.18184766],[-105.7081204,38.18034672],[-105.7068339,38.17820251],[-105.7053329,38.17648714],[-105.7031887,38.17466456],[-105.7022238,38.17423572],[-105.7011517,38.1719843],[-105.7009373,38.17026893],[-105.7004013,38.16919682],[-105.6979354,38.16715982],[-105.6961128,38.16651656],[-105.6932182,38.16576609],[-105.6912884,38.16651656],[-105.6867855,38.16683819],[-105.6861423,38.16533725],[-105.6807817,38.16051277],[-105.6774582,38.15954788],[-105.6730626,38.15911904],[-105.6728482,38.15676041],[-105.6713472,38.15386572],[-105.6701679,38.15311525],[-105.6710256,38.15107825],[-105.6726337,38.14936288],[-105.6730626,38.14796914],[-105.6752068,38.14700425],[-105.6762789,38.14614657],[-105.6743491,38.14132209],[-105.6725265,38.14024999],[-105.673277,38.13853462],[-105.6733842,38.13735531],[-105.6719905,38.13403178],[-105.670704,38.13178036],[-105.6697391,38.13092268],[-105.6701679,38.12856404],[-105.6664155,38.12588378],[-105.6650218,38.12427562],[-105.6633064,38.12148815],[-105.6634136,38.12063047],[-105.6626632,38.11912952],[-105.6600901,38.11805741],[-105.6576243,38.11741415],[-105.658482,38.11516273],[-105.6598757,38.11323294],[-105.6597685,38.11237526],[-105.6612694,38.11151757],[-105.6611622,38.10980221],[-105.6622343,38.10680031],[-105.6614838,38.10637147],[-105.6622343,38.10433447],[-105.6613766,38.10315516],[-105.6614838,38.10090373],[-105.6603045,38.09886674],[-105.6588036,38.09725858],[-105.6555873,38.095436],[-105.6550512,38.09361342],[-105.6558017,38.09232689],[-105.6552656,38.091362],[-105.6536575,38.09082595],[-105.6519421,38.08943221],[-105.6520493,38.08878895],[-105.6507628,38.08793126],[-105.6501195,38.08696637],[-105.6464744,38.08503658],[-105.6460455,38.08353563],[-105.6452951,38.08235632],[-105.6437941,38.08128421],[-105.6412211,38.07892558],[-105.6393985,38.07849674],[-105.6365038,38.07560206],[-105.6372543,38.07281458],[-105.6361822,38.07131364],[-105.6351101,38.07077758],[-105.6341452,38.06949106],[-105.6313577,38.06809732],[-105.6271765,38.06734685],[-105.6269621,38.06455937],[-105.6262116,38.06348727],[-105.6259972,38.06112864],[-105.6267476,38.05919885],[-105.6282486,38.05737627],[-105.6255683,38.0556609],[-105.6211727,38.05426717],[-105.6198862,38.0536239],[-105.6178492,38.05330227],[-105.6175275,38.04976433],[-105.6179564,38.04729848],[-105.6172059,38.04590475],[-105.6149545,38.04365333],[-105.6139896,38.03957933],[-105.6132391,38.03807838],[-105.6088435,38.03496928],[-105.6085219,38.03368275],[-105.6093795,38.03228901],[-105.6064849,38.03164575],[-105.603483,38.03121691],[-105.6031613,38.03068086],[-105.6033758,38.02939433],[-105.6031613,38.02714291],[-105.6021964,38.02617802],[-105.6008027,38.02371217],[-105.599945,38.02360496],[-105.5986585,38.02264007],[-105.5985513,38.02135354],[-105.597908,38.02006702],[-105.5983369,38.01631465],[-105.5971575,38.01363439],[-105.5972648,38.01266949],[-105.5988729,38.01127576],[-105.6043407,38.0087027],[-105.6048767,38.00741618],[-105.6043407,38.00612965],[-105.6046623,38.00505755],[-105.6039118,38.00377102],[-105.6005883,38.00227007],[-105.6002667,38.00001865],[-105.5997306,37.99873213],[-105.5984441,37.99701676],[-105.595871,37.9963735],[-105.5957638,37.99508697],[-105.5936196,37.99272834],[-105.5921187,37.99219229],[-105.5898672,37.98747502],[-105.5881519,37.98672455],[-105.587187,37.98447313],[-105.5859004,37.97964866],[-105.5849356,37.97954145],[-105.5832202,37.97997029],[-105.5818264,37.97793329],[-105.5815048,37.97525303],[-105.5839707,37.97300161],[-105.5850428,37.97042855],[-105.5841851,37.96903482],[-105.5845067,37.9678555],[-105.5825769,37.96592571],[-105.5812904,37.96614013],[-105.5776452,37.96549687],[-105.5756082,37.96399592],[-105.5740001,37.9617445],[-105.5732496,37.96153008],[-105.5706766,37.95831377],[-105.5671386,37.95713445],[-105.5623141,37.95370372],[-105.5602771,37.95188114],[-105.5563103,37.95102345],[-105.5518075,37.95059461],[-105.5500921,37.95391814],[-105.5462326,37.95606235],[-105.5426946,37.95649119],[-105.5419441,37.95606235],[-105.5376557,37.95499024],[-105.5333673,37.95520466],[-105.5303654,37.95338208],[-105.5271491,37.94952251],[-105.5255409,37.94834319],[-105.5236111,37.94802156],[-105.5156776,37.94201777],[-105.5146055,37.93998077],[-105.5110675,37.93912309],[-105.5095666,37.93708609],[-105.5083873,37.93612119],[-105.5072079,37.93247604],[-105.5069935,37.93097509],[-105.505707,37.92786599],[-105.5048493,37.92722272],[-105.5031339,37.92368478],[-105.5022763,37.9229343],[-105.4991671,37.92143336],[-105.498095,37.92046846],[-105.4972374,37.92036125],[-105.4941283,37.91714494],[-105.4911264,37.91521515],[-105.4884461,37.91060509],[-105.4881245,37.90985462],[-105.4826567,37.90503015],[-105.4783683,37.90331478],[-105.4790116,37.90267152],[-105.4789044,37.90052731],[-105.4770818,37.89934799],[-105.4760097,37.89934799],[-105.4733294,37.89666773],[-105.4732222,37.89591726],[-105.471078,37.89527399],[-105.467004,37.89548841],[-105.4613218,37.89688215],[-105.4596065,37.89677494],[-105.4592848,37.89720378],[-105.4523162,37.89570283],[-105.4403086,37.8974182],[-105.4373067,37.89602447],[-105.4319462,37.89516678],[-105.4316245,37.89441631],[-105.4299092,37.89388026],[-105.427765,37.8913072],[-105.4268001,37.89162884],[-105.4241198,37.8902351],[-105.4215467,37.89066394],[-105.4186521,37.88969905],[-105.4154357,37.89077115],[-105.4136132,37.89055673],[-105.4115762,37.89248652],[-105.4097536,37.89323699],[-105.4086815,37.89441631],[-105.4050363,37.89516678],[-105.4034282,37.89581005],[-105.40182,37.89731099],[-105.3995686,37.89881194],[-105.3947441,37.90138499],[-105.3941009,37.90288594],[-105.3914206,37.90438689],[-105.3903485,37.90524457],[-105.389598,37.9065311],[-105.3878826,37.90803204],[-105.384988,37.91017625],[-105.3838086,37.91049788],[-105.3816644,37.9127493],[-105.3805923,37.91328536],[-105.3784481,37.91382141],[-105.3770544,37.91607283],[-105.3744813,37.91735936],[-105.3678343,37.9198252],[-105.3662261,37.9208973],[-105.3637603,37.92207662],[-105.3611872,37.92261267],[-105.3601151,37.92239825],[-105.3576493,37.92282709],[-105.3560411,37.92282709],[-105.3536825,37.92357757],[-105.3517527,37.92475688],[-105.3507878,37.92486409],[-105.3472499,37.92475688],[-105.3463922,37.92550735],[-105.3445696,37.92636504],[-105.3421038,37.92840204],[-105.3398523,37.92947414],[-105.3367432,37.93269046],[-105.3338486,37.93462025],[-105.3290241,37.93697888],[-105.3277376,37.9371933],[-105.3245212,37.93847982],[-105.3206617,37.93858704],[-105.3171237,37.93890867],[-105.3145507,37.93847982],[-105.3138002,37.93687167],[-105.3111199,37.93590677],[-105.3102622,37.93354814],[-105.3066171,37.93226162],[-105.3062955,37.93097509],[-105.3043657,37.92840204],[-105.3036152,37.92615062],[-105.3005061,37.92304151],[-105.3003989,37.92154057],[-105.3016854,37.91810983],[-105.3006133,37.91585841],[-105.3011494,37.91467909],[-105.3002917,37.91253488],[-105.2980402,37.91124836],[-105.297397,37.90931857],[-105.2966465,37.90878252],[-105.2948239,37.90824646],[-105.2934302,37.90867531],[-105.2923581,37.90867531],[-105.2915004,37.90749599],[-105.2916076,37.90642389],[-105.2907499,37.90535178],[-105.2910716,37.90385083],[-105.2893562,37.90288594],[-105.2867831,37.90020568],[-105.2850678,37.8994552],[-105.2832452,37.89999125],[-105.2805649,37.90117057],[-105.2789568,37.90363641],[-105.2779919,37.90438689],[-105.277027,37.90406525],[-105.2762765,37.90588783],[-105.2738107,37.90771041],[-105.2733818,37.90942578],[-105.2733818,37.91071231],[-105.2720953,37.91156999],[-105.271452,37.91285652],[-105.2699511,37.9137142],[-105.2692006,37.9147863],[-105.268879,37.91639446],[-105.2679141,37.91746657],[-105.2680213,37.91832425],[-105.264805,37.92132614],[-105.2642689,37.9229343],[-105.2634113,37.92325593],[-105.2618031,37.92561456],[-105.2638401,37.92883088],[-105.2639473,37.93204719],[-105.2631968,37.93247604],[-105.2615887,37.9371933],[-105.2608382,37.93708609],[-105.2575147,37.93815819],[-105.2567642,37.94255382],[-105.2554777,37.94287546],[-105.2500099,37.95038019],[-105.2497955,37.9514523],[-105.2486162,37.95209556],[-105.2466864,37.95209556],[-105.2447566,37.95370372],[-105.2417547,37.95381093],[-105.2400394,37.95509745],[-105.2375735,37.95756329],[-105.2386456,37.95938587],[-105.2399322,37.96035077],[-105.2385384,37.96281661],[-105.2358582,37.96281661],[-105.2344644,37.96399592],[-105.2333923,37.96410313],[-105.2316769,37.96485361],[-105.2294255,37.96528245],[-105.2285678,37.96463919],[-105.2269597,37.96453198],[-105.2262092,37.96388871],[-105.2246011,37.96506803],[-105.2247083,37.96667619],[-105.2241722,37.96774829],[-105.2231001,37.9688204],[-105.2207415,37.96946366],[-105.2180612,37.9698925],[-105.2166675,37.96946366],[-105.215381,37.97053576],[-105.2163458,37.97257276],[-105.2164531,37.97536024],[-105.2146305,37.97686118],[-105.2131295,37.97729003],[-105.2132367,37.97836213],[-105.2142016,37.98029192],[-105.2139872,37.98082797],[-105.20927,37.98222171],[-105.2076618,37.98168566],[-105.2059464,37.98329381],[-105.2058392,37.98865434],[-105.2060536,37.98961923],[-105.2018724,37.99047692],[-105.1987633,37.99015529],[-105.197048,37.99240671],[-105.1992994,37.99883934],[-105.2000499,38.00087634],[-105.1988705,38.00377102],[-105.197584,38.00441428],[-105.1945821,38.00752339],[-105.1927595,38.00859549],[-105.1893288,38.00977481],[-105.1877206,38.01063249],[-105.1865413,38.01202623],[-105.185362,38.01266949],[-105.1852548,38.01341997],[-105.1818241,38.01470649],[-105.1809664,38.01556418],[-105.1789294,38.01642186],[-105.176678,38.01631465],[-105.1732472,38.01717233],[-105.1717463,38.01803002],[-105.1693876,38.01856607],[-105.1686372,38.01899491],[-105.1669218,38.01813723],[-105.1658497,38.0168507],[-105.1643488,38.01663628],[-105.1638127,38.01620744],[-105.1611324,38.01588581],[-105.1608108,38.01492091],[-105.158345,38.01309833],[-105.1572729,38.01299112],[-105.1528772,38.00977481],[-105.1513763,38.00848828],[-105.1479455,38.00623686],[-105.1479455,38.00537918],[-105.1504114,38.00452149],[-105.1519123,38.00334218],[-105.1521268,38.00237728],[-105.1531989,38.00076913],[-105.1526628,37.99819607],[-105.15277,37.99733839],[-105.152234,37.9943365],[-105.1524484,37.99208508],[-105.150733,37.99079855],[-105.1479455,37.98683176],[-105.1464446,37.98661734],[-105.1438715,37.98779666],[-105.1419418,37.98683176],[-105.1411913,37.98683176],[-105.1393687,37.98479476],[-105.1416201,37.98200729],[-105.1421562,37.97975587],[-105.140548,37.97975587],[-105.1324,37.97460976],[-105.1310063,37.97267997],[-105.1313279,37.97117903],[-105.1331505,37.97042855],[-105.1356163,37.96731945],[-105.135938,37.96635456],[-105.1356163,37.96528245],[-105.1341154,37.96410313],[-105.1333649,37.96303103],[-105.1289693,37.96281661],[-105.1278972,37.96260219],[-105.1275756,37.96120845],[-105.1263962,37.96077961],[-105.1261818,37.95777772],[-105.1271467,37.95649119],[-105.1269323,37.95509745],[-105.1255386,37.9545614],[-105.1251097,37.95306045],[-105.1258602,37.9525244],[-105.1259674,37.95113066],[-105.1238232,37.94962972],[-105.1226439,37.94920088],[-105.1207141,37.94962972],[-105.1171761,37.94909366],[-105.115568,37.94748551],[-105.1129949,37.94544851],[-105.1084921,37.94341151],[-105.1031316,37.94491246],[-105.0990576,37.94491246],[-105.0938042,37.9473783],[-105.0902663,37.94759272],[-105.0880149,37.94855761],[-105.085549,37.95113066],[-105.0843697,37.95541908],[-105.0840481,37.95563351],[-105.0817967,37.95423977],[-105.0778299,37.95295324],[-105.0749352,37.94920088],[-105.0742919,37.94855761],[-105.0722549,37.94780714],[-105.0704324,37.94577014],[-105.0660367,37.94416198],[-105.0655007,37.94180335],[-105.0664656,37.93847982],[-105.0660367,37.93740772],[-105.0643214,37.93665725],[-105.0635709,37.93504909],[-105.0637853,37.92925972],[-105.0641069,37.92840204],[-105.0660367,37.92625783],[-105.0662511,37.92507851],[-105.0650718,37.92325593],[-105.065179,37.92143336],[-105.0658223,37.92079009],[-105.0642141,37.91853867],[-105.0642141,37.91789541],[-105.0632493,37.91693051],[-105.0615339,37.91607283],[-105.0593897,37.91618004],[-105.0572455,37.91596562],[-105.0556373,37.91703772],[-105.0543508,37.91746657],[-105.0499551,37.91542957]]]},"properties":{"name":"Custer=CUS","type":"county"}},
{"type":"Feature","geometry":{"type":"Polygon","coordinates":[[[-107.50068,38.66858334],[-107.5005728,38.83518846],[-107.50068,39.12165492],[-107.5005728,39.15028012],[-107.5005728,39.21792995],[-107.5023954,39.2173939],[-107.504754,39.21728669],[-107.5063622,39.216429],[-107.5073271,39.21685784],[-107.5095785,39.21664342],[-107.5118299,39.21567853],[-107.5138669,39.21396316],[-107.5166544,39.210318],[-107.5182625,39.20881706],[-107.5192274,39.20742332],[-107.52105,39.20613679],[-107.523623,39.20549353],[-107.5244807,39.20463585],[-107.5274826,39.20388537],[-107.5288764,39.20292048],[-107.5283403,39.20184837],[-107.5260889,39.20066906],[-107.5248024,39.19895369],[-107.5311278,39.1990609],[-107.5347729,39.19863206],[-107.5375604,39.19788159],[-107.5415272,39.19627343],[-107.5433498,39.19466527],[-107.5435642,39.1939148],[-107.5429209,39.19230664],[-107.5429209,39.19048406],[-107.5437786,39.18694611],[-107.5433498,39.18544517],[-107.5417416,39.18458748],[-107.5423849,39.1827649],[-107.5433498,39.18190722],[-107.5489247,39.18115675],[-107.552141,39.1796558],[-107.5569655,39.17836927],[-107.5608251,39.17847648],[-107.5647919,39.18062069],[-107.5674721,39.18137117],[-107.568437,39.18137117],[-107.5698308,39.18019185],[-107.570474,39.17826206],[-107.5729399,39.17633227],[-107.5770139,39.17493854],[-107.5813023,39.1745097],[-107.5836609,39.17375922],[-107.584733,39.17182943],[-107.5881638,39.16936359],[-107.5894503,39.16786264],[-107.5909512,39.16711217],[-107.5938459,39.16486075],[-107.5958829,39.16475354],[-107.5980271,39.16421749],[-107.601029,39.16411028],[-107.6027444,39.16346701],[-107.6053174,39.16207328],[-107.6074617,39.16153723],[-107.6098203,39.15885696],[-107.6111068,39.15649833],[-107.612715,39.15564065],[-107.6138943,39.15456854],[-107.6146448,39.15456854],[-107.6168962,39.15553344],[-107.6191476,39.15489017],[-107.6198981,39.15381807],[-107.6201125,39.15220991],[-107.6212918,39.1510306],[-107.6245081,39.15017291],[-107.6262235,39.14920802],[-107.6278317,39.1489936],[-107.6300831,39.14652775],[-107.6308335,39.14384749],[-107.6316912,39.14298981],[-107.6317984,39.14181049],[-107.6324417,39.14095281],[-107.6346931,39.1408456],[-107.6375878,39.1419177],[-107.6382311,39.1419177],[-107.6400537,39.14041676],[-107.6414474,39.13805813],[-107.6442349,39.13591392],[-107.6456286,39.13441297],[-107.64788,39.13130386],[-107.6513108,39.13098223],[-107.6529189,39.12840918],[-107.6536694,39.1265866],[-107.6533478,39.12508565],[-107.6537766,39.12401355],[-107.6548487,39.12326308],[-107.6565641,39.12272702],[-107.6584939,39.11983234],[-107.6617102,39.11768813],[-107.6626751,39.11618718],[-107.6623534,39.11479345],[-107.6610669,39.1132925],[-107.6597804,39.11254203],[-107.6603164,39.11179155],[-107.6646049,39.10943292],[-107.6698582,39.10857524],[-107.6714663,39.10761034],[-107.6727529,39.10546613],[-107.673825,39.10192819],[-107.673825,39.1010705],[-107.676398,39.10042724],[-107.6793999,39.10053445],[-107.6807936,39.10021282],[-107.6810081,39.0990335],[-107.6821874,39.09570998],[-107.6829379,39.09270808],[-107.6852965,39.0908855],[-107.6869046,39.08863408],[-107.6895849,39.08713314],[-107.6928012,39.08756198],[-107.6940877,39.08691872],[-107.6940877,39.08509614],[-107.6956959,39.08498893],[-107.6999843,39.08380961],[-107.7038439,39.08498893],[-107.7078107,39.0837024],[-107.7101693,39.08220145],[-107.7100621,39.08123656],[-107.712528,39.08080772],[-107.7132784,39.08027167],[-107.713064,39.07909235],[-107.7149938,39.07598325],[-107.7162803,39.07426788],[-107.7175668,39.07394625],[-107.7186389,39.07169482],[-107.7207832,39.06997946],[-107.7214264,39.06890735],[-107.7221769,39.06858572],[-107.7217481,39.06751362],[-107.7221769,39.06665593],[-107.7216408,39.06526219],[-107.7230346,39.06515498],[-107.7291456,39.06622709],[-107.7307537,39.06590546],[-107.731397,39.06515498],[-107.7322547,39.06301077],[-107.7330052,39.06301077],[-107.7350422,39.06622709],[-107.7369719,39.06547662],[-107.7379368,39.06611988],[-107.7419036,39.06397567],[-107.7443695,39.06215309],[-107.7446911,39.06075935],[-107.7424397,39.05936562],[-107.7439406,39.05775746],[-107.7455488,39.05765025],[-107.7473714,39.05593488],[-107.7505877,39.05400509],[-107.7516598,39.05443393],[-107.7539112,39.05432672],[-107.7556266,39.05389788],[-107.756377,39.05228972],[-107.7560554,39.04993109],[-107.7577708,39.04928783],[-107.7587357,39.04789409],[-107.7615232,39.04767967],[-107.7630241,39.04725083],[-107.763989,39.04628594],[-107.7640962,39.04542825],[-107.7650611,39.04467778],[-107.7654899,39.04328404],[-107.7672053,39.04403452],[-107.7710649,39.04371288],[-107.7717081,39.04467778],[-107.7739596,39.04703641],[-107.776211,39.04789409],[-107.7778191,39.04960946],[-107.7794273,39.0520753],[-107.7833941,39.05368346],[-107.7862888,39.0561493],[-107.788969,39.05625651],[-107.7898267,39.05797188],[-107.7928286,39.06086656],[-107.7942224,39.06172425],[-107.7974387,39.06279635],[-107.8012982,39.06365404],[-107.8021559,39.06483335],[-107.8066588,39.06547662],[-107.8090174,39.06644151],[-107.8119121,39.06687035],[-107.813413,39.06729919],[-107.818988,39.06965783],[-107.8193096,39.07083714],[-107.8203817,39.07094435],[-107.8224187,39.0704083],[-107.8258495,39.07158761],[-107.8282081,39.07180204],[-107.829709,39.07287414],[-107.8321749,39.07341019],[-107.8346407,39.0744823],[-107.8354984,39.07533998],[-107.8385003,39.07673372],[-107.8400012,39.07716256],[-107.8418238,39.07662651],[-107.8458978,39.07726977],[-107.8472916,39.07812746],[-107.8488997,39.07780582],[-107.852116,39.0785563],[-107.8534025,39.07834188],[-107.8542602,39.07716256],[-107.8553323,39.07662651],[-107.8564044,39.07726977],[-107.8571549,39.07941398],[-107.8585487,39.08016445],[-107.8595135,39.07984282],[-107.8609073,39.07866351],[-107.8614433,39.0775914],[-107.8626227,39.07887793],[-107.8651957,39.07662651],[-107.8664822,39.07619767],[-107.8670183,39.07469672],[-107.8690553,39.07426788],[-107.8700202,39.07491114],[-107.8732365,39.0735174],[-107.8748447,39.07233809],[-107.8755951,39.07072993],[-107.8802052,39.07105156],[-107.8817061,39.07062272],[-107.8830999,39.06955061],[-107.886209,39.06826409],[-107.8869594,39.0674064],[-107.8881388,39.06676314],[-107.8931776,39.06579825],[-107.8956435,39.06622709],[-107.8972516,39.06622709],[-107.9006824,39.06547662],[-107.9035771,39.06301077],[-107.9067934,39.06075935],[-107.9090448,39.06054493],[-107.9095809,39.06150983],[-107.9117251,39.06258193],[-107.9134404,39.06258193],[-107.9175144,39.06397567],[-107.9200875,39.06354683],[-107.9229822,39.06343962],[-107.9281283,39.06247472],[-107.93306,39.06236751],[-107.9331672,39.06204588],[-107.9369195,39.06204588],[-107.9388493,39.06172425],[-107.941744,39.06086656],[-107.9467829,39.06065214],[-107.9494632,39.06033051],[-107.9511785,39.05968725],[-107.9568607,39.05979446],[-107.9592193,39.0602233],[-107.9637222,39.05990167],[-107.9642582,39.05968725],[-107.9726206,39.0611882],[-107.9799109,39.0602233],[-107.9821624,39.05990167],[-107.9838777,39.05829351],[-107.9872013,39.05282578],[-107.9910608,39.05046715],[-107.9951348,39.04853736],[-108.0006026,39.04542825],[-108.0023179,39.04328404],[-108.0042477,39.04189031],[-108.009501,39.0397461],[-108.0122885,39.03824515],[-108.0131462,39.03738746],[-108.0159337,39.03610094],[-108.0193644,39.03352789],[-108.0207581,39.03331347],[-108.021723,39.03256299],[-108.0230096,39.03084762],[-108.025797,39.02977552],[-108.0280485,39.02966831],[-108.0300855,39.02881062],[-108.0320152,39.02741689],[-108.0329801,39.02462941],[-108.0341595,39.02334289],[-108.0357676,39.02055542],[-108.0360892,39.01723189],[-108.0383407,39.01573094],[-108.0432723,39.01390836],[-108.043594,39.01294347],[-108.0444517,39.01208579],[-108.0468103,39.012193],[-108.0477752,39.01144252],[-108.0485257,39.01240742],[-108.0494906,39.01465884],[-108.0503482,39.01508768],[-108.053779,39.01401558],[-108.0545295,39.01315789],[-108.0559232,39.01058484],[-108.0596756,39.00672526],[-108.0613909,39.00533152],[-108.0631063,39.00500989],[-108.0645,39.00415221],[-108.0663226,39.00082868],[-108.0672875,38.999971],[-108.0699678,38.99654026],[-108.0729697,38.99503932],[-108.076186,38.99257347],[-108.0779013,38.99203742],[-108.0797239,38.99117974],[-108.0817609,38.98935716],[-108.082833,38.98732016],[-108.0856205,38.98517595],[-108.086907,38.98303174],[-108.0898017,38.98110195],[-108.0934469,38.9805659],[-108.0947334,38.97970821],[-108.0940901,38.9785289],[-108.0920531,38.97617027],[-108.0910882,38.97434769],[-108.0903378,38.97156022],[-108.0886224,38.97005927],[-108.086907,38.96780785],[-108.0867998,38.96684295],[-108.0875503,38.96480596],[-108.0873359,38.9631978],[-108.0887296,38.9622329],[-108.0898017,38.9601959],[-108.0915171,38.95933822],[-108.0934469,38.95740843],[-108.0955911,38.95676517],[-108.0958055,38.95601469],[-108.0954839,38.95451375],[-108.0976281,38.95354885],[-108.1000939,38.95140464],[-108.1010588,38.95001091],[-108.1022381,38.94915322],[-108.1050256,38.94507922],[-108.1096356,38.93886101],[-108.110815,38.93757449],[-108.1132808,38.93575191],[-108.1144601,38.93446538],[-108.1175692,38.93189233],[-108.118963,38.92899765],[-108.1207855,38.92717507],[-108.1229298,38.92556691],[-108.12561,38.92406596],[-108.1274326,38.92385154],[-108.1295768,38.92256502],[-108.1306489,38.9223506],[-108.1325787,38.92288665],[-108.1334364,38.92395875],[-108.135795,38.92535249],[-108.1377248,38.92610296],[-108.1391185,38.92588854],[-108.1405123,38.92513807],[-108.1409411,38.92417318],[-108.1404051,38.9223506],[-108.1406195,38.92063523],[-108.1432997,38.91956312],[-108.1443719,38.91849102],[-108.1448007,38.91645402],[-108.1441574,38.91484586],[-108.1427637,38.91270165],[-108.1417988,38.91195118],[-108.1402979,38.90873486],[-108.1407267,38.90680507],[-108.1417988,38.90637623],[-108.1448007,38.90744834],[-108.1469449,38.90744834],[-108.1490891,38.90551855],[-108.1506973,38.90262386],[-108.1525198,38.90123013],[-108.1555217,38.90144455],[-108.1575587,38.90101571],[-108.1593813,38.90101571],[-108.1632409,38.90208781],[-108.16635,38.90219502],[-108.1674221,38.90176618],[-108.1686014,38.90080129],[-108.1695663,38.89908592],[-108.1705312,38.89833544],[-108.1741764,38.89812102],[-108.1761062,38.89726334],[-108.1769638,38.89533355],[-108.2104135,38.88418366],[-108.236144,38.87592845],[-108.2513679,38.87121119],[-108.3343489,38.8437653],[-108.3762682,38.83014957],[-108.3789484,38.82907746],[-108.3788412,38.82103667],[-108.3789484,38.77665153],[-108.378734,38.76528721],[-108.378734,38.75467337],[-108.3788412,38.73398175],[-108.378734,38.66804729],[-108.2611241,38.66836892],[-108.1501612,38.66847613],[-108.1330075,38.66836892],[-108.1143529,38.66858334],[-108.0595683,38.66836892],[-108.0040333,38.66836892],[-107.9988872,38.66847613],[-107.8926416,38.6681545],[-107.8530809,38.6681545],[-107.7781408,38.66794008],[-107.7512309,38.66804729],[-107.7491939,38.66826171],[-107.50068,38.66858334]]]},"properties":{"name":"Delta=DEL","type":"county"}},
{"type":"Feature","geometry":{"type":"Polygon","coordinates":[[[-104.8846366,39.7401523],[-104.8846366,39.74744262],[-104.8801337,39.74744262],[-104.8797049,39.75473293],[-104.875202,39.75473293],[-104.8730578,39.75484014],[-104.8566546,39.75494735],[-104.8468985,39.75484014],[-104.8468985,39.75526898],[-104.8486138,39.75580503],[-104.8488282,39.75655551],[-104.8529022,39.75784203],[-104.8545104,39.75880693],[-104.8554753,39.75805646],[-104.8564402,39.75837809],[-104.8566546,39.76030788],[-104.8565474,39.76781261],[-104.856333,39.76867029],[-104.8375711,39.76727656],[-104.8329611,39.76620445],[-104.8329611,39.76920635],[-104.8306025,39.76845587],[-104.828351,39.76920635],[-104.8280294,39.77145777],[-104.8282438,39.77328035],[-104.8276006,39.77317314],[-104.807981,39.77317314],[-104.7817145,39.77338756],[-104.7818217,39.77649666],[-104.7721727,39.77671108],[-104.7721727,39.77145777],[-104.7698141,39.77038566],[-104.7679915,39.77070729],[-104.7672411,39.77145777],[-104.7632743,39.77145777],[-104.7631671,39.76952798],[-104.7358284,39.76942077],[-104.7346491,39.76920635],[-104.7345419,39.78367976],[-104.7344346,39.78968355],[-104.7344346,39.79847481],[-104.7453701,39.79847481],[-104.762631,39.79847481],[-104.7629526,39.81284102],[-104.7624166,39.82302602],[-104.7170665,39.82324044],[-104.6799717,39.82291881],[-104.6662488,39.8228116],[-104.6662488,39.81402034],[-104.6554205,39.81402034],[-104.6555277,39.82248997],[-104.6379452,39.82259718],[-104.6199338,39.82238276],[-104.6197194,39.84318159],[-104.6198266,39.87373659],[-104.605782,39.8738438],[-104.6058893,39.88220622],[-104.6003143,39.88231343],[-104.6004215,39.89946711],[-104.6339784,39.89925269],[-104.6338712,39.90622137],[-104.6801861,39.90665021],[-104.6802933,39.91426216],[-104.6929442,39.91415495],[-104.6926225,39.90665021],[-104.7053806,39.90643579],[-104.705595,39.89850221],[-104.73154,39.89860942],[-104.7318616,39.87534474],[-104.7318616,39.85583243],[-104.7321832,39.84511138],[-104.7523388,39.84543301],[-104.7575921,39.84489696],[-104.760594,39.84500417],[-104.762095,39.84393207],[-104.7622022,39.84189507],[-104.7908274,39.84200228],[-104.7907202,39.82720723],[-104.7910418,39.81048239],[-104.7909346,39.79826039],[-104.8139848,39.79826039],[-104.8277078,39.79826039],[-104.8293159,39.79804597],[-104.8455047,39.79815318],[-104.8493643,39.7983676],[-104.8660891,39.7983676],[-104.8660891,39.81294823],[-104.8846366,39.81294823],[-104.8847438,39.7983676],[-104.8968586,39.7983676],[-104.8969658,39.80115508],[-104.9003965,39.80115508],[-104.9005037,39.7983676],[-104.9036128,39.7983676],[-104.9033984,39.79247103],[-104.9033984,39.78839703],[-104.9038272,39.78743213],[-104.9036128,39.78410861],[-104.905757,39.78378698],[-104.9269847,39.78378698],[-104.9270919,39.79021961],[-104.9269847,39.79107729],[-104.93985,39.79097008],[-104.9408149,39.79182776],[-104.9404932,39.79482966],[-104.9427446,39.79461524],[-104.9556099,39.79472245],[-104.9606488,39.79097008],[-104.968904,39.79097008],[-104.9680463,39.79150613],[-104.9666526,39.79386476],[-104.9687968,39.79386476],[-104.9686896,39.7983676],[-104.9731924,39.79826039],[-104.9731924,39.7963306],[-104.9722275,39.79622339],[-104.9722275,39.79558013],[-104.9748006,39.79558013],[-104.9748006,39.79418639],[-104.9731924,39.79407918],[-104.9731924,39.79247103],[-104.9760871,39.79225661],[-104.9759799,39.79107729],[-104.9852,39.79107729],[-104.9852,39.79161334],[-104.9863793,39.79193497],[-104.9863793,39.79107729],[-104.9904533,39.79107729],[-104.990775,39.79214939],[-104.993348,39.79204218],[-104.9934552,39.7911845],[-104.9983869,39.7911845],[-105.0017104,39.79107729],[-105.0207939,39.79107729],[-105.0206867,39.79311429],[-105.0213299,39.79397197],[-105.0235814,39.79354313],[-105.0251895,39.79397197],[-105.0251895,39.79097008],[-105.030014,39.79107729],[-105.030014,39.79182776],[-105.034624,39.79182776],[-105.034624,39.7911845],[-105.0532787,39.79107729],[-105.0614267,39.79107729],[-105.0618555,39.79011239],[-105.0632493,39.79011239],[-105.0633565,39.79107729],[-105.0645358,39.79097008],[-105.0650718,39.78925471],[-105.0650718,39.7880754],[-105.0629276,39.7880754],[-105.062606,39.78721771],[-105.062606,39.78389419],[-105.054458,39.78378698],[-105.0531715,39.78357255],[-105.0532787,39.77113614],[-105.0532787,39.7350062],[-105.0555301,39.7350062],[-105.0555301,39.73307641],[-105.0532787,39.73307641],[-105.0531715,39.69137152],[-105.0531715,39.68225863],[-105.0579959,39.68225863],[-105.0582104,39.67861347],[-105.0607834,39.67829184],[-105.0629276,39.67925674],[-105.0629276,39.67496832],[-105.058532,39.67486111],[-105.0532787,39.67496832],[-105.0532787,39.66778521],[-105.0721477,39.66778521],[-105.0722549,39.66950058],[-105.0749352,39.6706799],[-105.0769722,39.66928616],[-105.0791164,39.66939337],[-105.0792236,39.669715],[-105.0813678,39.67014384],[-105.081475,39.66853569],[-105.081475,39.66210306],[-105.0797597,39.66221027],[-105.0778299,39.66103095],[-105.0772938,39.66038769],[-105.0776155,39.65877953],[-105.0732198,39.65974443],[-105.0716117,39.65995885],[-105.070754,39.65920837],[-105.070754,39.65663532],[-105.0670016,39.65663532],[-105.0668944,39.65363343],[-105.0701107,39.65041711],[-105.0709684,39.65052432],[-105.0710756,39.64955943],[-105.0638925,39.64955943],[-105.0638925,39.65052432],[-105.062606,39.65063153],[-105.0621771,39.65138201],[-105.0588536,39.65138201],[-105.058532,39.65299016],[-105.0572455,39.65299016],[-105.0573527,39.64998827],[-105.0633565,39.65009548],[-105.0635709,39.64602148],[-105.0689314,39.64612869],[-105.0720405,39.64580706],[-105.0724694,39.64527101],[-105.0745064,39.64409169],[-105.0757929,39.64205469],[-105.0767578,39.63873117],[-105.0739703,39.63873117],[-105.0739703,39.63680138],[-105.0771866,39.63658696],[-105.0806174,39.63680138],[-105.081475,39.63637254],[-105.0816895,39.63873117],[-105.0915528,39.63873117],[-105.0915528,39.63519322],[-105.0995936,39.6349788],[-105.1008801,39.63519322],[-105.1098858,39.63519322],[-105.1098858,39.62693801],[-105.1085993,39.62693801],[-105.1085993,39.62425775],[-105.0912312,39.62415054],[-105.0912312,39.62725964],[-105.0876932,39.62736685],[-105.0876932,39.62650917],[-105.085549,39.62650917],[-105.0854418,39.62918943],[-105.0839409,39.62929664],[-105.0839409,39.62758127],[-105.0816895,39.62758127],[-105.0816895,39.63015433],[-105.083512,39.63015433],[-105.083512,39.63186969],[-105.081475,39.63186969],[-105.0762217,39.62554428],[-105.0765434,39.62436496],[-105.0661439,39.6207198],[-105.0649646,39.62029096],[-105.065179,39.61857559],[-105.079438,39.61846838],[-105.0847986,39.61857559],[-105.0860851,39.61900443],[-105.0872644,39.61836117],[-105.0938042,39.61836117],[-105.0963773,39.61932607],[-105.0969133,39.61921886],[-105.0969133,39.61439438],[-105.0728982,39.61450159],[-105.0698963,39.61439438],[-105.0642141,39.6146088],[-105.0592825,39.61428717],[-105.0584248,39.61686022],[-105.059068,39.61803954],[-105.058532,39.61803954],[-105.0563878,39.61986212],[-105.0575671,39.62093422],[-105.0571383,39.62157749],[-105.0533859,39.62147028],[-105.0533859,39.62436496],[-105.0558517,39.62415054],[-105.0558517,39.62597312],[-105.0532787,39.62801012],[-105.0534931,39.62951106],[-105.057031,39.63165527],[-105.0592825,39.63433554],[-105.0594969,39.63540764],[-105.0589608,39.63883838],[-105.0533859,39.63894559],[-105.0532787,39.6370158],[-105.0533859,39.63154806],[-105.0443802,39.63154806],[-105.0440586,39.6309048],[-105.0440586,39.62801012],[-105.0428793,39.62758127],[-105.0412711,39.62833175],[-105.0395557,39.62790291],[-105.0380548,39.6268308],[-105.0367683,39.62811733],[-105.0348385,39.6277957],[-105.0348385,39.62843896],[-105.0295852,39.62822454],[-105.0254039,39.6288678],[-105.0254039,39.63144085],[-105.0269049,39.63154806],[-105.0296924,39.63240575],[-105.030014,39.63347785],[-105.0347313,39.63358506],[-105.0347313,39.63862396],[-105.030014,39.63862396],[-105.030014,39.64226911],[-105.0297996,39.64301959],[-105.0313005,39.6431268],[-105.0311933,39.64398448],[-105.034624,39.64398448],[-105.034624,39.65138201],[-105.0339808,39.65341901],[-105.032051,39.6533118],[-105.032051,39.65706416],[-105.0308717,39.65717137],[-105.0260472,39.65684974],[-105.0230453,39.65684974],[-105.0229381,39.6604949],[-105.015755,39.6604949],[-105.0156478,39.67872068],[-105.0086791,39.67861347],[-105.0086791,39.67679089],[-105.0065349,39.67679089],[-105.0064277,39.67314574],[-105.0066421,39.66799963],[-105.0064277,39.66692753],[-105.0077142,39.66424727],[-105.0107161,39.6604949],[-105.0049267,39.6604949],[-105.0044979,39.66081653],[-105.0048195,39.66446169],[-105.0043907,39.66628427],[-104.9998878,39.66789242],[-104.9922759,39.667678],[-104.9735141,39.667678],[-104.9734069,39.66585542],[-104.9699761,39.66585542],[-104.9687968,39.66606984],[-104.9687968,39.66038769],[-104.9632219,39.66038769],[-104.9631146,39.661567],[-104.9594695,39.661567],[-104.9594695,39.65674253],[-104.9537873,39.65663532],[-104.9535729,39.65599206],[-104.9549666,39.65577764],[-104.9559315,39.65299016],[-104.931702,39.65309737],[-104.9319164,39.6512748],[-104.9318092,39.64602148],[-104.9274135,39.64569985],[-104.9226963,39.64602148],[-104.9132618,39.63873117],[-104.913369,39.62586591],[-104.9119752,39.62436496],[-104.9064003,39.62425775],[-104.901683,39.62393612],[-104.8993244,39.62415054],[-104.8944999,39.62415054],[-104.8852798,39.62415054],[-104.8850654,39.63991048],[-104.8801337,39.64226911],[-104.8803481,39.64398448],[-104.8801337,39.65073874],[-104.8801337,39.65309737],[-104.8774535,39.65309737],[-104.8762741,39.6523469],[-104.8761669,39.64645032],[-104.8762741,39.64430611],[-104.8567618,39.65341901],[-104.8560114,39.65416948],[-104.8529022,39.65567043],[-104.850758,39.65631369],[-104.8477561,39.65674253],[-104.8482922,39.65792185],[-104.8482922,39.65920837],[-104.8533311,39.65995885],[-104.8554753,39.66081653],[-104.8564402,39.66038769],[-104.8663036,39.66028048],[-104.8661963,39.66178142],[-104.8660891,39.67089432],[-104.8709136,39.6747539],[-104.8755237,39.6747539],[-104.8753092,39.67282411],[-104.8782039,39.67282411],[-104.8758453,39.66982221],[-104.8762741,39.66403285],[-104.8793832,39.66392563],[-104.8841005,39.66746358],[-104.8901043,39.66757079],[-104.8896754,39.6666059],[-104.8880673,39.66574821],[-104.8902115,39.66435448],[-104.8939639,39.66757079],[-104.9035056,39.66757079],[-104.9036128,39.67668368],[-104.9051138,39.67807742],[-104.9069363,39.67872068],[-104.9068291,39.67979279],[-104.9044705,39.68032884],[-104.9039344,39.68386679],[-104.9044705,39.68493889],[-104.9033984,39.68483168],[-104.9033984,39.67861347],[-104.8936422,39.67872068],[-104.8934278,39.68204421],[-104.8891394,39.681937],[-104.888925,39.68247305],[-104.888925,39.68558216],[-104.8936422,39.68568937],[-104.893535,39.68783358],[-104.8936422,39.69265805],[-104.8983595,39.69255084],[-104.8985739,39.69126431],[-104.8967513,39.68933452],[-104.9035056,39.68933452],[-104.9035056,39.69255084],[-104.8999677,39.69276526],[-104.9035056,39.69662484],[-104.9035056,39.69855463],[-104.8993244,39.69694647],[-104.9002893,39.69630321],[-104.8987883,39.69512389],[-104.8968586,39.69662484],[-104.8941783,39.69662484],[-104.8943927,39.69565994],[-104.8934278,39.69565994],[-104.8933206,39.69662484],[-104.8775607,39.69651763],[-104.8776679,39.69801857],[-104.8753092,39.69801857],[-104.8753092,39.69651763],[-104.8659819,39.69651763],[-104.8659819,39.69909068],[-104.8673757,39.69898347],[-104.8674829,39.70005557],[-104.8683406,39.69994836],[-104.8683406,39.69855463],[-104.8706992,39.69844742],[-104.8706992,39.70048442],[-104.8694127,39.70112768],[-104.8689838,39.70295026],[-104.8659819,39.70434399],[-104.8659819,39.71109826],[-104.8706992,39.71013336],[-104.8708064,39.71817415],[-104.8743443,39.71817415],[-104.8753092,39.71881741],[-104.8753092,39.72557167],[-104.8847438,39.72567888],[-104.8847438,39.73178988],[-104.8846366,39.7401523]]]},"properties":{"name":"Denver=DEN","type":"county"}},
{"type":"Feature","geometry":{"type":"Polygon","coordinates":[[[-104.9338462,39.69844742],[-104.931702,39.69844742],[-104.931702,39.70016278],[-104.9328813,39.70016278],[-104.9341678,39.70016278],[-104.9338462,39.69844742]]]},"properties":{"name":"Denver=DEN 2","type":"county"}},
{"type":"Feature","geometry":{"type":"Polygon","coordinates":[[[-109.0415093,37.88112221],[-109.0416165,37.87501121],[-109.0419382,37.87372468],[-109.0417237,37.84563553],[-109.0420454,37.84209758],[-109.0417237,37.83587938],[-109.0415093,37.80007107],[-109.0420454,37.75000376],[-109.0416165,37.74024761],[-109.0417237,37.71612525],[-109.0420454,37.71269451],[-109.0420454,37.68771446],[-109.0422598,37.66605794],[-109.0420454,37.62499632],[-109.0419382,37.6207079],[-109.041831,37.60966522],[-109.0419382,37.56903244],[-109.041831,37.54673265],[-109.041831,37.53054387],[-109.0431175,37.49998887],[-109.0434391,37.48465777],[-109.0411877,37.48723082],[-109.0391507,37.48883898],[-109.0295018,37.49998887],[-109.0252133,37.50449172],[-109.0083813,37.52529055],[-108.9758965,37.56302865],[-108.9228273,37.62499632],[-108.9170379,37.63185779],[-108.8756547,37.63217942],[-108.8571073,37.631965],[-108.8368445,37.63185779],[-108.7972838,37.631965],[-108.6940401,37.63153616],[-108.6660582,37.63153616],[-108.6660582,37.63314432],[-108.6465458,37.63271547],[-108.6256398,37.63260826],[-108.6098798,37.63271547],[-108.48112,37.63250105],[-108.4576409,37.63250105],[-108.4445613,37.63282269],[-108.4239768,37.63271547],[-108.4172226,37.63250105],[-108.4104683,37.631965],[-108.4083241,37.63185779],[-108.3918137,37.63207221],[-108.3756249,37.63207221],[-108.3635101,37.631965],[-108.3091544,37.63228663],[-108.2506175,37.63282269],[-108.2268167,37.63325153],[-108.1944392,37.634002],[-108.1612039,37.63528853],[-108.1404051,37.63678947],[-108.12561,37.638076],[-108.1080275,37.63871926],[-108.0664298,37.63893368],[-108.0581746,37.63904089],[-108.0489545,37.63904089],[-108.007464,37.63925532],[-107.9719774,37.63957695],[-107.9689755,37.64022021],[-107.9672601,37.64097068],[-107.9651159,37.64150674],[-107.962114,37.64139953],[-107.960077,37.64268605],[-107.9594337,37.64375816],[-107.9585761,37.6472961],[-107.9570751,37.64890426],[-107.9573967,37.65019079],[-107.9583616,37.65104847],[-107.9610419,37.65705226],[-107.9616852,37.65812436],[-107.9613635,37.65962531],[-107.9615779,37.66176952],[-107.9644726,37.66434257],[-107.9643654,37.6676661],[-107.9658664,37.66948868],[-107.9654375,37.67056078],[-107.9670457,37.67345547],[-107.9688683,37.67559968],[-107.9694043,37.67710062],[-107.9694043,37.67924483],[-107.9715485,37.68106741],[-107.9719774,37.68181788],[-107.9750865,37.68364046],[-107.9717629,37.68696399],[-107.970262,37.68771446],[-107.9709053,37.68996588],[-107.9692971,37.69253893],[-107.9688683,37.69650572],[-107.9643654,37.6992932],[-107.9636149,37.70057972],[-107.9609347,37.70154462],[-107.9594337,37.70272393],[-107.9581472,37.70315277],[-107.9569679,37.70529698],[-107.9542876,37.7064763],[-107.9526795,37.70679793],[-107.9506425,37.70636909],[-107.9491415,37.70679793],[-107.9475334,37.70636909],[-107.9452819,37.7064763],[-107.9438882,37.70604746],[-107.9433522,37.70465372],[-107.9418512,37.70368883],[-107.9414224,37.70272393],[-107.9399214,37.70293835],[-107.9372412,37.70250951],[-107.9362763,37.70304556],[-107.9347753,37.70529698],[-107.9324167,37.70626188],[-107.9312374,37.70808446],[-107.9298436,37.70915656],[-107.9281283,37.71001425],[-107.9265201,37.71033588],[-107.9229822,37.71044309],[-107.9218028,37.71012146],[-107.9169784,37.71108635],[-107.9149414,37.71226567],[-107.9109746,37.7125873],[-107.9102241,37.71451709],[-107.910653,37.71601803],[-107.9089376,37.71623246],[-107.9070078,37.71762619],[-107.9034699,37.71837667],[-107.9013256,37.71901993],[-107.9003607,37.71848388],[-107.8990742,37.71923435],[-107.8967156,37.71912714],[-107.8952146,37.71859109],[-107.8942498,37.71751898],[-107.8894253,37.71848388],[-107.8886748,37.71805503],[-107.8855657,37.71784061],[-107.8815989,37.71837667],[-107.8790259,37.71698293],[-107.8779538,37.71601803],[-107.8772033,37.71633967],[-107.8746302,37.71944877],[-107.8736653,37.72009203],[-107.8729149,37.72245066],[-107.8755951,37.72577419],[-107.8755951,37.72716793],[-107.874523,37.72888329],[-107.8746302,37.73081308],[-107.8751663,37.73220682],[-107.8749519,37.73435103],[-107.8751663,37.73703129],[-107.8755951,37.73885387],[-107.8729149,37.74164134],[-107.8717355,37.74357113],[-107.8702346,37.74442882],[-107.8696985,37.74560813],[-107.8660534,37.74689466],[-107.8660534,37.74796676],[-107.8650885,37.75000376],[-107.8642308,37.75332729],[-107.8618722,37.75600755],[-107.8630515,37.75686524],[-107.8627299,37.75740129],[-107.8632659,37.75922387],[-107.8631587,37.76018876],[-107.8657318,37.76168971],[-107.870449,37.76276181],[-107.8698058,37.76501323],[-107.8681976,37.76737186],[-107.8660534,37.76801513],[-107.8648741,37.76908723],[-107.8654101,37.77101702],[-107.8651957,37.77166028],[-107.8631587,37.77262518],[-107.8608001,37.77551986],[-107.8614433,37.77680639],[-107.8642308,37.77916502],[-107.8674471,37.77970107],[-107.870449,37.78141644],[-107.8700202,37.78431112],[-107.8732365,37.78624091],[-107.8744158,37.78656254],[-107.8755951,37.7861337],[-107.8802052,37.7861337],[-107.8824566,37.7850616],[-107.8846008,37.7850616],[-107.886209,37.78549044],[-107.8872811,37.78666975],[-107.8899613,37.78859954],[-107.8909262,37.79095818],[-107.8906046,37.79245912],[-107.888782,37.79610428],[-107.8889964,37.79803407],[-107.890283,37.79899896],[-107.8915695,37.80157201],[-107.8925344,37.80264412],[-107.8965012,37.80360901],[-107.9001463,37.8055388],[-107.9034699,37.80639649],[-107.9048636,37.80746859],[-107.9055069,37.81014885],[-107.9062573,37.81100654],[-107.9085087,37.81079212],[-107.9096881,37.81111375],[-107.9107602,37.81240028],[-107.9136549,37.81411564],[-107.9155846,37.81658148],[-107.9180505,37.81872569],[-107.9177289,37.81958338],[-107.9192298,37.82076269],[-107.9196586,37.82162038],[-107.921374,37.82376459],[-107.9258768,37.82333575],[-107.9276994,37.82365738],[-107.9300581,37.82333575],[-107.9316662,37.82355017],[-107.9339176,37.82344296],[-107.93767,37.82269248],[-107.9386349,37.82301411],[-107.9405647,37.82526554],[-107.9427089,37.82633764],[-107.943245,37.82708811],[-107.9451747,37.82826743],[-107.9467829,37.82837464],[-107.9473189,37.82987559],[-107.9466757,37.83062606],[-107.9481766,37.83384238],[-107.9497848,37.83480727],[-107.9507497,37.83577216],[-107.9549309,37.83448564],[-107.9586833,37.83459285],[-107.9618996,37.83277027],[-107.9632933,37.83287748],[-107.9658664,37.83180538],[-107.9675817,37.83180538],[-107.9714413,37.83244864],[-107.9733711,37.83362795],[-107.9753009,37.83587938],[-107.9760514,37.83748753],[-107.9773379,37.8392029],[-107.9776595,37.84038222],[-107.9798037,37.84306248],[-107.9823768,37.84402737],[-107.9841994,37.84499227],[-107.9855931,37.84713648],[-107.9875229,37.85099606],[-107.9874157,37.85228258],[-107.9879517,37.85464121],[-107.9892383,37.85667821],[-107.9921329,37.85646379],[-107.9954565,37.856571],[-107.9976007,37.85592774],[-107.9989944,37.85582053],[-108.0012458,37.85678542],[-108.0026396,37.85710705],[-108.0040333,37.85624937],[-108.0059631,37.85582053],[-108.0072496,37.85507005],[-108.0086434,37.85517727],[-108.0103587,37.85592774],[-108.0112164,37.85689263],[-108.0129318,37.85699984],[-108.0152904,37.85614216],[-108.0189356,37.8554989],[-108.0208654,37.8554989],[-108.0239745,37.85592774],[-108.0256898,37.85517727],[-108.0308359,37.8554989],[-108.0318008,37.85464121],[-108.0348027,37.85314027],[-108.0358748,37.85217537],[-108.0396272,37.85185374],[-108.0412353,37.85131769],[-108.0454166,37.85110327],[-108.047668,37.85067442],[-108.0510987,37.84713648],[-108.0516348,37.84617158],[-108.0529213,37.84542111],[-108.0554943,37.84467064],[-108.055816,37.84424179],[-108.0546367,37.84220479],[-108.0552799,37.84166874],[-108.0584962,37.84102548],[-108.0597828,37.84263364],[-108.05989,37.84424179],[-108.0603188,37.84488506],[-108.0617126,37.84499227],[-108.0641784,37.84670764],[-108.0649289,37.848423],[-108.0655721,37.84917348],[-108.0664298,37.85099606],[-108.0677163,37.85153211],[-108.0697533,37.85078163],[-108.0718976,37.84788695],[-108.0756499,37.84670764],[-108.0789734,37.84445622],[-108.0813321,37.84413458],[-108.0824042,37.84306248],[-108.0845484,37.84166874],[-108.0872287,37.84166874],[-108.0877647,37.8412399],[-108.0905522,37.83995337],[-108.0933397,37.84081106],[-108.095055,37.84081106],[-108.0956983,37.84177595],[-108.095055,37.84241922],[-108.0953767,37.844349],[-108.0960199,37.84584995],[-108.0982713,37.848423],[-108.1000939,37.8493879],[-108.1015949,37.84960232],[-108.1040607,37.85110327],[-108.1059905,37.85163932],[-108.1082419,37.85367632],[-108.1116726,37.85464121],[-108.1125303,37.85528448],[-108.1158539,37.85421237],[-108.1173548,37.8534619],[-108.1197134,37.85335469],[-108.121,37.85389074],[-108.1221793,37.852497],[-108.1234658,37.85196095],[-108.125074,37.85206816],[-108.1247523,37.85110327],[-108.1246451,37.84863742],[-108.1266821,37.8453139],[-108.1283975,37.84402737],[-108.1310777,37.84295527],[-108.1322571,37.84156153],[-108.1374032,37.83791637],[-108.1376176,37.83705869],[-108.1400834,37.83491448],[-108.1402979,37.83234143],[-108.1414772,37.83244864],[-108.1424421,37.83427122],[-108.1436214,37.83555774],[-108.1444791,37.83834522],[-108.1458728,37.83791637],[-108.1472665,37.83888127],[-108.1489819,37.83738032],[-108.150054,37.83437843],[-108.1526271,37.8351289],[-108.1563794,37.83427122],[-108.1603462,37.83384238],[-108.162276,37.83470006],[-108.1638842,37.83491448],[-108.1662428,37.83330632],[-108.1671005,37.83191259],[-108.1691375,37.83116211],[-108.174498,37.83255585],[-108.1751413,37.83255585],[-108.1783576,37.83116211],[-108.1795369,37.83019722],[-108.1821099,37.82730254],[-108.1831821,37.82644485],[-108.1856479,37.82623043],[-108.1902579,37.82526554],[-108.1924022,37.82440785],[-108.1957257,37.82408622],[-108.1990492,37.82419343],[-108.200979,37.82333575],[-108.2054818,37.82172759],[-108.2082693,37.82108433],[-108.2098775,37.82097712],[-108.2103063,37.82204922],[-108.2094486,37.82322854],[-108.2104135,37.82440785],[-108.2109496,37.82580159],[-108.2109496,37.8290179],[-108.2123433,37.8320198],[-108.2145947,37.8330919],[-108.2156668,37.83448564],[-108.2184543,37.83491448],[-108.2185615,37.83555774],[-108.2170606,37.83673706],[-108.2185615,37.83770195],[-108.2222067,37.83909569],[-108.2219923,37.83973895],[-108.2236004,37.84091827],[-108.2237076,37.84188316],[-108.2257446,37.84241922],[-108.2269239,37.8432769],[-108.2264951,37.84499227],[-108.2271384,37.84799416],[-108.2278888,37.84917348],[-108.2286393,37.85238979],[-108.229497,37.85421237],[-108.230033,37.85721426],[-108.2296042,37.8595729],[-108.2296042,37.86107384],[-108.2316412,37.86171711],[-108.2319628,37.86246758],[-108.2319628,37.86504063],[-108.2328205,37.86707763],[-108.2350719,37.86932905],[-108.2360368,37.87265258],[-108.2373234,37.87501121],[-108.2378594,37.87640494],[-108.2392531,37.87640494],[-108.2452569,37.87865637],[-108.2479372,37.87940684],[-108.2494381,37.88230152],[-108.2497598,37.88369526],[-108.250403,37.88455294],[-108.2526545,37.88541063],[-108.2542626,37.88648273],[-108.2554419,37.88787647],[-108.2562996,37.88830531],[-108.2573717,37.88969905],[-108.2576934,37.89109278],[-108.256514,37.89355862],[-108.256514,37.89463073],[-108.3364931,37.89388026],[-108.3478574,37.89398747],[-108.3573991,37.89366584],[-108.3651183,37.89388026],[-108.3674769,37.89366584],[-108.3743384,37.89345141],[-108.3756249,37.89366584],[-108.3908488,37.89355862],[-108.4376998,37.89388026],[-108.4548535,37.89420189],[-108.5006323,37.8943091],[-108.5871512,37.89473794],[-108.617063,37.89505957],[-108.6256398,37.89527399],[-108.7462516,37.8953812],[-108.7506472,37.89527399],[-108.8166889,37.89548841],[-108.8180826,37.89377305],[-108.8184043,37.89248652],[-108.8180826,37.89141441],[-108.8187259,37.89034231],[-108.8187259,37.88948463],[-108.8176538,37.88809089],[-108.8202269,37.88669715],[-108.8205485,37.885089],[-108.8199052,37.88390968],[-108.8201196,37.88176547],[-108.8205485,37.88080058],[-108.821299,37.88090779],[-108.8843387,37.88112221],[-108.8854108,37.881015],[-108.8973112,37.881015],[-108.8996698,37.881015],[-108.9254004,37.88112221],[-108.9879041,37.881015],[-108.9953016,37.881015],[-109.0006621,37.88122942],[-109.0143851,37.88112221],[-109.0415093,37.88112221]]]},"properties":{"name":"Dolores=DOL","type":"county"}},
{"type":"Feature","geometry":{"type":"Polygon","coordinates":[[[-104.6606738,39.56593524],[-104.7209261,39.56593524],[-104.725429,39.56593524],[-104.7391519,39.56593524],[-104.7397952,39.56593524],[-104.7492297,39.56604245],[-104.7935076,39.56604245],[-104.7941509,39.56604245],[-104.8011196,39.56593524],[-104.8102325,39.56604245],[-104.8131272,39.56593524],[-104.8606214,39.56604245],[-104.8671612,39.56593524],[-104.8738083,39.56604245],[-104.8783111,39.56593524],[-104.8958937,39.56604245],[-104.941887,39.56604245],[-104.9609704,39.56614966],[-104.9717987,39.56604245],[-104.992812,39.56614966],[-104.9959211,39.56561361],[-105.0005311,39.56593524],[-105.0020321,39.56625687],[-105.0161838,39.56604245],[-105.0282986,39.56614966],[-105.0317294,39.56679292],[-105.0323726,39.56604245],[-105.0355889,39.56614966],[-105.0487758,39.56604245],[-105.0512417,39.56336218],[-105.0514561,39.56304055],[-105.0542436,39.56304055],[-105.0574599,39.56229008],[-105.0592825,39.56025308],[-105.061105,39.56003866],[-105.062606,39.55757282],[-105.061105,39.55692955],[-105.0616411,39.55617908],[-105.0643214,39.5553214],[-105.0642141,39.55414208],[-105.0657151,39.55339161],[-105.0667872,39.55049692],[-105.0704324,39.54781666],[-105.0715045,39.54631571],[-105.0739703,39.54460035],[-105.0745064,39.54213451],[-105.0764361,39.54041914],[-105.0778299,39.53688119],[-105.0776155,39.53602351],[-105.0765434,39.53505861],[-105.0760073,39.53269998],[-105.0765434,39.53109182],[-105.079438,39.52583851],[-105.0796525,39.5247664],[-105.079438,39.52047798],[-105.0790092,39.51919146],[-105.0779371,39.51747609],[-105.0782587,39.51468862],[-105.078902,39.51286604],[-105.0784731,39.51200835],[-105.0786876,39.51082904],[-105.0798669,39.50997135],[-105.0811534,39.50964972],[-105.0823327,39.5083632],[-105.0840481,39.50718388],[-105.0852274,39.50546851],[-105.0847986,39.50482525],[-105.0852274,39.50364594],[-105.0847986,39.5022522],[-105.0847986,39.50118009],[-105.0865139,39.49914309],[-105.0861923,39.49764215],[-105.0871572,39.49699888],[-105.0871572,39.49603399],[-105.0860851,39.49496188],[-105.0867284,39.49346094],[-105.0885509,39.49238883],[-105.0913384,39.48927973],[-105.0930538,39.48810041],[-105.0941259,39.48788599],[-105.0987359,39.48542015],[-105.1003441,39.48552736],[-105.103346,39.48466968],[-105.1046325,39.48499131],[-105.1069911,39.48466968],[-105.1106363,39.48359757],[-105.1131021,39.4839192],[-105.1143887,39.48477689],[-105.1147103,39.48584899],[-105.1156752,39.4859562],[-105.117605,39.48542015],[-105.1183554,39.48456247],[-105.1182482,39.48295431],[-105.117605,39.48252547],[-105.1158896,39.48252547],[-105.1163184,39.48145336],[-105.1185699,39.48016684],[-105.1195348,39.48038126],[-105.1210357,39.48145336],[-105.1217862,39.48134615],[-105.123716,39.4798452],[-105.1281116,39.47759378],[-105.1287549,39.4757712],[-105.130363,39.47362699],[-105.1315423,39.4726621],[-105.1333649,39.47212605],[-105.1349731,39.47094673],[-105.1347587,39.47019626],[-105.1335793,39.46869531],[-105.1327217,39.46805205],[-105.1331505,39.46612226],[-105.1326144,39.46429968],[-105.1329361,39.46194105],[-105.131864,39.46054731],[-105.130363,39.45947521],[-105.1274683,39.45851031],[-105.1267179,39.45722379],[-105.1250025,39.4563661],[-105.1241448,39.45497237],[-105.1239304,39.45304258],[-105.1230727,39.45089837],[-105.123716,39.44950463],[-105.1230727,39.44800368],[-105.1239304,39.44746763],[-105.1238232,39.44660995],[-105.1247881,39.4440369],[-105.1246809,39.44275037],[-105.1261818,39.44017732],[-105.1251097,39.43738985],[-105.1248953,39.43621053],[-105.1235016,39.43449516],[-105.1236088,39.43417353],[-105.1284332,39.43170769],[-105.1300414,39.43009953],[-105.1315423,39.42924185],[-105.1330433,39.42741927],[-105.1354019,39.42677601],[-105.1370101,39.42538227],[-105.1381894,39.42302364],[-105.140548,39.42238038],[-105.1414057,39.42109385],[-105.1449437,39.41894964],[-105.1460158,39.41884243],[-105.1494465,39.4175559],[-105.1518051,39.41573332],[-105.1551287,39.41401796],[-105.156308,39.41380354],[-105.1595243,39.41433959],[-105.1612396,39.41380354],[-105.1626334,39.41198096],[-105.1642415,39.41069443],[-105.1661713,39.40865743],[-105.169066,39.40897906],[-105.1709958,39.40779975],[-105.1713174,39.40683485],[-105.1704598,39.40458343],[-105.1693876,39.40329691],[-105.1693876,39.40158154],[-105.1682083,39.4001878],[-105.1672434,39.39975896],[-105.167029,39.39804359],[-105.1676723,39.39579217],[-105.1672434,39.39429122],[-105.1655281,39.39396959],[-105.1646704,39.39214701],[-105.1656353,39.39118212],[-105.1678867,39.38978838],[-105.1699237,39.38914512],[-105.1712102,39.38678649],[-105.1729256,39.38571438],[-105.1734616,39.38346296],[-105.1732472,39.38228365],[-105.1719607,39.38196202],[-105.1708886,39.38228365],[-105.1696021,39.38067549],[-105.1712102,39.37960339],[-105.1714246,39.37896012],[-105.1730328,39.3776736],[-105.1722823,39.37638707],[-105.1703525,39.37531496],[-105.1701381,39.37456449],[-105.1679939,39.37413565],[-105.1671362,39.37220586],[-105.1676723,39.37038328],[-105.1691732,39.36866791],[-105.1688516,39.36705976],[-105.1677795,39.36641649],[-105.1677795,39.36555881],[-105.1669218,39.36470113],[-105.1663858,39.36266413],[-105.1675651,39.36041271],[-105.1678867,39.35901897],[-105.1691732,39.35891176],[-105.1715319,39.35719639],[-105.1723895,39.35558823],[-105.1718535,39.35344402],[-105.1732472,39.35194308],[-105.175177,39.35044213],[-105.1773212,39.34937002],[-105.1765708,39.34754745],[-105.1771068,39.34475997],[-105.1778573,39.34390229],[-105.1791438,39.34347345],[-105.1795726,39.34229413],[-105.178715,39.34079318],[-105.1801087,39.33918503],[-105.1821457,39.33854176],[-105.1825745,39.33725524],[-105.1839683,39.33553987],[-105.1850404,39.3347894],[-105.1878279,39.33414613],[-105.187399,39.33328845],[-105.1855764,39.33296682],[-105.1822529,39.33135866],[-105.1822529,39.3297505],[-105.1830034,39.32932166],[-105.1847187,39.32900003],[-105.1860053,39.32824955],[-105.1877206,39.32814234],[-105.1880423,39.32685582],[-105.1858981,39.32610534],[-105.1854692,39.32438998],[-105.1863269,39.32331787],[-105.1878279,39.32288903],[-105.1887927,39.32117366],[-105.1891144,39.31913666],[-105.1885783,39.31795735],[-105.1886855,39.31709966],[-105.1905081,39.31592035],[-105.1923307,39.3133473],[-105.19351,39.31259682],[-105.1946893,39.3123824],[-105.1981201,39.31045261],[-105.1984417,39.3092733],[-105.1967263,39.30852282],[-105.1977984,39.30498488],[-105.1965119,39.30391277],[-105.1959759,39.30209019],[-105.1972624,39.30176856],[-105.2002643,39.30198298],[-105.2013364,39.30080367],[-105.201122,39.29930272],[-105.2049815,39.29983877],[-105.2068041,39.29919551],[-105.2076618,39.29823061],[-105.2071257,39.29619361],[-105.205196,39.29490709],[-105.2028373,39.29479988],[-105.2026229,39.29329893],[-105.2042311,39.29308451],[-105.2055176,39.29394219],[-105.2066969,39.29394219],[-105.2068041,39.2929773],[-105.2055176,39.29169077],[-105.2066969,39.29061867],[-105.2078762,39.29147635],[-105.2087339,39.29061867],[-105.2080906,39.28943935],[-105.2101276,39.28772399],[-105.211843,39.2857942],[-105.2124863,39.28450767],[-105.211307,39.28289951],[-105.211307,39.28096972],[-105.2132367,39.2796832],[-105.21388,39.2787183],[-105.2154882,39.27861109],[-105.2163458,39.27743178],[-105.2154882,39.27678851],[-105.2175252,39.2746443],[-105.2157026,39.27335778],[-105.2155954,39.27217846],[-105.2173107,39.27164241],[-105.2191333,39.27046309],[-105.2205271,39.26917657],[-105.2207415,39.26810446],[-105.2187045,39.26703236],[-105.2187045,39.26531699],[-105.2177396,39.26349441],[-105.2177396,39.26210068],[-105.2172035,39.26113578],[-105.217418,39.26038531],[-105.2184901,39.25984925],[-105.2200982,39.25963483],[-105.2243866,39.26070694],[-105.2251371,39.26049252],[-105.2251371,39.25942041],[-105.2234217,39.25845552],[-105.2234217,39.2562041],[-105.224065,39.25588247],[-105.2265308,39.25652573],[-105.2273885,39.25598968],[-105.2273885,39.2541671],[-105.2292111,39.25373826],[-105.2315697,39.25384547],[-105.2343572,39.25534641],[-105.2347861,39.25459594],[-105.23425,39.25245173],[-105.2352149,39.25127241],[-105.2373591,39.25095078],[-105.2373591,39.24966426],[-105.2357509,39.24966426],[-105.2347861,39.24934263],[-105.2339284,39.24687678],[-105.2343572,39.24559026],[-105.2356437,39.24430373],[-105.2395033,39.24366047],[-105.2405754,39.24408931],[-105.2413259,39.24344605],[-105.2433629,39.24269557],[-105.2460432,39.24055136],[-105.2467936,39.24033694],[-105.248509,39.240873],[-105.2492595,39.24183789],[-105.2522614,39.24366047],[-105.2534407,39.24333884],[-105.2535479,39.24140905],[-105.2550488,39.24022973],[-105.2542984,39.2378711],[-105.2555849,39.2358341],[-105.2568714,39.23465479],[-105.2579435,39.23293942],[-105.2605166,39.23218895],[-105.2618031,39.23143847],[-105.2635185,39.22907984],[-105.2634113,39.22832937],[-105.2616959,39.22682842],[-105.2614815,39.22586353],[-105.2624464,39.22479142],[-105.261267,39.22329047],[-105.2614815,39.22275442],[-105.2635185,39.22136068],[-105.2626608,39.21910926],[-105.2606238,39.21685784],[-105.2608382,39.21557132],[-105.2614815,39.21471363],[-105.2613743,39.21385595],[-105.2600877,39.21256942],[-105.2596589,39.21139011],[-105.260731,39.21010358],[-105.2621247,39.20988916],[-105.2631968,39.20795937],[-105.2642689,39.20806658],[-105.2672708,39.20913869],[-105.2701655,39.20935311],[-105.2722025,39.20860264],[-105.2731674,39.20763774],[-105.2756333,39.20763774],[-105.2762765,39.2072089],[-105.2767054,39.2051719],[-105.2773486,39.20442143],[-105.2776703,39.20281327],[-105.2788496,39.20184837],[-105.2812082,39.20174116],[-105.2829236,39.19991858],[-105.2837813,39.19766716],[-105.2850678,39.19455806],[-105.2847461,39.19273548],[-105.2850678,39.19102011],[-105.2859255,39.18962638],[-105.2860327,39.18726775],[-105.2863543,39.18630285],[-105.2891418,39.18415864],[-105.289249,39.18340817],[-105.287748,39.18201443],[-105.2873192,39.18126396],[-105.2874264,39.17944138],[-105.2879625,39.17847648],[-105.2894634,39.17751159],[-105.2947167,39.17483133],[-105.2936446,39.17397364],[-105.2941807,39.17300875],[-105.2963249,39.17268712],[-105.2984691,39.17279433],[-105.299434,39.17257991],[-105.29997,39.17161501],[-105.3015782,39.17065012],[-105.302007,39.16925638],[-105.3001845,39.16796986],[-105.3010421,39.16679054],[-105.3022215,39.16668333],[-105.3044729,39.1643247],[-105.3052234,39.16400307],[-105.3070459,39.1653968],[-105.3080108,39.16528959],[-105.3083325,39.16443191],[-105.3099406,39.16346701],[-105.3106911,39.16153723],[-105.3131569,39.15992907],[-105.3135858,39.15885696],[-105.3130497,39.15703438],[-105.3141218,39.15553344],[-105.3153011,39.15489017],[-105.3159444,39.15135223],[-105.3156228,39.14974407],[-105.316266,39.14867196],[-105.3153011,39.14674218],[-105.316266,39.14556286],[-105.3188391,39.14588449],[-105.3201256,39.14577728],[-105.3215193,39.14620612],[-105.3230203,39.14556286],[-105.3232347,39.14502681],[-105.3221626,39.14298981],[-105.3226987,39.14138165],[-105.3226987,39.14020234],[-105.3217338,39.1388086],[-105.3222698,39.13612834],[-105.3262366,39.13237597],[-105.3274159,39.13087502],[-105.3292385,39.12969571],[-105.285711,39.12969571],[-105.2720953,39.12948129],[-105.2014436,39.12969571],[-105.199085,39.1295885],[-105.1625262,39.12948129],[-105.1250025,39.12948129],[-105.0335519,39.12980292],[-105.0005311,39.12991013],[-104.9030768,39.12980292],[-104.8804553,39.12991013],[-104.8785256,39.12980292],[-104.8638377,39.12980292],[-104.8471129,39.12991013],[-104.8043359,39.12969571],[-104.7423682,39.12969571],[-104.6719309,39.12948129],[-104.6650694,39.1295885],[-104.6629252,39.12948129],[-104.662818,39.16625449],[-104.6630324,39.19284269],[-104.6629252,39.24580468],[-104.6630324,39.25277336],[-104.6631397,39.25566805],[-104.6632469,39.34990608],[-104.6632469,39.36705976],[-104.6626036,39.41777032],[-104.662818,39.449183],[-104.662282,39.46354921],[-104.6620676,39.48477689],[-104.6614243,39.51576072],[-104.6612099,39.53602351],[-104.6609954,39.54127682],[-104.6605666,39.55403487],[-104.6606738,39.56593524]]]},"properties":{"name":"Douglas=DOU","type":"county"}},
{"type":"Feature","geometry":{"type":"Polygon","coordinates":[[[-107.1134357,39.36609486],[-107.0833095,39.36609486],[-107.0619746,39.36630928],[-107.0597232,39.36598765],[-107.0584367,39.36620207],[-107.0557564,39.36630928],[-107.0481445,39.36620207],[-107.02295,39.36620207],[-106.8756428,39.3644867],[-106.8464815,39.36427228],[-106.8056343,39.36352181],[-106.7506353,39.36266413],[-106.7410936,39.3624497],[-106.7401287,39.36223528],[-106.7325168,39.36255692],[-106.7284428,39.3624497],[-106.7241543,39.36266413],[-106.71279,39.36202086],[-106.7082872,39.36202086],[-106.7023906,39.36234249],[-106.6853441,39.3624497],[-106.6726933,39.36212807],[-106.6586487,39.36223528],[-106.6256279,39.36212807],[-106.5466137,39.36212807],[-106.5445767,39.36223528],[-106.5006204,39.36234249],[-106.4893633,39.36180644],[-106.426538,39.36191365],[-106.4240721,39.36298576],[-106.4216063,39.36384344],[-106.4180684,39.36684534],[-106.4173179,39.36727418],[-106.4147448,39.3674886],[-106.4131367,39.37006165],[-106.4108853,39.37199144],[-106.4100276,39.37231307],[-106.408205,39.37370681],[-106.4074545,39.3756366],[-106.4068113,39.37627986],[-106.4050959,39.37896012],[-106.4039166,39.37981781],[-106.400593,39.38099712],[-106.3975912,39.37981781],[-106.3938388,39.37960339],[-106.3929811,39.37917454],[-106.3916946,39.37938896],[-106.3903008,39.37810244],[-106.3884783,39.3776736],[-106.3860124,39.37660149],[-106.3836538,39.37660149],[-106.3806519,39.37617265],[-106.3794726,39.37392123],[-106.3786149,39.37145539],[-106.3781861,39.36941839],[-106.3763635,39.3685607],[-106.3750769,39.36684534],[-106.3746481,39.36566602],[-106.3727183,39.3644867],[-106.3719678,39.36373623],[-106.371539,39.36169923],[-106.3707885,39.36062713],[-106.3696092,39.36030549],[-106.3668217,39.36062713],[-106.3644631,39.35998386],[-106.3631766,39.35923339],[-106.3626405,39.35719639],[-106.3619973,39.35676755],[-106.3580305,39.35515939],[-106.3555646,39.35483776],[-106.3517051,39.35365844],[-106.350633,39.35398008],[-106.3498825,39.35494497],[-106.3472022,39.35612429],[-106.3451652,39.35676755],[-106.3440931,39.35773244],[-106.3421633,39.35805407],[-106.3392686,39.35901897],[-106.3347658,39.35891176],[-106.3329432,39.3582685],[-106.3280115,39.35923339],[-106.326189,39.3593406],[-106.3238303,39.35901897],[-106.320614,39.3593406],[-106.3162184,39.36116318],[-106.3133237,39.36212807],[-106.3116083,39.36223528],[-106.306355,39.3613776],[-106.3047469,39.36148481],[-106.3026026,39.36116318],[-106.3004584,39.36009107],[-106.2977782,39.35794686],[-106.2962772,39.3573036],[-106.2957412,39.35569544],[-106.2958484,39.35376565],[-106.2953123,39.35290797],[-106.2923104,39.35183587],[-106.2908095,39.35172865],[-106.2866283,39.35226471],[-106.2848057,39.35140702],[-106.2838408,39.34947723],[-106.2831975,39.35044213],[-106.281911,39.35140702],[-106.2796596,39.35237192],[-106.2747279,39.35569544],[-106.2725837,39.35633871],[-106.2709755,39.35805407],[-106.2665799,39.35880455],[-106.2637924,39.35880455],[-106.2628276,39.35912618],[-106.2599329,39.36084155],[-106.259504,39.36191365],[-106.2568238,39.36127039],[-106.2511416,39.35837571],[-106.2501767,39.36073434],[-106.2473892,39.36277134],[-106.2450306,39.36405786],[-106.2395629,39.36566602],[-106.2373115,39.3685607],[-106.2364538,39.37027607],[-106.2338807,39.37295633],[-106.2329158,39.37317075],[-106.2295923,39.37317075],[-106.2277697,39.37413565],[-106.226912,39.37413565],[-106.2268048,39.37703033],[-106.2259471,39.37820965],[-106.2256255,39.37960339],[-106.2067565,39.37960339],[-106.2079358,39.38110433],[-106.2105088,39.3828197],[-106.2104016,39.38410623],[-106.2082574,39.38635765],[-106.2067565,39.38700091],[-106.2047195,39.38871628],[-106.2031113,39.38957396],[-106.2010743,39.39482728],[-106.2012887,39.39589938],[-106.2023608,39.39718591],[-106.2115809,39.40361854],[-106.2130819,39.4042618],[-106.2127602,39.40522669],[-106.2162982,39.40715648],[-106.2179064,39.4083358],[-106.2169415,39.40994396],[-106.2189785,39.41230259],[-106.2209082,39.41230259],[-106.2221948,39.41305306],[-106.2254111,39.41358911],[-106.2285202,39.41466122],[-106.23045,39.41691264],[-106.2303428,39.41809196],[-106.2308788,39.41884243],[-106.2300211,39.41991453],[-106.2300211,39.42227316],[-106.2327014,39.42623995],[-106.2299139,39.42741927],[-106.2275553,39.42806253],[-106.2256255,39.43009953],[-106.2254111,39.4318149],[-106.2231597,39.43310143],[-106.2232669,39.4338519],[-106.2249822,39.43663937],[-106.2283058,39.43974848],[-106.2301283,39.44092779],[-106.2318437,39.44092779],[-106.2328086,39.44264316],[-106.2340951,39.44425132],[-106.2360249,39.44596669],[-106.2361321,39.44682437],[-106.2369898,39.44789647],[-106.2389196,39.45132721],[-106.238598,39.45336421],[-106.2380619,39.45411468],[-106.2392412,39.45583005],[-106.2421359,39.45765263],[-106.2431008,39.459368],[-106.2451378,39.46151221],[-106.2468532,39.46194105],[-106.2499623,39.46333479],[-106.2506056,39.46440689],[-106.2516777,39.46505015],[-106.2515704,39.467516],[-106.2506056,39.46826647],[-106.2503911,39.47094673],[-106.2516777,39.47427026],[-106.2514632,39.4767361],[-106.2502839,39.47748657],[-106.2494262,39.4808101],[-106.2500695,39.48198941],[-106.2491046,39.48456247],[-106.2455667,39.48938694],[-106.247282,39.49131673],[-106.2494262,39.49174557],[-106.2524281,39.49281767],[-106.2557517,39.4930321],[-106.2591824,39.49421141],[-106.2596112,39.49496188],[-106.2587536,39.49581957],[-106.2582175,39.49753494],[-106.2568238,39.49967915],[-106.2537147,39.50032241],[-106.2510344,39.50214499],[-106.2488902,39.50482525],[-106.2481397,39.50814878],[-106.2469604,39.5104002],[-106.2464243,39.51275883],[-106.247282,39.5144742],[-106.2484613,39.51565351],[-106.2506056,39.51715446],[-106.2537147,39.51790493],[-106.2547868,39.51865541],[-106.2557517,39.51994193],[-106.2558589,39.52079962],[-106.25543,39.52401593],[-106.2545723,39.52637456],[-106.2544651,39.52851877],[-106.2558589,39.5318423],[-106.2540363,39.53538024],[-106.2506056,39.53859656],[-106.2498551,39.54063356],[-106.2499623,39.54213451],[-106.2482469,39.54427872],[-106.2477109,39.54438593],[-106.245245,39.54384987],[-106.2434225,39.5441715],[-106.2400989,39.54685177],[-106.2367754,39.54856714],[-106.2353817,39.5482455],[-106.23506,39.54749503],[-106.2357033,39.54663735],[-106.2353817,39.54449314],[-106.2343096,39.54277777],[-106.2325942,39.54192008],[-106.2288418,39.53838214],[-106.2285202,39.53709561],[-106.2253039,39.5318423],[-106.2244462,39.53119903],[-106.2224092,39.53130624],[-106.220801,39.53173509],[-106.2172631,39.53205672],[-106.2143684,39.53109182],[-106.2125458,39.53098461],[-106.2112593,39.53012693],[-106.2109377,39.5338793],[-106.2104016,39.5349514],[-106.2117954,39.53966866],[-106.21008,39.54256335],[-106.2107232,39.5441715],[-106.2107232,39.5451364],[-106.2099728,39.54695898],[-106.2079358,39.54813829],[-106.2042906,39.54888877],[-106.2020392,39.54996087],[-106.1987157,39.55006808],[-106.1977508,39.55071135],[-106.1972147,39.55264113],[-106.1976436,39.55510698],[-106.196357,39.55650071],[-106.1964643,39.5573584],[-106.1987157,39.55789445],[-106.2037546,39.55778724],[-106.2056844,39.55821608],[-106.2072925,39.56036029],[-106.2086862,39.56164682],[-106.2094367,39.56357661],[-106.2091151,39.56464871],[-106.2099728,39.56700734],[-106.21008,39.56872271],[-106.2098656,39.57033087],[-106.2102944,39.57161739],[-106.2115809,39.57333276],[-106.2145828,39.57429766],[-106.2150117,39.57515534],[-106.2136179,39.5788005],[-106.2139396,39.58201681],[-106.2137251,39.58255286],[-106.2108305,39.58684128],[-106.2108305,39.58769897],[-106.2116881,39.58984318],[-106.2112593,39.5931667],[-106.2090079,39.59938491],[-106.2073997,39.60120749],[-106.206006,39.60206518],[-106.2056844,39.60388775],[-106.2021464,39.60581754],[-106.200431,39.6063536],[-106.1939984,39.60549591],[-106.1903533,39.60399496],[-106.1858504,39.6033517],[-106.1847783,39.6022796],[-106.1839206,39.60420939],[-106.182098,39.60592475],[-106.1787745,39.60785454],[-106.1775952,39.60903386],[-106.1779168,39.61182133],[-106.1775952,39.61267902],[-106.1760943,39.61417996],[-106.1758798,39.61610975],[-106.1764159,39.61975491],[-106.1762015,39.62393612],[-106.1767375,39.62768849],[-106.1773808,39.63058317],[-106.177488,39.63165527],[-106.1762015,39.63337064],[-106.1764159,39.63572927],[-106.1782385,39.63712301],[-106.1792034,39.63840954],[-106.179525,39.63958885],[-106.1792034,39.64130422],[-106.1793106,39.64248353],[-106.1813476,39.64591427],[-106.182098,39.64762964],[-106.1834918,39.64859453],[-106.1842423,39.65063153],[-106.1838134,39.65213248],[-106.1868153,39.65266853],[-106.1891739,39.6533118],[-106.1914254,39.65181085],[-106.1933551,39.65181085],[-106.1944273,39.65116759],[-106.1971075,39.65148922],[-106.1979652,39.6523469],[-106.1996806,39.65277574],[-106.2021464,39.65406227],[-106.2066492,39.65449111],[-106.2077214,39.65524158],[-106.2092223,39.65427669],[-106.2171559,39.65459832],[-106.2189785,39.65631369],[-106.2191929,39.65738579],[-106.2184424,39.66081653],[-106.2186568,39.66145979],[-106.2199434,39.66263911],[-106.2224092,39.66306795],[-106.2242318,39.66263911],[-106.2264832,39.66092374],[-106.2294851,39.66113816],[-106.2305572,39.66188864],[-106.232487,39.66221027],[-106.2348456,39.66199585],[-106.2354889,39.66285353],[-106.2398845,39.66692753],[-106.2405278,39.66928616],[-106.2393485,39.67089432],[-106.2388124,39.67604042],[-106.239134,39.67775579],[-106.2387052,39.68022163],[-106.2403133,39.68022163],[-106.2428864,39.68086489],[-106.2440657,39.68065047],[-106.2468532,39.68065047],[-106.2488902,39.68022163],[-106.2506056,39.68022163],[-106.2519993,39.67904232],[-106.2555372,39.68000721],[-106.257467,39.68022163],[-106.2582175,39.67979279],[-106.2596112,39.68086489],[-106.2613266,39.68268747],[-106.2616482,39.68590379],[-106.2640069,39.6870831],[-106.265615,39.68847684],[-106.2659367,39.68954894],[-106.2648646,39.69062105],[-106.2643285,39.69180037],[-106.2644357,39.69340852],[-106.2640069,39.69458784],[-106.2631492,39.69555273],[-106.2626131,39.69780415],[-106.2628276,39.69876905],[-106.2638997,39.70026999],[-106.2641141,39.7013421],[-106.2690458,39.70252142],[-106.2720477,39.70434399],[-106.2736558,39.70295026],[-106.2745135,39.70144931],[-106.2759072,39.70005557],[-106.2774082,39.69951952],[-106.2807317,39.70037721],[-106.2833048,39.70155652],[-106.285449,39.70198536],[-106.2872715,39.70295026],[-106.2893085,39.70316468],[-106.2909167,39.70402236],[-106.2913455,39.7054161],[-106.2928465,39.7064882],[-106.2942402,39.70938289],[-106.2939186,39.71227757],[-106.2952051,39.71474341],[-106.2952051,39.71645878],[-106.2971349,39.71806694],[-106.2983142,39.72053278],[-106.2993863,39.72053278],[-106.3039964,39.72256978],[-106.3042108,39.72289141],[-106.3068911,39.72396352],[-106.3090353,39.72492841],[-106.3120372,39.72514283],[-106.3125732,39.72578609],[-106.3162184,39.72717983],[-106.3184698,39.72868078],[-106.3196491,39.7299673],[-106.3205068,39.73168267],[-106.322115,39.73254036],[-106.3254385,39.73318362],[-106.3269394,39.73650714],[-106.3280115,39.73757925],[-106.3294053,39.73779367],[-106.3312279,39.7401523],[-106.3313351,39.74251093],[-106.3329432,39.74411909],[-106.3339081,39.74658493],[-106.3356235,39.74947961],[-106.338947,39.75065893],[-106.3420561,39.75301756],[-106.3433426,39.75526898],[-106.3432354,39.75666272],[-106.3434498,39.75902135],[-106.3459157,39.75816367],[-106.3507402,39.75687714],[-106.3521339,39.75559061],[-106.3539565,39.75258872],[-106.3549214,39.7523743],[-106.3561007,39.75280314],[-106.3591026,39.75312477],[-106.3611396,39.75269593],[-106.3622117,39.75194546],[-106.3643559,39.75226709],[-106.3657496,39.75312477],[-106.3684299,39.75559061],[-106.369502,39.75580503],[-106.3705741,39.75666272],[-106.3733616,39.7595574],[-106.3742193,39.76223766],[-106.3792582,39.76298814],[-106.3799014,39.76427466],[-106.3816168,39.76545398],[-106.3834394,39.76609724],[-106.3854764,39.76716935],[-106.3859052,39.76952798],[-106.3869773,39.77049287],[-106.3875134,39.77188661],[-106.3910513,39.7769255],[-106.3909441,39.7778904],[-106.3889071,39.78421582],[-106.3885855,39.78657445],[-106.3890143,39.78764655],[-106.3903008,39.78871866],[-106.3942676,39.79054124],[-106.3968407,39.79011239],[-106.3966263,39.79172055],[-106.3957686,39.79268545],[-106.3964118,39.79579455],[-106.3973767,39.79665224],[-106.4007003,39.79868924],[-106.4012363,39.79986855],[-106.4009147,39.80276323],[-106.4011291,39.80565792],[-106.4018796,39.80758771],[-106.406168,39.81123286],[-106.4071329,39.81284102],[-106.4075617,39.81434197],[-106.4094915,39.81916644],[-106.4106708,39.82034576],[-106.4112069,39.82206112],[-106.4106708,39.82366928],[-106.4110997,39.82549186],[-106.412279,39.82677839],[-106.4120646,39.82870818],[-106.4150665,39.83138844],[-106.4187116,39.83632012],[-106.4206414,39.83996528],[-106.4237505,39.84146623],[-106.4252515,39.84414649],[-106.4255731,39.84554022],[-106.4235361,39.84800607],[-106.4236433,39.85015028],[-106.4257875,39.85540359],[-106.427074,39.85765501],[-106.4303976,39.86151459],[-106.432649,39.86451648],[-106.4327562,39.86601743],[-106.4339355,39.87030585],[-106.4344716,39.87298611],[-106.4338283,39.87502311],[-106.4339355,39.87738174],[-106.4329706,39.8779178],[-106.431148,39.88006201],[-106.4281461,39.88220622],[-106.4292182,39.88552974],[-106.4294327,39.8871379],[-106.4286822,39.89507148],[-106.4292182,39.898395],[-106.4307192,39.90161132],[-106.430612,39.90386274],[-106.4299687,39.90536368],[-106.4303976,39.90890163],[-106.4316841,39.91126026],[-106.4328634,39.912654],[-106.4391888,39.91565589],[-106.4402609,39.91747847],[-106.4402609,39.91833615],[-106.4391888,39.91994431],[-106.436723,39.92198131],[-106.4344716,39.92337505],[-106.4344716,39.924876],[-106.4426196,39.92476878],[-106.4437989,39.92498321],[-106.4731746,39.92509042],[-106.4853966,39.92509042],[-106.4862542,39.92519763],[-106.5006204,39.92498321],[-106.5221698,39.92498321],[-106.5278519,39.92519763],[-106.5342845,39.92498321],[-106.5530464,39.924876],[-106.5620521,39.92476878],[-106.6080454,39.92509042],[-106.6151213,39.92530484],[-106.6187664,39.92519763],[-106.6256279,39.92466157],[-106.6265928,39.92476878],[-106.6265928,39.91865779],[-106.6532882,39.91994431],[-106.7130044,39.92058758],[-106.7253337,39.92058758],[-106.7506353,39.92005152],[-106.7665025,39.9198371],[-106.7742216,39.91994431],[-106.785586,39.9198371],[-106.7923402,39.92005152],[-106.7988801,39.9198371],[-106.8332946,39.91940826],[-106.8369398,39.91919384],[-106.8576314,39.91919384],[-106.8580603,39.91919384],[-106.8756428,39.918765],[-106.9150962,39.91887221],[-106.9362167,39.918765],[-106.9836038,39.91887221],[-106.9935743,39.918765],[-107.0006502,39.91908663],[-107.0339927,39.91887221],[-107.0460003,39.91887221],[-107.1136501,39.91908663],[-107.1135429,39.900432],[-107.1136501,39.88006201],[-107.1135429,39.8667679],[-107.1135429,39.73125383],[-107.1134357,39.69716089],[-107.1135429,39.64055375],[-107.1136501,39.62500822],[-107.1138645,39.62500822],[-107.1136501,39.59134413],[-107.1139717,39.50857762],[-107.1136501,39.49978636],[-107.1135429,39.49013741],[-107.1136501,39.46387084],[-107.1135429,39.43245816],[-107.1136501,39.39193259],[-107.1135429,39.39161096],[-107.1135429,39.37499333],[-107.1134357,39.36609486]]]},"properties":{"name":"Eagle=EAG","type":"county"}},
{"type":"Feature","geometry":{"type":"Polygon","coordinates":[[[-103.7143267,39.56636408],[-103.7519576,39.5665785],[-103.8754641,39.5665785],[-103.9085922,39.56636408],[-103.9504042,39.56625687],[-103.9786006,39.56636408],[-103.9851404,39.56636408],[-103.986963,39.56614966],[-104.0143017,39.56604245],[-104.0565426,39.56593524],[-104.125479,39.56550639],[-104.244161,39.56507755],[-104.2542388,39.56497034],[-104.2648526,39.56475592],[-104.2875813,39.56475592],[-104.3234968,39.56443429],[-104.3433307,39.56443429],[-104.3616637,39.56432708],[-104.3760299,39.56389824],[-104.381176,39.56411266],[-104.427491,39.56357661],[-104.4477538,39.56379103],[-104.460083,39.56400545],[-104.4699463,39.56411266],[-104.4983571,39.56411266],[-104.5550715,39.56497034],[-104.6044955,39.56593524],[-104.6606738,39.56593524],[-104.6605666,39.55403487],[-104.6609954,39.54127682],[-104.6612099,39.53602351],[-104.6614243,39.51576072],[-104.6620676,39.48477689],[-104.662282,39.46354921],[-104.662818,39.449183],[-104.6626036,39.41777032],[-104.6632469,39.36705976],[-104.6632469,39.34990608],[-104.6631397,39.25566805],[-104.6630324,39.25277336],[-104.6629252,39.24580468],[-104.6630324,39.19284269],[-104.662818,39.16625449],[-104.6629252,39.12948129],[-104.6243295,39.12948129],[-104.6218636,39.12980292],[-104.613394,39.12948129],[-104.5866986,39.12937407],[-104.4999653,39.12948129],[-104.4839909,39.12969571],[-104.4645858,39.12969571],[-104.4611551,39.1295885],[-104.4506484,39.12937407],[-104.3479408,39.12883802],[-104.3107387,39.12905244],[-104.2919769,39.12873081],[-104.2642094,39.1286236],[-104.2465197,39.12873081],[-104.2411591,39.12883802],[-104.2362274,39.1286236],[-104.2196098,39.12873081],[-104.2018129,39.1286236],[-104.1809068,39.12873081],[-104.1741526,39.12840918],[-104.1609657,39.12873081],[-104.125479,39.1286236],[-104.1249429,39.12883802],[-104.1059667,39.12851639],[-104.0885986,39.12830197],[-104.0777703,39.12840918],[-104.051611,39.12840918],[-104.0520398,39.11415018],[-104.052147,39.10042724],[-104.0534335,39.04382009],[-104.0533263,39.00072147],[-104.0531119,38.95601469],[-104.0540768,38.91784776],[-104.0543984,38.90959255],[-104.0555777,38.86885256],[-103.9807448,38.86874535],[-103.9802088,38.86863814],[-103.8797525,38.86756603],[-103.8631349,38.86713719],[-103.8615267,38.86681556],[-103.8604546,38.86702998],[-103.8524138,38.86692277],[-103.8385837,38.86692277],[-103.7911967,38.86670835],[-103.7905534,38.86681556],[-103.7770449,38.86670835],[-103.7651445,38.86649393],[-103.7574253,38.86660114],[-103.7503495,38.86638671],[-103.7196872,38.86681556],[-103.7193656,38.87496355],[-103.7202233,38.90562576],[-103.7215098,38.99729074],[-103.7209738,39.01112089],[-103.7209738,39.05518441],[-103.7220459,39.08413124],[-103.7218315,39.08745477],[-103.7208666,39.09871187],[-103.7207594,39.11993955],[-103.7211882,39.12830197],[-103.7152916,39.12819476],[-103.7152916,39.13527065],[-103.7152916,39.15767765],[-103.7150772,39.17172222],[-103.7150772,39.17815485],[-103.71497,39.17901254],[-103.7151844,39.20131232],[-103.7150772,39.2297231],[-103.7148628,39.24419652],[-103.7150772,39.24998589],[-103.7148628,39.28515093],[-103.715506,39.30230461],[-103.7150772,39.30991656],[-103.7147556,39.34454555],[-103.7148628,39.37392123],[-103.7152916,39.37499333],[-103.7152916,39.39461286],[-103.7151844,39.41809196],[-103.7145411,39.4839192],[-103.7145411,39.49056625],[-103.7143267,39.50000078],[-103.7144339,39.53398651],[-103.7141123,39.54878156],[-103.7143267,39.56636408]]]},"properties":{"name":"Elbert=ELB","type":"county"}},
{"type":"Feature","geometry":{"type":"Polygon","coordinates":[[[-104.942423,38.64992871],[-104.9425302,38.62494867],[-104.9421014,38.5814212],[-104.941887,38.56308821],[-104.9419942,38.5599791],[-104.9417798,38.55429695],[-104.9415653,38.51956074],[-104.9329885,38.52031122],[-104.8956792,38.52031122],[-104.8883889,38.51988237],[-104.8819563,38.5200968],[-104.8666252,38.51998958],[-104.8661963,38.51988237],[-104.8361774,38.51998958],[-104.8260996,38.51977516],[-104.8232049,38.51977516],[-104.8160218,38.51998958],[-104.7981177,38.51998958],[-104.7960807,38.52020401],[-104.7871822,38.5200968],[-104.7705646,38.51988237],[-104.7505162,38.51988237],[-104.7414033,38.51966795],[-104.6843673,38.51945353],[-104.6312981,38.52020401],[-104.6170391,38.5200968],[-104.6051388,38.52031122],[-104.590987,38.51998958],[-104.5326645,38.51988237],[-104.5005013,38.51988237],[-104.4800241,38.52031122],[-104.440249,38.52041843],[-104.4228809,38.52031122],[-104.4131248,38.52041843],[-104.4107661,38.52063285],[-104.4002595,38.52063285],[-104.3960783,38.52074006],[-104.3818193,38.52074006],[-104.3754939,38.52063285],[-104.354159,38.52084727],[-104.2985167,38.52095448],[-104.2515585,38.52127611],[-104.1935577,38.52181216],[-104.1652541,38.52224101],[-104.152496,38.52191937],[-104.1501374,38.52170495],[-104.1288025,38.52181216],[-104.1242997,38.52170495],[-104.0902067,38.52202658],[-104.0834525,38.52245543],[-104.0539696,38.52234822],[-104.054184,38.52535011],[-104.0542912,38.53789374],[-104.054184,38.552796],[-104.0542912,38.57359484],[-104.0540768,38.58013468],[-104.054184,38.59257109],[-104.0543984,38.59525136],[-104.0540768,38.62494867],[-104.0540768,38.63867161],[-104.0537552,38.65293061],[-104.0533263,38.67984044],[-104.0532191,38.68166302],[-104.0530047,38.69431386],[-104.0519326,38.69431386],[-104.0532191,38.73108706],[-104.0533263,38.73837738],[-104.0539696,38.75992669],[-104.0542912,38.7764371],[-104.054184,38.77879574],[-104.0545056,38.78276252],[-104.0551489,38.83979851],[-104.0555777,38.86885256],[-104.0543984,38.90959255],[-104.0540768,38.91784776],[-104.0531119,38.95601469],[-104.0533263,39.00072147],[-104.0534335,39.04382009],[-104.052147,39.10042724],[-104.0520398,39.11415018],[-104.051611,39.12840918],[-104.0777703,39.12840918],[-104.0885986,39.12830197],[-104.1059667,39.12851639],[-104.1249429,39.12883802],[-104.125479,39.1286236],[-104.1609657,39.12873081],[-104.1741526,39.12840918],[-104.1809068,39.12873081],[-104.2018129,39.1286236],[-104.2196098,39.12873081],[-104.2362274,39.1286236],[-104.2411591,39.12883802],[-104.2465197,39.12873081],[-104.2642094,39.1286236],[-104.2919769,39.12873081],[-104.3107387,39.12905244],[-104.3479408,39.12883802],[-104.4506484,39.12937407],[-104.4611551,39.1295885],[-104.4645858,39.12969571],[-104.4839909,39.12969571],[-104.4999653,39.12948129],[-104.5866986,39.12937407],[-104.613394,39.12948129],[-104.6218636,39.12980292],[-104.6243295,39.12948129],[-104.6629252,39.12948129],[-104.6650694,39.1295885],[-104.6719309,39.12948129],[-104.7423682,39.12969571],[-104.8043359,39.12969571],[-104.8471129,39.12991013],[-104.8638377,39.12980292],[-104.8785256,39.12980292],[-104.8804553,39.12991013],[-104.9030768,39.12980292],[-105.0005311,39.12991013],[-105.0335519,39.12980292],[-105.0331231,39.12497844],[-105.0328015,39.12304866],[-105.0329087,39.11908187],[-105.032587,39.11372134],[-105.032587,39.11007618],[-105.0318366,39.10428682],[-105.0317294,39.10171377],[-105.0311933,39.09785419],[-105.0314077,39.09195761],[-105.03055,39.08638266],[-105.0304428,39.08284472],[-105.03055,39.08037888],[-105.0302284,39.07802024],[-105.030014,39.0744823],[-105.0295852,39.07094435],[-105.0292635,39.06451172],[-105.0287275,39.06075935],[-105.028513,39.05550604],[-105.0280842,39.05089599],[-105.0280842,39.04650036],[-105.0277626,39.04403452],[-105.0276554,39.04049657],[-105.0272265,39.03652978],[-105.0272265,39.03299183],[-105.0269049,39.02988273],[-105.0273337,39.02312847],[-105.0276554,39.02066263],[-105.027977,39.01315789],[-105.028513,39.00972716],[-105.0286203,39.00769016],[-105.0291563,39.00554595],[-105.0289419,39.004045],[-105.0297996,38.99943495],[-105.0272265,38.98528316],[-105.0277626,38.94572249],[-105.0274409,38.93896822],[-105.0271193,38.93618075],[-105.0278698,38.93285723],[-105.027977,38.93006975],[-105.0287275,38.87603566],[-105.0287275,38.87153282],[-105.0289419,38.86895977],[-105.06668,38.86949582],[-105.0675377,38.86531461],[-105.0675377,38.86263435],[-105.0681809,38.86016851],[-105.0683954,38.85116282],[-105.0716117,38.81942852],[-105.0723621,38.8110661],[-105.0725766,38.80838583],[-105.0721477,38.79938015],[-105.0531715,38.79916573],[-105.0306573,38.79712873],[-105.0153262,38.79691431],[-105.0110377,38.79702152],[-105.0053556,38.79734315],[-105.0005311,38.79745036],[-104.9857361,38.79766478],[-104.9389923,38.79691431],[-104.9389923,38.79230426],[-104.9392067,38.78179763],[-104.9393139,38.75713921],[-104.9394211,38.74995611],[-104.9389923,38.71050265],[-104.9395283,38.70364117],[-104.9397428,38.69613644],[-104.9422086,38.69624365],[-104.942423,38.64992871]]]},"properties":{"name":"ElPaso=ELP","type":"county"}},
{"type":"Feature","geometry":{"type":"Polygon","coordinates":[[[-104.9415653,38.51956074],[-104.9417798,38.55429695],[-104.9419942,38.5599791],[-104.941887,38.56308821],[-104.9421014,38.5814212],[-104.9425302,38.62494867],[-104.942423,38.64992871],[-104.9949562,38.65089361],[-105.0005311,38.65121524],[-105.0356962,38.65142966],[-105.0539219,38.65314503],[-105.0575671,38.65164408],[-105.0668944,38.64971429],[-105.0715045,38.64853498],[-105.0929466,38.6477845],[-105.109457,38.64757008],[-105.1255386,38.64789171],[-105.240361,38.64757008],[-105.2404682,38.65957766],[-105.2399322,38.67705297],[-105.2377879,38.69688691],[-105.242398,38.69699412],[-105.250546,38.69645807],[-105.313693,38.69699412],[-105.3291313,38.69720854],[-105.3755534,38.69753018],[-105.4483494,38.69753018],[-105.4982023,38.69710133],[-105.5005609,38.69667249],[-105.5104243,38.69645807],[-105.5144983,38.69656528],[-105.5315447,38.69592202],[-105.5804327,38.69592202],[-105.6135608,38.69538596],[-105.6161338,38.69538596],[-105.6673804,38.69484991],[-105.7268823,38.69452828],[-105.7460729,38.69463549],[-105.7505758,38.6947427],[-105.7595815,38.69463549],[-105.81383,38.69452828],[-105.8508176,38.69388502],[-105.8595016,38.69399223],[-105.8755832,38.69431386],[-105.881587,38.69409944],[-105.8888773,38.69517154],[-105.8984191,38.69377781],[-105.9445196,38.69313454],[-105.969714,38.69356339],[-105.9647824,38.69238407],[-105.9624237,38.69120476],[-105.9588858,38.6916336],[-105.957492,38.69056149],[-105.954919,38.69013265],[-105.9526676,38.69034707],[-105.9509522,38.69088312],[-105.9483792,38.69099033],[-105.9474143,38.69045428],[-105.94527,38.69023986],[-105.9453773,38.68809565],[-105.9441979,38.6855226],[-105.9443052,38.68487934],[-105.9422682,38.68402165],[-105.9394807,38.68370002],[-105.9366932,38.68262792],[-105.9322976,38.68187744],[-105.9307966,38.68080534],[-105.9261866,38.67994765],[-105.9259722,38.67887555],[-105.9245784,38.67748181],[-105.9226486,38.67705297],[-105.922327,38.67512318],[-105.9237207,38.67415829],[-105.9250073,38.67255013],[-105.9242568,38.67179965],[-105.9241496,38.67040592],[-105.9257577,38.66933381],[-105.9254361,38.66633192],[-105.922327,38.66536702],[-105.9201828,38.66429492],[-105.9197539,38.66279397],[-105.9209333,38.65979208],[-105.9197539,38.65947045],[-105.9171809,38.65957766],[-105.9140718,38.65603971],[-105.9134285,38.65571808],[-105.9128925,38.65378829],[-105.9091401,38.65368108],[-105.9079608,38.65271619],[-105.9079608,38.65089361],[-105.9094617,38.64917824],[-105.9109627,38.64832055],[-105.9111771,38.64703403],[-105.9132141,38.64553308],[-105.9112843,38.64317445],[-105.9105338,38.6416735],[-105.9111771,38.63920766],[-105.9135357,38.63802835],[-105.9155727,38.63566972],[-105.9172881,38.6344904],[-105.9177169,38.63320387],[-105.9156799,38.63009477],[-105.9139646,38.62923709],[-105.9119276,38.62912988],[-105.9096762,38.62741451],[-105.9081752,38.62687845],[-105.9066743,38.62709288],[-105.9049589,38.62612798],[-105.9043156,38.62484146],[-105.9035652,38.62462703],[-105.9026003,38.6252703],[-105.9005633,38.62473424],[-105.89992,38.62355493],[-105.8997056,38.62194677],[-105.8963821,38.62269725],[-105.8943451,38.62376935],[-105.8924153,38.62280446],[-105.8906999,38.62259003],[-105.887162,38.62130351],[-105.8859826,38.62066025],[-105.8849105,38.61873046],[-105.885661,38.61755114],[-105.8857682,38.61551414],[-105.8841601,38.61283388],[-105.8833024,38.61229783],[-105.8812654,38.60929593],[-105.8792284,38.60725893],[-105.8785851,38.60522193],[-105.8780491,38.60061188],[-105.8789067,38.59825325],[-105.8798716,38.59696672],[-105.8806221,38.59482251],[-105.8821231,38.59310715],[-105.8838384,38.59224946],[-105.8853394,38.59010525],[-105.8872692,38.58871152],[-105.8888773,38.58806825],[-105.8898422,38.58710336],[-105.8911287,38.58399425],[-105.8904855,38.58195725],[-105.8909143,38.57906257],[-105.8904855,38.5773472],[-105.8913432,38.57488136],[-105.8925225,38.5732732],[-105.8884485,38.57198668],[-105.8880196,38.5712362],[-105.8855538,38.56973526],[-105.8858754,38.56823431],[-105.8848033,38.56684057],[-105.8841601,38.56555405],[-105.8845889,38.56469636],[-105.8845889,38.56223052],[-105.8854466,38.56126563],[-105.8905927,38.56105121],[-105.8913432,38.56062236],[-105.893273,38.55869258],[-105.8933802,38.55804931],[-105.8926297,38.55644116],[-105.8922008,38.55461858],[-105.8924153,38.55215274],[-105.8934874,38.55097342],[-105.8947739,38.55065179],[-105.8971325,38.550759],[-105.9002416,38.54947247],[-105.903458,38.54850758],[-105.9037796,38.54797153],[-105.9036724,38.54539847],[-105.9033507,38.54303984],[-105.903458,38.54132447],[-105.9038868,38.53939469],[-105.9050661,38.53671442],[-105.9046373,38.53414137],[-105.9057094,38.53231879],[-105.9038868,38.53146111],[-105.903458,38.52856642],[-105.9044228,38.52760153],[-105.9044228,38.52610058],[-105.9056022,38.5252429],[-105.9073175,38.52309869],[-105.9083896,38.52245543],[-105.9082824,38.52095448],[-105.9087113,38.51688048],[-105.9078536,38.51484348],[-105.9057094,38.51291369],[-105.9050661,38.51162717],[-105.9059238,38.50959017],[-105.906031,38.50755317],[-105.9068887,38.50626664],[-105.9087113,38.50562338],[-105.9380869,38.50347917],[-105.9522387,38.49243649],[-106.0005907,38.45459118],[-106.0107757,38.44655039],[-106.0122766,38.44537108],[-106.0127055,38.44408455],[-106.012491,38.44247639],[-106.0128127,38.44076102],[-106.0122766,38.43893845],[-106.0109901,38.43722308],[-106.0086315,38.43550771],[-106.007881,38.43368513],[-106.0064872,38.43250582],[-106.0015556,38.43111208],[-106.0010195,38.42993276],[-106.000269,38.42703808],[-106.0008051,38.42585876],[-105.9998402,38.42360734],[-105.9978032,38.42199919],[-105.9967311,38.42028382],[-105.9939436,38.41942613],[-105.9920138,38.41953334],[-105.9886903,38.41921171],[-105.9872966,38.41878287],[-105.9850451,38.41942613],[-105.983973,38.41996219],[-105.9835442,38.41942613],[-105.9804351,38.41728192],[-105.9800062,38.41545935],[-105.9792558,38.41417282],[-105.9768971,38.4129935],[-105.9759322,38.41181419],[-105.9746457,38.41106372],[-105.9733592,38.40945556],[-105.9702501,38.40999161],[-105.9678915,38.40881229],[-105.9667121,38.40752577],[-105.9646751,38.40623924],[-105.9633886,38.4047383],[-105.9607084,38.40313014],[-105.9598507,38.40130756],[-105.9599579,38.39798403],[-105.959529,38.39712635],[-105.9571704,38.39519656],[-105.9556695,38.39444609],[-105.9523459,38.39380282],[-105.9506306,38.39369561],[-105.9499873,38.39230188],[-105.9476287,38.3904793],[-105.9470926,38.38554762],[-105.9463422,38.38372504],[-105.9454845,38.38276014],[-105.9446268,38.37868614],[-105.9436619,38.37804288],[-105.9404456,38.37697078],[-105.9395879,38.37600588],[-105.9385158,38.37407609],[-105.9375509,38.37354004],[-105.9357283,38.37321841],[-105.9326192,38.37043094],[-105.9313327,38.36978767],[-105.9270443,38.36871557],[-105.9246856,38.36871557],[-105.9240424,38.36796509],[-105.9218982,38.36753625],[-105.9207188,38.36764346],[-105.9198612,38.36710741],[-105.9183602,38.36389109],[-105.9169665,38.3629262],[-105.9124636,38.36153246],[-105.9108555,38.35928104],[-105.9102122,38.35638636],[-105.9084968,38.35445657],[-105.9063526,38.35327725],[-105.9026003,38.35241957],[-105.8998128,38.3507042],[-105.8976686,38.35006094],[-105.8954172,38.34738068],[-105.8934874,38.34630857],[-105.8925225,38.34330668],[-105.8908071,38.34137689],[-105.8896278,38.3414841],[-105.8887701,38.34084084],[-105.8883413,38.33783894],[-105.8888773,38.33730289],[-105.8887701,38.33440821],[-105.8869475,38.33258563],[-105.8870547,38.33172794],[-105.8858754,38.33065584],[-105.885125,38.32894047],[-105.8822303,38.32743952],[-105.8813726,38.32486647],[-105.8800861,38.32325831],[-105.8799789,38.32186458],[-105.8793356,38.32057805],[-105.8776202,38.31907711],[-105.8767625,38.31875547],[-105.8768697,38.31714732],[-105.8763337,38.315968],[-105.8738679,38.31511032],[-105.8719381,38.31125074],[-105.8720453,38.3108219],[-105.8701155,38.30942816],[-105.8686145,38.30867769],[-105.8685073,38.30782],[-105.866792,38.30567579],[-105.8649694,38.30460369],[-105.8616459,38.30342437],[-105.8607882,38.30245948],[-105.8596089,38.30031527],[-105.8583223,38.29838548],[-105.8532834,38.29645569],[-105.8501743,38.29441869],[-105.8494239,38.29238169],[-105.8482445,38.29130959],[-105.8462075,38.29023748],[-105.8454571,38.29120237],[-105.8434201,38.29238169],[-105.8427768,38.29323937],[-105.840847,38.2924889],[-105.8372019,38.2884149],[-105.8363442,38.28787885],[-105.8328062,38.28669953],[-105.8317341,38.28616348],[-105.8307692,38.28509138],[-105.8285178,38.28155343],[-105.8281962,38.28048132],[-105.8271241,38.27855154],[-105.8242294,38.27747943],[-105.8214419,38.27608569],[-105.8202626,38.27447754],[-105.8189761,38.27361985],[-105.817904,38.27394148],[-105.8145804,38.27265496],[-105.8122218,38.27233333],[-105.8108281,38.27254775],[-105.8084694,38.27179727],[-105.8066469,38.27093959],[-105.8039666,38.27093959],[-105.8033233,38.27040354],[-105.7999998,38.2699747],[-105.7976412,38.26675838],[-105.7968907,38.26632954],[-105.7968907,38.26504301],[-105.7655852,38.26504301],[-105.762905,38.2649358],[-105.7505758,38.26504301],[-105.7372817,38.26482859],[-105.7210929,38.26504301],[-105.6843197,38.26504301],[-105.6824971,38.26482859],[-105.6657723,38.26482859],[-105.6601973,38.2649358],[-105.6561233,38.26504301],[-105.6520493,38.2649358],[-105.6405778,38.26515022],[-105.6249251,38.26482859],[-105.5919042,38.2649358],[-105.5562031,38.26407812],[-105.5476263,38.26429254],[-105.5370125,38.26332764],[-105.505707,38.26279159],[-105.5005609,38.26279159],[-105.499596,38.26246996],[-105.4929489,38.26246996],[-105.4672184,38.26204112],[-105.4642165,38.2618267],[-105.4273361,38.26096901],[-105.3918494,38.2597897],[-105.3411389,38.25893201],[-105.3289169,38.25893201],[-105.3038296,38.25818154],[-105.2984691,38.25839596],[-105.291822,38.25839596],[-105.2628752,38.25903922],[-105.2453999,38.25893201],[-105.1255386,38.25753828],[-105.1232871,38.25764549],[-105.0754712,38.25785991],[-105.0745064,38.25807433],[-105.0492047,38.25796712],[-105.0005311,38.25796712],[-104.9943129,38.25807433],[-104.940386,38.25828875],[-104.9409221,38.3721463],[-104.9410293,38.37793567],[-104.9409221,38.43293466],[-104.9409221,38.45823634],[-104.9410293,38.45898681],[-104.9413509,38.47592607],[-104.9413509,38.50004843],[-104.9414581,38.50315754],[-104.9415653,38.51956074]]]},"properties":{"name":"Fremont=FRE","type":"county"}},
{"type":"Feature","geometry":{"type":"Polygon","coordinates":[[[-109.0511583,39.6604949],[-109.0513727,39.50000078],[-109.0507294,39.36663091],[-108.9811498,39.36630928],[-108.9737523,39.36663091],[-108.9252931,39.3665237],[-108.9080323,39.36673812],[-108.9052448,39.3665237],[-108.8756547,39.3665237],[-108.8750114,39.36630928],[-108.8658985,39.36620207],[-108.7506472,39.3665237],[-108.7474309,39.36663091],[-108.7381036,39.36663091],[-108.7367099,39.36641649],[-108.570212,39.3665237],[-108.5006323,39.36598765],[-108.4917339,39.36609486],[-108.4854085,39.36598765],[-108.4660034,39.36598765],[-108.4285869,39.36609486],[-108.4096106,39.36598765],[-108.4082169,39.36641649],[-108.4023203,39.36630928],[-108.3920281,39.3665237],[-108.382808,39.36641649],[-108.3756249,39.36663091],[-108.3676913,39.36609486],[-108.2662702,39.36630928],[-108.2583366,39.36620207],[-108.2506175,39.36630928],[-108.2487949,39.36663091],[-108.2179183,39.36620207],[-108.2022655,39.36620207],[-108.1702096,39.36630928],[-108.0958055,39.36609486],[-108.0068208,39.36620207],[-108.0006026,39.36630928],[-107.9883806,39.36609486],[-107.9540732,39.36620207],[-107.884172,39.36620207],[-107.8755951,39.36630928],[-107.7505877,39.36620207],[-107.7133856,39.36609486],[-107.6255802,39.36641649],[-107.6072472,39.36620207],[-107.5595386,39.36609486],[-107.5507473,39.36609486],[-107.5005728,39.36609486],[-107.4916743,39.36630928],[-107.4309932,39.36620207],[-107.3755653,39.36598765],[-107.3557314,39.36609486],[-107.3189582,39.36588044],[-107.3072723,39.36609486],[-107.2505579,39.36620207],[-107.2488425,39.36598765],[-107.2026348,39.36598765],[-107.1244784,39.36609486],[-107.1134357,39.36609486],[-107.1135429,39.37499333],[-107.1135429,39.39161096],[-107.1136501,39.39193259],[-107.1135429,39.43245816],[-107.1136501,39.46387084],[-107.1135429,39.49013741],[-107.1136501,39.49978636],[-107.1139717,39.50857762],[-107.1136501,39.59134413],[-107.1138645,39.62500822],[-107.1136501,39.62500822],[-107.1135429,39.64055375],[-107.1134357,39.69716089],[-107.1135429,39.73125383],[-107.1135429,39.8667679],[-107.1136501,39.88006201],[-107.1135429,39.900432],[-107.1136501,39.91908663],[-107.0460003,39.91887221],[-107.0339927,39.91887221],[-107.0321701,39.93967104],[-107.032599,39.9636862],[-107.0317413,39.9636862],[-107.0320629,40.00292524],[-107.0373162,40.00303245],[-107.037209,40.05363581],[-107.0373162,40.09158832],[-107.1018569,40.09148111],[-107.1256577,40.09105227],[-107.2188236,40.09083785],[-107.3170284,40.09073064],[-107.3171356,40.00378292],[-107.3192798,40.00378292],[-107.3192798,40.00003056],[-107.3187438,39.91501263],[-107.4316364,39.91769289],[-107.4316364,39.87502311],[-107.4317436,39.85465312],[-107.4317436,39.82838654],[-107.4765576,39.82827933],[-107.5005728,39.82827933],[-107.5447435,39.82806491],[-107.609177,39.82935144],[-107.6255802,39.82956586],[-107.6639616,39.82978028],[-107.6911931,39.8299947],[-107.694195,39.83010191],[-107.7278591,39.82827933],[-107.7505877,39.82710002],[-107.7872537,39.82506302],[-107.8716283,39.8248486],[-107.8755951,39.82495581],[-107.9385277,39.82495581],[-107.9386349,39.75001567],[-107.9385277,39.73211151],[-107.9387421,39.70530889],[-107.9385277,39.70166373],[-107.9385277,39.69448063],[-107.9447459,39.69426621],[-107.9690827,39.69437342],[-107.9840922,39.69426621],[-108.0006026,39.69437342],[-108.0029612,39.69490947],[-108.0133606,39.6952311],[-108.0326585,39.69458784],[-108.0512059,39.6952311],[-108.0603188,39.69533831],[-108.0687884,39.69512389],[-108.1263605,39.69512389],[-108.1263605,39.6952311],[-108.1642058,39.69512389],[-108.1699952,39.69512389],[-108.2179183,39.69512389],[-108.2179183,39.69383736],[-108.2549059,39.69405179],[-108.27281,39.69437342],[-108.2925368,39.69426621],[-108.3112986,39.69469505],[-108.3282379,39.69437342],[-108.3506449,39.694159],[-108.3870964,39.69426621],[-108.4950574,39.69394458],[-108.51725,39.694159],[-108.5547737,39.69362294],[-108.5546664,39.65020269],[-108.6015174,39.64988106],[-108.6160981,39.64998827],[-108.6460098,39.64977385],[-108.6813893,39.64966664],[-108.715375,39.64977385],[-108.7302772,39.64998827],[-108.7361738,39.64988106],[-108.7506472,39.65009548],[-108.7806662,39.65009548],[-108.7869916,39.65009548],[-108.8195836,39.65020269],[-108.8519612,39.6503099],[-108.8582866,39.65106037],[-108.8757619,39.65020269],[-108.8860541,39.65052432],[-108.8886272,39.6503099],[-108.895703,39.6503099],[-108.895703,39.6604949],[-108.9928358,39.66028048],[-109.0511583,39.6604949]]]},"properties":{"name":"Garfield=GAR","type":"county"}},
{"type":"Feature","geometry":{"type":"Polygon","coordinates":[[[-105.6903235,39.85197285],[-105.6888225,39.8514368],[-105.6864639,39.84918538],[-105.6830332,39.8483277],[-105.681425,39.84747001],[-105.6787447,39.84725559],[-105.677351,39.84747001],[-105.6766005,39.84897096],[-105.675314,39.84972143],[-105.6717761,39.84800607],[-105.6673804,39.84757722],[-105.6633064,39.85004307],[-105.660519,39.85057912],[-105.6546224,39.84918538],[-105.6517277,39.84822049],[-105.6500123,39.84671954],[-105.6479753,39.8462907],[-105.6439013,39.84650512],[-105.6412211,39.84521859],[-105.6389696,39.84478975],[-105.6361822,39.84457533],[-105.6336091,39.84371765],[-105.6330731,39.84339601],[-105.632537,39.84157344],[-105.6311433,39.83932202],[-105.6314649,39.83771386],[-105.6302856,39.83653454],[-105.6281414,39.83342544],[-105.6276053,39.83213891],[-105.6251395,39.8309596],[-105.6229953,39.82913702],[-105.6212799,39.8289226],[-105.6176348,39.82613512],[-105.6163482,39.82549186],[-105.6152761,39.82420533],[-105.613668,39.82270439],[-105.6115238,39.82474139],[-105.6077714,39.82302602],[-105.606056,39.8228116],[-105.6026253,39.82045297],[-105.6029469,39.81959528],[-105.601982,39.81787991],[-105.5974792,39.81884481],[-105.5946917,39.82013134],[-105.5920114,39.82270439],[-105.5909393,39.82302602],[-105.5886879,39.82302602],[-105.5861149,39.82195391],[-105.5839707,39.8228116],[-105.5793606,39.82248997],[-105.5780741,39.82227555],[-105.5757154,39.82056018],[-105.5742145,39.81905923],[-105.5747506,39.81841597],[-105.5745361,39.81745107],[-105.5759299,39.81530686],[-105.5760371,39.81434197],[-105.5788246,39.81369871],[-105.5796822,39.81284102],[-105.5785029,39.81101844],[-105.5787173,39.80930307],[-105.5781813,39.80876702],[-105.5780741,39.80555071],[-105.577538,39.80501465],[-105.5752866,39.80415697],[-105.5719631,39.8024416],[-105.5713198,39.80126229],[-105.5663881,39.80029739],[-105.5641367,39.8004046],[-105.562743,39.79772434],[-105.5615637,39.79590176],[-105.5603843,39.79482966],[-105.5583473,39.79536571],[-105.5552382,39.7942936],[-105.5543806,39.79204218],[-105.5527724,39.79097008],[-105.5511642,39.79021961],[-105.5503066,39.78936192],[-105.5491272,39.78893308],[-105.5460181,39.78700329],[-105.5488056,39.78464466],[-105.5485912,39.78282208],[-105.5478407,39.78110671],[-105.5446244,39.77799761],[-105.5443028,39.7769255],[-105.54441,39.77542456],[-105.5450532,39.77360198],[-105.5413009,39.7738164],[-105.5386206,39.77167219],[-105.5339034,39.77017124],[-105.5311159,39.7697424],[-105.5302582,39.76909914],[-105.5278996,39.76909914],[-105.5255409,39.76867029],[-105.5229679,39.76727656],[-105.5217886,39.76695493],[-105.5212525,39.76609724],[-105.5200732,39.76599003],[-105.518465,39.76513235],[-105.5165353,39.76502514],[-105.5122468,39.76599003],[-105.5102098,39.76577561],[-105.5083873,39.76448909],[-105.5078512,39.76352419],[-105.5069935,39.76341698],[-105.504206,39.76373861],[-105.5025979,39.76309535],[-105.4942355,39.76384582],[-105.4939138,39.76266651],[-105.4959508,39.76137998],[-105.4967013,39.75966461],[-105.4954148,39.75762761],[-105.4929489,39.75687714],[-105.4906975,39.75719877],[-105.4895182,39.75816367],[-105.4864091,39.75837809],[-105.4840505,39.75923577],[-105.4807269,39.75891414],[-105.4789044,39.75912856],[-105.4775106,39.75859251],[-105.4723645,39.7575204],[-105.4718285,39.75709156],[-105.4697915,39.75655551],[-105.4657175,39.75634109],[-105.4626084,39.75698435],[-105.4613218,39.75559061],[-105.4546748,39.75580503],[-105.4513513,39.75408967],[-105.4502792,39.75291035],[-105.4480277,39.75323198],[-105.4464196,39.75387525],[-105.4427744,39.75494735],[-105.4410591,39.75559061],[-105.4397725,39.7554834],[-105.43795,39.75580503],[-105.4337687,39.75516177],[-105.4325894,39.75526898],[-105.429802,39.75462572],[-105.4273361,39.75580503],[-105.4251919,39.75559061],[-105.4219756,39.75505456],[-105.4225116,39.75333919],[-105.42219,39.75215988],[-105.4224044,39.75087335],[-105.4235837,39.74990846],[-105.4232621,39.74819309],[-105.421654,39.74594167],[-105.4209035,39.74594167],[-105.4182232,39.74722819],[-105.4150069,39.74947961],[-105.4132915,39.74980125],[-105.4096464,39.74990846],[-105.4081454,39.75108777],[-105.405894,39.75130219],[-105.4032138,39.75023009],[-105.4021416,39.74894356],[-105.3991398,39.74744262],[-105.3979604,39.74712098],[-105.3979604,39.75076614],[-105.3982821,39.76127277],[-105.3979604,39.76180882],[-105.3979604,39.81026797],[-105.39721,39.81487802],[-105.3980676,39.81605734],[-105.3979604,39.84050133],[-105.3980676,39.84093017],[-105.3974244,39.85368822],[-105.3979604,39.86033527],[-105.3975316,39.86633906],[-105.3978532,39.8667679],[-105.3980676,39.87223564],[-105.3979604,39.88113411],[-105.3976388,39.88317111],[-105.3979604,39.8973229],[-105.397746,39.90407716],[-105.3978532,39.91286842],[-105.3978532,39.91704963],[-105.3980676,39.92509042],[-105.3981749,39.92959326],[-105.3979604,39.93484657],[-105.4008551,39.93506099],[-105.4020344,39.93441773],[-105.4046075,39.93238073],[-105.4060012,39.93173747],[-105.4080382,39.93184468],[-105.4113617,39.93259515],[-105.4126483,39.93356005],[-105.4131843,39.93452494],[-105.4143636,39.93420331],[-105.4150069,39.93323841],[-105.4150069,39.93216631],[-105.4164006,39.93098699],[-105.4173655,39.93066536],[-105.4186521,39.92873557],[-105.4189737,39.92873557],[-105.4210107,39.9310942],[-105.4220828,39.93163026],[-105.4239054,39.93163026],[-105.425728,39.9310942],[-105.4288371,39.93087978],[-105.4317317,39.9320591],[-105.4324822,39.93323841],[-105.4361274,39.93570426],[-105.43795,39.93656194],[-105.4383788,39.93752683],[-105.439987,39.93838452],[-105.4419167,39.93827731],[-105.4437393,39.93784847],[-105.4449186,39.9372052],[-105.4470628,39.93688357],[-105.4485638,39.93538262],[-105.450708,39.93452494],[-105.4539243,39.93398889],[-105.4551036,39.93248794],[-105.4573551,39.93216631],[-105.5005609,39.93238073],[-105.5182506,39.93238073],[-105.5590978,39.93227352],[-105.6256755,39.93238073],[-105.6287846,39.9320591],[-105.6530142,39.93227352],[-105.656445,39.93238073],[-105.6758501,39.93248794],[-105.6778871,39.93066536],[-105.6778871,39.9300221],[-105.6766005,39.92873557],[-105.6788519,39.92766347],[-105.6800313,39.92648415],[-105.6802457,39.92530484],[-105.6822827,39.9218741],[-105.6827115,39.92048036],[-105.6830332,39.91726405],[-105.6859278,39.91565589],[-105.6864639,39.91286842],[-105.6878576,39.9116891],[-105.6879648,39.90975931],[-105.6886081,39.90750789],[-105.6873216,39.90396995],[-105.6890369,39.90311226],[-105.6903235,39.90193295],[-105.6911812,39.89925269],[-105.6918244,39.898395],[-105.6910739,39.8973229],[-105.6939686,39.89625079],[-105.6979354,39.89399937],[-105.699758,39.89153353],[-105.699758,39.88949653],[-105.6990075,39.88788837],[-105.6993292,39.88563695],[-105.697721,39.88435043],[-105.6983643,39.88284948],[-105.6982571,39.88113411],[-105.7007229,39.87920432],[-105.6996508,39.87652406],[-105.6991147,39.87416543],[-105.6968633,39.87169959],[-105.6969705,39.87052027],[-105.697721,39.86794722],[-105.6969705,39.86548138],[-105.6962201,39.86462369],[-105.6965417,39.86355159],[-105.6961128,39.86151459],[-105.6935398,39.85819106],[-105.693647,39.85722617],[-105.6926821,39.85497475],[-105.6910739,39.85261612],[-105.6903235,39.85197285]]]},"properties":{"name":"Gilpin=GIL","type":"county"}},
{"type":"Feature","geometry":{"type":"Polygon","coordinates":[[[-105.8548916,40.48623018],[-105.857143,40.48322829],[-105.8585368,40.48258502],[-105.8605737,40.48204897],[-105.8625035,40.48022639],[-105.8656126,40.48140571],[-105.8691506,40.48097687],[-105.8711876,40.48001197],[-105.8722597,40.4782966],[-105.8740823,40.47840381],[-105.8791212,40.47711729],[-105.881587,40.47583076],[-105.8859826,40.47733171],[-105.8886629,40.47636681],[-105.891772,40.47668845],[-105.8924153,40.47529471],[-105.8922008,40.47411539],[-105.8943451,40.46950534],[-105.8959532,40.46961255],[-105.8972397,40.46918371],[-105.899384,40.46564576],[-105.8983118,40.46350155],[-105.8985263,40.46275108],[-105.8982046,40.46039245],[-105.8985263,40.45867708],[-105.8983118,40.45739056],[-105.8998128,40.45449587],[-105.8990623,40.45256608],[-105.8988479,40.45020745],[-105.8970253,40.44881372],[-105.8987407,40.44624066],[-105.8997056,40.44205945],[-105.8998128,40.44077293],[-105.901421,40.43787824],[-105.9021714,40.43562682],[-105.9018498,40.43476914],[-105.9032435,40.43273214],[-105.9033507,40.43166004],[-105.9027075,40.43037351],[-105.9004561,40.42812209],[-105.8985263,40.42683556],[-105.8985263,40.42426251],[-105.897883,40.42361925],[-105.8976686,40.42093899],[-105.8980974,40.4190092],[-105.8976686,40.41772267],[-105.8990623,40.41525683],[-105.9020642,40.4128982],[-105.9022786,40.41021794],[-105.9016354,40.40646557],[-105.9032435,40.40260599],[-105.9033507,40.40078341],[-105.9050661,40.39885362],[-105.906031,40.3996041],[-105.9091401,40.40078341],[-105.9108555,40.40046178],[-105.9136429,40.4016411],[-105.9166448,40.40185552],[-105.9192179,40.40131946],[-105.9205044,40.40174831],[-105.9221126,40.39810315],[-105.9235063,40.39649499],[-105.9241496,40.39488683],[-105.924364,40.39317147],[-105.9275803,40.39102726],[-105.9307966,40.39027678],[-105.9317615,40.38909747],[-105.9339057,40.3884542],[-105.935085,40.38770373],[-105.9363716,40.38620278],[-105.9404456,40.38448741],[-105.9425898,40.38491626],[-105.9438763,40.38459463],[-105.9465566,40.38502347],[-105.9459133,40.38148552],[-105.9471998,40.37805478],[-105.9466638,40.3771971],[-105.942697,40.37473126],[-105.9401239,40.37355194],[-105.9373365,40.37194379],[-105.9379797,40.36979958],[-105.9387302,40.36872747],[-105.9389446,40.36690489],[-105.9387302,40.36604721],[-105.9402312,40.36583279],[-105.9425898,40.36433184],[-105.9446268,40.36401021],[-105.9497729,40.3629381],[-105.9511666,40.36175879],[-105.9543829,40.36025784],[-105.954919,40.35822084],[-105.9548118,40.35693432],[-105.955455,40.35479011],[-105.9573848,40.35296753],[-105.9575993,40.351681],[-105.9583497,40.35125216],[-105.9597435,40.34942958],[-105.9596363,40.34814305],[-105.9624237,40.34803584],[-105.9661761,40.34953679],[-105.9693924,40.34953679],[-105.9706789,40.35018005],[-105.9722871,40.35157379],[-105.9731448,40.3546829],[-105.9759322,40.35822084],[-105.9783981,40.35800642],[-105.979363,40.35886411],[-105.9812928,40.35961458],[-105.9827937,40.36197321],[-105.9838658,40.36315253],[-105.9866533,40.36454626],[-105.9891191,40.36454626],[-105.9898696,40.36422463],[-105.9922282,40.36422463],[-105.9943725,40.36454626],[-105.9966239,40.36379579],[-105.9983392,40.36250926],[-106.0048791,40.36250926],[-106.0059512,40.36218763],[-106.0077738,40.36250926],[-106.0108829,40.361866],[-106.0110973,40.363903],[-106.012491,40.36551116],[-106.0130271,40.367977],[-106.0121694,40.36883468],[-106.0116333,40.37022842],[-106.0133487,40.3710861],[-106.0134559,40.37215821],[-106.014528,40.37290868],[-106.016565,40.37280147],[-106.018602,40.37333752],[-106.0208534,40.37258705],[-106.0246058,40.37172937],[-106.0259996,40.37087168],[-106.0273933,40.37087168],[-106.0280366,40.36979958],[-106.0298591,40.36840584],[-106.0311457,40.36829863],[-106.0336115,40.36883468],[-106.0360773,40.3690491],[-106.0397225,40.36669047],[-106.0409018,40.36476068],[-106.0416523,40.36454626],[-106.0433677,40.3629381],[-106.0470128,40.361866],[-106.0505508,40.35950737],[-106.0518373,40.35929295],[-106.0528022,40.35854247],[-106.0545175,40.35768479],[-106.0560185,40.35768479],[-106.0579483,40.35704153],[-106.0611646,40.35747037],[-106.0632016,40.35725595],[-106.0643809,40.35661268],[-106.0657746,40.35436126],[-106.0699559,40.3526459],[-106.0716712,40.35232426],[-106.0764957,40.34996563],[-106.077675,40.34975121],[-106.0814274,40.34835748],[-106.0828211,40.34814305],[-106.0857158,40.34717816],[-106.0874312,40.35039448],[-106.089361,40.35007284],[-106.0915052,40.35007284],[-106.0949359,40.35114495],[-106.0977234,40.35286032],[-106.0994387,40.35446847],[-106.101583,40.35382521],[-106.1050137,40.35018005],[-106.1148771,40.34632048],[-106.1166996,40.34589163],[-106.120452,40.34374742],[-106.1212025,40.34256811],[-106.1255981,40.339459],[-106.1272063,40.33892295],[-106.1278495,40.33806527],[-106.1293505,40.33720758],[-106.1313875,40.33667153],[-106.1332101,40.33656432],[-106.134711,40.33549222],[-106.1363192,40.3302389],[-106.1414653,40.33002448],[-106.1437167,40.33045332],[-106.1450032,40.33109659],[-106.1467186,40.33141822],[-106.1475763,40.33206148],[-106.1493988,40.33195427],[-106.1512214,40.33377685],[-106.1516503,40.33484895],[-106.1534728,40.33602827],[-106.1563675,40.33710037],[-106.157654,40.33903016],[-106.159691,40.34053111],[-106.1606559,40.34053111],[-106.1620497,40.34256811],[-106.1643011,40.34331858],[-106.1688039,40.343533],[-106.1705193,40.34396185],[-106.1723419,40.34342579],[-106.1747005,40.34321137],[-106.1757726,40.341496],[-106.1773808,40.34053111],[-106.1792034,40.33827969],[-106.1801683,40.33602827],[-106.1798466,40.33399127],[-106.1810259,40.33345522],[-106.1828485,40.33184706],[-106.1837062,40.33152543],[-106.1889595,40.32766585],[-106.1891739,40.32648653],[-106.1927119,40.32584327],[-106.1949633,40.32648653],[-106.1968931,40.32562885],[-106.1991445,40.3271298],[-106.2017176,40.32648653],[-106.2033257,40.3271298],[-106.2062204,40.32788027],[-106.2114737,40.32766585],[-106.2125458,40.32809469],[-106.2143684,40.32798748],[-106.2170487,40.32905959],[-106.2186568,40.32884516],[-106.2210155,40.32755864],[-106.2217659,40.32584327],[-106.2256255,40.32520001],[-106.2300211,40.32337743],[-106.2308788,40.32348464],[-106.2307716,40.32444953],[-106.2362393,40.32573606],[-106.2390268,40.32798748],[-106.2393485,40.32884516],[-106.2389196,40.32981006],[-106.241171,40.33163264],[-106.242672,40.33366964],[-106.2434225,40.33570664],[-106.2448162,40.33731479],[-106.2466388,40.33827969],[-106.247282,40.33913737],[-106.2512488,40.34074553],[-106.2509272,40.34181764],[-106.2516777,40.34364021],[-106.2526426,40.34471232],[-106.2526426,40.34599884],[-106.2536074,40.34664211],[-106.2532858,40.34846469],[-106.2536074,40.35028726],[-106.2555372,40.35093053],[-106.2568238,40.35243147],[-106.2576814,40.35521895],[-106.258968,40.35693432],[-106.2603617,40.35822084],[-106.2614338,40.35811363],[-106.2632564,40.35918574],[-106.265615,40.3609011],[-106.2692602,40.35929295],[-106.2695818,40.35757758],[-106.27119,40.35725595],[-106.2751568,40.35532616],[-106.2767649,40.35489732],[-106.2779442,40.353718],[-106.2791235,40.35382521],[-106.2806245,40.35500453],[-106.2820182,40.35500453],[-106.2842697,40.355755],[-106.2855562,40.35736316],[-106.2858778,40.35864968],[-106.2866283,40.35886411],[-106.2884509,40.35800642],[-106.2904879,40.35832805],[-106.2926321,40.35693432],[-106.2927393,40.35650547],[-106.2955268,40.35425405],[-106.2955268,40.35210984],[-106.2970277,40.35050169],[-106.2986359,40.34996563],[-106.2971349,40.34696374],[-106.2987431,40.34481953],[-106.2984214,40.34364021],[-106.2988503,40.34288974],[-106.2980998,40.3404239],[-106.2964916,40.33903016],[-106.294133,40.33827969],[-106.2939186,40.33763643],[-106.2955268,40.33645711],[-106.2964916,40.33527779],[-106.2959556,40.33313358],[-106.2983142,40.33238311],[-106.2996008,40.3302389],[-106.3007801,40.33045332],[-106.3028171,40.3302389],[-106.3052829,40.33088216],[-106.3050685,40.32959564],[-106.305819,40.32841632],[-106.3080704,40.32927401],[-106.3122516,40.33013169],[-106.3153607,40.33259753],[-106.3162184,40.33356243],[-106.3176121,40.33399127],[-106.3197563,40.33517058],[-106.3212573,40.33731479],[-106.3227582,40.33785085],[-106.3295125,40.33913737],[-106.3311206,40.33924458],[-106.3345514,40.33892295],[-106.3371244,40.33978064],[-106.3374461,40.34267532],[-106.3414128,40.34546279],[-106.3438787,40.3465349],[-106.3444147,40.34878632],[-106.3455941,40.35028726],[-106.3482743,40.351681],[-106.3504185,40.35307474],[-106.3514906,40.35586221],[-106.3536348,40.35704153],[-106.3537421,40.35757758],[-106.3600675,40.35832805],[-106.3636054,40.35757758],[-106.3642487,40.35650547],[-106.3662857,40.35596942],[-106.3682155,40.35639826],[-106.3700381,40.35747037],[-106.3725039,40.35704153],[-106.3749697,40.35543337],[-106.3774356,40.35511174],[-106.3797942,40.35403963],[-106.3811879,40.35275311],[-106.3831177,40.35286032],[-106.3852619,40.35232426],[-106.3859052,40.35178821],[-106.3856908,40.35082332],[-106.3864413,40.34953679],[-106.3881566,40.34835748],[-106.3890143,40.34610606],[-106.3908369,40.34567721],[-106.3942676,40.34599884],[-106.3958758,40.34696374],[-106.3970551,40.34685653],[-106.400057,40.34567721],[-106.4032733,40.34492674],[-106.4040238,40.34492674],[-106.4056319,40.34599884],[-106.4069185,40.34589163],[-106.4076689,40.34642769],[-106.4091699,40.34889353],[-106.4103492,40.35018005],[-106.4139944,40.35093053],[-106.4171035,40.35007284],[-106.4184972,40.35018005],[-106.4196765,40.35082332],[-106.4199981,40.35221705],[-106.4218207,40.35275311],[-106.4236433,40.35253869],[-106.4254659,40.35157379],[-106.4275029,40.35082332],[-106.4294327,40.35146658],[-106.4318985,40.35071611],[-106.4330778,40.34953679],[-106.4360797,40.35039448],[-106.4377951,40.35050169],[-106.4390816,40.35018005],[-106.4395105,40.34878632],[-106.440797,40.3485719],[-106.4432628,40.34642769],[-106.4443349,40.34771421],[-106.4458359,40.34814305],[-106.4481945,40.35028726],[-106.4495882,40.35071611],[-106.4522685,40.35210984],[-106.4521613,40.35296753],[-106.4536622,40.35693432],[-106.4553776,40.35789921],[-106.457629,40.35789921],[-106.4582723,40.35918574],[-106.4565569,40.36079389],[-106.4573074,40.36283089],[-106.4573074,40.3649751],[-106.4592372,40.36733373],[-106.4615958,40.36722652],[-106.4630968,40.36744095],[-106.4629896,40.36883468],[-106.4641689,40.37183658],[-106.4643833,40.37591057],[-106.4671708,40.3792341],[-106.4706015,40.37901968],[-106.4730673,40.37934131],[-106.4730673,40.37998457],[-106.4711376,40.38223599],[-106.4712448,40.38341531],[-106.4726385,40.38480905],[-106.4734962,40.38684605],[-106.4744611,40.38802536],[-106.4777846,40.38920468],[-106.4813226,40.3894191],[-106.4810009,40.39038399],[-106.4797144,40.39199215],[-106.4795,40.39360031],[-106.4799288,40.39477962],[-106.4795,40.39585173],[-106.4781062,40.3975671],[-106.4770341,40.39971131],[-106.4778918,40.40099783],[-106.4771413,40.40249878],[-106.4773558,40.40378531],[-106.4782134,40.40485741],[-106.4825019,40.40839536],[-106.4853966,40.41011072],[-106.4882912,40.41129004],[-106.4897922,40.41161167],[-106.4918292,40.41000351],[-106.4927941,40.40796651],[-106.4949383,40.40689441],[-106.495796,40.40357088],[-106.4987979,40.40357088],[-106.5009421,40.40260599],[-106.502443,40.40035457],[-106.5025502,40.39938967],[-106.5036223,40.39928246],[-106.5064098,40.39692383],[-106.5089829,40.39413636],[-106.5104838,40.39338589],[-106.5101622,40.38995515],[-106.5102694,40.38931189],[-106.5123064,40.38673884],[-106.514665,40.38834699],[-106.5157371,40.38834699],[-106.518203,40.39070562],[-106.5188462,40.39102726],[-106.52024,40.38974073],[-106.5204544,40.3884542],[-106.5214193,40.38823978],[-106.5218481,40.38748931],[-106.5234563,40.38706047],[-106.5252789,40.38577394],[-106.5267798,40.38405857],[-106.5267798,40.38223599],[-106.5271014,40.38116389],[-106.5264582,40.38052063],[-106.5275303,40.37751873],[-106.5267798,40.3771971],[-106.5276375,40.37494568],[-106.5287096,40.37376636],[-106.5295673,40.37183658],[-106.5296745,40.36915631],[-106.5312826,40.36658326],[-106.5341773,40.36583279],[-106.5349278,40.36508231],[-106.537072,40.36711931],[-106.5383585,40.36862026],[-106.5383585,40.36990679],[-106.5390018,40.37097889],[-106.5398595,40.37130052],[-106.5437191,40.372051],[-106.544684,40.37183658],[-106.5456489,40.37076447],[-106.5476859,40.37012121],[-106.5506877,40.37044284],[-106.5534752,40.36990679],[-106.5552978,40.372051],[-106.5557266,40.37344473],[-106.555405,40.37419521],[-106.5562627,40.37580336],[-106.5566915,40.37730431],[-106.5592646,40.37805478],[-106.5624809,40.37837642],[-106.5647323,40.37751873],[-106.5651612,40.37784036],[-106.5694496,40.37859084],[-106.5765255,40.37859084],[-106.5783481,40.37891247],[-106.5804923,40.37977015],[-106.5815644,40.38062784],[-106.5836014,40.38105668],[-106.5854239,40.38223599],[-106.5876754,40.38137831],[-106.5893907,40.38180715],[-106.5911061,40.38062784],[-106.5924998,40.38116389],[-106.5946441,40.38320089],[-106.5945368,40.38137831],[-106.5966811,40.38094947],[-106.5965738,40.37880526],[-106.5992541,40.37687547],[-106.6010767,40.37580336],[-106.6024704,40.376125],[-106.6027921,40.37773315],[-106.6037569,40.37837642],[-106.6081526,40.37977015],[-106.6094391,40.37826921],[-106.6123338,40.37934131],[-106.6117977,40.38105668],[-106.6116905,40.38320089],[-106.6120122,40.38513068],[-106.6120122,40.38684605],[-106.6140492,40.38984794],[-106.6176943,40.39317147],[-106.6182304,40.39531568],[-106.6180159,40.39896083],[-106.6195169,40.40528625],[-106.6210178,40.40796651],[-106.6239125,40.4108612],[-106.625199,40.41504241],[-106.6271288,40.41729383],[-106.6284154,40.41761546],[-106.6291658,40.41890199],[-106.6288442,40.42222551],[-106.6264856,40.42694277],[-106.6236981,40.42962304],[-106.6221972,40.42973025],[-106.6234837,40.43176725],[-106.624663,40.43112398],[-106.6263784,40.43090956],[-106.6280937,40.43112398],[-106.6324894,40.43251772],[-106.6361345,40.43198167],[-106.6386004,40.43219609],[-106.6391364,40.43294656],[-106.6433176,40.43605567],[-106.6485709,40.43852151],[-106.6503935,40.43980803],[-106.6518945,40.44216666],[-106.6521089,40.44527577],[-106.6522161,40.44516856],[-106.6529666,40.36443905],[-106.6528594,40.34160321],[-106.6498575,40.34160321],[-106.6322749,40.34160321],[-106.6323821,40.32873795],[-106.6322749,40.32830911],[-106.6322749,40.32316301],[-106.6324894,40.31115543],[-106.6322749,40.30965448],[-106.6324894,40.26644865],[-106.6331326,40.17896488],[-106.6369922,40.17896488],[-106.6370994,40.125038],[-106.6369922,40.12353705],[-106.6369922,40.00206756],[-106.6264856,40.00185314],[-106.6261639,40.00003056],[-106.6265928,39.95200025],[-106.6265928,39.92476878],[-106.6256279,39.92466157],[-106.6187664,39.92519763],[-106.6151213,39.92530484],[-106.6080454,39.92509042],[-106.5620521,39.92476878],[-106.5530464,39.924876],[-106.5342845,39.92498321],[-106.5278519,39.92519763],[-106.5221698,39.92498321],[-106.5006204,39.92498321],[-106.4862542,39.92519763],[-106.4853966,39.92509042],[-106.4731746,39.92509042],[-106.4437989,39.92498321],[-106.4426196,39.92476878],[-106.4344716,39.924876],[-106.4076689,39.92476878],[-106.3952325,39.92455436],[-106.3954469,39.91404773],[-106.3874062,39.91394052],[-106.3810807,39.91404773],[-106.375613,39.91361889],[-106.367465,39.91383331],[-106.3625333,39.9137261],[-106.3435571,39.91383331],[-106.338411,39.9137261],[-106.2946691,39.91394052],[-106.2947763,39.91887221],[-106.2897374,39.91887221],[-106.2716188,39.916728],[-106.2519993,39.914691],[-106.2506056,39.91308284],[-106.2469604,39.912654],[-106.2456739,39.9116891],[-106.2436369,39.90933047],[-106.2410638,39.90729347],[-106.2393485,39.90686463],[-106.2383836,39.90589974],[-106.2348456,39.90268342],[-106.2328086,39.90171853],[-106.2317365,39.90075363],[-106.2318437,39.89989595],[-106.2300211,39.89796616],[-106.2296995,39.89657242],[-106.228413,39.89357053],[-106.2275553,39.89249842],[-106.2241246,39.88992537],[-106.2230525,39.88831721],[-106.220801,39.88767395],[-106.2204794,39.88649464],[-106.2194073,39.88531532],[-106.2193001,39.88359995],[-106.2168342,39.88059806],[-106.214154,39.87877548],[-106.2114737,39.87845385],[-106.2079358,39.87834664],[-106.206542,39.87770337],[-106.2063276,39.87502311],[-106.2051483,39.87320053],[-106.2032185,39.87127074],[-106.2027897,39.8697698],[-106.2013959,39.86848327],[-106.2015031,39.86548138],[-106.2005382,39.86408764],[-106.1953921,39.86108575],[-106.19432,39.85969201],[-106.1930335,39.85883433],[-106.1904605,39.85776222],[-106.185636,39.85540359],[-106.1832774,39.8534738],[-106.1804899,39.85250891],[-106.1794178,39.85090075],[-106.1777024,39.84929259],[-106.1765231,39.84897096],[-106.1747005,39.84789886],[-106.1735212,39.84757722],[-106.1725563,39.84789886],[-106.1725563,39.84639791],[-106.1711626,39.8453258],[-106.1689112,39.84500417],[-106.1676246,39.84554022],[-106.1651588,39.84382486],[-106.1616208,39.84371765],[-106.1563675,39.8422167],[-106.1516503,39.84071575],[-106.1495061,39.83953644],[-106.1433951,39.83932202],[-106.1424302,39.83996528],[-106.1394283,39.84296717],[-106.1379273,39.84350322],[-106.1344966,39.84371765],[-106.1314947,39.84414649],[-106.1297793,39.84403928],[-106.1272063,39.84307438],[-106.1255981,39.84210949],[-106.1244188,39.84178786],[-106.1234539,39.84039412],[-106.1217385,39.83900038],[-106.1206664,39.83739223],[-106.1203448,39.83567686],[-106.1192727,39.83481917],[-106.1170213,39.8320317],[-106.1145554,39.83042354],[-106.1124112,39.82967307],[-106.1113391,39.82849375],[-106.1098382,39.82742165],[-106.1072651,39.82463418],[-106.1063002,39.82399091],[-106.1053353,39.82238276],[-106.1028695,39.82088181],[-106.0998676,39.8198097],[-106.0990099,39.81841597],[-106.0957936,39.81616455],[-106.0942926,39.8146636],[-106.0920412,39.81284102],[-106.0900042,39.80930307],[-106.0865735,39.80801655],[-106.0841076,39.80662281],[-106.0836788,39.80597955],[-106.0838932,39.80329929],[-106.0823923,39.80072623],[-106.0821779,39.79943971],[-106.0821779,39.7963306],[-106.0794976,39.79418639],[-106.0779966,39.79354313],[-106.079176,39.79225661],[-106.0804625,39.78957634],[-106.081213,39.78743213],[-106.0799264,39.78593119],[-106.0789615,39.78539513],[-106.077675,39.78292929],[-106.0752092,39.7809995],[-106.0739226,39.77831924],[-106.0729578,39.77713992],[-106.0724217,39.77542456],[-106.071028,39.77263708],[-106.071028,39.7697424],[-106.069527,39.76620445],[-106.0680261,39.76502514],[-106.06749,39.76395303],[-106.0655602,39.76266651],[-106.0648098,39.76073672],[-106.0650242,39.75859251],[-106.0657746,39.7575204],[-106.0655602,39.75623388],[-106.0658819,39.75376804],[-106.0629872,39.75108777],[-106.0639521,39.74894356],[-106.0648098,39.74819309],[-106.0640593,39.74594167],[-106.060843,39.74133162],[-106.0597709,39.74058114],[-106.0594492,39.73940183],[-106.0603069,39.73800809],[-106.0597709,39.7360783],[-106.0601997,39.73447014],[-106.0599853,39.73318362],[-106.0591276,39.73071778],[-106.0580555,39.72878799],[-106.0586988,39.72632215],[-106.0585915,39.72471399],[-106.0579483,39.72374909],[-106.0566618,39.72299862],[-106.0559113,39.72139046],[-106.0513012,39.72149767],[-106.048621,39.72106883],[-106.0479777,39.71999673],[-106.0457263,39.71903183],[-106.0446542,39.71892462],[-106.0441181,39.7176381],[-106.0415451,39.71602994],[-106.0409018,39.71485062],[-106.0381143,39.71206315],[-106.0378999,39.71045499],[-106.0382216,39.70959731],[-106.0378999,39.70756031],[-106.0367206,39.70552331],[-106.034362,39.70295026],[-106.0340403,39.69898347],[-106.0336115,39.69673205],[-106.0318961,39.694159],[-106.0281438,39.69201479],[-106.0263212,39.69072826],[-106.0266428,39.68954894],[-106.0237481,39.68836963],[-106.0211751,39.68836963],[-106.0194597,39.68751195],[-106.0156001,39.6870831],[-106.0130271,39.68633263],[-106.0116333,39.6870831],[-106.0088459,39.68772637],[-106.0064872,39.68794079],[-106.0045575,39.68729752],[-106.0029493,39.68579658],[-105.9963022,39.68408121],[-105.9909417,39.68751195],[-105.9885831,39.68697589],[-105.9853668,39.68740473],[-105.9809711,39.68976337],[-105.9781837,39.68976337],[-105.9723943,39.69169315],[-105.9704645,39.69062105],[-105.9618877,39.69083547],[-105.9510594,39.69512389],[-105.9455917,39.68890568],[-105.9405528,39.69062105],[-105.9364788,39.69255084],[-105.9328336,39.69469505],[-105.9300462,39.69748252],[-105.9266154,39.69866184],[-105.9251145,39.69844742],[-105.9245784,39.69898347],[-105.9240424,39.70155652],[-105.9245784,39.7033791],[-105.9218982,39.70809636],[-105.9213621,39.70991894],[-105.9180386,39.71206315],[-105.9167521,39.7135641],[-105.9118204,39.71527946],[-105.9120348,39.71613715],[-105.9105338,39.7207472],[-105.9088185,39.72289141],[-105.9074247,39.72407073],[-105.9082824,39.72621494],[-105.9066743,39.72750146],[-105.9047445,39.72878799],[-105.89992,39.72878799],[-105.891772,39.73039615],[-105.8894134,39.73157546],[-105.8869475,39.73414851],[-105.8837312,39.7370432],[-105.8823375,39.74036672],[-105.8833024,39.74379746],[-105.8823375,39.74562004],[-105.8831952,39.74765704],[-105.8850177,39.75001567],[-105.8845889,39.75291035],[-105.8841601,39.75376804],[-105.8821231,39.75580503],[-105.8808365,39.75794924],[-105.8805149,39.75934298],[-105.8814798,39.7605223],[-105.8828735,39.76341698],[-105.885125,39.76416745],[-105.8867331,39.76599003],[-105.8870547,39.76706214],[-105.8875908,39.77049287],[-105.8896278,39.77370919],[-105.8895206,39.77563898],[-105.8900566,39.77864087],[-105.8910215,39.77928413],[-105.8920936,39.78078508],[-105.8926297,39.78260766],[-105.8923081,39.78410861],[-105.8906999,39.78636003],[-105.887698,39.78904029],[-105.8879124,39.79011239],[-105.887698,39.79407918],[-105.8879124,39.79579455],[-105.8873764,39.79697387],[-105.885661,39.79718829],[-105.8834096,39.79804597],[-105.8781563,39.79858202],[-105.8755832,39.79922529],[-105.8744039,39.79879645],[-105.8722597,39.79665224],[-105.8687217,39.79665224],[-105.8635756,39.79686666],[-105.8621819,39.79675945],[-105.8601449,39.79697387],[-105.8573574,39.79579455],[-105.8547844,39.79558013],[-105.8533906,39.79225661],[-105.8521041,39.79107729],[-105.8509248,39.78904029],[-105.8507104,39.7880754],[-105.8478157,39.7891475],[-105.8440633,39.78946913],[-105.8407398,39.78893308],[-105.8385956,39.78818261],[-105.8334495,39.78786097],[-105.8300188,39.78818261],[-105.8271241,39.78700329],[-105.8257303,39.78689608],[-105.8229429,39.78560955],[-105.8221924,39.78625282],[-105.8214419,39.7880754],[-105.8198338,39.78946913],[-105.81844,39.79000518],[-105.8141516,39.79032682],[-105.8105064,39.79150613],[-105.809756,39.79493687],[-105.8090055,39.79643781],[-105.8075046,39.79804597],[-105.8048243,39.79901087],[-105.8019296,39.7993325],[-105.8012863,39.80147671],[-105.800107,39.80287044],[-105.7990349,39.8034065],[-105.797534,39.80297766],[-105.7958186,39.80287044],[-105.7937816,39.80190555],[-105.7928167,39.80211997],[-105.7908869,39.80308487],[-105.7867057,39.8024416],[-105.7846687,39.8024416],[-105.7823101,39.80115508],[-105.779737,39.79901087],[-105.7770568,39.79815318],[-105.7734116,39.79718829],[-105.7694448,39.79568734],[-105.7659069,39.79482966],[-105.7638699,39.79493687],[-105.7609752,39.79708108],[-105.756794,39.79826039],[-105.75272,39.79997576],[-105.7505758,39.80126229],[-105.7497181,39.80094066],[-105.7470378,39.8013695],[-105.7444648,39.8034065],[-105.7414629,39.8044786],[-105.7385682,39.80501465],[-105.736424,39.80480023],[-105.7355663,39.80737329],[-105.7350303,39.81026797],[-105.7339581,39.81101844],[-105.7334221,39.81251939],[-105.7313851,39.81434197],[-105.7299914,39.81487802],[-105.7251669,39.81734386],[-105.7238804,39.81938086],[-105.7245236,39.82195391],[-105.724202,39.82409812],[-105.7232371,39.82538465],[-105.7194847,39.82731444],[-105.7189487,39.8289226],[-105.7193775,39.83106681],[-105.7170189,39.83546244],[-105.7133737,39.83824991],[-105.7123016,39.83771386],[-105.7081204,39.83674896],[-105.7032959,39.83674896],[-105.7012589,39.83717781],[-105.6963273,39.83889317],[-105.6957912,39.83942923],[-105.6946119,39.84371765],[-105.6937542,39.84543301],[-105.6935398,39.84789886],[-105.6926821,39.84864933],[-105.6912884,39.85132959],[-105.6903235,39.85197285],[-105.6910739,39.85261612],[-105.6926821,39.85497475],[-105.693647,39.85722617],[-105.6935398,39.85819106],[-105.6961128,39.86151459],[-105.6965417,39.86355159],[-105.6962201,39.86462369],[-105.6969705,39.86548138],[-105.697721,39.86794722],[-105.6969705,39.87052027],[-105.6968633,39.87169959],[-105.6991147,39.87416543],[-105.6996508,39.87652406],[-105.7007229,39.87920432],[-105.6982571,39.88113411],[-105.6983643,39.88284948],[-105.697721,39.88435043],[-105.6993292,39.88563695],[-105.6990075,39.88788837],[-105.699758,39.88949653],[-105.699758,39.89153353],[-105.6979354,39.89399937],[-105.6939686,39.89625079],[-105.6910739,39.8973229],[-105.6918244,39.898395],[-105.6911812,39.89925269],[-105.6903235,39.90193295],[-105.6890369,39.90311226],[-105.6873216,39.90396995],[-105.6886081,39.90750789],[-105.6879648,39.90975931],[-105.6878576,39.9116891],[-105.6864639,39.91286842],[-105.6859278,39.91565589],[-105.6830332,39.91726405],[-105.6827115,39.92048036],[-105.6822827,39.9218741],[-105.6802457,39.92530484],[-105.6800313,39.92648415],[-105.6788519,39.92766347],[-105.6766005,39.92873557],[-105.6778871,39.9300221],[-105.6778871,39.93066536],[-105.6758501,39.93248794],[-105.6750996,39.93334562],[-105.6789592,39.93291678],[-105.6817466,39.93345284],[-105.683462,39.9340961],[-105.6845341,39.93548983],[-105.6866783,39.93752683],[-105.6900018,39.93881336],[-105.6903235,39.93956383],[-105.6932182,39.9412792],[-105.6937542,39.94245852],[-105.6934326,39.94406668],[-105.6918244,39.94642531],[-105.6927893,39.94814067],[-105.6935398,39.94846231],[-105.6943975,39.94974883],[-105.693647,39.95114257],[-105.6911812,39.95296515],[-105.6894658,39.9535012],[-105.6885009,39.95489494],[-105.6883937,39.95650309],[-105.6850702,39.95875451],[-105.6881793,39.95971941],[-105.6882865,39.96293572],[-105.6890369,39.96357899],[-105.6892514,39.9647583],[-105.6886081,39.96647367],[-105.6888225,39.9677602],[-105.6903235,39.96990441],[-105.6896802,39.97097651],[-105.6883937,39.97547935],[-105.6863567,39.97773077],[-105.6862495,39.97837404],[-105.6849629,39.97933893],[-105.685499,39.98137593],[-105.6849629,39.98287688],[-105.6874288,39.98544993],[-105.6860351,39.98748693],[-105.6859278,39.98973835],[-105.6838908,39.99166814],[-105.6831404,39.99284745],[-105.6832476,39.99467003],[-105.6849629,39.99456282],[-105.6879648,39.99509887],[-105.6902163,39.99595656],[-105.6911812,39.99735029],[-105.6911812,39.9994945],[-105.6905379,40.00088824],[-105.6905379,40.00260361],[-105.6910739,40.00378292],[-105.6897874,40.00592713],[-105.6885009,40.00699924],[-105.6897874,40.00839298],[-105.6900018,40.00935787],[-105.6893586,40.01107324],[-105.6897874,40.01150208],[-105.6896802,40.01557608],[-105.6878576,40.01600492],[-105.6863567,40.01514724],[-105.6830332,40.01418234],[-105.6806745,40.01396792],[-105.6779943,40.01450397],[-105.675314,40.01600492],[-105.6701679,40.01686261],[-105.6680237,40.01632655],[-105.6615911,40.01643376],[-105.6601973,40.01836355],[-105.6574098,40.01954287],[-105.6531214,40.02040055],[-105.6519421,40.0209366],[-105.652907,40.0219015],[-105.6527998,40.02372408],[-105.6495835,40.02769087],[-105.6439013,40.03326581],[-105.6412211,40.0341235],[-105.640685,40.03498118],[-105.640149,40.0372326],[-105.6387552,40.03873355],[-105.6391841,40.04044892],[-105.6383264,40.04291476],[-105.6383264,40.04430849],[-105.6375759,40.04495176],[-105.6374687,40.04580944],[-105.6385408,40.04677434],[-105.640685,40.04709597],[-105.6422932,40.04816807],[-105.6435797,40.04966902],[-105.6450806,40.05063391],[-105.6456167,40.05267091],[-105.6464744,40.05342139],[-105.6484042,40.05395744],[-105.648833,40.05492233],[-105.6507628,40.0576026],[-105.6510844,40.05846028],[-105.6493691,40.05996123],[-105.6475465,40.06424965],[-105.6466888,40.06521454],[-105.6418643,40.0678948],[-105.6388624,40.06703712],[-105.6408994,40.07014622],[-105.6408994,40.07314812],[-105.6388624,40.07336254],[-105.6370399,40.07454186],[-105.6354317,40.0749707],[-105.6346812,40.0770077],[-105.6347884,40.07925912],[-105.634574,40.08000959],[-105.6331803,40.08118891],[-105.6342524,40.08151054],[-105.6356461,40.08290427],[-105.6359677,40.08451243],[-105.6351101,40.08494127],[-105.6352173,40.08719269],[-105.6337163,40.08837201],[-105.6342524,40.09019459],[-105.6346812,40.09383975],[-105.634574,40.0954479],[-105.6332875,40.0954479],[-105.632001,40.09716327],[-105.6337163,40.09855701],[-105.6339307,40.09920027],[-105.6354317,40.1004868],[-105.636611,40.1025238],[-105.6361822,40.10316706],[-105.636075,40.10477522],[-105.6367182,40.10702664],[-105.6357533,40.10831316],[-105.636075,40.10927806],[-105.6346812,40.11324485],[-105.6336091,40.11356648],[-105.6316793,40.11345927],[-105.629964,40.11420974],[-105.6298568,40.11549627],[-105.6291063,40.11699721],[-105.6277125,40.11839095],[-105.6265332,40.11860537],[-105.6282486,40.12032074],[-105.6276053,40.12203611],[-105.6287846,40.12353705],[-105.6281414,40.125038],[-105.6261044,40.12739663],[-105.6266404,40.12793268],[-105.6291063,40.129112],[-105.629964,40.13039853],[-105.6300712,40.13457974],[-105.6294279,40.13618789],[-105.6294279,40.13747442],[-105.6301784,40.13811768],[-105.632537,40.13843931],[-105.6341452,40.13908258],[-105.6354317,40.1403691],[-105.6351101,40.14422868],[-105.6353245,40.14551521],[-105.6365038,40.14637289],[-105.6437941,40.14819547],[-105.644759,40.14808826],[-105.6473321,40.14916036],[-105.6473321,40.15098294],[-105.6487258,40.1505541],[-105.6505484,40.1505541],[-105.6560161,40.15130457],[-105.6570882,40.15323436],[-105.6581603,40.15398484],[-105.6601973,40.15473531],[-105.6613766,40.15655789],[-105.6647002,40.15677231],[-105.6664155,40.15730836],[-105.6677021,40.15827326],[-105.6680237,40.15988141],[-105.6674876,40.16116794],[-105.6705967,40.16266889],[-105.6714544,40.16545636],[-105.6713472,40.16652847],[-105.6696318,40.16749336],[-105.6695246,40.16867268],[-105.6683453,40.16963757],[-105.6681309,40.17081689],[-105.6685597,40.17360436],[-105.6697391,40.17424762],[-105.6690958,40.17628462],[-105.6683453,40.17703509],[-105.6708112,40.17853604],[-105.6717761,40.18003699],[-105.6716688,40.18196678],[-105.6702751,40.18346772],[-105.6705967,40.18539751],[-105.67124,40.18571915],[-105.6738131,40.18571915],[-105.6754212,40.18636241],[-105.6767077,40.1873273],[-105.6775654,40.18850662],[-105.6776726,40.19097246],[-105.6772438,40.19172293],[-105.6777798,40.19300946],[-105.6774582,40.19676183],[-105.6776726,40.19719067],[-105.6763861,40.1995493],[-105.6776726,40.20169351],[-105.6776726,40.20233677],[-105.6752068,40.20319446],[-105.6737058,40.20437377],[-105.6723121,40.20619635],[-105.6705967,40.20780451],[-105.67124,40.2097343],[-105.6708112,40.21037756],[-105.6711328,40.21220014],[-105.6701679,40.21359388],[-105.6709184,40.21455877],[-105.67124,40.21713182],[-105.6702751,40.21938324],[-105.6694174,40.22002651],[-105.6677021,40.22034814],[-105.6644857,40.21981208],[-105.6631992,40.22002651],[-105.6685597,40.22324282],[-105.6690958,40.22420772],[-105.6685597,40.22570866],[-105.6678093,40.22667356],[-105.6684525,40.2281745],[-105.6672732,40.22978266],[-105.6673804,40.23096198],[-105.6660939,40.23149803],[-105.6643785,40.2332134],[-105.6644857,40.23514319],[-105.6652362,40.23610808],[-105.6654506,40.2372874],[-105.6649146,40.23857392],[-105.6621271,40.24254071],[-105.6621271,40.24318397],[-105.6601973,40.24522097],[-105.6603045,40.24715076],[-105.6599829,40.24886613],[-105.6589108,40.24940218],[-105.6504412,40.24940218],[-105.6480825,40.24908055],[-105.6452951,40.24950939],[-105.6440085,40.24993824],[-105.6474393,40.25133197],[-105.6497979,40.25283292],[-105.6511916,40.25422666],[-105.6511916,40.25722855],[-105.6516205,40.25851508],[-105.6533359,40.26044486],[-105.6541935,40.26130255],[-105.6556945,40.26173139],[-105.6571954,40.26291071],[-105.6607334,40.26419723],[-105.6623415,40.26409002],[-105.6643785,40.26559097],[-105.6652362,40.26687749],[-105.6679165,40.26773518],[-105.669203,40.26752076],[-105.6703823,40.2679496],[-105.6720977,40.26805681],[-105.6756356,40.26730634],[-105.6782087,40.26816402],[-105.6788519,40.26987939],[-105.6804601,40.27138034],[-105.6815322,40.27170197],[-105.6823899,40.27277407],[-105.6817466,40.27373897],[-105.6803529,40.27470386],[-105.6806745,40.27652644],[-105.6812106,40.27749133],[-105.681425,40.27909949],[-105.6804601,40.27856344],[-105.6792808,40.27888507],[-105.6798168,40.27995718],[-105.6807817,40.28295907],[-105.6805673,40.28446002],[-105.6830332,40.28542491],[-105.6856062,40.28671144],[-105.6863567,40.28746191],[-105.6863567,40.28896286],[-105.6853918,40.29003496],[-105.6818538,40.29217917],[-105.6847485,40.29239359],[-105.6865711,40.29292965],[-105.6873216,40.29368012],[-105.6877504,40.29636038],[-105.6882865,40.29732528],[-105.6880721,40.29829017],[-105.6866783,40.30043438],[-105.6858206,40.30257859],[-105.6861423,40.30311464],[-105.6892514,40.30343628],[-105.6911812,40.30536606],[-105.6908595,40.30718864],[-105.6900018,40.30836796],[-105.6918244,40.30933285],[-105.6948263,40.30933285],[-105.6962201,40.31051217],[-105.697721,40.31094101],[-105.6993292,40.31051217],[-105.7009373,40.31072659],[-105.7022238,40.31265638],[-105.7014734,40.31447896],[-105.7001868,40.31640875],[-105.6976138,40.31823132],[-105.6981498,40.3200539],[-105.6986859,40.32080438],[-105.7020094,40.32166206],[-105.702331,40.32262696],[-105.7016878,40.32434232],[-105.7032959,40.32466396],[-105.7067267,40.3250928],[-105.7112295,40.32530722],[-105.7131593,40.32552164],[-105.7172333,40.32873795],[-105.7205568,40.33141822],[-105.7223794,40.33238311],[-105.7245236,40.33270474],[-105.7274183,40.33399127],[-105.7291337,40.33527779],[-105.728812,40.33795806],[-105.7299914,40.33967343],[-105.7331005,40.34074553],[-105.7354591,40.34299695],[-105.736424,40.34492674],[-105.7363168,40.34664211],[-105.7396403,40.34707095],[-105.7419989,40.34867911],[-105.7423206,40.34932237],[-105.7450008,40.34814305],[-105.7477883,40.34749979],[-105.748646,40.34803584],[-105.7523984,40.34910795],[-105.7528272,40.35082332],[-105.7537921,40.35146658],[-105.7551858,40.35125216],[-105.7571156,40.351681],[-105.7592598,40.35328916],[-105.7597959,40.355755],[-105.7602247,40.35618384],[-105.7630122,40.35714874],[-105.7644059,40.35929295],[-105.7656925,40.35918574],[-105.7677295,40.35972179],[-105.7683727,40.36047226],[-105.7683727,40.36208042],[-105.7691232,40.36443905],[-105.7725539,40.36443905],[-105.7740549,40.36518952],[-105.7742693,40.36679768],[-105.7758775,40.36851305],[-105.7764135,40.36958516],[-105.7782361,40.3710861],[-105.7801659,40.372051],[-105.7819885,40.37376636],[-105.7820957,40.3751601],[-105.7814524,40.37558894],[-105.781774,40.37698268],[-105.7849903,40.37966294],[-105.7872418,40.38084226],[-105.7885283,40.38427299],[-105.7907797,40.38630999],[-105.7912086,40.38781094],[-105.7905653,40.38963352],[-105.7909941,40.39274262],[-105.7916374,40.39435078],[-105.7916374,40.39617336],[-105.7909941,40.3986392],[-105.7917446,40.39971131],[-105.7937816,40.40078341],[-105.7942104,40.40185552],[-105.7963547,40.40378531],[-105.7982844,40.4058223],[-105.8004287,40.40721604],[-105.8011791,40.40839536],[-105.8012863,40.41021794],[-105.808255,40.4149352],[-105.8111497,40.41943804],[-105.8132939,40.42029572],[-105.8153309,40.42147504],[-105.816403,40.42394088],[-105.8172607,40.42436972],[-105.8172607,40.42651393],[-105.8144732,40.42855093],[-105.8146877,40.43069514],[-105.814366,40.4313384],[-105.8154381,40.43401867],[-105.816403,40.43551961],[-105.8157598,40.4374494],[-105.8129723,40.43916477],[-105.8116858,40.44280993],[-105.8103992,40.44323877],[-105.8078262,40.44506135],[-105.8065397,40.44624066],[-105.805682,40.44784882],[-105.8064324,40.44977861],[-105.8071829,40.45063629],[-105.8076118,40.45224445],[-105.8057892,40.4568545],[-105.8058964,40.45792661],[-105.8051459,40.45921313],[-105.8043954,40.4629655],[-105.8045027,40.46425203],[-105.805682,40.46650345],[-105.8081478,40.46886208],[-105.8108281,40.47057745],[-105.8107209,40.4711135],[-105.8088983,40.4711135],[-105.8067541,40.47304329],[-105.8072901,40.47454424],[-105.8110425,40.47572355],[-105.8127579,40.47583076],[-105.8154381,40.47529471],[-105.8201554,40.47593797],[-105.8241222,40.47743892],[-105.8274457,40.47808218],[-105.830126,40.47936871],[-105.8325918,40.47990476],[-105.8343072,40.47969034],[-105.8351649,40.48044081],[-105.8375235,40.48301387],[-105.8392389,40.48301387],[-105.8409542,40.48354992],[-105.8429912,40.48301387],[-105.8456715,40.48258502],[-105.846958,40.48279944],[-105.8472796,40.48397876],[-105.8548916,40.48623018]]]},"properties":{"name":"Grand=GRA","type":"county"}},
{"type":"Feature","geometry":{"type":"Polygon","coordinates":[[[-107.0010791,38.14711146],[-107.0010791,38.20575561],[-107.0007574,38.25003354],[-107.0006502,38.33204958],[-107.0006502,38.42564434],[-106.9825316,38.42532271],[-106.8756428,38.4252155],[-106.8715688,38.4252155],[-106.851842,38.42532271],[-106.8310432,38.42510829],[-106.7624285,38.42510829],[-106.6256279,38.42435782],[-106.6194097,38.42446503],[-106.5006204,38.42435782],[-106.4818586,38.42425061],[-106.4390816,38.42403619],[-106.4165674,38.42392898],[-106.3866557,38.42371455],[-106.375613,38.42392898],[-106.3191131,38.42339292],[-106.2506056,38.42296408],[-106.2469604,38.42274966],[-106.2479253,38.42392898],[-106.2485686,38.42607319],[-106.248783,38.42778855],[-106.2483541,38.42811018],[-106.2495334,38.43325629],[-106.2481397,38.43604376],[-106.2470676,38.43711587],[-106.2458883,38.43926008],[-106.2480325,38.43926008],[-106.2500695,38.43958171],[-106.2530714,38.44097545],[-106.2573598,38.44183313],[-106.2613266,38.44236918],[-106.2660439,38.44172592],[-106.2685097,38.4435485],[-106.2704395,38.44547829],[-106.2721549,38.44633597],[-106.2730125,38.4476225],[-106.2722621,38.44880181],[-106.2718332,38.45244697],[-106.2726909,38.45523444],[-106.2758,38.45469839],[-106.2771938,38.45426955],[-106.2806245,38.45437676],[-106.2835192,38.45652097],[-106.2842697,38.45770028],[-106.285449,38.45855797],[-106.2885581,38.46134544],[-106.2893085,38.46273918],[-106.2890941,38.46434733],[-106.290059,38.46681318],[-106.2896302,38.4701367],[-106.2894158,38.47045833],[-106.2904879,38.47185207],[-106.2903806,38.47324581],[-106.2929537,38.47485396],[-106.295634,38.47560444],[-106.2998152,38.47571165],[-106.3030315,38.47699817],[-106.3045324,38.47871354],[-106.3041036,38.48000007],[-106.3064622,38.4823587],[-106.3067839,38.48418128],[-106.3082848,38.48589665],[-106.3092497,38.48793364],[-106.3096785,38.49061391],[-106.3106434,38.49136438],[-106.3115011,38.49490233],[-106.3155751,38.49447349],[-106.3183626,38.49511675],[-106.3198635,38.49683212],[-106.320078,38.4976898],[-106.3229726,38.49693933],[-106.3258673,38.49693933],[-106.3272611,38.49758259],[-106.3277971,38.49736817],[-106.3303702,38.49372301],[-106.3325144,38.4945807],[-106.3344442,38.4956528],[-106.3350874,38.49629606],[-106.3362667,38.4966177],[-106.3381965,38.49822585],[-106.3388398,38.49929796],[-106.3387326,38.50058448],[-106.3392686,38.50122775],[-106.3413056,38.50240706],[-106.3428066,38.5028359],[-106.3442003,38.50455127],[-106.3453796,38.50712432],[-106.3454868,38.50819643],[-106.346559,38.50969738],[-106.3473094,38.51151996],[-106.3480599,38.51248485],[-106.3458085,38.51495069],[-106.345058,38.51666606],[-106.3436643,38.51741653],[-106.3425922,38.52149053],[-106.3440931,38.52256264],[-106.345058,38.52449243],[-106.3464517,38.52620779],[-106.347095,38.52878085],[-106.3504185,38.53146111],[-106.3541709,38.5333909],[-106.3544925,38.53617837],[-106.3537421,38.53918026],[-106.3548142,38.54175332],[-106.3549214,38.54282542],[-106.3536348,38.54711384],[-106.3535276,38.55000853],[-106.3520267,38.55172389],[-106.3505257,38.55268879],[-106.3508474,38.55376089],[-106.3500969,38.55558347],[-106.3466662,38.558907],[-106.3474166,38.56019352],[-106.3474166,38.56105121],[-106.3466662,38.56276657],[-106.3468806,38.56512521],[-106.3446292,38.56855594],[-106.3474166,38.57262994],[-106.3498825,38.57477415],[-106.3509546,38.57648952],[-106.3517051,38.57691836],[-106.3520267,38.57884815],[-106.3534204,38.5814212],[-106.3514906,38.58292215],[-106.3512762,38.5834582],[-106.3530988,38.58517357],[-106.3554574,38.58796104],[-106.3559935,38.59010525],[-106.35728,38.59107015],[-106.3581377,38.5926783],[-106.3610324,38.59450088],[-106.3612468,38.59589462],[-106.359317,38.59943257],[-106.3598531,38.60061188],[-106.3621045,38.60232725],[-106.3626405,38.60350657],[-106.3646775,38.6058652],[-106.3642487,38.60715172],[-106.3636054,38.61026083],[-106.3638198,38.61358435],[-106.3652136,38.61594298],[-106.3690732,38.61873046],[-106.375613,38.6211963],[-106.3791509,38.62012419],[-106.3812952,38.62108909],[-106.3821528,38.62173235],[-106.3826889,38.62344772],[-106.3841898,38.62387656],[-106.3853692,38.62494867],[-106.3862268,38.62773614],[-106.3851547,38.63234619],[-106.3841898,38.63384714],[-106.3819384,38.63545529],[-106.3803303,38.63706345],[-106.3799014,38.63845719],[-106.3831177,38.63888603],[-106.385798,38.63867161],[-106.3866557,38.6396365],[-106.3879422,38.64006535],[-106.3890143,38.64092303],[-106.3901936,38.64103024],[-106.3928739,38.64006535],[-106.3972695,38.64027977],[-106.3984488,38.63974371],[-106.4012363,38.63974371],[-106.4022012,38.64220956],[-106.4015579,38.64306724],[-106.4017724,38.6457475],[-106.4035949,38.64617634],[-106.404131,38.6467124],[-106.406168,38.64714124],[-106.4069185,38.64692682],[-106.4079906,38.64767729],[-106.4117429,38.64703403],[-106.4146376,38.64542587],[-106.4172107,38.64488982],[-106.4181756,38.64521145],[-106.4202126,38.6467124],[-106.4218207,38.64681961],[-106.4240721,38.64885661],[-106.4271812,38.65067919],[-106.4295399,38.65121524],[-106.4301831,38.65346666],[-106.429111,38.65764787],[-106.4293255,38.65861276],[-106.4313625,38.66333003],[-106.431148,38.66504539],[-106.4322201,38.66794008],[-106.4340427,38.66890497],[-106.4358653,38.67115639],[-106.4361869,38.67372944],[-106.4381167,38.67662413],[-106.4370446,38.67801786],[-106.4370446,38.6794116],[-106.4377951,38.68155581],[-106.4379023,38.6825207],[-106.4401537,38.68691634],[-106.4417619,38.68766681],[-106.4436917,38.68809565],[-106.4459431,38.68895333],[-106.4461575,38.68981102],[-106.4484089,38.69292012],[-106.4510892,38.69538596],[-106.4517325,38.69699412],[-106.451518,38.6977446],[-106.4521613,38.6988167],[-106.4501243,38.70267628],[-106.4493738,38.70299791],[-106.4483017,38.7049277],[-106.4475512,38.70482049],[-106.4455142,38.70557096],[-106.4445494,38.7069647],[-106.4446566,38.7080368],[-106.4434772,38.70921612],[-106.4381167,38.70868007],[-106.4345788,38.70932333],[-106.4329706,38.70868007],[-106.4316841,38.70868007],[-106.4294327,38.70985938],[-106.4252515,38.71028822],[-106.4247154,38.71264686],[-106.4232145,38.7161848],[-106.4227856,38.71886506],[-106.4234289,38.72079485],[-106.4191405,38.72401117],[-106.4174251,38.72572654],[-106.4166746,38.72776354],[-106.4167818,38.73376732],[-106.4184972,38.73526827],[-106.4199981,38.73880622],[-106.4186044,38.7396639],[-106.4179611,38.74202253],[-106.41839,38.74909843],[-106.4196765,38.74995611],[-106.4199981,38.75156427],[-106.4195693,38.75252916],[-106.4184972,38.75338685],[-106.4173179,38.75542385],[-106.4150665,38.75713921],[-106.4161386,38.75928342],[-106.4162458,38.76174927],[-106.4171035,38.76357184],[-106.4171035,38.76442953],[-106.4192477,38.7661449],[-106.4179611,38.76850353],[-106.4175323,38.77032611],[-106.4165674,38.77075495],[-106.4154953,38.77247032],[-106.4154953,38.7744001],[-106.414852,38.77493616],[-106.414852,38.77632989],[-106.4137799,38.77911737],[-106.4147448,38.78018947],[-106.4167818,38.78619326],[-106.4165674,38.787587],[-106.4145304,38.78940957],[-106.4131367,38.78994563],[-106.4129223,38.79112494],[-106.414316,38.79519894],[-106.414852,38.7978792],[-106.4144232,38.79852247],[-106.4150665,38.79959457],[-106.4179611,38.80066668],[-106.4184972,38.8029181],[-106.4206414,38.80409741],[-106.4226784,38.80763536],[-106.422464,38.80924352],[-106.4210703,38.81042283],[-106.4205342,38.81160215],[-106.4160314,38.81374636],[-106.4150665,38.81524731],[-106.4152809,38.81942852],[-106.4162458,38.8233953],[-106.4161386,38.82403857],[-106.4147448,38.8243602],[-106.4118501,38.82575393],[-106.4090627,38.82811257],[-106.4069185,38.82929188],[-106.4053103,38.8284342],[-106.4034877,38.82661162],[-106.3993065,38.82553951],[-106.3974839,38.82318088],[-106.3950181,38.82243041],[-106.3912657,38.82275204],[-106.387835,38.82382415],[-106.3836538,38.82468183],[-106.3835466,38.82854141],[-106.3830105,38.82961351],[-106.3827961,38.8315433],[-106.381724,38.83282983],[-106.3807591,38.83336588],[-106.3791509,38.83497404],[-106.3788293,38.83615335],[-106.3760418,38.83636777],[-106.3742193,38.83754709],[-106.371539,38.83808314],[-106.3702525,38.83872641],[-106.3701453,38.84044177],[-106.3683227,38.84204993],[-106.3681083,38.8428004],[-106.3663929,38.84473019],[-106.3644631,38.84623114],[-106.3653208,38.84762488],[-106.365428,38.85169888],[-106.3649992,38.8529854],[-106.3639271,38.85352145],[-106.3626405,38.85330703],[-106.3606035,38.85384309],[-106.3568512,38.85534403],[-106.3540637,38.85566566],[-106.351169,38.85545124],[-106.3493464,38.85491519],[-106.3488104,38.85673777],[-106.349132,38.85823872],[-106.3489176,38.86177666],[-106.3492392,38.86402808],[-106.3489176,38.86510019],[-106.3477383,38.86595787],[-106.3469878,38.8672444],[-106.3447364,38.86863814],[-106.3426994,38.86938861],[-106.3401263,38.87121119],[-106.3388398,38.87174724],[-106.3358379,38.87206887],[-106.3368028,38.87496355],[-106.3360523,38.87635729],[-106.3351946,38.87925197],[-106.334337,38.88010966],[-106.3340153,38.88128897],[-106.3325144,38.88064571],[-106.3304774,38.88182503],[-106.3274755,38.88225387],[-106.3264034,38.88407645],[-106.3264034,38.88686392],[-106.326725,38.88729276],[-106.3260817,38.88890092],[-106.324688,38.89050908],[-106.3229726,38.8917956],[-106.3213645,38.89254608],[-106.3205068,38.89469029],[-106.3208284,38.8958696],[-106.3228654,38.89801381],[-106.324688,38.9029455],[-106.324152,38.90476807],[-106.3251169,38.90798439],[-106.3249024,38.90830602],[-106.3260817,38.91098628],[-106.3279043,38.91109349],[-106.3310134,38.91173676],[-106.3349802,38.91162955],[-106.3380893,38.90873486],[-106.3387326,38.90873486],[-106.3440931,38.90755555],[-106.3452724,38.90701949],[-106.3467734,38.90755555],[-106.3473094,38.90852044],[-106.3514906,38.90991418],[-106.3529916,38.91098628],[-106.3548142,38.91162955],[-106.3570656,38.91291607],[-106.3615684,38.91238002],[-106.3642487,38.91098628],[-106.3657496,38.90991418],[-106.367465,38.90691228],[-106.3721823,38.90637623],[-106.3734688,38.90659065],[-106.3762563,38.90959255],[-106.3761491,38.91184397],[-106.3757202,38.91302328],[-106.3766851,38.91570355],[-106.3764707,38.91677565],[-106.3772212,38.91795497],[-106.3770067,38.92267223],[-106.3790437,38.92417318],[-106.3803303,38.92492365],[-106.3808663,38.92567412],[-106.3830105,38.92395875],[-106.3834394,38.92299386],[-106.3862268,38.92299386],[-106.3868701,38.92117128],[-106.3890143,38.91999197],[-106.3923378,38.91881265],[-106.3929811,38.91774054],[-106.3934099,38.91441702],[-106.3930883,38.91366655],[-106.393946,38.91227281],[-106.3995209,38.91195118],[-106.402094,38.91066465],[-106.4031661,38.91087907],[-106.4049887,38.91270165],[-106.4060608,38.91302328],[-106.4075617,38.91473865],[-106.4120646,38.91570355],[-106.4131367,38.9162396],[-106.414316,38.91816939],[-106.4156025,38.91849102],[-106.4172107,38.92084965],[-106.4182828,38.92535249],[-106.4181756,38.92663902],[-106.4193549,38.92771112],[-106.4218207,38.92803275],[-106.4249298,38.92610296],[-106.4273957,38.92588854],[-106.4302904,38.92492365],[-106.4321129,38.92299386],[-106.4337211,38.92052802],[-106.4343644,38.91999197],[-106.4349004,38.91816939],[-106.4369374,38.91634681],[-106.4371518,38.91495307],[-106.439296,38.91548912],[-106.4421907,38.91559633],[-106.4436917,38.91463144],[-106.4447638,38.91463144],[-106.4460503,38.91388097],[-106.4479801,38.91430981],[-106.4499099,38.91302328],[-106.4537695,38.91270165],[-106.4578435,38.9101286],[-106.4587011,38.9101286],[-106.4619175,38.91130791],[-106.4650266,38.91034302],[-106.4670636,38.91162955],[-106.4674924,38.91227281],[-106.4689933,38.91238002],[-106.4700655,38.91302328],[-106.4722097,38.91591797],[-106.4748899,38.91613239],[-106.4808937,38.91859823],[-106.482073,38.92095686],[-106.48411,38.9213857],[-106.485611,38.92213618],[-106.4873263,38.92352991],[-106.4898994,38.92631739],[-106.4907571,38.92964091],[-106.4923652,38.93017696],[-106.4938662,38.93114186],[-106.4962248,38.93350049],[-106.4987979,38.9346798],[-106.5006204,38.93478701],[-106.5017998,38.93532307],[-106.5026574,38.93639517],[-106.5043728,38.93682401],[-106.5055521,38.93950428],[-106.5058738,38.94089801],[-106.5058738,38.94293501],[-106.5053377,38.94443596],[-106.5071603,38.94604412],[-106.5081252,38.94593691],[-106.5131641,38.94743785],[-106.5143434,38.94829554],[-106.5157371,38.94861717],[-106.516702,38.95033254],[-106.5183102,38.95151185],[-106.5199183,38.95397769],[-106.5220625,38.95387048],[-106.5231346,38.95440654],[-106.5262438,38.9550498],[-106.5284952,38.95987427],[-106.5258149,38.96309059],[-106.5240995,38.96416269],[-106.5231346,38.96555643],[-106.5218481,38.96866553],[-106.5244212,38.97113137],[-106.5246356,38.97231069],[-106.5262438,38.97659911],[-106.528388,38.98078032],[-106.5320331,38.98142358],[-106.5341773,38.98228127],[-106.5359999,38.98346058],[-106.5398595,38.98656969],[-106.5421109,38.98828505],[-106.5442551,38.98914274],[-106.5454344,38.99042926],[-106.546721,38.99107253],[-106.5501517,38.99150137],[-106.5512238,38.99203742],[-106.5521887,38.99343116],[-106.5542257,38.99868447],[-106.5561555,38.99814842],[-106.5590502,38.99857726],[-106.5604439,38.99825563],[-106.561516,38.99696911],[-106.5628025,38.99643305],[-106.5661261,38.99375279],[-106.5684847,38.99450326],[-106.5698784,38.99450326],[-106.5706289,38.99396721],[-106.5747029,38.9927879],[-106.5771687,38.99042926],[-106.5795274,38.99171579],[-106.5809211,38.99193021],[-106.5827437,38.99150137],[-106.5856384,38.99268069],[-106.5868177,38.99268069],[-106.5904628,38.99128695],[-106.594108,38.99096532],[-106.5955017,38.99128695],[-106.5992541,38.99804121],[-106.6010767,38.99804121],[-106.6027921,38.99739795],[-106.6031137,38.99686189],[-106.6077237,38.995897],[-106.6084742,38.99611142],[-106.6115833,38.99546816],[-106.6135131,38.99632584],[-106.6139419,38.99889889],[-106.6146924,38.999971],[-106.6157645,38.999971],[-106.6175871,39.00179358],[-106.6193025,39.00254405],[-106.6230548,39.00318731],[-106.6241269,39.00361616],[-106.6247702,39.006082],[-106.6261639,39.00672526],[-106.6264856,39.00747573],[-106.6276649,39.00790458],[-106.6297019,39.01047763],[-106.6300235,39.012193],[-106.6332398,39.01208579],[-106.6345264,39.01262184],[-106.6360273,39.01380115],[-106.6378499,39.01465884],[-106.6381715,39.016267],[-106.6383859,39.01926889],[-106.6411734,39.02023378],[-106.6440681,39.02076984],[-106.6444969,39.02130589],[-106.6472844,39.02173473],[-106.6483565,39.02216357],[-106.6488926,39.02312847],[-106.6489998,39.02441499],[-106.6500719,39.02634478],[-106.6498575,39.02730968],[-106.64707,39.02977552],[-106.6465339,39.03084762],[-106.6469628,39.0315981],[-106.6468556,39.03331347],[-106.6482493,39.03599373],[-106.6502863,39.03706583],[-106.6522161,39.03888841],[-106.6518945,39.0408182],[-106.6526449,39.04189031],[-106.6555396,39.04446336],[-106.6589704,39.04360567],[-106.6628299,39.04189031],[-106.665403,39.04199752],[-106.6669039,39.04253357],[-106.6680832,39.04371288],[-106.6708707,39.04382009],[-106.6732294,39.04467778],[-106.674087,39.04585709],[-106.6765529,39.04574988],[-106.6791259,39.04521383],[-106.6814846,39.04553546],[-106.6830927,39.04510662],[-106.6853441,39.04542825],[-106.6862018,39.04789409],[-106.6879172,39.04982388],[-106.689847,39.05057436],[-106.6908119,39.05132483],[-106.6915623,39.05314741],[-106.6929561,39.0550772],[-106.6949931,39.05572046],[-106.6975661,39.05550604],[-106.6986382,39.05582767],[-106.702069,39.05550604],[-106.7030339,39.05593488],[-106.7057141,39.05475557],[-106.7078583,39.05346904],[-106.7093593,39.05035994],[-106.7095737,39.04875178],[-106.7103242,39.04757246],[-106.7133261,39.04864457],[-106.7146126,39.04864457],[-106.7171857,39.04832294],[-106.720402,39.04682199],[-106.7226534,39.04510662],[-106.7245832,39.04532104],[-106.7276923,39.04617873],[-106.7295149,39.04650036],[-106.7320879,39.04639315],[-106.734661,39.0448922],[-106.7371268,39.04499941],[-106.7389494,39.04607152],[-106.7406648,39.04585709],[-106.741308,39.04457057],[-106.7421657,39.04403452],[-106.7446315,39.04349846],[-106.7466685,39.04264078],[-106.7493488,39.04253357],[-106.7479551,39.04135425],[-106.7472046,39.04006773],[-106.7467758,39.03781631],[-106.7465613,39.03556489],[-106.7458109,39.03202694],[-106.7449532,39.02966831],[-106.7451676,39.02688084],[-106.7469902,39.02698805],[-106.7513858,39.02580873],[-106.7544949,39.02259242],[-106.755031,39.02109147],[-106.7573896,39.01969773],[-106.7618924,39.01926889],[-106.7615708,39.01615979],[-106.7624285,39.01487326],[-106.765216,39.01208579],[-106.7660736,39.01176415],[-106.7682179,39.01026321],[-106.7686467,39.008119],[-106.7697188,39.00747573],[-106.7735784,39.00683247],[-106.7749721,39.006082],[-106.7767947,39.00350895],[-106.7771163,39.00232963],[-106.7780812,39.00125753],[-106.7799038,39.00039984],[-106.7801182,38.99975658],[-106.782048,38.99889889],[-106.7832273,38.99739795],[-106.7837634,38.99578979],[-106.783549,38.99396721],[-106.7825841,38.99246626],[-106.7822624,38.9907509],[-106.7839778,38.98689132],[-106.787623,38.98431827],[-106.7907321,38.98410385],[-106.7945916,38.98485432],[-106.7966286,38.98421106],[-106.7973791,38.98335337],[-106.8002738,38.98217406],[-106.7997377,38.979601],[-106.801882,38.97831448],[-106.8042406,38.97810006],[-106.8046694,38.9785289],[-106.8083146,38.97895774],[-106.8106732,38.97863611],[-106.8123886,38.97970821],[-106.8152833,38.98035148],[-106.8168914,38.98142358],[-106.8193573,38.98002985],[-106.8236457,38.97949379],[-106.8257899,38.97810006],[-106.8272908,38.97767122],[-106.8296495,38.97863611],[-106.8313648,38.97970821],[-106.8321153,38.98078032],[-106.8342595,38.98088753],[-106.8354388,38.98206685],[-106.8358677,38.98356779],[-106.8397273,38.9846399],[-106.8407994,38.98560479],[-106.8439085,38.985712],[-106.8455166,38.98624806],[-106.8469104,38.98699853],[-106.8489474,38.98935716],[-106.8496978,38.99150137],[-106.8510916,38.99375279],[-106.8529142,38.99557537],[-106.8548439,38.99686189],[-106.8560233,38.99825563],[-106.8569881,38.999971],[-106.8567737,39.00115032],[-106.8583819,39.00297289],[-106.8582747,39.00372337],[-106.8595612,39.00576037],[-106.8591324,39.00651084],[-106.8597756,39.00833342],[-106.8608477,39.00929831],[-106.8617054,39.00940552],[-106.8651361,39.00833342],[-106.8677092,39.00683247],[-106.8689957,39.00726131],[-106.8704967,39.00651084],[-106.8725337,39.00661805],[-106.8746779,39.00693968],[-106.8765005,39.00693968],[-106.8781086,39.00586758],[-106.8787519,39.004045],[-106.8786447,39.00286568],[-106.8766077,38.999971],[-106.8768221,38.99729074],[-106.8775726,38.99643305],[-106.8780014,38.99428884],[-106.8789663,38.99428884],[-106.8796096,38.99343116],[-106.8815394,38.9927879],[-106.8836836,38.99139416],[-106.8843268,38.99042926],[-106.8868999,38.99107253],[-106.8911883,38.99107253],[-106.8931181,38.98957158],[-106.8959056,38.99010763],[-106.8993363,38.99171579],[-106.9003012,38.99246626],[-106.902767,38.99203742],[-106.9064122,38.99203742],[-106.9082348,38.99257347],[-106.9075915,38.99503932],[-106.9084492,38.99632584],[-106.9100573,38.999971],[-106.9111295,39.00061426],[-106.9115583,38.999971],[-106.9141313,38.99986379],[-106.9178837,38.99922053],[-106.9215289,39.00125753],[-106.9233515,39.00190079],[-106.9283903,39.00458105],[-106.9298913,39.00500989],[-106.9328932,39.00533152],[-106.9350374,39.006082],[-106.9357879,39.00736852],[-106.9378249,39.00822621],[-106.9407196,39.01112089],[-106.9446863,39.01444442],[-106.9460801,39.01476605],[-106.9483315,39.01476605],[-106.9510118,39.01658863],[-106.955193,39.01658863],[-106.9580877,39.01551652],[-106.9607679,39.01637421],[-106.9629121,39.01680305],[-106.9647347,39.01755352],[-106.9650563,39.01894726],[-106.9640914,39.02109147],[-106.9652708,39.02334289],[-106.9641987,39.02688084],[-106.9639842,39.02848899],[-106.9643059,39.0295611],[-106.9673078,39.03084762],[-106.9680582,39.02988273],[-106.9711673,39.02902505],[-106.9737404,39.02891783],[-106.9776,39.02988273],[-106.9795298,39.03074041],[-106.9819956,39.03031157],[-106.9879994,39.03084762],[-106.9914301,39.0326702],[-106.9950753,39.0336351],[-106.9961474,39.03417115],[-106.9968979,39.0356721],[-106.9993637,39.03888841],[-107.0016151,39.04231915],[-106.9996853,39.04274799],[-106.9977555,39.04628594],[-106.9978627,39.04810851],[-106.9967906,39.04939504],[-106.9949681,39.05057436],[-106.9932527,39.05132483],[-106.9897148,39.05196809],[-106.9892859,39.05550604],[-106.9911085,39.05850793],[-106.9908941,39.06000888],[-106.9900364,39.06097377],[-106.9890715,39.06097377],[-106.9872489,39.06183146],[-106.9863912,39.06247472],[-106.986284,39.0642973],[-106.9868201,39.06719198],[-106.9884282,39.06933619],[-106.9889643,39.07072993],[-106.9942176,39.06965783],[-106.9970051,39.06933619],[-107.0006502,39.07190925],[-107.0015079,39.07308856],[-107.0030089,39.07426788],[-107.0042954,39.0744823],[-107.0053675,39.07576882],[-107.0056891,39.07673372],[-107.0093343,39.08048609],[-107.0109424,39.08305914],[-107.0124434,39.08434566],[-107.0152308,39.08563219],[-107.0171606,39.08734756],[-107.0180183,39.08766919],[-107.0195193,39.08938456],[-107.0262735,39.0908855],[-107.0292754,39.09195761],[-107.0300259,39.09345856],[-107.0317413,39.09345856],[-107.0342071,39.09442345],[-107.0363513,39.0949595],[-107.0378523,39.09613882],[-107.0407469,39.0990335],[-107.0447137,39.10085608],[-107.0462147,39.10192819],[-107.047394,39.10342913],[-107.0485733,39.10428682],[-107.0497526,39.1061094],[-107.0507175,39.10675266],[-107.0517896,39.10911129],[-107.0531834,39.11061224],[-107.0570429,39.11114829],[-107.060152,39.11200597],[-107.0629395,39.11543671],[-107.0631539,39.1164016],[-107.0663703,39.11876024],[-107.0792355,39.11886745],[-107.2825066,39.11876024],[-107.2815417,39.11929629],[-107.2818634,39.12090445],[-107.2830427,39.12283423],[-107.2827211,39.12401355],[-107.2854013,39.12497844],[-107.2848653,39.12637218],[-107.2836859,39.12701544],[-107.2835787,39.12830197],[-107.2855085,39.13098223],[-107.286259,39.13366249],[-107.2859374,39.13484181],[-107.2865806,39.13687881],[-107.2876527,39.1378437],[-107.2881888,39.13977349],[-107.2906546,39.14170328],[-107.2921556,39.1439547],[-107.2938709,39.14470518],[-107.2945142,39.14631333],[-107.294407,39.14727823],[-107.2953719,39.14942244],[-107.2958007,39.15167386],[-107.2956935,39.15360365],[-107.2962296,39.15435412],[-107.2991243,39.1561767],[-107.3006252,39.15649833],[-107.3035199,39.15564065],[-107.304592,39.15574786],[-107.305128,39.15660554],[-107.3075939,39.15714159],[-107.3099525,39.15874975],[-107.3113463,39.15950023],[-107.3119895,39.16046512],[-107.3141337,39.16196607],[-107.3157419,39.16378865],[-107.3187438,39.16528959],[-107.3217457,39.16571843],[-107.3248548,39.16582565],[-107.3282855,39.16528959],[-107.3307514,39.16593286],[-107.3334316,39.16625449],[-107.3361119,39.16764822],[-107.3368624,39.16904196],[-107.3385777,39.16893475],[-107.3415796,39.1683987],[-107.3435094,39.16861312],[-107.3456536,39.1694708],[-107.3482267,39.17032849],[-107.3536944,39.17333038],[-107.3541232,39.17611785],[-107.355517,39.17718996],[-107.3576612,39.17987022],[-107.3587333,39.18158559],[-107.3596982,39.1848019],[-107.3611991,39.18512354],[-107.3635578,39.18630285],[-107.3651659,39.18823264],[-107.3664525,39.19059127],[-107.3668813,39.19209222],[-107.3683822,39.19262827],[-107.3710625,39.19455806],[-107.3729923,39.19670227],[-107.3755653,39.19788159],[-107.3767447,39.1990609],[-107.3776023,39.20077627],[-107.3770663,39.20409979],[-107.37846,39.206244],[-107.3783528,39.20817379],[-107.3795321,39.20860264],[-107.3806042,39.21021079],[-107.3798538,39.21203337],[-107.3780312,39.21482084],[-107.3776023,39.21707226],[-107.3768519,39.22018137],[-107.3771735,39.2214679],[-107.3768519,39.22339768],[-107.3778168,39.22414816],[-107.3785672,39.22618516],[-107.3785672,39.22757889],[-107.377924,39.22875821],[-107.3789961,39.23004474],[-107.3793177,39.23111684],[-107.3778168,39.23401152],[-107.3755653,39.23712063],[-107.3713841,39.23894321],[-107.3719202,39.23980089],[-107.37385,39.24055136],[-107.3753509,39.24183789],[-107.375887,39.24323163],[-107.3759942,39.24548305],[-107.3780312,39.24676957],[-107.3797466,39.24730563],[-107.3843566,39.24784168],[-107.3847854,39.24880657],[-107.3863936,39.25030752],[-107.3892883,39.25020031],[-107.3904676,39.25062915],[-107.3917541,39.25234452],[-107.392183,39.25502478],[-107.3943272,39.25588247],[-107.3944344,39.25631131],[-107.3959353,39.25502478],[-107.3978651,39.25373826],[-107.400331,39.25298778],[-107.4032257,39.25384547],[-107.4071924,39.25341662],[-107.4093367,39.25448873],[-107.4114809,39.25427431],[-107.4134107,39.25470315],[-107.4148044,39.25556083],[-107.4181279,39.25588247],[-107.4196289,39.25534641],[-107.4219875,39.25556083],[-107.4244533,39.25652573],[-107.4243461,39.25759783],[-107.4269192,39.25770504],[-107.4295994,39.2572762],[-107.4305643,39.25652573],[-107.4299211,39.25534641],[-107.4298139,39.25373826],[-107.4301355,39.25255894],[-107.429385,39.25062915],[-107.4304571,39.24902099],[-107.4305643,39.24666236],[-107.4291706,39.24226673],[-107.4302427,39.24055136],[-107.4318509,39.2399081],[-107.4358176,39.23915763],[-107.4367825,39.23829994],[-107.4394628,39.23690621],[-107.4428935,39.23647737],[-107.4437512,39.234762],[-107.4464315,39.23326105],[-107.449755,39.23229616],[-107.4510415,39.230688],[-107.4544723,39.23025916],[-107.4569381,39.22950868],[-107.4585463,39.22940147],[-107.4607977,39.23036637],[-107.463478,39.22843658],[-107.4657294,39.228651],[-107.4690529,39.22832937],[-107.4713043,39.22918705],[-107.4747351,39.22907984],[-107.4774153,39.23047358],[-107.4780586,39.23111684],[-107.4787018,39.23358268],[-107.4805244,39.23390431],[-107.4828831,39.23561968],[-107.484384,39.23519084],[-107.4849201,39.23251058],[-107.4857777,39.23133126],[-107.4857777,39.22907984],[-107.4868498,39.22682842],[-107.4877075,39.22564911],[-107.4928536,39.2214679],[-107.494569,39.218466],[-107.4975709,39.21750111],[-107.5005728,39.21792995],[-107.5005728,39.15028012],[-107.50068,39.12165492],[-107.5005728,38.83518846],[-107.50068,38.66858334],[-107.5005728,38.43314908],[-107.5003584,38.43261303],[-107.5002512,38.38083035],[-107.5001439,38.36410552],[-107.5000367,38.30192342],[-107.6350148,38.30192342],[-107.6339427,38.29999364],[-107.6316912,38.29720616],[-107.6312624,38.29516916],[-107.6296542,38.29420427],[-107.6300831,38.29227448],[-107.6293326,38.29034469],[-107.629547,38.28873653],[-107.6292254,38.28787885],[-107.6265451,38.28594906],[-107.6252586,38.28305438],[-107.6250442,38.28080296],[-107.6245081,38.27973085],[-107.6231144,38.27898038],[-107.6198981,38.27522801],[-107.6191476,38.2751208],[-107.6171106,38.27544243],[-107.6170034,38.27254775],[-107.6157169,38.27147564],[-107.614752,38.27008191],[-107.6153952,38.2690098],[-107.6142159,38.26718722],[-107.6134654,38.26472138],[-107.612715,38.26354207],[-107.612715,38.26214833],[-107.6115357,38.2608618],[-107.6070328,38.25785991],[-107.6021011,38.25550128],[-107.6001713,38.25389312],[-107.5973839,38.25335707],[-107.5939531,38.25357149],[-107.5922378,38.25292823],[-107.5907368,38.25207054],[-107.590308,38.25099844],[-107.5886998,38.24928307],[-107.5885926,38.24671002],[-107.5876277,38.24520907],[-107.5866628,38.24306486],[-107.5875205,38.24027739],[-107.586234,38.2383476],[-107.5853763,38.23759712],[-107.5849475,38.23620339],[-107.582696,38.23459523],[-107.5824816,38.23255823],[-107.5819456,38.23095007],[-107.5802302,38.23084286],[-107.5799086,38.22784097],[-107.5803374,38.22644723],[-107.5803374,38.22494628],[-107.5790509,38.22269486],[-107.5795869,38.22033623],[-107.5808735,38.21808481],[-107.5799086,38.2159406],[-107.5800158,38.21411802],[-107.5809807,38.21272429],[-107.5787292,38.21197381],[-107.5774427,38.21047287],[-107.5756201,38.2098296],[-107.5750841,38.20789982],[-107.5750841,38.20564839],[-107.5752985,38.20371861],[-107.5758346,38.20275371],[-107.5751913,38.20039508],[-107.5754057,38.19943019],[-107.5743336,38.19835808],[-107.5743336,38.19674992],[-107.5732615,38.19621387],[-107.5734759,38.19482013],[-107.5726182,38.19406966],[-107.5727255,38.19299756],[-107.5721894,38.19203266],[-107.5720822,38.19010287],[-107.572511,38.18881635],[-107.5722966,38.18742261],[-107.5714389,38.18495677],[-107.5707957,38.18399187],[-107.5702596,38.18131161],[-107.5680082,38.18077556],[-107.5680082,38.17948903],[-107.5666145,38.17659435],[-107.5675794,38.17252035],[-107.5680082,38.17144824],[-107.5665072,38.17069777],[-107.5662928,38.16876798],[-107.5642558,38.16662377],[-107.5632909,38.16212093],[-107.5622188,38.15879741],[-107.5630765,38.15611714],[-107.5629693,38.15558109],[-107.5631837,38.15290083],[-107.5646847,38.14979172],[-107.5671505,38.14936288],[-107.5686515,38.14871962],[-107.5686515,38.14721867],[-107.5626477,38.14711146],[-107.5005728,38.14711146],[-107.3839278,38.14721867],[-107.3755653,38.14711146],[-107.3518718,38.14721867],[-107.3296793,38.14711146],[-107.2466983,38.14721867],[-107.1256577,38.14711146],[-107.1053949,38.14689704],[-107.0583295,38.14711146],[-107.0511464,38.14689704],[-107.0483589,38.14711146],[-107.0010791,38.14711146]]]},"properties":{"name":"Gunnison=GUN","type":"county"}},
{"type":"Feature","geometry":{"type":"Polygon","coordinates":[[[-107.0010791,38.14711146],[-107.0483589,38.14711146],[-107.0511464,38.14689704],[-107.0583295,38.14711146],[-107.1053949,38.14689704],[-107.1256577,38.14711146],[-107.2466983,38.14721867],[-107.3296793,38.14711146],[-107.3518718,38.14721867],[-107.3755653,38.14711146],[-107.3839278,38.14721867],[-107.5005728,38.14711146],[-107.5626477,38.14711146],[-107.5686515,38.14721867],[-107.5709029,38.14400236],[-107.5716534,38.14325188],[-107.5718678,38.1414293],[-107.5724038,38.14121488],[-107.5727255,38.13885625],[-107.5736904,38.13789136],[-107.5742264,38.13596157],[-107.5734759,38.13499667],[-107.5722966,38.13510388],[-107.5700452,38.13467504],[-107.5691875,38.13403178],[-107.5696164,38.13328131],[-107.5681154,38.13060104],[-107.5646847,38.12792078],[-107.564363,38.12588378],[-107.5637198,38.1250261],[-107.5631837,38.12320352],[-107.5642558,38.11902231],[-107.5637198,38.11644926],[-107.5620044,38.11441226],[-107.5608251,38.11055268],[-107.5615756,38.10894452],[-107.5613611,38.10733636],[-107.5621116,38.10647868],[-107.5625405,38.10315516],[-107.5622188,38.10197584],[-107.5630765,38.10047489],[-107.5641486,38.10004605],[-107.5654351,38.09886674],[-107.5646847,38.09704416],[-107.5628621,38.09532879],[-107.5598602,38.09168363],[-107.5603962,38.09061153],[-107.5601818,38.08836011],[-107.5595386,38.08718079],[-107.5573944,38.08567984],[-107.5563223,38.08289237],[-107.5555718,38.08224911],[-107.5544997,38.0801049],[-107.5535348,38.07924721],[-107.5520338,38.07903279],[-107.5503185,38.07828232],[-107.5482815,38.07871116],[-107.5472094,38.07946163],[-107.5444219,38.08074816],[-107.5415272,38.07978327],[-107.5390614,38.07978327],[-107.5360595,38.07946163],[-107.533272,38.0801049],[-107.5318783,38.07828232],[-107.5309134,38.07774627],[-107.5300557,38.07645974],[-107.5290908,38.07688858],[-107.5280187,38.07570927],[-107.5265177,38.07592369],[-107.525124,38.07474437],[-107.5243735,38.07281458],[-107.5221221,38.07174248],[-107.5205139,38.07045595],[-107.5168688,38.06970548],[-107.5153678,38.0678829],[-107.514939,38.06498822],[-107.5138669,38.06348727],[-107.5125804,38.06262959],[-107.510865,38.06091422],[-107.5114011,38.06016374],[-107.5152606,38.05844838],[-107.5159039,38.05791232],[-107.5172976,38.05780511],[-107.5187986,38.05823396],[-107.5202995,38.05759069],[-107.5222293,38.05726906],[-107.5229798,38.05533927],[-107.5219077,38.05405275],[-107.52105,38.05223017],[-107.5227654,38.04815617],[-107.5216933,38.04740569],[-107.5206212,38.04569033],[-107.5223365,38.04418938],[-107.5219077,38.04258122],[-107.5229798,38.04108027],[-107.5253384,38.03904328],[-107.5270538,38.03990096],[-107.5311278,38.03893606],[-107.531771,38.03700628],[-107.5334864,38.03561254],[-107.5344513,38.03443322],[-107.5360595,38.03368275],[-107.5375604,38.03228901],[-107.5367027,38.03057365],[-107.5368099,38.02864386],[-107.5388469,38.02821501],[-107.5398118,38.02714291],[-107.5389541,38.02532033],[-107.537346,38.02435544],[-107.5365955,38.02274728],[-107.5375604,38.01974539],[-107.5383109,38.01931654],[-107.539383,38.01770839],[-107.539383,38.01470649],[-107.5383109,38.01395602],[-107.537882,38.01309833],[-107.5380965,38.0117046],[-107.5379893,38.00891712],[-107.5400263,38.00752339],[-107.5420633,38.00677291],[-107.5433498,38.00580802],[-107.5444219,38.00366381],[-107.5453868,38.00291334],[-107.5463517,38.00087634],[-107.5486031,37.99883934],[-107.5498896,37.99830328],[-107.5523555,37.99883934],[-107.5542853,37.9994826],[-107.5565367,37.99916097],[-107.5598602,38.00109076],[-107.5621116,38.00312776],[-107.5636126,38.00366381],[-107.5644702,38.00452149],[-107.5659712,38.00516476],[-107.5695091,38.00537918],[-107.5739048,38.00634407],[-107.5743336,38.0046287],[-107.5757274,38.00387823],[-107.5793725,38.00141239],[-107.5804446,38.00055471],[-107.5815167,38.00023307],[-107.584197,38.00012586],[-107.58677,37.99937539],[-107.5865556,37.99712397],[-107.58677,37.99380044],[-107.5878421,37.99326439],[-107.5913801,37.9922995],[-107.5897719,37.98961923],[-107.5897719,37.98843992],[-107.5889142,37.98468755],[-107.5881638,37.98275776],[-107.5868772,37.98061355],[-107.5851619,37.97879097],[-107.584197,37.9760035],[-107.5873061,37.97214392],[-107.588271,37.97032134],[-107.5869845,37.96849877],[-107.5852691,37.96796271],[-107.5830177,37.96796271],[-107.5805518,37.96839155],[-107.5776571,37.96753387],[-107.5763706,37.96753387],[-107.5754057,37.96699782],[-107.5726182,37.96667619],[-107.5711173,37.96624734],[-107.5688659,37.96506803],[-107.5689731,37.96313824],[-107.5683298,37.96195892],[-107.5672577,37.96131566],[-107.5648991,37.96120845],[-107.5633981,37.95595514],[-107.5592169,37.95370372],[-107.5578232,37.95338208],[-107.5549285,37.95209556],[-107.5514978,37.95027298],[-107.5510689,37.94973693],[-107.547531,37.94898645],[-107.5442075,37.94866482],[-107.5400263,37.94791435],[-107.537346,37.94759272],[-107.5342369,37.94491246],[-107.5326287,37.94394756],[-107.5326287,37.94083846],[-107.5324143,37.94062404],[-107.5343441,37.93815819],[-107.5341297,37.93708609],[-107.5376676,37.93462025],[-107.5383109,37.93161835],[-107.5383109,37.92979577],[-107.537346,37.92615062],[-107.5345585,37.92464967],[-107.5364883,37.92239825],[-107.5367027,37.92111172],[-107.5359523,37.92014683],[-107.5339153,37.91896751],[-107.5306989,37.9168233],[-107.529198,37.91467909],[-107.5288764,37.9137142],[-107.529734,37.91178441],[-107.529198,37.90974741],[-107.5285547,37.90878252],[-107.5285547,37.90706715],[-107.5274826,37.90620946],[-107.5248024,37.90535178],[-107.5245879,37.90406525],[-107.5201923,37.90127778],[-107.521586,37.9004201],[-107.5218005,37.89881194],[-107.523087,37.89752541],[-107.5264105,37.89623889],[-107.5260889,37.89366584],[-107.527161,37.89141441],[-107.5290908,37.89002068],[-107.531235,37.88916299],[-107.5330576,37.88937742],[-107.5334864,37.88809089],[-107.5325215,37.88401689],[-107.5344513,37.88176547],[-107.5364883,37.88015731],[-107.5362739,37.87854915],[-107.535309,37.87715542],[-107.5349874,37.87501121],[-107.5360595,37.8739391],[-107.5325215,37.872867],[-107.527697,37.87040116],[-107.5259817,37.86890021],[-107.5241591,37.86664879],[-107.5243735,37.86514784],[-107.52105,37.86182432],[-107.5208356,37.8595729],[-107.5201923,37.85871521],[-107.5186914,37.85807195],[-107.5178337,37.85699984],[-107.5183697,37.85410516],[-107.5183697,37.85174653],[-107.5185842,37.84917348],[-107.519013,37.84831579],[-107.5202995,37.84831579],[-107.52105,37.8473509],[-107.5209428,37.84488506],[-107.5218005,37.84467064],[-107.5220149,37.84145432],[-107.5208356,37.84188316],[-107.5196563,37.8412399],[-107.5206212,37.83952453],[-107.5183697,37.83898848],[-107.5172976,37.83738032],[-107.517512,37.83662985],[-107.5162255,37.83459285],[-107.5168688,37.83352074],[-107.5161183,37.83191259],[-107.5165472,37.82976838],[-107.5172976,37.82933953],[-107.5165472,37.82644485],[-107.5153678,37.82655206],[-107.512902,37.82537275],[-107.5103289,37.82472948],[-107.5064694,37.82430064],[-107.5029314,37.82365738],[-107.5000367,37.82344296],[-107.4982142,37.8229069],[-107.4970348,37.82301411],[-107.4948906,37.82408622],[-107.4902806,37.82430064],[-107.4854561,37.82237085],[-107.4830975,37.82011943],[-107.4822398,37.81990501],[-107.4821326,37.81894012],[-107.4812749,37.81861848],[-107.4789163,37.8166887],[-107.4760216,37.81604543],[-107.4747351,37.81561659],[-107.4722692,37.81229306],[-107.4709827,37.81175701],[-107.4688385,37.80972001],[-107.4684096,37.80875512],[-107.4689457,37.80789743],[-107.468088,37.80736138],[-107.468088,37.80661091],[-107.4668015,37.80457391],[-107.4669087,37.8035018],[-107.4662654,37.80360901],[-107.4656222,37.80092875],[-107.4658366,37.79996386],[-107.4646573,37.80007107],[-107.461977,37.79878454],[-107.4621914,37.79717638],[-107.4610121,37.79685475],[-107.4602616,37.79492496],[-107.4591895,37.7942817],[-107.4596184,37.7922447],[-107.459404,37.78956444],[-107.4607977,37.78688418],[-107.4595112,37.7861337],[-107.4592967,37.78420391],[-107.4582246,37.78238133],[-107.4583319,37.78184528],[-107.4603689,37.78152365],[-107.4607977,37.77970107],[-107.4617626,37.77862897],[-107.4639068,37.77712802],[-107.4641212,37.77584149],[-107.4651933,37.77444776],[-107.4648717,37.77359007],[-107.4663726,37.77090981],[-107.4672303,37.77037376],[-107.467552,37.76930165],[-107.4669087,37.76844397],[-107.4673375,37.76790792],[-107.4666943,37.76715744],[-107.4669087,37.76629976],[-107.4690529,37.76512044],[-107.4689457,37.76608534],[-107.4696962,37.76662139],[-107.4707683,37.76651418],[-107.4732341,37.76758629],[-107.4747351,37.7676935],[-107.476236,37.76855118],[-107.4783802,37.76930165],[-107.4809533,37.76801513],[-107.4822398,37.76833676],[-107.4820254,37.75000376],[-107.4822398,37.74389276],[-107.4821326,37.63946974],[-107.4819182,37.49998887],[-107.4822398,37.49784466],[-107.4820254,37.45828399],[-107.4821326,37.4226901],[-107.3755653,37.423655],[-107.356053,37.42311894],[-107.1286596,37.42290452],[-107.1286596,37.47361509],[-107.1278019,37.49998887],[-107.1255505,37.60044511],[-107.1244784,37.61213106],[-107.1237279,37.62499632],[-107.1238351,37.67506362],[-107.1256577,37.67517083],[-107.14517,37.67549246],[-107.1432402,37.70808446],[-107.1429186,37.7156964],[-107.1428113,37.71623246],[-107.1406671,37.75000376],[-107.1399167,37.75718687],[-107.1373436,37.82880348],[-107.1386301,37.86589832],[-107.1382013,37.87501121],[-107.1382013,37.93880146],[-107.1356282,37.93847982],[-107.134985,37.93783656],[-107.1313398,37.93762214],[-107.1296245,37.93783656],[-107.1256577,37.93912309],[-107.1220125,37.94083846],[-107.1157943,37.94201777],[-107.1123636,37.94276825],[-107.1106482,37.9433043],[-107.1083968,37.94459082],[-107.1061454,37.94716388],[-107.1056093,37.94952251],[-107.1038939,37.95381093],[-107.1032507,37.95509745],[-107.1020714,37.95477582],[-107.1014281,37.95295324],[-107.1000344,37.95188114],[-107.0973541,37.95080903],[-107.0945666,37.94930809],[-107.0921008,37.94920088],[-107.0893133,37.94995135],[-107.0883484,37.95038019],[-107.0867403,37.95273882],[-107.0855609,37.95338208],[-107.0802004,37.95434698],[-107.077949,37.95423977],[-107.0756976,37.95391814],[-107.0736606,37.9545614],[-107.0720524,37.95531187],[-107.0692649,37.95842098],[-107.0685145,37.96077961],[-107.067764,37.96131566],[-107.0669063,37.96045798],[-107.0654054,37.9597075],[-107.0614386,37.9597075],[-107.0604737,37.95917145],[-107.0597232,37.95777772],[-107.0594016,37.95563351],[-107.0576862,37.95338208],[-107.0563997,37.95230998],[-107.0552204,37.95220277],[-107.0528617,37.95316766],[-107.0511464,37.95295324],[-107.049431,37.95209556],[-107.0447137,37.94930809],[-107.0426767,37.94866482],[-107.0396748,37.94877203],[-107.0361369,37.9494153],[-107.0332422,37.95005856],[-107.0315268,37.95102345],[-107.030562,37.95306045],[-107.0283105,37.95413256],[-107.0255231,37.95445419],[-107.02295,37.95381093],[-107.0208058,37.95230998],[-107.0175895,37.94898645],[-107.0111569,37.94694945],[-107.0090126,37.94652061],[-107.0076189,37.94727109],[-107.0067612,37.94920088],[-107.006654,37.95413256],[-107.0062252,37.95616956],[-107.0047242,37.95692003],[-107.0023656,37.95595514],[-107.0006502,37.95606235],[-107.0015079,38.00001865],[-107.0019367,38.09275574],[-107.0012935,38.1250261],[-107.0010791,38.14711146]]]},"properties":{"name":"Hinsdale=HIN","type":"county"}},
{"type":"Feature","geometry":{"type":"Polygon","coordinates":[[[-105.1541638,37.29317982],[-105.1523412,37.2929654],[-105.1505186,37.29382308],[-105.1480528,37.29639613],[-105.1459085,37.29586008],[-105.1430139,37.29596729],[-105.1399048,37.29703939],[-105.1378678,37.29821871],[-105.134437,37.29918361],[-105.1315423,37.30111339],[-105.1310063,37.29907639],[-105.1301486,37.29789708],[-105.1281116,37.29682497],[-105.1255386,37.29628892],[-105.1250025,37.29650334],[-105.1198564,37.29596729],[-105.1154608,37.29628892],[-105.1125661,37.29843313],[-105.1105291,37.29950524],[-105.1092426,37.29971966],[-105.1039892,37.30132782],[-105.0994864,37.30347203],[-105.0983071,37.30379366],[-105.0970206,37.30583066],[-105.0948763,37.30818929],[-105.0947691,37.30947581],[-105.0961629,37.31183444],[-105.095734,37.31290655],[-105.0942331,37.31472913],[-105.0921961,37.31537239],[-105.0883365,37.31515797],[-105.085549,37.31526518],[-105.0841553,37.31494355],[-105.0815822,37.31580123],[-105.0776155,37.31655171],[-105.0751496,37.31665892],[-105.0740775,37.31730218],[-105.0737559,37.31976802],[-105.0715045,37.32201944],[-105.0680737,37.32609344],[-105.0609978,37.32823765],[-105.0575671,37.32920255],[-105.0557445,37.32952418],[-105.054458,37.33027465],[-105.0505984,37.33102512],[-105.0469533,37.33349097],[-105.0452379,37.33574239],[-105.0436297,37.33627844],[-105.0406278,37.33810102],[-105.0396629,37.33949475],[-105.0378404,37.34024523],[-105.0364466,37.34163896],[-105.0338736,37.34035244],[-105.0302284,37.33949475],[-105.0277626,37.33938754],[-105.0256184,37.3399236],[-105.0240102,37.34078128],[-105.0234742,37.34163896],[-105.0234742,37.34346154],[-105.0245463,37.34721391],[-105.0247607,37.35000138],[-105.0245463,37.35171675],[-105.0235814,37.35461143],[-105.0235814,37.35686285],[-105.0214372,37.35621959],[-105.0176848,37.35697007],[-105.0161838,37.3583638],[-105.0132892,37.3583638],[-105.011681,37.35879264],[-105.0086791,37.3613657],[-105.0066421,37.36265222],[-105.0048195,37.36318827],[-105.0036402,37.36576133],[-105.0022465,37.36683343],[-105.0018176,37.36811996],[-105.0007455,37.36908485],[-104.9954922,37.37551748],[-104.9947417,37.37583911],[-104.9899173,37.37594632],[-104.9883091,37.37551748],[-104.9868082,37.37433817],[-104.9834846,37.37337327],[-104.9800539,37.37423096],[-104.9768376,37.37648238],[-104.9757655,37.3766968],[-104.972978,37.37626796],[-104.9712626,37.37626796],[-104.9693329,37.3777689],[-104.9670814,37.3787338],[-104.9624714,37.38195011],[-104.9589334,37.38495201],[-104.9567892,37.38741785],[-104.9547522,37.38881158],[-104.952608,37.38966927],[-104.9483196,37.39063416],[-104.9467114,37.39149185],[-104.9448889,37.39052695],[-104.9406004,37.38924043],[-104.9388851,37.38924043],[-104.9371697,37.3899909],[-104.9359904,37.39117022],[-104.9352399,37.39245674],[-104.9325596,37.39545864],[-104.9305226,37.39620911],[-104.925591,37.39706679],[-104.9250549,37.39620911],[-104.9221602,37.39427932],[-104.9191583,37.39363606],[-104.9176574,37.39395769],[-104.915942,37.39352885],[-104.913369,37.39352885],[-104.9111175,37.39395769],[-104.909295,37.39331443],[-104.9079012,37.39234953],[-104.9060787,37.39009811],[-104.9029696,37.39020532],[-104.9010398,37.38945485],[-104.8986811,37.38924043],[-104.8946071,37.38945485],[-104.8928918,37.38945485],[-104.8902115,37.38859716],[-104.886888,37.38784669],[-104.8850654,37.38677458],[-104.8842077,37.38580969],[-104.8784183,37.38784669],[-104.877239,37.38773948],[-104.8755237,37.38827553],[-104.8747732,37.38806111],[-104.8739155,37.38870437],[-104.8729506,37.39041974],[-104.8716641,37.39127743],[-104.8687694,37.39159906],[-104.8663036,37.39138464],[-104.865017,37.39074137],[-104.8622296,37.3920279],[-104.8606214,37.39213511],[-104.8587988,37.39363606],[-104.854832,37.39427932],[-104.8509725,37.39545864],[-104.8472201,37.39567306],[-104.8444326,37.39653074],[-104.8418596,37.39792448],[-104.8399298,37.39803169],[-104.8383216,37.39867495],[-104.8369279,37.39856774],[-104.8353197,37.39781727],[-104.8347837,37.39524421],[-104.8328539,37.39578027],[-104.8314601,37.39545864],[-104.8266357,37.39567306],[-104.8252419,37.39599469],[-104.824277,37.39760285],[-104.8221328,37.3981389],[-104.819667,37.397174],[-104.8180588,37.39706679],[-104.8173084,37.39749563],[-104.8168795,37.39953263],[-104.8154858,37.40039032],[-104.814092,37.40006869],[-104.8124839,37.40028311],[-104.8110902,37.39867495],[-104.8085171,37.39963984],[-104.8071234,37.4022129],[-104.8049792,37.40242732],[-104.8036926,37.40296337],[-104.8029422,37.40189127],[-104.8005835,37.40028311],[-104.7990826,37.40028311],[-104.7975816,37.40114079],[-104.7951158,37.40146242],[-104.7935076,37.401248],[-104.7918995,37.40135521],[-104.7907202,37.40049753],[-104.7873966,37.40006869],[-104.7854668,37.40071195],[-104.7835371,37.40081916],[-104.783001,37.40049753],[-104.7820361,37.401248],[-104.7807496,37.40307058],[-104.7793558,37.40382105],[-104.77689,37.40403548],[-104.7746386,37.40392826],[-104.7734593,37.40607247],[-104.7718511,37.40650132],[-104.7699213,37.40489316],[-104.7689564,37.40478595],[-104.7675627,37.40542921],[-104.7608084,37.40542921],[-104.7584498,37.40703737],[-104.7563056,37.40714458],[-104.7543758,37.40639411],[-104.7521244,37.40682295],[-104.7489081,37.40703737],[-104.7484792,37.40746621],[-104.7494441,37.40971763],[-104.7491225,37.41046811],[-104.7495513,37.41325558],[-104.7471927,37.41572142],[-104.7456917,37.41679353],[-104.7431187,37.41786563],[-104.7423682,37.41872331],[-104.7424754,37.41979542],[-104.7401168,37.421618],[-104.7371149,37.42301173],[-104.7367933,37.42494152],[-104.7333625,37.42537037],[-104.7321832,37.42665689],[-104.7305751,37.42719294],[-104.7268227,37.42654968],[-104.725429,37.42740736],[-104.7256434,37.42890831],[-104.7251073,37.42998042],[-104.7237136,37.42944436],[-104.7211405,37.42944436],[-104.7203901,37.43115973],[-104.7181386,37.431803],[-104.71578,37.43469768],[-104.7147079,37.43512652],[-104.7125637,37.43662747],[-104.7114916,37.43652026],[-104.7113844,37.43748515],[-104.7105267,37.43748515],[-104.7084897,37.43662747],[-104.7057022,37.43769957],[-104.7046301,37.43759236],[-104.7036652,37.43823563],[-104.7023787,37.43812841],[-104.7019499,37.43887889],[-104.6999129,37.43920052],[-104.6995912,37.44016541],[-104.6983047,37.43984378],[-104.6977687,37.4389861],[-104.696911,37.4389861],[-104.6959461,37.43984378],[-104.6950884,37.43995099],[-104.6958389,37.44145194],[-104.6956244,37.44220241],[-104.6972326,37.44477547],[-104.6983047,37.44541873],[-104.6985191,37.44734852],[-104.6983047,37.44809899],[-104.699484,37.44981436],[-104.7008778,37.45045762],[-104.7003417,37.45099368],[-104.7007705,37.45206578],[-104.7005561,37.45378115],[-104.6995912,37.45463883],[-104.6995912,37.45742631],[-104.6986263,37.45785515],[-104.6984119,37.45914167],[-104.6993768,37.46096425],[-104.6993768,37.46289404],[-104.7000201,37.46385894],[-104.698948,37.46482383],[-104.6996984,37.46600315],[-104.698948,37.46804014],[-104.6999129,37.46986272],[-104.6972326,37.47179251],[-104.6963749,37.47329346],[-104.6958389,37.47543767],[-104.6940163,37.4757593],[-104.6921937,37.47811793],[-104.6917649,37.47908283],[-104.6923009,37.48036935],[-104.6934802,37.4818703],[-104.694874,37.48208472],[-104.6961605,37.48433614],[-104.6956244,37.48583709],[-104.6918721,37.48658756],[-104.6919793,37.48776688],[-104.6909072,37.48926782],[-104.6910144,37.49012551],[-104.6920865,37.49119761],[-104.6908,37.4920553],[-104.6909072,37.49291298],[-104.6897279,37.49441393],[-104.6857611,37.49602209],[-104.6810438,37.49602209],[-104.6701083,37.49494998],[-104.6664632,37.49484277],[-104.6492023,37.49527161],[-104.6329063,37.50717198],[-104.627653,37.51092435],[-104.6255088,37.51607045],[-104.6203627,37.53000781],[-104.5486388,37.57471459],[-104.5484244,37.6094508],[-104.5372745,37.62499632],[-104.5143315,37.65790994],[-104.5116512,37.66123347],[-104.5005013,37.67677899],[-104.4549369,37.74089087],[-104.4567594,37.74785955],[-104.4531143,37.75000376],[-104.3754939,37.79857012],[-104.3728136,37.8003927],[-104.3511571,37.81743917],[-104.5267679,37.86707763],[-104.5975268,37.88669715],[-104.6464148,37.90052731],[-104.6687146,37.89934799],[-104.6693579,37.89924078],[-104.6736463,37.89913357],[-104.7505162,37.89527399],[-104.846148,37.8902351],[-104.8683406,37.88916299],[-104.8755237,37.88873415],[-104.9013614,37.88734042],[-104.9457465,37.885089],[-104.9469259,37.88519621],[-104.9577541,37.88444573],[-104.9877731,37.88283757],[-105.013718,37.88122942],[-105.013718,37.88348084],[-105.015755,37.88551784],[-105.0196146,37.88701878],[-105.0217588,37.88744763],[-105.0304428,37.89205768],[-105.0336592,37.89355862],[-105.0348385,37.89463073],[-105.034624,37.89613168],[-105.0335519,37.89881194],[-105.0316222,37.90417246],[-105.0329087,37.90535178],[-105.0360178,37.90406525],[-105.038698,37.9044941],[-105.0390197,37.90610225],[-105.0398774,37.90813925],[-105.0439514,37.90953299],[-105.0445946,37.91028346],[-105.0445946,37.9116772],[-105.0494191,37.91521515],[-105.0499551,37.91542957],[-105.0543508,37.91746657],[-105.0556373,37.91703772],[-105.0572455,37.91596562],[-105.0593897,37.91618004],[-105.0615339,37.91607283],[-105.0632493,37.91693051],[-105.0642141,37.91789541],[-105.0642141,37.91853867],[-105.0658223,37.92079009],[-105.065179,37.92143336],[-105.0650718,37.92325593],[-105.0662511,37.92507851],[-105.0660367,37.92625783],[-105.0641069,37.92840204],[-105.0637853,37.92925972],[-105.0635709,37.93504909],[-105.0643214,37.93665725],[-105.0660367,37.93740772],[-105.0664656,37.93847982],[-105.0655007,37.94180335],[-105.0660367,37.94416198],[-105.0704324,37.94577014],[-105.0722549,37.94780714],[-105.0742919,37.94855761],[-105.0749352,37.94920088],[-105.0778299,37.95295324],[-105.0817967,37.95423977],[-105.0840481,37.95563351],[-105.0843697,37.95541908],[-105.085549,37.95113066],[-105.0880149,37.94855761],[-105.0902663,37.94759272],[-105.0938042,37.9473783],[-105.0990576,37.94491246],[-105.1031316,37.94491246],[-105.1084921,37.94341151],[-105.1129949,37.94544851],[-105.115568,37.94748551],[-105.1171761,37.94909366],[-105.1207141,37.94962972],[-105.1226439,37.94920088],[-105.1238232,37.94962972],[-105.1259674,37.95113066],[-105.1258602,37.9525244],[-105.1251097,37.95306045],[-105.1255386,37.9545614],[-105.1269323,37.95509745],[-105.1271467,37.95649119],[-105.1261818,37.95777772],[-105.1263962,37.96077961],[-105.1275756,37.96120845],[-105.1278972,37.96260219],[-105.1289693,37.96281661],[-105.1333649,37.96303103],[-105.1341154,37.96410313],[-105.1356163,37.96528245],[-105.135938,37.96635456],[-105.1356163,37.96731945],[-105.1331505,37.97042855],[-105.1313279,37.97117903],[-105.1310063,37.97267997],[-105.1324,37.97460976],[-105.140548,37.97975587],[-105.1421562,37.97975587],[-105.1416201,37.98200729],[-105.1393687,37.98479476],[-105.1411913,37.98683176],[-105.1419418,37.98683176],[-105.1438715,37.98779666],[-105.1464446,37.98661734],[-105.1479455,37.98683176],[-105.150733,37.99079855],[-105.1524484,37.99208508],[-105.152234,37.9943365],[-105.15277,37.99733839],[-105.1526628,37.99819607],[-105.1531989,38.00076913],[-105.1521268,38.00237728],[-105.1519123,38.00334218],[-105.1504114,38.00452149],[-105.1479455,38.00537918],[-105.1479455,38.00623686],[-105.1513763,38.00848828],[-105.1528772,38.00977481],[-105.1572729,38.01299112],[-105.158345,38.01309833],[-105.1608108,38.01492091],[-105.1611324,38.01588581],[-105.1638127,38.01620744],[-105.1643488,38.01663628],[-105.1658497,38.0168507],[-105.1669218,38.01813723],[-105.1686372,38.01899491],[-105.1693876,38.01856607],[-105.1717463,38.01803002],[-105.1732472,38.01717233],[-105.176678,38.01631465],[-105.1789294,38.01642186],[-105.1809664,38.01556418],[-105.1818241,38.01470649],[-105.1852548,38.01341997],[-105.185362,38.01266949],[-105.1865413,38.01202623],[-105.1877206,38.01063249],[-105.1893288,38.00977481],[-105.1927595,38.00859549],[-105.1945821,38.00752339],[-105.197584,38.00441428],[-105.1988705,38.00377102],[-105.2000499,38.00087634],[-105.1992994,37.99883934],[-105.197048,37.99240671],[-105.1987633,37.99015529],[-105.2018724,37.99047692],[-105.2060536,37.98961923],[-105.2058392,37.98865434],[-105.2059464,37.98329381],[-105.2076618,37.98168566],[-105.20927,37.98222171],[-105.2139872,37.98082797],[-105.2142016,37.98029192],[-105.2132367,37.97836213],[-105.2131295,37.97729003],[-105.2146305,37.97686118],[-105.2164531,37.97536024],[-105.2163458,37.97257276],[-105.215381,37.97053576],[-105.2166675,37.96946366],[-105.2180612,37.9698925],[-105.2207415,37.96946366],[-105.2231001,37.9688204],[-105.2241722,37.96774829],[-105.2247083,37.96667619],[-105.2246011,37.96506803],[-105.2262092,37.96388871],[-105.2269597,37.96453198],[-105.2285678,37.96463919],[-105.2294255,37.96528245],[-105.2316769,37.96485361],[-105.2333923,37.96410313],[-105.2344644,37.96399592],[-105.2358582,37.96281661],[-105.2385384,37.96281661],[-105.2399322,37.96035077],[-105.2386456,37.95938587],[-105.2375735,37.95756329],[-105.2400394,37.95509745],[-105.2417547,37.95381093],[-105.2447566,37.95370372],[-105.2466864,37.95209556],[-105.2486162,37.95209556],[-105.2497955,37.9514523],[-105.2500099,37.95038019],[-105.2554777,37.94287546],[-105.2567642,37.94255382],[-105.2575147,37.93815819],[-105.2608382,37.93708609],[-105.2615887,37.9371933],[-105.2631968,37.93247604],[-105.2639473,37.93204719],[-105.2638401,37.92883088],[-105.2618031,37.92561456],[-105.2634113,37.92325593],[-105.2642689,37.9229343],[-105.264805,37.92132614],[-105.2680213,37.91832425],[-105.2679141,37.91746657],[-105.268879,37.91639446],[-105.2692006,37.9147863],[-105.2699511,37.9137142],[-105.271452,37.91285652],[-105.2720953,37.91156999],[-105.2733818,37.91071231],[-105.2733818,37.90942578],[-105.2738107,37.90771041],[-105.2762765,37.90588783],[-105.277027,37.90406525],[-105.2779919,37.90438689],[-105.2789568,37.90363641],[-105.2805649,37.90117057],[-105.2832452,37.89999125],[-105.2850678,37.8994552],[-105.2867831,37.90020568],[-105.2893562,37.90288594],[-105.2910716,37.90385083],[-105.2907499,37.90535178],[-105.2916076,37.90642389],[-105.2915004,37.90749599],[-105.2923581,37.90867531],[-105.2934302,37.90867531],[-105.2948239,37.90824646],[-105.2966465,37.90878252],[-105.297397,37.90931857],[-105.2980402,37.91124836],[-105.3002917,37.91253488],[-105.3011494,37.91467909],[-105.3006133,37.91585841],[-105.3016854,37.91810983],[-105.3003989,37.92154057],[-105.3005061,37.92304151],[-105.3036152,37.92615062],[-105.3043657,37.92840204],[-105.3062955,37.93097509],[-105.3066171,37.93226162],[-105.3102622,37.93354814],[-105.3111199,37.93590677],[-105.3138002,37.93687167],[-105.3145507,37.93847982],[-105.3171237,37.93890867],[-105.3206617,37.93858704],[-105.3245212,37.93847982],[-105.3277376,37.9371933],[-105.3290241,37.93697888],[-105.3338486,37.93462025],[-105.3367432,37.93269046],[-105.3398523,37.92947414],[-105.3421038,37.92840204],[-105.3445696,37.92636504],[-105.3463922,37.92550735],[-105.3472499,37.92475688],[-105.3507878,37.92486409],[-105.3517527,37.92475688],[-105.3536825,37.92357757],[-105.3560411,37.92282709],[-105.3576493,37.92282709],[-105.3601151,37.92239825],[-105.3611872,37.92261267],[-105.3637603,37.92207662],[-105.3662261,37.9208973],[-105.3678343,37.9198252],[-105.3744813,37.91735936],[-105.3770544,37.91607283],[-105.3784481,37.91382141],[-105.3805923,37.91328536],[-105.3816644,37.9127493],[-105.3838086,37.91049788],[-105.384988,37.91017625],[-105.3878826,37.90803204],[-105.389598,37.9065311],[-105.3903485,37.90524457],[-105.3914206,37.90438689],[-105.3941009,37.90288594],[-105.3947441,37.90138499],[-105.3995686,37.89881194],[-105.40182,37.89731099],[-105.4034282,37.89581005],[-105.4050363,37.89516678],[-105.4086815,37.89441631],[-105.4097536,37.89323699],[-105.4115762,37.89248652],[-105.4136132,37.89055673],[-105.4154357,37.89077115],[-105.4186521,37.88969905],[-105.4215467,37.89066394],[-105.4241198,37.8902351],[-105.4268001,37.89162884],[-105.427765,37.8913072],[-105.4299092,37.89388026],[-105.4316245,37.89441631],[-105.4319462,37.89516678],[-105.4373067,37.89602447],[-105.4403086,37.8974182],[-105.4523162,37.89570283],[-105.4592848,37.89720378],[-105.4596065,37.89677494],[-105.4613218,37.89688215],[-105.467004,37.89548841],[-105.471078,37.89527399],[-105.4732222,37.89591726],[-105.473651,37.89452352],[-105.4754736,37.89237931],[-105.4760097,37.89119999],[-105.4766529,37.88841252],[-105.4770818,37.88798368],[-105.4762241,37.88326642],[-105.4766529,37.88187268],[-105.4776178,37.88047894],[-105.4784755,37.87983568],[-105.4747232,37.8800501],[-105.4719357,37.87972847],[-105.4691482,37.87876358],[-105.4652886,37.87951405],[-105.4645382,37.878978],[-105.4601425,37.88037173],[-105.4566046,37.87994289],[-105.4540315,37.87854915],[-105.4504936,37.87812031],[-105.4484566,37.87640494],[-105.4433105,37.87072279],[-105.4423456,37.87072279],[-105.4407374,37.86965068],[-105.4406302,37.86836416],[-105.4394509,37.86707763],[-105.4392365,37.86621995],[-105.4394509,37.86321805],[-105.4389148,37.86128826],[-105.4371995,37.86021616],[-105.4367706,37.85817916],[-105.4334471,37.8575359],[-105.4324822,37.85635658],[-105.431839,37.85485563],[-105.4291587,37.85238979],[-105.4289443,37.85174653],[-105.4305524,37.84863742],[-105.4308741,37.8473509],[-105.4295875,37.84606437],[-105.4286226,37.84477785],[-105.4286226,37.84370574],[-105.4299092,37.84070385],[-105.4309813,37.83877406],[-105.4307668,37.83780916],[-105.4325894,37.83502169],[-105.432375,37.83319911],[-105.4355913,37.82848185],[-105.4350553,37.82644485],[-105.4340904,37.82451506],[-105.4346264,37.82194201],[-105.4367706,37.81926175],[-105.4358057,37.81636706],[-105.4354841,37.8146517],[-105.4346264,37.8136868],[-105.435913,37.81175701],[-105.4354841,37.81079212],[-105.4358057,37.80779022],[-105.4350553,37.80628928],[-105.4351625,37.80478833],[-105.4368778,37.80360901],[-105.4407374,37.80253691],[-105.4422384,37.80232249],[-105.4473845,37.80007107],[-105.4493143,37.7983557],[-105.450708,37.79760523],[-105.4537099,37.79685475],[-105.4548892,37.79567544],[-105.454782,37.79331681],[-105.4553181,37.79192307],[-105.4552108,37.79085096],[-105.4524234,37.78827791],[-105.4516729,37.78688418],[-105.4514585,37.78473997],[-105.4516729,37.78259576],[-105.4497431,37.78077318],[-105.4493143,37.77927223],[-105.4494215,37.77809291],[-105.4509224,37.77519823],[-105.450708,37.77166028],[-105.4502792,37.77058818],[-105.4508152,37.76951607],[-105.4524234,37.76790792],[-105.4537099,37.76726465],[-105.4559613,37.76244018],[-105.4576767,37.76008155],[-105.4578911,37.75868781],[-105.4562829,37.75804455],[-105.4558541,37.7565436],[-105.4596065,37.75364892],[-105.4598209,37.75279124],[-105.4572478,37.75150471],[-105.456819,37.75053982],[-105.4573551,37.74700187],[-105.4567118,37.74603697],[-105.4542459,37.74442882],[-105.4537099,37.74346392],[-105.4536027,37.74239182],[-105.452745,37.74131971],[-105.452745,37.74035482],[-105.4537099,37.73928271],[-105.4549964,37.73660245],[-105.4551036,37.73360056],[-105.4536027,37.7319924],[-105.4531738,37.73038424],[-105.4543532,37.72609582],[-105.4542459,37.72395161],[-105.4551036,37.72320114],[-105.4571406,37.71987761],[-105.4573551,37.71901993],[-105.4589632,37.71880551],[-105.4596065,37.71794782],[-105.4616435,37.71741177],[-105.4632516,37.71601803],[-105.4638949,37.71376661],[-105.4647526,37.71344498],[-105.4665752,37.71183682],[-105.4686122,37.71119356],[-105.471078,37.71130077],[-105.4721501,37.70947819],[-105.4740799,37.70765562],[-105.4772962,37.70765562],[-105.4780467,37.70572583],[-105.4779395,37.70411767],[-105.4782611,37.7024023],[-105.4790116,37.70015088],[-105.4805125,37.69811388],[-105.4801909,37.69661293],[-105.4813702,37.69371825],[-105.4808342,37.69189567],[-105.4809414,37.68717841],[-105.4787972,37.6861063],[-105.477725,37.68460536],[-105.4774034,37.68117462],[-105.4767602,37.6798881],[-105.4766529,37.67817273],[-105.4768674,37.6758141],[-105.4784755,37.67334825],[-105.4787972,37.67206173],[-105.4785827,37.66852378],[-105.4772962,37.66713005],[-105.4774034,37.66573631],[-105.4811558,37.66166231],[-105.4815846,37.66059021],[-105.4814774,37.65855321],[-105.4826567,37.65758831],[-105.4854442,37.65469363],[-105.4869452,37.65351431],[-105.4868379,37.64965473],[-105.4871596,37.6472961],[-105.4878028,37.64450863],[-105.4883389,37.64332931],[-105.4901615,37.64043463],[-105.4903759,37.63871926],[-105.4924129,37.63475247],[-105.4918768,37.63378758],[-105.4920913,37.63078569],[-105.4925201,37.62960637],[-105.4920913,37.627891],[-105.4921985,37.62639006],[-105.4915552,37.62499632],[-105.4926273,37.62306653],[-105.4957364,37.61952858],[-105.4963797,37.61920695],[-105.4973446,37.61674111],[-105.4983095,37.61566901],[-105.4986311,37.61416806],[-105.4978806,37.61309595],[-105.495522,37.61223827],[-105.4958436,37.61180943],[-105.4948787,37.6084859],[-105.4930562,37.60526959],[-105.493485,37.6044119],[-105.4932706,37.60087396],[-105.5013114,37.59862254],[-105.5017402,37.59755043],[-105.5008825,37.59604948],[-105.4956292,37.59240433],[-105.4945571,37.59240433],[-105.4941283,37.5890808],[-105.4946643,37.58554285],[-105.4932706,37.58425633],[-105.4921985,37.58264817],[-105.4905903,37.58264817],[-105.4868379,37.58007512],[-105.4859803,37.57932465],[-105.4855514,37.57793091],[-105.4809414,37.57868138],[-105.4787972,37.5798607],[-105.4759025,37.58061117],[-105.4713996,37.58125443],[-105.4698987,37.5818977],[-105.4673256,37.58447075],[-105.4644309,37.58457796],[-105.4633588,37.5859717],[-105.4612146,37.58682938],[-105.4602497,37.58672217],[-105.4544604,37.59047454],[-105.4549964,37.5911178],[-105.4544604,37.59208269],[-105.4551036,37.59272596],[-105.4545676,37.59326201],[-105.4552108,37.59390527],[-105.4524234,37.59615669],[-105.4513513,37.59851532],[-105.4478133,37.60023069],[-105.448135,37.6023749],[-105.4474917,37.60323259],[-105.4458835,37.60430469],[-105.4457763,37.60591285],[-105.4450258,37.60784264],[-105.4430961,37.61105895],[-105.4422384,37.61180943],[-105.439987,37.61223827],[-105.4383788,37.61331037],[-105.4360202,37.6135248],[-105.4316245,37.61341758],[-105.4285154,37.61395364],[-105.4272289,37.61448969],[-105.4234765,37.61674111],[-105.4209035,37.61674111],[-105.4170439,37.61738437],[-105.4148997,37.61588343],[-105.4108257,37.61695553],[-105.4083599,37.61802764],[-105.4032138,37.61566901],[-105.4010695,37.61438248],[-105.4003191,37.61341758],[-105.3998902,37.61427527],[-105.3980676,37.61524016],[-105.3961379,37.61674111],[-105.3944225,37.61749158],[-105.3934576,37.61706274],[-105.3913134,37.61834927],[-105.3897052,37.62113674],[-105.3898124,37.62178],[-105.3874538,37.62488911],[-105.3865961,37.62639006],[-105.3845591,37.62756937],[-105.3808068,37.62799821],[-105.3806995,37.6288559],[-105.3784481,37.63164337],[-105.37684,37.63443084],[-105.3759823,37.63507411],[-105.3737309,37.63582458],[-105.3728732,37.63678947],[-105.3708362,37.63829042],[-105.3703001,37.63936253],[-105.3682631,37.63861205],[-105.3657973,37.63829042],[-105.3640819,37.63850484],[-105.36108,37.63668226],[-105.3596863,37.63646784],[-105.3567916,37.63668226],[-105.3547546,37.63614621],[-105.3545402,37.63721832],[-105.3520743,37.63818321],[-105.3485364,37.63775437],[-105.3478931,37.63850484],[-105.3469282,37.6411851],[-105.3454273,37.64204279],[-105.3430687,37.64225721],[-105.3371721,37.64268605],[-105.3349207,37.6432221],[-105.3295601,37.64300768],[-105.3275231,37.64429421],[-105.3243068,37.6452591],[-105.3222698,37.646224],[-105.318303,37.64879705],[-105.31573,37.64815379],[-105.3144435,37.64879705],[-105.3133714,37.64976194],[-105.3107983,37.65061963],[-105.3098334,37.65051242],[-105.3090829,37.6534071],[-105.3084397,37.65383594],[-105.3062955,37.65329989],[-105.3031864,37.65308547],[-105.3017926,37.65362152],[-105.2986835,37.65662342],[-105.2976114,37.65812436],[-105.2968609,37.65833878],[-105.29536,37.65683784],[-105.2955744,37.654372],[-105.2951456,37.65351431],[-105.2940735,37.65287105],[-105.2908571,37.65158452],[-105.2896778,37.65040521],[-105.2869976,37.65094126],[-105.2854966,37.64686726],[-105.2849606,37.64590237],[-105.2833524,37.6452591],[-105.2815298,37.64536631],[-105.2799217,37.64633121],[-105.2786351,37.64633121],[-105.2759549,37.6452591],[-105.272953,37.64097068],[-105.2708088,37.64107789],[-105.2683429,37.64064905],[-105.2670564,37.63989858],[-105.267378,37.63871926],[-105.2659843,37.63829042],[-105.2635185,37.63914811],[-105.2614815,37.63904089],[-105.25923,37.63957695],[-105.2581579,37.64054184],[-105.2552633,37.64022021],[-105.2545128,37.638076],[-105.2536551,37.63678947],[-105.2544056,37.63518132],[-105.2541912,37.63228663],[-105.2521542,37.63024963],[-105.2487234,37.62960637],[-105.2458287,37.629928],[-105.2433629,37.62917753],[-105.2426124,37.62606842],[-105.2415403,37.62370979],[-105.2381096,37.62210164],[-105.2366086,37.62167279],[-105.2359654,37.62081511],[-105.2297472,37.62038627],[-105.2291039,37.62060069],[-105.226102,37.62038627],[-105.2211703,37.62113674],[-105.219991,37.62188721],[-105.219991,37.62338816],[-105.219455,37.62424585],[-105.2158098,37.62639006],[-105.2145233,37.62639006],[-105.2120574,37.62349537],[-105.2096988,37.62231606],[-105.2083051,37.62199442],[-105.2054104,37.62060069],[-105.2013364,37.61920695],[-105.1943677,37.61963579],[-105.1921163,37.61920695],[-105.1892216,37.61931416],[-105.1875062,37.61963579],[-105.1843971,37.61599064],[-105.1866485,37.61577622],[-105.1885783,37.61513295],[-105.1897576,37.61448969],[-105.190937,37.61298874],[-105.1926523,37.61180943],[-105.1928667,37.6105229],[-105.1953326,37.6094508],[-105.1956542,37.60891474],[-105.1947965,37.6074138],[-105.1954398,37.60462632],[-105.1962975,37.60312538],[-105.1952254,37.60141001],[-105.1940461,37.60108838],[-105.1941533,37.59958743],[-105.1934028,37.59808648],[-105.1932956,37.59497738],[-105.1930812,37.59326201],[-105.1931884,37.59218991],[-105.1949037,37.59272596],[-105.1967263,37.59272596],[-105.1987633,37.59401248],[-105.2003715,37.59411969],[-105.2023013,37.59476296],[-105.2038022,37.59444133],[-105.205732,37.59079617],[-105.2070185,37.58950964],[-105.2085195,37.58865196],[-105.2119502,37.58607891],[-105.2172035,37.58489959],[-105.2183828,37.58350585],[-105.2183828,37.58243375],[-105.217418,37.58168328],[-105.2160242,37.58114722],[-105.2143088,37.57975349],[-105.21388,37.57793091],[-105.2116286,37.57760928],[-105.2100204,37.57653717],[-105.2084123,37.57610833],[-105.2076618,37.57525065],[-105.2053032,37.57428575],[-105.2044455,37.57439296],[-105.201658,37.57407133],[-105.1983345,37.57181991],[-105.1954398,37.56913965],[-105.1951182,37.56806754],[-105.19351,37.56688823],[-105.1937244,37.56549449],[-105.1947965,37.56463681],[-105.1930812,37.56388633],[-105.1919019,37.56238539],[-105.1905081,37.56131328],[-105.1889,37.5594907],[-105.1841827,37.55605997],[-105.1835394,37.55402297],[-105.1839683,37.55284365],[-105.182789,37.55241481],[-105.1805375,37.55016339],[-105.1793582,37.54866244],[-105.1785005,37.54662544],[-105.1790366,37.54630381],[-105.1826817,37.54673265],[-105.1831106,37.5451245],[-105.1823601,37.54383797],[-105.1821457,37.54233702],[-105.1837539,37.54094329],[-105.1835394,37.53922792],[-105.1830034,37.53815581],[-105.1804303,37.53654766],[-105.1777501,37.53408181],[-105.1771068,37.53075829],[-105.1775356,37.52968618],[-105.1763563,37.52614824],[-105.174641,37.52518334],[-105.1736761,37.52303913],[-105.1743193,37.51993003],[-105.1720679,37.51907234],[-105.1715319,37.51746419],[-105.1724968,37.51564161],[-105.1715319,37.5145695],[-105.1713174,37.51328298],[-105.1719607,37.51199645],[-105.1732472,37.5104955],[-105.172604,37.50620708],[-105.1738905,37.50309798],[-105.1729256,37.50191866],[-105.1729256,37.50052493],[-105.1720679,37.49945282],[-105.1733544,37.49687977],[-105.1758203,37.4940923],[-105.1762491,37.4931274],[-105.1776429,37.49141203],[-105.1774284,37.49076877],[-105.1757131,37.48948225],[-105.1745338,37.4870164],[-105.1747482,37.48530104],[-105.1764635,37.48337125],[-105.1801087,37.48154867],[-105.1820385,37.47972609],[-105.1820385,37.47897562],[-105.1804303,37.47865398],[-105.1789294,37.47726025],[-105.176678,37.47554488],[-105.176678,37.4726502],[-105.1759275,37.47029157],[-105.1749626,37.46525267],[-105.1735689,37.46192915],[-105.1734616,37.46107146],[-105.1741049,37.45935609],[-105.1753914,37.45710467],[-105.1753914,37.45624699],[-105.1714246,37.45538931],[-105.1696021,37.45613978],[-105.1679939,37.45603257],[-105.1657425,37.45496046],[-105.1639199,37.45453162],[-105.1625262,37.45474604],[-105.1592026,37.45710467],[-105.1577017,37.45742631],[-105.1562008,37.45710467],[-105.1551287,37.45571094],[-105.1544854,37.45356673],[-105.152234,37.45152973],[-105.1512691,37.44863504],[-105.1509474,37.44702689],[-105.1500898,37.44402499],[-105.1495537,37.44316731],[-105.1468734,37.44113031],[-105.1459085,37.43855726],[-105.1464446,37.4359842],[-105.1445148,37.43351836],[-105.1439788,37.43169578],[-105.1451581,37.42901552],[-105.1422634,37.42912273],[-105.1410841,37.42869389],[-105.1408697,37.42794342],[-105.1415129,37.423655],[-105.1406552,37.42183242],[-105.140548,37.41808005],[-105.1393687,37.41561421],[-105.1371173,37.41314837],[-105.1346514,37.41196905],[-105.1326144,37.41154021],[-105.1305774,37.41164742],[-105.1297198,37.40928879],[-105.1312207,37.40682295],[-105.1327217,37.40360663],[-105.1386182,37.40071195],[-105.1424778,37.40092637],[-105.1450509,37.40028311],[-105.1463374,37.40039032],[-105.1513763,37.4001759],[-105.1551287,37.39963984],[-105.1572729,37.39846053],[-105.1585594,37.39706679],[-105.1614541,37.39320721],[-105.162419,37.39149185],[-105.1626334,37.39031253],[-105.1663858,37.38881158],[-105.167029,37.38784669],[-105.1671362,37.38580969],[-105.1653136,37.38119964],[-105.1669218,37.37894822],[-105.1688516,37.37562469],[-105.1684228,37.3736949],[-105.1667074,37.37230117],[-105.1657425,37.36983533],[-105.166493,37.36554691],[-105.16853,37.36254501],[-105.1689588,37.36147291],[-105.1686372,37.36029359],[-105.167029,37.35814938],[-105.1679939,37.35471864],[-105.1677795,37.35407538],[-105.1659569,37.35246722],[-105.1663858,37.34989417],[-105.1658497,37.34732112],[-105.1641343,37.34517691],[-105.1640271,37.3430327],[-105.1657425,37.34153175],[-105.1679939,37.33702891],[-105.1672434,37.3348847],[-105.1656353,37.33349097],[-105.1647776,37.33188281],[-105.1639199,37.33091791],[-105.1630622,37.32888091],[-105.1634911,37.32737997],[-105.1653136,37.32598623],[-105.1667074,37.32373481],[-105.1667074,37.32116176],[-105.1658497,37.31901755],[-105.1654209,37.31676613],[-105.166493,37.31526518],[-105.1669218,37.31376423],[-105.1648848,37.30851092],[-105.1647776,37.30722439],[-105.1647776,37.30443692],[-105.1637055,37.30175666],[-105.1633839,37.29993408],[-105.1653136,37.29521682],[-105.1652064,37.29275097],[-105.1654209,37.29125003],[-105.1645632,37.28910582],[-105.1620973,37.29007071],[-105.1601675,37.29114282],[-105.1589882,37.29232213],[-105.1571656,37.29307261],[-105.1541638,37.29317982]]]},"properties":{"name":"Huerfano=HUE","type":"county"}},
{"type":"Feature","geometry":{"type":"Polygon","coordinates":[[[-106.8577386,41.00266317],[-106.861491,40.9999829],[-106.8615982,40.99676659],[-106.8598828,40.99526564],[-106.8570954,40.9938719],[-106.8534502,40.99258538],[-106.8508772,40.99129885],[-106.8507699,40.99022675],[-106.8542007,40.98840417],[-106.85538,40.98711764],[-106.8558088,40.98390133],[-106.857417,40.98132828],[-106.8593468,40.98315085],[-106.8623487,40.98368691],[-106.8670659,40.9826148],[-106.8706039,40.98122107],[-106.8713544,40.97811196],[-106.8728553,40.97586054],[-106.8731769,40.97307307],[-106.8724265,40.97103607],[-106.8727481,40.96942791],[-106.8724265,40.96653323],[-106.870175,40.96256644],[-106.8695318,40.95902849],[-106.8698534,40.95666986],[-106.8694246,40.95581218],[-106.8678164,40.95495449],[-106.8646001,40.95420402],[-106.8639568,40.95366797],[-106.8628847,40.95034444],[-106.8622415,40.94723534],[-106.8621343,40.94434065],[-106.8624559,40.94187481],[-106.8621343,40.94090992],[-106.8593468,40.93844408],[-106.8564521,40.93758639],[-106.855916,40.93694313],[-106.8561305,40.93501334],[-106.8522709,40.93383402],[-106.8520565,40.93233308],[-106.8523781,40.92976003],[-106.8507699,40.92858071],[-106.8487329,40.92632929],[-106.8500195,40.92547161],[-106.8510916,40.92525718],[-106.851306,40.92461392],[-106.8500195,40.92418508],[-106.8484113,40.92429229],[-106.8456238,40.92504276],[-106.8405849,40.92472113],[-106.8381191,40.92429229],[-106.8371542,40.92364903],[-106.83501,40.92418508],[-106.8312576,40.92397066],[-106.8285774,40.92461392],[-106.8264332,40.92707976],[-106.8261115,40.92804466],[-106.824825,40.92922397],[-106.8245034,40.93168981],[-106.8235385,40.93029608],[-106.8226808,40.92804466],[-106.8200005,40.92525718],[-106.8197861,40.92407787],[-106.818714,40.92257692],[-106.8182852,40.92021829],[-106.8190356,40.91861013],[-106.8182852,40.91807408],[-106.8144256,40.9172164],[-106.8118525,40.91646592],[-106.8113165,40.91592987],[-106.810566,40.9142145],[-106.8098155,40.91142703],[-106.8084218,40.90853235],[-106.8063848,40.90660256],[-106.805956,40.90520882],[-106.805956,40.90306461],[-106.8053127,40.90199251],[-106.8075641,40.90059877],[-106.8078857,40.89941945],[-106.8048838,40.89727524],[-106.8020964,40.89695361],[-106.8005954,40.89588151],[-106.797808,40.89641756],[-106.7953421,40.89791851],[-106.79427,40.90059877],[-106.7934123,40.90081319],[-106.7920186,40.89995551],[-106.7894455,40.90081319],[-106.7885878,40.90177808],[-106.7885878,40.90285019],[-106.7869797,40.9029574],[-106.7858004,40.90360066],[-106.784085,40.90542324],[-106.782048,40.90670977],[-106.7808687,40.9070314],[-106.7787245,40.90638814],[-106.7777596,40.90542324],[-106.7763659,40.90574487],[-106.7737928,40.90542324],[-106.7712197,40.90424393],[-106.7689683,40.90413672],[-106.767789,40.90220693],[-106.7675746,40.89866898],[-106.7702549,40.8968464],[-106.7700404,40.89652477],[-106.7667169,40.89620314],[-106.7648943,40.89641756],[-106.7632862,40.89566709],[-106.761678,40.89416614],[-106.7583545,40.89405893],[-106.7564247,40.89384451],[-106.751493,40.89405893],[-106.7467758,40.89298682],[-106.7435594,40.89202193],[-106.7420585,40.89105703],[-106.740772,40.88955609],[-106.7430234,40.88698304],[-106.7446315,40.8846244],[-106.7467758,40.88237298],[-106.7465613,40.88087204],[-106.7459181,40.87979993],[-106.7442027,40.87915667],[-106.7434522,40.87808456],[-106.7421657,40.87711967],[-106.7425945,40.87497546],[-106.7412008,40.87326009],[-106.7409864,40.8722952],[-106.7393782,40.87079425],[-106.7389494,40.87272404],[-106.7365908,40.87315288],[-106.7353042,40.87250962],[-106.7338033,40.87250962],[-106.7283355,40.87122309],[-106.7268346,40.8713303],[-106.7219029,40.87293846],[-106.7197587,40.8733673],[-106.7136477,40.87401056],[-106.7057141,40.87604756],[-106.7045348,40.87669083],[-106.7035699,40.87872783],[-106.7034627,40.88044319],[-106.7014257,40.8815153],[-106.7001392,40.88269461],[-106.7003536,40.88419556],[-106.6992815,40.88537488],[-106.6941354,40.88805514],[-106.6916696,40.88816235],[-106.6875956,40.88633977],[-106.6858802,40.88580372],[-106.6853441,40.8846244],[-106.6859874,40.88290904],[-106.6862018,40.88065762],[-106.6848081,40.87862062],[-106.6826639,40.87765572],[-106.682235,40.87583314],[-106.6803052,40.8743322],[-106.6805197,40.8722952],[-106.6794476,40.86950772],[-106.6779466,40.86789957],[-106.6769817,40.86789957],[-106.6754808,40.86693467],[-106.673551,40.86704188],[-106.6681905,40.86511209],[-106.667976,40.86275346],[-106.6671184,40.86093088],[-106.6673328,40.85975157],[-106.665939,40.85825062],[-106.6644381,40.8591083],[-106.6645453,40.85674967],[-106.6640092,40.85685688],[-106.6615434,40.85567757],[-106.6599352,40.85439104],[-106.6575766,40.85321173],[-106.6554324,40.84999541],[-106.6545747,40.84913773],[-106.6546819,40.84720794],[-106.6540387,40.84602862],[-106.6544675,40.84549257],[-106.6571478,40.84484931],[-106.6588631,40.84399162],[-106.6626155,40.84334836],[-106.6617578,40.84216905],[-106.661329,40.84088252],[-106.6627227,40.83798784],[-106.6634732,40.83723736],[-106.6634732,40.83595084],[-106.6640092,40.83498594],[-106.6636876,40.83316336],[-106.6629371,40.83166242],[-106.6640092,40.82930379],[-106.6640092,40.82823168],[-106.6600425,40.82662352],[-106.6590776,40.82555142],[-106.6590776,40.82372884],[-106.6584343,40.82394326],[-106.6550036,40.82308558],[-106.6529666,40.82340721],[-106.6513584,40.82308558],[-106.6483565,40.82158463],[-106.6447114,40.82115579],[-106.6434248,40.82147742],[-106.642996,40.82040531],[-106.640959,40.81868995],[-106.6383859,40.81697458],[-106.6393508,40.81579526],[-106.6392436,40.81450874],[-106.6380643,40.81332942],[-106.6367778,40.81290058],[-106.6354913,40.81139963],[-106.6370994,40.80925542],[-106.6367778,40.80561026],[-106.6354913,40.80475258],[-106.6364561,40.80346605],[-106.6358129,40.80260837],[-106.636885,40.79960648],[-106.6365634,40.79671179],[-106.636885,40.79413874],[-106.6359201,40.79188732],[-106.636885,40.78952869],[-106.6392436,40.78813495],[-106.6398869,40.78706285],[-106.6425671,40.78545469],[-106.6426744,40.78481143],[-106.6452474,40.78395374],[-106.6474988,40.78266722],[-106.6493214,40.78009417],[-106.649107,40.77880764],[-106.6497503,40.77730669],[-106.6492142,40.7753769],[-106.6524305,40.77559132],[-106.6545747,40.77451922],[-106.6591848,40.77291106],[-106.6620795,40.77055243],[-106.6634732,40.76830101],[-106.663366,40.76701448],[-106.6647597,40.76551354],[-106.6662607,40.76487027],[-106.6689409,40.76294048],[-106.6696914,40.76165396],[-106.670013,40.76026022],[-106.669477,40.75961696],[-106.6660462,40.75833043],[-106.6642237,40.75640064],[-106.6634732,40.75404201],[-106.661865,40.75404201],[-106.661329,40.75339875],[-106.6619722,40.75243386],[-106.6642237,40.75093291],[-106.6651886,40.74889591],[-106.6643309,40.74814544],[-106.6625083,40.74482191],[-106.6629371,40.74299933],[-106.6649741,40.74214165],[-106.6682977,40.73913975],[-106.6711924,40.73871091],[-106.6747303,40.73667391],[-106.6766601,40.73667391],[-106.6764457,40.73560181],[-106.6738726,40.73506575],[-106.6730149,40.7345297],[-106.6705491,40.73217107],[-106.6701202,40.72991965],[-106.669477,40.72874033],[-106.6701202,40.72766823],[-106.6724789,40.72616728],[-106.6724789,40.7253096],[-106.6737654,40.72402307],[-106.6733366,40.72295097],[-106.6719428,40.72284376],[-106.6703347,40.72145002],[-106.6697986,40.71973465],[-106.6711924,40.71641113],[-106.6704419,40.71415971],[-106.6688337,40.71169387],[-106.6689409,40.71030013],[-106.6724789,40.70847755],[-106.6725861,40.70686939],[-106.67205,40.70633334],[-106.6719428,40.70451076],[-106.6709779,40.70300981],[-106.6707635,40.70108003],[-106.6685121,40.69861418],[-106.667976,40.69625555],[-106.6685121,40.6946474],[-106.6725861,40.69014455],[-106.6723717,40.68896524],[-106.6729077,40.68832198],[-106.6751591,40.68724987],[-106.6783755,40.6864994],[-106.6794476,40.68596334],[-106.679662,40.68424798],[-106.6814846,40.68328308],[-106.6844865,40.68263982],[-106.6868451,40.68306866],[-106.6875956,40.6814605],[-106.6870595,40.68060282],[-106.6847009,40.67963793],[-106.6835216,40.67824419],[-106.6823422,40.67792256],[-106.6810557,40.67513508],[-106.6823422,40.67470624],[-106.6847009,40.6742774],[-106.6860946,40.67374135],[-106.6872739,40.67191877],[-106.6871667,40.67063224],[-106.6860946,40.66666545],[-106.6855586,40.66291309],[-106.685773,40.66237703],[-106.6884532,40.66119772],[-106.6904902,40.65991119],[-106.6917768,40.65991119],[-106.6920984,40.65776698],[-106.6912407,40.65540835],[-106.6886677,40.6507983],[-106.6877028,40.64983341],[-106.6852369,40.64940456],[-106.6820206,40.6497262],[-106.6806269,40.64929735],[-106.6800908,40.64801083],[-106.6828783,40.64683151],[-106.6835216,40.64479451],[-106.6845937,40.64372241],[-106.6859874,40.64147099],[-106.6886677,40.63964841],[-106.6888821,40.63879072],[-106.6871667,40.63578883],[-106.6867379,40.63471673],[-106.68781,40.6345023],[-106.6889893,40.63503836],[-106.6911335,40.63439509],[-106.6942426,40.63289415],[-106.6971373,40.62989225],[-106.6969229,40.62924899],[-106.6983166,40.62753362],[-106.7004608,40.62774804],[-106.7028194,40.62774804],[-106.7032483,40.6273192],[-106.7018546,40.62689036],[-106.7011041,40.62549662],[-106.7034627,40.62281636],[-106.7039988,40.62185146],[-106.7037843,40.6201361],[-106.706143,40.61659815],[-106.7060358,40.61434673],[-106.7037843,40.61059436],[-106.7036771,40.60866457],[-106.7045348,40.60759247],[-106.7024978,40.60619873],[-106.7018546,40.60437615],[-106.6987454,40.60201752],[-106.6983166,40.60137426],[-106.6983166,40.59933726],[-106.6952075,40.59815794],[-106.6942426,40.5956921],[-106.6940282,40.59354789],[-106.6947787,40.59204695],[-106.697995,40.58872342],[-106.6997103,40.58604316],[-106.6986382,40.58347011],[-106.6999248,40.58196916],[-106.7001392,40.58025379],[-106.702069,40.57875284],[-106.7023906,40.57800237],[-106.7011041,40.57703748],[-106.6999248,40.57575095],[-106.6988527,40.57510769],[-106.6971373,40.57264184],[-106.6968157,40.57049763],[-106.6960652,40.56921111],[-106.6941354,40.56695969],[-106.6922056,40.56352895],[-106.6917768,40.56117032],[-106.6928489,40.55859727],[-106.6928489,40.55666748],[-106.6913479,40.55516653],[-106.6887749,40.55323674],[-106.6877028,40.55205743],[-106.6862018,40.55130696],[-106.6847009,40.54894832],[-106.6839504,40.54648248],[-106.6838432,40.54498154],[-106.6834143,40.54455269],[-106.6798764,40.54455269],[-106.6782682,40.54401664],[-106.6774106,40.54251569],[-106.6773033,40.53972822],[-106.6766601,40.53801285],[-106.6747303,40.53694075],[-106.6717284,40.53586864],[-106.6697986,40.53447491],[-106.669477,40.53243791],[-106.6699058,40.53158022],[-106.6714068,40.53018649],[-106.6732294,40.52697017],[-106.6736582,40.52589807],[-106.6736582,40.52364665],[-106.67205,40.5211808],[-106.669477,40.5201087],[-106.6671184,40.5201087],[-106.6656174,40.51946544],[-106.6646525,40.51828612],[-106.6617578,40.51592749],[-106.6596136,40.5149626],[-106.6589704,40.51431933],[-106.6607929,40.5129256],[-106.6611146,40.5119607],[-106.659292,40.51056696],[-106.6566117,40.50970928],[-106.6558612,40.50917323],[-106.6554324,40.50713623],[-106.6555396,40.50338386],[-106.6562901,40.5017757],[-106.6560757,40.49995312],[-106.6547891,40.49898823],[-106.6550036,40.49802334],[-106.6545747,40.49641518],[-106.6536098,40.49587913],[-106.6530738,40.49469981],[-106.6539315,40.49244839],[-106.6563973,40.49137628],[-106.6575766,40.49116186],[-106.659292,40.49019697],[-106.6578982,40.48912486],[-106.657255,40.48698065],[-106.6561829,40.48558692],[-106.6561829,40.4844076],[-106.6574694,40.48312108],[-106.6590776,40.48247781],[-106.6605785,40.48140571],[-106.6632588,40.48022639],[-106.663902,40.47818939],[-106.6647597,40.47711729],[-106.6670111,40.47604518],[-106.6673328,40.47486587],[-106.6673328,40.47261445],[-106.6663679,40.47122071],[-106.6652958,40.47057745],[-106.6634732,40.47057745],[-106.6596136,40.47175676],[-106.6590776,40.47207839],[-106.6578982,40.47154234],[-106.6584343,40.46661066],[-106.6581127,40.46414482],[-106.6574694,40.46242945],[-106.6588631,40.46017803],[-106.6589704,40.45942756],[-106.6565045,40.45599682],[-106.6566117,40.45363819],[-106.6563973,40.45149398],[-106.655754,40.45020745],[-106.6538242,40.44956419],[-106.6517873,40.44977861],[-106.6515728,40.44827766],[-106.6522161,40.44624066],[-106.6521089,40.44527577],[-106.6518945,40.44216666],[-106.6503935,40.43980803],[-106.6485709,40.43852151],[-106.6433176,40.43605567],[-106.6391364,40.43294656],[-106.6386004,40.43219609],[-106.6361345,40.43198167],[-106.6324894,40.43251772],[-106.6280937,40.43112398],[-106.6263784,40.43090956],[-106.624663,40.43112398],[-106.6234837,40.43176725],[-106.6221972,40.42973025],[-106.6236981,40.42962304],[-106.6264856,40.42694277],[-106.6288442,40.42222551],[-106.6291658,40.41890199],[-106.6284154,40.41761546],[-106.6271288,40.41729383],[-106.625199,40.41504241],[-106.6239125,40.4108612],[-106.6210178,40.40796651],[-106.6195169,40.40528625],[-106.6180159,40.39896083],[-106.6182304,40.39531568],[-106.6176943,40.39317147],[-106.6140492,40.38984794],[-106.6120122,40.38684605],[-106.6120122,40.38513068],[-106.6116905,40.38320089],[-106.6117977,40.38105668],[-106.6123338,40.37934131],[-106.6094391,40.37826921],[-106.6081526,40.37977015],[-106.6037569,40.37837642],[-106.6027921,40.37773315],[-106.6024704,40.376125],[-106.6010767,40.37580336],[-106.5992541,40.37687547],[-106.5965738,40.37880526],[-106.5966811,40.38094947],[-106.5945368,40.38137831],[-106.5946441,40.38320089],[-106.5924998,40.38116389],[-106.5911061,40.38062784],[-106.5893907,40.38180715],[-106.5876754,40.38137831],[-106.5854239,40.38223599],[-106.5836014,40.38105668],[-106.5815644,40.38062784],[-106.5804923,40.37977015],[-106.5783481,40.37891247],[-106.5765255,40.37859084],[-106.5694496,40.37859084],[-106.5651612,40.37784036],[-106.5647323,40.37751873],[-106.5624809,40.37837642],[-106.5592646,40.37805478],[-106.5566915,40.37730431],[-106.5562627,40.37580336],[-106.555405,40.37419521],[-106.5557266,40.37344473],[-106.5552978,40.372051],[-106.5534752,40.36990679],[-106.5506877,40.37044284],[-106.5476859,40.37012121],[-106.5456489,40.37076447],[-106.544684,40.37183658],[-106.5437191,40.372051],[-106.5398595,40.37130052],[-106.5390018,40.37097889],[-106.5383585,40.36990679],[-106.5383585,40.36862026],[-106.537072,40.36711931],[-106.5349278,40.36508231],[-106.5341773,40.36583279],[-106.5312826,40.36658326],[-106.5296745,40.36915631],[-106.5295673,40.37183658],[-106.5287096,40.37376636],[-106.5276375,40.37494568],[-106.5267798,40.3771971],[-106.5275303,40.37751873],[-106.5264582,40.38052063],[-106.5271014,40.38116389],[-106.5267798,40.38223599],[-106.5267798,40.38405857],[-106.5252789,40.38577394],[-106.5234563,40.38706047],[-106.5218481,40.38748931],[-106.5214193,40.38823978],[-106.5204544,40.3884542],[-106.52024,40.38974073],[-106.5188462,40.39102726],[-106.518203,40.39070562],[-106.5157371,40.38834699],[-106.514665,40.38834699],[-106.5123064,40.38673884],[-106.5102694,40.38931189],[-106.5101622,40.38995515],[-106.5104838,40.39338589],[-106.5089829,40.39413636],[-106.5064098,40.39692383],[-106.5036223,40.39928246],[-106.5025502,40.39938967],[-106.502443,40.40035457],[-106.5009421,40.40260599],[-106.4987979,40.40357088],[-106.495796,40.40357088],[-106.4949383,40.40689441],[-106.4927941,40.40796651],[-106.4918292,40.41000351],[-106.4897922,40.41161167],[-106.4882912,40.41129004],[-106.4853966,40.41011072],[-106.4825019,40.40839536],[-106.4782134,40.40485741],[-106.4773558,40.40378531],[-106.4771413,40.40249878],[-106.4778918,40.40099783],[-106.4770341,40.39971131],[-106.4781062,40.3975671],[-106.4795,40.39585173],[-106.4799288,40.39477962],[-106.4795,40.39360031],[-106.4797144,40.39199215],[-106.4810009,40.39038399],[-106.4813226,40.3894191],[-106.4777846,40.38920468],[-106.4744611,40.38802536],[-106.4734962,40.38684605],[-106.4726385,40.38480905],[-106.4712448,40.38341531],[-106.4711376,40.38223599],[-106.4730673,40.37998457],[-106.4730673,40.37934131],[-106.4706015,40.37901968],[-106.4671708,40.3792341],[-106.4643833,40.37591057],[-106.4641689,40.37183658],[-106.4629896,40.36883468],[-106.4630968,40.36744095],[-106.4615958,40.36722652],[-106.4592372,40.36733373],[-106.4573074,40.3649751],[-106.4573074,40.36283089],[-106.4565569,40.36079389],[-106.4582723,40.35918574],[-106.457629,40.35789921],[-106.4553776,40.35789921],[-106.4536622,40.35693432],[-106.4521613,40.35296753],[-106.4522685,40.35210984],[-106.4495882,40.35071611],[-106.4481945,40.35028726],[-106.4458359,40.34814305],[-106.4443349,40.34771421],[-106.4432628,40.34642769],[-106.440797,40.3485719],[-106.4395105,40.34878632],[-106.4390816,40.35018005],[-106.4377951,40.35050169],[-106.4360797,40.35039448],[-106.4330778,40.34953679],[-106.4318985,40.35071611],[-106.4294327,40.35146658],[-106.4275029,40.35082332],[-106.4254659,40.35157379],[-106.4236433,40.35253869],[-106.4218207,40.35275311],[-106.4199981,40.35221705],[-106.4196765,40.35082332],[-106.4184972,40.35018005],[-106.4171035,40.35007284],[-106.4139944,40.35093053],[-106.4103492,40.35018005],[-106.4091699,40.34889353],[-106.4076689,40.34642769],[-106.4069185,40.34589163],[-106.4056319,40.34599884],[-106.4040238,40.34492674],[-106.4032733,40.34492674],[-106.400057,40.34567721],[-106.3970551,40.34685653],[-106.3958758,40.34696374],[-106.3942676,40.34599884],[-106.3908369,40.34567721],[-106.3890143,40.34610606],[-106.3881566,40.34835748],[-106.3864413,40.34953679],[-106.3856908,40.35082332],[-106.3859052,40.35178821],[-106.3852619,40.35232426],[-106.3831177,40.35286032],[-106.3811879,40.35275311],[-106.3797942,40.35403963],[-106.3774356,40.35511174],[-106.3749697,40.35543337],[-106.3725039,40.35704153],[-106.3700381,40.35747037],[-106.3682155,40.35639826],[-106.3662857,40.35596942],[-106.3642487,40.35650547],[-106.3636054,40.35757758],[-106.3600675,40.35832805],[-106.3537421,40.35757758],[-106.3536348,40.35704153],[-106.3514906,40.35586221],[-106.3504185,40.35307474],[-106.3482743,40.351681],[-106.3455941,40.35028726],[-106.3444147,40.34878632],[-106.3438787,40.3465349],[-106.3414128,40.34546279],[-106.3374461,40.34267532],[-106.3371244,40.33978064],[-106.3345514,40.33892295],[-106.3311206,40.33924458],[-106.3295125,40.33913737],[-106.3227582,40.33785085],[-106.3212573,40.33731479],[-106.3197563,40.33517058],[-106.3176121,40.33399127],[-106.3162184,40.33356243],[-106.3153607,40.33259753],[-106.3122516,40.33013169],[-106.3080704,40.32927401],[-106.305819,40.32841632],[-106.3050685,40.32959564],[-106.3052829,40.33088216],[-106.3028171,40.3302389],[-106.3007801,40.33045332],[-106.2996008,40.3302389],[-106.2983142,40.33238311],[-106.2959556,40.33313358],[-106.2964916,40.33527779],[-106.2955268,40.33645711],[-106.2939186,40.33763643],[-106.294133,40.33827969],[-106.2964916,40.33903016],[-106.2980998,40.3404239],[-106.2988503,40.34288974],[-106.2984214,40.34364021],[-106.2987431,40.34481953],[-106.2971349,40.34696374],[-106.2986359,40.34996563],[-106.2970277,40.35050169],[-106.2955268,40.35210984],[-106.2955268,40.35425405],[-106.2927393,40.35650547],[-106.2926321,40.35693432],[-106.2904879,40.35832805],[-106.2884509,40.35800642],[-106.2866283,40.35886411],[-106.2858778,40.35864968],[-106.2855562,40.35736316],[-106.2842697,40.355755],[-106.2820182,40.35500453],[-106.2806245,40.35500453],[-106.2791235,40.35382521],[-106.2779442,40.353718],[-106.2767649,40.35489732],[-106.2751568,40.35532616],[-106.27119,40.35725595],[-106.2695818,40.35757758],[-106.2692602,40.35929295],[-106.265615,40.3609011],[-106.2632564,40.35918574],[-106.2614338,40.35811363],[-106.2603617,40.35822084],[-106.258968,40.35693432],[-106.2576814,40.35521895],[-106.2568238,40.35243147],[-106.2555372,40.35093053],[-106.2536074,40.35028726],[-106.2532858,40.34846469],[-106.2536074,40.34664211],[-106.2526426,40.34599884],[-106.2526426,40.34471232],[-106.2516777,40.34364021],[-106.2509272,40.34181764],[-106.2512488,40.34074553],[-106.247282,40.33913737],[-106.2466388,40.33827969],[-106.2448162,40.33731479],[-106.2434225,40.33570664],[-106.242672,40.33366964],[-106.241171,40.33163264],[-106.2389196,40.32981006],[-106.2393485,40.32884516],[-106.2390268,40.32798748],[-106.2362393,40.32573606],[-106.2307716,40.32444953],[-106.2308788,40.32348464],[-106.2300211,40.32337743],[-106.2256255,40.32520001],[-106.2217659,40.32584327],[-106.2210155,40.32755864],[-106.2186568,40.32884516],[-106.2170487,40.32905959],[-106.2143684,40.32798748],[-106.2125458,40.32809469],[-106.2114737,40.32766585],[-106.2062204,40.32788027],[-106.2033257,40.3271298],[-106.2017176,40.32648653],[-106.1991445,40.3271298],[-106.1968931,40.32562885],[-106.1949633,40.32648653],[-106.1927119,40.32584327],[-106.1891739,40.32648653],[-106.1889595,40.32766585],[-106.1837062,40.33152543],[-106.1828485,40.33184706],[-106.1810259,40.33345522],[-106.1798466,40.33399127],[-106.1801683,40.33602827],[-106.1792034,40.33827969],[-106.1773808,40.34053111],[-106.1757726,40.341496],[-106.1747005,40.34321137],[-106.1723419,40.34342579],[-106.1705193,40.34396185],[-106.1688039,40.343533],[-106.1643011,40.34331858],[-106.1620497,40.34256811],[-106.1606559,40.34053111],[-106.159691,40.34053111],[-106.157654,40.33903016],[-106.1563675,40.33710037],[-106.1534728,40.33602827],[-106.1516503,40.33484895],[-106.1512214,40.33377685],[-106.1493988,40.33195427],[-106.1475763,40.33206148],[-106.1467186,40.33141822],[-106.1450032,40.33109659],[-106.1437167,40.33045332],[-106.1414653,40.33002448],[-106.1363192,40.3302389],[-106.134711,40.33549222],[-106.1332101,40.33656432],[-106.1313875,40.33667153],[-106.1293505,40.33720758],[-106.1278495,40.33806527],[-106.1272063,40.33892295],[-106.1255981,40.339459],[-106.1212025,40.34256811],[-106.120452,40.34374742],[-106.1166996,40.34589163],[-106.1148771,40.34632048],[-106.1050137,40.35018005],[-106.101583,40.35382521],[-106.0994387,40.35446847],[-106.0977234,40.35286032],[-106.0949359,40.35114495],[-106.0915052,40.35007284],[-106.089361,40.35007284],[-106.0874312,40.35039448],[-106.0857158,40.34717816],[-106.0828211,40.34814305],[-106.0814274,40.34835748],[-106.077675,40.34975121],[-106.0764957,40.34996563],[-106.0716712,40.35232426],[-106.0699559,40.3526459],[-106.0657746,40.35436126],[-106.0643809,40.35661268],[-106.0632016,40.35725595],[-106.0611646,40.35747037],[-106.0579483,40.35704153],[-106.0560185,40.35768479],[-106.0545175,40.35768479],[-106.0528022,40.35854247],[-106.0518373,40.35929295],[-106.0505508,40.35950737],[-106.0470128,40.361866],[-106.0433677,40.3629381],[-106.0416523,40.36454626],[-106.0409018,40.36476068],[-106.0397225,40.36669047],[-106.0360773,40.3690491],[-106.0336115,40.36883468],[-106.0311457,40.36829863],[-106.0298591,40.36840584],[-106.0280366,40.36979958],[-106.0273933,40.37087168],[-106.0259996,40.37087168],[-106.0246058,40.37172937],[-106.0208534,40.37258705],[-106.018602,40.37333752],[-106.016565,40.37280147],[-106.014528,40.37290868],[-106.0134559,40.37215821],[-106.0133487,40.3710861],[-106.0116333,40.37022842],[-106.0121694,40.36883468],[-106.0130271,40.367977],[-106.012491,40.36551116],[-106.0110973,40.363903],[-106.0108829,40.361866],[-106.0077738,40.36250926],[-106.0059512,40.36218763],[-106.0048791,40.36250926],[-105.9983392,40.36250926],[-105.9966239,40.36379579],[-105.9943725,40.36454626],[-105.9922282,40.36422463],[-105.9898696,40.36422463],[-105.9891191,40.36454626],[-105.9866533,40.36454626],[-105.9838658,40.36315253],[-105.9827937,40.36197321],[-105.9812928,40.35961458],[-105.979363,40.35886411],[-105.9783981,40.35800642],[-105.9759322,40.35822084],[-105.9731448,40.3546829],[-105.9722871,40.35157379],[-105.9706789,40.35018005],[-105.9693924,40.34953679],[-105.9661761,40.34953679],[-105.9624237,40.34803584],[-105.9596363,40.34814305],[-105.9597435,40.34942958],[-105.9583497,40.35125216],[-105.9575993,40.351681],[-105.9573848,40.35296753],[-105.955455,40.35479011],[-105.9548118,40.35693432],[-105.954919,40.35822084],[-105.9543829,40.36025784],[-105.9511666,40.36175879],[-105.9497729,40.3629381],[-105.9446268,40.36401021],[-105.9425898,40.36433184],[-105.9402312,40.36583279],[-105.9387302,40.36604721],[-105.9389446,40.36690489],[-105.9387302,40.36872747],[-105.9379797,40.36979958],[-105.9373365,40.37194379],[-105.9401239,40.37355194],[-105.942697,40.37473126],[-105.9466638,40.3771971],[-105.9471998,40.37805478],[-105.9459133,40.38148552],[-105.9465566,40.38502347],[-105.9438763,40.38459463],[-105.9425898,40.38491626],[-105.9404456,40.38448741],[-105.9363716,40.38620278],[-105.935085,40.38770373],[-105.9339057,40.3884542],[-105.9317615,40.38909747],[-105.9307966,40.39027678],[-105.9275803,40.39102726],[-105.924364,40.39317147],[-105.9241496,40.39488683],[-105.9235063,40.39649499],[-105.9221126,40.39810315],[-105.9205044,40.40174831],[-105.9192179,40.40131946],[-105.9166448,40.40185552],[-105.9136429,40.4016411],[-105.9108555,40.40046178],[-105.9091401,40.40078341],[-105.906031,40.3996041],[-105.9050661,40.39885362],[-105.9033507,40.40078341],[-105.9032435,40.40260599],[-105.9016354,40.40646557],[-105.9022786,40.41021794],[-105.9020642,40.4128982],[-105.8990623,40.41525683],[-105.8976686,40.41772267],[-105.8980974,40.4190092],[-105.8976686,40.42093899],[-105.897883,40.42361925],[-105.8985263,40.42426251],[-105.8985263,40.42683556],[-105.9004561,40.42812209],[-105.9027075,40.43037351],[-105.9033507,40.43166004],[-105.9032435,40.43273214],[-105.9018498,40.43476914],[-105.9021714,40.43562682],[-105.901421,40.43787824],[-105.8998128,40.44077293],[-105.8997056,40.44205945],[-105.8987407,40.44624066],[-105.8970253,40.44881372],[-105.8988479,40.45020745],[-105.8990623,40.45256608],[-105.8998128,40.45449587],[-105.8983118,40.45739056],[-105.8985263,40.45867708],[-105.8982046,40.46039245],[-105.8985263,40.46275108],[-105.8983118,40.46350155],[-105.899384,40.46564576],[-105.8972397,40.46918371],[-105.8959532,40.46961255],[-105.8943451,40.46950534],[-105.8922008,40.47411539],[-105.8924153,40.47529471],[-105.891772,40.47668845],[-105.8886629,40.47636681],[-105.8859826,40.47733171],[-105.881587,40.47583076],[-105.8791212,40.47711729],[-105.8740823,40.47840381],[-105.8722597,40.4782966],[-105.8711876,40.48001197],[-105.8691506,40.48097687],[-105.8656126,40.48140571],[-105.8625035,40.48022639],[-105.8605737,40.48204897],[-105.8585368,40.48258502],[-105.857143,40.48322829],[-105.8548916,40.48623018],[-105.8558565,40.48773113],[-105.8560709,40.49041139],[-105.8557493,40.49266281],[-105.8547844,40.49512865],[-105.8534979,40.49598634],[-105.8519969,40.49759449],[-105.8517825,40.50048918],[-105.8523185,40.50349107],[-105.8523185,40.50660018],[-105.8526402,40.50702902],[-105.8547844,40.50777949],[-105.8570358,40.5078867],[-105.8582151,40.50960207],[-105.8605737,40.51153186],[-105.8607882,40.51249675],[-105.8618603,40.51442654],[-105.8631468,40.51549865],[-105.8663631,40.51721402],[-105.866792,40.51871496],[-105.8675424,40.51967986],[-105.8690434,40.52075196],[-105.8718309,40.52171686],[-105.8746183,40.52182407],[-105.8755832,40.52225291],[-105.8780491,40.52246733],[-105.879014,40.5232178],[-105.8819086,40.52289617],[-105.8838384,40.52171686],[-105.887698,40.52128801],[-105.8911287,40.52096638],[-105.8945595,40.52021591],[-105.8990623,40.51817891],[-105.9045301,40.51410491],[-105.9078536,40.51549865],[-105.9107483,40.52021591],[-105.9111771,40.5221457],[-105.9097834,40.52343222],[-105.9078536,40.5262197],[-105.9059238,40.53050812],[-105.9056022,40.53286675],[-105.9050661,40.53533259],[-105.9054949,40.53704796],[-105.9071031,40.5405859],[-105.9069959,40.54283733],[-105.9095689,40.54498154],[-105.9092473,40.54541038],[-105.9094617,40.54798343],[-105.9118204,40.55270069],[-105.9108555,40.55666748],[-105.9098906,40.55881169],[-105.910105,40.56063427],[-105.9097834,40.56213522],[-105.910105,40.56385058],[-105.9106411,40.56470827],[-105.9108555,40.56642364],[-105.9124636,40.56803179],[-105.9132141,40.56835342],[-105.9147151,40.57060485],[-105.9184674,40.57071206],[-105.9212549,40.57253463],[-105.9222198,40.57425],[-105.9222198,40.57532211],[-105.9233991,40.57703748],[-105.9241496,40.5792889],[-105.9250073,40.58089705],[-105.924364,40.58218358],[-105.9244712,40.58325568],[-105.9253289,40.58529268],[-105.9257577,40.58775853],[-105.9266154,40.58915226],[-105.9265082,40.590546],[-105.9276875,40.59172531],[-105.9281164,40.59419116],[-105.9276875,40.59494163],[-105.9282236,40.59826515],[-105.9281164,40.60008773],[-105.928974,40.60115984],[-105.928974,40.6038401],[-105.9302606,40.60619873],[-105.9311183,40.60609152],[-105.9347634,40.60641315],[-105.9387302,40.60877178],[-105.9400167,40.60866457],[-105.9420537,40.60909342],[-105.9445196,40.61209531],[-105.944734,40.61423952],[-105.9465566,40.6160621],[-105.9469854,40.61734862],[-105.9453773,40.62035052],[-105.9450556,40.62185146],[-105.9454845,40.62270915],[-105.9471998,40.62378125],[-105.9492368,40.6273192],[-105.949344,40.62806967],[-105.9487008,40.63021388],[-105.9485936,40.63364462],[-105.9480575,40.63600325],[-105.9482719,40.64179262],[-105.9491296,40.64275751],[-105.950845,40.64329357],[-105.9505234,40.6446873],[-105.9510594,40.64586662],[-105.9538469,40.64693872],[-105.9545974,40.64811804],[-105.9548118,40.65026225],[-105.9559911,40.65262088],[-105.9566344,40.65497951],[-105.9565271,40.65669488],[-105.9557767,40.65883909],[-105.9578137,40.66087609],[-105.9586714,40.6630203],[-105.959529,40.66355635],[-105.9623165,40.66655824],[-105.9646751,40.66773756],[-105.9649968,40.6681664],[-105.965104,40.67138272],[-105.9664977,40.67341972],[-105.9667121,40.67567114],[-105.9677843,40.67706487],[-105.9693924,40.67770814],[-105.9718583,40.68188935],[-105.9711078,40.68403356],[-105.9701429,40.68467682],[-105.9700357,40.68628498],[-105.9719655,40.68767871],[-105.9735736,40.68928687],[-105.973788,40.69110945],[-105.9723943,40.69378971],[-105.9721799,40.69486182],[-105.9734664,40.69657718],[-105.9771116,40.70268818],[-105.9805423,40.7038675],[-105.9814,40.70483239],[-105.9816144,40.7059045],[-105.9824721,40.70665497],[-105.98601,40.70761987],[-105.9886903,40.70965687],[-105.9897624,40.71394529],[-105.989548,40.71619671],[-105.990084,40.71834092],[-105.988047,40.72134281],[-105.9893336,40.72348702],[-105.9909417,40.72477355],[-105.9906201,40.72713218],[-105.9920138,40.72895476],[-105.9944797,40.73109897],[-105.9944797,40.73174223],[-105.9963022,40.73313597],[-105.9986609,40.73420807],[-106.0005907,40.73431528],[-106.0040214,40.73678112],[-106.0060584,40.73763881],[-106.0064872,40.7386037],[-106.0073449,40.73881812],[-106.0085242,40.74021186],[-106.0094891,40.74021186],[-106.0106685,40.74106954],[-106.0103468,40.74235607],[-106.0121694,40.74396423],[-106.0127055,40.74546517],[-106.013992,40.74664449],[-106.0146352,40.74932475],[-106.0153857,40.75028965],[-106.0148497,40.75136175],[-106.0152785,40.7528627],[-106.0189237,40.75404201],[-106.0222472,40.75468528],[-106.0219256,40.75607901],[-106.020639,40.75715112],[-106.020639,40.75843764],[-106.0218183,40.75908091],[-106.0238553,40.76133233],[-106.0233193,40.76358375],[-106.0243914,40.76551354],[-106.0243914,40.76626401],[-106.0264284,40.76765775],[-106.0266428,40.76830101],[-106.0244986,40.7713029],[-106.0268572,40.77248222],[-106.0286798,40.77291106],[-106.0292159,40.77344711],[-106.0295375,40.77505527],[-106.0288942,40.77655622],[-106.0288942,40.77752111],[-106.0310384,40.77784274],[-106.0303952,40.77912927],[-106.0296447,40.78159511],[-106.0312529,40.78223838],[-106.0320033,40.78373932],[-106.0352197,40.7855619],[-106.0368278,40.78534748],[-106.0396153,40.78577632],[-106.0412234,40.78845658],[-106.0428316,40.79017195],[-106.0443325,40.79060079],[-106.0454047,40.79188732],[-106.0460479,40.79424595],[-106.0459407,40.79639016],[-106.0448686,40.79767669],[-106.0449758,40.79821274],[-106.0466912,40.80078579],[-106.0464768,40.80239395],[-106.0479777,40.80464537],[-106.0495859,40.80550305],[-106.0516229,40.80539584],[-106.0523733,40.80582469],[-106.0516229,40.80711121],[-106.0515157,40.80914821],[-106.0533382,40.81043474],[-106.0537671,40.81268616],[-106.0550536,40.81365105],[-106.0563401,40.81354384],[-106.0579483,40.81483037],[-106.0577339,40.81708179],[-106.0597709,40.81804668],[-106.0610574,40.81911879],[-106.0625583,40.81954763],[-106.0648098,40.82158463],[-106.0673828,40.82179905],[-106.0684549,40.82222789],[-106.0713496,40.8223351],[-106.0731722,40.82458652],[-106.0753164,40.82565863],[-106.0763885,40.82791005],[-106.0777822,40.8284461],[-106.0796048,40.83026868],[-106.0808913,40.83091194],[-106.08325,40.83112636],[-106.0849653,40.83219847],[-106.0879672,40.83337778],[-106.0883961,40.8345571],[-106.0886105,40.83616526],[-106.0905403,40.83713015],[-106.0924701,40.83981041],[-106.0926845,40.84088252],[-106.0955792,40.84163299],[-106.0987955,40.8417402],[-106.0996532,40.84206183],[-106.1012613,40.84356278],[-106.1005109,40.8447421],[-106.1001892,40.84699352],[-106.0990099,40.84806562],[-106.0984739,40.84978099],[-106.1002964,40.85106752],[-106.1024406,40.85235404],[-106.1042632,40.85203241],[-106.1081228,40.85224683],[-106.107694,40.85299731],[-106.1063002,40.85406941],[-106.105657,40.85535594],[-106.1049065,40.85792899],[-106.1042632,40.85921552],[-106.1046921,40.86028762],[-106.1078012,40.86135973],[-106.1078012,40.86232462],[-106.1084444,40.86328951],[-106.1131617,40.86425441],[-106.1150915,40.86532651],[-106.1164852,40.86639862],[-106.117879,40.86639862],[-106.1189511,40.86575536],[-106.1207736,40.86768514],[-106.1231323,40.86747072],[-106.1246332,40.86875725],[-106.1268846,40.86950772],[-106.1277423,40.87175914],[-106.130637,40.87390335],[-106.1324596,40.87658362],[-106.1299937,40.87819177],[-106.1289216,40.88001435],[-106.1282784,40.88205135],[-106.1276351,40.88483882],[-106.1281712,40.88698304],[-106.1290288,40.88794793],[-106.1290288,40.88923446],[-106.130101,40.89062819],[-106.1305298,40.89191472],[-106.1313875,40.89287961],[-106.1307442,40.89545266],[-106.1312803,40.89663198],[-106.1340677,40.89866898],[-106.1362119,40.89920503],[-106.1370696,40.90049156],[-106.1366408,40.90188529],[-106.1393211,40.90242135],[-106.1417869,40.90392229],[-106.1440383,40.90488719],[-106.1470402,40.90456556],[-106.1478979,40.90467277],[-106.1495061,40.9060665],[-106.1506854,40.90670977],[-106.1521863,40.90681698],[-106.1545449,40.90939003],[-106.1585117,40.91056935],[-106.1595838,40.91271356],[-106.1589406,40.91378566],[-106.159155,40.91475055],[-106.161192,40.91507219],[-106.1630146,40.91668034],[-106.1663381,40.91764524],[-106.1681607,40.91839571],[-106.1690184,40.9192534],[-106.1694472,40.9203255],[-106.1690184,40.92171924],[-106.1691256,40.92289855],[-106.1699833,40.92375624],[-106.173414,40.92482834],[-106.1758798,40.92825908],[-106.1772736,40.92943839],[-106.1787745,40.93029608],[-106.1799538,40.93147539],[-106.1816692,40.93201145],[-106.1840278,40.93351239],[-106.1853144,40.93394123],[-106.1858504,40.93479892],[-106.186172,40.93672871],[-106.1875658,40.9376936],[-106.1871369,40.93930176],[-106.1871369,40.94080271],[-106.1881018,40.94251807],[-106.1884235,40.94401902],[-106.1892811,40.9458416],[-106.1890667,40.94702092],[-106.187673,40.95013002],[-106.185636,40.95227423],[-106.1845639,40.9539896],[-106.1842423,40.95516891],[-106.1848855,40.95613381],[-106.1868153,40.95742033],[-106.1873514,40.95870686],[-106.1868153,40.95988618],[-106.1852071,40.96106549],[-106.1855288,40.96192318],[-106.1848855,40.96385296],[-106.1869225,40.96428181],[-106.187673,40.96492507],[-106.1867081,40.96803417],[-106.1867081,40.97017838],[-106.1871369,40.97114328],[-106.1891739,40.97221538],[-106.18971,40.97307307],[-106.1903533,40.97607496],[-106.1900316,40.97864801],[-106.1904605,40.97993454],[-106.1921758,40.98282922],[-106.1907821,40.98368691],[-106.1905677,40.98422296],[-106.1911037,40.98604554],[-106.1919614,40.98647438],[-106.1949633,40.98690322],[-106.1953921,40.98818975],[-106.1953921,40.98990512],[-106.1948561,40.99108443],[-106.1923903,40.99365748],[-106.1915326,40.99633775],[-106.1905677,40.99762427],[-106.2180136,40.99773148],[-106.2506056,40.99826754],[-106.3141814,40.9989108],[-106.3264034,40.99923243],[-106.3464517,40.99966127],[-106.3513834,40.9999829],[-106.3539565,40.9999829],[-106.386334,41.00116222],[-106.3986633,41.00105501],[-106.4309336,41.00180548],[-106.4373662,41.00180548],[-106.4395105,41.0020199],[-106.4556992,41.00212711],[-106.4939734,41.00212711],[-106.5006204,41.00191269],[-106.5938936,41.00212711],[-106.6256279,41.00212711],[-106.7519219,41.00266317],[-106.8577386,41.00266317]]]},"properties":{"name":"Jackson=JAC","type":"county"}},
{"type":"Feature","geometry":{"type":"Polygon","coordinates":[[[-105.0487758,39.56604245],[-105.0541364,39.56604245],[-105.0542436,39.56979481],[-105.0540291,39.57847887],[-105.0537075,39.59777676],[-105.0538147,39.60088586],[-105.0536003,39.61342949],[-105.0536003,39.61707465],[-105.0533859,39.62147028],[-105.0571383,39.62157749],[-105.0575671,39.62093422],[-105.0563878,39.61986212],[-105.058532,39.61803954],[-105.059068,39.61803954],[-105.0584248,39.61686022],[-105.0592825,39.61428717],[-105.0642141,39.6146088],[-105.0698963,39.61439438],[-105.0728982,39.61450159],[-105.0969133,39.61439438],[-105.0969133,39.61921886],[-105.0963773,39.61932607],[-105.0938042,39.61836117],[-105.0872644,39.61836117],[-105.0860851,39.61900443],[-105.0847986,39.61857559],[-105.079438,39.61846838],[-105.065179,39.61857559],[-105.0649646,39.62029096],[-105.0661439,39.6207198],[-105.0765434,39.62436496],[-105.0762217,39.62554428],[-105.081475,39.63186969],[-105.083512,39.63186969],[-105.083512,39.63015433],[-105.0816895,39.63015433],[-105.0816895,39.62758127],[-105.0839409,39.62758127],[-105.0839409,39.62929664],[-105.0854418,39.62918943],[-105.085549,39.62650917],[-105.0876932,39.62650917],[-105.0876932,39.62736685],[-105.0912312,39.62725964],[-105.0912312,39.62415054],[-105.1085993,39.62425775],[-105.1085993,39.62693801],[-105.1098858,39.62693801],[-105.1098858,39.63519322],[-105.1008801,39.63519322],[-105.0995936,39.6349788],[-105.0915528,39.63519322],[-105.0915528,39.63873117],[-105.0816895,39.63873117],[-105.081475,39.63637254],[-105.0806174,39.63680138],[-105.0771866,39.63658696],[-105.0739703,39.63680138],[-105.0739703,39.63873117],[-105.0767578,39.63873117],[-105.0757929,39.64205469],[-105.0745064,39.64409169],[-105.0724694,39.64527101],[-105.0720405,39.64580706],[-105.0689314,39.64612869],[-105.0635709,39.64602148],[-105.0633565,39.65009548],[-105.0573527,39.64998827],[-105.0572455,39.65299016],[-105.058532,39.65299016],[-105.0588536,39.65138201],[-105.0621771,39.65138201],[-105.062606,39.65063153],[-105.0638925,39.65052432],[-105.0638925,39.64955943],[-105.0710756,39.64955943],[-105.0709684,39.65052432],[-105.0701107,39.65041711],[-105.0668944,39.65363343],[-105.0670016,39.65663532],[-105.070754,39.65663532],[-105.070754,39.65920837],[-105.0716117,39.65995885],[-105.0732198,39.65974443],[-105.0776155,39.65877953],[-105.0772938,39.66038769],[-105.0778299,39.66103095],[-105.0797597,39.66221027],[-105.081475,39.66210306],[-105.081475,39.66853569],[-105.0813678,39.67014384],[-105.0792236,39.669715],[-105.0791164,39.66939337],[-105.0769722,39.66928616],[-105.0749352,39.6706799],[-105.0722549,39.66950058],[-105.0721477,39.66778521],[-105.0532787,39.66778521],[-105.0532787,39.67496832],[-105.058532,39.67486111],[-105.0629276,39.67496832],[-105.0629276,39.67925674],[-105.0607834,39.67829184],[-105.0582104,39.67861347],[-105.0579959,39.68225863],[-105.0531715,39.68225863],[-105.0531715,39.69137152],[-105.0532787,39.73307641],[-105.0555301,39.73307641],[-105.0555301,39.7350062],[-105.0532787,39.7350062],[-105.0532787,39.77113614],[-105.0531715,39.78357255],[-105.054458,39.78378698],[-105.062606,39.78389419],[-105.062606,39.78721771],[-105.0629276,39.7880754],[-105.0650718,39.7880754],[-105.0650718,39.78925471],[-105.0645358,39.79097008],[-105.0633565,39.79107729],[-105.0632493,39.79011239],[-105.0618555,39.79011239],[-105.0614267,39.79107729],[-105.0532787,39.79107729],[-105.0531715,39.79922529],[-105.0528498,39.80179834],[-105.0528498,39.80383534],[-105.0532787,39.8065156],[-105.0532787,39.82109623],[-105.0531715,39.84961422],[-105.0528498,39.85250891],[-105.0533859,39.85593964],[-105.0530643,39.85819106],[-105.0532787,39.86001364],[-105.0528498,39.86076412],[-105.0531715,39.86205064],[-105.0532787,39.86912653],[-105.0528498,39.91383331],[-105.0554229,39.91383331],[-105.0554229,39.91286842],[-105.0577815,39.91286842],[-105.0577815,39.91426216],[-105.059068,39.91426216],[-105.059068,39.91286842],[-105.060569,39.91297563],[-105.060569,39.91426216],[-105.0622844,39.91426216],[-105.0620699,39.90697184],[-105.0655007,39.90707905],[-105.0718261,39.90697184],[-105.0717189,39.89978874],[-105.0775082,39.89978874],[-105.0780443,39.90011037],[-105.0840481,39.90011037],[-105.0840481,39.89893105],[-105.0904807,39.89893105],[-105.0904807,39.90021758],[-105.0961629,39.90021758],[-105.0961629,39.90064642],[-105.1002369,39.90171853],[-105.099808,39.90782953],[-105.1047397,39.90911605],[-105.1076344,39.91072421],[-105.1065623,39.91190352],[-105.1082777,39.91276121],[-105.1076344,39.91340447],[-105.1089209,39.91436937],[-105.1163184,39.91415495],[-105.128326,39.91404773],[-105.1329361,39.91415495],[-105.1471951,39.91394052],[-105.1473023,39.91179631],[-105.1470879,39.89978874],[-105.1439788,39.90011037],[-105.1314351,39.90011037],[-105.1289693,39.90021758],[-105.1289693,39.89271284],[-105.1287549,39.88992537],[-105.1299342,39.88992537],[-105.1315423,39.89282006],[-105.1336865,39.89217679],[-105.1378678,39.89217679],[-105.1375461,39.8912119],[-105.1354019,39.88928211],[-105.1471951,39.88906769],[-105.1566296,39.89013979],[-105.164456,39.89067585],[-105.1655281,39.89110469],[-105.1656353,39.91008095],[-105.1650992,39.91018816],[-105.1595243,39.91115305],[-105.1541638,39.91211795],[-105.1473023,39.91361889],[-105.1473023,39.91383331],[-105.1666002,39.91394052],[-105.1966191,39.91415495],[-105.2002643,39.91394052],[-105.2124863,39.91426216],[-105.2136656,39.91361889],[-105.215381,39.91404773],[-105.2181684,39.9137261],[-105.2223496,39.91415495],[-105.2313553,39.91404773],[-105.2385384,39.91436937],[-105.2453999,39.91404773],[-105.2639473,39.91394052],[-105.2649122,39.91415495],[-105.269415,39.91394052],[-105.2826019,39.9137261],[-105.3068315,39.91394052],[-105.3395307,39.91383331],[-105.3739453,39.91319005],[-105.3978532,39.91286842],[-105.397746,39.90407716],[-105.3979604,39.8973229],[-105.3976388,39.88317111],[-105.3979604,39.88113411],[-105.3980676,39.87223564],[-105.3978532,39.8667679],[-105.3975316,39.86633906],[-105.3979604,39.86033527],[-105.3974244,39.85368822],[-105.3980676,39.84093017],[-105.3979604,39.84050133],[-105.3980676,39.81605734],[-105.39721,39.81487802],[-105.3979604,39.81026797],[-105.3979604,39.76180882],[-105.3982821,39.76127277],[-105.3979604,39.75076614],[-105.3979604,39.74712098],[-105.3981749,39.73329083],[-105.3982821,39.71753089],[-105.3983893,39.71731646],[-105.3983893,39.71088383],[-105.3984965,39.70102047],[-105.3984965,39.686011],[-105.3983893,39.67754137],[-105.3983893,39.67614763],[-105.3983893,39.66531937],[-105.3982821,39.65835069],[-105.3982821,39.63658696],[-105.3984965,39.63465717],[-105.3984965,39.62854617],[-105.3986037,39.62039817],[-105.3989253,39.60474544],[-105.3989253,39.58512592],[-105.3991398,39.58158797],[-105.3991398,39.57440487],[-105.3989253,39.56604245],[-105.3987109,39.54116961],[-105.3988181,39.53559466],[-105.3986037,39.52691061],[-105.3983893,39.51383093],[-105.3982821,39.51318767],[-105.3983893,39.50482525],[-105.3980676,39.48617062],[-105.3981749,39.47973799],[-105.3980676,39.47909473],[-105.3981749,39.46869531],[-105.3978532,39.46697994],[-105.3986037,39.463442],[-105.3984965,39.46011847],[-105.3980676,39.45229211],[-105.3979604,39.44500179],[-105.3980676,39.4440369],[-105.3980676,39.41198096],[-105.3981749,39.39900849],[-105.3979604,39.38882349],[-105.3986037,39.37810244],[-105.3984965,39.36309297],[-105.3981749,39.35065655],[-105.3984965,39.34025713],[-105.3986037,39.33704082],[-105.3984965,39.32953608],[-105.3982821,39.32717745],[-105.3986037,39.32621256],[-105.3980676,39.31463382],[-105.3981749,39.30552093],[-105.3979604,39.30026761],[-105.3980676,39.29844504],[-105.3966739,39.26488815],[-105.3978532,39.24998589],[-105.3978532,39.20066906],[-105.397746,39.16153723],[-105.3978532,39.1295885],[-105.3304178,39.12969571],[-105.3292385,39.12969571],[-105.3274159,39.13087502],[-105.3262366,39.13237597],[-105.3222698,39.13612834],[-105.3217338,39.1388086],[-105.3226987,39.14020234],[-105.3226987,39.14138165],[-105.3221626,39.14298981],[-105.3232347,39.14502681],[-105.3230203,39.14556286],[-105.3215193,39.14620612],[-105.3201256,39.14577728],[-105.3188391,39.14588449],[-105.316266,39.14556286],[-105.3153011,39.14674218],[-105.316266,39.14867196],[-105.3156228,39.14974407],[-105.3159444,39.15135223],[-105.3153011,39.15489017],[-105.3141218,39.15553344],[-105.3130497,39.15703438],[-105.3135858,39.15885696],[-105.3131569,39.15992907],[-105.3106911,39.16153723],[-105.3099406,39.16346701],[-105.3083325,39.16443191],[-105.3080108,39.16528959],[-105.3070459,39.1653968],[-105.3052234,39.16400307],[-105.3044729,39.1643247],[-105.3022215,39.16668333],[-105.3010421,39.16679054],[-105.3001845,39.16796986],[-105.302007,39.16925638],[-105.3015782,39.17065012],[-105.29997,39.17161501],[-105.299434,39.17257991],[-105.2984691,39.17279433],[-105.2963249,39.17268712],[-105.2941807,39.17300875],[-105.2936446,39.17397364],[-105.2947167,39.17483133],[-105.2894634,39.17751159],[-105.2879625,39.17847648],[-105.2874264,39.17944138],[-105.2873192,39.18126396],[-105.287748,39.18201443],[-105.289249,39.18340817],[-105.2891418,39.18415864],[-105.2863543,39.18630285],[-105.2860327,39.18726775],[-105.2859255,39.18962638],[-105.2850678,39.19102011],[-105.2847461,39.19273548],[-105.2850678,39.19455806],[-105.2837813,39.19766716],[-105.2829236,39.19991858],[-105.2812082,39.20174116],[-105.2788496,39.20184837],[-105.2776703,39.20281327],[-105.2773486,39.20442143],[-105.2767054,39.2051719],[-105.2762765,39.2072089],[-105.2756333,39.20763774],[-105.2731674,39.20763774],[-105.2722025,39.20860264],[-105.2701655,39.20935311],[-105.2672708,39.20913869],[-105.2642689,39.20806658],[-105.2631968,39.20795937],[-105.2621247,39.20988916],[-105.260731,39.21010358],[-105.2596589,39.21139011],[-105.2600877,39.21256942],[-105.2613743,39.21385595],[-105.2614815,39.21471363],[-105.2608382,39.21557132],[-105.2606238,39.21685784],[-105.2626608,39.21910926],[-105.2635185,39.22136068],[-105.2614815,39.22275442],[-105.261267,39.22329047],[-105.2624464,39.22479142],[-105.2614815,39.22586353],[-105.2616959,39.22682842],[-105.2634113,39.22832937],[-105.2635185,39.22907984],[-105.2618031,39.23143847],[-105.2605166,39.23218895],[-105.2579435,39.23293942],[-105.2568714,39.23465479],[-105.2555849,39.2358341],[-105.2542984,39.2378711],[-105.2550488,39.24022973],[-105.2535479,39.24140905],[-105.2534407,39.24333884],[-105.2522614,39.24366047],[-105.2492595,39.24183789],[-105.248509,39.240873],[-105.2467936,39.24033694],[-105.2460432,39.24055136],[-105.2433629,39.24269557],[-105.2413259,39.24344605],[-105.2405754,39.24408931],[-105.2395033,39.24366047],[-105.2356437,39.24430373],[-105.2343572,39.24559026],[-105.2339284,39.24687678],[-105.2347861,39.24934263],[-105.2357509,39.24966426],[-105.2373591,39.24966426],[-105.2373591,39.25095078],[-105.2352149,39.25127241],[-105.23425,39.25245173],[-105.2347861,39.25459594],[-105.2343572,39.25534641],[-105.2315697,39.25384547],[-105.2292111,39.25373826],[-105.2273885,39.2541671],[-105.2273885,39.25598968],[-105.2265308,39.25652573],[-105.224065,39.25588247],[-105.2234217,39.2562041],[-105.2234217,39.25845552],[-105.2251371,39.25942041],[-105.2251371,39.26049252],[-105.2243866,39.26070694],[-105.2200982,39.25963483],[-105.2184901,39.25984925],[-105.217418,39.26038531],[-105.2172035,39.26113578],[-105.2177396,39.26210068],[-105.2177396,39.26349441],[-105.2187045,39.26531699],[-105.2187045,39.26703236],[-105.2207415,39.26810446],[-105.2205271,39.26917657],[-105.2191333,39.27046309],[-105.2173107,39.27164241],[-105.2155954,39.27217846],[-105.2157026,39.27335778],[-105.2175252,39.2746443],[-105.2154882,39.27678851],[-105.2163458,39.27743178],[-105.2154882,39.27861109],[-105.21388,39.2787183],[-105.2132367,39.2796832],[-105.211307,39.28096972],[-105.211307,39.28289951],[-105.2124863,39.28450767],[-105.211843,39.2857942],[-105.2101276,39.28772399],[-105.2080906,39.28943935],[-105.2087339,39.29061867],[-105.2078762,39.29147635],[-105.2066969,39.29061867],[-105.2055176,39.29169077],[-105.2068041,39.2929773],[-105.2066969,39.29394219],[-105.2055176,39.29394219],[-105.2042311,39.29308451],[-105.2026229,39.29329893],[-105.2028373,39.29479988],[-105.205196,39.29490709],[-105.2071257,39.29619361],[-105.2076618,39.29823061],[-105.2068041,39.29919551],[-105.2049815,39.29983877],[-105.201122,39.29930272],[-105.2013364,39.30080367],[-105.2002643,39.30198298],[-105.1972624,39.30176856],[-105.1959759,39.30209019],[-105.1965119,39.30391277],[-105.1977984,39.30498488],[-105.1967263,39.30852282],[-105.1984417,39.3092733],[-105.1981201,39.31045261],[-105.1946893,39.3123824],[-105.19351,39.31259682],[-105.1923307,39.3133473],[-105.1905081,39.31592035],[-105.1886855,39.31709966],[-105.1885783,39.31795735],[-105.1891144,39.31913666],[-105.1887927,39.32117366],[-105.1878279,39.32288903],[-105.1863269,39.32331787],[-105.1854692,39.32438998],[-105.1858981,39.32610534],[-105.1880423,39.32685582],[-105.1877206,39.32814234],[-105.1860053,39.32824955],[-105.1847187,39.32900003],[-105.1830034,39.32932166],[-105.1822529,39.3297505],[-105.1822529,39.33135866],[-105.1855764,39.33296682],[-105.187399,39.33328845],[-105.1878279,39.33414613],[-105.1850404,39.3347894],[-105.1839683,39.33553987],[-105.1825745,39.33725524],[-105.1821457,39.33854176],[-105.1801087,39.33918503],[-105.178715,39.34079318],[-105.1795726,39.34229413],[-105.1791438,39.34347345],[-105.1778573,39.34390229],[-105.1771068,39.34475997],[-105.1765708,39.34754745],[-105.1773212,39.34937002],[-105.175177,39.35044213],[-105.1732472,39.35194308],[-105.1718535,39.35344402],[-105.1723895,39.35558823],[-105.1715319,39.35719639],[-105.1691732,39.35891176],[-105.1678867,39.35901897],[-105.1675651,39.36041271],[-105.1663858,39.36266413],[-105.1669218,39.36470113],[-105.1677795,39.36555881],[-105.1677795,39.36641649],[-105.1688516,39.36705976],[-105.1691732,39.36866791],[-105.1676723,39.37038328],[-105.1671362,39.37220586],[-105.1679939,39.37413565],[-105.1701381,39.37456449],[-105.1703525,39.37531496],[-105.1722823,39.37638707],[-105.1730328,39.3776736],[-105.1714246,39.37896012],[-105.1712102,39.37960339],[-105.1696021,39.38067549],[-105.1708886,39.38228365],[-105.1719607,39.38196202],[-105.1732472,39.38228365],[-105.1734616,39.38346296],[-105.1729256,39.38571438],[-105.1712102,39.38678649],[-105.1699237,39.38914512],[-105.1678867,39.38978838],[-105.1656353,39.39118212],[-105.1646704,39.39214701],[-105.1655281,39.39396959],[-105.1672434,39.39429122],[-105.1676723,39.39579217],[-105.167029,39.39804359],[-105.1672434,39.39975896],[-105.1682083,39.4001878],[-105.1693876,39.40158154],[-105.1693876,39.40329691],[-105.1704598,39.40458343],[-105.1713174,39.40683485],[-105.1709958,39.40779975],[-105.169066,39.40897906],[-105.1661713,39.40865743],[-105.1642415,39.41069443],[-105.1626334,39.41198096],[-105.1612396,39.41380354],[-105.1595243,39.41433959],[-105.156308,39.41380354],[-105.1551287,39.41401796],[-105.1518051,39.41573332],[-105.1494465,39.4175559],[-105.1460158,39.41884243],[-105.1449437,39.41894964],[-105.1414057,39.42109385],[-105.140548,39.42238038],[-105.1381894,39.42302364],[-105.1370101,39.42538227],[-105.1354019,39.42677601],[-105.1330433,39.42741927],[-105.1315423,39.42924185],[-105.1300414,39.43009953],[-105.1284332,39.43170769],[-105.1236088,39.43417353],[-105.1235016,39.43449516],[-105.1248953,39.43621053],[-105.1251097,39.43738985],[-105.1261818,39.44017732],[-105.1246809,39.44275037],[-105.1247881,39.4440369],[-105.1238232,39.44660995],[-105.1239304,39.44746763],[-105.1230727,39.44800368],[-105.123716,39.44950463],[-105.1230727,39.45089837],[-105.1239304,39.45304258],[-105.1241448,39.45497237],[-105.1250025,39.4563661],[-105.1267179,39.45722379],[-105.1274683,39.45851031],[-105.130363,39.45947521],[-105.131864,39.46054731],[-105.1329361,39.46194105],[-105.1326144,39.46429968],[-105.1331505,39.46612226],[-105.1327217,39.46805205],[-105.1335793,39.46869531],[-105.1347587,39.47019626],[-105.1349731,39.47094673],[-105.1333649,39.47212605],[-105.1315423,39.4726621],[-105.130363,39.47362699],[-105.1287549,39.4757712],[-105.1281116,39.47759378],[-105.123716,39.4798452],[-105.1217862,39.48134615],[-105.1210357,39.48145336],[-105.1195348,39.48038126],[-105.1185699,39.48016684],[-105.1163184,39.48145336],[-105.1158896,39.48252547],[-105.117605,39.48252547],[-105.1182482,39.48295431],[-105.1183554,39.48456247],[-105.117605,39.48542015],[-105.1156752,39.4859562],[-105.1147103,39.48584899],[-105.1143887,39.48477689],[-105.1131021,39.4839192],[-105.1106363,39.48359757],[-105.1069911,39.48466968],[-105.1046325,39.48499131],[-105.103346,39.48466968],[-105.1003441,39.48552736],[-105.0987359,39.48542015],[-105.0941259,39.48788599],[-105.0930538,39.48810041],[-105.0913384,39.48927973],[-105.0885509,39.49238883],[-105.0867284,39.49346094],[-105.0860851,39.49496188],[-105.0871572,39.49603399],[-105.0871572,39.49699888],[-105.0861923,39.49764215],[-105.0865139,39.49914309],[-105.0847986,39.50118009],[-105.0847986,39.5022522],[-105.0852274,39.50364594],[-105.0847986,39.50482525],[-105.0852274,39.50546851],[-105.0840481,39.50718388],[-105.0823327,39.5083632],[-105.0811534,39.50964972],[-105.0798669,39.50997135],[-105.0786876,39.51082904],[-105.0784731,39.51200835],[-105.078902,39.51286604],[-105.0782587,39.51468862],[-105.0779371,39.51747609],[-105.0790092,39.51919146],[-105.079438,39.52047798],[-105.0796525,39.5247664],[-105.079438,39.52583851],[-105.0765434,39.53109182],[-105.0760073,39.53269998],[-105.0765434,39.53505861],[-105.0776155,39.53602351],[-105.0778299,39.53688119],[-105.0764361,39.54041914],[-105.0745064,39.54213451],[-105.0739703,39.54460035],[-105.0715045,39.54631571],[-105.0704324,39.54781666],[-105.0667872,39.55049692],[-105.0657151,39.55339161],[-105.0642141,39.55414208],[-105.0643214,39.5553214],[-105.0616411,39.55617908],[-105.061105,39.55692955],[-105.062606,39.55757282],[-105.061105,39.56003866],[-105.0592825,39.56025308],[-105.0574599,39.56229008],[-105.0542436,39.56304055],[-105.0514561,39.56304055],[-105.0512417,39.56336218],[-105.0487758,39.56604245]]]},"properties":{"name":"Jefferson=JEF","type":"county"}},
{"type":"Feature","geometry":{"type":"Polygon","coordinates":[[[-105.0534931,39.62951106],[-105.0533859,39.63154806],[-105.0532787,39.6370158],[-105.0533859,39.63894559],[-105.0589608,39.63883838],[-105.0594969,39.63540764],[-105.0592825,39.63433554],[-105.057031,39.63165527],[-105.0534931,39.62951106]]]},"properties":{"name":"Jefferson=JEF 2","type":"county"}},
{"type":"Feature","geometry":{"type":"Polygon","coordinates":[[[-105.0533859,39.62436496],[-105.0532787,39.62801012],[-105.0558517,39.62597312],[-105.0558517,39.62415054],[-105.0533859,39.62436496]]]},"properties":{"name":"Jefferson=JEF 3","type":"county"}},
{"type":"Feature","geometry":{"type":"Polygon","coordinates":[[[-103.1729137,38.61240504],[-103.1730209,38.5681271],[-103.1729137,38.52535011],[-103.1911395,38.52513569],[-103.2012173,38.52481406],[-103.2278055,38.52438522],[-103.2379905,38.52406358],[-103.2465673,38.52395637],[-103.2505341,38.52363474],[-103.3034961,38.52363474],[-103.3523841,38.52374195],[-103.3713603,38.52342032],[-103.3775785,38.52342032],[-103.3819742,38.52331311],[-103.4265737,38.52352753],[-103.4554134,38.52384916],[-103.4628109,38.52363474],[-103.492401,38.52384916],[-103.504623,38.52363474],[-103.504623,38.51645164],[-103.504623,38.50004843],[-103.5052662,38.49061391],[-103.50666,38.40795461],[-103.5069816,38.34223457],[-103.5017283,38.34234178],[-103.5014067,38.32701068],[-103.5016211,38.32626021],[-103.5016211,38.32250784],[-103.5016211,38.27404869],[-103.5017283,38.26504301],[-103.4372948,38.26504301],[-103.4301117,38.26515022],[-103.4183185,38.26515022],[-103.4177825,38.26525743],[-103.410385,38.26525743],[-103.4098489,38.26547185],[-103.3999855,38.26547185],[-103.3850833,38.26525743],[-103.3755415,38.26536464],[-103.3755415,38.26547185],[-103.1997163,38.26579349],[-103.1635864,38.26600791],[-103.1400001,38.26600791],[-103.1311016,38.26643675],[-103.1296006,38.26632954],[-103.1255266,38.26643675],[-103.0969014,38.26632954],[-103.0758882,38.26632954],[-103.0577696,38.26654396],[-103.057448,38.26643675],[-103.0230334,38.26643675],[-103.0114547,38.26643675],[-103.0005192,38.26632954],[-103.0005192,38.26675838],[-102.9585999,38.26665117],[-102.9500231,38.2669728],[-102.9411246,38.26686559],[-102.9410174,38.26675838],[-102.923006,38.26665117],[-102.8460289,38.26708001],[-102.841526,38.26708001],[-102.8390602,38.26686559],[-102.8345573,38.26686559],[-102.8220137,38.26686559],[-102.7989635,38.26783049],[-102.7938174,38.26772327],[-102.7613326,38.26665117],[-102.7423563,38.2669728],[-102.7238089,38.26729443],[-102.7220935,38.26708001],[-102.6549798,38.26729443],[-102.6369684,38.26750885],[-102.618957,38.26750885],[-102.5729637,38.26718722],[-102.5265416,38.26761606],[-102.5004894,38.26772327],[-102.4853727,38.2679377],[-102.4741156,38.26783049],[-102.4681119,38.26783049],[-102.467683,38.26761606],[-102.4342333,38.2679377],[-102.3605797,38.26815212],[-102.32252,38.26804491],[-102.3195181,38.2679377],[-102.2292469,38.26825933],[-102.216596,38.26815212],[-102.1858266,38.26858096],[-102.1811093,38.26825933],[-102.1574158,38.26847375],[-102.1565581,38.26825933],[-102.1368314,38.26847375],[-102.1347944,38.26836654],[-102.1322214,38.26847375],[-102.1254671,38.26847375],[-102.1194633,38.26858096],[-102.1174263,38.26836654],[-102.110136,38.26858096],[-102.0880506,38.26858096],[-102.0839766,38.26868817],[-102.0663941,38.26868817],[-102.0641427,38.26879538],[-102.0445232,38.26879538],[-102.0445232,38.28316159],[-102.0446304,38.28594906],[-102.044416,38.30610463],[-102.0445232,38.30631906],[-102.0446304,38.31232284],[-102.0445232,38.34941768],[-102.0450592,38.37482657],[-102.044952,38.38447551],[-102.0448448,38.38458272],[-102.0448448,38.39273072],[-102.044952,38.39326677],[-102.0447376,38.42039103],[-102.044952,38.42092708],[-102.044952,38.42800297],[-102.0447376,38.44065381],[-102.0450592,38.46080939],[-102.044952,38.48578943],[-102.0451664,38.52266985],[-102.044952,38.5293169],[-102.0453808,38.52953132],[-102.0453808,38.54389753],[-102.0448448,38.5599791],[-102.0448448,38.56641173],[-102.044952,38.56759105],[-102.0451664,38.57713278],[-102.0451664,38.58828267],[-102.0452736,38.58871152],[-102.0451664,38.60071909],[-102.0450592,38.60243446],[-102.0450592,38.61519251],[-102.0638211,38.61519251],[-102.0647859,38.61572856],[-102.0688599,38.61519251],[-102.0706825,38.6150853],[-102.1062764,38.6150853],[-102.1253599,38.61487088],[-102.1707099,38.61529972],[-102.1996568,38.61519251],[-102.2175609,38.61497809],[-102.2541197,38.61519251],[-102.2906785,38.61497809],[-102.3256291,38.61529972],[-102.3278805,38.61519251],[-102.3467496,38.61529972],[-102.3908131,38.61519251],[-102.4169724,38.6150853],[-102.436592,38.61476367],[-102.4562115,38.61487088],[-102.5022048,38.61390598],[-102.5102456,38.61369156],[-102.5789675,38.61326272],[-102.5866867,38.61336993],[-102.6115595,38.61326272],[-102.620458,38.61294109],[-102.6254969,38.61326272],[-102.6614124,38.61347714],[-102.6630205,38.61336993],[-102.6858564,38.61369156],[-102.7662643,38.6141204],[-102.785991,38.61444204],[-102.8755118,38.61454925],[-102.9334054,38.6150853],[-102.9888333,38.61529972],[-103.0073807,38.61476367],[-103.0283939,38.61497809],[-103.0622725,38.61497809],[-103.0992601,38.61433483],[-103.1363549,38.61326272],[-103.1729137,38.61240504]]]},"properties":{"name":"Kiowa=KIO","type":"county"}},
{"type":"Feature","geometry":{"type":"Polygon","coordinates":[[[-102.0465602,39.04703641],[-102.046989,39.12122608],[-102.0472034,39.13698602],[-102.0478467,39.23454758],[-102.0480611,39.24998589],[-102.0479539,39.25309499],[-102.04849,39.30294788],[-102.0487044,39.33125145],[-102.0489188,39.35097818],[-102.049026,39.37338518],[-102.0492404,39.37499333],[-102.0491332,39.40351133],[-102.049026,39.40372575],[-102.049026,39.41809196],[-102.0493476,39.41830638],[-102.0494548,39.4665511],[-102.0495621,39.46708715],[-102.0495621,39.47126836],[-102.0493476,39.47148278],[-102.0497765,39.50032241],[-102.0495621,39.50621899],[-102.0496693,39.53655956],[-102.0495621,39.53891819],[-102.0497765,39.57408323],[-102.0880506,39.57365439],[-102.1103504,39.57333276],[-102.1679224,39.57301113],[-102.1910799,39.57279671],[-102.249188,39.57193902],[-102.2525115,39.57193902],[-102.2603379,39.5717246],[-102.2735248,39.57151018],[-102.2913217,39.57151018],[-102.3004346,39.57129576],[-102.3060096,39.57129576],[-102.3135143,39.57118855],[-102.3697998,39.57075971],[-102.375482,39.57086692],[-102.382129,39.5706525],[-102.3854526,39.57075971],[-102.4256565,39.5706525],[-102.4309098,39.57075971],[-102.4585701,39.57075971],[-102.4588918,39.57086692],[-102.4999534,39.5706525],[-102.5515216,39.5706525],[-102.5708195,39.56925876],[-102.5725349,39.56925876],[-102.7244522,39.56797224],[-102.7940318,39.56775782],[-102.8029302,39.56786503],[-102.831341,39.56807945],[-102.8647907,39.56850829],[-102.879693,39.56818666],[-102.8803362,39.56829387],[-102.889878,39.56840108],[-102.935228,39.56850829],[-102.9528105,39.56840108],[-102.9542043,39.56829387],[-103.0095249,39.56786503],[-103.0232478,39.56754339],[-103.0281795,39.56754339],[-103.0338617,39.56775782],[-103.068169,39.56722176],[-103.0793189,39.56690013],[-103.0861804,39.56690013],[-103.0886462,39.56700734],[-103.1383919,39.56604245],[-103.1540446,39.56593524],[-103.1543663,39.56561361],[-103.1545807,39.51318767],[-103.1545807,39.51050741],[-103.1546879,39.50246662],[-103.1547951,39.49110231],[-103.1546879,39.46687273],[-103.1549023,39.40394017],[-103.155224,39.3889307],[-103.1551167,39.38850186],[-103.1551167,39.3746717],[-103.1550095,39.3746717],[-103.1551167,39.33436055],[-103.1550095,39.33135866],[-103.155224,39.27732457],[-103.1551167,39.2439821],[-103.1549023,39.22425537],[-103.1551167,39.16700496],[-103.1551167,39.14181049],[-103.155224,39.13505623],[-103.1551167,39.13344807],[-103.155224,39.12798034],[-103.1630503,39.12798034],[-103.1630503,39.12497844],[-103.1631575,39.11029061],[-103.1630503,39.10632382],[-103.1631575,39.09560277],[-103.1630503,39.08509614],[-103.1631575,39.0805933],[-103.1630503,39.03760189],[-103.1253122,39.03856678],[-103.1156633,39.03845957],[-103.1049422,39.0387812],[-103.0950789,39.03888841],[-103.0944356,39.03888841],[-103.051337,39.03953167],[-103.0491928,39.03942446],[-102.9774689,39.03931725],[-102.9179671,39.03921004],[-102.877656,39.03942446],[-102.8579292,39.03931725],[-102.8171892,39.0397461],[-102.798749,39.0397461],[-102.7241305,39.04017494],[-102.7157681,39.03867399],[-102.6873573,39.03899562],[-102.6692388,39.03942446],[-102.6317151,39.0397461],[-102.5867939,39.04038936],[-102.5856146,39.04049657],[-102.5774666,39.04071099],[-102.5534514,39.0408182],[-102.5200017,39.04135425],[-102.5117465,39.04135425],[-102.4993101,39.04167588],[-102.4665037,39.04274799],[-102.4544961,39.04274799],[-102.447313,39.04296241],[-102.4340189,39.04360567],[-102.4204032,39.04414173],[-102.4111831,39.04414173],[-102.375482,39.0448922],[-102.3677628,39.04564267],[-102.3524317,39.04564267],[-102.3300247,39.0459643],[-102.3197325,39.0459643],[-102.28178,39.04639315],[-102.2379309,39.04639315],[-102.2096273,39.04617873],[-102.1772498,39.04639315],[-102.130506,39.04650036],[-102.1252527,39.04660757],[-102.1148533,39.04660757],[-102.0874074,39.04671478],[-102.0606047,39.04703641],[-102.0465602,39.04703641]]]},"properties":{"name":"KitCarson=KIC","type":"county"}},
{"type":"Feature","geometry":{"type":"Polygon","coordinates":[[[-106.1355687,39.37949617],[-106.1364264,39.3797106],[-106.146933,39.3797106],[-106.2067565,39.37960339],[-106.2256255,39.37960339],[-106.2259471,39.37820965],[-106.2268048,39.37703033],[-106.226912,39.37413565],[-106.2277697,39.37413565],[-106.2295923,39.37317075],[-106.2329158,39.37317075],[-106.2338807,39.37295633],[-106.2364538,39.37027607],[-106.2373115,39.3685607],[-106.2395629,39.36566602],[-106.2450306,39.36405786],[-106.2473892,39.36277134],[-106.2501767,39.36073434],[-106.2511416,39.35837571],[-106.2568238,39.36127039],[-106.259504,39.36191365],[-106.2599329,39.36084155],[-106.2628276,39.35912618],[-106.2637924,39.35880455],[-106.2665799,39.35880455],[-106.2709755,39.35805407],[-106.2725837,39.35633871],[-106.2747279,39.35569544],[-106.2796596,39.35237192],[-106.281911,39.35140702],[-106.2831975,39.35044213],[-106.2838408,39.34947723],[-106.2848057,39.35140702],[-106.2866283,39.35226471],[-106.2908095,39.35172865],[-106.2923104,39.35183587],[-106.2953123,39.35290797],[-106.2958484,39.35376565],[-106.2957412,39.35569544],[-106.2962772,39.3573036],[-106.2977782,39.35794686],[-106.3004584,39.36009107],[-106.3026026,39.36116318],[-106.3047469,39.36148481],[-106.306355,39.3613776],[-106.3116083,39.36223528],[-106.3133237,39.36212807],[-106.3162184,39.36116318],[-106.320614,39.3593406],[-106.3238303,39.35901897],[-106.326189,39.3593406],[-106.3280115,39.35923339],[-106.3329432,39.3582685],[-106.3347658,39.35891176],[-106.3392686,39.35901897],[-106.3421633,39.35805407],[-106.3440931,39.35773244],[-106.3451652,39.35676755],[-106.3472022,39.35612429],[-106.3498825,39.35494497],[-106.350633,39.35398008],[-106.3517051,39.35365844],[-106.3555646,39.35483776],[-106.3580305,39.35515939],[-106.3619973,39.35676755],[-106.3626405,39.35719639],[-106.3631766,39.35923339],[-106.3644631,39.35998386],[-106.3668217,39.36062713],[-106.3696092,39.36030549],[-106.3707885,39.36062713],[-106.371539,39.36169923],[-106.3719678,39.36373623],[-106.3727183,39.3644867],[-106.3746481,39.36566602],[-106.3750769,39.36684534],[-106.3763635,39.3685607],[-106.3781861,39.36941839],[-106.3786149,39.37145539],[-106.3794726,39.37392123],[-106.3806519,39.37617265],[-106.3836538,39.37660149],[-106.3860124,39.37660149],[-106.3884783,39.3776736],[-106.3903008,39.37810244],[-106.3916946,39.37938896],[-106.3929811,39.37917454],[-106.3938388,39.37960339],[-106.3975912,39.37981781],[-106.400593,39.38099712],[-106.4039166,39.37981781],[-106.4050959,39.37896012],[-106.4068113,39.37627986],[-106.4074545,39.3756366],[-106.408205,39.37370681],[-106.4100276,39.37231307],[-106.4108853,39.37199144],[-106.4131367,39.37006165],[-106.4147448,39.3674886],[-106.4173179,39.36727418],[-106.4180684,39.36684534],[-106.4216063,39.36384344],[-106.4240721,39.36298576],[-106.426538,39.36191365],[-106.4281461,39.36084155],[-106.4290038,39.35998386],[-106.4294327,39.35805407],[-106.4308264,39.35708918],[-106.4335067,39.3541945],[-106.4339355,39.35162144],[-106.4337211,39.35108539],[-106.4351148,39.34722581],[-106.4349004,39.34615371],[-106.4353292,39.3440095],[-106.4349004,39.34111482],[-106.4338283,39.33929224],[-106.4335067,39.33746966],[-106.4323274,39.33596871],[-106.4308264,39.33553987],[-106.4286822,39.33543266],[-106.4294327,39.33436055],[-106.4293255,39.33318124],[-106.4286822,39.33253797],[-106.4286822,39.32814234],[-106.4280389,39.32707024],[-106.4269668,39.32331787],[-106.4280389,39.32246019],[-106.4280389,39.32149529],[-106.4303976,39.31935108],[-106.4309336,39.31827898],[-106.4324346,39.31634919],[-106.4344716,39.31709966],[-106.4382239,39.31688524],[-106.4397249,39.31731408],[-106.4425124,39.31527708],[-106.4458359,39.31549151],[-106.4485161,39.31667082],[-106.4506603,39.31667082],[-106.4523757,39.31570593],[-106.4526973,39.31431219],[-106.4541983,39.31227519],[-106.4559137,39.31216798],[-106.4590228,39.31302566],[-106.4614886,39.31259682],[-106.4634184,39.31152472],[-106.4655626,39.31163193],[-106.4668491,39.31045261],[-106.4669563,39.3092733],[-106.4686717,39.30787956],[-106.4707087,39.30787956],[-106.4728529,39.30841561],[-106.4742467,39.3103454],[-106.475426,39.31098866],[-106.4761764,39.31248961],[-106.4761764,39.31474103],[-106.48411,39.31291845],[-106.4850749,39.31259682],[-106.4863614,39.31141751],[-106.4874336,39.30895166],[-106.488184,39.30905888],[-106.4918292,39.30659303],[-106.4925797,39.30573535],[-106.4924724,39.30401998],[-106.4941878,39.30305509],[-106.4962248,39.30284067],[-106.49987,39.30144693],[-106.5016925,39.29983877],[-106.5026574,39.29801619],[-106.5028719,39.29662246],[-106.5035151,39.2950143],[-106.5036223,39.29362056],[-106.5028719,39.28997541],[-106.5033007,39.28901051],[-106.5045872,39.28740235],[-106.5040512,39.28472209],[-106.502443,39.28332835],[-106.4999772,39.2817202],[-106.4985834,39.27936157],[-106.4953671,39.2787183],[-106.4932229,39.2776462],[-106.4927941,39.27625246],[-106.4912931,39.27496594],[-106.4910787,39.27400104],[-106.4897922,39.27314336],[-106.4832523,39.27271452],[-106.4836812,39.27174962],[-106.4834668,39.26885494],[-106.48411,39.2654242],[-106.4832523,39.26424489],[-106.4830379,39.26210068],[-106.4823947,39.26081415],[-106.4811081,39.25984925],[-106.4812153,39.25920599],[-106.4829307,39.25802668],[-106.4831451,39.25513199],[-106.4840028,39.25502478],[-106.486147,39.25395268],[-106.4862542,39.25277336],[-106.4868975,39.25234452],[-106.4882912,39.24923542],[-106.4939734,39.244947],[-106.4967609,39.24333884],[-106.4976185,39.24205231],[-106.4975113,39.24055136],[-106.4979402,39.23947926],[-106.4981546,39.23744226],[-106.4987979,39.23604852],[-106.4986907,39.23497642],[-106.4972969,39.23293942],[-106.4950455,39.23186731],[-106.4926869,39.22940147],[-106.490221,39.22832937],[-106.4897922,39.2276861],[-106.4918292,39.22607795],[-106.492258,39.22522026],[-106.4912931,39.22275442],[-106.4918292,39.22082463],[-106.4934373,39.22007416],[-106.4938662,39.21868042],[-106.4929013,39.21589295],[-106.4936518,39.2133199],[-106.4948311,39.21010358],[-106.4949383,39.20849542],[-106.493759,39.20635121],[-106.4946167,39.20013301],[-106.4936518,39.19831043],[-106.4949383,39.19638064],[-106.495796,39.19445085],[-106.4977258,39.19327153],[-106.498369,39.19198501],[-106.4982618,39.1909129],[-106.4986907,39.18951917],[-106.4990123,39.18619564],[-106.4996555,39.18383701],[-106.5026574,39.18040627],[-106.5048017,39.17901254],[-106.5067314,39.17879812],[-106.5082324,39.17804764],[-106.5082324,39.17729717],[-106.5099478,39.17461691],[-106.5095189,39.17193664],[-106.5087684,39.17000685],[-106.5090901,39.16882754],[-106.5084468,39.16818428],[-106.5086612,39.16668333],[-106.5111271,39.16357422],[-106.5123064,39.16314538],[-106.5163804,39.16035791],[-106.5189534,39.15971465],[-106.5192751,39.15864254],[-106.5209904,39.15735602],[-106.5239923,39.15874975],[-106.5273159,39.16100117],[-106.5312826,39.16121559],[-106.5326764,39.16250212],[-106.5351422,39.16314538],[-106.5357855,39.16260933],[-106.5361071,39.15939302],[-106.538573,39.15789207],[-106.5413604,39.15832091],[-106.5428614,39.15885696],[-106.5450056,39.15885696],[-106.5486507,39.16057233],[-106.5497229,39.16067954],[-106.5516526,39.16143001],[-106.5563699,39.15799928],[-106.5572276,39.15671275],[-106.5587285,39.15649833],[-106.5613016,39.15564065],[-106.5625881,39.15199549],[-106.5621593,39.15070896],[-106.5606583,39.14952965],[-106.5610872,39.14781428],[-106.5602295,39.14534844],[-106.5587285,39.14406191],[-106.5596934,39.1408456],[-106.559479,39.13966628],[-106.5605511,39.1378437],[-106.5624809,39.13591392],[-106.5631242,39.1347346],[-106.5641963,39.13419855],[-106.5646251,39.13237597],[-106.5637674,39.13119665],[-106.5604439,39.12840918],[-106.5602295,39.12712265],[-106.5590502,39.12583613],[-106.5592646,39.12465681],[-106.5582997,39.12422797],[-106.5581925,39.12026118],[-106.5606583,39.11790255],[-106.5638746,39.11575834],[-106.5649467,39.11404297],[-106.5645179,39.11200597],[-106.5647323,39.10911129],[-106.5634458,39.10825361],[-106.5633386,39.10728871],[-106.5639818,39.10600219],[-106.5669837,39.10503729],[-106.5684847,39.10525171],[-106.5689135,39.10396519],[-106.5702001,39.10353634],[-106.5706289,39.10417961],[-106.5733092,39.10439403],[-106.5766327,39.10396519],[-106.5802778,39.10214261],[-106.5838158,39.09785419],[-106.5861744,39.09410182],[-106.5860672,39.09056387],[-106.5863888,39.0877764],[-106.5848879,39.08488172],[-106.5832797,39.08295193],[-106.5800634,39.08177261],[-106.5770615,39.07941398],[-106.5779192,39.07909235],[-106.5794202,39.07748419],[-106.5795274,39.0755544],[-106.5775976,39.07276693],[-106.577276,39.06611988],[-106.5768471,39.06333241],[-106.5775976,39.06054493],[-106.5779192,39.05786467],[-106.5006204,39.05743583],[-106.4950455,39.05722141],[-106.3891215,39.05625651],[-106.375613,39.05625651],[-106.3688587,39.05647093],[-106.3472022,39.05647093],[-106.3087136,39.0561493],[-106.2968133,39.05647093],[-106.2464243,39.05636372],[-106.2316293,39.05647093],[-106.1909965,39.05604209],[-106.1908893,39.05743583],[-106.191747,39.05925841],[-106.1906749,39.06193867],[-106.1904605,39.06397567],[-106.1916398,39.06751362],[-106.1912109,39.06847851],[-106.1885307,39.07008667],[-106.1864937,39.07158761],[-106.1868153,39.07308856],[-106.1860648,39.07501835],[-106.183599,39.0765193],[-106.1816692,39.07673372],[-106.1802755,39.07726977],[-106.1789889,39.07898514],[-106.1771664,39.08091493],[-106.1756654,39.08295193],[-106.1727707,39.08391682],[-106.1720203,39.08531056],[-106.1710554,39.08606103],[-106.1696616,39.08638266],[-106.1692328,39.0877764],[-106.169876,39.08874129],[-106.169876,39.09077829],[-106.171377,39.09410182],[-106.1714842,39.09517392],[-106.1729852,39.09731813],[-106.1753438,39.09881908],[-106.1773808,39.10128492],[-106.1781313,39.10300029],[-106.1792034,39.10342913],[-106.1832774,39.10342913],[-106.1878874,39.10375076],[-106.1904605,39.10278587],[-106.1913181,39.1031075],[-106.1929263,39.10300029],[-106.1941056,39.10396519],[-106.195821,39.10450124],[-106.199895,39.10439403],[-106.2034329,39.10267866],[-106.2051483,39.10321471],[-106.2078286,39.10342913],[-106.2095439,39.1031075],[-106.2101872,39.10396519],[-106.2077214,39.10803918],[-106.2073997,39.10954013],[-106.2063276,39.11039782],[-106.2038618,39.1112555],[-106.2034329,39.11200597],[-106.2038618,39.11350692],[-106.2034329,39.11404297],[-106.2007527,39.11479345],[-106.1994661,39.11554392],[-106.1911037,39.12111887],[-106.1892811,39.12058281],[-106.188209,39.1214405],[-106.187673,39.1245496],[-106.1858504,39.12680102],[-106.1858504,39.12926686],[-106.1843495,39.12926686],[-106.1823125,39.13033897],[-106.1818836,39.13151828],[-106.1784529,39.1347346],[-106.1738428,39.13709323],[-106.1729852,39.1388086],[-106.1748077,39.14138165],[-106.1743789,39.14266818],[-106.1735212,39.14363307],[-106.173414,39.14481239],[-106.1748077,39.1480287],[-106.1742717,39.14931523],[-106.1755582,39.15296039],[-106.1752366,39.15392528],[-106.1753438,39.15628391],[-106.1765231,39.15789207],[-106.1768447,39.16035791],[-106.1788817,39.1633598],[-106.1794178,39.16507517],[-106.1785601,39.16593286],[-106.1781313,39.16893475],[-106.1783457,39.1704357],[-106.1784529,39.17461691],[-106.1792034,39.17601064],[-106.1828485,39.18040627],[-106.1832774,39.18244327],[-106.1855288,39.18662448],[-106.184135,39.18823264],[-106.1822053,39.18962638],[-106.181562,39.19080569],[-106.1793106,39.19348595],[-106.1797394,39.19487969],[-106.1794178,39.19788159],[-106.179525,39.2000258],[-106.1802755,39.20249164],[-106.1813476,39.20474306],[-106.1834918,39.20667285],[-106.1847783,39.20935311],[-106.182098,39.20999637],[-106.1784529,39.21299827],[-106.1778096,39.21632179],[-106.1771664,39.21814437],[-106.1782385,39.21910926],[-106.1742717,39.22071742],[-106.1701977,39.22296884],[-106.1696616,39.22564911],[-106.169876,39.22811495],[-106.1689112,39.22875821],[-106.1682679,39.230688],[-106.1694472,39.2337971],[-106.1711626,39.23551247],[-106.1729852,39.236799],[-106.1768447,39.23851437],[-106.1799538,39.23947926],[-106.1827413,39.23958647],[-106.1840278,39.24044415],[-106.1850999,39.24269557],[-106.1834918,39.24441094],[-106.1818836,39.24666236],[-106.1808115,39.24794889],[-106.1817764,39.25062915],[-106.1809187,39.25245173],[-106.181562,39.25352384],[-106.1813476,39.25427431],[-106.181562,39.25695457],[-106.1805971,39.25866994],[-106.1804899,39.26113578],[-106.1816692,39.26327999],[-106.1814548,39.26531699],[-106.183599,39.2684261],[-106.184135,39.26885494],[-106.185636,39.27325057],[-106.1857432,39.27582362],[-106.1864937,39.27786062],[-106.1867081,39.27989762],[-106.1848855,39.28343557],[-106.1854216,39.2857942],[-106.1849927,39.28665188],[-106.1818836,39.28997541],[-106.1825269,39.29169077],[-106.1825269,39.29308451],[-106.1809187,39.29876667],[-106.1810259,39.29930272],[-106.1824197,39.30005319],[-106.1830629,39.3011253],[-106.1830629,39.30326951],[-106.1834918,39.3072363],[-106.1839206,39.30938051],[-106.1837062,39.31023819],[-106.1818836,39.31120309],[-106.180061,39.31120309],[-106.1764159,39.31206077],[-106.1750222,39.3144194],[-106.1748077,39.31709966],[-106.1741645,39.31827898],[-106.1694472,39.32224577],[-106.167839,39.3216025],[-106.1643011,39.3216025],[-106.1629074,39.32128087],[-106.1623713,39.3216025],[-106.1589406,39.32128087],[-106.1561531,39.32063761],[-106.15358,39.32042319],[-106.1512214,39.32074482],[-106.1504709,39.32438998],[-106.14897,39.32642698],[-106.1471474,39.32760629],[-106.1465042,39.32996492],[-106.1458609,39.33050098],[-106.1438239,39.3338245],[-106.1431806,39.33446776],[-106.1422157,39.33693361],[-106.1402859,39.33875618],[-106.1399643,39.33950666],[-106.1416797,39.34165087],[-106.1433951,39.34315181],[-106.1443599,39.34475997],[-106.1445744,39.34690418],[-106.1463969,39.34829792],[-106.1472546,39.34990608],[-106.1471474,39.35365844],[-106.1482195,39.35687476],[-106.1484339,39.35859013],[-106.1506854,39.35976944],[-106.1519719,39.36127039],[-106.1529368,39.36277134],[-106.1513286,39.36480834],[-106.1487556,39.36834628],[-106.1467186,39.36802465],[-106.1443599,39.36813186],[-106.1433951,39.3685607],[-106.1416797,39.36995444],[-106.1412508,39.37091933],[-106.1399643,39.37124097],[-106.1384634,39.37220586],[-106.1384634,39.37499333],[-106.1378201,39.37681591],[-106.1365336,39.37885291],[-106.1355687,39.37949617]]]},"properties":{"name":"Lake=LAK","type":"county"}},
{"type":"Feature","geometry":{"type":"Polygon","coordinates":[[[-108.3791628,36.99953025],[-108.3568631,36.99942304],[-108.3204115,36.99953025],[-108.2506175,36.99953025],[-108.2493309,36.9989942],[-108.1263605,36.99953025],[-108.125074,36.99963746],[-108.033409,36.99974467],[-108.0006026,36.9999591],[-107.4817037,36.9999591],[-107.4813821,37.09387549],[-107.4821326,37.12346559],[-107.4820254,37.21320078],[-107.4822398,37.24997398],[-107.4820254,37.30636671],[-107.4821326,37.32180502],[-107.4824542,37.32448528],[-107.4821326,37.33713612],[-107.4820254,37.37122906],[-107.4822398,37.37723285],[-107.4821326,37.4226901],[-107.4820254,37.45828399],[-107.4822398,37.49784466],[-107.4819182,37.49998887],[-107.4821326,37.63946974],[-107.4990718,37.63946974],[-107.5005728,37.63957695],[-107.7431902,37.63957695],[-107.7505877,37.64032742],[-107.7589501,37.64032742],[-107.8783826,37.63989858],[-107.886209,37.64000579],[-107.9660808,37.63957695],[-107.9689755,37.64022021],[-107.9731567,37.63882647],[-107.9734783,37.63786158],[-107.972835,37.63668226],[-107.974872,37.63389479],[-107.9750865,37.63132174],[-107.9747648,37.62960637],[-107.9792677,37.62896311],[-107.9821624,37.62842705],[-107.9831273,37.62799821],[-107.9840922,37.6268189],[-107.9878445,37.6247819],[-107.9890238,37.62456748],[-107.9908464,37.62188721],[-107.9913825,37.62038627],[-107.993205,37.61942137],[-107.9944916,37.61577622],[-107.9960997,37.61470411],[-107.99878,37.61427527],[-108.0006026,37.6145969],[-108.0012458,37.61406085],[-108.0016747,37.61105895],[-108.0023179,37.61020127],[-108.0037117,37.60934359],[-108.0052126,37.60730659],[-108.0058559,37.60591285],[-108.0081073,37.60569843],[-108.0101443,37.60569843],[-108.0120741,37.60473353],[-108.0133606,37.60473353],[-108.0144327,37.60355422],[-108.0144327,37.60258932],[-108.0155048,37.60087396],[-108.015076,37.59958743],[-108.0141111,37.59905138],[-108.0138967,37.59647833],[-108.015076,37.59572785],[-108.0158265,37.5962639],[-108.0168986,37.59540622],[-108.0164697,37.59390527],[-108.0166841,37.59251154],[-108.0174346,37.59176106],[-108.0224735,37.59143943],[-108.0230096,37.59101059],[-108.021187,37.58822312],[-108.019686,37.58489959],[-108.0205437,37.58254096],[-108.0197932,37.5809328],[-108.0201149,37.57825254],[-108.0194716,37.57567949],[-108.0194716,37.57407133],[-108.0208654,37.57149828],[-108.0192572,37.56838917],[-108.0182923,37.56720986],[-108.0202221,37.56463681],[-108.0218302,37.56281423],[-108.021723,37.56099165],[-108.021187,37.5594907],[-108.019686,37.55852581],[-108.0205437,37.55648881],[-108.0202221,37.55380855],[-108.0219375,37.5513427],[-108.0215086,37.54866244],[-108.0223663,37.54748313],[-108.0235456,37.54662544],[-108.0241889,37.54491007],[-108.0240817,37.54287307],[-108.0254754,37.54115771],[-108.0254754,37.53976397],[-108.0289061,37.53622602],[-108.0328729,37.53365297],[-108.0342667,37.5329025],[-108.0349099,37.53204481],[-108.0344811,37.52957897],[-108.0337306,37.52743476],[-108.0338378,37.52571939],[-108.0345883,37.52325355],[-108.0345883,37.52228866],[-108.0336234,37.52003724],[-108.0321225,37.51800024],[-108.0337306,37.51628487],[-108.0344811,37.51317577],[-108.0340522,37.51167482],[-108.0327657,37.50995945],[-108.0314792,37.50910177],[-108.0340522,37.5084585],[-108.0356604,37.50717198],[-108.0372686,37.50524219],[-108.0379118,37.50320519],[-108.0367325,37.49998887],[-108.0345883,37.4972014],[-108.0352316,37.49634372],[-108.0353388,37.49398509],[-108.0365181,37.4910904],[-108.0366253,37.48819572],[-108.035982,37.48572988],[-108.0338378,37.48476498],[-108.0335162,37.48315683],[-108.0338378,37.48208472],[-108.0336234,37.48004772],[-108.0326585,37.47886841],[-108.033945,37.4777963],[-108.0344811,37.47683141],[-108.0346955,37.47500883],[-108.0356604,37.47340067],[-108.0364109,37.47114925],[-108.0351243,37.46814736],[-108.0331946,37.46493104],[-108.0340522,37.46343009],[-108.0348027,37.46064262],[-108.037483,37.45903446],[-108.0391983,37.45592536],[-108.0390911,37.45420999],[-108.0382335,37.45260183],[-108.0384479,37.45195857],[-108.0398416,37.45045762],[-108.0424147,37.44831341],[-108.0432723,37.44434662],[-108.0444517,37.44273847],[-108.0484185,37.44252405],[-108.0495978,37.4410231],[-108.0508843,37.43995099],[-108.052278,37.43791399],[-108.0530285,37.43748515],[-108.0551727,37.43759236],[-108.0574241,37.43812841],[-108.0589251,37.43759236],[-108.0621414,37.43748515],[-108.0637496,37.43769957],[-108.0653577,37.43845005],[-108.0692173,37.43780678],[-108.0733985,37.4389861],[-108.0765076,37.43877168],[-108.0780086,37.43887889],[-108.0790807,37.43727073],[-108.0795095,37.43534094],[-108.0805816,37.43405442],[-108.0810104,37.43244626],[-108.08026,37.43062368],[-108.0800455,37.42922994],[-108.082833,37.42794342],[-108.0860493,37.42805063],[-108.0873359,37.427729],[-108.0875503,37.42515594],[-108.0883008,37.42311894],[-108.0893729,37.42204684],[-108.0894801,37.42118916],[-108.0929108,37.41990263],[-108.0948406,37.419581],[-108.0963415,37.41818726],[-108.0978425,37.41743679],[-108.099129,37.41539979],[-108.0995579,37.41261232],[-108.1012732,37.41036089],[-108.1034174,37.40885995],[-108.1042751,37.40693016],[-108.1053472,37.40553642],[-108.1056689,37.40189127],[-108.1064193,37.4001759],[-108.1066338,37.3981389],[-108.1075986,37.39427932],[-108.1074914,37.39213511],[-108.1056689,37.38891879],[-108.1063121,37.38452316],[-108.1057761,37.38248616],[-108.1066338,37.38162848],[-108.1092068,37.38152127],[-108.1136024,37.38034195],[-108.1164971,37.37830496],[-108.1176764,37.37626796],[-108.1204639,37.37476701],[-108.1323643,37.3746598],[-108.133758,37.3736949],[-108.1371887,37.37305164],[-108.139869,37.37305164],[-108.1411555,37.37197954],[-108.1422276,37.36972811],[-108.1456584,37.36736948],[-108.1470521,37.36533248],[-108.150054,37.36350991],[-108.1524126,37.36254501],[-108.1547713,37.36297385],[-108.1571299,37.36393875],[-108.1579876,37.36383154],[-108.1616327,37.36222338],[-108.164313,37.36233059],[-108.1688158,37.36586854],[-108.1695663,37.36629738],[-108.1717105,37.36640459],[-108.1755701,37.36533248],[-108.1793225,37.36404596],[-108.1836109,37.36308106],[-108.1844686,37.3624378],[-108.1889714,37.36018638],[-108.1905796,37.36007917],[-108.1927238,37.35911428],[-108.1956185,37.35611238],[-108.1977627,37.35493307],[-108.1978699,37.35311049],[-108.1982987,37.35150233],[-108.2020511,37.34860765],[-108.2032304,37.34732112],[-108.2047314,37.34431923],[-108.2048386,37.34185338],[-108.2058035,37.33852986],[-108.2065539,37.33767218],[-108.2077333,37.33499191],[-108.2079477,37.33306212],[-108.2067684,37.33231165],[-108.2058035,37.33048907],[-108.2048386,37.32952418],[-108.2047314,37.32813044],[-108.203016,37.32684391],[-108.2052674,37.32448528],[-108.2079477,37.32330597],[-108.2105207,37.32169781],[-108.2113784,37.32051849],[-108.2120217,37.3175166],[-108.2138443,37.31451471],[-108.2136298,37.31312097],[-108.2144875,37.3123705],[-108.2165245,37.31162002],[-108.2168461,37.31001187],[-108.2164173,37.30893976],[-108.2165245,37.3062595],[-108.2160957,37.30550902],[-108.2130938,37.3032576],[-108.2124505,37.30175666],[-108.2124505,37.3001485],[-108.213737,37.2981115],[-108.2169534,37.29768266],[-108.2180255,37.29725382],[-108.2194192,37.29382308],[-108.2189904,37.29210771],[-108.2197408,37.29071398],[-108.2195264,37.28814092],[-108.2202769,37.28696161],[-108.221885,37.28739045],[-108.2242437,37.28696161],[-108.2256374,37.28631834],[-108.2264951,37.28449577],[-108.22746,37.28353087],[-108.227996,37.28192271],[-108.2269239,37.28052898],[-108.2273528,37.27817035],[-108.2286393,37.27699103],[-108.2309979,37.27645498],[-108.2324989,37.27559729],[-108.233571,37.27570451],[-108.2348575,37.27473961],[-108.2352864,37.2725954],[-108.2362513,37.27195214],[-108.2371089,37.27045119],[-108.2374306,37.26916466],[-108.2374306,37.26702045],[-108.2386099,37.26273203],[-108.2398964,37.26198156],[-108.2424695,37.26155272],[-108.244292,37.25812198],[-108.2450425,37.25758593],[-108.2466507,37.25501288],[-108.2467579,37.25233262],[-108.2472939,37.24986677],[-108.2482588,37.24933072],[-108.2494381,37.24975956],[-108.2502958,37.24825862],[-108.2506175,37.24632883],[-108.25244,37.24557835],[-108.2541554,37.24439904],[-108.255978,37.24364857],[-108.2560852,37.24279088],[-108.2576934,37.24032504],[-108.260052,37.23925293],[-108.2603736,37.23807362],[-108.2613385,37.23667988],[-108.2614457,37.23507173],[-108.2648765,37.23389241],[-108.2664846,37.2337852],[-108.2676639,37.23314194],[-108.2677711,37.23196262],[-108.2689505,37.23024725],[-108.2708802,37.22928236],[-108.2745254,37.22906794],[-108.2755975,37.22917515],[-108.276884,37.22874631],[-108.2788138,37.22724536],[-108.2795643,37.22756699],[-108.2797787,37.22853188],[-108.2817085,37.22853188],[-108.2832095,37.22713815],[-108.2847104,37.22638767],[-108.2863186,37.22477952],[-108.2894277,37.22349299],[-108.2903926,37.2236002],[-108.2916791,37.22199204],[-108.2915719,37.22027668],[-108.2922151,37.21899015],[-108.2938233,37.21738199],[-108.2937161,37.21652431],[-108.2945738,37.21534499],[-108.2959675,37.21448731],[-108.297254,37.21320078],[-108.297254,37.21019889],[-108.2974684,37.20848352],[-108.2971468,37.20751863],[-108.2948954,37.20558884],[-108.2938233,37.20333742],[-108.2928584,37.20247973],[-108.2932872,37.20001389],[-108.292644,37.19829852],[-108.2928584,37.19433173],[-108.2938233,37.19250916],[-108.2957531,37.19004331],[-108.2959675,37.186827],[-108.2945738,37.18189532],[-108.2945738,37.18017995],[-108.2951098,37.17771411],[-108.2954314,37.17535548],[-108.2973612,37.17213916],[-108.2974684,37.17117427],[-108.2958603,37.16710027],[-108.2940377,37.16474164],[-108.2936089,37.16356232],[-108.2939305,37.16238301],[-108.2957531,37.15970274],[-108.2960747,37.15841622],[-108.2943593,37.15712969],[-108.2918935,37.15605759],[-108.2901781,37.15423501],[-108.2901781,37.15219801],[-108.2912502,37.14930332],[-108.2901781,37.14694469],[-108.2904998,37.1459798],[-108.2925368,37.14533654],[-108.2942521,37.14447885],[-108.3008992,37.13879669],[-108.3015424,37.13643806],[-108.3026146,37.13568759],[-108.3041155,37.13547317],[-108.3050804,37.13461549],[-108.3072246,37.13182801],[-108.3097977,37.13000543],[-108.3104409,37.12850449],[-108.3096904,37.12732517],[-108.3095832,37.12496654],[-108.310977,37.12421607],[-108.3110842,37.12314396],[-108.3095832,37.11982044],[-108.3118347,37.11681854],[-108.3114058,37.11413828],[-108.3097977,37.11285175],[-108.3096904,37.11113639],[-108.3111914,37.10984986],[-108.3111914,37.10888496],[-108.3103337,37.10738402],[-108.3101193,37.10545423],[-108.3105481,37.10459654],[-108.3127995,37.10406049],[-108.3146221,37.10406049],[-108.3166591,37.10234512],[-108.3162303,37.09987928],[-108.3168735,37.09912881],[-108.3173024,37.09752065],[-108.3188033,37.09719902],[-108.3210548,37.09709181],[-108.3206259,37.09548365],[-108.3221269,37.09344665],[-108.3221269,37.09248176],[-108.3230918,37.09076639],[-108.3223413,37.0898015],[-108.3224485,37.08872939],[-108.3233062,37.0877645],[-108.3236278,37.08519144],[-108.3245927,37.08444097],[-108.3251288,37.08326166],[-108.3240567,37.08122466],[-108.3256648,37.07950929],[-108.3267369,37.07908045],[-108.3258792,37.07800834],[-108.3256648,37.07618576],[-108.3268441,37.07543529],[-108.3282379,37.07564971],[-108.3301676,37.07447039],[-108.3280234,37.07200455],[-108.3277018,37.07125408],[-108.3282379,37.06910987],[-108.3290955,37.0683594],[-108.3304893,37.06782334],[-108.3331695,37.0673945],[-108.3334912,37.06557192],[-108.3343489,37.06460703],[-108.3344561,37.06278445],[-108.333384,37.06074745],[-108.3346705,37.05978256],[-108.3342416,37.0581744],[-108.3346705,37.0572095],[-108.3342416,37.05581577],[-108.3347777,37.05420761],[-108.3373508,37.05227782],[-108.3392805,37.05195619],[-108.3412103,37.05099129],[-108.3430329,37.04873987],[-108.3457132,37.04841824],[-108.3469997,37.04777498],[-108.3472141,37.0459524],[-108.3497872,37.04262888],[-108.3505376,37.04069909],[-108.3530035,37.03909093],[-108.3543972,37.03887651],[-108.3551477,37.03555298],[-108.3548261,37.03480251],[-108.3528963,37.03330156],[-108.3531107,37.03255109],[-108.3550405,37.03115735],[-108.3564342,37.02836988],[-108.3564342,37.02751219],[-108.3553621,37.02558241],[-108.3589001,37.02590404],[-108.3600794,37.02676172],[-108.3617947,37.02686893],[-108.3658687,37.02826267],[-108.3676913,37.02847709],[-108.3689779,37.02890593],[-108.3717653,37.02912035],[-108.3723014,37.02847709],[-108.3725158,37.02579683],[-108.3733735,37.02472472],[-108.3717653,37.02118677],[-108.3719797,37.02022188],[-108.3728374,37.02000746],[-108.3732663,37.01872093],[-108.3743384,37.01797046],[-108.3740167,37.01657672],[-108.3750888,37.01561183],[-108.3747672,37.01368204],[-108.376697,37.01185946],[-108.376697,37.00992967],[-108.3772331,37.00928641],[-108.3770186,37.00724941],[-108.3762682,37.00682057],[-108.378198,37.00564125],[-108.3795917,37.00414031],[-108.3810926,37.00146004],[-108.3791628,36.99953025]]]},"properties":{"name":"LaPlata=LAP","type":"county"}},
{"type":"Feature","geometry":{"type":"Polygon","coordinates":[[[-105.0551013,40.2618386],[-105.0552085,40.29089265],[-105.0551013,40.31019054],[-105.0554229,40.31908901],[-105.0552085,40.3210188],[-105.0551013,40.33517058],[-105.0557445,40.33988785],[-105.0567094,40.34932237],[-104.9455321,40.34910795],[-104.9443528,40.41761546],[-104.9442456,40.43584125],[-104.9442456,40.44570461],[-104.9441384,40.46210782],[-104.9441384,40.4864446],[-104.9440312,40.48858881],[-104.9442456,40.52278896],[-104.9441384,40.54637527],[-104.9441384,40.59805073],[-104.943924,40.63493115],[-104.9434951,40.65262088],[-104.9433879,40.67138272],[-104.9430663,40.69325366],[-104.9430663,40.69646997],[-104.9434951,40.69646997],[-104.9433879,40.7467517],[-104.9434951,40.75500691],[-104.9436023,40.85792899],[-104.9433879,40.87497546],[-104.9432807,40.87561872],[-104.9430663,40.88494604],[-104.9431735,40.9029574],[-104.9430663,40.91089098],[-104.9433879,40.99816032],[-104.9625786,40.99816032],[-105.078902,40.99837475],[-105.1550214,40.99826754],[-105.2488306,40.99848196],[-105.250546,40.99826754],[-105.2697367,40.99816032],[-105.2753116,40.99805311],[-105.2793856,40.99816032],[-105.3635459,40.99783869],[-105.5005609,40.99762427],[-105.6289991,40.99708822],[-105.7258101,40.9968738],[-105.7294553,40.9968738],[-106.0005907,40.99730264],[-106.0611646,40.99698101],[-106.0887177,40.99719543],[-106.1206664,40.99719543],[-106.1255981,40.99730264],[-106.1500421,40.99740985],[-106.1609776,40.99751706],[-106.1905677,40.99762427],[-106.1915326,40.99633775],[-106.1923903,40.99365748],[-106.1948561,40.99108443],[-106.1953921,40.98990512],[-106.1953921,40.98818975],[-106.1949633,40.98690322],[-106.1919614,40.98647438],[-106.1911037,40.98604554],[-106.1905677,40.98422296],[-106.1907821,40.98368691],[-106.1921758,40.98282922],[-106.1904605,40.97993454],[-106.1900316,40.97864801],[-106.1903533,40.97607496],[-106.18971,40.97307307],[-106.1891739,40.97221538],[-106.1871369,40.97114328],[-106.1867081,40.97017838],[-106.1867081,40.96803417],[-106.187673,40.96492507],[-106.1869225,40.96428181],[-106.1848855,40.96385296],[-106.1855288,40.96192318],[-106.1852071,40.96106549],[-106.1868153,40.95988618],[-106.1873514,40.95870686],[-106.1868153,40.95742033],[-106.1848855,40.95613381],[-106.1842423,40.95516891],[-106.1845639,40.9539896],[-106.185636,40.95227423],[-106.187673,40.95013002],[-106.1890667,40.94702092],[-106.1892811,40.9458416],[-106.1884235,40.94401902],[-106.1881018,40.94251807],[-106.1871369,40.94080271],[-106.1871369,40.93930176],[-106.1875658,40.9376936],[-106.186172,40.93672871],[-106.1858504,40.93479892],[-106.1853144,40.93394123],[-106.1840278,40.93351239],[-106.1816692,40.93201145],[-106.1799538,40.93147539],[-106.1787745,40.93029608],[-106.1772736,40.92943839],[-106.1758798,40.92825908],[-106.173414,40.92482834],[-106.1699833,40.92375624],[-106.1691256,40.92289855],[-106.1690184,40.92171924],[-106.1694472,40.9203255],[-106.1690184,40.9192534],[-106.1681607,40.91839571],[-106.1663381,40.91764524],[-106.1630146,40.91668034],[-106.161192,40.91507219],[-106.159155,40.91475055],[-106.1589406,40.91378566],[-106.1595838,40.91271356],[-106.1585117,40.91056935],[-106.1545449,40.90939003],[-106.1521863,40.90681698],[-106.1506854,40.90670977],[-106.1495061,40.9060665],[-106.1478979,40.90467277],[-106.1470402,40.90456556],[-106.1440383,40.90488719],[-106.1417869,40.90392229],[-106.1393211,40.90242135],[-106.1366408,40.90188529],[-106.1370696,40.90049156],[-106.1362119,40.89920503],[-106.1340677,40.89866898],[-106.1312803,40.89663198],[-106.1307442,40.89545266],[-106.1313875,40.89287961],[-106.1305298,40.89191472],[-106.130101,40.89062819],[-106.1290288,40.88923446],[-106.1290288,40.88794793],[-106.1281712,40.88698304],[-106.1276351,40.88483882],[-106.1282784,40.88205135],[-106.1289216,40.88001435],[-106.1299937,40.87819177],[-106.1324596,40.87658362],[-106.130637,40.87390335],[-106.1277423,40.87175914],[-106.1268846,40.86950772],[-106.1246332,40.86875725],[-106.1231323,40.86747072],[-106.1207736,40.86768514],[-106.1189511,40.86575536],[-106.117879,40.86639862],[-106.1164852,40.86639862],[-106.1150915,40.86532651],[-106.1131617,40.86425441],[-106.1084444,40.86328951],[-106.1078012,40.86232462],[-106.1078012,40.86135973],[-106.1046921,40.86028762],[-106.1042632,40.85921552],[-106.1049065,40.85792899],[-106.105657,40.85535594],[-106.1063002,40.85406941],[-106.107694,40.85299731],[-106.1081228,40.85224683],[-106.1042632,40.85203241],[-106.1024406,40.85235404],[-106.1002964,40.85106752],[-106.0984739,40.84978099],[-106.0990099,40.84806562],[-106.1001892,40.84699352],[-106.1005109,40.8447421],[-106.1012613,40.84356278],[-106.0996532,40.84206183],[-106.0987955,40.8417402],[-106.0955792,40.84163299],[-106.0926845,40.84088252],[-106.0924701,40.83981041],[-106.0905403,40.83713015],[-106.0886105,40.83616526],[-106.0883961,40.8345571],[-106.0879672,40.83337778],[-106.0849653,40.83219847],[-106.08325,40.83112636],[-106.0808913,40.83091194],[-106.0796048,40.83026868],[-106.0777822,40.8284461],[-106.0763885,40.82791005],[-106.0753164,40.82565863],[-106.0731722,40.82458652],[-106.0713496,40.8223351],[-106.0684549,40.82222789],[-106.0673828,40.82179905],[-106.0648098,40.82158463],[-106.0625583,40.81954763],[-106.0610574,40.81911879],[-106.0597709,40.81804668],[-106.0577339,40.81708179],[-106.0579483,40.81483037],[-106.0563401,40.81354384],[-106.0550536,40.81365105],[-106.0537671,40.81268616],[-106.0533382,40.81043474],[-106.0515157,40.80914821],[-106.0516229,40.80711121],[-106.0523733,40.80582469],[-106.0516229,40.80539584],[-106.0495859,40.80550305],[-106.0479777,40.80464537],[-106.0464768,40.80239395],[-106.0466912,40.80078579],[-106.0449758,40.79821274],[-106.0448686,40.79767669],[-106.0459407,40.79639016],[-106.0460479,40.79424595],[-106.0454047,40.79188732],[-106.0443325,40.79060079],[-106.0428316,40.79017195],[-106.0412234,40.78845658],[-106.0396153,40.78577632],[-106.0368278,40.78534748],[-106.0352197,40.7855619],[-106.0320033,40.78373932],[-106.0312529,40.78223838],[-106.0296447,40.78159511],[-106.0303952,40.77912927],[-106.0310384,40.77784274],[-106.0288942,40.77752111],[-106.0288942,40.77655622],[-106.0295375,40.77505527],[-106.0292159,40.77344711],[-106.0286798,40.77291106],[-106.0268572,40.77248222],[-106.0244986,40.7713029],[-106.0266428,40.76830101],[-106.0264284,40.76765775],[-106.0243914,40.76626401],[-106.0243914,40.76551354],[-106.0233193,40.76358375],[-106.0238553,40.76133233],[-106.0218183,40.75908091],[-106.020639,40.75843764],[-106.020639,40.75715112],[-106.0219256,40.75607901],[-106.0222472,40.75468528],[-106.0189237,40.75404201],[-106.0152785,40.7528627],[-106.0148497,40.75136175],[-106.0153857,40.75028965],[-106.0146352,40.74932475],[-106.013992,40.74664449],[-106.0127055,40.74546517],[-106.0121694,40.74396423],[-106.0103468,40.74235607],[-106.0106685,40.74106954],[-106.0094891,40.74021186],[-106.0085242,40.74021186],[-106.0073449,40.73881812],[-106.0064872,40.7386037],[-106.0060584,40.73763881],[-106.0040214,40.73678112],[-106.0005907,40.73431528],[-105.9986609,40.73420807],[-105.9963022,40.73313597],[-105.9944797,40.73174223],[-105.9944797,40.73109897],[-105.9920138,40.72895476],[-105.9906201,40.72713218],[-105.9909417,40.72477355],[-105.9893336,40.72348702],[-105.988047,40.72134281],[-105.990084,40.71834092],[-105.989548,40.71619671],[-105.9897624,40.71394529],[-105.9886903,40.70965687],[-105.98601,40.70761987],[-105.9824721,40.70665497],[-105.9816144,40.7059045],[-105.9814,40.70483239],[-105.9805423,40.7038675],[-105.9771116,40.70268818],[-105.9734664,40.69657718],[-105.9721799,40.69486182],[-105.9723943,40.69378971],[-105.973788,40.69110945],[-105.9735736,40.68928687],[-105.9719655,40.68767871],[-105.9700357,40.68628498],[-105.9701429,40.68467682],[-105.9711078,40.68403356],[-105.9718583,40.68188935],[-105.9693924,40.67770814],[-105.9677843,40.67706487],[-105.9667121,40.67567114],[-105.9664977,40.67341972],[-105.965104,40.67138272],[-105.9649968,40.6681664],[-105.9646751,40.66773756],[-105.9623165,40.66655824],[-105.959529,40.66355635],[-105.9586714,40.6630203],[-105.9578137,40.66087609],[-105.9557767,40.65883909],[-105.9565271,40.65669488],[-105.9566344,40.65497951],[-105.9559911,40.65262088],[-105.9548118,40.65026225],[-105.9545974,40.64811804],[-105.9538469,40.64693872],[-105.9510594,40.64586662],[-105.9505234,40.6446873],[-105.950845,40.64329357],[-105.9491296,40.64275751],[-105.9482719,40.64179262],[-105.9480575,40.63600325],[-105.9485936,40.63364462],[-105.9487008,40.63021388],[-105.949344,40.62806967],[-105.9492368,40.6273192],[-105.9471998,40.62378125],[-105.9454845,40.62270915],[-105.9450556,40.62185146],[-105.9453773,40.62035052],[-105.9469854,40.61734862],[-105.9465566,40.6160621],[-105.944734,40.61423952],[-105.9445196,40.61209531],[-105.9420537,40.60909342],[-105.9400167,40.60866457],[-105.9387302,40.60877178],[-105.9347634,40.60641315],[-105.9311183,40.60609152],[-105.9302606,40.60619873],[-105.928974,40.6038401],[-105.928974,40.60115984],[-105.9281164,40.60008773],[-105.9282236,40.59826515],[-105.9276875,40.59494163],[-105.9281164,40.59419116],[-105.9276875,40.59172531],[-105.9265082,40.590546],[-105.9266154,40.58915226],[-105.9257577,40.58775853],[-105.9253289,40.58529268],[-105.9244712,40.58325568],[-105.924364,40.58218358],[-105.9250073,40.58089705],[-105.9241496,40.5792889],[-105.9233991,40.57703748],[-105.9222198,40.57532211],[-105.9222198,40.57425],[-105.9212549,40.57253463],[-105.9184674,40.57071206],[-105.9147151,40.57060485],[-105.9132141,40.56835342],[-105.9124636,40.56803179],[-105.9108555,40.56642364],[-105.9106411,40.56470827],[-105.910105,40.56385058],[-105.9097834,40.56213522],[-105.910105,40.56063427],[-105.9098906,40.55881169],[-105.9108555,40.55666748],[-105.9118204,40.55270069],[-105.9094617,40.54798343],[-105.9092473,40.54541038],[-105.9095689,40.54498154],[-105.9069959,40.54283733],[-105.9071031,40.5405859],[-105.9054949,40.53704796],[-105.9050661,40.53533259],[-105.9056022,40.53286675],[-105.9059238,40.53050812],[-105.9078536,40.5262197],[-105.9097834,40.52343222],[-105.9111771,40.5221457],[-105.9107483,40.52021591],[-105.9078536,40.51549865],[-105.9045301,40.51410491],[-105.8990623,40.51817891],[-105.8945595,40.52021591],[-105.8911287,40.52096638],[-105.887698,40.52128801],[-105.8838384,40.52171686],[-105.8819086,40.52289617],[-105.879014,40.5232178],[-105.8780491,40.52246733],[-105.8755832,40.52225291],[-105.8746183,40.52182407],[-105.8718309,40.52171686],[-105.8690434,40.52075196],[-105.8675424,40.51967986],[-105.866792,40.51871496],[-105.8663631,40.51721402],[-105.8631468,40.51549865],[-105.8618603,40.51442654],[-105.8607882,40.51249675],[-105.8605737,40.51153186],[-105.8582151,40.50960207],[-105.8570358,40.5078867],[-105.8547844,40.50777949],[-105.8526402,40.50702902],[-105.8523185,40.50660018],[-105.8523185,40.50349107],[-105.8517825,40.50048918],[-105.8519969,40.49759449],[-105.8534979,40.49598634],[-105.8547844,40.49512865],[-105.8557493,40.49266281],[-105.8560709,40.49041139],[-105.8558565,40.48773113],[-105.8548916,40.48623018],[-105.8472796,40.48397876],[-105.846958,40.48279944],[-105.8456715,40.48258502],[-105.8429912,40.48301387],[-105.8409542,40.48354992],[-105.8392389,40.48301387],[-105.8375235,40.48301387],[-105.8351649,40.48044081],[-105.8343072,40.47969034],[-105.8325918,40.47990476],[-105.830126,40.47936871],[-105.8274457,40.47808218],[-105.8241222,40.47743892],[-105.8201554,40.47593797],[-105.8154381,40.47529471],[-105.8127579,40.47583076],[-105.8110425,40.47572355],[-105.8072901,40.47454424],[-105.8067541,40.47304329],[-105.8088983,40.4711135],[-105.8107209,40.4711135],[-105.8108281,40.47057745],[-105.8081478,40.46886208],[-105.805682,40.46650345],[-105.8045027,40.46425203],[-105.8043954,40.4629655],[-105.8051459,40.45921313],[-105.8058964,40.45792661],[-105.8057892,40.4568545],[-105.8076118,40.45224445],[-105.8071829,40.45063629],[-105.8064324,40.44977861],[-105.805682,40.44784882],[-105.8065397,40.44624066],[-105.8078262,40.44506135],[-105.8103992,40.44323877],[-105.8116858,40.44280993],[-105.8129723,40.43916477],[-105.8157598,40.4374494],[-105.816403,40.43551961],[-105.8154381,40.43401867],[-105.814366,40.4313384],[-105.8146877,40.43069514],[-105.8144732,40.42855093],[-105.8172607,40.42651393],[-105.8172607,40.42436972],[-105.816403,40.42394088],[-105.8153309,40.42147504],[-105.8132939,40.42029572],[-105.8111497,40.41943804],[-105.808255,40.4149352],[-105.8012863,40.41021794],[-105.8011791,40.40839536],[-105.8004287,40.40721604],[-105.7982844,40.4058223],[-105.7963547,40.40378531],[-105.7942104,40.40185552],[-105.7937816,40.40078341],[-105.7917446,40.39971131],[-105.7909941,40.3986392],[-105.7916374,40.39617336],[-105.7916374,40.39435078],[-105.7909941,40.39274262],[-105.7905653,40.38963352],[-105.7912086,40.38781094],[-105.7907797,40.38630999],[-105.7885283,40.38427299],[-105.7872418,40.38084226],[-105.7849903,40.37966294],[-105.781774,40.37698268],[-105.7814524,40.37558894],[-105.7820957,40.3751601],[-105.7819885,40.37376636],[-105.7801659,40.372051],[-105.7782361,40.3710861],[-105.7764135,40.36958516],[-105.7758775,40.36851305],[-105.7742693,40.36679768],[-105.7740549,40.36518952],[-105.7725539,40.36443905],[-105.7691232,40.36443905],[-105.7683727,40.36208042],[-105.7683727,40.36047226],[-105.7677295,40.35972179],[-105.7656925,40.35918574],[-105.7644059,40.35929295],[-105.7630122,40.35714874],[-105.7602247,40.35618384],[-105.7597959,40.355755],[-105.7592598,40.35328916],[-105.7571156,40.351681],[-105.7551858,40.35125216],[-105.7537921,40.35146658],[-105.7528272,40.35082332],[-105.7523984,40.34910795],[-105.748646,40.34803584],[-105.7477883,40.34749979],[-105.7450008,40.34814305],[-105.7423206,40.34932237],[-105.7419989,40.34867911],[-105.7396403,40.34707095],[-105.7363168,40.34664211],[-105.736424,40.34492674],[-105.7354591,40.34299695],[-105.7331005,40.34074553],[-105.7299914,40.33967343],[-105.728812,40.33795806],[-105.7291337,40.33527779],[-105.7274183,40.33399127],[-105.7245236,40.33270474],[-105.7223794,40.33238311],[-105.7205568,40.33141822],[-105.7172333,40.32873795],[-105.7131593,40.32552164],[-105.7112295,40.32530722],[-105.7067267,40.3250928],[-105.7032959,40.32466396],[-105.7016878,40.32434232],[-105.702331,40.32262696],[-105.7020094,40.32166206],[-105.6986859,40.32080438],[-105.6981498,40.3200539],[-105.6976138,40.31823132],[-105.7001868,40.31640875],[-105.7014734,40.31447896],[-105.7022238,40.31265638],[-105.7009373,40.31072659],[-105.6993292,40.31051217],[-105.697721,40.31094101],[-105.6962201,40.31051217],[-105.6948263,40.30933285],[-105.6918244,40.30933285],[-105.6900018,40.30836796],[-105.6908595,40.30718864],[-105.6911812,40.30536606],[-105.6892514,40.30343628],[-105.6861423,40.30311464],[-105.6858206,40.30257859],[-105.6866783,40.30043438],[-105.6880721,40.29829017],[-105.6882865,40.29732528],[-105.6877504,40.29636038],[-105.6873216,40.29368012],[-105.6865711,40.29292965],[-105.6847485,40.29239359],[-105.6818538,40.29217917],[-105.6853918,40.29003496],[-105.6863567,40.28896286],[-105.6863567,40.28746191],[-105.6856062,40.28671144],[-105.6830332,40.28542491],[-105.6805673,40.28446002],[-105.6807817,40.28295907],[-105.6798168,40.27995718],[-105.6792808,40.27888507],[-105.6804601,40.27856344],[-105.681425,40.27909949],[-105.6812106,40.27749133],[-105.6806745,40.27652644],[-105.6803529,40.27470386],[-105.6817466,40.27373897],[-105.6823899,40.27277407],[-105.6815322,40.27170197],[-105.6804601,40.27138034],[-105.6788519,40.26987939],[-105.6782087,40.26816402],[-105.6756356,40.26730634],[-105.6720977,40.26805681],[-105.6703823,40.2679496],[-105.669203,40.26752076],[-105.6679165,40.26773518],[-105.6652362,40.26687749],[-105.6643785,40.26559097],[-105.6623415,40.26409002],[-105.6607334,40.26419723],[-105.6571954,40.26291071],[-105.6556945,40.26173139],[-105.6541935,40.26130255],[-105.6533359,40.26044486],[-105.6344668,40.26044486],[-105.6093795,40.26065929],[-105.581076,40.26130255],[-105.5596339,40.26151697],[-105.5515931,40.26151697],[-105.5377629,40.26119534],[-105.5354043,40.26130255],[-105.5004537,40.26023044],[-105.4953076,40.25969439],[-105.4861947,40.25969439],[-105.4721501,40.25958718],[-105.4650742,40.25937276],[-105.4627156,40.25937276],[-105.4438465,40.2587295],[-105.4335543,40.25851508],[-105.4325894,40.25840787],[-105.4023561,40.2577646],[-105.3909918,40.25787181],[-105.3752318,40.26130255],[-105.3547546,40.26173139],[-105.3362072,40.26173139],[-105.3351351,40.26173139],[-105.3276303,40.2618386],[-105.3267727,40.26194581],[-105.3133714,40.26216023],[-105.2894634,40.2628035],[-105.273489,40.26248186],[-105.2549416,40.26226744],[-105.2365014,40.2618386],[-105.2264236,40.26151697],[-105.2139872,40.26130255],[-105.2131295,40.26119534],[-105.1976912,40.26108813],[-105.1821457,40.26108813],[-105.1589882,40.26119534],[-105.1310063,40.26108813],[-105.1301486,40.26162418],[-105.1083849,40.26130255],[-105.1075272,40.26140976],[-105.1003441,40.26140976],[-105.0999152,40.26151697],[-105.0831904,40.26173139],[-105.0830832,40.26151697],[-105.0551013,40.2618386]]]},"properties":{"name":"Larimer=LAR","type":"county"}},
{"type":"Feature","geometry":{"type":"Polygon","coordinates":[[[-105.1550214,36.99524183],[-105.1366884,36.99513462],[-105.1255386,36.99524183],[-105.1208213,36.99545625],[-105.0662511,36.9938481],[-105.0538147,36.99374089],[-105.0292635,36.99277599],[-105.0005311,36.99331204],[-104.8755237,36.99320483],[-104.7505162,36.99352647],[-104.6450211,36.99341925],[-104.6255088,36.99363368],[-104.6245439,36.99438415],[-104.6147877,36.99416973],[-104.5747982,36.99416973],[-104.5698665,36.9938481],[-104.5632195,36.9938481],[-104.5370601,36.99395531],[-104.519156,36.99374089],[-104.4934254,36.9938481],[-104.4922461,36.99363368],[-104.4869928,36.9938481],[-104.4620128,36.9938481],[-104.4505412,36.99374089],[-104.4263117,36.99374089],[-104.4083003,36.99352647],[-104.3754939,36.99352647],[-104.3685252,36.99341925],[-104.3388279,36.99352647],[-104.3219958,36.9938481],[-104.2504864,36.99459857],[-104.2188593,36.99481299],[-104.215643,36.99470578],[-104.1628955,36.99513462],[-104.125479,36.99534904],[-104.0078691,36.99620673],[-104.0003643,36.99620673],[-103.9760276,36.99652836],[-103.8919745,36.99684999],[-103.8689243,36.99727883],[-103.8178921,36.99738604],[-103.7505639,36.9979221],[-103.7208666,36.99813652],[-103.6435678,36.99845815],[-103.6255564,36.99867257],[-103.5990754,36.99867257],[-103.5497586,36.99888699],[-103.5015139,36.99920862],[-103.3367313,36.99953025],[-103.2523567,36.99953025],[-103.1733425,37.00006631],[-103.1559744,37.00006631],[-103.1559744,37.00028073],[-103.1255266,37.00017352],[-103.1232752,37.00028073],[-103.0860732,37.00028073],[-103.0872525,37.10266676],[-103.0869309,37.13504433],[-103.0862876,37.14340675],[-103.0866092,37.17610595],[-103.0867164,37.17642758],[-103.0861804,37.19636873],[-103.0835001,37.29425192],[-103.0837146,37.30808208],[-103.0831785,37.3226627],[-103.0833929,37.33724333],[-103.0830713,37.34678507],[-103.0830713,37.35171675],[-103.0827497,37.3583638],[-103.0827497,37.36629738],[-103.0825352,37.38162848],[-103.0747089,37.38173569],[-103.0748161,37.39846053],[-103.0752449,37.41572142],[-103.0750305,37.43673468],[-103.0751377,37.45099368],[-103.0749233,37.45581815],[-103.0751377,37.46074983],[-103.0751377,37.48326404],[-103.0752449,37.49998887],[-103.0754593,37.61084453],[-103.0755666,37.62456748],[-103.075781,37.62499632],[-103.0758882,37.64343653],[-103.1146984,37.64343653],[-103.1175931,37.64332931],[-103.1255266,37.64354374],[-103.1280997,37.64343653],[-103.1315304,37.64365095],[-103.1751651,37.64354374],[-103.1874943,37.64365095],[-103.2055057,37.64407979],[-103.2587893,37.64397258],[-103.2675806,37.644187],[-103.2879506,37.64397258],[-103.2906308,37.64386537],[-103.3014591,37.64397258],[-103.3229012,37.64386537],[-103.3287978,37.64354374],[-103.3349088,37.64365095],[-103.3616042,37.6432221],[-103.3755415,37.64354374],[-103.4043812,37.64354374],[-103.4517682,37.64375816],[-103.4853251,37.64354374],[-103.500549,37.64290047],[-103.5126638,37.64311489],[-103.5623022,37.64354374],[-103.6254492,37.64397258],[-103.7504567,37.64354374],[-103.7507783,37.64365095],[-103.8333304,37.64472305],[-103.8552013,37.64472305],[-103.8571311,37.64483026],[-103.8754641,37.64440142],[-103.9921091,37.64386537],[-104.0004715,37.64407979],[-104.0581508,37.64407979],[-104.0593301,37.73413661],[-104.0611527,37.73467266],[-104.1046802,37.74721629],[-104.1247285,37.75322008],[-104.1261223,37.7534345],[-104.247699,37.78806349],[-104.2504864,37.78902839],[-104.3511571,37.81743917],[-104.3728136,37.8003927],[-104.3754939,37.79857012],[-104.4531143,37.75000376],[-104.4567594,37.74785955],[-104.4549369,37.74089087],[-104.5005013,37.67677899],[-104.5116512,37.66123347],[-104.5143315,37.65790994],[-104.5372745,37.62499632],[-104.5484244,37.6094508],[-104.5486388,37.57471459],[-104.6203627,37.53000781],[-104.6255088,37.51607045],[-104.627653,37.51092435],[-104.6329063,37.50717198],[-104.6492023,37.49527161],[-104.6664632,37.49484277],[-104.6701083,37.49494998],[-104.6810438,37.49602209],[-104.6857611,37.49602209],[-104.6897279,37.49441393],[-104.6909072,37.49291298],[-104.6908,37.4920553],[-104.6920865,37.49119761],[-104.6910144,37.49012551],[-104.6909072,37.48926782],[-104.6919793,37.48776688],[-104.6918721,37.48658756],[-104.6956244,37.48583709],[-104.6961605,37.48433614],[-104.694874,37.48208472],[-104.6934802,37.4818703],[-104.6923009,37.48036935],[-104.6917649,37.47908283],[-104.6921937,37.47811793],[-104.6940163,37.4757593],[-104.6958389,37.47543767],[-104.6963749,37.47329346],[-104.6972326,37.47179251],[-104.6999129,37.46986272],[-104.698948,37.46804014],[-104.6996984,37.46600315],[-104.698948,37.46482383],[-104.7000201,37.46385894],[-104.6993768,37.46289404],[-104.6993768,37.46096425],[-104.6984119,37.45914167],[-104.6986263,37.45785515],[-104.6995912,37.45742631],[-104.6995912,37.45463883],[-104.7005561,37.45378115],[-104.7007705,37.45206578],[-104.7003417,37.45099368],[-104.7008778,37.45045762],[-104.699484,37.44981436],[-104.6983047,37.44809899],[-104.6985191,37.44734852],[-104.6983047,37.44541873],[-104.6972326,37.44477547],[-104.6956244,37.44220241],[-104.6958389,37.44145194],[-104.6950884,37.43995099],[-104.6959461,37.43984378],[-104.696911,37.4389861],[-104.6977687,37.4389861],[-104.6983047,37.43984378],[-104.6995912,37.44016541],[-104.6999129,37.43920052],[-104.7019499,37.43887889],[-104.7023787,37.43812841],[-104.7036652,37.43823563],[-104.7046301,37.43759236],[-104.7057022,37.43769957],[-104.7084897,37.43662747],[-104.7105267,37.43748515],[-104.7113844,37.43748515],[-104.7114916,37.43652026],[-104.7125637,37.43662747],[-104.7147079,37.43512652],[-104.71578,37.43469768],[-104.7181386,37.431803],[-104.7203901,37.43115973],[-104.7211405,37.42944436],[-104.7237136,37.42944436],[-104.7251073,37.42998042],[-104.7256434,37.42890831],[-104.725429,37.42740736],[-104.7268227,37.42654968],[-104.7305751,37.42719294],[-104.7321832,37.42665689],[-104.7333625,37.42537037],[-104.7367933,37.42494152],[-104.7371149,37.42301173],[-104.7401168,37.421618],[-104.7424754,37.41979542],[-104.7423682,37.41872331],[-104.7431187,37.41786563],[-104.7456917,37.41679353],[-104.7471927,37.41572142],[-104.7495513,37.41325558],[-104.7491225,37.41046811],[-104.7494441,37.40971763],[-104.7484792,37.40746621],[-104.7489081,37.40703737],[-104.7521244,37.40682295],[-104.7543758,37.40639411],[-104.7563056,37.40714458],[-104.7584498,37.40703737],[-104.7608084,37.40542921],[-104.7675627,37.40542921],[-104.7689564,37.40478595],[-104.7699213,37.40489316],[-104.7718511,37.40650132],[-104.7734593,37.40607247],[-104.7746386,37.40392826],[-104.77689,37.40403548],[-104.7793558,37.40382105],[-104.7807496,37.40307058],[-104.7820361,37.401248],[-104.783001,37.40049753],[-104.7835371,37.40081916],[-104.7854668,37.40071195],[-104.7873966,37.40006869],[-104.7907202,37.40049753],[-104.7918995,37.40135521],[-104.7935076,37.401248],[-104.7951158,37.40146242],[-104.7975816,37.40114079],[-104.7990826,37.40028311],[-104.8005835,37.40028311],[-104.8029422,37.40189127],[-104.8036926,37.40296337],[-104.8049792,37.40242732],[-104.8071234,37.4022129],[-104.8085171,37.39963984],[-104.8110902,37.39867495],[-104.8124839,37.40028311],[-104.814092,37.40006869],[-104.8154858,37.40039032],[-104.8168795,37.39953263],[-104.8173084,37.39749563],[-104.8180588,37.39706679],[-104.819667,37.397174],[-104.8221328,37.3981389],[-104.824277,37.39760285],[-104.8252419,37.39599469],[-104.8266357,37.39567306],[-104.8314601,37.39545864],[-104.8328539,37.39578027],[-104.8347837,37.39524421],[-104.8353197,37.39781727],[-104.8369279,37.39856774],[-104.8383216,37.39867495],[-104.8399298,37.39803169],[-104.8418596,37.39792448],[-104.8444326,37.39653074],[-104.8472201,37.39567306],[-104.8509725,37.39545864],[-104.854832,37.39427932],[-104.8587988,37.39363606],[-104.8606214,37.39213511],[-104.8622296,37.3920279],[-104.865017,37.39074137],[-104.8663036,37.39138464],[-104.8687694,37.39159906],[-104.8716641,37.39127743],[-104.8729506,37.39041974],[-104.8739155,37.38870437],[-104.8747732,37.38806111],[-104.8755237,37.38827553],[-104.877239,37.38773948],[-104.8784183,37.38784669],[-104.8842077,37.38580969],[-104.8850654,37.38677458],[-104.886888,37.38784669],[-104.8902115,37.38859716],[-104.8928918,37.38945485],[-104.8946071,37.38945485],[-104.8986811,37.38924043],[-104.9010398,37.38945485],[-104.9029696,37.39020532],[-104.9060787,37.39009811],[-104.9079012,37.39234953],[-104.909295,37.39331443],[-104.9111175,37.39395769],[-104.913369,37.39352885],[-104.915942,37.39352885],[-104.9176574,37.39395769],[-104.9191583,37.39363606],[-104.9221602,37.39427932],[-104.9250549,37.39620911],[-104.925591,37.39706679],[-104.9305226,37.39620911],[-104.9325596,37.39545864],[-104.9352399,37.39245674],[-104.9359904,37.39117022],[-104.9371697,37.3899909],[-104.9388851,37.38924043],[-104.9406004,37.38924043],[-104.9448889,37.39052695],[-104.9467114,37.39149185],[-104.9483196,37.39063416],[-104.952608,37.38966927],[-104.9547522,37.38881158],[-104.9567892,37.38741785],[-104.9589334,37.38495201],[-104.9624714,37.38195011],[-104.9670814,37.3787338],[-104.9693329,37.3777689],[-104.9712626,37.37626796],[-104.972978,37.37626796],[-104.9757655,37.3766968],[-104.9768376,37.37648238],[-104.9800539,37.37423096],[-104.9834846,37.37337327],[-104.9868082,37.37433817],[-104.9883091,37.37551748],[-104.9899173,37.37594632],[-104.9947417,37.37583911],[-104.9954922,37.37551748],[-105.0007455,37.36908485],[-105.0018176,37.36811996],[-105.0022465,37.36683343],[-105.0036402,37.36576133],[-105.0048195,37.36318827],[-105.0066421,37.36265222],[-105.0086791,37.3613657],[-105.011681,37.35879264],[-105.0132892,37.3583638],[-105.0161838,37.3583638],[-105.0176848,37.35697007],[-105.0214372,37.35621959],[-105.0235814,37.35686285],[-105.0235814,37.35461143],[-105.0245463,37.35171675],[-105.0247607,37.35000138],[-105.0245463,37.34721391],[-105.0234742,37.34346154],[-105.0234742,37.34163896],[-105.0240102,37.34078128],[-105.0256184,37.3399236],[-105.0277626,37.33938754],[-105.0302284,37.33949475],[-105.0338736,37.34035244],[-105.0364466,37.34163896],[-105.0378404,37.34024523],[-105.0396629,37.33949475],[-105.0406278,37.33810102],[-105.0436297,37.33627844],[-105.0452379,37.33574239],[-105.0469533,37.33349097],[-105.0505984,37.33102512],[-105.054458,37.33027465],[-105.0557445,37.32952418],[-105.0575671,37.32920255],[-105.0609978,37.32823765],[-105.0680737,37.32609344],[-105.0715045,37.32201944],[-105.0737559,37.31976802],[-105.0740775,37.31730218],[-105.0751496,37.31665892],[-105.0776155,37.31655171],[-105.0815822,37.31580123],[-105.0841553,37.31494355],[-105.085549,37.31526518],[-105.0883365,37.31515797],[-105.0921961,37.31537239],[-105.0942331,37.31472913],[-105.095734,37.31290655],[-105.0961629,37.31183444],[-105.0947691,37.30947581],[-105.0948763,37.30818929],[-105.0970206,37.30583066],[-105.0983071,37.30379366],[-105.0994864,37.30347203],[-105.1039892,37.30132782],[-105.1092426,37.29971966],[-105.1105291,37.29950524],[-105.1125661,37.29843313],[-105.1154608,37.29628892],[-105.1198564,37.29596729],[-105.1250025,37.29650334],[-105.1255386,37.29628892],[-105.1281116,37.29682497],[-105.1301486,37.29789708],[-105.1310063,37.29907639],[-105.1315423,37.30111339],[-105.134437,37.29918361],[-105.1378678,37.29821871],[-105.1399048,37.29703939],[-105.1430139,37.29596729],[-105.1459085,37.29586008],[-105.1480528,37.29639613],[-105.1505186,37.29382308],[-105.1523412,37.2929654],[-105.1541638,37.29317982],[-105.1545926,37.24997398],[-105.1550214,37.12496654],[-105.1549142,37.02204446],[-105.1550214,36.99524183]]]},"properties":{"name":"LasAnimas=LAA","type":"county"}},
{"type":"Feature","geometry":{"type":"Polygon","coordinates":[[[-103.1729137,38.61240504],[-103.1725921,38.6304164],[-103.1724848,38.69002544],[-103.1641224,38.69013265],[-103.1640152,38.72551212],[-103.1638008,38.74995611],[-103.1638008,38.83529567],[-103.1636936,38.83668941],[-103.1635864,38.84590951],[-103.1636936,38.84955467],[-103.1636936,38.86488577],[-103.1634792,38.87496355],[-103.163372,38.92706786],[-103.1629431,39.008119],[-103.1630503,39.03760189],[-103.1631575,39.0805933],[-103.1630503,39.08509614],[-103.1631575,39.09560277],[-103.1630503,39.10632382],[-103.1631575,39.11029061],[-103.1630503,39.12497844],[-103.1630503,39.12798034],[-103.155224,39.12798034],[-103.1551167,39.13344807],[-103.155224,39.13505623],[-103.1551167,39.14181049],[-103.1551167,39.16700496],[-103.1549023,39.22425537],[-103.1551167,39.2439821],[-103.155224,39.27732457],[-103.1550095,39.33135866],[-103.1551167,39.33436055],[-103.1550095,39.3746717],[-103.1551167,39.3746717],[-103.1551167,39.38850186],[-103.155224,39.3889307],[-103.1549023,39.40394017],[-103.1546879,39.46687273],[-103.1547951,39.49110231],[-103.1546879,39.50246662],[-103.1545807,39.51050741],[-103.1545807,39.51318767],[-103.1543663,39.56561361],[-103.1549023,39.56593524],[-103.1820266,39.56614966],[-103.2119383,39.56614966],[-103.3101431,39.5665785],[-103.3181839,39.5665785],[-103.3193632,39.56636408],[-103.3482029,39.56636408],[-103.3610681,39.56625687],[-103.3691089,39.56625687],[-103.4262521,39.56604245],[-103.4280747,39.56593524],[-103.4457644,39.56593524],[-103.4531619,39.56593524],[-103.4719238,39.56593524],[-103.4721382,39.56572082],[-103.4810367,39.56604245],[-103.4896135,39.56572082],[-103.4920794,39.56604245],[-103.5230632,39.56604245],[-103.5638032,39.56604245],[-103.6293088,39.56625687],[-103.6308097,39.56593524],[-103.6364919,39.56604245],[-103.6387433,39.56625687],[-103.6581484,39.56625687],[-103.6585773,39.56593524],[-103.6607215,39.56636408],[-103.7070364,39.56625687],[-103.7143267,39.56636408],[-103.7141123,39.54878156],[-103.7144339,39.53398651],[-103.7143267,39.50000078],[-103.7145411,39.49056625],[-103.7145411,39.4839192],[-103.7151844,39.41809196],[-103.7152916,39.39461286],[-103.7152916,39.37499333],[-103.7148628,39.37392123],[-103.7147556,39.34454555],[-103.7150772,39.30991656],[-103.715506,39.30230461],[-103.7148628,39.28515093],[-103.7150772,39.24998589],[-103.7148628,39.24419652],[-103.7150772,39.2297231],[-103.7151844,39.20131232],[-103.71497,39.17901254],[-103.7150772,39.17815485],[-103.7150772,39.17172222],[-103.7152916,39.15767765],[-103.7152916,39.13527065],[-103.7152916,39.12819476],[-103.7211882,39.12830197],[-103.7207594,39.11993955],[-103.7208666,39.09871187],[-103.7218315,39.08745477],[-103.7220459,39.08413124],[-103.7209738,39.05518441],[-103.7209738,39.01112089],[-103.7215098,38.99729074],[-103.7202233,38.90562576],[-103.7193656,38.87496355],[-103.7196872,38.86681556],[-103.7503495,38.86638671],[-103.7574253,38.86660114],[-103.7651445,38.86649393],[-103.7770449,38.86670835],[-103.7905534,38.86681556],[-103.7911967,38.86670835],[-103.8385837,38.86692277],[-103.8524138,38.86692277],[-103.8604546,38.86702998],[-103.8615267,38.86681556],[-103.8631349,38.86713719],[-103.8797525,38.86756603],[-103.9802088,38.86863814],[-103.9807448,38.86874535],[-104.0555777,38.86885256],[-104.0551489,38.83979851],[-104.0545056,38.78276252],[-104.054184,38.77879574],[-104.0542912,38.7764371],[-104.0539696,38.75992669],[-104.0533263,38.73837738],[-104.0532191,38.73108706],[-104.0519326,38.69431386],[-104.0530047,38.69431386],[-104.0532191,38.68166302],[-104.0533263,38.67984044],[-104.0537552,38.65293061],[-104.0540768,38.63867161],[-104.0540768,38.62494867],[-104.0543984,38.59525136],[-104.054184,38.59257109],[-104.0540768,38.58013468],[-104.0542912,38.57359484],[-104.054184,38.552796],[-104.0542912,38.53789374],[-104.054184,38.52535011],[-104.0539696,38.52234822],[-104.0400322,38.52224101],[-104.0372448,38.52245543],[-104.0344573,38.52234822],[-104.0173036,38.52256264],[-103.9850332,38.52277706],[-103.962519,38.52309869],[-103.9621974,38.5232059],[-103.9519052,38.5232059],[-103.951798,38.52299148],[-103.947724,38.5232059],[-103.9255314,38.52309869],[-103.9190988,38.52309869],[-103.9105219,38.52331311],[-103.9062335,38.52288427],[-103.9002297,38.52277706],[-103.9000153,38.52256264],[-103.8955125,38.52299148],[-103.8889726,38.52266985],[-103.8754641,38.52277706],[-103.8725694,38.52213379],[-103.7791891,38.52181216],[-103.7700762,38.52213379],[-103.7608561,38.52213379],[-103.7508855,38.52224101],[-103.719044,38.52181216],[-103.715506,38.52159774],[-103.713469,38.52181216],[-103.7065004,38.52191937],[-103.7048922,38.52224101],[-103.6820564,38.52245543],[-103.6778752,38.52224101],[-103.6486067,38.52266985],[-103.6130128,38.52256264],[-103.6130128,38.51784537],[-103.504623,38.51645164],[-103.504623,38.52363474],[-103.492401,38.52384916],[-103.4628109,38.52363474],[-103.4554134,38.52384916],[-103.4265737,38.52352753],[-103.3819742,38.52331311],[-103.3775785,38.52342032],[-103.3713603,38.52342032],[-103.3523841,38.52374195],[-103.3034961,38.52363474],[-103.2505341,38.52363474],[-103.2465673,38.52395637],[-103.2379905,38.52406358],[-103.2278055,38.52438522],[-103.2012173,38.52481406],[-103.1911395,38.52513569],[-103.1729137,38.52535011],[-103.1730209,38.5681271],[-103.1729137,38.61240504]]]},"properties":{"name":"Lincoln=LIN","type":"county"}},
{"type":"Feature","geometry":{"type":"Polygon","coordinates":[[[-103.5818145,40.52332501],[-103.5816001,40.5232178],[-103.5432188,40.52343222],[-103.5026932,40.52332501],[-103.4930442,40.52311059],[-103.4911145,40.5232178],[-103.4860756,40.5232178],[-103.4672065,40.5232178],[-103.4665633,40.49427097],[-103.4665633,40.48730229],[-103.466456,40.48708786],[-103.4663488,40.47979755],[-103.46592,40.47261445],[-103.4660272,40.46543134],[-103.46592,40.45846266],[-103.4652767,40.45749777],[-103.4653839,40.4363773],[-103.4070614,40.4363773],[-103.3876563,40.43551961],[-103.3870131,40.4354124],[-103.3755415,40.43551961],[-103.3750055,40.43530519],[-103.3671791,40.43530519],[-103.2505341,40.43605567],[-103.2305929,40.43605567],[-103.2258757,40.43616288],[-103.15115,40.43669893],[-103.1502923,40.43680614],[-103.1354972,40.43680614],[-103.1320665,40.43659172],[-103.1255266,40.43669893],[-103.1209166,40.43669893],[-103.0903616,40.43680614],[-103.0850011,40.43680614],[-103.00856,40.4374494],[-102.9508807,40.43777103],[-102.948951,40.43787824],[-102.9334054,40.43809267],[-102.9246142,40.43798546],[-102.8849463,40.43830709],[-102.8490308,40.43830709],[-102.7990707,40.43852151],[-102.7799872,40.4384143],[-102.7627263,40.43862872],[-102.7022596,40.43852151],[-102.7017235,40.43862872],[-102.6826401,40.43852151],[-102.6648431,40.43852151],[-102.6648431,40.45771219],[-102.6650575,40.47357934],[-102.6650575,40.47486587],[-102.6649503,40.48751671],[-102.6650575,40.49287723],[-102.6650575,40.51131744],[-102.6651648,40.51260396],[-102.6650575,40.52600528],[-102.6651648,40.55870448],[-102.6654864,40.58411337],[-102.6655936,40.61166647],[-102.6650575,40.64458009],[-102.6647359,40.68607056],[-102.6647359,40.70515402],[-102.6509058,40.70536845],[-102.6513346,40.74943196],[-102.6517634,40.86554093],[-102.6521923,40.88505325],[-102.6520851,40.88633977],[-102.6522995,40.90960445],[-102.6524067,40.91882455],[-102.6526211,40.92096876],[-102.6534788,41.00234153],[-102.6878934,41.00234153],[-102.7123374,41.00223432],[-102.7431068,41.00223432],[-102.7545783,41.00234153],[-102.7665859,41.00223432],[-102.7735546,41.00244875],[-102.827267,41.00212711],[-102.8302689,41.00234153],[-102.8463505,41.00223432],[-102.8465649,41.00244875],[-102.8657556,41.0020199],[-102.8660772,41.00234153],[-102.8755118,41.00234153],[-102.8855895,41.00212711],[-102.885804,41.00234153],[-102.9048874,41.00223432],[-102.9062812,41.00234153],[-102.9239709,41.00212711],[-102.9243997,41.00234153],[-102.9431616,41.0020199],[-102.944877,41.00234153],[-102.955062,41.00212711],[-102.9636388,41.00223432],[-102.9814357,41.00212711],[-102.9827223,41.00223432],[-103.0015913,41.00234153],[-103.0021274,41.00244875],[-103.0194955,41.00244875],[-103.0386861,41.00223432],[-103.0434034,41.00234153],[-103.0593778,41.00234153],[-103.0595922,41.00234153],[-103.0767459,41.00223432],[-103.077818,41.00234153],[-103.11502,41.00234153],[-103.1255266,41.00212711],[-103.1436452,41.00234153],[-103.1653017,41.00212711],[-103.1724848,41.00212711],[-103.1917827,41.0020199],[-103.210759,41.00223432],[-103.219443,41.0020199],[-103.2300569,41.00223432],[-103.2362751,41.0020199],[-103.2417428,41.00212711],[-103.2460313,41.00212711],[-103.2490331,41.00223432],[-103.2505341,41.00180548],[-103.268331,41.00212711],[-103.3238661,41.00180548],[-103.3653565,41.00180548],[-103.3754343,41.00234153],[-103.3825102,41.00223432],[-103.3969836,41.00255596],[-103.4133868,41.00191269],[-103.4219637,41.0020199],[-103.4479086,41.00180548],[-103.4867188,41.00191269],[-103.4959389,41.00191269],[-103.4974399,41.00159106],[-103.5004418,41.00169827],[-103.5348563,41.00137664],[-103.5745242,41.00169827],[-103.573881,40.9999829],[-103.5734521,40.99269259],[-103.5734521,40.9907628],[-103.5733449,40.9785408],[-103.5739882,40.96331691],[-103.5735593,40.92525718],[-103.5737738,40.92300576],[-103.5733449,40.90477998],[-103.5737738,40.89084261],[-103.5737738,40.88483882],[-103.5742026,40.87937109],[-103.5742026,40.87658362],[-103.573881,40.86650583],[-103.5733449,40.76015301],[-103.5735593,40.74996801],[-103.5739882,40.7457868],[-103.573881,40.73099176],[-103.5740954,40.70193771],[-103.5802064,40.70193771],[-103.5803136,40.67920908],[-103.5807424,40.66880966],[-103.5806352,40.66677267],[-103.5808496,40.65444346],[-103.5810641,40.65401462],[-103.5810641,40.6426503],[-103.5814929,40.62496057],[-103.5813857,40.61595489],[-103.5816001,40.61381068],[-103.5814929,40.60351847],[-103.5816001,40.60233915],[-103.5814929,40.59601373],[-103.5817073,40.58143311],[-103.5814929,40.57478605],[-103.5816001,40.5670669],[-103.5817073,40.55956216],[-103.5817073,40.55237906],[-103.5818145,40.52332501]]]},"properties":{"name":"Logan=LOG","type":"county"}},
{"type":"Feature","geometry":{"type":"Polygon","coordinates":[[[-109.0507294,39.36663091],[-109.0514799,39.12497844],[-109.0524448,38.999971],[-109.0533025,38.94089801],[-109.0535169,38.93500144],[-109.0538385,38.91506028],[-109.0538385,38.90530413],[-109.0539457,38.90444644],[-109.0541602,38.87496355],[-109.0556611,38.8345452],[-109.0573765,38.79541336],[-109.0588774,38.74920564],[-109.0595207,38.71993717],[-109.0598423,38.67362223],[-109.0598423,38.64810613],[-109.0602712,38.59932536],[-109.060164,38.53221158],[-109.0599495,38.49994122],[-108.3791628,38.49994122],[-108.3786268,38.50219264],[-108.378734,38.66804729],[-108.3788412,38.73398175],[-108.378734,38.75467337],[-108.378734,38.76528721],[-108.3789484,38.77665153],[-108.3788412,38.82103667],[-108.3789484,38.82907746],[-108.3762682,38.83014957],[-108.3343489,38.8437653],[-108.2513679,38.87121119],[-108.236144,38.87592845],[-108.2104135,38.88418366],[-108.1769638,38.89533355],[-108.1761062,38.89726334],[-108.1741764,38.89812102],[-108.1705312,38.89833544],[-108.1695663,38.89908592],[-108.1686014,38.90080129],[-108.1674221,38.90176618],[-108.16635,38.90219502],[-108.1632409,38.90208781],[-108.1593813,38.90101571],[-108.1575587,38.90101571],[-108.1555217,38.90144455],[-108.1525198,38.90123013],[-108.1506973,38.90262386],[-108.1490891,38.90551855],[-108.1469449,38.90744834],[-108.1448007,38.90744834],[-108.1417988,38.90637623],[-108.1407267,38.90680507],[-108.1402979,38.90873486],[-108.1417988,38.91195118],[-108.1427637,38.91270165],[-108.1441574,38.91484586],[-108.1448007,38.91645402],[-108.1443719,38.91849102],[-108.1432997,38.91956312],[-108.1406195,38.92063523],[-108.1404051,38.9223506],[-108.1409411,38.92417318],[-108.1405123,38.92513807],[-108.1391185,38.92588854],[-108.1377248,38.92610296],[-108.135795,38.92535249],[-108.1334364,38.92395875],[-108.1325787,38.92288665],[-108.1306489,38.9223506],[-108.1295768,38.92256502],[-108.1274326,38.92385154],[-108.12561,38.92406596],[-108.1229298,38.92556691],[-108.1207855,38.92717507],[-108.118963,38.92899765],[-108.1175692,38.93189233],[-108.1144601,38.93446538],[-108.1132808,38.93575191],[-108.110815,38.93757449],[-108.1096356,38.93886101],[-108.1050256,38.94507922],[-108.1022381,38.94915322],[-108.1010588,38.95001091],[-108.1000939,38.95140464],[-108.0976281,38.95354885],[-108.0954839,38.95451375],[-108.0958055,38.95601469],[-108.0955911,38.95676517],[-108.0934469,38.95740843],[-108.0915171,38.95933822],[-108.0898017,38.9601959],[-108.0887296,38.9622329],[-108.0873359,38.9631978],[-108.0875503,38.96480596],[-108.0867998,38.96684295],[-108.086907,38.96780785],[-108.0886224,38.97005927],[-108.0903378,38.97156022],[-108.0910882,38.97434769],[-108.0920531,38.97617027],[-108.0940901,38.9785289],[-108.0947334,38.97970821],[-108.0934469,38.9805659],[-108.0898017,38.98110195],[-108.086907,38.98303174],[-108.0856205,38.98517595],[-108.082833,38.98732016],[-108.0817609,38.98935716],[-108.0797239,38.99117974],[-108.0779013,38.99203742],[-108.076186,38.99257347],[-108.0729697,38.99503932],[-108.0699678,38.99654026],[-108.0672875,38.999971],[-108.0663226,39.00082868],[-108.0645,39.00415221],[-108.0631063,39.00500989],[-108.0613909,39.00533152],[-108.0596756,39.00672526],[-108.0559232,39.01058484],[-108.0545295,39.01315789],[-108.053779,39.01401558],[-108.0503482,39.01508768],[-108.0494906,39.01465884],[-108.0485257,39.01240742],[-108.0477752,39.01144252],[-108.0468103,39.012193],[-108.0444517,39.01208579],[-108.043594,39.01294347],[-108.0432723,39.01390836],[-108.0383407,39.01573094],[-108.0360892,39.01723189],[-108.0357676,39.02055542],[-108.0341595,39.02334289],[-108.0329801,39.02462941],[-108.0320152,39.02741689],[-108.0300855,39.02881062],[-108.0280485,39.02966831],[-108.025797,39.02977552],[-108.0230096,39.03084762],[-108.021723,39.03256299],[-108.0207581,39.03331347],[-108.0193644,39.03352789],[-108.0159337,39.03610094],[-108.0131462,39.03738746],[-108.0122885,39.03824515],[-108.009501,39.0397461],[-108.0042477,39.04189031],[-108.0023179,39.04328404],[-108.0006026,39.04542825],[-107.9951348,39.04853736],[-107.9910608,39.05046715],[-107.9872013,39.05282578],[-107.9838777,39.05829351],[-107.9821624,39.05990167],[-107.9799109,39.0602233],[-107.9726206,39.0611882],[-107.9642582,39.05968725],[-107.9637222,39.05990167],[-107.9592193,39.0602233],[-107.9568607,39.05979446],[-107.9511785,39.05968725],[-107.9494632,39.06033051],[-107.9467829,39.06065214],[-107.941744,39.06086656],[-107.9388493,39.06172425],[-107.9369195,39.06204588],[-107.9331672,39.06204588],[-107.93306,39.06236751],[-107.9281283,39.06247472],[-107.9229822,39.06343962],[-107.9200875,39.06354683],[-107.9175144,39.06397567],[-107.9134404,39.06258193],[-107.9117251,39.06258193],[-107.9095809,39.06150983],[-107.9090448,39.06054493],[-107.9067934,39.06075935],[-107.9035771,39.06301077],[-107.9006824,39.06547662],[-107.8972516,39.06622709],[-107.8956435,39.06622709],[-107.8931776,39.06579825],[-107.8881388,39.06676314],[-107.8869594,39.0674064],[-107.886209,39.06826409],[-107.8830999,39.06955061],[-107.8817061,39.07062272],[-107.8802052,39.07105156],[-107.8755951,39.07072993],[-107.8748447,39.07233809],[-107.8732365,39.0735174],[-107.8700202,39.07491114],[-107.8690553,39.07426788],[-107.8670183,39.07469672],[-107.8664822,39.07619767],[-107.8651957,39.07662651],[-107.8626227,39.07887793],[-107.8614433,39.0775914],[-107.8609073,39.07866351],[-107.8595135,39.07984282],[-107.8585487,39.08016445],[-107.8571549,39.07941398],[-107.8564044,39.07726977],[-107.8553323,39.07662651],[-107.8542602,39.07716256],[-107.8534025,39.07834188],[-107.852116,39.0785563],[-107.8488997,39.07780582],[-107.8472916,39.07812746],[-107.8458978,39.07726977],[-107.8418238,39.07662651],[-107.8400012,39.07716256],[-107.8385003,39.07673372],[-107.8354984,39.07533998],[-107.8346407,39.0744823],[-107.8321749,39.07341019],[-107.829709,39.07287414],[-107.8282081,39.07180204],[-107.8258495,39.07158761],[-107.8224187,39.0704083],[-107.8203817,39.07094435],[-107.8193096,39.07083714],[-107.818988,39.06965783],[-107.813413,39.06729919],[-107.8119121,39.06687035],[-107.8090174,39.06644151],[-107.8066588,39.06547662],[-107.8021559,39.06483335],[-107.8012982,39.06365404],[-107.7974387,39.06279635],[-107.7942224,39.06172425],[-107.7928286,39.06086656],[-107.7898267,39.05797188],[-107.788969,39.05625651],[-107.7862888,39.0561493],[-107.7833941,39.05368346],[-107.7794273,39.0520753],[-107.7778191,39.04960946],[-107.776211,39.04789409],[-107.7739596,39.04703641],[-107.7717081,39.04467778],[-107.7710649,39.04371288],[-107.7672053,39.04403452],[-107.7654899,39.04328404],[-107.7650611,39.04467778],[-107.7640962,39.04542825],[-107.763989,39.04628594],[-107.7630241,39.04725083],[-107.7615232,39.04767967],[-107.7587357,39.04789409],[-107.7577708,39.04928783],[-107.7560554,39.04993109],[-107.756377,39.05228972],[-107.7556266,39.05389788],[-107.7539112,39.05432672],[-107.7516598,39.05443393],[-107.7505877,39.05400509],[-107.7473714,39.05593488],[-107.7455488,39.05765025],[-107.7439406,39.05775746],[-107.7424397,39.05936562],[-107.7446911,39.06075935],[-107.7443695,39.06215309],[-107.7419036,39.06397567],[-107.7379368,39.06611988],[-107.7369719,39.06547662],[-107.7350422,39.06622709],[-107.7330052,39.06301077],[-107.7322547,39.06301077],[-107.731397,39.06515498],[-107.7307537,39.06590546],[-107.7291456,39.06622709],[-107.7230346,39.06515498],[-107.7216408,39.06526219],[-107.7221769,39.06665593],[-107.7217481,39.06751362],[-107.7221769,39.06858572],[-107.7214264,39.06890735],[-107.7207832,39.06997946],[-107.7186389,39.07169482],[-107.7175668,39.07394625],[-107.7162803,39.07426788],[-107.7149938,39.07598325],[-107.713064,39.07909235],[-107.7132784,39.08027167],[-107.712528,39.08080772],[-107.7100621,39.08123656],[-107.7101693,39.08220145],[-107.7078107,39.0837024],[-107.7038439,39.08498893],[-107.6999843,39.08380961],[-107.6956959,39.08498893],[-107.6940877,39.08509614],[-107.6940877,39.08691872],[-107.6928012,39.08756198],[-107.6895849,39.08713314],[-107.6869046,39.08863408],[-107.6852965,39.0908855],[-107.6829379,39.09270808],[-107.6821874,39.09570998],[-107.6810081,39.0990335],[-107.6807936,39.10021282],[-107.6793999,39.10053445],[-107.676398,39.10042724],[-107.673825,39.1010705],[-107.673825,39.10192819],[-107.6727529,39.10546613],[-107.6714663,39.10761034],[-107.6698582,39.10857524],[-107.6646049,39.10943292],[-107.6603164,39.11179155],[-107.6597804,39.11254203],[-107.6610669,39.1132925],[-107.6623534,39.11479345],[-107.6626751,39.11618718],[-107.6617102,39.11768813],[-107.6584939,39.11983234],[-107.6565641,39.12272702],[-107.6548487,39.12326308],[-107.6537766,39.12401355],[-107.6533478,39.12508565],[-107.6536694,39.1265866],[-107.6529189,39.12840918],[-107.6513108,39.13098223],[-107.64788,39.13130386],[-107.6456286,39.13441297],[-107.6442349,39.13591392],[-107.6414474,39.13805813],[-107.6400537,39.14041676],[-107.6382311,39.1419177],[-107.6375878,39.1419177],[-107.6346931,39.1408456],[-107.6324417,39.14095281],[-107.6317984,39.14181049],[-107.6316912,39.14298981],[-107.6308335,39.14384749],[-107.6300831,39.14652775],[-107.6278317,39.1489936],[-107.6262235,39.14920802],[-107.6245081,39.15017291],[-107.6212918,39.1510306],[-107.6201125,39.15220991],[-107.6198981,39.15381807],[-107.6191476,39.15489017],[-107.6168962,39.15553344],[-107.6146448,39.15456854],[-107.6138943,39.15456854],[-107.612715,39.15564065],[-107.6111068,39.15649833],[-107.6098203,39.15885696],[-107.6074617,39.16153723],[-107.6053174,39.16207328],[-107.6027444,39.16346701],[-107.601029,39.16411028],[-107.5980271,39.16421749],[-107.5958829,39.16475354],[-107.5938459,39.16486075],[-107.5909512,39.16711217],[-107.5894503,39.16786264],[-107.5881638,39.16936359],[-107.584733,39.17182943],[-107.5836609,39.17375922],[-107.5813023,39.1745097],[-107.5770139,39.17493854],[-107.5729399,39.17633227],[-107.570474,39.17826206],[-107.5698308,39.18019185],[-107.568437,39.18137117],[-107.5674721,39.18137117],[-107.5647919,39.18062069],[-107.5608251,39.17847648],[-107.5569655,39.17836927],[-107.552141,39.1796558],[-107.5489247,39.18115675],[-107.5433498,39.18190722],[-107.5423849,39.1827649],[-107.5417416,39.18458748],[-107.5433498,39.18544517],[-107.5437786,39.18694611],[-107.5429209,39.19048406],[-107.5429209,39.19230664],[-107.5435642,39.1939148],[-107.5433498,39.19466527],[-107.5415272,39.19627343],[-107.5375604,39.19788159],[-107.5347729,39.19863206],[-107.5311278,39.1990609],[-107.5248024,39.19895369],[-107.5260889,39.20066906],[-107.5283403,39.20184837],[-107.5288764,39.20292048],[-107.5274826,39.20388537],[-107.5244807,39.20463585],[-107.523623,39.20549353],[-107.52105,39.20613679],[-107.5192274,39.20742332],[-107.5182625,39.20881706],[-107.5166544,39.210318],[-107.5138669,39.21396316],[-107.5118299,39.21567853],[-107.5095785,39.21664342],[-107.5073271,39.21685784],[-107.5063622,39.216429],[-107.504754,39.21728669],[-107.5023954,39.2173939],[-107.5005728,39.21792995],[-107.4975709,39.21750111],[-107.494569,39.218466],[-107.4928536,39.2214679],[-107.4877075,39.22564911],[-107.4868498,39.22682842],[-107.4857777,39.22907984],[-107.4857777,39.23133126],[-107.4849201,39.23251058],[-107.484384,39.23519084],[-107.4828831,39.23561968],[-107.4805244,39.23390431],[-107.4787018,39.23358268],[-107.4780586,39.23111684],[-107.4774153,39.23047358],[-107.4747351,39.22907984],[-107.4713043,39.22918705],[-107.4690529,39.22832937],[-107.4657294,39.228651],[-107.463478,39.22843658],[-107.4607977,39.23036637],[-107.4585463,39.22940147],[-107.4569381,39.22950868],[-107.4544723,39.23025916],[-107.4510415,39.230688],[-107.449755,39.23229616],[-107.4464315,39.23326105],[-107.4437512,39.234762],[-107.4428935,39.23647737],[-107.4394628,39.23690621],[-107.4367825,39.23829994],[-107.4358176,39.23915763],[-107.4318509,39.2399081],[-107.4302427,39.24055136],[-107.4291706,39.24226673],[-107.4305643,39.24666236],[-107.4304571,39.24902099],[-107.429385,39.25062915],[-107.4301355,39.25255894],[-107.4298139,39.25373826],[-107.4299211,39.25534641],[-107.4305643,39.25652573],[-107.4295994,39.2572762],[-107.4269192,39.25770504],[-107.4243461,39.25759783],[-107.4244533,39.25652573],[-107.4219875,39.25556083],[-107.4196289,39.25534641],[-107.4181279,39.25588247],[-107.4148044,39.25556083],[-107.4134107,39.25470315],[-107.4114809,39.25427431],[-107.4093367,39.25448873],[-107.4071924,39.25341662],[-107.4032257,39.25384547],[-107.400331,39.25298778],[-107.3978651,39.25373826],[-107.3959353,39.25502478],[-107.3944344,39.25631131],[-107.3945416,39.25738341],[-107.3936839,39.25899157],[-107.3914325,39.26059973],[-107.3916469,39.26263673],[-107.3914325,39.26392325],[-107.3871441,39.26585304],[-107.3834989,39.26778283],[-107.3809259,39.26821167],[-107.3792105,39.26906936],[-107.3782456,39.27024867],[-107.3774951,39.27217846],[-107.3783528,39.27475151],[-107.3798538,39.27571641],[-107.3815691,39.27507315],[-107.3832845,39.27550199],[-107.3871441,39.27786062],[-107.390146,39.27893272],[-107.3941128,39.27936157],[-107.3940056,39.28161299],[-107.3956137,39.28225625],[-107.3970074,39.28354278],[-107.3963642,39.28633025],[-107.3964714,39.28847446],[-107.3961498,39.28954656],[-107.3964714,39.29061867],[-107.3976507,39.29179798],[-107.3966858,39.29394219],[-107.3970074,39.29447825],[-107.3985084,39.29512151],[-107.4038689,39.29276288],[-107.4067636,39.29308451],[-107.4085862,39.2940494],[-107.4101943,39.2929773],[-107.412553,39.29190519],[-107.4150188,39.29383498],[-107.4185568,39.29479988],[-107.4211298,39.29683688],[-107.4229524,39.2970513],[-107.4252038,39.29780177],[-107.4312076,39.29898109],[-107.433459,39.29855225],[-107.4347455,39.29855225],[-107.4352816,39.29930272],[-107.4374258,39.29951714],[-107.4378546,39.30101809],[-107.4397844,39.30251903],[-107.4382835,39.30455603],[-107.4376402,39.30670024],[-107.4387123,39.30884445],[-107.4402133,39.30841561],[-107.4452522,39.30852282],[-107.447182,39.30573535],[-107.4485757,39.30562814],[-107.4496478,39.30455603],[-107.4516848,39.30455603],[-107.4544723,39.30659303],[-107.4565093,39.30691467],[-107.4570453,39.30798677],[-107.4569381,39.3092733],[-107.4577958,39.30970214],[-107.4591895,39.30970214],[-107.4610121,39.31259682],[-107.4627275,39.31377614],[-107.4651933,39.31431219],[-107.4632635,39.31688524],[-107.4641212,39.31870782],[-107.4641212,39.32031598],[-107.4659438,39.32213856],[-107.4633707,39.32428277],[-107.4625131,39.32578371],[-107.4627275,39.32696303],[-107.4618698,39.32760629],[-107.4584391,39.32857119],[-107.4576886,39.32900003],[-107.4554372,39.32942887],[-107.4535074,39.32889282],[-107.4508271,39.33007213],[-107.4499694,39.33264519],[-107.4454666,39.33521824],[-107.4440729,39.33704082],[-107.4428935,39.33907782],[-107.4409638,39.34025713],[-107.4396772,39.34036434],[-107.4384979,39.3410076],[-107.4382835,39.34218692],[-107.4388195,39.34325903],[-107.4367825,39.34636813],[-107.4356032,39.34690418],[-107.4339951,39.34679697],[-107.4322797,39.34722581],[-107.4305643,39.34819071],[-107.4301355,39.34958444],[-107.4303499,39.35430171],[-107.4291706,39.35537381],[-107.4287418,39.35741081],[-107.4290634,39.35987665],[-107.4286345,39.36051992],[-107.4284201,39.3624497],[-107.4298139,39.36405786],[-107.4309932,39.36620207],[-107.4916743,39.36630928],[-107.5005728,39.36609486],[-107.5507473,39.36609486],[-107.5595386,39.36609486],[-107.6072472,39.36620207],[-107.6255802,39.36641649],[-107.7133856,39.36609486],[-107.7505877,39.36620207],[-107.8755951,39.36630928],[-107.884172,39.36620207],[-107.9540732,39.36620207],[-107.9883806,39.36609486],[-108.0006026,39.36630928],[-108.0068208,39.36620207],[-108.0958055,39.36609486],[-108.1702096,39.36630928],[-108.2022655,39.36620207],[-108.2179183,39.36620207],[-108.2487949,39.36663091],[-108.2506175,39.36630928],[-108.2583366,39.36620207],[-108.2662702,39.36630928],[-108.3676913,39.36609486],[-108.3756249,39.36663091],[-108.382808,39.36641649],[-108.3920281,39.3665237],[-108.4023203,39.36630928],[-108.4082169,39.36641649],[-108.4096106,39.36598765],[-108.4285869,39.36609486],[-108.4660034,39.36598765],[-108.4854085,39.36598765],[-108.4917339,39.36609486],[-108.5006323,39.36598765],[-108.570212,39.3665237],[-108.7367099,39.36641649],[-108.7381036,39.36663091],[-108.7474309,39.36663091],[-108.7506472,39.3665237],[-108.8658985,39.36620207],[-108.8750114,39.36630928],[-108.8756547,39.3665237],[-108.9052448,39.3665237],[-108.9080323,39.36673812],[-108.9252931,39.3665237],[-108.9737523,39.36663091],[-108.9811498,39.36630928],[-109.0507294,39.36663091]]]},"properties":{"name":"Mesa=MES","type":"county"}},
{"type":"Feature","geometry":{"type":"Polygon","coordinates":[[[-106.710753,37.4042499],[-106.7108602,37.47897562],[-106.710753,37.52196703],[-106.7111819,37.60055232],[-106.7110747,37.60923638],[-106.7118251,37.63228663],[-106.7116107,37.66423536],[-106.6956363,37.66423536],[-106.6957436,37.69328941],[-106.6956363,37.71537477],[-106.6952075,37.75000376],[-106.6952075,37.75129029],[-106.6946715,37.75129029],[-106.6945642,37.76072481],[-106.694457,37.78034434],[-106.6943498,37.78291739],[-106.6940282,37.81765359],[-106.6938138,37.83523611],[-106.6937066,37.87168768],[-106.6934921,37.87351026],[-106.6953147,37.87501121],[-106.6971373,37.87608331],[-106.6992815,37.87640494],[-106.7015329,37.87640494],[-106.7045348,37.87586889],[-106.7064646,37.87501121],[-106.7072151,37.8739391],[-106.7103242,37.87254537],[-106.7124684,37.87200931],[-106.7147198,37.8719021],[-106.7186866,37.872867],[-106.7228678,37.87501121],[-106.736698,37.88787647],[-106.7506353,37.88144384],[-106.7557814,37.88058615],[-106.7730423,37.88562505],[-106.7785101,37.89484515],[-106.7834417,37.89956241],[-106.7954493,37.9096402],[-106.8010243,37.9137142],[-106.8068136,37.9147863],[-106.8078857,37.91542957],[-106.8183924,37.91403583],[-106.8245034,37.91875309],[-106.8299711,37.91789541],[-106.8339379,37.91896751],[-106.8415498,37.9188603],[-106.847232,37.91918193],[-106.8529142,37.9238992],[-106.8592396,37.92861646],[-106.8641713,37.93322651],[-106.8662083,37.93408419],[-106.8686741,37.93794377],[-106.8697462,37.94148172],[-106.8743563,37.94266103],[-106.8756428,37.94577014],[-106.8771437,37.94855761],[-106.8799312,37.94984414],[-106.8791807,37.95638398],[-106.878323,37.95852819],[-106.8793951,37.95992193],[-106.8791807,37.96110124],[-106.88036,37.96120845],[-106.8813249,37.96228056],[-106.8827187,37.96153008],[-106.8895801,37.96185171],[-106.8945118,37.96710503],[-106.8978354,37.9678555],[-106.8994435,37.9667834],[-106.902231,37.96560408],[-106.9052329,37.96388871],[-106.9086636,37.96410313],[-106.9115583,37.96646177],[-106.9135953,37.96624734],[-106.9167044,37.96646177],[-106.9203496,37.96742666],[-106.9207784,37.96646177],[-106.9242091,37.96485361],[-106.927211,37.96421035],[-106.9301057,37.96324545],[-106.9337509,37.96088682],[-106.9352518,37.96035077],[-106.935359,37.95874261],[-106.937396,37.9565984],[-106.94147,37.95423977],[-106.9444719,37.95370372],[-106.9462945,37.95402535],[-106.9481171,37.95552629],[-106.949082,37.95670561],[-106.9505829,37.95670561],[-106.9524055,37.95745608],[-106.9524055,37.96185171],[-106.9530488,37.96281661],[-106.9554074,37.96506803],[-106.961304,37.96796271],[-106.9619472,37.96892761],[-106.9624833,37.97235834],[-106.9639842,37.97257276],[-106.967951,37.97503861],[-106.9698808,37.97310882],[-106.9725611,37.97203671],[-106.9779216,37.96903482],[-106.9858552,37.96903482],[-106.9873561,37.96914203],[-106.9876778,37.96635456],[-106.9876778,37.9637815],[-106.988321,37.96206614],[-106.989822,37.96099403],[-106.9925022,37.9606724],[-106.994432,37.96077961],[-106.995933,37.96013635],[-106.9968979,37.96035077],[-106.9977555,37.95734887],[-106.9993637,37.95702724],[-107.0006502,37.95606235],[-107.0023656,37.95595514],[-107.0047242,37.95692003],[-107.0062252,37.95616956],[-107.006654,37.95413256],[-107.0067612,37.94920088],[-107.0076189,37.94727109],[-107.0090126,37.94652061],[-107.0111569,37.94694945],[-107.0175895,37.94898645],[-107.0208058,37.95230998],[-107.02295,37.95381093],[-107.0255231,37.95445419],[-107.0283105,37.95413256],[-107.030562,37.95306045],[-107.0315268,37.95102345],[-107.0332422,37.95005856],[-107.0361369,37.9494153],[-107.0396748,37.94877203],[-107.0426767,37.94866482],[-107.0447137,37.94930809],[-107.049431,37.95209556],[-107.0511464,37.95295324],[-107.0528617,37.95316766],[-107.0552204,37.95220277],[-107.0563997,37.95230998],[-107.0576862,37.95338208],[-107.0594016,37.95563351],[-107.0597232,37.95777772],[-107.0604737,37.95917145],[-107.0614386,37.9597075],[-107.0654054,37.9597075],[-107.0669063,37.96045798],[-107.067764,37.96131566],[-107.0685145,37.96077961],[-107.0692649,37.95842098],[-107.0720524,37.95531187],[-107.0736606,37.9545614],[-107.0756976,37.95391814],[-107.077949,37.95423977],[-107.0802004,37.95434698],[-107.0855609,37.95338208],[-107.0867403,37.95273882],[-107.0883484,37.95038019],[-107.0893133,37.94995135],[-107.0921008,37.94920088],[-107.0945666,37.94930809],[-107.0973541,37.95080903],[-107.1000344,37.95188114],[-107.1014281,37.95295324],[-107.1020714,37.95477582],[-107.1032507,37.95509745],[-107.1038939,37.95381093],[-107.1056093,37.94952251],[-107.1061454,37.94716388],[-107.1083968,37.94459082],[-107.1106482,37.9433043],[-107.1123636,37.94276825],[-107.1157943,37.94201777],[-107.1220125,37.94083846],[-107.1256577,37.93912309],[-107.1296245,37.93783656],[-107.1313398,37.93762214],[-107.134985,37.93783656],[-107.1356282,37.93847982],[-107.1382013,37.93880146],[-107.1382013,37.87501121],[-107.1386301,37.86589832],[-107.1373436,37.82880348],[-107.1399167,37.75718687],[-107.1406671,37.75000376],[-107.1428113,37.71623246],[-107.1429186,37.7156964],[-107.1432402,37.70808446],[-107.14517,37.67549246],[-107.1256577,37.67517083],[-107.1238351,37.67506362],[-107.1237279,37.62499632],[-107.1244784,37.61213106],[-107.1255505,37.60044511],[-107.1278019,37.49998887],[-107.1286596,37.47361509],[-107.1286596,37.42290452],[-107.1287668,37.39245674],[-107.1135429,37.39245674],[-107.0452498,37.39234953],[-107.0006502,37.3931],[-106.8756428,37.3940649],[-106.8711399,37.39363606],[-106.7511714,37.39599469],[-106.7294077,37.39599469],[-106.710753,37.39620911],[-106.710753,37.4042499]]]},"properties":{"name":"Mineral=MIN","type":"county"}},
{"type":"Feature","geometry":{"type":"Polygon","coordinates":[[[-107.3177789,41.00287759],[-107.3675246,41.00309201],[-107.4787018,41.00266317],[-107.5005728,41.00234153],[-107.6255802,41.00212711],[-107.7068458,41.00212711],[-107.762488,41.00191269],[-107.8665894,41.00191269],[-107.8755951,41.0020199],[-107.9161207,41.0020199],[-107.9703692,41.0020199],[-108.0006026,41.00180548],[-108.0241889,41.0020199],[-108.0464887,41.0020199],[-108.0892657,41.00159106],[-108.0894801,41.00126943],[-108.1053472,41.00137664],[-108.1226081,41.00116222],[-108.12561,41.00137664],[-108.1812523,41.00041175],[-108.2064467,41.00041175],[-108.209663,41.00030454],[-108.2497598,41.00041175],[-108.2506175,41.00009011],[-108.3756249,40.9999829],[-108.5006323,41.00009011],[-108.5196086,40.9999829],[-108.5206807,40.99976848],[-108.5260412,40.99955406],[-108.5387993,40.99976848],[-108.5576683,40.99966127],[-108.5618495,40.9999829],[-108.6251037,40.9999829],[-108.6357176,41.00019732],[-108.7400334,41.00009011],[-108.7506472,41.00019732],[-108.7765922,41.00009011],[-108.7924593,41.00019732],[-108.8497097,41.00009011],[-108.8537837,40.9999829],[-108.8594659,41.00009011],[-108.8841243,41.00009011],[-109.0005549,41.00051896],[-109.0249989,41.00041175],[-109.0500862,41.00062617],[-109.049979,40.9979459],[-109.0490141,40.87497546],[-109.0491213,40.87293846],[-109.0486924,40.86457604],[-109.0489069,40.86200299],[-109.0487996,40.83777341],[-109.048478,40.83209126],[-109.048478,40.82608747],[-109.0486924,40.78266722],[-109.0487996,40.74996801],[-109.0491213,40.71448134],[-109.0490141,40.6844624],[-109.0482636,40.65530114],[-109.0480492,40.61927841],[-109.0487996,40.57821679],[-109.0500862,40.54047869],[-109.049979,40.53994264],[-109.0500862,40.51957265],[-109.0507294,40.49995312],[-109.0503006,40.49512865],[-109.0509439,40.44441809],[-109.0508366,40.37494568],[-109.0509439,40.25154639],[-109.0508366,40.22270677],[-109.0454761,40.22270677],[-109.0417237,40.22259956],[-109.0276792,40.22259956],[-109.0269287,40.22270677],[-109.0006621,40.22249235],[-108.9633529,40.22259956],[-108.8756547,40.22281398],[-108.7506472,40.22281398],[-108.707227,40.22270677],[-108.6882507,40.22249235],[-108.5353685,40.22238514],[-108.5006323,40.22238514],[-108.372087,40.22206351],[-108.159703,40.22163466],[-108.1257172,40.22174187],[-108.12561,40.22163466],[-108.0119669,40.22206351],[-108.0006026,40.22227793],[-107.9951348,40.22217072],[-107.9912753,40.22238514],[-107.9423873,40.22206351],[-107.8755951,40.22238514],[-107.8600496,40.22238514],[-107.8416094,40.22249235],[-107.8397868,40.22249235],[-107.8096607,40.22259956],[-107.8081597,40.22270677],[-107.7885402,40.22270677],[-107.7801778,40.22249235],[-107.7635601,40.22259956],[-107.7630241,40.22367166],[-107.7535896,40.22388608],[-107.7454416,40.22345724],[-107.7193894,40.22356445],[-107.6793999,40.22356445],[-107.6687861,40.22335003],[-107.653991,40.22345724],[-107.653991,40.22431493],[-107.6340499,40.2241005],[-107.6255802,40.22420772],[-107.613251,40.2241005],[-107.6120717,40.22367166],[-107.6033877,40.22313561],[-107.5836609,40.22249235],[-107.5564295,40.22206351],[-107.5250168,40.22120582],[-107.5066838,40.22045535],[-107.5005728,40.22045535],[-107.4956411,40.22002651],[-107.4505055,40.22045535],[-107.4393556,40.22045535],[-107.4393556,40.22335003],[-107.4394628,40.24736518],[-107.4401061,40.24993824],[-107.4424647,40.30847517],[-107.4425719,40.33474174],[-107.4320653,40.33484895],[-107.4311004,40.37494568],[-107.4312076,40.37580336],[-107.429385,40.44077293],[-107.4290634,40.4445253],[-107.4285273,40.46971976],[-107.4284201,40.48022639],[-107.4285273,40.48494365],[-107.4285273,40.49995312],[-107.428849,40.54219406],[-107.3712769,40.54240848],[-107.3713841,40.57006879],[-107.3777096,40.56824621],[-107.3783528,40.56835342],[-107.3713841,40.580361],[-107.3714913,40.60030215],[-107.3141337,40.60030215],[-107.3142409,40.62496057],[-107.3133833,40.6864994],[-107.3135977,40.6936825],[-107.3164924,40.87497546],[-107.3178861,40.99858917],[-107.3177789,41.00287759]]]},"properties":{"name":"Moffat=MOF","type":"county"}},
{"type":"Feature","geometry":{"type":"Polygon","coordinates":[[[-109.0434391,37.48465777],[-109.0440824,37.48079819],[-109.0436535,37.47833235],[-109.0457977,37.37498143],[-109.0457977,37.32684391],[-109.0460122,37.24997398],[-109.0455833,37.24933072],[-109.0454761,37.21974062],[-109.0449401,37.21791804],[-109.0454761,37.21759641],[-109.0454761,37.21084215],[-109.0460122,37.20183647],[-109.0460122,37.17728526],[-109.0452617,37.11853391],[-109.0451545,37.11167244],[-109.0452617,37.09333944],[-109.0451545,37.09269618],[-109.0450473,37.08647797],[-109.0450473,37.07468482],[-109.0451545,37.07275503],[-109.0452617,37.0234382],[-109.0454761,36.9999591],[-109.0452617,36.99910141],[-108.9515597,36.99888699],[-108.8756547,36.99888699],[-108.8264451,36.9989942],[-108.7920305,36.99888699],[-108.737782,36.99888699],[-108.6256398,36.99910141],[-108.6202793,36.99931583],[-108.6191,36.99920862],[-108.5006323,36.99931583],[-108.5002035,36.99920862],[-108.48112,36.99931583],[-108.3791628,36.99953025],[-108.3810926,37.00146004],[-108.3795917,37.00414031],[-108.378198,37.00564125],[-108.3762682,37.00682057],[-108.3770186,37.00724941],[-108.3772331,37.00928641],[-108.376697,37.00992967],[-108.376697,37.01185946],[-108.3747672,37.01368204],[-108.3750888,37.01561183],[-108.3740167,37.01657672],[-108.3743384,37.01797046],[-108.3732663,37.01872093],[-108.3728374,37.02000746],[-108.3719797,37.02022188],[-108.3717653,37.02118677],[-108.3733735,37.02472472],[-108.3725158,37.02579683],[-108.3723014,37.02847709],[-108.3717653,37.02912035],[-108.3689779,37.02890593],[-108.3676913,37.02847709],[-108.3658687,37.02826267],[-108.3617947,37.02686893],[-108.3600794,37.02676172],[-108.3589001,37.02590404],[-108.3553621,37.02558241],[-108.3564342,37.02751219],[-108.3564342,37.02836988],[-108.3550405,37.03115735],[-108.3531107,37.03255109],[-108.3528963,37.03330156],[-108.3548261,37.03480251],[-108.3551477,37.03555298],[-108.3543972,37.03887651],[-108.3530035,37.03909093],[-108.3505376,37.04069909],[-108.3497872,37.04262888],[-108.3472141,37.0459524],[-108.3469997,37.04777498],[-108.3457132,37.04841824],[-108.3430329,37.04873987],[-108.3412103,37.05099129],[-108.3392805,37.05195619],[-108.3373508,37.05227782],[-108.3347777,37.05420761],[-108.3342416,37.05581577],[-108.3346705,37.0572095],[-108.3342416,37.0581744],[-108.3346705,37.05978256],[-108.333384,37.06074745],[-108.3344561,37.06278445],[-108.3343489,37.06460703],[-108.3334912,37.06557192],[-108.3331695,37.0673945],[-108.3304893,37.06782334],[-108.3290955,37.0683594],[-108.3282379,37.06910987],[-108.3277018,37.07125408],[-108.3280234,37.07200455],[-108.3301676,37.07447039],[-108.3282379,37.07564971],[-108.3268441,37.07543529],[-108.3256648,37.07618576],[-108.3258792,37.07800834],[-108.3267369,37.07908045],[-108.3256648,37.07950929],[-108.3240567,37.08122466],[-108.3251288,37.08326166],[-108.3245927,37.08444097],[-108.3236278,37.08519144],[-108.3233062,37.0877645],[-108.3224485,37.08872939],[-108.3223413,37.0898015],[-108.3230918,37.09076639],[-108.3221269,37.09248176],[-108.3221269,37.09344665],[-108.3206259,37.09548365],[-108.3210548,37.09709181],[-108.3188033,37.09719902],[-108.3173024,37.09752065],[-108.3168735,37.09912881],[-108.3162303,37.09987928],[-108.3166591,37.10234512],[-108.3146221,37.10406049],[-108.3127995,37.10406049],[-108.3105481,37.10459654],[-108.3101193,37.10545423],[-108.3103337,37.10738402],[-108.3111914,37.10888496],[-108.3111914,37.10984986],[-108.3096904,37.11113639],[-108.3097977,37.11285175],[-108.3114058,37.11413828],[-108.3118347,37.11681854],[-108.3095832,37.11982044],[-108.3110842,37.12314396],[-108.310977,37.12421607],[-108.3095832,37.12496654],[-108.3096904,37.12732517],[-108.3104409,37.12850449],[-108.3097977,37.13000543],[-108.3072246,37.13182801],[-108.3050804,37.13461549],[-108.3041155,37.13547317],[-108.3026146,37.13568759],[-108.3015424,37.13643806],[-108.3008992,37.13879669],[-108.2942521,37.14447885],[-108.2925368,37.14533654],[-108.2904998,37.1459798],[-108.2901781,37.14694469],[-108.2912502,37.14930332],[-108.2901781,37.15219801],[-108.2901781,37.15423501],[-108.2918935,37.15605759],[-108.2943593,37.15712969],[-108.2960747,37.15841622],[-108.2957531,37.15970274],[-108.2939305,37.16238301],[-108.2936089,37.16356232],[-108.2940377,37.16474164],[-108.2958603,37.16710027],[-108.2974684,37.17117427],[-108.2973612,37.17213916],[-108.2954314,37.17535548],[-108.2951098,37.17771411],[-108.2945738,37.18017995],[-108.2945738,37.18189532],[-108.2959675,37.186827],[-108.2957531,37.19004331],[-108.2938233,37.19250916],[-108.2928584,37.19433173],[-108.292644,37.19829852],[-108.2932872,37.20001389],[-108.2928584,37.20247973],[-108.2938233,37.20333742],[-108.2948954,37.20558884],[-108.2971468,37.20751863],[-108.2974684,37.20848352],[-108.297254,37.21019889],[-108.297254,37.21320078],[-108.2959675,37.21448731],[-108.2945738,37.21534499],[-108.2937161,37.21652431],[-108.2938233,37.21738199],[-108.2922151,37.21899015],[-108.2915719,37.22027668],[-108.2916791,37.22199204],[-108.2903926,37.2236002],[-108.2894277,37.22349299],[-108.2863186,37.22477952],[-108.2847104,37.22638767],[-108.2832095,37.22713815],[-108.2817085,37.22853188],[-108.2797787,37.22853188],[-108.2795643,37.22756699],[-108.2788138,37.22724536],[-108.276884,37.22874631],[-108.2755975,37.22917515],[-108.2745254,37.22906794],[-108.2708802,37.22928236],[-108.2689505,37.23024725],[-108.2677711,37.23196262],[-108.2676639,37.23314194],[-108.2664846,37.2337852],[-108.2648765,37.23389241],[-108.2614457,37.23507173],[-108.2613385,37.23667988],[-108.2603736,37.23807362],[-108.260052,37.23925293],[-108.2576934,37.24032504],[-108.2560852,37.24279088],[-108.255978,37.24364857],[-108.2541554,37.24439904],[-108.25244,37.24557835],[-108.2506175,37.24632883],[-108.2502958,37.24825862],[-108.2494381,37.24975956],[-108.2482588,37.24933072],[-108.2472939,37.24986677],[-108.2467579,37.25233262],[-108.2466507,37.25501288],[-108.2450425,37.25758593],[-108.244292,37.25812198],[-108.2424695,37.26155272],[-108.2398964,37.26198156],[-108.2386099,37.26273203],[-108.2374306,37.26702045],[-108.2374306,37.26916466],[-108.2371089,37.27045119],[-108.2362513,37.27195214],[-108.2352864,37.2725954],[-108.2348575,37.27473961],[-108.233571,37.27570451],[-108.2324989,37.27559729],[-108.2309979,37.27645498],[-108.2286393,37.27699103],[-108.2273528,37.27817035],[-108.2269239,37.28052898],[-108.227996,37.28192271],[-108.22746,37.28353087],[-108.2264951,37.28449577],[-108.2256374,37.28631834],[-108.2242437,37.28696161],[-108.221885,37.28739045],[-108.2202769,37.28696161],[-108.2195264,37.28814092],[-108.2197408,37.29071398],[-108.2189904,37.29210771],[-108.2194192,37.29382308],[-108.2180255,37.29725382],[-108.2169534,37.29768266],[-108.213737,37.2981115],[-108.2124505,37.3001485],[-108.2124505,37.30175666],[-108.2130938,37.3032576],[-108.2160957,37.30550902],[-108.2165245,37.3062595],[-108.2164173,37.30893976],[-108.2168461,37.31001187],[-108.2165245,37.31162002],[-108.2144875,37.3123705],[-108.2136298,37.31312097],[-108.2138443,37.31451471],[-108.2120217,37.3175166],[-108.2113784,37.32051849],[-108.2105207,37.32169781],[-108.2079477,37.32330597],[-108.2052674,37.32448528],[-108.203016,37.32684391],[-108.2047314,37.32813044],[-108.2048386,37.32952418],[-108.2058035,37.33048907],[-108.2067684,37.33231165],[-108.2079477,37.33306212],[-108.2077333,37.33499191],[-108.2065539,37.33767218],[-108.2058035,37.33852986],[-108.2048386,37.34185338],[-108.2047314,37.34431923],[-108.2032304,37.34732112],[-108.2020511,37.34860765],[-108.1982987,37.35150233],[-108.1978699,37.35311049],[-108.1977627,37.35493307],[-108.1956185,37.35611238],[-108.1927238,37.35911428],[-108.1905796,37.36007917],[-108.1889714,37.36018638],[-108.1844686,37.3624378],[-108.1836109,37.36308106],[-108.1793225,37.36404596],[-108.1755701,37.36533248],[-108.1717105,37.36640459],[-108.1695663,37.36629738],[-108.1688158,37.36586854],[-108.164313,37.36233059],[-108.1616327,37.36222338],[-108.1579876,37.36383154],[-108.1571299,37.36393875],[-108.1547713,37.36297385],[-108.1524126,37.36254501],[-108.150054,37.36350991],[-108.1470521,37.36533248],[-108.1456584,37.36736948],[-108.1422276,37.36972811],[-108.1411555,37.37197954],[-108.139869,37.37305164],[-108.1371887,37.37305164],[-108.133758,37.3736949],[-108.1323643,37.3746598],[-108.1204639,37.37476701],[-108.1176764,37.37626796],[-108.1164971,37.37830496],[-108.1136024,37.38034195],[-108.1092068,37.38152127],[-108.1066338,37.38162848],[-108.1057761,37.38248616],[-108.1063121,37.38452316],[-108.1056689,37.38891879],[-108.1074914,37.39213511],[-108.1075986,37.39427932],[-108.1066338,37.3981389],[-108.1064193,37.4001759],[-108.1056689,37.40189127],[-108.1053472,37.40553642],[-108.1042751,37.40693016],[-108.1034174,37.40885995],[-108.1012732,37.41036089],[-108.0995579,37.41261232],[-108.099129,37.41539979],[-108.0978425,37.41743679],[-108.0963415,37.41818726],[-108.0948406,37.419581],[-108.0929108,37.41990263],[-108.0894801,37.42118916],[-108.0893729,37.42204684],[-108.0883008,37.42311894],[-108.0875503,37.42515594],[-108.0873359,37.427729],[-108.0860493,37.42805063],[-108.082833,37.42794342],[-108.0800455,37.42922994],[-108.08026,37.43062368],[-108.0810104,37.43244626],[-108.0805816,37.43405442],[-108.0795095,37.43534094],[-108.0790807,37.43727073],[-108.0780086,37.43887889],[-108.0765076,37.43877168],[-108.0733985,37.4389861],[-108.0692173,37.43780678],[-108.0653577,37.43845005],[-108.0637496,37.43769957],[-108.0621414,37.43748515],[-108.0589251,37.43759236],[-108.0574241,37.43812841],[-108.0551727,37.43759236],[-108.0530285,37.43748515],[-108.052278,37.43791399],[-108.0508843,37.43995099],[-108.0495978,37.4410231],[-108.0484185,37.44252405],[-108.0444517,37.44273847],[-108.0432723,37.44434662],[-108.0424147,37.44831341],[-108.0398416,37.45045762],[-108.0384479,37.45195857],[-108.0382335,37.45260183],[-108.0390911,37.45420999],[-108.0391983,37.45592536],[-108.037483,37.45903446],[-108.0348027,37.46064262],[-108.0340522,37.46343009],[-108.0331946,37.46493104],[-108.0351243,37.46814736],[-108.0364109,37.47114925],[-108.0356604,37.47340067],[-108.0346955,37.47500883],[-108.0344811,37.47683141],[-108.033945,37.4777963],[-108.0326585,37.47886841],[-108.0336234,37.48004772],[-108.0338378,37.48208472],[-108.0335162,37.48315683],[-108.0338378,37.48476498],[-108.035982,37.48572988],[-108.0366253,37.48819572],[-108.0365181,37.4910904],[-108.0353388,37.49398509],[-108.0352316,37.49634372],[-108.0345883,37.4972014],[-108.0367325,37.49998887],[-108.0379118,37.50320519],[-108.0372686,37.50524219],[-108.0356604,37.50717198],[-108.0340522,37.5084585],[-108.0314792,37.50910177],[-108.0327657,37.50995945],[-108.0340522,37.51167482],[-108.0344811,37.51317577],[-108.0337306,37.51628487],[-108.0321225,37.51800024],[-108.0336234,37.52003724],[-108.0345883,37.52228866],[-108.0345883,37.52325355],[-108.0338378,37.52571939],[-108.0337306,37.52743476],[-108.0344811,37.52957897],[-108.0349099,37.53204481],[-108.0342667,37.5329025],[-108.0328729,37.53365297],[-108.0289061,37.53622602],[-108.0254754,37.53976397],[-108.0254754,37.54115771],[-108.0240817,37.54287307],[-108.0241889,37.54491007],[-108.0235456,37.54662544],[-108.0223663,37.54748313],[-108.0215086,37.54866244],[-108.0219375,37.5513427],[-108.0202221,37.55380855],[-108.0205437,37.55648881],[-108.019686,37.55852581],[-108.021187,37.5594907],[-108.021723,37.56099165],[-108.0218302,37.56281423],[-108.0202221,37.56463681],[-108.0182923,37.56720986],[-108.0192572,37.56838917],[-108.0208654,37.57149828],[-108.0194716,37.57407133],[-108.0194716,37.57567949],[-108.0201149,37.57825254],[-108.0197932,37.5809328],[-108.0205437,37.58254096],[-108.019686,37.58489959],[-108.021187,37.58822312],[-108.0230096,37.59101059],[-108.0224735,37.59143943],[-108.0174346,37.59176106],[-108.0166841,37.59251154],[-108.0164697,37.59390527],[-108.0168986,37.59540622],[-108.0158265,37.5962639],[-108.015076,37.59572785],[-108.0138967,37.59647833],[-108.0141111,37.59905138],[-108.015076,37.59958743],[-108.0155048,37.60087396],[-108.0144327,37.60258932],[-108.0144327,37.60355422],[-108.0133606,37.60473353],[-108.0120741,37.60473353],[-108.0101443,37.60569843],[-108.0081073,37.60569843],[-108.0058559,37.60591285],[-108.0052126,37.60730659],[-108.0037117,37.60934359],[-108.0023179,37.61020127],[-108.0016747,37.61105895],[-108.0012458,37.61406085],[-108.0006026,37.6145969],[-107.99878,37.61427527],[-107.9960997,37.61470411],[-107.9944916,37.61577622],[-107.993205,37.61942137],[-107.9913825,37.62038627],[-107.9908464,37.62188721],[-107.9890238,37.62456748],[-107.9878445,37.6247819],[-107.9840922,37.6268189],[-107.9831273,37.62799821],[-107.9821624,37.62842705],[-107.9792677,37.62896311],[-107.9747648,37.62960637],[-107.9750865,37.63132174],[-107.974872,37.63389479],[-107.972835,37.63668226],[-107.9734783,37.63786158],[-107.9731567,37.63882647],[-107.9689755,37.64022021],[-107.9719774,37.63957695],[-108.007464,37.63925532],[-108.0489545,37.63904089],[-108.0581746,37.63904089],[-108.0664298,37.63893368],[-108.1080275,37.63871926],[-108.12561,37.638076],[-108.1404051,37.63678947],[-108.1612039,37.63528853],[-108.1944392,37.634002],[-108.2268167,37.63325153],[-108.2506175,37.63282269],[-108.3091544,37.63228663],[-108.3635101,37.631965],[-108.3756249,37.63207221],[-108.3918137,37.63207221],[-108.4083241,37.63185779],[-108.4104683,37.631965],[-108.4172226,37.63250105],[-108.4239768,37.63271547],[-108.4445613,37.63282269],[-108.4576409,37.63250105],[-108.48112,37.63250105],[-108.6098798,37.63271547],[-108.6256398,37.63260826],[-108.6465458,37.63271547],[-108.6660582,37.63314432],[-108.6660582,37.63153616],[-108.6940401,37.63153616],[-108.7972838,37.631965],[-108.8368445,37.63185779],[-108.8571073,37.631965],[-108.8756547,37.63217942],[-108.9170379,37.63185779],[-108.9228273,37.62499632],[-108.9758965,37.56302865],[-109.0083813,37.52529055],[-109.0252133,37.50449172],[-109.0295018,37.49998887],[-109.0391507,37.48883898],[-109.0411877,37.48723082],[-109.0434391,37.48465777]]]},"properties":{"name":"Montezuma=MON","type":"county"}},
{"type":"Feature","geometry":{"type":"Polygon","coordinates":[[[-109.0599495,38.49994122],[-109.0602712,38.49329417],[-109.060164,38.33204958],[-109.066811,38.33558752],[-109.0600567,38.33065584],[-109.0600567,38.27544243],[-109.05609,38.2536787],[-109.0555539,38.25099844],[-109.0417237,38.16469398],[-109.0420454,38.15300804],[-109.0416165,38.15300804],[-108.9985179,38.15343688],[-108.9885473,38.15343688],[-108.9795417,38.1536513],[-108.9660331,38.15343688],[-108.9494155,38.15354409],[-108.9421252,38.15375851],[-108.9293671,38.15354409],[-108.9167163,38.15332967],[-108.9067457,38.15332967],[-108.9067457,38.15493783],[-108.8806936,38.15397293],[-108.8756547,38.15418735],[-108.8590371,38.15386572],[-108.8363084,38.15386572],[-108.8215134,38.1536513],[-108.7783075,38.15322246],[-108.7506472,38.15343688],[-108.741856,38.15311525],[-108.723523,38.15311525],[-108.7050828,38.15322246],[-108.6866426,38.15300804],[-108.6523352,38.15311525],[-108.6316436,38.15311525],[-108.6256398,38.15332967],[-108.6059131,38.15300804],[-108.5395498,38.15268641],[-108.5215384,38.15332967],[-108.5006323,38.15322246],[-108.4455261,38.15332967],[-108.4370565,38.15322246],[-108.4148639,38.15322246],[-108.3898839,38.15300804],[-108.3876325,38.15300804],[-108.3751961,38.15279362],[-108.3149438,38.15247199],[-108.2880339,38.1525792],[-108.2506175,38.15279362],[-108.2497598,38.1525792],[-108.1701024,38.15225756],[-108.1361166,38.15268641],[-108.12561,38.15268641],[-108.1182125,38.15225756],[-108.1130664,38.15225756],[-108.0609621,38.15247199],[-108.0388767,38.15268641],[-108.0210798,38.1525792],[-108.0113236,38.15268641],[-108.0006026,38.15247199],[-107.9657592,38.15236478],[-107.9469973,38.15247199],[-107.9477478,38.17380688],[-107.9380988,38.17391409],[-107.9375628,38.2189425],[-107.9469973,38.2189425],[-107.9471045,38.22644723],[-107.9654375,38.22655444],[-107.9654375,38.23405918],[-107.9841994,38.23395197],[-107.9840922,38.24842538],[-108.011538,38.24821096],[-108.011538,38.25528686],[-108.0865854,38.25517965],[-108.0872287,38.26257717],[-108.086371,38.2843409],[-108.1041679,38.28412648],[-108.1048112,38.31371658],[-108.1232514,38.31360937],[-108.1236802,38.32089968],[-108.131721,38.32079247],[-108.1323643,38.33162073],[-108.1053472,38.33204958],[-108.0729697,38.33204958],[-108.0593539,38.33194237],[-108.0116453,38.33194237],[-108.0006026,38.33247842],[-107.8755951,38.33280005],[-107.8665894,38.33215679],[-107.7364359,38.332264],[-107.7276446,38.33237121],[-107.7187462,38.33215679],[-107.6644976,38.33215679],[-107.635658,38.33215679],[-107.6354436,38.33097747],[-107.633621,38.32990537],[-107.6323345,38.32690347],[-107.6309408,38.32572416],[-107.6322273,38.32368716],[-107.6335138,38.32250784],[-107.6337282,38.32047084],[-107.6357652,38.31821942],[-107.6365157,38.31628963],[-107.6357652,38.31468147],[-107.6353364,38.31210842],[-107.6348003,38.31114353],[-107.6329778,38.30953537],[-107.6337282,38.30642627],[-107.6350148,38.30396042],[-107.6350148,38.30192342],[-107.5000367,38.30192342],[-107.5001439,38.36410552],[-107.5002512,38.38083035],[-107.5003584,38.43261303],[-107.5005728,38.43314908],[-107.50068,38.66858334],[-107.7491939,38.66826171],[-107.7512309,38.66804729],[-107.7781408,38.66794008],[-107.8530809,38.6681545],[-107.8926416,38.6681545],[-107.9988872,38.66847613],[-108.0040333,38.66836892],[-108.0595683,38.66836892],[-108.1143529,38.66858334],[-108.1330075,38.66836892],[-108.1501612,38.66847613],[-108.2611241,38.66836892],[-108.378734,38.66804729],[-108.3786268,38.50219264],[-108.3791628,38.49994122],[-109.0599495,38.49994122]]]},"properties":{"name":"Montrose=MOT","type":"county"}},
{"type":"Feature","geometry":{"type":"Polygon","coordinates":[[[-103.7057499,40.00131708],[-103.6583628,40.00110266],[-103.6298448,40.00110266],[-103.6296304,40.00142429],[-103.5960735,40.00131708],[-103.5858885,40.00142429],[-103.5841732,40.00131708],[-103.5777405,40.00163871],[-103.5669123,40.00120987],[-103.5661618,40.00142429],[-103.4893991,40.00142429],[-103.472031,40.0015315],[-103.4721382,40.03069276],[-103.4721382,40.04527339],[-103.4722454,40.0596396],[-103.4721382,40.08847922],[-103.4732103,40.14669452],[-103.4734247,40.14755221],[-103.4735319,40.15173342],[-103.4733175,40.15677231],[-103.4735319,40.16663568],[-103.4734247,40.18228841],[-103.4732103,40.19386714],[-103.4723526,40.22720961],[-103.472567,40.23310619],[-103.472567,40.23868113],[-103.4722454,40.24232629],[-103.4723526,40.24511376],[-103.4718166,40.24993824],[-103.4709589,40.33270474],[-103.4711733,40.33334801],[-103.4709589,40.34975121],[-103.4646335,40.34996563],[-103.4647407,40.35489732],[-103.464419,40.40410694],[-103.4646335,40.40818094],[-103.4646335,40.41043236],[-103.4653839,40.4363773],[-103.4652767,40.45749777],[-103.46592,40.45846266],[-103.4660272,40.46543134],[-103.46592,40.47261445],[-103.4663488,40.47979755],[-103.466456,40.48708786],[-103.4665633,40.48730229],[-103.4665633,40.49427097],[-103.4672065,40.5232178],[-103.4860756,40.5232178],[-103.4911145,40.5232178],[-103.4930442,40.52311059],[-103.5026932,40.52332501],[-103.5432188,40.52343222],[-103.5816001,40.5232178],[-103.5818145,40.52332501],[-103.6011124,40.52311059],[-103.6144065,40.52278896],[-103.6390649,40.52257454],[-103.6582556,40.52236012],[-103.6613647,40.5221457],[-103.6731579,40.5221457],[-103.6753021,40.52203849],[-103.6952433,40.52203849],[-103.6958865,40.52193128],[-103.7147556,40.52236012],[-103.7150772,40.5221457],[-103.7242973,40.52236012],[-103.7504567,40.52332501],[-103.7529225,40.5232178],[-103.8129604,40.52396828],[-103.8323655,40.52396828],[-103.9179195,40.52375386],[-103.9509403,40.52375386],[-103.9583378,40.52396828],[-103.9857837,40.5241827],[-104.0025085,40.52439712],[-104.078628,40.52428991],[-104.147886,40.52439712],[-104.1470283,40.47079187],[-104.146385,40.43787824],[-104.1469211,40.40925304],[-104.1471355,40.4006762],[-104.1473499,40.37977015],[-104.1472427,40.374088],[-104.1475644,40.35114495],[-104.1474571,40.35028726],[-104.150459,40.35028726],[-104.1505663,40.34749979],[-104.1502446,40.31866017],[-104.149923,40.24993824],[-104.1501374,40.24993824],[-104.1502446,40.24457771],[-104.1501374,40.23964603],[-104.1503518,40.23214129],[-104.1502446,40.23010429],[-104.1501374,40.19794114],[-104.149923,40.18196678],[-104.1500302,40.18003699],[-104.1500302,40.17467646],[-104.1498158,40.17456925],[-104.1500302,40.15687952],[-104.1500302,40.15173342],[-104.150459,40.15119736],[-104.1500302,40.15023247],[-104.1502446,40.12493079],[-104.1501374,40.12493079],[-104.1503518,40.00088824],[-104.0770198,40.00099545],[-104.0639402,40.00110266],[-104.0379952,40.00099545],[-104.0371375,40.00110266],[-104.0004715,40.00110266],[-104.0004715,40.00120987],[-103.8677449,40.00120987],[-103.8638854,40.0015315],[-103.8614195,40.00120987],[-103.7405933,40.00131708],[-103.7336246,40.00131708],[-103.729765,40.00120987],[-103.7167926,40.00142429],[-103.7057499,40.00131708]]]},"properties":{"name":"Morgan=MOR","type":"county"}},
{"type":"Feature","geometry":{"type":"Polygon","coordinates":[[[-104.0611527,37.73467266],[-104.0593301,37.73413661],[-104.0581508,37.64407979],[-104.0004715,37.64407979],[-103.9921091,37.64386537],[-103.8754641,37.64440142],[-103.8571311,37.64483026],[-103.8552013,37.64472305],[-103.8333304,37.64472305],[-103.7507783,37.64365095],[-103.7504567,37.64354374],[-103.6254492,37.64397258],[-103.5623022,37.64354374],[-103.5126638,37.64311489],[-103.500549,37.64290047],[-103.4853251,37.64354374],[-103.4517682,37.64375816],[-103.4043812,37.64354374],[-103.4043812,37.65823157],[-103.4039523,37.66294884],[-103.4039523,37.67313383],[-103.4041667,37.67495641],[-103.4040595,37.67699341],[-103.4043812,37.68685678],[-103.4038451,37.70165183],[-103.4036307,37.73435103],[-103.4034163,37.75000376],[-103.4036307,37.82279969],[-103.3998783,37.82279969],[-103.3998783,37.87501121],[-103.3997711,37.89956241],[-103.3991278,37.94019519],[-103.3980557,37.9606724],[-103.3983774,37.98179287],[-103.3990206,37.99058413],[-103.3988062,37.9943365],[-103.398699,38.01191902],[-103.3988062,38.01395602],[-103.398699,38.02242565],[-103.3985918,38.03818559],[-103.398699,38.03990096],[-103.3985918,38.04622638],[-103.398699,38.05523206],[-103.3985918,38.05533927],[-103.398699,38.08460774],[-103.3988062,38.09897395],[-103.3988062,38.10647868],[-103.398699,38.1066931],[-103.3985918,38.11451947],[-103.3990206,38.12170257],[-103.3988062,38.1250261],[-103.3988062,38.13306689],[-103.3995567,38.24113507],[-103.3998783,38.25003354],[-103.3999855,38.26547185],[-103.4098489,38.26547185],[-103.410385,38.26525743],[-103.4177825,38.26525743],[-103.4183185,38.26515022],[-103.4301117,38.26515022],[-103.4372948,38.26504301],[-103.5017283,38.26504301],[-103.5100907,38.26515022],[-103.5098763,38.2638637],[-103.5096619,38.23212939],[-103.5095547,38.23084286],[-103.5096619,38.22537513],[-103.5093402,38.17252035],[-103.5595148,38.17262756],[-103.5603724,38.17273477],[-103.5832083,38.17273477],[-103.6011124,38.17176988],[-103.619231,38.17144824],[-103.6190166,38.14314467],[-103.6191238,38.11334015],[-103.6736939,38.11291131],[-103.7013543,38.11312573],[-103.747562,38.11312573],[-103.7506711,38.11323294],[-103.7692185,38.11291131],[-103.7913039,38.11248247],[-103.8029898,38.11248247],[-103.8050268,38.11462668],[-103.8072782,38.11644926],[-103.8098513,38.11752136],[-103.8118883,38.11784299],[-103.8138181,38.11741415],[-103.8186425,38.1148411],[-103.8218589,38.11355457],[-103.8244319,38.11301852],[-103.8259329,38.11301852],[-103.8287203,38.11441226],[-103.8314006,38.11419784],[-103.8334376,38.11355457],[-103.8355818,38.11334015],[-103.837726,38.11419784],[-103.8404063,38.11612763],[-103.8416928,38.11730694],[-103.8445875,38.12084489],[-103.8461956,38.12341794],[-103.8503768,38.1250261],[-103.8550941,38.12545494],[-103.8564878,38.12513331],[-103.8583104,38.12545494],[-103.8602402,38.1260982],[-103.8634565,38.12802799],[-103.866244,38.12877846],[-103.8687098,38.12877846],[-103.8709613,38.12781357],[-103.8732127,38.12631262],[-103.8780372,38.12459726],[-103.8837193,38.12459726],[-103.8868284,38.12524052],[-103.8887582,38.12545494],[-103.8925106,38.12524052],[-103.8957269,38.12470447],[-103.9006586,38.12545494],[-103.9003369,38.12727752],[-103.8990504,38.12845683],[-103.8985144,38.1311371],[-103.9002297,38.13295967],[-103.9020523,38.13392457],[-103.9043037,38.1342462],[-103.9060191,38.13488946],[-103.9079489,38.13456783],[-103.9125589,38.13435341],[-103.913095,38.13360294],[-103.9135238,38.13167315],[-103.9117013,38.12985057],[-103.9108436,38.12792078],[-103.9109508,38.12652704],[-103.9143815,38.12481168],[-103.9163113,38.12470447],[-103.9186699,38.12556215],[-103.9199565,38.12749194],[-103.9201709,38.12931452],[-103.9233872,38.13038662],[-103.9259603,38.12963615],[-103.9290694,38.12727752],[-103.9301415,38.1250261],[-103.9328217,38.12438283],[-103.934001,38.12438283],[-103.9404337,38.12588378],[-103.9446149,38.12663425],[-103.94826,38.1281352],[-103.9512619,38.1301722],[-103.9549071,38.13081546],[-103.9601604,38.13038662],[-103.9668075,38.13167315],[-103.9700238,38.13156594],[-103.9744194,38.13210199],[-103.9764564,38.13295967],[-103.9769925,38.13435341],[-103.9740978,38.13864183],[-103.9749555,38.1403572],[-103.9777429,38.14110767],[-103.9807448,38.14057162],[-103.9841756,38.14089325],[-103.9876063,38.14282304],[-103.9912514,38.14539609],[-103.9932884,38.14636099],[-103.9946822,38.14668262],[-103.9983273,38.14625378],[-103.999185,38.14582493],[-104.0009004,38.1434663],[-104.0025085,38.14282304],[-104.0050816,38.14357351],[-104.0077619,38.1455033],[-104.0102277,38.14571772],[-104.0118359,38.14496725],[-104.0150522,38.14282304],[-104.0178397,38.14207257],[-104.0194478,38.14185815],[-104.0221281,38.14100046],[-104.0279174,38.14046441],[-104.0331708,38.14057162],[-104.0361726,38.1414293],[-104.043999,38.14164373],[-104.0470009,38.1414293],[-104.0479658,38.14528888],[-104.0491451,38.14625378],[-104.0504316,38.14657541],[-104.0560066,38.14603936],[-104.058258,38.1464682],[-104.0580436,38.1414293],[-104.0586869,38.1148411],[-104.0587941,38.10519215],[-104.0590085,38.10369121],[-104.0591157,38.07624532],[-104.0594373,38.05437438],[-104.0595445,37.99658792],[-104.0593301,37.99079855],[-104.0594373,37.97975587],[-104.0593301,37.9586354],[-104.0593301,37.87501121],[-104.0600806,37.82301411],[-104.0619032,37.82269248],[-104.0621176,37.79213749],[-104.0616887,37.76308344],[-104.0616887,37.75000376],[-104.0611527,37.73467266]]]},"properties":{"name":"Otero=OTE","type":"county"}},
{"type":"Feature","geometry":{"type":"Polygon","coordinates":[[[-107.6350148,38.30192342],[-107.6350148,38.30396042],[-107.6337282,38.30642627],[-107.6329778,38.30953537],[-107.6348003,38.31114353],[-107.6353364,38.31210842],[-107.6357652,38.31468147],[-107.6365157,38.31628963],[-107.6357652,38.31821942],[-107.6337282,38.32047084],[-107.6335138,38.32250784],[-107.6322273,38.32368716],[-107.6309408,38.32572416],[-107.6323345,38.32690347],[-107.633621,38.32990537],[-107.6354436,38.33097747],[-107.635658,38.33215679],[-107.6644976,38.33215679],[-107.7187462,38.33215679],[-107.7276446,38.33237121],[-107.7364359,38.332264],[-107.8665894,38.33215679],[-107.8755951,38.33280005],[-108.0006026,38.33247842],[-108.0116453,38.33194237],[-108.0593539,38.33194237],[-108.0729697,38.33204958],[-108.1053472,38.33204958],[-108.1323643,38.33162073],[-108.131721,38.32079247],[-108.1236802,38.32089968],[-108.1232514,38.31360937],[-108.1048112,38.31371658],[-108.1041679,38.28412648],[-108.086371,38.2843409],[-108.0872287,38.26257717],[-108.0865854,38.25517965],[-108.011538,38.25528686],[-108.011538,38.24821096],[-107.9840922,38.24842538],[-107.9841994,38.23395197],[-107.9654375,38.23405918],[-107.9654375,38.22655444],[-107.9471045,38.22644723],[-107.9469973,38.2189425],[-107.9375628,38.2189425],[-107.9380988,38.17391409],[-107.9477478,38.17380688],[-107.9469973,38.15247199],[-107.9657592,38.15236478],[-107.9654375,38.14486004],[-107.9517146,38.14496725],[-107.9515002,38.1250261],[-107.9516074,38.11612763],[-107.9311302,38.1159132],[-107.8914623,38.1159132],[-107.8915695,38.10797963],[-107.8915695,38.10133258],[-107.8925344,38.10133258],[-107.8921055,38.08696637],[-107.8967156,38.08685916],[-107.8929632,38.07249295],[-107.8934993,38.0606998],[-107.8938209,38.0576979],[-107.8919983,38.05780511],[-107.8921055,38.05576811],[-107.8918911,38.05233738],[-107.8919983,38.05137248],[-107.8913551,38.04869222],[-107.8904974,38.04762012],[-107.888246,38.04579754],[-107.8884604,38.04483264],[-107.8917839,38.04354612],[-107.892856,38.04268843],[-107.8932849,38.04161633],[-107.8931776,38.03915049],[-107.8955363,38.03636301],[-107.8966084,38.03475486],[-107.896394,38.03228901],[-107.8967156,38.03164575],[-107.8987526,38.02939433],[-107.9001463,38.02628523],[-107.8998247,38.02585638],[-107.896394,38.02542754],[-107.8952146,38.02574917],[-107.8926416,38.02510591],[-107.8913551,38.02510591],[-107.890819,38.02349775],[-107.8913551,38.02253286],[-107.8904974,38.0209247],[-107.8906046,38.02038865],[-107.8893181,38.01760118],[-107.8899613,38.01567139],[-107.8910334,38.01459928],[-107.8910334,38.01352718],[-107.8897469,38.01159739],[-107.8888892,38.01127576],[-107.8864234,38.00923876],[-107.8833143,38.00741618],[-107.8807412,38.0076306],[-107.8787042,38.00827386],[-107.8749519,38.00688012],[-107.8735581,38.00677291],[-107.8723788,38.00730897],[-107.8714139,38.00720176],[-107.8679832,38.00752339],[-107.8659462,38.00805944],[-107.8624082,38.00945318],[-107.8610145,38.00880991],[-107.8573693,38.00838107],[-107.8557612,38.0087027],[-107.8517944,38.00827386],[-107.8491141,38.00859549],[-107.846005,38.00698734],[-107.8445041,38.00591523],[-107.8422527,38.00580802],[-107.841395,38.00291334],[-107.8415022,38.00109076],[-107.8423599,38.00001865],[-107.8448257,37.99851771],[-107.8477204,37.99755281],[-107.8493286,37.99444371],[-107.8491141,37.99262113],[-107.8431103,37.99165623],[-107.8381787,37.99240671],[-107.8360344,37.99219229],[-107.8347479,37.9913346],[-107.8327109,37.99069134],[-107.8298162,37.98897597],[-107.8259567,37.98865434],[-107.8248846,37.98811829],[-107.8219899,37.98865434],[-107.8213466,37.98919039],[-107.819524,37.98972644],[-107.816951,37.98919039],[-107.8155572,37.98940481],[-107.8142707,37.99069134],[-107.8111616,37.99004808],[-107.8097679,37.99015529],[-107.8080525,37.9892976],[-107.8045146,37.98865434],[-107.8027992,37.9872606],[-107.8016199,37.98693897],[-107.7996901,37.9882255],[-107.7955089,37.98854713],[-107.7932575,37.98640292],[-107.7932575,37.98533081],[-107.7917565,37.98232892],[-107.7888618,37.98061355],[-107.7868248,37.97846934],[-107.7870392,37.97718282],[-107.7891835,37.97525303],[-107.7868248,37.97300161],[-107.7853239,37.97096461],[-107.7845734,37.96860598],[-107.7836085,37.9667834],[-107.7824292,37.96571129],[-107.7815715,37.96324545],[-107.7803922,37.96185171],[-107.7786768,37.96099403],[-107.7761038,37.96195892],[-107.7738524,37.96206614],[-107.7713865,37.96163729],[-107.7693495,37.96195892],[-107.7682774,37.96142287],[-107.7658116,37.96099403],[-107.7635601,37.95917145],[-107.7621664,37.9597075],[-107.7608799,37.95960029],[-107.7588429,37.95831377],[-107.7560554,37.95488303],[-107.7540184,37.95423977],[-107.7488723,37.95316766],[-107.7473714,37.95027298],[-107.7458704,37.94877203],[-107.7443695,37.94577014],[-107.7444767,37.94523409],[-107.7439406,37.94201777],[-107.7424397,37.94040961],[-107.7391162,37.9392303],[-107.7385801,37.9382654],[-107.7383657,37.93526351],[-107.7360071,37.93226162],[-107.7341845,37.93129672],[-107.7327907,37.9300102],[-107.7333268,37.92690109],[-107.7355782,37.92486409],[-107.7333268,37.92207662],[-107.733434,37.91993241],[-107.737508,37.91768099],[-107.7370792,37.91703772],[-107.7369719,37.91457188],[-107.7362215,37.91296373],[-107.7351494,37.91124836],[-107.7351494,37.91049788],[-107.7363287,37.90953299],[-107.7366503,37.90771041],[-107.7382585,37.90545899],[-107.7366503,37.90460131],[-107.7325763,37.90427968],[-107.7295744,37.90267152],[-107.7281807,37.90138499],[-107.7265725,37.90063452],[-107.7244283,37.89881194],[-107.723249,37.89881194],[-107.7224985,37.89806147],[-107.7208904,37.8974182],[-107.7194966,37.89784704],[-107.7187462,37.89720378],[-107.716602,37.89709657],[-107.7157443,37.89773983],[-107.7137073,37.89816868],[-107.7128496,37.89891915],[-107.7107054,37.89870473],[-107.7095261,37.89934799],[-107.7078107,37.89881194],[-107.7081323,37.89688215],[-107.7071674,37.89366584],[-107.7051304,37.89398747],[-107.7029862,37.89312978],[-107.7016997,37.89291536],[-107.7006276,37.89205768],[-107.6971968,37.89280815],[-107.6956959,37.89237931],[-107.6940877,37.89355862],[-107.6940877,37.8943091],[-107.6931229,37.89484515],[-107.6930156,37.89581005],[-107.6922652,37.89773983],[-107.6908714,37.89806147],[-107.6899065,37.89902636],[-107.6894777,37.90117057],[-107.688084,37.90181383],[-107.6842244,37.90074173],[-107.6832595,37.90095615],[-107.6805792,37.90406525],[-107.678435,37.9044941],[-107.6751115,37.90342199],[-107.6737177,37.9035292],[-107.6715735,37.90288594],[-107.6663202,37.90299315],[-107.6653553,37.90342199],[-107.6637472,37.9035292],[-107.6627823,37.90545899],[-107.661603,37.90631667],[-107.6622462,37.90771041],[-107.6612813,37.90942578],[-107.6577434,37.90803204],[-107.6566713,37.90803204],[-107.6527045,37.90888973],[-107.6516324,37.90974741],[-107.6505603,37.9096402],[-107.6494882,37.91092673],[-107.6488449,37.91296373],[-107.6472368,37.91339257],[-107.6463791,37.91532236],[-107.6468079,37.91660888],[-107.6456286,37.91757378],[-107.6413402,37.91875309],[-107.6405897,37.91939636],[-107.6379094,37.9208973],[-107.6374806,37.92357757],[-107.6382311,37.92507851],[-107.6393032,37.92582899],[-107.6400537,37.92958135],[-107.641769,37.93097509],[-107.6419834,37.93258325],[-107.6425195,37.93322651],[-107.6428411,37.93665725],[-107.6406969,37.93912309],[-107.6406969,37.94073125],[-107.641233,37.94266103],[-107.6419834,37.94373314],[-107.6409113,37.94587735],[-107.6409113,37.9473783],[-107.6427339,37.94952251],[-107.6425195,37.95123787],[-107.6428411,37.95316766],[-107.6420907,37.95531187],[-107.6399464,37.95788493],[-107.6409113,37.95927866],[-107.6403753,37.96206614],[-107.641233,37.96324545],[-107.6415546,37.96496082],[-107.6073544,37.96496082],[-107.5688659,37.96506803],[-107.5711173,37.96624734],[-107.5726182,37.96667619],[-107.5754057,37.96699782],[-107.5763706,37.96753387],[-107.5776571,37.96753387],[-107.5805518,37.96839155],[-107.5830177,37.96796271],[-107.5852691,37.96796271],[-107.5869845,37.96849877],[-107.588271,37.97032134],[-107.5873061,37.97214392],[-107.584197,37.9760035],[-107.5851619,37.97879097],[-107.5868772,37.98061355],[-107.5881638,37.98275776],[-107.5889142,37.98468755],[-107.5897719,37.98843992],[-107.5897719,37.98961923],[-107.5913801,37.9922995],[-107.5878421,37.99326439],[-107.58677,37.99380044],[-107.5865556,37.99712397],[-107.58677,37.99937539],[-107.584197,38.00012586],[-107.5815167,38.00023307],[-107.5804446,38.00055471],[-107.5793725,38.00141239],[-107.5757274,38.00387823],[-107.5743336,38.0046287],[-107.5739048,38.00634407],[-107.5695091,38.00537918],[-107.5659712,38.00516476],[-107.5644702,38.00452149],[-107.5636126,38.00366381],[-107.5621116,38.00312776],[-107.5598602,38.00109076],[-107.5565367,37.99916097],[-107.5542853,37.9994826],[-107.5523555,37.99883934],[-107.5498896,37.99830328],[-107.5486031,37.99883934],[-107.5463517,38.00087634],[-107.5453868,38.00291334],[-107.5444219,38.00366381],[-107.5433498,38.00580802],[-107.5420633,38.00677291],[-107.5400263,38.00752339],[-107.5379893,38.00891712],[-107.5380965,38.0117046],[-107.537882,38.01309833],[-107.5383109,38.01395602],[-107.539383,38.01470649],[-107.539383,38.01770839],[-107.5383109,38.01931654],[-107.5375604,38.01974539],[-107.5365955,38.02274728],[-107.537346,38.02435544],[-107.5389541,38.02532033],[-107.5398118,38.02714291],[-107.5388469,38.02821501],[-107.5368099,38.02864386],[-107.5367027,38.03057365],[-107.5375604,38.03228901],[-107.5360595,38.03368275],[-107.5344513,38.03443322],[-107.5334864,38.03561254],[-107.531771,38.03700628],[-107.5311278,38.03893606],[-107.5270538,38.03990096],[-107.5253384,38.03904328],[-107.5229798,38.04108027],[-107.5219077,38.04258122],[-107.5223365,38.04418938],[-107.5206212,38.04569033],[-107.5216933,38.04740569],[-107.5227654,38.04815617],[-107.52105,38.05223017],[-107.5219077,38.05405275],[-107.5229798,38.05533927],[-107.5222293,38.05726906],[-107.5202995,38.05759069],[-107.5187986,38.05823396],[-107.5172976,38.05780511],[-107.5159039,38.05791232],[-107.5152606,38.05844838],[-107.5114011,38.06016374],[-107.510865,38.06091422],[-107.5125804,38.06262959],[-107.5138669,38.06348727],[-107.514939,38.06498822],[-107.5153678,38.0678829],[-107.5168688,38.06970548],[-107.5205139,38.07045595],[-107.5221221,38.07174248],[-107.5243735,38.07281458],[-107.525124,38.07474437],[-107.5265177,38.07592369],[-107.5280187,38.07570927],[-107.5290908,38.07688858],[-107.5300557,38.07645974],[-107.5309134,38.07774627],[-107.5318783,38.07828232],[-107.533272,38.0801049],[-107.5360595,38.07946163],[-107.5390614,38.07978327],[-107.5415272,38.07978327],[-107.5444219,38.08074816],[-107.5472094,38.07946163],[-107.5482815,38.07871116],[-107.5503185,38.07828232],[-107.5520338,38.07903279],[-107.5535348,38.07924721],[-107.5544997,38.0801049],[-107.5555718,38.08224911],[-107.5563223,38.08289237],[-107.5573944,38.08567984],[-107.5595386,38.08718079],[-107.5601818,38.08836011],[-107.5603962,38.09061153],[-107.5598602,38.09168363],[-107.5628621,38.09532879],[-107.5646847,38.09704416],[-107.5654351,38.09886674],[-107.5641486,38.10004605],[-107.5630765,38.10047489],[-107.5622188,38.10197584],[-107.5625405,38.10315516],[-107.5621116,38.10647868],[-107.5613611,38.10733636],[-107.5615756,38.10894452],[-107.5608251,38.11055268],[-107.5620044,38.11441226],[-107.5637198,38.11644926],[-107.5642558,38.11902231],[-107.5631837,38.12320352],[-107.5637198,38.1250261],[-107.564363,38.12588378],[-107.5646847,38.12792078],[-107.5681154,38.13060104],[-107.5696164,38.13328131],[-107.5691875,38.13403178],[-107.5700452,38.13467504],[-107.5722966,38.13510388],[-107.5734759,38.13499667],[-107.5742264,38.13596157],[-107.5736904,38.13789136],[-107.5727255,38.13885625],[-107.5724038,38.14121488],[-107.5718678,38.1414293],[-107.5716534,38.14325188],[-107.5709029,38.14400236],[-107.5686515,38.14721867],[-107.5686515,38.14871962],[-107.5671505,38.14936288],[-107.5646847,38.14979172],[-107.5631837,38.15290083],[-107.5629693,38.15558109],[-107.5630765,38.15611714],[-107.5622188,38.15879741],[-107.5632909,38.16212093],[-107.5642558,38.16662377],[-107.5662928,38.16876798],[-107.5665072,38.17069777],[-107.5680082,38.17144824],[-107.5675794,38.17252035],[-107.5666145,38.17659435],[-107.5680082,38.17948903],[-107.5680082,38.18077556],[-107.5702596,38.18131161],[-107.5707957,38.18399187],[-107.5714389,38.18495677],[-107.5722966,38.18742261],[-107.572511,38.18881635],[-107.5720822,38.19010287],[-107.5721894,38.19203266],[-107.5727255,38.19299756],[-107.5726182,38.19406966],[-107.5734759,38.19482013],[-107.5732615,38.19621387],[-107.5743336,38.19674992],[-107.5743336,38.19835808],[-107.5754057,38.19943019],[-107.5751913,38.20039508],[-107.5758346,38.20275371],[-107.5752985,38.20371861],[-107.5750841,38.20564839],[-107.5750841,38.20789982],[-107.5756201,38.2098296],[-107.5774427,38.21047287],[-107.5787292,38.21197381],[-107.5809807,38.21272429],[-107.5800158,38.21411802],[-107.5799086,38.2159406],[-107.5808735,38.21808481],[-107.5795869,38.22033623],[-107.5790509,38.22269486],[-107.5803374,38.22494628],[-107.5803374,38.22644723],[-107.5799086,38.22784097],[-107.5802302,38.23084286],[-107.5819456,38.23095007],[-107.5824816,38.23255823],[-107.582696,38.23459523],[-107.5849475,38.23620339],[-107.5853763,38.23759712],[-107.586234,38.2383476],[-107.5875205,38.24027739],[-107.5866628,38.24306486],[-107.5876277,38.24520907],[-107.5885926,38.24671002],[-107.5886998,38.24928307],[-107.590308,38.25099844],[-107.5907368,38.25207054],[-107.5922378,38.25292823],[-107.5939531,38.25357149],[-107.5973839,38.25335707],[-107.6001713,38.25389312],[-107.6021011,38.25550128],[-107.6070328,38.25785991],[-107.6115357,38.2608618],[-107.612715,38.26214833],[-107.612715,38.26354207],[-107.6134654,38.26472138],[-107.6142159,38.26718722],[-107.6153952,38.2690098],[-107.614752,38.27008191],[-107.6157169,38.27147564],[-107.6170034,38.27254775],[-107.6171106,38.27544243],[-107.6191476,38.2751208],[-107.6198981,38.27522801],[-107.6231144,38.27898038],[-107.6245081,38.27973085],[-107.6250442,38.28080296],[-107.6252586,38.28305438],[-107.6265451,38.28594906],[-107.6292254,38.28787885],[-107.629547,38.28873653],[-107.6293326,38.29034469],[-107.6300831,38.29227448],[-107.6296542,38.29420427],[-107.6312624,38.29516916],[-107.6316912,38.29720616],[-107.6339427,38.29999364],[-107.6350148,38.30192342]]]},"properties":{"name":"Ouray=OUR","type":"county"}},
{"type":"Feature","geometry":{"type":"Polygon","coordinates":[[[-105.3291313,38.69720854],[-105.3288097,38.74459559],[-105.3290241,38.7498489],[-105.3292385,38.78372742],[-105.3290241,38.81117331],[-105.3288097,38.81599778],[-105.3289169,38.86767324],[-105.3291313,38.86906698],[-105.3281664,38.87496355],[-105.328488,38.88589903],[-105.3287025,38.88943697],[-105.3283808,38.89265329],[-105.3290241,38.94197012],[-105.3293457,38.95161906],[-105.3291313,38.95719401],[-105.3292385,38.96394827],[-105.3306322,39.1204756],[-105.3304178,39.12487123],[-105.3304178,39.12969571],[-105.3978532,39.1295885],[-105.397746,39.16153723],[-105.3978532,39.20066906],[-105.3978532,39.24998589],[-105.3966739,39.26488815],[-105.3980676,39.29844504],[-105.3979604,39.30026761],[-105.3981749,39.30552093],[-105.3980676,39.31463382],[-105.3986037,39.32621256],[-105.3982821,39.32717745],[-105.3984965,39.32953608],[-105.3986037,39.33704082],[-105.3984965,39.34025713],[-105.3981749,39.35065655],[-105.3984965,39.36309297],[-105.3986037,39.37810244],[-105.3979604,39.38882349],[-105.3981749,39.39900849],[-105.3980676,39.41198096],[-105.3980676,39.4440369],[-105.3979604,39.44500179],[-105.3980676,39.45229211],[-105.3984965,39.46011847],[-105.3986037,39.463442],[-105.3978532,39.46697994],[-105.3981749,39.46869531],[-105.3980676,39.47909473],[-105.3981749,39.47973799],[-105.3980676,39.48617062],[-105.3983893,39.50482525],[-105.3982821,39.51318767],[-105.3983893,39.51383093],[-105.3986037,39.52691061],[-105.3988181,39.53559466],[-105.3987109,39.54116961],[-105.3989253,39.56604245],[-105.4280866,39.56593524],[-105.4591776,39.56593524],[-105.4851226,39.56614966],[-105.5002393,39.56614966],[-105.5879374,39.56818666],[-105.6255683,39.56700734],[-105.6358605,39.56668571],[-105.6951479,39.56561361],[-105.7216289,39.56529197],[-105.7240948,39.56539918],[-105.7505758,39.56486313],[-105.8296971,39.56486313],[-105.8285178,39.56346939],[-105.8289467,39.56153961],[-105.8276601,39.55950261],[-105.826052,39.55746561],[-105.8257303,39.55564303],[-105.8222996,39.55296277],[-105.8187617,39.55210508],[-105.8157598,39.55199787],[-105.8162958,39.54813829],[-105.8168319,39.54792387],[-105.8189761,39.54577966],[-105.8190833,39.54406429],[-105.8186544,39.54181287],[-105.8180112,39.54052635],[-105.8175823,39.53827493],[-105.8192977,39.53752445],[-105.819941,39.53634514],[-105.8203698,39.53473698],[-105.8212275,39.53248556],[-105.8228357,39.53077019],[-105.8230501,39.52991251],[-105.8239078,39.53055577],[-105.8271241,39.53141346],[-105.8279818,39.5318423],[-105.8300188,39.53205672],[-105.8314125,39.53152067],[-105.834736,39.52991251],[-105.8369874,39.52894761],[-105.8385956,39.5277683],[-105.840847,39.52691061],[-105.8429912,39.52658898],[-105.8442778,39.52594572],[-105.8453499,39.52380151],[-105.8471724,39.52487361],[-105.8512464,39.52616014],[-105.85457,39.52787551],[-105.8576791,39.53205672],[-105.8590728,39.5318423],[-105.8604665,39.53044856],[-105.8611098,39.52916203],[-105.8629324,39.52733946],[-105.8635756,39.52390872],[-105.8646477,39.52208614],[-105.8680785,39.51983472],[-105.8679713,39.51897704],[-105.8670064,39.51769051],[-105.8668992,39.51672562],[-105.8618603,39.51308046],[-105.8599305,39.51211556],[-105.8599305,39.51018578],[-105.8595016,39.50922088],[-105.8570358,39.50707667],[-105.8547844,39.50643341],[-105.85457,39.50525409],[-105.8582151,39.50514688],[-105.8603593,39.50471804],[-105.8635756,39.5022522],[-105.8645405,39.50032241],[-105.8642189,39.50000078],[-105.8659343,39.49807099],[-105.8665775,39.49667725],[-105.8665775,39.49431862],[-105.8675424,39.4941042],[-105.8699011,39.49496188],[-105.8723669,39.49485467],[-105.8747255,39.49356815],[-105.8767625,39.49088789],[-105.8783707,39.48960136],[-105.8791212,39.48681389],[-105.8787995,39.48445526],[-105.8791212,39.48381199],[-105.8846961,39.48413362],[-105.889199,39.48338315],[-105.8903783,39.48349036],[-105.8919864,39.48413362],[-105.8922008,39.48359757],[-105.8922008,39.48102452],[-105.8926297,39.47995241],[-105.8940234,39.47866589],[-105.8947739,39.47748657],[-105.897347,39.47716494],[-105.8967037,39.47566399],[-105.8985263,39.47341257],[-105.8990623,39.47148278],[-105.9004561,39.47083952],[-105.9016354,39.46966021],[-105.9012065,39.46719436],[-105.9018498,39.46429968],[-105.9038868,39.46226268],[-105.9059238,39.45968963],[-105.9083896,39.45947521],[-105.9105338,39.4584031],[-105.9116059,39.45668774],[-105.9148223,39.4584031],[-105.9192179,39.45829589],[-105.9220054,39.4584031],[-105.9267226,39.459368],[-105.9298317,39.459368],[-105.9346562,39.45786705],[-105.9369076,39.4584031],[-105.938623,39.45851031],[-105.9408744,39.45604447],[-105.9421609,39.45272095],[-105.9424826,39.45046953],[-105.9418393,39.44821811],[-105.9436619,39.44618111],[-105.9439835,39.445109],[-105.9441979,39.44092779],[-105.947307,39.44049895],[-105.9536325,39.43856916],[-105.9564199,39.43835474],[-105.9582425,39.43964127],[-105.9617805,39.44007011],[-105.9643535,39.43953406],[-105.9660689,39.43878358],[-105.9668194,39.43803311],[-105.9649968,39.43342306],[-105.9607084,39.42902743],[-105.9598507,39.42859858],[-105.9563127,39.42784811],[-105.9548118,39.42623995],[-105.9548118,39.42495343],[-105.9553478,39.42280922],[-105.9551334,39.42152269],[-105.9538469,39.42045059],[-105.9536325,39.41841359],[-105.9517027,39.41466122],[-105.9523459,39.41412517],[-105.9572776,39.41305306],[-105.9592074,39.41251701],[-105.9628526,39.41198096],[-105.9687491,39.41069443],[-105.9694996,39.41026559],[-105.973252,39.40919348],[-105.9768971,39.40855022],[-105.9781837,39.40704927],[-105.9806495,39.40672764],[-105.981936,39.40597717],[-105.9830081,39.40447622],[-105.9836514,39.40243922],[-105.9850451,39.40168875],[-105.9869749,39.40147433],[-105.9901912,39.4022248],[-105.9928715,39.40190317],[-105.9931931,39.39986617],[-105.994158,39.39782917],[-105.9959806,39.3950417],[-105.9974816,39.3940768],[-105.9995186,39.39386238],[-106.0033781,39.39171817],[-106.0045575,39.38978838],[-106.008417,39.38732254],[-106.0138848,39.3868937],[-106.0163506,39.38442786],[-106.0169939,39.38292691],[-106.0183876,39.38142596],[-106.0183876,39.38067549],[-106.0174227,39.37917454],[-106.0169939,39.37713754],[-106.0167795,39.37499333],[-106.0174227,39.37338518],[-106.0174227,39.37177702],[-106.0176371,39.36834628],[-106.0174227,39.3674886],[-106.0176371,39.3654516],[-106.0197813,39.3634146],[-106.0219256,39.36169923],[-106.0242842,39.36116318],[-106.02675,39.3613776],[-106.0286798,39.36019828],[-106.0322178,39.35891176],[-106.0346836,39.35837571],[-106.0374711,39.35848292],[-106.0439037,39.35741081],[-106.0463695,39.35741081],[-106.0508724,39.35805407],[-106.0544103,39.35816128],[-106.0561257,39.35848292],[-106.057305,39.35901897],[-106.0583771,39.36009107],[-106.0625583,39.36180644],[-106.0640593,39.36266413],[-106.0673828,39.36384344],[-106.0684549,39.36437949],[-106.0728505,39.36791744],[-106.0742443,39.36866791],[-106.0783183,39.3695256],[-106.0802481,39.37038328],[-106.0813202,39.36909676],[-106.0844293,39.36931118],[-106.087324,39.37081212],[-106.0891465,39.3726347],[-106.0942926,39.37649428],[-106.0967585,39.37788802],[-106.0994387,39.37778081],[-106.1019046,39.37810244],[-106.1060858,39.37788802],[-106.1072651,39.37745918],[-106.1119824,39.37703033],[-106.1147698,39.37649428],[-106.1203448,39.37660149],[-106.12399,39.37799523],[-106.1274207,39.37885291],[-106.1294577,39.3787457],[-106.1313875,39.37949617],[-106.1355687,39.37949617],[-106.1365336,39.37885291],[-106.1378201,39.37681591],[-106.1384634,39.37499333],[-106.1384634,39.37220586],[-106.1399643,39.37124097],[-106.1412508,39.37091933],[-106.1416797,39.36995444],[-106.1433951,39.3685607],[-106.1443599,39.36813186],[-106.1467186,39.36802465],[-106.1487556,39.36834628],[-106.1513286,39.36480834],[-106.1529368,39.36277134],[-106.1519719,39.36127039],[-106.1506854,39.35976944],[-106.1484339,39.35859013],[-106.1482195,39.35687476],[-106.1471474,39.35365844],[-106.1472546,39.34990608],[-106.1463969,39.34829792],[-106.1445744,39.34690418],[-106.1443599,39.34475997],[-106.1433951,39.34315181],[-106.1416797,39.34165087],[-106.1399643,39.33950666],[-106.1402859,39.33875618],[-106.1422157,39.33693361],[-106.1431806,39.33446776],[-106.1438239,39.3338245],[-106.1458609,39.33050098],[-106.1465042,39.32996492],[-106.1471474,39.32760629],[-106.14897,39.32642698],[-106.1504709,39.32438998],[-106.1512214,39.32074482],[-106.15358,39.32042319],[-106.1561531,39.32063761],[-106.1589406,39.32128087],[-106.1623713,39.3216025],[-106.1629074,39.32128087],[-106.1643011,39.3216025],[-106.167839,39.3216025],[-106.1694472,39.32224577],[-106.1741645,39.31827898],[-106.1748077,39.31709966],[-106.1750222,39.3144194],[-106.1764159,39.31206077],[-106.180061,39.31120309],[-106.1818836,39.31120309],[-106.1837062,39.31023819],[-106.1839206,39.30938051],[-106.1834918,39.3072363],[-106.1830629,39.30326951],[-106.1830629,39.3011253],[-106.1824197,39.30005319],[-106.1810259,39.29930272],[-106.1809187,39.29876667],[-106.1825269,39.29308451],[-106.1825269,39.29169077],[-106.1818836,39.28997541],[-106.1849927,39.28665188],[-106.1854216,39.2857942],[-106.1848855,39.28343557],[-106.1867081,39.27989762],[-106.1864937,39.27786062],[-106.1857432,39.27582362],[-106.185636,39.27325057],[-106.184135,39.26885494],[-106.183599,39.2684261],[-106.1814548,39.26531699],[-106.1816692,39.26327999],[-106.1804899,39.26113578],[-106.1805971,39.25866994],[-106.181562,39.25695457],[-106.1813476,39.25427431],[-106.181562,39.25352384],[-106.1809187,39.25245173],[-106.1817764,39.25062915],[-106.1808115,39.24794889],[-106.1818836,39.24666236],[-106.1834918,39.24441094],[-106.1850999,39.24269557],[-106.1840278,39.24044415],[-106.1827413,39.23958647],[-106.1799538,39.23947926],[-106.1768447,39.23851437],[-106.1729852,39.236799],[-106.1711626,39.23551247],[-106.1694472,39.2337971],[-106.1682679,39.230688],[-106.1689112,39.22875821],[-106.169876,39.22811495],[-106.1696616,39.22564911],[-106.1701977,39.22296884],[-106.1742717,39.22071742],[-106.1782385,39.21910926],[-106.1771664,39.21814437],[-106.1778096,39.21632179],[-106.1784529,39.21299827],[-106.182098,39.20999637],[-106.1847783,39.20935311],[-106.1834918,39.20667285],[-106.1813476,39.20474306],[-106.1802755,39.20249164],[-106.179525,39.2000258],[-106.1794178,39.19788159],[-106.1797394,39.19487969],[-106.1793106,39.19348595],[-106.181562,39.19080569],[-106.1822053,39.18962638],[-106.184135,39.18823264],[-106.1855288,39.18662448],[-106.1832774,39.18244327],[-106.1828485,39.18040627],[-106.1792034,39.17601064],[-106.1784529,39.17461691],[-106.1783457,39.1704357],[-106.1781313,39.16893475],[-106.1785601,39.16593286],[-106.1794178,39.16507517],[-106.1788817,39.1633598],[-106.1768447,39.16035791],[-106.1765231,39.15789207],[-106.1753438,39.15628391],[-106.1752366,39.15392528],[-106.1755582,39.15296039],[-106.1742717,39.14931523],[-106.1748077,39.1480287],[-106.173414,39.14481239],[-106.1735212,39.14363307],[-106.1743789,39.14266818],[-106.1748077,39.14138165],[-106.1729852,39.1388086],[-106.1738428,39.13709323],[-106.1784529,39.1347346],[-106.1818836,39.13151828],[-106.1823125,39.13033897],[-106.1843495,39.12926686],[-106.1858504,39.12926686],[-106.1858504,39.12680102],[-106.187673,39.1245496],[-106.188209,39.1214405],[-106.1892811,39.12058281],[-106.1911037,39.12111887],[-106.1994661,39.11554392],[-106.2007527,39.11479345],[-106.2034329,39.11404297],[-106.2038618,39.11350692],[-106.2034329,39.11200597],[-106.2038618,39.1112555],[-106.2063276,39.11039782],[-106.2073997,39.10954013],[-106.2077214,39.10803918],[-106.2101872,39.10396519],[-106.2095439,39.1031075],[-106.2078286,39.10342913],[-106.2051483,39.10321471],[-106.2034329,39.10267866],[-106.199895,39.10439403],[-106.195821,39.10450124],[-106.1941056,39.10396519],[-106.1929263,39.10300029],[-106.1913181,39.1031075],[-106.1904605,39.10278587],[-106.1878874,39.10375076],[-106.1832774,39.10342913],[-106.1792034,39.10342913],[-106.1781313,39.10300029],[-106.1773808,39.10128492],[-106.1753438,39.09881908],[-106.1729852,39.09731813],[-106.1714842,39.09517392],[-106.171377,39.09410182],[-106.169876,39.09077829],[-106.169876,39.08874129],[-106.1692328,39.0877764],[-106.1696616,39.08638266],[-106.1710554,39.08606103],[-106.1720203,39.08531056],[-106.1727707,39.08391682],[-106.1756654,39.08295193],[-106.1771664,39.08091493],[-106.1789889,39.07898514],[-106.1802755,39.07726977],[-106.1816692,39.07673372],[-106.183599,39.0765193],[-106.1860648,39.07501835],[-106.1868153,39.07308856],[-106.1864937,39.07158761],[-106.1885307,39.07008667],[-106.1912109,39.06847851],[-106.1916398,39.06751362],[-106.1904605,39.06397567],[-106.1906749,39.06193867],[-106.191747,39.05925841],[-106.1908893,39.05743583],[-106.1909965,39.05604209],[-106.1901388,39.05454114],[-106.1863865,39.05218251],[-106.1847783,39.05078878],[-106.1848855,39.04907341],[-106.1857432,39.04671478],[-106.1853144,39.04403452],[-106.1827413,39.04006773],[-106.1825269,39.03856678],[-106.183599,39.03706583],[-106.1849927,39.03620815],[-106.1858504,39.03406394],[-106.1869225,39.03320625],[-106.1887451,39.03320625],[-106.1903533,39.03052599],[-106.1920686,39.02923947],[-106.1913181,39.02580873],[-106.1898172,39.02312847],[-106.1894956,39.02130589],[-106.1915326,39.02012657],[-106.1931407,39.01969773],[-106.1929263,39.01766073],[-106.1914254,39.01658863],[-106.188209,39.01540931],[-106.1860648,39.01562373],[-106.1860648,39.01455163],[-106.1849927,39.01347952],[-106.1849927,39.01262184],[-106.1830629,39.01187137],[-106.1794178,39.0112281],[-106.1779168,39.00908389],[-106.178024,39.00769016],[-106.1770591,39.00533152],[-106.1769519,39.00190079],[-106.1758798,38.99964937],[-106.1749149,38.99964937],[-106.1731996,38.99739795],[-106.1700905,38.99461047],[-106.1697688,38.99257347],[-106.1691256,38.99128695],[-106.1684823,38.99128695],[-106.1656948,38.99246626],[-106.1634434,38.99386],[-106.1605487,38.9948249],[-106.1595838,38.99418163],[-106.1577613,38.99428884],[-106.1563675,38.9948249],[-106.1541161,38.99621863],[-106.1506854,38.99707632],[-106.1496133,38.99707632],[-106.1454321,38.997934],[-106.1426446,38.99546816],[-106.1412508,38.99493211],[-106.1378201,38.99461047],[-106.1358903,38.9948249],[-106.1325668,38.99546816],[-106.1317091,38.99493211],[-106.1275279,38.99396721],[-106.1255981,38.99257347],[-106.1230251,38.99139416],[-106.122489,38.99085811],[-106.1195943,38.98957158],[-106.1168068,38.98807063],[-106.1132689,38.98785621],[-106.1118752,38.98699853],[-106.1089805,38.98742737],[-106.1095165,38.98592642],[-106.1093021,38.98388942],[-106.109731,38.98228127],[-106.1095165,38.981638],[-106.1075867,38.97970821],[-106.1065146,38.9764919],[-106.1055497,38.97606306],[-106.1043704,38.97413327],[-106.1050137,38.97005927],[-106.1055497,38.96941601],[-106.1068363,38.96662853],[-106.107694,38.96416269],[-106.1083372,38.96341222],[-106.1105886,38.96201848],[-106.1121968,38.9601959],[-106.1118752,38.95880217],[-106.1110175,38.95762285],[-106.1136977,38.95569306],[-106.1134833,38.95279838],[-106.1120896,38.95086859],[-106.1131617,38.94497201],[-106.1126256,38.94132686],[-106.1110175,38.94014754],[-106.1057642,38.94036196],[-106.1035127,38.93982591],[-106.1009397,38.93864659],[-106.0982594,38.93821775],[-106.0964369,38.93821775],[-106.0948287,38.93682401],[-106.0936494,38.93703844],[-106.0935422,38.93800333],[-106.0906475,38.93650238],[-106.085287,38.93950428],[-106.0848581,38.93939707],[-106.0835716,38.93789612],[-106.0786399,38.93521586],[-106.0773534,38.93510865],[-106.0761741,38.93457259],[-106.0739226,38.93478701],[-106.0714568,38.93382212],[-106.0704919,38.93210675],[-106.0678116,38.93285723],[-106.0658819,38.93189233],[-106.064917,38.9326428],[-106.0647025,38.93446538],[-106.0635232,38.9356447],[-106.0601997,38.93714565],[-106.0584843,38.93918265],[-106.0582699,38.9417557],[-106.0517301,38.94347107],[-106.048621,38.9428278],[-106.0457263,38.94154128],[-106.0437965,38.94197012],[-106.0388648,38.9407908],[-106.0368278,38.94068359],[-106.032325,38.94164849],[-106.030824,38.94250617],[-106.0281438,38.9428278],[-106.0263212,38.94111243],[-106.0246058,38.93886101],[-106.0205318,38.9346798],[-106.018066,38.93446538],[-106.0149569,38.93275002],[-106.0129199,38.93049859],[-106.0125982,38.92964091],[-106.010454,38.92781833],[-106.0082026,38.92653181],[-106.00638,38.92406596],[-106.0046647,38.92256502],[-106.0024132,38.92106407],[-105.9991969,38.91838381],[-105.9993041,38.91634681],[-105.9981248,38.91516749],[-105.9968383,38.9152747],[-105.9959806,38.91484586],[-105.9944797,38.91484586],[-105.9896552,38.91677565],[-105.9881542,38.91709728],[-105.9861172,38.91806218],[-105.9852596,38.91784776],[-105.9838658,38.91656123],[-105.9829009,38.91645402],[-105.9803279,38.9152747],[-105.979899,38.9142026],[-105.9783981,38.91463144],[-105.9765755,38.91441702],[-105.9768971,38.91291607],[-105.9760395,38.91184397],[-105.9770044,38.9112007],[-105.9766827,38.91066465],[-105.9727159,38.90959255],[-105.9716438,38.90852044],[-105.9721799,38.90701949],[-105.9715366,38.90369597],[-105.9700357,38.90187339],[-105.9694996,38.90069408],[-105.9723943,38.89930034],[-105.973252,38.89833544],[-105.9741097,38.89672729],[-105.9748601,38.89619123],[-105.9794702,38.89458308],[-105.9797918,38.89168839],[-105.9791486,38.88890092],[-105.9782909,38.88793603],[-105.9771116,38.88514855],[-105.9750746,38.88375482],[-105.9743241,38.88246829],[-105.9706789,38.88321876],[-105.9649968,38.88600624],[-105.963603,38.88589903],[-105.9599579,38.88439808],[-105.957492,38.88418366],[-105.9556695,38.88364761],[-105.9538469,38.88418366],[-105.9518099,38.88354039],[-105.9491296,38.88311155],[-105.9479503,38.88321876],[-105.9428042,38.88547018],[-105.941196,38.88557739],[-105.9388374,38.88332597],[-105.9360499,38.88139618],[-105.935085,38.88032408],[-105.9329408,38.87817987],[-105.9311183,38.87474913],[-105.9265082,38.87399866],[-105.9251145,38.87217608],[-105.9253289,38.87174724],[-105.9270443,38.87153282],[-105.928438,38.86971024],[-105.9277947,38.86885256],[-105.928438,38.86767324],[-105.928438,38.86638671],[-105.9290813,38.86595787],[-105.9306894,38.86670835],[-105.9314399,38.86649393],[-105.932512,38.86445693],[-105.9320832,38.86327761],[-105.933048,38.86102619],[-105.9349778,38.8590964],[-105.937122,38.85845314],[-105.9394807,38.85663056],[-105.9431258,38.85234214],[-105.9429114,38.85051956],[-105.9405528,38.84923303],[-105.9396951,38.84816093],[-105.939159,38.84601672],[-105.9401239,38.84355088],[-105.941196,38.84247877],[-105.9418393,38.84129946],[-105.9416249,38.84022735],[-105.9396951,38.83915525],[-105.9363716,38.8365822],[-105.9361572,38.83540288],[-105.935085,38.83433077],[-105.9322976,38.83272262],[-105.9314399,38.83165051],[-105.9295101,38.82993514],[-105.9281164,38.82811257],[-105.9259722,38.82650441],[-105.9242568,38.82414578],[-105.9207188,38.82167994],[-105.9184674,38.81867804],[-105.9171809,38.81749873],[-105.9156799,38.81706988],[-105.9139646,38.81610499],[-105.9125708,38.81385357],[-105.9108555,38.81278146],[-105.9106411,38.81053004],[-105.9072103,38.80731373],[-105.9078536,38.80634883],[-105.9104266,38.80484789],[-105.9114987,38.8029181],[-105.9105338,38.8019532],[-105.9110699,38.80045226],[-105.9118204,38.7999162],[-105.9118204,38.79873689],[-105.9126781,38.79734315],[-105.9128925,38.79552057],[-105.9145006,38.79369799],[-105.9137502,38.79241147],[-105.9151439,38.79048168],[-105.9184674,38.79016005],[-105.9208261,38.78951679],[-105.9218982,38.78780142],[-105.9237207,38.78619326],[-105.9246856,38.78576442],[-105.9267226,38.78555],[-105.9253289,38.78383463],[-105.9251145,38.78265531],[-105.9276875,38.78222647],[-105.9295101,38.78136879],[-105.9295101,38.77976063],[-105.9305822,38.77858131],[-105.9296173,38.77718758],[-105.9292957,38.77450732],[-105.9314399,38.77279195],[-105.9342274,38.77182705],[-105.9362644,38.77161263],[-105.9373365,38.77204147],[-105.9395879,38.77204147],[-105.9399095,38.77064774],[-105.9424826,38.76850353],[-105.9441979,38.76871795],[-105.9445196,38.76807468],[-105.9408744,38.76571605],[-105.9396951,38.76475116],[-105.9387302,38.76303579],[-105.9384086,38.759069],[-105.9379797,38.75606711],[-105.9383014,38.75370848],[-105.9404456,38.75049216],[-105.9414105,38.74866958],[-105.9413033,38.74556048],[-105.9420537,38.74481001],[-105.9478431,38.74384511],[-105.9479503,38.7417009],[-105.9443052,38.73709085],[-105.944734,38.73580432],[-105.9430186,38.7345178],[-105.9434475,38.73076543],[-105.9443052,38.73055101],[-105.9448412,38.7284068],[-105.9461277,38.7274419],[-105.9434475,38.72315348],[-105.9444124,38.72175975],[-105.9461277,38.72165254],[-105.9475215,38.72015159],[-105.9462349,38.71672085],[-105.9496657,38.71500549],[-105.9502017,38.71436222],[-105.9529892,38.71361175],[-105.955455,38.71071707],[-105.9572776,38.7090017],[-105.9597435,38.70728633],[-105.9617805,38.70610702],[-105.963603,38.70128254],[-105.9654256,38.69903112],[-105.967677,38.69710133],[-105.9689636,38.69720854],[-105.9700357,38.69484991],[-105.969714,38.69356339],[-105.9445196,38.69313454],[-105.8984191,38.69377781],[-105.8888773,38.69517154],[-105.881587,38.69409944],[-105.8755832,38.69431386],[-105.8595016,38.69399223],[-105.8508176,38.69388502],[-105.81383,38.69452828],[-105.7595815,38.69463549],[-105.7505758,38.6947427],[-105.7460729,38.69463549],[-105.7268823,38.69452828],[-105.6673804,38.69484991],[-105.6161338,38.69538596],[-105.6135608,38.69538596],[-105.5804327,38.69592202],[-105.5315447,38.69592202],[-105.5144983,38.69656528],[-105.5104243,38.69645807],[-105.5005609,38.69667249],[-105.4982023,38.69710133],[-105.4483494,38.69753018],[-105.3755534,38.69753018],[-105.3291313,38.69720854]]]},"properties":{"name":"Park=PAR","type":"county"}},
{"type":"Feature","geometry":{"type":"Polygon","coordinates":[[[-102.0513846,40.74953917],[-102.0633922,40.7498608],[-102.1907583,40.74889591],[-102.2295685,40.74900312],[-102.2620533,40.74889591],[-102.2869261,40.74911033],[-102.3827723,40.74932475],[-102.4100038,40.74921754],[-102.4210464,40.74911033],[-102.5291146,40.74953917],[-102.5688897,40.74943196],[-102.5978366,40.74953917],[-102.6513346,40.74943196],[-102.6509058,40.70536845],[-102.6647359,40.70515402],[-102.6647359,40.68607056],[-102.6650575,40.64458009],[-102.6655936,40.61166647],[-102.6654864,40.58411337],[-102.6651648,40.55870448],[-102.6650575,40.52600528],[-102.6651648,40.51260396],[-102.6650575,40.51131744],[-102.6650575,40.49287723],[-102.6649503,40.48751671],[-102.6650575,40.47486587],[-102.6650575,40.47357934],[-102.6648431,40.45771219],[-102.6648431,40.43852151],[-102.6282843,40.43862872],[-102.6073783,40.43852151],[-102.5851857,40.43852151],[-102.5016687,40.43884314],[-102.4546033,40.43927198],[-102.4547105,40.4394864],[-102.416222,40.43991524],[-102.4157931,40.43959361],[-102.397889,40.43970082],[-102.3232705,40.4394864],[-102.3011851,40.43959361],[-102.2504745,40.4394864],[-102.2230286,40.43980803],[-102.2217421,40.43959361],[-102.2176681,40.43980803],[-102.2149879,40.43959361],[-102.0899804,40.43970082],[-102.0514918,40.44002245],[-102.0514918,40.46553855],[-102.0512774,40.48623018],[-102.0515991,40.50006034],[-102.0514918,40.5241827],[-102.0514918,40.5354398],[-102.0515991,40.53769122],[-102.0514918,40.54283733],[-102.0513846,40.74953917]]]},"properties":{"name":"Phillips=PHI","type":"county"}},
{"type":"Feature","geometry":{"type":"Polygon","coordinates":[[[-106.426538,39.36191365],[-106.4893633,39.36180644],[-106.5006204,39.36234249],[-106.5445767,39.36223528],[-106.5466137,39.36212807],[-106.6256279,39.36212807],[-106.6586487,39.36223528],[-106.6726933,39.36212807],[-106.6853441,39.3624497],[-106.7023906,39.36234249],[-106.7082872,39.36202086],[-106.71279,39.36202086],[-106.7241543,39.36266413],[-106.7284428,39.3624497],[-106.7325168,39.36255692],[-106.7401287,39.36223528],[-106.7410936,39.3624497],[-106.7506353,39.36266413],[-106.8056343,39.36352181],[-106.8464815,39.36427228],[-106.8756428,39.3644867],[-107.02295,39.36620207],[-107.0481445,39.36620207],[-107.0557564,39.36630928],[-107.0584367,39.36620207],[-107.0597232,39.36598765],[-107.0619746,39.36630928],[-107.0833095,39.36609486],[-107.1134357,39.36609486],[-107.1244784,39.36609486],[-107.2026348,39.36598765],[-107.2488425,39.36598765],[-107.2505579,39.36620207],[-107.3072723,39.36609486],[-107.3189582,39.36588044],[-107.3557314,39.36609486],[-107.3755653,39.36598765],[-107.4309932,39.36620207],[-107.4298139,39.36405786],[-107.4284201,39.3624497],[-107.4286345,39.36051992],[-107.4290634,39.35987665],[-107.4287418,39.35741081],[-107.4291706,39.35537381],[-107.4303499,39.35430171],[-107.4301355,39.34958444],[-107.4305643,39.34819071],[-107.4322797,39.34722581],[-107.4339951,39.34679697],[-107.4356032,39.34690418],[-107.4367825,39.34636813],[-107.4388195,39.34325903],[-107.4382835,39.34218692],[-107.4384979,39.3410076],[-107.4396772,39.34036434],[-107.4409638,39.34025713],[-107.4428935,39.33907782],[-107.4440729,39.33704082],[-107.4454666,39.33521824],[-107.4499694,39.33264519],[-107.4508271,39.33007213],[-107.4535074,39.32889282],[-107.4554372,39.32942887],[-107.4576886,39.32900003],[-107.4584391,39.32857119],[-107.4618698,39.32760629],[-107.4627275,39.32696303],[-107.4625131,39.32578371],[-107.4633707,39.32428277],[-107.4659438,39.32213856],[-107.4641212,39.32031598],[-107.4641212,39.31870782],[-107.4632635,39.31688524],[-107.4651933,39.31431219],[-107.4627275,39.31377614],[-107.4610121,39.31259682],[-107.4591895,39.30970214],[-107.4577958,39.30970214],[-107.4569381,39.3092733],[-107.4570453,39.30798677],[-107.4565093,39.30691467],[-107.4544723,39.30659303],[-107.4516848,39.30455603],[-107.4496478,39.30455603],[-107.4485757,39.30562814],[-107.447182,39.30573535],[-107.4452522,39.30852282],[-107.4402133,39.30841561],[-107.4387123,39.30884445],[-107.4376402,39.30670024],[-107.4382835,39.30455603],[-107.4397844,39.30251903],[-107.4378546,39.30101809],[-107.4374258,39.29951714],[-107.4352816,39.29930272],[-107.4347455,39.29855225],[-107.433459,39.29855225],[-107.4312076,39.29898109],[-107.4252038,39.29780177],[-107.4229524,39.2970513],[-107.4211298,39.29683688],[-107.4185568,39.29479988],[-107.4150188,39.29383498],[-107.412553,39.29190519],[-107.4101943,39.2929773],[-107.4085862,39.2940494],[-107.4067636,39.29308451],[-107.4038689,39.29276288],[-107.3985084,39.29512151],[-107.3970074,39.29447825],[-107.3966858,39.29394219],[-107.3976507,39.29179798],[-107.3964714,39.29061867],[-107.3961498,39.28954656],[-107.3964714,39.28847446],[-107.3963642,39.28633025],[-107.3970074,39.28354278],[-107.3956137,39.28225625],[-107.3940056,39.28161299],[-107.3941128,39.27936157],[-107.390146,39.27893272],[-107.3871441,39.27786062],[-107.3832845,39.27550199],[-107.3815691,39.27507315],[-107.3798538,39.27571641],[-107.3783528,39.27475151],[-107.3774951,39.27217846],[-107.3782456,39.27024867],[-107.3792105,39.26906936],[-107.3809259,39.26821167],[-107.3834989,39.26778283],[-107.3871441,39.26585304],[-107.3914325,39.26392325],[-107.3916469,39.26263673],[-107.3914325,39.26059973],[-107.3936839,39.25899157],[-107.3945416,39.25738341],[-107.3944344,39.25631131],[-107.3943272,39.25588247],[-107.392183,39.25502478],[-107.3917541,39.25234452],[-107.3904676,39.25062915],[-107.3892883,39.25020031],[-107.3863936,39.25030752],[-107.3847854,39.24880657],[-107.3843566,39.24784168],[-107.3797466,39.24730563],[-107.3780312,39.24676957],[-107.3759942,39.24548305],[-107.375887,39.24323163],[-107.3753509,39.24183789],[-107.37385,39.24055136],[-107.3719202,39.23980089],[-107.3713841,39.23894321],[-107.3755653,39.23712063],[-107.3778168,39.23401152],[-107.3793177,39.23111684],[-107.3789961,39.23004474],[-107.377924,39.22875821],[-107.3785672,39.22757889],[-107.3785672,39.22618516],[-107.3778168,39.22414816],[-107.3768519,39.22339768],[-107.3771735,39.2214679],[-107.3768519,39.22018137],[-107.3776023,39.21707226],[-107.3780312,39.21482084],[-107.3798538,39.21203337],[-107.3806042,39.21021079],[-107.3795321,39.20860264],[-107.3783528,39.20817379],[-107.37846,39.206244],[-107.3770663,39.20409979],[-107.3776023,39.20077627],[-107.3767447,39.1990609],[-107.3755653,39.19788159],[-107.3729923,39.19670227],[-107.3710625,39.19455806],[-107.3683822,39.19262827],[-107.3668813,39.19209222],[-107.3664525,39.19059127],[-107.3651659,39.18823264],[-107.3635578,39.18630285],[-107.3611991,39.18512354],[-107.3596982,39.1848019],[-107.3587333,39.18158559],[-107.3576612,39.17987022],[-107.355517,39.17718996],[-107.3541232,39.17611785],[-107.3536944,39.17333038],[-107.3482267,39.17032849],[-107.3456536,39.1694708],[-107.3435094,39.16861312],[-107.3415796,39.1683987],[-107.3385777,39.16893475],[-107.3368624,39.16904196],[-107.3361119,39.16764822],[-107.3334316,39.16625449],[-107.3307514,39.16593286],[-107.3282855,39.16528959],[-107.3248548,39.16582565],[-107.3217457,39.16571843],[-107.3187438,39.16528959],[-107.3157419,39.16378865],[-107.3141337,39.16196607],[-107.3119895,39.16046512],[-107.3113463,39.15950023],[-107.3099525,39.15874975],[-107.3075939,39.15714159],[-107.305128,39.15660554],[-107.304592,39.15574786],[-107.3035199,39.15564065],[-107.3006252,39.15649833],[-107.2991243,39.1561767],[-107.2962296,39.15435412],[-107.2956935,39.15360365],[-107.2958007,39.15167386],[-107.2953719,39.14942244],[-107.294407,39.14727823],[-107.2945142,39.14631333],[-107.2938709,39.14470518],[-107.2921556,39.1439547],[-107.2906546,39.14170328],[-107.2881888,39.13977349],[-107.2876527,39.1378437],[-107.2865806,39.13687881],[-107.2859374,39.13484181],[-107.286259,39.13366249],[-107.2855085,39.13098223],[-107.2835787,39.12830197],[-107.2836859,39.12701544],[-107.2848653,39.12637218],[-107.2854013,39.12497844],[-107.2827211,39.12401355],[-107.2830427,39.12283423],[-107.2818634,39.12090445],[-107.2815417,39.11929629],[-107.2825066,39.11876024],[-107.0792355,39.11886745],[-107.0663703,39.11876024],[-107.0631539,39.1164016],[-107.0629395,39.11543671],[-107.060152,39.11200597],[-107.0570429,39.11114829],[-107.0531834,39.11061224],[-107.0517896,39.10911129],[-107.0507175,39.10675266],[-107.0497526,39.1061094],[-107.0485733,39.10428682],[-107.047394,39.10342913],[-107.0462147,39.10192819],[-107.0447137,39.10085608],[-107.0407469,39.0990335],[-107.0378523,39.09613882],[-107.0363513,39.0949595],[-107.0342071,39.09442345],[-107.0317413,39.09345856],[-107.0300259,39.09345856],[-107.0292754,39.09195761],[-107.0262735,39.0908855],[-107.0195193,39.08938456],[-107.0180183,39.08766919],[-107.0171606,39.08734756],[-107.0152308,39.08563219],[-107.0124434,39.08434566],[-107.0109424,39.08305914],[-107.0093343,39.08048609],[-107.0056891,39.07673372],[-107.0053675,39.07576882],[-107.0042954,39.0744823],[-107.0030089,39.07426788],[-107.0015079,39.07308856],[-107.0006502,39.07190925],[-106.9970051,39.06933619],[-106.9942176,39.06965783],[-106.9889643,39.07072993],[-106.9884282,39.06933619],[-106.9868201,39.06719198],[-106.986284,39.0642973],[-106.9863912,39.06247472],[-106.9872489,39.06183146],[-106.9890715,39.06097377],[-106.9900364,39.06097377],[-106.9908941,39.06000888],[-106.9911085,39.05850793],[-106.9892859,39.05550604],[-106.9897148,39.05196809],[-106.9932527,39.05132483],[-106.9949681,39.05057436],[-106.9967906,39.04939504],[-106.9978627,39.04810851],[-106.9977555,39.04628594],[-106.9996853,39.04274799],[-107.0016151,39.04231915],[-106.9993637,39.03888841],[-106.9968979,39.0356721],[-106.9961474,39.03417115],[-106.9950753,39.0336351],[-106.9914301,39.0326702],[-106.9879994,39.03084762],[-106.9819956,39.03031157],[-106.9795298,39.03074041],[-106.9776,39.02988273],[-106.9737404,39.02891783],[-106.9711673,39.02902505],[-106.9680582,39.02988273],[-106.9673078,39.03084762],[-106.9643059,39.0295611],[-106.9639842,39.02848899],[-106.9641987,39.02688084],[-106.9652708,39.02334289],[-106.9640914,39.02109147],[-106.9650563,39.01894726],[-106.9647347,39.01755352],[-106.9629121,39.01680305],[-106.9607679,39.01637421],[-106.9580877,39.01551652],[-106.955193,39.01658863],[-106.9510118,39.01658863],[-106.9483315,39.01476605],[-106.9460801,39.01476605],[-106.9446863,39.01444442],[-106.9407196,39.01112089],[-106.9378249,39.00822621],[-106.9357879,39.00736852],[-106.9350374,39.006082],[-106.9328932,39.00533152],[-106.9298913,39.00500989],[-106.9283903,39.00458105],[-106.9233515,39.00190079],[-106.9215289,39.00125753],[-106.9178837,38.99922053],[-106.9141313,38.99986379],[-106.9115583,38.999971],[-106.9111295,39.00061426],[-106.9100573,38.999971],[-106.9084492,38.99632584],[-106.9075915,38.99503932],[-106.9082348,38.99257347],[-106.9064122,38.99203742],[-106.902767,38.99203742],[-106.9003012,38.99246626],[-106.8993363,38.99171579],[-106.8959056,38.99010763],[-106.8931181,38.98957158],[-106.8911883,38.99107253],[-106.8868999,38.99107253],[-106.8843268,38.99042926],[-106.8836836,38.99139416],[-106.8815394,38.9927879],[-106.8796096,38.99343116],[-106.8789663,38.99428884],[-106.8780014,38.99428884],[-106.8775726,38.99643305],[-106.8768221,38.99729074],[-106.8766077,38.999971],[-106.8786447,39.00286568],[-106.8787519,39.004045],[-106.8781086,39.00586758],[-106.8765005,39.00693968],[-106.8746779,39.00693968],[-106.8725337,39.00661805],[-106.8704967,39.00651084],[-106.8689957,39.00726131],[-106.8677092,39.00683247],[-106.8651361,39.00833342],[-106.8617054,39.00940552],[-106.8608477,39.00929831],[-106.8597756,39.00833342],[-106.8591324,39.00651084],[-106.8595612,39.00576037],[-106.8582747,39.00372337],[-106.8583819,39.00297289],[-106.8567737,39.00115032],[-106.8569881,38.999971],[-106.8560233,38.99825563],[-106.8548439,38.99686189],[-106.8529142,38.99557537],[-106.8510916,38.99375279],[-106.8496978,38.99150137],[-106.8489474,38.98935716],[-106.8469104,38.98699853],[-106.8455166,38.98624806],[-106.8439085,38.985712],[-106.8407994,38.98560479],[-106.8397273,38.9846399],[-106.8358677,38.98356779],[-106.8354388,38.98206685],[-106.8342595,38.98088753],[-106.8321153,38.98078032],[-106.8313648,38.97970821],[-106.8296495,38.97863611],[-106.8272908,38.97767122],[-106.8257899,38.97810006],[-106.8236457,38.97949379],[-106.8193573,38.98002985],[-106.8168914,38.98142358],[-106.8152833,38.98035148],[-106.8123886,38.97970821],[-106.8106732,38.97863611],[-106.8083146,38.97895774],[-106.8046694,38.9785289],[-106.8042406,38.97810006],[-106.801882,38.97831448],[-106.7997377,38.979601],[-106.8002738,38.98217406],[-106.7973791,38.98335337],[-106.7966286,38.98421106],[-106.7945916,38.98485432],[-106.7907321,38.98410385],[-106.787623,38.98431827],[-106.7839778,38.98689132],[-106.7822624,38.9907509],[-106.7825841,38.99246626],[-106.783549,38.99396721],[-106.7837634,38.99578979],[-106.7832273,38.99739795],[-106.782048,38.99889889],[-106.7801182,38.99975658],[-106.7799038,39.00039984],[-106.7780812,39.00125753],[-106.7771163,39.00232963],[-106.7767947,39.00350895],[-106.7749721,39.006082],[-106.7735784,39.00683247],[-106.7697188,39.00747573],[-106.7686467,39.008119],[-106.7682179,39.01026321],[-106.7660736,39.01176415],[-106.765216,39.01208579],[-106.7624285,39.01487326],[-106.7615708,39.01615979],[-106.7618924,39.01926889],[-106.7573896,39.01969773],[-106.755031,39.02109147],[-106.7544949,39.02259242],[-106.7513858,39.02580873],[-106.7469902,39.02698805],[-106.7451676,39.02688084],[-106.7449532,39.02966831],[-106.7458109,39.03202694],[-106.7465613,39.03556489],[-106.7467758,39.03781631],[-106.7472046,39.04006773],[-106.7479551,39.04135425],[-106.7493488,39.04253357],[-106.7466685,39.04264078],[-106.7446315,39.04349846],[-106.7421657,39.04403452],[-106.741308,39.04457057],[-106.7406648,39.04585709],[-106.7389494,39.04607152],[-106.7371268,39.04499941],[-106.734661,39.0448922],[-106.7320879,39.04639315],[-106.7295149,39.04650036],[-106.7276923,39.04617873],[-106.7245832,39.04532104],[-106.7226534,39.04510662],[-106.720402,39.04682199],[-106.7171857,39.04832294],[-106.7146126,39.04864457],[-106.7133261,39.04864457],[-106.7103242,39.04757246],[-106.7095737,39.04875178],[-106.7093593,39.05035994],[-106.7078583,39.05346904],[-106.7057141,39.05475557],[-106.7030339,39.05593488],[-106.702069,39.05550604],[-106.6986382,39.05582767],[-106.6975661,39.05550604],[-106.6949931,39.05572046],[-106.6929561,39.0550772],[-106.6915623,39.05314741],[-106.6908119,39.05132483],[-106.689847,39.05057436],[-106.6879172,39.04982388],[-106.6862018,39.04789409],[-106.6853441,39.04542825],[-106.6830927,39.04510662],[-106.6814846,39.04553546],[-106.6791259,39.04521383],[-106.6765529,39.04574988],[-106.674087,39.04585709],[-106.6732294,39.04467778],[-106.6708707,39.04382009],[-106.6680832,39.04371288],[-106.6669039,39.04253357],[-106.665403,39.04199752],[-106.6628299,39.04189031],[-106.6589704,39.04360567],[-106.6555396,39.04446336],[-106.6526449,39.04189031],[-106.6518945,39.0408182],[-106.6522161,39.03888841],[-106.6502863,39.03706583],[-106.6482493,39.03599373],[-106.6468556,39.03331347],[-106.6469628,39.0315981],[-106.6465339,39.03084762],[-106.64707,39.02977552],[-106.6498575,39.02730968],[-106.6500719,39.02634478],[-106.6489998,39.02441499],[-106.6488926,39.02312847],[-106.6483565,39.02216357],[-106.6472844,39.02173473],[-106.6444969,39.02130589],[-106.6440681,39.02076984],[-106.6411734,39.02023378],[-106.6383859,39.01926889],[-106.6381715,39.016267],[-106.6378499,39.01465884],[-106.6360273,39.01380115],[-106.6345264,39.01262184],[-106.6332398,39.01208579],[-106.6300235,39.012193],[-106.6297019,39.01047763],[-106.6276649,39.00790458],[-106.6264856,39.00747573],[-106.6261639,39.00672526],[-106.6247702,39.006082],[-106.6241269,39.00361616],[-106.6230548,39.00318731],[-106.6193025,39.00254405],[-106.6175871,39.00179358],[-106.6157645,38.999971],[-106.6146924,38.999971],[-106.6139419,38.99889889],[-106.6135131,38.99632584],[-106.6115833,38.99546816],[-106.6084742,38.99611142],[-106.6077237,38.995897],[-106.6031137,38.99686189],[-106.6027921,38.99739795],[-106.6010767,38.99804121],[-106.5992541,38.99804121],[-106.5982892,38.99879168],[-106.5953945,39.00211521],[-106.5944296,39.00415221],[-106.5947513,39.00758295],[-106.5951801,39.01026321],[-106.5949657,39.01380115],[-106.5951801,39.01691026],[-106.5949657,39.02076984],[-106.5916422,39.02495105],[-106.5926071,39.02763131],[-106.5944296,39.02998994],[-106.5979676,39.03170531],[-106.5994685,39.03374231],[-106.5989325,39.0367442],[-106.5977532,39.03921004],[-106.5972171,39.04371288],[-106.5972171,39.04478499],[-106.5949657,39.04542825],[-106.5891763,39.04553546],[-106.5842446,39.04714362],[-106.5807067,39.04875178],[-106.5775976,39.05325462],[-106.5780264,39.05625651],[-106.5779192,39.05786467],[-106.5775976,39.06054493],[-106.5768471,39.06333241],[-106.577276,39.06611988],[-106.5775976,39.07276693],[-106.5795274,39.0755544],[-106.5794202,39.07748419],[-106.5779192,39.07909235],[-106.5770615,39.07941398],[-106.5800634,39.08177261],[-106.5832797,39.08295193],[-106.5848879,39.08488172],[-106.5863888,39.0877764],[-106.5860672,39.09056387],[-106.5861744,39.09410182],[-106.5838158,39.09785419],[-106.5802778,39.10214261],[-106.5766327,39.10396519],[-106.5733092,39.10439403],[-106.5706289,39.10417961],[-106.5702001,39.10353634],[-106.5689135,39.10396519],[-106.5684847,39.10525171],[-106.5669837,39.10503729],[-106.5639818,39.10600219],[-106.5633386,39.10728871],[-106.5634458,39.10825361],[-106.5647323,39.10911129],[-106.5645179,39.11200597],[-106.5649467,39.11404297],[-106.5638746,39.11575834],[-106.5606583,39.11790255],[-106.5581925,39.12026118],[-106.5582997,39.12422797],[-106.5592646,39.12465681],[-106.5590502,39.12583613],[-106.5602295,39.12712265],[-106.5604439,39.12840918],[-106.5637674,39.13119665],[-106.5646251,39.13237597],[-106.5641963,39.13419855],[-106.5631242,39.1347346],[-106.5624809,39.13591392],[-106.5605511,39.1378437],[-106.559479,39.13966628],[-106.5596934,39.1408456],[-106.5587285,39.14406191],[-106.5602295,39.14534844],[-106.5610872,39.14781428],[-106.5606583,39.14952965],[-106.5621593,39.15070896],[-106.5625881,39.15199549],[-106.5613016,39.15564065],[-106.5587285,39.15649833],[-106.5572276,39.15671275],[-106.5563699,39.15799928],[-106.5516526,39.16143001],[-106.5497229,39.16067954],[-106.5486507,39.16057233],[-106.5450056,39.15885696],[-106.5428614,39.15885696],[-106.5413604,39.15832091],[-106.538573,39.15789207],[-106.5361071,39.15939302],[-106.5357855,39.16260933],[-106.5351422,39.16314538],[-106.5326764,39.16250212],[-106.5312826,39.16121559],[-106.5273159,39.16100117],[-106.5239923,39.15874975],[-106.5209904,39.15735602],[-106.5192751,39.15864254],[-106.5189534,39.15971465],[-106.5163804,39.16035791],[-106.5123064,39.16314538],[-106.5111271,39.16357422],[-106.5086612,39.16668333],[-106.5084468,39.16818428],[-106.5090901,39.16882754],[-106.5087684,39.17000685],[-106.5095189,39.17193664],[-106.5099478,39.17461691],[-106.5082324,39.17729717],[-106.5082324,39.17804764],[-106.5067314,39.17879812],[-106.5048017,39.17901254],[-106.5026574,39.18040627],[-106.4996555,39.18383701],[-106.4990123,39.18619564],[-106.4986907,39.18951917],[-106.4982618,39.1909129],[-106.498369,39.19198501],[-106.4977258,39.19327153],[-106.495796,39.19445085],[-106.4949383,39.19638064],[-106.4936518,39.19831043],[-106.4946167,39.20013301],[-106.493759,39.20635121],[-106.4949383,39.20849542],[-106.4948311,39.21010358],[-106.4936518,39.2133199],[-106.4929013,39.21589295],[-106.4938662,39.21868042],[-106.4934373,39.22007416],[-106.4918292,39.22082463],[-106.4912931,39.22275442],[-106.492258,39.22522026],[-106.4918292,39.22607795],[-106.4897922,39.2276861],[-106.490221,39.22832937],[-106.4926869,39.22940147],[-106.4950455,39.23186731],[-106.4972969,39.23293942],[-106.4986907,39.23497642],[-106.4987979,39.23604852],[-106.4981546,39.23744226],[-106.4979402,39.23947926],[-106.4975113,39.24055136],[-106.4976185,39.24205231],[-106.4967609,39.24333884],[-106.4939734,39.244947],[-106.4882912,39.24923542],[-106.4868975,39.25234452],[-106.4862542,39.25277336],[-106.486147,39.25395268],[-106.4840028,39.25502478],[-106.4831451,39.25513199],[-106.4829307,39.25802668],[-106.4812153,39.25920599],[-106.4811081,39.25984925],[-106.4823947,39.26081415],[-106.4830379,39.26210068],[-106.4832523,39.26424489],[-106.48411,39.2654242],[-106.4834668,39.26885494],[-106.4836812,39.27174962],[-106.4832523,39.27271452],[-106.4897922,39.27314336],[-106.4910787,39.27400104],[-106.4912931,39.27496594],[-106.4927941,39.27625246],[-106.4932229,39.2776462],[-106.4953671,39.2787183],[-106.4985834,39.27936157],[-106.4999772,39.2817202],[-106.502443,39.28332835],[-106.5040512,39.28472209],[-106.5045872,39.28740235],[-106.5033007,39.28901051],[-106.5028719,39.28997541],[-106.5036223,39.29362056],[-106.5035151,39.2950143],[-106.5028719,39.29662246],[-106.5026574,39.29801619],[-106.5016925,39.29983877],[-106.49987,39.30144693],[-106.4962248,39.30284067],[-106.4941878,39.30305509],[-106.4924724,39.30401998],[-106.4925797,39.30573535],[-106.4918292,39.30659303],[-106.488184,39.30905888],[-106.4874336,39.30895166],[-106.4863614,39.31141751],[-106.4850749,39.31259682],[-106.48411,39.31291845],[-106.4761764,39.31474103],[-106.4761764,39.31248961],[-106.475426,39.31098866],[-106.4742467,39.3103454],[-106.4728529,39.30841561],[-106.4707087,39.30787956],[-106.4686717,39.30787956],[-106.4669563,39.3092733],[-106.4668491,39.31045261],[-106.4655626,39.31163193],[-106.4634184,39.31152472],[-106.4614886,39.31259682],[-106.4590228,39.31302566],[-106.4559137,39.31216798],[-106.4541983,39.31227519],[-106.4526973,39.31431219],[-106.4523757,39.31570593],[-106.4506603,39.31667082],[-106.4485161,39.31667082],[-106.4458359,39.31549151],[-106.4425124,39.31527708],[-106.4397249,39.31731408],[-106.4382239,39.31688524],[-106.4344716,39.31709966],[-106.4324346,39.31634919],[-106.4309336,39.31827898],[-106.4303976,39.31935108],[-106.4280389,39.32149529],[-106.4280389,39.32246019],[-106.4269668,39.32331787],[-106.4280389,39.32707024],[-106.4286822,39.32814234],[-106.4286822,39.33253797],[-106.4293255,39.33318124],[-106.4294327,39.33436055],[-106.4286822,39.33543266],[-106.4308264,39.33553987],[-106.4323274,39.33596871],[-106.4335067,39.33746966],[-106.4338283,39.33929224],[-106.4349004,39.34111482],[-106.4353292,39.3440095],[-106.4349004,39.34615371],[-106.4351148,39.34722581],[-106.4337211,39.35108539],[-106.4339355,39.35162144],[-106.4335067,39.3541945],[-106.4308264,39.35708918],[-106.4294327,39.35805407],[-106.4290038,39.35998386],[-106.4281461,39.36084155],[-106.426538,39.36191365]]]},"properties":{"name":"Pitkin=PIT","type":"county"}},
{"type":"Feature","geometry":{"type":"Polygon","coordinates":[[[-102.7423563,38.2669728],[-102.7419275,38.25003354],[-102.7421419,38.23899086],[-102.7423563,38.2353457],[-102.7423563,38.21583339],[-102.7422491,38.2015744],[-102.7424635,38.17112661],[-102.7423563,38.15751088],[-102.7418203,38.1250261],[-102.7417131,38.0965081],[-102.7414986,38.08600147],[-102.7412842,38.00001865],[-102.7410698,37.99787444],[-102.7406409,37.88658994],[-102.7403193,37.86321805],[-102.7404265,37.82408622],[-102.7407482,37.82355017],[-102.7477168,37.82344296],[-102.7480385,37.82322854],[-102.7478241,37.80382344],[-102.7478241,37.72545256],[-102.7477168,37.68717841],[-102.7477168,37.68353325],[-102.7476096,37.64365095],[-102.6395414,37.64365095],[-102.6254969,37.64365095],[-102.6205652,37.64343653],[-102.5806829,37.64365095],[-102.5648157,37.64375816],[-102.5595624,37.64365095],[-102.4993101,37.64386537],[-102.4616792,37.64365095],[-102.4197599,37.64386537],[-102.4012125,37.64407979],[-102.373981,37.644187],[-102.3631528,37.64440142],[-102.3559697,37.64429421],[-102.3550048,37.644187],[-102.328631,37.644187],[-102.2739536,37.64397258],[-102.2615172,37.644187],[-102.2379309,37.64407979],[-102.2372876,37.644187],[-102.222707,37.644187],[-102.2193835,37.644187],[-102.2012649,37.644187],[-102.1833608,37.64407979],[-102.1639557,37.64429421],[-102.1563437,37.64440142],[-102.148839,37.644187],[-102.0909453,37.64429421],[-102.0557803,37.64407979],[-102.0416285,37.64429421],[-102.0417357,37.66595073],[-102.0416285,37.69672014],[-102.0418429,37.72395161],[-102.042379,37.74818118],[-102.0421645,37.75000376],[-102.0422717,37.7615825],[-102.0428078,37.79706917],[-102.042915,37.82430064],[-102.0431294,37.84467064],[-102.0432366,37.87501121],[-102.0438799,37.9279732],[-102.0445232,37.98458034],[-102.0446304,38.02692849],[-102.0447376,38.0412947],[-102.0445232,38.06541706],[-102.0443087,38.11291131],[-102.0442015,38.14175094],[-102.044416,38.14614657],[-102.044416,38.15986951],[-102.0443087,38.18742261],[-102.0445232,38.23363034],[-102.044416,38.23416639],[-102.044416,38.24467302],[-102.0447376,38.24906865],[-102.0448448,38.26129064],[-102.044416,38.26236275],[-102.0445232,38.26879538],[-102.0641427,38.26879538],[-102.0663941,38.26868817],[-102.0839766,38.26868817],[-102.0880506,38.26858096],[-102.110136,38.26858096],[-102.1174263,38.26836654],[-102.1194633,38.26858096],[-102.1254671,38.26847375],[-102.1322214,38.26847375],[-102.1347944,38.26836654],[-102.1368314,38.26847375],[-102.1565581,38.26825933],[-102.1574158,38.26847375],[-102.1811093,38.26825933],[-102.1858266,38.26858096],[-102.216596,38.26815212],[-102.2292469,38.26825933],[-102.3195181,38.2679377],[-102.32252,38.26804491],[-102.3605797,38.26815212],[-102.4342333,38.2679377],[-102.467683,38.26761606],[-102.4681119,38.26783049],[-102.4741156,38.26783049],[-102.4853727,38.2679377],[-102.5004894,38.26772327],[-102.5265416,38.26761606],[-102.5729637,38.26718722],[-102.618957,38.26750885],[-102.6369684,38.26750885],[-102.6549798,38.26729443],[-102.7220935,38.26708001],[-102.7238089,38.26729443],[-102.7423563,38.2669728]]]},"properties":{"name":"Prowers=PRO","type":"county"}},
{"type":"Feature","geometry":{"type":"Polygon","coordinates":[[[-105.0492047,38.25796712],[-105.0492047,38.25003354],[-105.0487758,38.23974133],[-105.0482398,38.12781357],[-105.0501696,38.11741415],[-105.0507056,38.11387621],[-105.0495263,38.03990096],[-105.0499551,38.00688012],[-105.0501696,38.00001865],[-105.0499551,37.98533081],[-105.0500624,37.98500918],[-105.0501696,37.98168566],[-105.0499551,37.91542957],[-105.0494191,37.91521515],[-105.0445946,37.9116772],[-105.0445946,37.91028346],[-105.0439514,37.90953299],[-105.0398774,37.90813925],[-105.0390197,37.90610225],[-105.038698,37.9044941],[-105.0360178,37.90406525],[-105.0329087,37.90535178],[-105.0316222,37.90417246],[-105.0335519,37.89881194],[-105.034624,37.89613168],[-105.0348385,37.89463073],[-105.0336592,37.89355862],[-105.0304428,37.89205768],[-105.0217588,37.88744763],[-105.0196146,37.88701878],[-105.015755,37.88551784],[-105.013718,37.88348084],[-105.013718,37.88122942],[-104.9877731,37.88283757],[-104.9577541,37.88444573],[-104.9469259,37.88519621],[-104.9457465,37.885089],[-104.9013614,37.88734042],[-104.8755237,37.88873415],[-104.8683406,37.88916299],[-104.846148,37.8902351],[-104.7505162,37.89527399],[-104.6736463,37.89913357],[-104.6693579,37.89924078],[-104.6687146,37.89934799],[-104.6464148,37.90052731],[-104.5975268,37.88669715],[-104.5267679,37.86707763],[-104.3511571,37.81743917],[-104.2504864,37.78902839],[-104.247699,37.78806349],[-104.1261223,37.7534345],[-104.1247285,37.75322008],[-104.1046802,37.74721629],[-104.0611527,37.73467266],[-104.0616887,37.75000376],[-104.0616887,37.76308344],[-104.0621176,37.79213749],[-104.0619032,37.82269248],[-104.0600806,37.82301411],[-104.0593301,37.87501121],[-104.0593301,37.9586354],[-104.0594373,37.97975587],[-104.0593301,37.99079855],[-104.0595445,37.99658792],[-104.0594373,38.05437438],[-104.0591157,38.07624532],[-104.0590085,38.10369121],[-104.0587941,38.10519215],[-104.0586869,38.1148411],[-104.0580436,38.1414293],[-104.058258,38.1464682],[-104.0583652,38.16565888],[-104.058258,38.17412851],[-104.0583652,38.17873856],[-104.0584724,38.19996624],[-104.058258,38.22580397],[-104.0584724,38.25217775],[-104.0583652,38.2608618],[-104.0579364,38.26161228],[-104.0547201,38.2618267],[-104.0554705,38.32368716],[-104.0557922,38.3751482],[-104.0558994,38.40302293],[-104.0561138,38.41342235],[-104.0563282,38.43572213],[-104.0555777,38.46520502],[-104.0552561,38.47335302],[-104.0550417,38.48407407],[-104.0547201,38.49190043],[-104.0545056,38.50723154],[-104.054184,38.51956074],[-104.0539696,38.52234822],[-104.0834525,38.52245543],[-104.0902067,38.52202658],[-104.1242997,38.52170495],[-104.1288025,38.52181216],[-104.1501374,38.52170495],[-104.152496,38.52191937],[-104.1652541,38.52224101],[-104.1935577,38.52181216],[-104.2515585,38.52127611],[-104.2985167,38.52095448],[-104.354159,38.52084727],[-104.3754939,38.52063285],[-104.3818193,38.52074006],[-104.3960783,38.52074006],[-104.4002595,38.52063285],[-104.4107661,38.52063285],[-104.4131248,38.52041843],[-104.4228809,38.52031122],[-104.440249,38.52041843],[-104.4800241,38.52031122],[-104.5005013,38.51988237],[-104.5326645,38.51988237],[-104.590987,38.51998958],[-104.6051388,38.52031122],[-104.6170391,38.5200968],[-104.6312981,38.52020401],[-104.6843673,38.51945353],[-104.7414033,38.51966795],[-104.7505162,38.51988237],[-104.7705646,38.51988237],[-104.7871822,38.5200968],[-104.7960807,38.52020401],[-104.7981177,38.51998958],[-104.8160218,38.51998958],[-104.8232049,38.51977516],[-104.8260996,38.51977516],[-104.8361774,38.51998958],[-104.8661963,38.51988237],[-104.8666252,38.51998958],[-104.8819563,38.5200968],[-104.8883889,38.51988237],[-104.8956792,38.52031122],[-104.9329885,38.52031122],[-104.9415653,38.51956074],[-104.9414581,38.50315754],[-104.9413509,38.50004843],[-104.9413509,38.47592607],[-104.9410293,38.45898681],[-104.9409221,38.45823634],[-104.9409221,38.43293466],[-104.9410293,38.37793567],[-104.9409221,38.3721463],[-104.940386,38.25828875],[-104.9943129,38.25807433],[-105.0005311,38.25796712],[-105.0492047,38.25796712]]]},"properties":{"name":"Pueblo=PUE","type":"county"}},
{"type":"Feature","geometry":{"type":"Polygon","coordinates":[[[-107.4393556,40.22335003],[-107.4393556,40.22045535],[-107.4505055,40.22045535],[-107.4956411,40.22002651],[-107.5005728,40.22045535],[-107.5066838,40.22045535],[-107.5250168,40.22120582],[-107.5564295,40.22206351],[-107.5836609,40.22249235],[-107.6033877,40.22313561],[-107.6120717,40.22367166],[-107.613251,40.2241005],[-107.6255802,40.22420772],[-107.6340499,40.2241005],[-107.653991,40.22431493],[-107.653991,40.22345724],[-107.6687861,40.22335003],[-107.6793999,40.22356445],[-107.7193894,40.22356445],[-107.7454416,40.22345724],[-107.7535896,40.22388608],[-107.7630241,40.22367166],[-107.7635601,40.22259956],[-107.7801778,40.22249235],[-107.7885402,40.22270677],[-107.8081597,40.22270677],[-107.8096607,40.22259956],[-107.8397868,40.22249235],[-107.8416094,40.22249235],[-107.8600496,40.22238514],[-107.8755951,40.22238514],[-107.9423873,40.22206351],[-107.9912753,40.22238514],[-107.9951348,40.22217072],[-108.0006026,40.22227793],[-108.0119669,40.22206351],[-108.12561,40.22163466],[-108.1257172,40.22174187],[-108.159703,40.22163466],[-108.372087,40.22206351],[-108.5006323,40.22238514],[-108.5353685,40.22238514],[-108.6882507,40.22249235],[-108.707227,40.22270677],[-108.7506472,40.22281398],[-108.8756547,40.22281398],[-108.9633529,40.22259956],[-109.0006621,40.22249235],[-109.0269287,40.22270677],[-109.0276792,40.22259956],[-109.0417237,40.22259956],[-109.0454761,40.22270677],[-109.0508366,40.22270677],[-109.0509439,40.14798105],[-109.0508366,40.13490137],[-109.0509439,40.12493079],[-109.0510511,40.12310821],[-109.0509439,40.11420974],[-109.0510511,40.11067179],[-109.0508366,40.09244601],[-109.0509439,40.09158832],[-109.0509439,40.08054564],[-109.0508366,40.07754375],[-109.0508366,40.05642328],[-109.0509439,39.99992335],[-109.0506222,39.8749159],[-109.0508366,39.75001567],[-109.0511583,39.6604949],[-108.9928358,39.66028048],[-108.895703,39.6604949],[-108.895703,39.6503099],[-108.8886272,39.6503099],[-108.8860541,39.65052432],[-108.8757619,39.65020269],[-108.8582866,39.65106037],[-108.8519612,39.6503099],[-108.8195836,39.65020269],[-108.7869916,39.65009548],[-108.7806662,39.65009548],[-108.7506472,39.65009548],[-108.7361738,39.64988106],[-108.7302772,39.64998827],[-108.715375,39.64977385],[-108.6813893,39.64966664],[-108.6460098,39.64977385],[-108.6160981,39.64998827],[-108.6015174,39.64988106],[-108.5546664,39.65020269],[-108.5547737,39.69362294],[-108.51725,39.694159],[-108.4950574,39.69394458],[-108.3870964,39.69426621],[-108.3506449,39.694159],[-108.3282379,39.69437342],[-108.3112986,39.69469505],[-108.2925368,39.69426621],[-108.27281,39.69437342],[-108.2549059,39.69405179],[-108.2179183,39.69383736],[-108.2179183,39.69512389],[-108.1699952,39.69512389],[-108.1642058,39.69512389],[-108.1263605,39.6952311],[-108.1263605,39.69512389],[-108.0687884,39.69512389],[-108.0603188,39.69533831],[-108.0512059,39.6952311],[-108.0326585,39.69458784],[-108.0133606,39.6952311],[-108.0029612,39.69490947],[-108.0006026,39.69437342],[-107.9840922,39.69426621],[-107.9690827,39.69437342],[-107.9447459,39.69426621],[-107.9385277,39.69448063],[-107.9385277,39.70166373],[-107.9387421,39.70530889],[-107.9385277,39.73211151],[-107.9386349,39.75001567],[-107.9385277,39.82495581],[-107.8755951,39.82495581],[-107.8716283,39.8248486],[-107.7872537,39.82506302],[-107.7505877,39.82710002],[-107.7278591,39.82827933],[-107.694195,39.83010191],[-107.6911931,39.8299947],[-107.6639616,39.82978028],[-107.6255802,39.82956586],[-107.609177,39.82935144],[-107.5447435,39.82806491],[-107.5005728,39.82827933],[-107.4765576,39.82827933],[-107.4317436,39.82838654],[-107.4317436,39.85465312],[-107.4316364,39.87502311],[-107.4316364,39.91769289],[-107.3187438,39.91501263],[-107.3192798,40.00003056],[-107.3192798,40.00378292],[-107.3171356,40.00378292],[-107.3170284,40.09073064],[-107.2188236,40.09083785],[-107.1256577,40.09105227],[-107.1018569,40.09148111],[-107.0373162,40.09158832],[-107.0374234,40.11099343],[-107.0376378,40.125038],[-107.0376378,40.16556357],[-107.0383883,40.16567078],[-107.0382811,40.17328273],[-107.0379595,40.20287283],[-107.0377451,40.21037756],[-107.0379595,40.22538703],[-107.0404253,40.22549424],[-107.0471796,40.22517261],[-107.0560781,40.22517261],[-107.0597232,40.22527982],[-107.0765553,40.22538703],[-107.0960676,40.22603029],[-107.0960676,40.22517261],[-107.1256577,40.22517261],[-107.2505579,40.22420772],[-107.3130616,40.22388608],[-107.3694543,40.22335003],[-107.4002238,40.22345724],[-107.4149116,40.22367166],[-107.4393556,40.22335003]]]},"properties":{"name":"RioBlanco=RIB","type":"county"}},
{"type":"Feature","geometry":{"type":"Polygon","coordinates":[[[-106.6938138,37.83523611],[-106.6940282,37.81765359],[-106.6943498,37.78291739],[-106.694457,37.78034434],[-106.6945642,37.76072481],[-106.6946715,37.75129029],[-106.6952075,37.75129029],[-106.6952075,37.75000376],[-106.6956363,37.71537477],[-106.6957436,37.69328941],[-106.6956363,37.66423536],[-106.7116107,37.66423536],[-106.7118251,37.63228663],[-106.7110747,37.60923638],[-106.7111819,37.60055232],[-106.710753,37.52196703],[-106.7108602,37.47897562],[-106.710753,37.4042499],[-106.6783755,37.40360663],[-106.6783755,37.40371384],[-106.6478205,37.40317779],[-106.6468556,37.403285],[-106.6265928,37.40242732],[-106.6264856,37.40253453],[-106.614478,37.40232011],[-106.6143708,37.4022129],[-106.5884258,37.40274895],[-106.5760966,37.40232011],[-106.5636602,37.4022129],[-106.5445767,37.40232011],[-106.5445767,37.4022129],[-106.5236707,37.4022129],[-106.5218481,37.4022129],[-106.4986907,37.40178405],[-106.4879696,37.40156963],[-106.4879696,37.39931821],[-106.375613,37.40071195],[-106.3691804,37.40081916],[-106.3508474,37.40103358],[-106.3502041,37.401248],[-106.2448162,37.40092637],[-106.1763087,37.40092637],[-106.175987,37.40114079],[-106.1625857,37.40103358],[-106.0940782,37.40114079],[-106.0577339,37.40103358],[-106.0392937,37.40081916],[-106.0394009,37.44434662],[-106.0392937,37.53772697],[-106.0392937,37.5748218],[-106.0391864,37.58372028],[-106.0390792,37.64547352],[-106.038436,37.74839561],[-106.2048267,37.74807397],[-106.2525353,37.74807397],[-106.2535002,37.74818118],[-106.259504,37.74818118],[-106.2877004,37.7482884],[-106.2916672,37.74818118],[-106.3325144,37.74818118],[-106.3508474,37.74839561],[-106.4231073,37.7482884],[-106.4778918,37.7482884],[-106.4866831,37.74807397],[-106.5322475,37.74839561],[-106.5863888,37.74785955],[-106.5866033,37.75000376],[-106.5864961,37.77627034],[-106.5870321,37.7861337],[-106.5872465,37.79085096],[-106.5871393,37.83437843],[-106.619088,37.83480727],[-106.6256279,37.83448564],[-106.6938138,37.83523611]]]},"properties":{"name":"RioGrande=RIG","type":"county"}},
{"type":"Feature","geometry":{"type":"Polygon","coordinates":[[[-107.0339927,39.91887221],[-107.0006502,39.91908663],[-106.9935743,39.918765],[-106.9836038,39.91887221],[-106.9362167,39.918765],[-106.9150962,39.91887221],[-106.8756428,39.918765],[-106.8580603,39.91919384],[-106.8576314,39.91919384],[-106.8369398,39.91919384],[-106.8332946,39.91940826],[-106.7988801,39.9198371],[-106.7923402,39.92005152],[-106.785586,39.9198371],[-106.7742216,39.91994431],[-106.7665025,39.9198371],[-106.7506353,39.92005152],[-106.7253337,39.92058758],[-106.7130044,39.92058758],[-106.6532882,39.91994431],[-106.6265928,39.91865779],[-106.6265928,39.92476878],[-106.6265928,39.95200025],[-106.6261639,40.00003056],[-106.6264856,40.00185314],[-106.6369922,40.00206756],[-106.6369922,40.12353705],[-106.6370994,40.125038],[-106.6369922,40.17896488],[-106.6331326,40.17896488],[-106.6324894,40.26644865],[-106.6322749,40.30965448],[-106.6324894,40.31115543],[-106.6322749,40.32316301],[-106.6322749,40.32830911],[-106.6323821,40.32873795],[-106.6322749,40.34160321],[-106.6498575,40.34160321],[-106.6528594,40.34160321],[-106.6529666,40.36443905],[-106.6522161,40.44516856],[-106.6521089,40.44527577],[-106.6522161,40.44624066],[-106.6515728,40.44827766],[-106.6517873,40.44977861],[-106.6538242,40.44956419],[-106.655754,40.45020745],[-106.6563973,40.45149398],[-106.6566117,40.45363819],[-106.6565045,40.45599682],[-106.6589704,40.45942756],[-106.6588631,40.46017803],[-106.6574694,40.46242945],[-106.6581127,40.46414482],[-106.6584343,40.46661066],[-106.6578982,40.47154234],[-106.6590776,40.47207839],[-106.6596136,40.47175676],[-106.6634732,40.47057745],[-106.6652958,40.47057745],[-106.6663679,40.47122071],[-106.6673328,40.47261445],[-106.6673328,40.47486587],[-106.6670111,40.47604518],[-106.6647597,40.47711729],[-106.663902,40.47818939],[-106.6632588,40.48022639],[-106.6605785,40.48140571],[-106.6590776,40.48247781],[-106.6574694,40.48312108],[-106.6561829,40.4844076],[-106.6561829,40.48558692],[-106.657255,40.48698065],[-106.6578982,40.48912486],[-106.659292,40.49019697],[-106.6575766,40.49116186],[-106.6563973,40.49137628],[-106.6539315,40.49244839],[-106.6530738,40.49469981],[-106.6536098,40.49587913],[-106.6545747,40.49641518],[-106.6550036,40.49802334],[-106.6547891,40.49898823],[-106.6560757,40.49995312],[-106.6562901,40.5017757],[-106.6555396,40.50338386],[-106.6554324,40.50713623],[-106.6558612,40.50917323],[-106.6566117,40.50970928],[-106.659292,40.51056696],[-106.6611146,40.5119607],[-106.6607929,40.5129256],[-106.6589704,40.51431933],[-106.6596136,40.5149626],[-106.6617578,40.51592749],[-106.6646525,40.51828612],[-106.6656174,40.51946544],[-106.6671184,40.5201087],[-106.669477,40.5201087],[-106.67205,40.5211808],[-106.6736582,40.52364665],[-106.6736582,40.52589807],[-106.6732294,40.52697017],[-106.6714068,40.53018649],[-106.6699058,40.53158022],[-106.669477,40.53243791],[-106.6697986,40.53447491],[-106.6717284,40.53586864],[-106.6747303,40.53694075],[-106.6766601,40.53801285],[-106.6773033,40.53972822],[-106.6774106,40.54251569],[-106.6782682,40.54401664],[-106.6798764,40.54455269],[-106.6834143,40.54455269],[-106.6838432,40.54498154],[-106.6839504,40.54648248],[-106.6847009,40.54894832],[-106.6862018,40.55130696],[-106.6877028,40.55205743],[-106.6887749,40.55323674],[-106.6913479,40.55516653],[-106.6928489,40.55666748],[-106.6928489,40.55859727],[-106.6917768,40.56117032],[-106.6922056,40.56352895],[-106.6941354,40.56695969],[-106.6960652,40.56921111],[-106.6968157,40.57049763],[-106.6971373,40.57264184],[-106.6988527,40.57510769],[-106.6999248,40.57575095],[-106.7011041,40.57703748],[-106.7023906,40.57800237],[-106.702069,40.57875284],[-106.7001392,40.58025379],[-106.6999248,40.58196916],[-106.6986382,40.58347011],[-106.6997103,40.58604316],[-106.697995,40.58872342],[-106.6947787,40.59204695],[-106.6940282,40.59354789],[-106.6942426,40.5956921],[-106.6952075,40.59815794],[-106.6983166,40.59933726],[-106.6983166,40.60137426],[-106.6987454,40.60201752],[-106.7018546,40.60437615],[-106.7024978,40.60619873],[-106.7045348,40.60759247],[-106.7036771,40.60866457],[-106.7037843,40.61059436],[-106.7060358,40.61434673],[-106.706143,40.61659815],[-106.7037843,40.6201361],[-106.7039988,40.62185146],[-106.7034627,40.62281636],[-106.7011041,40.62549662],[-106.7018546,40.62689036],[-106.7032483,40.6273192],[-106.7028194,40.62774804],[-106.7004608,40.62774804],[-106.6983166,40.62753362],[-106.6969229,40.62924899],[-106.6971373,40.62989225],[-106.6942426,40.63289415],[-106.6911335,40.63439509],[-106.6889893,40.63503836],[-106.68781,40.6345023],[-106.6867379,40.63471673],[-106.6871667,40.63578883],[-106.6888821,40.63879072],[-106.6886677,40.63964841],[-106.6859874,40.64147099],[-106.6845937,40.64372241],[-106.6835216,40.64479451],[-106.6828783,40.64683151],[-106.6800908,40.64801083],[-106.6806269,40.64929735],[-106.6820206,40.6497262],[-106.6852369,40.64940456],[-106.6877028,40.64983341],[-106.6886677,40.6507983],[-106.6912407,40.65540835],[-106.6920984,40.65776698],[-106.6917768,40.65991119],[-106.6904902,40.65991119],[-106.6884532,40.66119772],[-106.685773,40.66237703],[-106.6855586,40.66291309],[-106.6860946,40.66666545],[-106.6871667,40.67063224],[-106.6872739,40.67191877],[-106.6860946,40.67374135],[-106.6847009,40.6742774],[-106.6823422,40.67470624],[-106.6810557,40.67513508],[-106.6823422,40.67792256],[-106.6835216,40.67824419],[-106.6847009,40.67963793],[-106.6870595,40.68060282],[-106.6875956,40.6814605],[-106.6868451,40.68306866],[-106.6844865,40.68263982],[-106.6814846,40.68328308],[-106.679662,40.68424798],[-106.6794476,40.68596334],[-106.6783755,40.6864994],[-106.6751591,40.68724987],[-106.6729077,40.68832198],[-106.6723717,40.68896524],[-106.6725861,40.69014455],[-106.6685121,40.6946474],[-106.667976,40.69625555],[-106.6685121,40.69861418],[-106.6707635,40.70108003],[-106.6709779,40.70300981],[-106.6719428,40.70451076],[-106.67205,40.70633334],[-106.6725861,40.70686939],[-106.6724789,40.70847755],[-106.6689409,40.71030013],[-106.6688337,40.71169387],[-106.6704419,40.71415971],[-106.6711924,40.71641113],[-106.6697986,40.71973465],[-106.6703347,40.72145002],[-106.6719428,40.72284376],[-106.6733366,40.72295097],[-106.6737654,40.72402307],[-106.6724789,40.7253096],[-106.6724789,40.72616728],[-106.6701202,40.72766823],[-106.669477,40.72874033],[-106.6701202,40.72991965],[-106.6705491,40.73217107],[-106.6730149,40.7345297],[-106.6738726,40.73506575],[-106.6764457,40.73560181],[-106.6766601,40.73667391],[-106.6747303,40.73667391],[-106.6711924,40.73871091],[-106.6682977,40.73913975],[-106.6649741,40.74214165],[-106.6629371,40.74299933],[-106.6625083,40.74482191],[-106.6643309,40.74814544],[-106.6651886,40.74889591],[-106.6642237,40.75093291],[-106.6619722,40.75243386],[-106.661329,40.75339875],[-106.661865,40.75404201],[-106.6634732,40.75404201],[-106.6642237,40.75640064],[-106.6660462,40.75833043],[-106.669477,40.75961696],[-106.670013,40.76026022],[-106.6696914,40.76165396],[-106.6689409,40.76294048],[-106.6662607,40.76487027],[-106.6647597,40.76551354],[-106.663366,40.76701448],[-106.6634732,40.76830101],[-106.6620795,40.77055243],[-106.6591848,40.77291106],[-106.6545747,40.77451922],[-106.6524305,40.77559132],[-106.6492142,40.7753769],[-106.6497503,40.77730669],[-106.649107,40.77880764],[-106.6493214,40.78009417],[-106.6474988,40.78266722],[-106.6452474,40.78395374],[-106.6426744,40.78481143],[-106.6425671,40.78545469],[-106.6398869,40.78706285],[-106.6392436,40.78813495],[-106.636885,40.78952869],[-106.6359201,40.79188732],[-106.636885,40.79413874],[-106.6365634,40.79671179],[-106.636885,40.79960648],[-106.6358129,40.80260837],[-106.6364561,40.80346605],[-106.6354913,40.80475258],[-106.6367778,40.80561026],[-106.6370994,40.80925542],[-106.6354913,40.81139963],[-106.6367778,40.81290058],[-106.6380643,40.81332942],[-106.6392436,40.81450874],[-106.6393508,40.81579526],[-106.6383859,40.81697458],[-106.640959,40.81868995],[-106.642996,40.82040531],[-106.6434248,40.82147742],[-106.6447114,40.82115579],[-106.6483565,40.82158463],[-106.6513584,40.82308558],[-106.6529666,40.82340721],[-106.6550036,40.82308558],[-106.6584343,40.82394326],[-106.6590776,40.82372884],[-106.6590776,40.82555142],[-106.6600425,40.82662352],[-106.6640092,40.82823168],[-106.6640092,40.82930379],[-106.6629371,40.83166242],[-106.6636876,40.83316336],[-106.6640092,40.83498594],[-106.6634732,40.83595084],[-106.6634732,40.83723736],[-106.6627227,40.83798784],[-106.661329,40.84088252],[-106.6617578,40.84216905],[-106.6626155,40.84334836],[-106.6588631,40.84399162],[-106.6571478,40.84484931],[-106.6544675,40.84549257],[-106.6540387,40.84602862],[-106.6546819,40.84720794],[-106.6545747,40.84913773],[-106.6554324,40.84999541],[-106.6575766,40.85321173],[-106.6599352,40.85439104],[-106.6615434,40.85567757],[-106.6640092,40.85685688],[-106.6645453,40.85674967],[-106.6644381,40.8591083],[-106.665939,40.85825062],[-106.6673328,40.85975157],[-106.6671184,40.86093088],[-106.667976,40.86275346],[-106.6681905,40.86511209],[-106.673551,40.86704188],[-106.6754808,40.86693467],[-106.6769817,40.86789957],[-106.6779466,40.86789957],[-106.6794476,40.86950772],[-106.6805197,40.8722952],[-106.6803052,40.8743322],[-106.682235,40.87583314],[-106.6826639,40.87765572],[-106.6848081,40.87862062],[-106.6862018,40.88065762],[-106.6859874,40.88290904],[-106.6853441,40.8846244],[-106.6858802,40.88580372],[-106.6875956,40.88633977],[-106.6916696,40.88816235],[-106.6941354,40.88805514],[-106.6992815,40.88537488],[-106.7003536,40.88419556],[-106.7001392,40.88269461],[-106.7014257,40.8815153],[-106.7034627,40.88044319],[-106.7035699,40.87872783],[-106.7045348,40.87669083],[-106.7057141,40.87604756],[-106.7136477,40.87401056],[-106.7197587,40.8733673],[-106.7219029,40.87293846],[-106.7268346,40.8713303],[-106.7283355,40.87122309],[-106.7338033,40.87250962],[-106.7353042,40.87250962],[-106.7365908,40.87315288],[-106.7389494,40.87272404],[-106.7393782,40.87079425],[-106.7409864,40.8722952],[-106.7412008,40.87326009],[-106.7425945,40.87497546],[-106.7421657,40.87711967],[-106.7434522,40.87808456],[-106.7442027,40.87915667],[-106.7459181,40.87979993],[-106.7465613,40.88087204],[-106.7467758,40.88237298],[-106.7446315,40.8846244],[-106.7430234,40.88698304],[-106.740772,40.88955609],[-106.7420585,40.89105703],[-106.7435594,40.89202193],[-106.7467758,40.89298682],[-106.751493,40.89405893],[-106.7564247,40.89384451],[-106.7583545,40.89405893],[-106.761678,40.89416614],[-106.7632862,40.89566709],[-106.7648943,40.89641756],[-106.7667169,40.89620314],[-106.7700404,40.89652477],[-106.7702549,40.8968464],[-106.7675746,40.89866898],[-106.767789,40.90220693],[-106.7689683,40.90413672],[-106.7712197,40.90424393],[-106.7737928,40.90542324],[-106.7763659,40.90574487],[-106.7777596,40.90542324],[-106.7787245,40.90638814],[-106.7808687,40.9070314],[-106.782048,40.90670977],[-106.784085,40.90542324],[-106.7858004,40.90360066],[-106.7869797,40.9029574],[-106.7885878,40.90285019],[-106.7885878,40.90177808],[-106.7894455,40.90081319],[-106.7920186,40.89995551],[-106.7934123,40.90081319],[-106.79427,40.90059877],[-106.7953421,40.89791851],[-106.797808,40.89641756],[-106.8005954,40.89588151],[-106.8020964,40.89695361],[-106.8048838,40.89727524],[-106.8078857,40.89941945],[-106.8075641,40.90059877],[-106.8053127,40.90199251],[-106.805956,40.90306461],[-106.805956,40.90520882],[-106.8063848,40.90660256],[-106.8084218,40.90853235],[-106.8098155,40.91142703],[-106.810566,40.9142145],[-106.8113165,40.91592987],[-106.8118525,40.91646592],[-106.8144256,40.9172164],[-106.8182852,40.91807408],[-106.8190356,40.91861013],[-106.8182852,40.92021829],[-106.818714,40.92257692],[-106.8197861,40.92407787],[-106.8200005,40.92525718],[-106.8226808,40.92804466],[-106.8235385,40.93029608],[-106.8245034,40.93168981],[-106.824825,40.92922397],[-106.8261115,40.92804466],[-106.8264332,40.92707976],[-106.8285774,40.92461392],[-106.8312576,40.92397066],[-106.83501,40.92418508],[-106.8371542,40.92364903],[-106.8381191,40.92429229],[-106.8405849,40.92472113],[-106.8456238,40.92504276],[-106.8484113,40.92429229],[-106.8500195,40.92418508],[-106.851306,40.92461392],[-106.8510916,40.92525718],[-106.8500195,40.92547161],[-106.8487329,40.92632929],[-106.8507699,40.92858071],[-106.8523781,40.92976003],[-106.8520565,40.93233308],[-106.8522709,40.93383402],[-106.8561305,40.93501334],[-106.855916,40.93694313],[-106.8564521,40.93758639],[-106.8593468,40.93844408],[-106.8621343,40.94090992],[-106.8624559,40.94187481],[-106.8621343,40.94434065],[-106.8622415,40.94723534],[-106.8628847,40.95034444],[-106.8639568,40.95366797],[-106.8646001,40.95420402],[-106.8678164,40.95495449],[-106.8694246,40.95581218],[-106.8698534,40.95666986],[-106.8695318,40.95902849],[-106.870175,40.96256644],[-106.8724265,40.96653323],[-106.8727481,40.96942791],[-106.8724265,40.97103607],[-106.8731769,40.97307307],[-106.8728553,40.97586054],[-106.8713544,40.97811196],[-106.8706039,40.98122107],[-106.8670659,40.9826148],[-106.8623487,40.98368691],[-106.8593468,40.98315085],[-106.857417,40.98132828],[-106.8558088,40.98390133],[-106.85538,40.98711764],[-106.8542007,40.98840417],[-106.8507699,40.99022675],[-106.8508772,40.99129885],[-106.8534502,40.99258538],[-106.8570954,40.9938719],[-106.8598828,40.99526564],[-106.8615982,40.99676659],[-106.861491,40.9999829],[-106.8577386,41.00266317],[-106.8756428,41.0029848],[-107.0006502,41.00341364],[-107.2179659,41.00287759],[-107.3177789,41.00287759],[-107.3178861,40.99858917],[-107.3164924,40.87497546],[-107.3135977,40.6936825],[-107.3133833,40.6864994],[-107.3142409,40.62496057],[-107.3141337,40.60030215],[-107.3714913,40.60030215],[-107.3713841,40.580361],[-107.3783528,40.56835342],[-107.3777096,40.56824621],[-107.3713841,40.57006879],[-107.3712769,40.54240848],[-107.428849,40.54219406],[-107.4285273,40.49995312],[-107.4285273,40.48494365],[-107.4284201,40.48022639],[-107.4285273,40.46971976],[-107.4290634,40.4445253],[-107.429385,40.44077293],[-107.4312076,40.37580336],[-107.4311004,40.37494568],[-107.4320653,40.33484895],[-107.4425719,40.33474174],[-107.4424647,40.30847517],[-107.4401061,40.24993824],[-107.4394628,40.24736518],[-107.4393556,40.22335003],[-107.4149116,40.22367166],[-107.4002238,40.22345724],[-107.3694543,40.22335003],[-107.3130616,40.22388608],[-107.2505579,40.22420772],[-107.1256577,40.22517261],[-107.0960676,40.22517261],[-107.0960676,40.22603029],[-107.0765553,40.22538703],[-107.0597232,40.22527982],[-107.0560781,40.22517261],[-107.0471796,40.22517261],[-107.0404253,40.22549424],[-107.0379595,40.22538703],[-107.0377451,40.21037756],[-107.0379595,40.20287283],[-107.0382811,40.17328273],[-107.0383883,40.16567078],[-107.0376378,40.16556357],[-107.0376378,40.125038],[-107.0374234,40.11099343],[-107.0373162,40.09158832],[-107.037209,40.05363581],[-107.0373162,40.00303245],[-107.0320629,40.00292524],[-107.0317413,39.9636862],[-107.032599,39.9636862],[-107.0321701,39.93967104],[-107.0339927,39.91887221]]]},"properties":{"name":"Routt=ROU","type":"county"}},
{"type":"Feature","geometry":{"type":"Polygon","coordinates":[[[-106.2469604,38.42274966],[-106.2506056,38.42296408],[-106.3191131,38.42339292],[-106.375613,38.42392898],[-106.3866557,38.42371455],[-106.4165674,38.42392898],[-106.4390816,38.42403619],[-106.4818586,38.42425061],[-106.5006204,38.42435782],[-106.6194097,38.42446503],[-106.6256279,38.42435782],[-106.7624285,38.42510829],[-106.8310432,38.42510829],[-106.851842,38.42532271],[-106.8715688,38.4252155],[-106.8756428,38.4252155],[-106.9825316,38.42532271],[-107.0006502,38.42564434],[-107.0006502,38.33204958],[-107.0007574,38.25003354],[-107.0010791,38.20575561],[-107.0010791,38.14711146],[-107.0012935,38.1250261],[-107.0019367,38.09275574],[-107.0015079,38.00001865],[-107.0006502,37.95606235],[-106.9993637,37.95702724],[-106.9977555,37.95734887],[-106.9968979,37.96035077],[-106.995933,37.96013635],[-106.994432,37.96077961],[-106.9925022,37.9606724],[-106.989822,37.96099403],[-106.988321,37.96206614],[-106.9876778,37.9637815],[-106.9876778,37.96635456],[-106.9873561,37.96914203],[-106.9858552,37.96903482],[-106.9779216,37.96903482],[-106.9725611,37.97203671],[-106.9698808,37.97310882],[-106.967951,37.97503861],[-106.9639842,37.97257276],[-106.9624833,37.97235834],[-106.9619472,37.96892761],[-106.961304,37.96796271],[-106.9554074,37.96506803],[-106.9530488,37.96281661],[-106.9524055,37.96185171],[-106.9524055,37.95745608],[-106.9505829,37.95670561],[-106.949082,37.95670561],[-106.9481171,37.95552629],[-106.9462945,37.95402535],[-106.9444719,37.95370372],[-106.94147,37.95423977],[-106.937396,37.9565984],[-106.935359,37.95874261],[-106.9352518,37.96035077],[-106.9337509,37.96088682],[-106.9301057,37.96324545],[-106.927211,37.96421035],[-106.9242091,37.96485361],[-106.9207784,37.96646177],[-106.9203496,37.96742666],[-106.9167044,37.96646177],[-106.9135953,37.96624734],[-106.9115583,37.96646177],[-106.9086636,37.96410313],[-106.9052329,37.96388871],[-106.902231,37.96560408],[-106.8994435,37.9667834],[-106.8978354,37.9678555],[-106.8945118,37.96710503],[-106.8895801,37.96185171],[-106.8827187,37.96153008],[-106.8813249,37.96228056],[-106.88036,37.96120845],[-106.8791807,37.96110124],[-106.8793951,37.95992193],[-106.878323,37.95852819],[-106.8791807,37.95638398],[-106.8799312,37.94984414],[-106.8771437,37.94855761],[-106.8756428,37.94577014],[-106.8743563,37.94266103],[-106.8697462,37.94148172],[-106.8686741,37.93794377],[-106.8662083,37.93408419],[-106.8641713,37.93322651],[-106.8592396,37.92861646],[-106.8529142,37.9238992],[-106.847232,37.91918193],[-106.8415498,37.9188603],[-106.8339379,37.91896751],[-106.8299711,37.91789541],[-106.8245034,37.91875309],[-106.8183924,37.91403583],[-106.8078857,37.91542957],[-106.8068136,37.9147863],[-106.8010243,37.9137142],[-106.7954493,37.9096402],[-106.7834417,37.89956241],[-106.7785101,37.89484515],[-106.7730423,37.88562505],[-106.7557814,37.88058615],[-106.7506353,37.88144384],[-106.736698,37.88787647],[-106.7228678,37.87501121],[-106.7186866,37.872867],[-106.7147198,37.8719021],[-106.7124684,37.87200931],[-106.7103242,37.87254537],[-106.7072151,37.8739391],[-106.7064646,37.87501121],[-106.7045348,37.87586889],[-106.7015329,37.87640494],[-106.6992815,37.87640494],[-106.6971373,37.87608331],[-106.6953147,37.87501121],[-106.6934921,37.87351026],[-106.6937066,37.87168768],[-106.6938138,37.83523611],[-106.6256279,37.83448564],[-106.619088,37.83480727],[-106.5871393,37.83437843],[-106.5872465,37.79085096],[-106.5870321,37.7861337],[-106.5864961,37.77627034],[-106.5866033,37.75000376],[-106.5863888,37.74785955],[-106.5322475,37.74839561],[-106.4866831,37.74807397],[-106.4778918,37.7482884],[-106.4231073,37.7482884],[-106.3508474,37.74839561],[-106.3325144,37.74818118],[-106.2916672,37.74818118],[-106.2877004,37.7482884],[-106.259504,37.74818118],[-106.2535002,37.74818118],[-106.2525353,37.74807397],[-106.2048267,37.74807397],[-106.038436,37.74839561],[-106.0195669,37.74839561],[-105.9925499,37.74871724],[-105.9279019,37.74882445],[-105.8093271,37.75043261],[-105.7505758,37.75096866],[-105.7368528,37.75129029],[-105.6255683,37.75193355],[-105.6173131,37.75225518],[-105.5005609,37.75118308],[-105.4979878,37.75096866],[-105.4572478,37.75150471],[-105.4598209,37.75279124],[-105.4596065,37.75364892],[-105.4558541,37.7565436],[-105.4562829,37.75804455],[-105.4578911,37.75868781],[-105.4576767,37.76008155],[-105.4559613,37.76244018],[-105.4537099,37.76726465],[-105.4524234,37.76790792],[-105.4508152,37.76951607],[-105.4502792,37.77058818],[-105.450708,37.77166028],[-105.4509224,37.77519823],[-105.4494215,37.77809291],[-105.4493143,37.77927223],[-105.4497431,37.78077318],[-105.4516729,37.78259576],[-105.4514585,37.78473997],[-105.4516729,37.78688418],[-105.4524234,37.78827791],[-105.4552108,37.79085096],[-105.4553181,37.79192307],[-105.454782,37.79331681],[-105.4548892,37.79567544],[-105.4537099,37.79685475],[-105.450708,37.79760523],[-105.4493143,37.7983557],[-105.4473845,37.80007107],[-105.4422384,37.80232249],[-105.4407374,37.80253691],[-105.4368778,37.80360901],[-105.4351625,37.80478833],[-105.4350553,37.80628928],[-105.4358057,37.80779022],[-105.4354841,37.81079212],[-105.435913,37.81175701],[-105.4346264,37.8136868],[-105.4354841,37.8146517],[-105.4358057,37.81636706],[-105.4367706,37.81926175],[-105.4346264,37.82194201],[-105.4340904,37.82451506],[-105.4350553,37.82644485],[-105.4355913,37.82848185],[-105.432375,37.83319911],[-105.4325894,37.83502169],[-105.4307668,37.83780916],[-105.4309813,37.83877406],[-105.4299092,37.84070385],[-105.4286226,37.84370574],[-105.4286226,37.84477785],[-105.4295875,37.84606437],[-105.4308741,37.8473509],[-105.4305524,37.84863742],[-105.4289443,37.85174653],[-105.4291587,37.85238979],[-105.431839,37.85485563],[-105.4324822,37.85635658],[-105.4334471,37.8575359],[-105.4367706,37.85817916],[-105.4371995,37.86021616],[-105.4389148,37.86128826],[-105.4394509,37.86321805],[-105.4392365,37.86621995],[-105.4394509,37.86707763],[-105.4406302,37.86836416],[-105.4407374,37.86965068],[-105.4423456,37.87072279],[-105.4433105,37.87072279],[-105.4484566,37.87640494],[-105.4504936,37.87812031],[-105.4540315,37.87854915],[-105.4566046,37.87994289],[-105.4601425,37.88037173],[-105.4645382,37.878978],[-105.4652886,37.87951405],[-105.4691482,37.87876358],[-105.4719357,37.87972847],[-105.4747232,37.8800501],[-105.4784755,37.87983568],[-105.4776178,37.88047894],[-105.4766529,37.88187268],[-105.4762241,37.88326642],[-105.4770818,37.88798368],[-105.4766529,37.88841252],[-105.4760097,37.89119999],[-105.4754736,37.89237931],[-105.473651,37.89452352],[-105.4732222,37.89591726],[-105.4733294,37.89666773],[-105.4760097,37.89934799],[-105.4770818,37.89934799],[-105.4789044,37.90052731],[-105.4790116,37.90267152],[-105.4783683,37.90331478],[-105.4826567,37.90503015],[-105.4881245,37.90985462],[-105.4884461,37.91060509],[-105.4911264,37.91521515],[-105.4941283,37.91714494],[-105.4972374,37.92036125],[-105.498095,37.92046846],[-105.4991671,37.92143336],[-105.5022763,37.9229343],[-105.5031339,37.92368478],[-105.5048493,37.92722272],[-105.505707,37.92786599],[-105.5069935,37.93097509],[-105.5072079,37.93247604],[-105.5083873,37.93612119],[-105.5095666,37.93708609],[-105.5110675,37.93912309],[-105.5146055,37.93998077],[-105.5156776,37.94201777],[-105.5236111,37.94802156],[-105.5255409,37.94834319],[-105.5271491,37.94952251],[-105.5303654,37.95338208],[-105.5333673,37.95520466],[-105.5376557,37.95499024],[-105.5419441,37.95606235],[-105.5426946,37.95649119],[-105.5462326,37.95606235],[-105.5500921,37.95391814],[-105.5518075,37.95059461],[-105.5563103,37.95102345],[-105.5602771,37.95188114],[-105.5623141,37.95370372],[-105.5671386,37.95713445],[-105.5706766,37.95831377],[-105.5732496,37.96153008],[-105.5740001,37.9617445],[-105.5756082,37.96399592],[-105.5776452,37.96549687],[-105.5812904,37.96614013],[-105.5825769,37.96592571],[-105.5845067,37.9678555],[-105.5841851,37.96903482],[-105.5850428,37.97042855],[-105.5839707,37.97300161],[-105.5815048,37.97525303],[-105.5818264,37.97793329],[-105.5832202,37.97997029],[-105.5849356,37.97954145],[-105.5859004,37.97964866],[-105.587187,37.98447313],[-105.5881519,37.98672455],[-105.5898672,37.98747502],[-105.5921187,37.99219229],[-105.5936196,37.99272834],[-105.5957638,37.99508697],[-105.595871,37.9963735],[-105.5984441,37.99701676],[-105.5997306,37.99873213],[-105.6002667,38.00001865],[-105.6005883,38.00227007],[-105.6039118,38.00377102],[-105.6046623,38.00505755],[-105.6043407,38.00612965],[-105.6048767,38.00741618],[-105.6043407,38.0087027],[-105.5988729,38.01127576],[-105.5972648,38.01266949],[-105.5971575,38.01363439],[-105.5983369,38.01631465],[-105.597908,38.02006702],[-105.5985513,38.02135354],[-105.5986585,38.02264007],[-105.599945,38.02360496],[-105.6008027,38.02371217],[-105.6021964,38.02617802],[-105.6031613,38.02714291],[-105.6033758,38.02939433],[-105.6031613,38.03068086],[-105.603483,38.03121691],[-105.6064849,38.03164575],[-105.6093795,38.03228901],[-105.6085219,38.03368275],[-105.6088435,38.03496928],[-105.6132391,38.03807838],[-105.6139896,38.03957933],[-105.6149545,38.04365333],[-105.6172059,38.04590475],[-105.6179564,38.04729848],[-105.6175275,38.04976433],[-105.6178492,38.05330227],[-105.6198862,38.0536239],[-105.6211727,38.05426717],[-105.6255683,38.0556609],[-105.6282486,38.05737627],[-105.6267476,38.05919885],[-105.6259972,38.06112864],[-105.6262116,38.06348727],[-105.6269621,38.06455937],[-105.6271765,38.06734685],[-105.6313577,38.06809732],[-105.6341452,38.06949106],[-105.6351101,38.07077758],[-105.6361822,38.07131364],[-105.6372543,38.07281458],[-105.6365038,38.07560206],[-105.6393985,38.07849674],[-105.6412211,38.07892558],[-105.6437941,38.08128421],[-105.6452951,38.08235632],[-105.6460455,38.08353563],[-105.6464744,38.08503658],[-105.6501195,38.08696637],[-105.6507628,38.08793126],[-105.6520493,38.08878895],[-105.6519421,38.08943221],[-105.6536575,38.09082595],[-105.6552656,38.091362],[-105.6558017,38.09232689],[-105.6550512,38.09361342],[-105.6555873,38.095436],[-105.6588036,38.09725858],[-105.6603045,38.09886674],[-105.6614838,38.10090373],[-105.6613766,38.10315516],[-105.6622343,38.10433447],[-105.6614838,38.10637147],[-105.6622343,38.10680031],[-105.6611622,38.10980221],[-105.6612694,38.11151757],[-105.6597685,38.11237526],[-105.6598757,38.11323294],[-105.658482,38.11516273],[-105.6576243,38.11741415],[-105.6600901,38.11805741],[-105.6626632,38.11912952],[-105.6634136,38.12063047],[-105.6633064,38.12148815],[-105.6650218,38.12427562],[-105.6664155,38.12588378],[-105.6701679,38.12856404],[-105.6697391,38.13092268],[-105.670704,38.13178036],[-105.6719905,38.13403178],[-105.6733842,38.13735531],[-105.673277,38.13853462],[-105.6725265,38.14024999],[-105.6743491,38.14132209],[-105.6762789,38.14614657],[-105.6752068,38.14700425],[-105.6730626,38.14796914],[-105.6726337,38.14936288],[-105.6710256,38.15107825],[-105.6701679,38.15311525],[-105.6713472,38.15386572],[-105.6728482,38.15676041],[-105.6730626,38.15911904],[-105.6774582,38.15954788],[-105.6807817,38.16051277],[-105.6861423,38.16533725],[-105.6867855,38.16683819],[-105.6912884,38.16651656],[-105.6932182,38.16576609],[-105.6961128,38.16651656],[-105.6979354,38.16715982],[-105.7004013,38.16919682],[-105.7009373,38.17026893],[-105.7011517,38.1719843],[-105.7022238,38.17423572],[-105.7031887,38.17466456],[-105.7053329,38.17648714],[-105.7068339,38.17820251],[-105.7081204,38.18034672],[-105.7083348,38.18184766],[-105.7094069,38.18238372],[-105.7129449,38.1832414],[-105.716054,38.18517119],[-105.7173405,38.18817308],[-105.7188415,38.18988845],[-105.7213073,38.19160382],[-105.7220578,38.1934264],[-105.7249525,38.19717876],[-105.7269895,38.19975182],[-105.7314923,38.20103834],[-105.7325644,38.20071671],[-105.7333149,38.20178882],[-105.7341726,38.20500513],[-105.7357807,38.20725655],[-105.7363168,38.20918634],[-105.7367456,38.20950797],[-105.7391043,38.2098296],[-105.7407124,38.21025845],[-105.7444648,38.21368918],[-105.7447864,38.21465408],[-105.7485388,38.21411802],[-105.7505758,38.21422523],[-105.7535777,38.21669108],[-105.7560435,38.21808481],[-105.7564724,38.2189425],[-105.7559363,38.2220516],[-105.7565796,38.22494628],[-105.7581877,38.22655444],[-105.7594742,38.22859144],[-105.761404,38.22912749],[-105.7655852,38.23084286],[-105.7671934,38.23180776],[-105.7682655,38.23373755],[-105.771053,38.23480965],[-105.7754486,38.23588176],[-105.7787721,38.23770433],[-105.7808091,38.23909807],[-105.7839182,38.23963412],[-105.787885,38.24209996],[-105.7897076,38.24435139],[-105.7891716,38.24628117],[-105.789386,38.25003354],[-105.7891716,38.25185612],[-105.7921734,38.25485801],[-105.7927095,38.25625175],[-105.7942104,38.25796712],[-105.7957114,38.26011133],[-105.7966763,38.26364928],[-105.7968907,38.26504301],[-105.7968907,38.26632954],[-105.7976412,38.26675838],[-105.7999998,38.2699747],[-105.8033233,38.27040354],[-105.8039666,38.27093959],[-105.8066469,38.27093959],[-105.8084694,38.27179727],[-105.8108281,38.27254775],[-105.8122218,38.27233333],[-105.8145804,38.27265496],[-105.817904,38.27394148],[-105.8189761,38.27361985],[-105.8202626,38.27447754],[-105.8214419,38.27608569],[-105.8242294,38.27747943],[-105.8271241,38.27855154],[-105.8281962,38.28048132],[-105.8285178,38.28155343],[-105.8307692,38.28509138],[-105.8317341,38.28616348],[-105.8328062,38.28669953],[-105.8363442,38.28787885],[-105.8372019,38.2884149],[-105.840847,38.2924889],[-105.8427768,38.29323937],[-105.8434201,38.29238169],[-105.8454571,38.29120237],[-105.8462075,38.29023748],[-105.8482445,38.29130959],[-105.8494239,38.29238169],[-105.8501743,38.29441869],[-105.8532834,38.29645569],[-105.8583223,38.29838548],[-105.8596089,38.30031527],[-105.8607882,38.30245948],[-105.8616459,38.30342437],[-105.8649694,38.30460369],[-105.866792,38.30567579],[-105.8685073,38.30782],[-105.8686145,38.30867769],[-105.8701155,38.30942816],[-105.8720453,38.3108219],[-105.8719381,38.31125074],[-105.8738679,38.31511032],[-105.8763337,38.315968],[-105.8768697,38.31714732],[-105.8767625,38.31875547],[-105.8776202,38.31907711],[-105.8793356,38.32057805],[-105.8799789,38.32186458],[-105.8800861,38.32325831],[-105.8813726,38.32486647],[-105.8822303,38.32743952],[-105.885125,38.32894047],[-105.8858754,38.33065584],[-105.8870547,38.33172794],[-105.8869475,38.33258563],[-105.8887701,38.33440821],[-105.8888773,38.33730289],[-105.8883413,38.33783894],[-105.8887701,38.34084084],[-105.8896278,38.3414841],[-105.8908071,38.34137689],[-105.8925225,38.34330668],[-105.8934874,38.34630857],[-105.8954172,38.34738068],[-105.8976686,38.35006094],[-105.8998128,38.3507042],[-105.9026003,38.35241957],[-105.9063526,38.35327725],[-105.9084968,38.35445657],[-105.9102122,38.35638636],[-105.9108555,38.35928104],[-105.9124636,38.36153246],[-105.9169665,38.3629262],[-105.9183602,38.36389109],[-105.9198612,38.36710741],[-105.9207188,38.36764346],[-105.9218982,38.36753625],[-105.9240424,38.36796509],[-105.9246856,38.36871557],[-105.9270443,38.36871557],[-105.9313327,38.36978767],[-105.9326192,38.37043094],[-105.9357283,38.37321841],[-105.9375509,38.37354004],[-105.9385158,38.37407609],[-105.9395879,38.37600588],[-105.9404456,38.37697078],[-105.9436619,38.37804288],[-105.9446268,38.37868614],[-105.9454845,38.38276014],[-105.9463422,38.38372504],[-105.9470926,38.38554762],[-105.9476287,38.3904793],[-105.9499873,38.39230188],[-105.9506306,38.39369561],[-105.9523459,38.39380282],[-105.9556695,38.39444609],[-105.9571704,38.39519656],[-105.959529,38.39712635],[-105.9599579,38.39798403],[-105.9598507,38.40130756],[-105.9607084,38.40313014],[-105.9633886,38.4047383],[-105.9646751,38.40623924],[-105.9667121,38.40752577],[-105.9678915,38.40881229],[-105.9702501,38.40999161],[-105.9733592,38.40945556],[-105.9746457,38.41106372],[-105.9759322,38.41181419],[-105.9768971,38.4129935],[-105.9792558,38.41417282],[-105.9800062,38.41545935],[-105.9804351,38.41728192],[-105.9835442,38.41942613],[-105.983973,38.41996219],[-105.9850451,38.41942613],[-105.9872966,38.41878287],[-105.9886903,38.41921171],[-105.9920138,38.41953334],[-105.9939436,38.41942613],[-105.9967311,38.42028382],[-105.9978032,38.42199919],[-105.9998402,38.42360734],[-106.0008051,38.42585876],[-106.000269,38.42703808],[-106.0010195,38.42993276],[-106.0015556,38.43111208],[-106.0064872,38.43250582],[-106.007881,38.43368513],[-106.0086315,38.43550771],[-106.0109901,38.43722308],[-106.0122766,38.43893845],[-106.0128127,38.44076102],[-106.012491,38.44247639],[-106.0127055,38.44408455],[-106.0122766,38.44537108],[-106.0107757,38.44655039],[-106.016029,38.4476225],[-106.0176371,38.4486946],[-106.0168867,38.45180371],[-106.018066,38.45373349],[-106.0190309,38.45437676],[-106.0214967,38.45448397],[-106.0235337,38.45394792],[-106.0309312,38.45351907],[-106.0339331,38.45459118],[-106.0359701,38.45512723],[-106.038972,38.45619934],[-106.0401513,38.45694981],[-106.0415451,38.45727144],[-106.0427244,38.45823634],[-106.0432604,38.45770028],[-106.0490498,38.45523444],[-106.0508724,38.45437676],[-106.0520517,38.45426955],[-106.0556969,38.45491281],[-106.0583771,38.45694981],[-106.0603069,38.45491281],[-106.0600925,38.4527686],[-106.0622367,38.45030276],[-106.0604141,38.44880181],[-106.0589132,38.44805134],[-106.0579483,38.44472781],[-106.058806,38.44322687],[-106.0621295,38.43936729],[-106.0625583,38.43915287],[-106.0640593,38.43668703],[-106.0651314,38.43582934],[-106.0664179,38.43379234],[-106.0688838,38.43293466],[-106.0702775,38.43196976],[-106.0692054,38.43121929],[-106.0693126,38.43014718],[-106.0712424,38.42918229],[-106.0721001,38.42735971],[-106.0742443,38.42650203],[-106.0749948,38.42435782],[-106.0764957,38.42360734],[-106.0801409,38.42350013],[-106.0841076,38.42285687],[-106.0860374,38.4241434],[-106.0881816,38.42232082],[-106.1255981,38.4221064],[-106.1368552,38.42221361],[-106.1409292,38.42221361],[-106.2469604,38.42274966]]]},"properties":{"name":"Saguache=SAG","type":"county"}},
{"type":"Feature","geometry":{"type":"Polygon","coordinates":[[[-107.5688659,37.96506803],[-107.6073544,37.96496082],[-107.6415546,37.96496082],[-107.641233,37.96324545],[-107.6403753,37.96206614],[-107.6409113,37.95927866],[-107.6399464,37.95788493],[-107.6420907,37.95531187],[-107.6428411,37.95316766],[-107.6425195,37.95123787],[-107.6427339,37.94952251],[-107.6409113,37.9473783],[-107.6409113,37.94587735],[-107.6419834,37.94373314],[-107.641233,37.94266103],[-107.6406969,37.94073125],[-107.6406969,37.93912309],[-107.6428411,37.93665725],[-107.6425195,37.93322651],[-107.6419834,37.93258325],[-107.641769,37.93097509],[-107.6400537,37.92958135],[-107.6393032,37.92582899],[-107.6382311,37.92507851],[-107.6374806,37.92357757],[-107.6379094,37.9208973],[-107.6405897,37.91939636],[-107.6413402,37.91875309],[-107.6456286,37.91757378],[-107.6468079,37.91660888],[-107.6463791,37.91532236],[-107.6472368,37.91339257],[-107.6488449,37.91296373],[-107.6494882,37.91092673],[-107.6505603,37.9096402],[-107.6516324,37.90974741],[-107.6527045,37.90888973],[-107.6566713,37.90803204],[-107.6577434,37.90803204],[-107.6612813,37.90942578],[-107.6622462,37.90771041],[-107.661603,37.90631667],[-107.6627823,37.90545899],[-107.6637472,37.9035292],[-107.6653553,37.90342199],[-107.6663202,37.90299315],[-107.6715735,37.90288594],[-107.6737177,37.9035292],[-107.6751115,37.90342199],[-107.678435,37.9044941],[-107.6805792,37.90406525],[-107.6832595,37.90095615],[-107.6842244,37.90074173],[-107.688084,37.90181383],[-107.6894777,37.90117057],[-107.6899065,37.89902636],[-107.6908714,37.89806147],[-107.6922652,37.89773983],[-107.6930156,37.89581005],[-107.6931229,37.89484515],[-107.6940877,37.8943091],[-107.6940877,37.89355862],[-107.6956959,37.89237931],[-107.6971968,37.89280815],[-107.7006276,37.89205768],[-107.7016997,37.89291536],[-107.7029862,37.89312978],[-107.7051304,37.89398747],[-107.7071674,37.89366584],[-107.7081323,37.89688215],[-107.7078107,37.89881194],[-107.7095261,37.89934799],[-107.7107054,37.89870473],[-107.7128496,37.89891915],[-107.7137073,37.89816868],[-107.7157443,37.89773983],[-107.716602,37.89709657],[-107.7187462,37.89720378],[-107.7194966,37.89784704],[-107.7208904,37.8974182],[-107.7224985,37.89806147],[-107.723249,37.89881194],[-107.7244283,37.89881194],[-107.7265725,37.90063452],[-107.7281807,37.90138499],[-107.7295744,37.90267152],[-107.7325763,37.90427968],[-107.7366503,37.90460131],[-107.7382585,37.90545899],[-107.7392234,37.90406525],[-107.7405099,37.90277873],[-107.7410459,37.90138499],[-107.7429757,37.8994552],[-107.7443695,37.89859752],[-107.7489795,37.89795426],[-107.7491939,37.89763262],[-107.7481218,37.89505957],[-107.7505877,37.89237931],[-107.7531607,37.89098557],[-107.7561626,37.89002068],[-107.7561626,37.88680436],[-107.7565915,37.885089],[-107.7560554,37.88326642],[-107.7581996,37.88047894],[-107.7612015,37.87736984],[-107.762488,37.87726263],[-107.7658116,37.87758426],[-107.7673125,37.87619052],[-107.7677414,37.87501121],[-107.7691351,37.87340305],[-107.7724586,37.87115163],[-107.7739596,37.86922184],[-107.7768543,37.86793532],[-107.7824292,37.86772089],[-107.7827508,37.86589832],[-107.780285,37.862682],[-107.7806066,37.8595729],[-107.7795345,37.85817916],[-107.7798561,37.85399795],[-107.780285,37.85314027],[-107.7791057,37.85271142],[-107.7793201,37.85035279],[-107.7791057,37.84981674],[-107.7800706,37.84863742],[-107.7826436,37.84895906],[-107.7851095,37.84660043],[-107.7838229,37.84467064],[-107.7825364,37.8432769],[-107.7833941,37.84038222],[-107.7850023,37.8401678],[-107.7878969,37.83823801],[-107.788969,37.8381308],[-107.7902556,37.83738032],[-107.7899339,37.83695148],[-107.79047,37.8351289],[-107.792507,37.83148374],[-107.7927214,37.83062606],[-107.7944368,37.82912511],[-107.7951872,37.82623043],[-107.79508,37.82547996],[-107.7962594,37.82355017],[-107.7964738,37.82269248],[-107.7987252,37.82279969],[-107.8012982,37.82376459],[-107.8035497,37.82430064],[-107.8044074,37.82515832],[-107.8086958,37.82408622],[-107.8097679,37.82333575],[-107.8099823,37.82226364],[-107.8112688,37.82097712],[-107.8135202,37.82054827],[-107.8159861,37.81958338],[-107.8172726,37.81936896],[-107.8183447,37.81754638],[-107.821025,37.81508054],[-107.8217755,37.81454449],[-107.8241341,37.81400843],[-107.8263855,37.81304354],[-107.8285297,37.81186422],[-107.8292802,37.80982722],[-107.8285297,37.80789743],[-107.8261711,37.80532438],[-107.8246701,37.80489554],[-107.8261711,37.80264412],[-107.8278865,37.80103596],[-107.8284225,37.79964223],[-107.825635,37.79781965],[-107.8242413,37.79674754],[-107.8222043,37.79556823],[-107.823598,37.79331681],[-107.8246701,37.7902077],[-107.8270288,37.78977886],[-107.8292802,37.78763465],[-107.83121,37.78634812],[-107.8327109,37.78431112],[-107.8359272,37.78281018],[-107.8371066,37.7809876],[-107.8387147,37.77937944],[-107.8408589,37.77412613],[-107.8426815,37.77359007],[-107.8445041,37.77369728],[-107.8464339,37.7748766],[-107.8492213,37.77551986],[-107.8508295,37.77627034],[-107.8553323,37.77605592],[-107.8569405,37.77584149],[-107.8608001,37.77551986],[-107.8631587,37.77262518],[-107.8651957,37.77166028],[-107.8654101,37.77101702],[-107.8648741,37.76908723],[-107.8660534,37.76801513],[-107.8681976,37.76737186],[-107.8698058,37.76501323],[-107.870449,37.76276181],[-107.8657318,37.76168971],[-107.8631587,37.76018876],[-107.8632659,37.75922387],[-107.8627299,37.75740129],[-107.8630515,37.75686524],[-107.8618722,37.75600755],[-107.8642308,37.75332729],[-107.8650885,37.75000376],[-107.8660534,37.74796676],[-107.8660534,37.74689466],[-107.8696985,37.74560813],[-107.8702346,37.74442882],[-107.8717355,37.74357113],[-107.8729149,37.74164134],[-107.8755951,37.73885387],[-107.8751663,37.73703129],[-107.8749519,37.73435103],[-107.8751663,37.73220682],[-107.8746302,37.73081308],[-107.874523,37.72888329],[-107.8755951,37.72716793],[-107.8755951,37.72577419],[-107.8729149,37.72245066],[-107.8736653,37.72009203],[-107.8746302,37.71944877],[-107.8772033,37.71633967],[-107.8779538,37.71601803],[-107.8790259,37.71698293],[-107.8815989,37.71837667],[-107.8855657,37.71784061],[-107.8886748,37.71805503],[-107.8894253,37.71848388],[-107.8942498,37.71751898],[-107.8952146,37.71859109],[-107.8967156,37.71912714],[-107.8990742,37.71923435],[-107.9003607,37.71848388],[-107.9013256,37.71901993],[-107.9034699,37.71837667],[-107.9070078,37.71762619],[-107.9089376,37.71623246],[-107.910653,37.71601803],[-107.9102241,37.71451709],[-107.9109746,37.7125873],[-107.9149414,37.71226567],[-107.9169784,37.71108635],[-107.9218028,37.71012146],[-107.9229822,37.71044309],[-107.9265201,37.71033588],[-107.9281283,37.71001425],[-107.9298436,37.70915656],[-107.9312374,37.70808446],[-107.9324167,37.70626188],[-107.9347753,37.70529698],[-107.9362763,37.70304556],[-107.9372412,37.70250951],[-107.9399214,37.70293835],[-107.9414224,37.70272393],[-107.9418512,37.70368883],[-107.9433522,37.70465372],[-107.9438882,37.70604746],[-107.9452819,37.7064763],[-107.9475334,37.70636909],[-107.9491415,37.70679793],[-107.9506425,37.70636909],[-107.9526795,37.70679793],[-107.9542876,37.7064763],[-107.9569679,37.70529698],[-107.9581472,37.70315277],[-107.9594337,37.70272393],[-107.9609347,37.70154462],[-107.9636149,37.70057972],[-107.9643654,37.6992932],[-107.9688683,37.69650572],[-107.9692971,37.69253893],[-107.9709053,37.68996588],[-107.970262,37.68771446],[-107.9717629,37.68696399],[-107.9750865,37.68364046],[-107.9719774,37.68181788],[-107.9715485,37.68106741],[-107.9694043,37.67924483],[-107.9694043,37.67710062],[-107.9688683,37.67559968],[-107.9670457,37.67345547],[-107.9654375,37.67056078],[-107.9658664,37.66948868],[-107.9643654,37.6676661],[-107.9644726,37.66434257],[-107.9615779,37.66176952],[-107.9613635,37.65962531],[-107.9616852,37.65812436],[-107.9610419,37.65705226],[-107.9583616,37.65104847],[-107.9573967,37.65019079],[-107.9570751,37.64890426],[-107.9585761,37.6472961],[-107.9594337,37.64375816],[-107.960077,37.64268605],[-107.962114,37.64139953],[-107.9651159,37.64150674],[-107.9672601,37.64097068],[-107.9689755,37.64022021],[-107.9660808,37.63957695],[-107.886209,37.64000579],[-107.8783826,37.63989858],[-107.7589501,37.64032742],[-107.7505877,37.64032742],[-107.7431902,37.63957695],[-107.5005728,37.63957695],[-107.4990718,37.63946974],[-107.4821326,37.63946974],[-107.4822398,37.74389276],[-107.4820254,37.75000376],[-107.4822398,37.76833676],[-107.4809533,37.76801513],[-107.4783802,37.76930165],[-107.476236,37.76855118],[-107.4747351,37.7676935],[-107.4732341,37.76758629],[-107.4707683,37.76651418],[-107.4696962,37.76662139],[-107.4689457,37.76608534],[-107.4690529,37.76512044],[-107.4669087,37.76629976],[-107.4666943,37.76715744],[-107.4673375,37.76790792],[-107.4669087,37.76844397],[-107.467552,37.76930165],[-107.4672303,37.77037376],[-107.4663726,37.77090981],[-107.4648717,37.77359007],[-107.4651933,37.77444776],[-107.4641212,37.77584149],[-107.4639068,37.77712802],[-107.4617626,37.77862897],[-107.4607977,37.77970107],[-107.4603689,37.78152365],[-107.4583319,37.78184528],[-107.4582246,37.78238133],[-107.4592967,37.78420391],[-107.4595112,37.7861337],[-107.4607977,37.78688418],[-107.459404,37.78956444],[-107.4596184,37.7922447],[-107.4591895,37.7942817],[-107.4602616,37.79492496],[-107.4610121,37.79685475],[-107.4621914,37.79717638],[-107.461977,37.79878454],[-107.4646573,37.80007107],[-107.4658366,37.79996386],[-107.4656222,37.80092875],[-107.4662654,37.80360901],[-107.4669087,37.8035018],[-107.4668015,37.80457391],[-107.468088,37.80661091],[-107.468088,37.80736138],[-107.4689457,37.80789743],[-107.4684096,37.80875512],[-107.4688385,37.80972001],[-107.4709827,37.81175701],[-107.4722692,37.81229306],[-107.4747351,37.81561659],[-107.4760216,37.81604543],[-107.4789163,37.8166887],[-107.4812749,37.81861848],[-107.4821326,37.81894012],[-107.4822398,37.81990501],[-107.4830975,37.82011943],[-107.4854561,37.82237085],[-107.4902806,37.82430064],[-107.4948906,37.82408622],[-107.4970348,37.82301411],[-107.4982142,37.8229069],[-107.5000367,37.82344296],[-107.5029314,37.82365738],[-107.5064694,37.82430064],[-107.5103289,37.82472948],[-107.512902,37.82537275],[-107.5153678,37.82655206],[-107.5165472,37.82644485],[-107.5172976,37.82933953],[-107.5165472,37.82976838],[-107.5161183,37.83191259],[-107.5168688,37.83352074],[-107.5162255,37.83459285],[-107.517512,37.83662985],[-107.5172976,37.83738032],[-107.5183697,37.83898848],[-107.5206212,37.83952453],[-107.5196563,37.8412399],[-107.5208356,37.84188316],[-107.5220149,37.84145432],[-107.5218005,37.84467064],[-107.5209428,37.84488506],[-107.52105,37.8473509],[-107.5202995,37.84831579],[-107.519013,37.84831579],[-107.5185842,37.84917348],[-107.5183697,37.85174653],[-107.5183697,37.85410516],[-107.5178337,37.85699984],[-107.5186914,37.85807195],[-107.5201923,37.85871521],[-107.5208356,37.8595729],[-107.52105,37.86182432],[-107.5243735,37.86514784],[-107.5241591,37.86664879],[-107.5259817,37.86890021],[-107.527697,37.87040116],[-107.5325215,37.872867],[-107.5360595,37.8739391],[-107.5349874,37.87501121],[-107.535309,37.87715542],[-107.5362739,37.87854915],[-107.5364883,37.88015731],[-107.5344513,37.88176547],[-107.5325215,37.88401689],[-107.5334864,37.88809089],[-107.5330576,37.88937742],[-107.531235,37.88916299],[-107.5290908,37.89002068],[-107.527161,37.89141441],[-107.5260889,37.89366584],[-107.5264105,37.89623889],[-107.523087,37.89752541],[-107.5218005,37.89881194],[-107.521586,37.9004201],[-107.5201923,37.90127778],[-107.5245879,37.90406525],[-107.5248024,37.90535178],[-107.5274826,37.90620946],[-107.5285547,37.90706715],[-107.5285547,37.90878252],[-107.529198,37.90974741],[-107.529734,37.91178441],[-107.5288764,37.9137142],[-107.529198,37.91467909],[-107.5306989,37.9168233],[-107.5339153,37.91896751],[-107.5359523,37.92014683],[-107.5367027,37.92111172],[-107.5364883,37.92239825],[-107.5345585,37.92464967],[-107.537346,37.92615062],[-107.5383109,37.92979577],[-107.5383109,37.93161835],[-107.5376676,37.93462025],[-107.5341297,37.93708609],[-107.5343441,37.93815819],[-107.5324143,37.94062404],[-107.5326287,37.94083846],[-107.5326287,37.94394756],[-107.5342369,37.94491246],[-107.537346,37.94759272],[-107.5400263,37.94791435],[-107.5442075,37.94866482],[-107.547531,37.94898645],[-107.5510689,37.94973693],[-107.5514978,37.95027298],[-107.5549285,37.95209556],[-107.5578232,37.95338208],[-107.5592169,37.95370372],[-107.5633981,37.95595514],[-107.5648991,37.96120845],[-107.5672577,37.96131566],[-107.5683298,37.96195892],[-107.5689731,37.96313824],[-107.5688659,37.96506803]]]},"properties":{"name":"SanJuan=SAJ","type":"county"}},
{"type":"Feature","geometry":{"type":"Polygon","coordinates":[[[-107.9657592,38.15236478],[-108.0006026,38.15247199],[-108.0113236,38.15268641],[-108.0210798,38.1525792],[-108.0388767,38.15268641],[-108.0609621,38.15247199],[-108.1130664,38.15225756],[-108.1182125,38.15225756],[-108.12561,38.15268641],[-108.1361166,38.15268641],[-108.1701024,38.15225756],[-108.2497598,38.1525792],[-108.2506175,38.15279362],[-108.2880339,38.1525792],[-108.3149438,38.15247199],[-108.3751961,38.15279362],[-108.3876325,38.15300804],[-108.3898839,38.15300804],[-108.4148639,38.15322246],[-108.4370565,38.15322246],[-108.4455261,38.15332967],[-108.5006323,38.15322246],[-108.5215384,38.15332967],[-108.5395498,38.15268641],[-108.6059131,38.15300804],[-108.6256398,38.15332967],[-108.6316436,38.15311525],[-108.6523352,38.15311525],[-108.6866426,38.15300804],[-108.7050828,38.15322246],[-108.723523,38.15311525],[-108.741856,38.15311525],[-108.7506472,38.15343688],[-108.7783075,38.15322246],[-108.8215134,38.1536513],[-108.8363084,38.15386572],[-108.8590371,38.15386572],[-108.8756547,38.15418735],[-108.8806936,38.15397293],[-108.9067457,38.15493783],[-108.9067457,38.15332967],[-108.9167163,38.15332967],[-108.9293671,38.15354409],[-108.9421252,38.15375851],[-108.9494155,38.15354409],[-108.9660331,38.15343688],[-108.9795417,38.1536513],[-108.9885473,38.15343688],[-108.9985179,38.15343688],[-109.0416165,38.15300804],[-109.0420454,38.15300804],[-109.0426886,38.02564196],[-109.0451545,38.02456986],[-109.0426886,38.01760118],[-109.0429031,37.99701676],[-109.0429031,37.9749314],[-109.0431175,37.97460976],[-109.0427959,37.96238777],[-109.041831,37.93901588],[-109.0416165,37.92368478],[-109.0410805,37.90728157],[-109.0415093,37.88112221],[-109.0143851,37.88112221],[-109.0006621,37.88122942],[-108.9953016,37.881015],[-108.9879041,37.881015],[-108.9254004,37.88112221],[-108.8996698,37.881015],[-108.8973112,37.881015],[-108.8854108,37.881015],[-108.8843387,37.88112221],[-108.821299,37.88090779],[-108.8205485,37.88080058],[-108.8201196,37.88176547],[-108.8199052,37.88390968],[-108.8205485,37.885089],[-108.8202269,37.88669715],[-108.8176538,37.88809089],[-108.8187259,37.88948463],[-108.8187259,37.89034231],[-108.8180826,37.89141441],[-108.8184043,37.89248652],[-108.8180826,37.89377305],[-108.8166889,37.89548841],[-108.7506472,37.89527399],[-108.7462516,37.8953812],[-108.6256398,37.89527399],[-108.617063,37.89505957],[-108.5871512,37.89473794],[-108.5006323,37.8943091],[-108.4548535,37.89420189],[-108.4376998,37.89388026],[-108.3908488,37.89355862],[-108.3756249,37.89366584],[-108.3743384,37.89345141],[-108.3674769,37.89366584],[-108.3651183,37.89388026],[-108.3573991,37.89366584],[-108.3478574,37.89398747],[-108.3364931,37.89388026],[-108.256514,37.89463073],[-108.256514,37.89355862],[-108.2576934,37.89109278],[-108.2573717,37.88969905],[-108.2562996,37.88830531],[-108.2554419,37.88787647],[-108.2542626,37.88648273],[-108.2526545,37.88541063],[-108.250403,37.88455294],[-108.2497598,37.88369526],[-108.2494381,37.88230152],[-108.2479372,37.87940684],[-108.2452569,37.87865637],[-108.2392531,37.87640494],[-108.2378594,37.87640494],[-108.2373234,37.87501121],[-108.2360368,37.87265258],[-108.2350719,37.86932905],[-108.2328205,37.86707763],[-108.2319628,37.86504063],[-108.2319628,37.86246758],[-108.2316412,37.86171711],[-108.2296042,37.86107384],[-108.2296042,37.8595729],[-108.230033,37.85721426],[-108.229497,37.85421237],[-108.2286393,37.85238979],[-108.2278888,37.84917348],[-108.2271384,37.84799416],[-108.2264951,37.84499227],[-108.2269239,37.8432769],[-108.2257446,37.84241922],[-108.2237076,37.84188316],[-108.2236004,37.84091827],[-108.2219923,37.83973895],[-108.2222067,37.83909569],[-108.2185615,37.83770195],[-108.2170606,37.83673706],[-108.2185615,37.83555774],[-108.2184543,37.83491448],[-108.2156668,37.83448564],[-108.2145947,37.8330919],[-108.2123433,37.8320198],[-108.2109496,37.8290179],[-108.2109496,37.82580159],[-108.2104135,37.82440785],[-108.2094486,37.82322854],[-108.2103063,37.82204922],[-108.2098775,37.82097712],[-108.2082693,37.82108433],[-108.2054818,37.82172759],[-108.200979,37.82333575],[-108.1990492,37.82419343],[-108.1957257,37.82408622],[-108.1924022,37.82440785],[-108.1902579,37.82526554],[-108.1856479,37.82623043],[-108.1831821,37.82644485],[-108.1821099,37.82730254],[-108.1795369,37.83019722],[-108.1783576,37.83116211],[-108.1751413,37.83255585],[-108.174498,37.83255585],[-108.1691375,37.83116211],[-108.1671005,37.83191259],[-108.1662428,37.83330632],[-108.1638842,37.83491448],[-108.162276,37.83470006],[-108.1603462,37.83384238],[-108.1563794,37.83427122],[-108.1526271,37.8351289],[-108.150054,37.83437843],[-108.1489819,37.83738032],[-108.1472665,37.83888127],[-108.1458728,37.83791637],[-108.1444791,37.83834522],[-108.1436214,37.83555774],[-108.1424421,37.83427122],[-108.1414772,37.83244864],[-108.1402979,37.83234143],[-108.1400834,37.83491448],[-108.1376176,37.83705869],[-108.1374032,37.83791637],[-108.1322571,37.84156153],[-108.1310777,37.84295527],[-108.1283975,37.84402737],[-108.1266821,37.8453139],[-108.1246451,37.84863742],[-108.1247523,37.85110327],[-108.125074,37.85206816],[-108.1234658,37.85196095],[-108.1221793,37.852497],[-108.121,37.85389074],[-108.1197134,37.85335469],[-108.1173548,37.8534619],[-108.1158539,37.85421237],[-108.1125303,37.85528448],[-108.1116726,37.85464121],[-108.1082419,37.85367632],[-108.1059905,37.85163932],[-108.1040607,37.85110327],[-108.1015949,37.84960232],[-108.1000939,37.8493879],[-108.0982713,37.848423],[-108.0960199,37.84584995],[-108.0953767,37.844349],[-108.095055,37.84241922],[-108.0956983,37.84177595],[-108.095055,37.84081106],[-108.0933397,37.84081106],[-108.0905522,37.83995337],[-108.0877647,37.8412399],[-108.0872287,37.84166874],[-108.0845484,37.84166874],[-108.0824042,37.84306248],[-108.0813321,37.84413458],[-108.0789734,37.84445622],[-108.0756499,37.84670764],[-108.0718976,37.84788695],[-108.0697533,37.85078163],[-108.0677163,37.85153211],[-108.0664298,37.85099606],[-108.0655721,37.84917348],[-108.0649289,37.848423],[-108.0641784,37.84670764],[-108.0617126,37.84499227],[-108.0603188,37.84488506],[-108.05989,37.84424179],[-108.0597828,37.84263364],[-108.0584962,37.84102548],[-108.0552799,37.84166874],[-108.0546367,37.84220479],[-108.055816,37.84424179],[-108.0554943,37.84467064],[-108.0529213,37.84542111],[-108.0516348,37.84617158],[-108.0510987,37.84713648],[-108.047668,37.85067442],[-108.0454166,37.85110327],[-108.0412353,37.85131769],[-108.0396272,37.85185374],[-108.0358748,37.85217537],[-108.0348027,37.85314027],[-108.0318008,37.85464121],[-108.0308359,37.8554989],[-108.0256898,37.85517727],[-108.0239745,37.85592774],[-108.0208654,37.8554989],[-108.0189356,37.8554989],[-108.0152904,37.85614216],[-108.0129318,37.85699984],[-108.0112164,37.85689263],[-108.0103587,37.85592774],[-108.0086434,37.85517727],[-108.0072496,37.85507005],[-108.0059631,37.85582053],[-108.0040333,37.85624937],[-108.0026396,37.85710705],[-108.0012458,37.85678542],[-107.9989944,37.85582053],[-107.9976007,37.85592774],[-107.9954565,37.856571],[-107.9921329,37.85646379],[-107.9892383,37.85667821],[-107.9879517,37.85464121],[-107.9874157,37.85228258],[-107.9875229,37.85099606],[-107.9855931,37.84713648],[-107.9841994,37.84499227],[-107.9823768,37.84402737],[-107.9798037,37.84306248],[-107.9776595,37.84038222],[-107.9773379,37.8392029],[-107.9760514,37.83748753],[-107.9753009,37.83587938],[-107.9733711,37.83362795],[-107.9714413,37.83244864],[-107.9675817,37.83180538],[-107.9658664,37.83180538],[-107.9632933,37.83287748],[-107.9618996,37.83277027],[-107.9586833,37.83459285],[-107.9549309,37.83448564],[-107.9507497,37.83577216],[-107.9497848,37.83480727],[-107.9481766,37.83384238],[-107.9466757,37.83062606],[-107.9473189,37.82987559],[-107.9467829,37.82837464],[-107.9451747,37.82826743],[-107.943245,37.82708811],[-107.9427089,37.82633764],[-107.9405647,37.82526554],[-107.9386349,37.82301411],[-107.93767,37.82269248],[-107.9339176,37.82344296],[-107.9316662,37.82355017],[-107.9300581,37.82333575],[-107.9276994,37.82365738],[-107.9258768,37.82333575],[-107.921374,37.82376459],[-107.9196586,37.82162038],[-107.9192298,37.82076269],[-107.9177289,37.81958338],[-107.9180505,37.81872569],[-107.9155846,37.81658148],[-107.9136549,37.81411564],[-107.9107602,37.81240028],[-107.9096881,37.81111375],[-107.9085087,37.81079212],[-107.9062573,37.81100654],[-107.9055069,37.81014885],[-107.9048636,37.80746859],[-107.9034699,37.80639649],[-107.9001463,37.8055388],[-107.8965012,37.80360901],[-107.8925344,37.80264412],[-107.8915695,37.80157201],[-107.890283,37.79899896],[-107.8889964,37.79803407],[-107.888782,37.79610428],[-107.8906046,37.79245912],[-107.8909262,37.79095818],[-107.8899613,37.78859954],[-107.8872811,37.78666975],[-107.886209,37.78549044],[-107.8846008,37.7850616],[-107.8824566,37.7850616],[-107.8802052,37.7861337],[-107.8755951,37.7861337],[-107.8744158,37.78656254],[-107.8732365,37.78624091],[-107.8700202,37.78431112],[-107.870449,37.78141644],[-107.8674471,37.77970107],[-107.8642308,37.77916502],[-107.8614433,37.77680639],[-107.8608001,37.77551986],[-107.8569405,37.77584149],[-107.8553323,37.77605592],[-107.8508295,37.77627034],[-107.8492213,37.77551986],[-107.8464339,37.7748766],[-107.8445041,37.77369728],[-107.8426815,37.77359007],[-107.8408589,37.77412613],[-107.8387147,37.77937944],[-107.8371066,37.7809876],[-107.8359272,37.78281018],[-107.8327109,37.78431112],[-107.83121,37.78634812],[-107.8292802,37.78763465],[-107.8270288,37.78977886],[-107.8246701,37.7902077],[-107.823598,37.79331681],[-107.8222043,37.79556823],[-107.8242413,37.79674754],[-107.825635,37.79781965],[-107.8284225,37.79964223],[-107.8278865,37.80103596],[-107.8261711,37.80264412],[-107.8246701,37.80489554],[-107.8261711,37.80532438],[-107.8285297,37.80789743],[-107.8292802,37.80982722],[-107.8285297,37.81186422],[-107.8263855,37.81304354],[-107.8241341,37.81400843],[-107.8217755,37.81454449],[-107.821025,37.81508054],[-107.8183447,37.81754638],[-107.8172726,37.81936896],[-107.8159861,37.81958338],[-107.8135202,37.82054827],[-107.8112688,37.82097712],[-107.8099823,37.82226364],[-107.8097679,37.82333575],[-107.8086958,37.82408622],[-107.8044074,37.82515832],[-107.8035497,37.82430064],[-107.8012982,37.82376459],[-107.7987252,37.82279969],[-107.7964738,37.82269248],[-107.7962594,37.82355017],[-107.79508,37.82547996],[-107.7951872,37.82623043],[-107.7944368,37.82912511],[-107.7927214,37.83062606],[-107.792507,37.83148374],[-107.79047,37.8351289],[-107.7899339,37.83695148],[-107.7902556,37.83738032],[-107.788969,37.8381308],[-107.7878969,37.83823801],[-107.7850023,37.8401678],[-107.7833941,37.84038222],[-107.7825364,37.8432769],[-107.7838229,37.84467064],[-107.7851095,37.84660043],[-107.7826436,37.84895906],[-107.7800706,37.84863742],[-107.7791057,37.84981674],[-107.7793201,37.85035279],[-107.7791057,37.85271142],[-107.780285,37.85314027],[-107.7798561,37.85399795],[-107.7795345,37.85817916],[-107.7806066,37.8595729],[-107.780285,37.862682],[-107.7827508,37.86589832],[-107.7824292,37.86772089],[-107.7768543,37.86793532],[-107.7739596,37.86922184],[-107.7724586,37.87115163],[-107.7691351,37.87340305],[-107.7677414,37.87501121],[-107.7673125,37.87619052],[-107.7658116,37.87758426],[-107.762488,37.87726263],[-107.7612015,37.87736984],[-107.7581996,37.88047894],[-107.7560554,37.88326642],[-107.7565915,37.885089],[-107.7561626,37.88680436],[-107.7561626,37.89002068],[-107.7531607,37.89098557],[-107.7505877,37.89237931],[-107.7481218,37.89505957],[-107.7491939,37.89763262],[-107.7489795,37.89795426],[-107.7443695,37.89859752],[-107.7429757,37.8994552],[-107.7410459,37.90138499],[-107.7405099,37.90277873],[-107.7392234,37.90406525],[-107.7382585,37.90545899],[-107.7366503,37.90771041],[-107.7363287,37.90953299],[-107.7351494,37.91049788],[-107.7351494,37.91124836],[-107.7362215,37.91296373],[-107.7369719,37.91457188],[-107.7370792,37.91703772],[-107.737508,37.91768099],[-107.733434,37.91993241],[-107.7333268,37.92207662],[-107.7355782,37.92486409],[-107.7333268,37.92690109],[-107.7327907,37.9300102],[-107.7341845,37.93129672],[-107.7360071,37.93226162],[-107.7383657,37.93526351],[-107.7385801,37.9382654],[-107.7391162,37.9392303],[-107.7424397,37.94040961],[-107.7439406,37.94201777],[-107.7444767,37.94523409],[-107.7443695,37.94577014],[-107.7458704,37.94877203],[-107.7473714,37.95027298],[-107.7488723,37.95316766],[-107.7540184,37.95423977],[-107.7560554,37.95488303],[-107.7588429,37.95831377],[-107.7608799,37.95960029],[-107.7621664,37.9597075],[-107.7635601,37.95917145],[-107.7658116,37.96099403],[-107.7682774,37.96142287],[-107.7693495,37.96195892],[-107.7713865,37.96163729],[-107.7738524,37.96206614],[-107.7761038,37.96195892],[-107.7786768,37.96099403],[-107.7803922,37.96185171],[-107.7815715,37.96324545],[-107.7824292,37.96571129],[-107.7836085,37.9667834],[-107.7845734,37.96860598],[-107.7853239,37.97096461],[-107.7868248,37.97300161],[-107.7891835,37.97525303],[-107.7870392,37.97718282],[-107.7868248,37.97846934],[-107.7888618,37.98061355],[-107.7917565,37.98232892],[-107.7932575,37.98533081],[-107.7932575,37.98640292],[-107.7955089,37.98854713],[-107.7996901,37.9882255],[-107.8016199,37.98693897],[-107.8027992,37.9872606],[-107.8045146,37.98865434],[-107.8080525,37.9892976],[-107.8097679,37.99015529],[-107.8111616,37.99004808],[-107.8142707,37.99069134],[-107.8155572,37.98940481],[-107.816951,37.98919039],[-107.819524,37.98972644],[-107.8213466,37.98919039],[-107.8219899,37.98865434],[-107.8248846,37.98811829],[-107.8259567,37.98865434],[-107.8298162,37.98897597],[-107.8327109,37.99069134],[-107.8347479,37.9913346],[-107.8360344,37.99219229],[-107.8381787,37.99240671],[-107.8431103,37.99165623],[-107.8491141,37.99262113],[-107.8493286,37.99444371],[-107.8477204,37.99755281],[-107.8448257,37.99851771],[-107.8423599,38.00001865],[-107.8415022,38.00109076],[-107.841395,38.00291334],[-107.8422527,38.00580802],[-107.8445041,38.00591523],[-107.846005,38.00698734],[-107.8491141,38.00859549],[-107.8517944,38.00827386],[-107.8557612,38.0087027],[-107.8573693,38.00838107],[-107.8610145,38.00880991],[-107.8624082,38.00945318],[-107.8659462,38.00805944],[-107.8679832,38.00752339],[-107.8714139,38.00720176],[-107.8723788,38.00730897],[-107.8735581,38.00677291],[-107.8749519,38.00688012],[-107.8787042,38.00827386],[-107.8807412,38.0076306],[-107.8833143,38.00741618],[-107.8864234,38.00923876],[-107.8888892,38.01127576],[-107.8897469,38.01159739],[-107.8910334,38.01352718],[-107.8910334,38.01459928],[-107.8899613,38.01567139],[-107.8893181,38.01760118],[-107.8906046,38.02038865],[-107.8904974,38.0209247],[-107.8913551,38.02253286],[-107.890819,38.02349775],[-107.8913551,38.02510591],[-107.8926416,38.02510591],[-107.8952146,38.02574917],[-107.896394,38.02542754],[-107.8998247,38.02585638],[-107.9001463,38.02628523],[-107.8987526,38.02939433],[-107.8967156,38.03164575],[-107.896394,38.03228901],[-107.8966084,38.03475486],[-107.8955363,38.03636301],[-107.8931776,38.03915049],[-107.8932849,38.04161633],[-107.892856,38.04268843],[-107.8917839,38.04354612],[-107.8884604,38.04483264],[-107.888246,38.04579754],[-107.8904974,38.04762012],[-107.8913551,38.04869222],[-107.8919983,38.05137248],[-107.8918911,38.05233738],[-107.8921055,38.05576811],[-107.8919983,38.05780511],[-107.8938209,38.0576979],[-107.8934993,38.0606998],[-107.8929632,38.07249295],[-107.8967156,38.08685916],[-107.8921055,38.08696637],[-107.8925344,38.10133258],[-107.8915695,38.10133258],[-107.8915695,38.10797963],[-107.8914623,38.1159132],[-107.9311302,38.1159132],[-107.9516074,38.11612763],[-107.9515002,38.1250261],[-107.9517146,38.14496725],[-107.9654375,38.14486004],[-107.9657592,38.15236478]]]},"properties":{"name":"SanMiguel=SAM","type":"county"}},
{"type":"Feature","geometry":{"type":"Polygon","coordinates":[[[-102.6513346,40.74943196],[-102.5978366,40.74953917],[-102.5688897,40.74943196],[-102.5291146,40.74953917],[-102.4210464,40.74911033],[-102.4100038,40.74921754],[-102.3827723,40.74932475],[-102.2869261,40.74911033],[-102.2620533,40.74889591],[-102.2295685,40.74900312],[-102.1907583,40.74889591],[-102.0633922,40.7498608],[-102.0513846,40.74953917],[-102.0515991,40.99569448],[-102.0517063,41.00234153],[-102.1220364,41.00234153],[-102.1250382,41.00244875],[-102.1886141,41.00244875],[-102.1892573,41.00234153],[-102.2122004,41.00244875],[-102.2290324,41.00223432],[-102.2329992,41.00234153],[-102.2679498,41.00244875],[-102.2721311,41.00223432],[-102.2882126,41.00234153],[-102.2913217,41.00223432],[-102.3448198,41.00223432],[-102.3606869,41.00244875],[-102.4602855,41.00234153],[-102.4718642,41.00244875],[-102.5566677,41.00223432],[-102.5575254,41.00244875],[-102.5622427,41.00244875],[-102.5755368,41.00223432],[-102.5757512,41.00223432],[-102.620994,41.00255596],[-102.6254969,41.00234153],[-102.6534788,41.00234153],[-102.6526211,40.92096876],[-102.6524067,40.91882455],[-102.6522995,40.90960445],[-102.6520851,40.88633977],[-102.6521923,40.88505325],[-102.6517634,40.86554093],[-102.6513346,40.74943196]]]},"properties":{"name":"Sedgwick=SED","type":"county"}},
{"type":"Feature","geometry":{"type":"Polygon","coordinates":[[[-106.4344716,39.924876],[-106.4344716,39.92337505],[-106.436723,39.92198131],[-106.4391888,39.91994431],[-106.4402609,39.91833615],[-106.4402609,39.91747847],[-106.4391888,39.91565589],[-106.4328634,39.912654],[-106.4316841,39.91126026],[-106.4303976,39.90890163],[-106.4299687,39.90536368],[-106.430612,39.90386274],[-106.4307192,39.90161132],[-106.4292182,39.898395],[-106.4286822,39.89507148],[-106.4294327,39.8871379],[-106.4292182,39.88552974],[-106.4281461,39.88220622],[-106.431148,39.88006201],[-106.4329706,39.8779178],[-106.4339355,39.87738174],[-106.4338283,39.87502311],[-106.4344716,39.87298611],[-106.4339355,39.87030585],[-106.4327562,39.86601743],[-106.432649,39.86451648],[-106.4303976,39.86151459],[-106.427074,39.85765501],[-106.4257875,39.85540359],[-106.4236433,39.85015028],[-106.4235361,39.84800607],[-106.4255731,39.84554022],[-106.4252515,39.84414649],[-106.4237505,39.84146623],[-106.4206414,39.83996528],[-106.4187116,39.83632012],[-106.4150665,39.83138844],[-106.4120646,39.82870818],[-106.412279,39.82677839],[-106.4110997,39.82549186],[-106.4106708,39.82366928],[-106.4112069,39.82206112],[-106.4106708,39.82034576],[-106.4094915,39.81916644],[-106.4075617,39.81434197],[-106.4071329,39.81284102],[-106.406168,39.81123286],[-106.4018796,39.80758771],[-106.4011291,39.80565792],[-106.4009147,39.80276323],[-106.4012363,39.79986855],[-106.4007003,39.79868924],[-106.3973767,39.79665224],[-106.3964118,39.79579455],[-106.3957686,39.79268545],[-106.3966263,39.79172055],[-106.3968407,39.79011239],[-106.3942676,39.79054124],[-106.3903008,39.78871866],[-106.3890143,39.78764655],[-106.3885855,39.78657445],[-106.3889071,39.78421582],[-106.3909441,39.7778904],[-106.3910513,39.7769255],[-106.3875134,39.77188661],[-106.3869773,39.77049287],[-106.3859052,39.76952798],[-106.3854764,39.76716935],[-106.3834394,39.76609724],[-106.3816168,39.76545398],[-106.3799014,39.76427466],[-106.3792582,39.76298814],[-106.3742193,39.76223766],[-106.3733616,39.7595574],[-106.3705741,39.75666272],[-106.369502,39.75580503],[-106.3684299,39.75559061],[-106.3657496,39.75312477],[-106.3643559,39.75226709],[-106.3622117,39.75194546],[-106.3611396,39.75269593],[-106.3591026,39.75312477],[-106.3561007,39.75280314],[-106.3549214,39.7523743],[-106.3539565,39.75258872],[-106.3521339,39.75559061],[-106.3507402,39.75687714],[-106.3459157,39.75816367],[-106.3434498,39.75902135],[-106.3432354,39.75666272],[-106.3433426,39.75526898],[-106.3420561,39.75301756],[-106.338947,39.75065893],[-106.3356235,39.74947961],[-106.3339081,39.74658493],[-106.3329432,39.74411909],[-106.3313351,39.74251093],[-106.3312279,39.7401523],[-106.3294053,39.73779367],[-106.3280115,39.73757925],[-106.3269394,39.73650714],[-106.3254385,39.73318362],[-106.322115,39.73254036],[-106.3205068,39.73168267],[-106.3196491,39.7299673],[-106.3184698,39.72868078],[-106.3162184,39.72717983],[-106.3125732,39.72578609],[-106.3120372,39.72514283],[-106.3090353,39.72492841],[-106.3068911,39.72396352],[-106.3042108,39.72289141],[-106.3039964,39.72256978],[-106.2993863,39.72053278],[-106.2983142,39.72053278],[-106.2971349,39.71806694],[-106.2952051,39.71645878],[-106.2952051,39.71474341],[-106.2939186,39.71227757],[-106.2942402,39.70938289],[-106.2928465,39.7064882],[-106.2913455,39.7054161],[-106.2909167,39.70402236],[-106.2893085,39.70316468],[-106.2872715,39.70295026],[-106.285449,39.70198536],[-106.2833048,39.70155652],[-106.2807317,39.70037721],[-106.2774082,39.69951952],[-106.2759072,39.70005557],[-106.2745135,39.70144931],[-106.2736558,39.70295026],[-106.2720477,39.70434399],[-106.2690458,39.70252142],[-106.2641141,39.7013421],[-106.2638997,39.70026999],[-106.2628276,39.69876905],[-106.2626131,39.69780415],[-106.2631492,39.69555273],[-106.2640069,39.69458784],[-106.2644357,39.69340852],[-106.2643285,39.69180037],[-106.2648646,39.69062105],[-106.2659367,39.68954894],[-106.265615,39.68847684],[-106.2640069,39.6870831],[-106.2616482,39.68590379],[-106.2613266,39.68268747],[-106.2596112,39.68086489],[-106.2582175,39.67979279],[-106.257467,39.68022163],[-106.2555372,39.68000721],[-106.2519993,39.67904232],[-106.2506056,39.68022163],[-106.2488902,39.68022163],[-106.2468532,39.68065047],[-106.2440657,39.68065047],[-106.2428864,39.68086489],[-106.2403133,39.68022163],[-106.2387052,39.68022163],[-106.239134,39.67775579],[-106.2388124,39.67604042],[-106.2393485,39.67089432],[-106.2405278,39.66928616],[-106.2398845,39.66692753],[-106.2354889,39.66285353],[-106.2348456,39.66199585],[-106.232487,39.66221027],[-106.2305572,39.66188864],[-106.2294851,39.66113816],[-106.2264832,39.66092374],[-106.2242318,39.66263911],[-106.2224092,39.66306795],[-106.2199434,39.66263911],[-106.2186568,39.66145979],[-106.2184424,39.66081653],[-106.2191929,39.65738579],[-106.2189785,39.65631369],[-106.2171559,39.65459832],[-106.2092223,39.65427669],[-106.2077214,39.65524158],[-106.2066492,39.65449111],[-106.2021464,39.65406227],[-106.1996806,39.65277574],[-106.1979652,39.6523469],[-106.1971075,39.65148922],[-106.1944273,39.65116759],[-106.1933551,39.65181085],[-106.1914254,39.65181085],[-106.1891739,39.6533118],[-106.1868153,39.65266853],[-106.1838134,39.65213248],[-106.1842423,39.65063153],[-106.1834918,39.64859453],[-106.182098,39.64762964],[-106.1813476,39.64591427],[-106.1793106,39.64248353],[-106.1792034,39.64130422],[-106.179525,39.63958885],[-106.1792034,39.63840954],[-106.1782385,39.63712301],[-106.1764159,39.63572927],[-106.1762015,39.63337064],[-106.177488,39.63165527],[-106.1773808,39.63058317],[-106.1767375,39.62768849],[-106.1762015,39.62393612],[-106.1764159,39.61975491],[-106.1758798,39.61610975],[-106.1760943,39.61417996],[-106.1775952,39.61267902],[-106.1779168,39.61182133],[-106.1775952,39.60903386],[-106.1787745,39.60785454],[-106.182098,39.60592475],[-106.1839206,39.60420939],[-106.1847783,39.6022796],[-106.1858504,39.6033517],[-106.1903533,39.60399496],[-106.1939984,39.60549591],[-106.200431,39.6063536],[-106.2021464,39.60581754],[-106.2056844,39.60388775],[-106.206006,39.60206518],[-106.2073997,39.60120749],[-106.2090079,39.59938491],[-106.2112593,39.5931667],[-106.2116881,39.58984318],[-106.2108305,39.58769897],[-106.2108305,39.58684128],[-106.2137251,39.58255286],[-106.2139396,39.58201681],[-106.2136179,39.5788005],[-106.2150117,39.57515534],[-106.2145828,39.57429766],[-106.2115809,39.57333276],[-106.2102944,39.57161739],[-106.2098656,39.57033087],[-106.21008,39.56872271],[-106.2099728,39.56700734],[-106.2091151,39.56464871],[-106.2094367,39.56357661],[-106.2086862,39.56164682],[-106.2072925,39.56036029],[-106.2056844,39.55821608],[-106.2037546,39.55778724],[-106.1987157,39.55789445],[-106.1964643,39.5573584],[-106.196357,39.55650071],[-106.1976436,39.55510698],[-106.1972147,39.55264113],[-106.1977508,39.55071135],[-106.1987157,39.55006808],[-106.2020392,39.54996087],[-106.2042906,39.54888877],[-106.2079358,39.54813829],[-106.2099728,39.54695898],[-106.2107232,39.5451364],[-106.2107232,39.5441715],[-106.21008,39.54256335],[-106.2117954,39.53966866],[-106.2104016,39.5349514],[-106.2109377,39.5338793],[-106.2112593,39.53012693],[-106.2125458,39.53098461],[-106.2143684,39.53109182],[-106.2172631,39.53205672],[-106.220801,39.53173509],[-106.2224092,39.53130624],[-106.2244462,39.53119903],[-106.2253039,39.5318423],[-106.2285202,39.53709561],[-106.2288418,39.53838214],[-106.2325942,39.54192008],[-106.2343096,39.54277777],[-106.2353817,39.54449314],[-106.2357033,39.54663735],[-106.23506,39.54749503],[-106.2353817,39.5482455],[-106.2367754,39.54856714],[-106.2400989,39.54685177],[-106.2434225,39.5441715],[-106.245245,39.54384987],[-106.2477109,39.54438593],[-106.2482469,39.54427872],[-106.2499623,39.54213451],[-106.2498551,39.54063356],[-106.2506056,39.53859656],[-106.2540363,39.53538024],[-106.2558589,39.5318423],[-106.2544651,39.52851877],[-106.2545723,39.52637456],[-106.25543,39.52401593],[-106.2558589,39.52079962],[-106.2557517,39.51994193],[-106.2547868,39.51865541],[-106.2537147,39.51790493],[-106.2506056,39.51715446],[-106.2484613,39.51565351],[-106.247282,39.5144742],[-106.2464243,39.51275883],[-106.2469604,39.5104002],[-106.2481397,39.50814878],[-106.2488902,39.50482525],[-106.2510344,39.50214499],[-106.2537147,39.50032241],[-106.2568238,39.49967915],[-106.2582175,39.49753494],[-106.2587536,39.49581957],[-106.2596112,39.49496188],[-106.2591824,39.49421141],[-106.2557517,39.4930321],[-106.2524281,39.49281767],[-106.2494262,39.49174557],[-106.247282,39.49131673],[-106.2455667,39.48938694],[-106.2491046,39.48456247],[-106.2500695,39.48198941],[-106.2494262,39.4808101],[-106.2502839,39.47748657],[-106.2514632,39.4767361],[-106.2516777,39.47427026],[-106.2503911,39.47094673],[-106.2506056,39.46826647],[-106.2515704,39.467516],[-106.2516777,39.46505015],[-106.2506056,39.46440689],[-106.2499623,39.46333479],[-106.2468532,39.46194105],[-106.2451378,39.46151221],[-106.2431008,39.459368],[-106.2421359,39.45765263],[-106.2392412,39.45583005],[-106.2380619,39.45411468],[-106.238598,39.45336421],[-106.2389196,39.45132721],[-106.2369898,39.44789647],[-106.2361321,39.44682437],[-106.2360249,39.44596669],[-106.2340951,39.44425132],[-106.2328086,39.44264316],[-106.2318437,39.44092779],[-106.2301283,39.44092779],[-106.2283058,39.43974848],[-106.2249822,39.43663937],[-106.2232669,39.4338519],[-106.2231597,39.43310143],[-106.2254111,39.4318149],[-106.2256255,39.43009953],[-106.2275553,39.42806253],[-106.2299139,39.42741927],[-106.2327014,39.42623995],[-106.2300211,39.42227316],[-106.2300211,39.41991453],[-106.2308788,39.41884243],[-106.2303428,39.41809196],[-106.23045,39.41691264],[-106.2285202,39.41466122],[-106.2254111,39.41358911],[-106.2221948,39.41305306],[-106.2209082,39.41230259],[-106.2189785,39.41230259],[-106.2169415,39.40994396],[-106.2179064,39.4083358],[-106.2162982,39.40715648],[-106.2127602,39.40522669],[-106.2130819,39.4042618],[-106.2115809,39.40361854],[-106.2023608,39.39718591],[-106.2012887,39.39589938],[-106.2010743,39.39482728],[-106.2031113,39.38957396],[-106.2047195,39.38871628],[-106.2067565,39.38700091],[-106.2082574,39.38635765],[-106.2104016,39.38410623],[-106.2105088,39.3828197],[-106.2079358,39.38110433],[-106.2067565,39.37960339],[-106.146933,39.3797106],[-106.1364264,39.3797106],[-106.1355687,39.37949617],[-106.1313875,39.37949617],[-106.1294577,39.3787457],[-106.1274207,39.37885291],[-106.12399,39.37799523],[-106.1203448,39.37660149],[-106.1147698,39.37649428],[-106.1119824,39.37703033],[-106.1072651,39.37745918],[-106.1060858,39.37788802],[-106.1019046,39.37810244],[-106.0994387,39.37778081],[-106.0967585,39.37788802],[-106.0942926,39.37649428],[-106.0891465,39.3726347],[-106.087324,39.37081212],[-106.0844293,39.36931118],[-106.0813202,39.36909676],[-106.0802481,39.37038328],[-106.0783183,39.3695256],[-106.0742443,39.36866791],[-106.0728505,39.36791744],[-106.0684549,39.36437949],[-106.0673828,39.36384344],[-106.0640593,39.36266413],[-106.0625583,39.36180644],[-106.0583771,39.36009107],[-106.057305,39.35901897],[-106.0561257,39.35848292],[-106.0544103,39.35816128],[-106.0508724,39.35805407],[-106.0463695,39.35741081],[-106.0439037,39.35741081],[-106.0374711,39.35848292],[-106.0346836,39.35837571],[-106.0322178,39.35891176],[-106.0286798,39.36019828],[-106.02675,39.3613776],[-106.0242842,39.36116318],[-106.0219256,39.36169923],[-106.0197813,39.3634146],[-106.0176371,39.3654516],[-106.0174227,39.3674886],[-106.0176371,39.36834628],[-106.0174227,39.37177702],[-106.0174227,39.37338518],[-106.0167795,39.37499333],[-106.0169939,39.37713754],[-106.0174227,39.37917454],[-106.0183876,39.38067549],[-106.0183876,39.38142596],[-106.0169939,39.38292691],[-106.0163506,39.38442786],[-106.0138848,39.3868937],[-106.008417,39.38732254],[-106.0045575,39.38978838],[-106.0033781,39.39171817],[-105.9995186,39.39386238],[-105.9974816,39.3940768],[-105.9959806,39.3950417],[-105.994158,39.39782917],[-105.9931931,39.39986617],[-105.9928715,39.40190317],[-105.9901912,39.4022248],[-105.9869749,39.40147433],[-105.9850451,39.40168875],[-105.9836514,39.40243922],[-105.9830081,39.40447622],[-105.981936,39.40597717],[-105.9806495,39.40672764],[-105.9781837,39.40704927],[-105.9768971,39.40855022],[-105.973252,39.40919348],[-105.9694996,39.41026559],[-105.9687491,39.41069443],[-105.9628526,39.41198096],[-105.9592074,39.41251701],[-105.9572776,39.41305306],[-105.9523459,39.41412517],[-105.9517027,39.41466122],[-105.9536325,39.41841359],[-105.9538469,39.42045059],[-105.9551334,39.42152269],[-105.9553478,39.42280922],[-105.9548118,39.42495343],[-105.9548118,39.42623995],[-105.9563127,39.42784811],[-105.9598507,39.42859858],[-105.9607084,39.42902743],[-105.9649968,39.43342306],[-105.9668194,39.43803311],[-105.9660689,39.43878358],[-105.9643535,39.43953406],[-105.9617805,39.44007011],[-105.9582425,39.43964127],[-105.9564199,39.43835474],[-105.9536325,39.43856916],[-105.947307,39.44049895],[-105.9441979,39.44092779],[-105.9439835,39.445109],[-105.9436619,39.44618111],[-105.9418393,39.44821811],[-105.9424826,39.45046953],[-105.9421609,39.45272095],[-105.9408744,39.45604447],[-105.938623,39.45851031],[-105.9369076,39.4584031],[-105.9346562,39.45786705],[-105.9298317,39.459368],[-105.9267226,39.459368],[-105.9220054,39.4584031],[-105.9192179,39.45829589],[-105.9148223,39.4584031],[-105.9116059,39.45668774],[-105.9105338,39.4584031],[-105.9083896,39.45947521],[-105.9059238,39.45968963],[-105.9038868,39.46226268],[-105.9018498,39.46429968],[-105.9012065,39.46719436],[-105.9016354,39.46966021],[-105.9004561,39.47083952],[-105.8990623,39.47148278],[-105.8985263,39.47341257],[-105.8967037,39.47566399],[-105.897347,39.47716494],[-105.8947739,39.47748657],[-105.8940234,39.47866589],[-105.8926297,39.47995241],[-105.8922008,39.48102452],[-105.8922008,39.48359757],[-105.8919864,39.48413362],[-105.8903783,39.48349036],[-105.889199,39.48338315],[-105.8846961,39.48413362],[-105.8791212,39.48381199],[-105.8787995,39.48445526],[-105.8791212,39.48681389],[-105.8783707,39.48960136],[-105.8767625,39.49088789],[-105.8747255,39.49356815],[-105.8723669,39.49485467],[-105.8699011,39.49496188],[-105.8675424,39.4941042],[-105.8665775,39.49431862],[-105.8665775,39.49667725],[-105.8659343,39.49807099],[-105.8642189,39.50000078],[-105.8645405,39.50032241],[-105.8635756,39.5022522],[-105.8603593,39.50471804],[-105.8582151,39.50514688],[-105.85457,39.50525409],[-105.8547844,39.50643341],[-105.8570358,39.50707667],[-105.8595016,39.50922088],[-105.8599305,39.51018578],[-105.8599305,39.51211556],[-105.8618603,39.51308046],[-105.8668992,39.51672562],[-105.8670064,39.51769051],[-105.8679713,39.51897704],[-105.8680785,39.51983472],[-105.8646477,39.52208614],[-105.8635756,39.52390872],[-105.8629324,39.52733946],[-105.8611098,39.52916203],[-105.8604665,39.53044856],[-105.8590728,39.5318423],[-105.8576791,39.53205672],[-105.85457,39.52787551],[-105.8512464,39.52616014],[-105.8471724,39.52487361],[-105.8453499,39.52380151],[-105.8442778,39.52594572],[-105.8429912,39.52658898],[-105.840847,39.52691061],[-105.8385956,39.5277683],[-105.8369874,39.52894761],[-105.834736,39.52991251],[-105.8314125,39.53152067],[-105.8300188,39.53205672],[-105.8279818,39.5318423],[-105.8271241,39.53141346],[-105.8239078,39.53055577],[-105.8230501,39.52991251],[-105.8228357,39.53077019],[-105.8212275,39.53248556],[-105.8203698,39.53473698],[-105.819941,39.53634514],[-105.8192977,39.53752445],[-105.8175823,39.53827493],[-105.8180112,39.54052635],[-105.8186544,39.54181287],[-105.8190833,39.54406429],[-105.8189761,39.54577966],[-105.8168319,39.54792387],[-105.8162958,39.54813829],[-105.8157598,39.55199787],[-105.8187617,39.55210508],[-105.8222996,39.55296277],[-105.8257303,39.55564303],[-105.826052,39.55746561],[-105.8276601,39.55950261],[-105.8289467,39.56153961],[-105.8285178,39.56346939],[-105.8296971,39.56486313],[-105.830662,39.56647129],[-105.8365586,39.56882992],[-105.8383812,39.57140297],[-105.8383812,39.57290392],[-105.8336639,39.57612023],[-105.8329134,39.57708513],[-105.8315197,39.57805002],[-105.8272313,39.57933655],[-105.826588,39.58019423],[-105.8227284,39.58008702],[-105.8205842,39.58094471],[-105.819941,39.58223123],[-105.8188689,39.58180239],[-105.8181184,39.5808375],[-105.81383,39.58244565],[-105.8080406,39.58341055],[-105.8060036,39.58587639],[-105.8051459,39.58737734],[-105.8032161,39.58984318],[-105.8013936,39.59123691],[-105.8004287,39.5931667],[-105.7984989,39.59380997],[-105.7961402,39.59391718],[-105.7944249,39.59488207],[-105.7931383,39.59670465],[-105.7916374,39.59788397],[-105.7869201,39.59917049],[-105.7827389,39.60013539],[-105.7813452,39.60088586],[-105.7775928,39.60442381],[-105.7759847,39.60517428],[-105.775663,39.60656802],[-105.7761991,39.6083906],[-105.7760919,39.61107086],[-105.7773784,39.61278623],[-105.781238,39.61600254],[-105.7827389,39.61793233],[-105.7827389,39.62050538],[-105.7824173,39.62147028],[-105.7828461,39.62264959],[-105.7822029,39.62436496],[-105.7823101,39.62672359],[-105.7828461,39.62758127],[-105.7826317,39.62897501],[-105.7845615,39.63111922],[-105.7879922,39.63240575],[-105.7912086,39.63422833],[-105.7918518,39.63530043],[-105.7930311,39.63637254],[-105.7982844,39.63637254],[-105.8006431,39.63562206],[-105.8032161,39.63540764],[-105.806218,39.6349788],[-105.8093271,39.63540764],[-105.8122218,39.63508601],[-105.815867,39.63379948],[-105.8172607,39.63358506],[-105.8186544,39.63487159],[-105.81844,39.63637254],[-105.8190833,39.63830232],[-105.8191905,39.63969606],[-105.8201554,39.64055375],[-105.8212275,39.64269796],[-105.8248727,39.64162585],[-105.8262664,39.64087538],[-105.8287322,39.64194748],[-105.8339855,39.64226911],[-105.8345216,39.64194748],[-105.8366658,39.64291238],[-105.83881,39.64462774],[-105.8394533,39.64559264],[-105.8415975,39.6462359],[-105.8461003,39.64409169],[-105.8486734,39.6441989],[-105.8512464,39.64666474],[-105.8543555,39.64913059],[-105.85457,39.6503099],[-105.8556421,39.65223969],[-105.8568214,39.65588485],[-105.8568214,39.65781464],[-105.858644,39.65813627],[-105.8595016,39.65867232],[-105.8620747,39.66231748],[-105.8629324,39.66499774],[-105.864755,39.66724916],[-105.8680785,39.66692753],[-105.8736534,39.66585542],[-105.8796572,39.663604],[-105.8849105,39.65706416],[-105.8882341,39.6584579],[-105.8939162,39.65942279],[-105.8968109,39.66467611],[-105.9036724,39.66446169],[-105.9107483,39.66231748],[-105.9148223,39.66574821],[-105.9199684,39.66939337],[-105.922327,39.67014384],[-105.9262938,39.67303853],[-105.9267226,39.67357458],[-105.9266154,39.67518274],[-105.9270443,39.67668368],[-105.9246856,39.68011442],[-105.9213621,39.68429563],[-105.9195395,39.69029942],[-105.9205044,39.69255084],[-105.9200756,39.69383736],[-105.9245784,39.69898347],[-105.9251145,39.69844742],[-105.9266154,39.69866184],[-105.9300462,39.69748252],[-105.9328336,39.69469505],[-105.9364788,39.69255084],[-105.9405528,39.69062105],[-105.9455917,39.68890568],[-105.9510594,39.69512389],[-105.9618877,39.69083547],[-105.9704645,39.69062105],[-105.9723943,39.69169315],[-105.9781837,39.68976337],[-105.9809711,39.68976337],[-105.9853668,39.68740473],[-105.9885831,39.68697589],[-105.9909417,39.68751195],[-105.9963022,39.68408121],[-106.0029493,39.68579658],[-106.0045575,39.68729752],[-106.0064872,39.68794079],[-106.0088459,39.68772637],[-106.0116333,39.6870831],[-106.0130271,39.68633263],[-106.0156001,39.6870831],[-106.0194597,39.68751195],[-106.0211751,39.68836963],[-106.0237481,39.68836963],[-106.0266428,39.68954894],[-106.0263212,39.69072826],[-106.0281438,39.69201479],[-106.0318961,39.694159],[-106.0336115,39.69673205],[-106.0340403,39.69898347],[-106.034362,39.70295026],[-106.0367206,39.70552331],[-106.0378999,39.70756031],[-106.0382216,39.70959731],[-106.0378999,39.71045499],[-106.0381143,39.71206315],[-106.0409018,39.71485062],[-106.0415451,39.71602994],[-106.0441181,39.7176381],[-106.0446542,39.71892462],[-106.0457263,39.71903183],[-106.0479777,39.71999673],[-106.048621,39.72106883],[-106.0513012,39.72149767],[-106.0559113,39.72139046],[-106.0566618,39.72299862],[-106.0579483,39.72374909],[-106.0585915,39.72471399],[-106.0586988,39.72632215],[-106.0580555,39.72878799],[-106.0591276,39.73071778],[-106.0599853,39.73318362],[-106.0601997,39.73447014],[-106.0597709,39.7360783],[-106.0603069,39.73800809],[-106.0594492,39.73940183],[-106.0597709,39.74058114],[-106.060843,39.74133162],[-106.0640593,39.74594167],[-106.0648098,39.74819309],[-106.0639521,39.74894356],[-106.0629872,39.75108777],[-106.0658819,39.75376804],[-106.0655602,39.75623388],[-106.0657746,39.7575204],[-106.0650242,39.75859251],[-106.0648098,39.76073672],[-106.0655602,39.76266651],[-106.06749,39.76395303],[-106.0680261,39.76502514],[-106.069527,39.76620445],[-106.071028,39.7697424],[-106.071028,39.77263708],[-106.0724217,39.77542456],[-106.0729578,39.77713992],[-106.0739226,39.77831924],[-106.0752092,39.7809995],[-106.077675,39.78292929],[-106.0789615,39.78539513],[-106.0799264,39.78593119],[-106.081213,39.78743213],[-106.0804625,39.78957634],[-106.079176,39.79225661],[-106.0779966,39.79354313],[-106.0794976,39.79418639],[-106.0821779,39.7963306],[-106.0821779,39.79943971],[-106.0823923,39.80072623],[-106.0838932,39.80329929],[-106.0836788,39.80597955],[-106.0841076,39.80662281],[-106.0865735,39.80801655],[-106.0900042,39.80930307],[-106.0920412,39.81284102],[-106.0942926,39.8146636],[-106.0957936,39.81616455],[-106.0990099,39.81841597],[-106.0998676,39.8198097],[-106.1028695,39.82088181],[-106.1053353,39.82238276],[-106.1063002,39.82399091],[-106.1072651,39.82463418],[-106.1098382,39.82742165],[-106.1113391,39.82849375],[-106.1124112,39.82967307],[-106.1145554,39.83042354],[-106.1170213,39.8320317],[-106.1192727,39.83481917],[-106.1203448,39.83567686],[-106.1206664,39.83739223],[-106.1217385,39.83900038],[-106.1234539,39.84039412],[-106.1244188,39.84178786],[-106.1255981,39.84210949],[-106.1272063,39.84307438],[-106.1297793,39.84403928],[-106.1314947,39.84414649],[-106.1344966,39.84371765],[-106.1379273,39.84350322],[-106.1394283,39.84296717],[-106.1424302,39.83996528],[-106.1433951,39.83932202],[-106.1495061,39.83953644],[-106.1516503,39.84071575],[-106.1563675,39.8422167],[-106.1616208,39.84371765],[-106.1651588,39.84382486],[-106.1676246,39.84554022],[-106.1689112,39.84500417],[-106.1711626,39.8453258],[-106.1725563,39.84639791],[-106.1725563,39.84789886],[-106.1735212,39.84757722],[-106.1747005,39.84789886],[-106.1765231,39.84897096],[-106.1777024,39.84929259],[-106.1794178,39.85090075],[-106.1804899,39.85250891],[-106.1832774,39.8534738],[-106.185636,39.85540359],[-106.1904605,39.85776222],[-106.1930335,39.85883433],[-106.19432,39.85969201],[-106.1953921,39.86108575],[-106.2005382,39.86408764],[-106.2015031,39.86548138],[-106.2013959,39.86848327],[-106.2027897,39.8697698],[-106.2032185,39.87127074],[-106.2051483,39.87320053],[-106.2063276,39.87502311],[-106.206542,39.87770337],[-106.2079358,39.87834664],[-106.2114737,39.87845385],[-106.214154,39.87877548],[-106.2168342,39.88059806],[-106.2193001,39.88359995],[-106.2194073,39.88531532],[-106.2204794,39.88649464],[-106.220801,39.88767395],[-106.2230525,39.88831721],[-106.2241246,39.88992537],[-106.2275553,39.89249842],[-106.228413,39.89357053],[-106.2296995,39.89657242],[-106.2300211,39.89796616],[-106.2318437,39.89989595],[-106.2317365,39.90075363],[-106.2328086,39.90171853],[-106.2348456,39.90268342],[-106.2383836,39.90589974],[-106.2393485,39.90686463],[-106.2410638,39.90729347],[-106.2436369,39.90933047],[-106.2456739,39.9116891],[-106.2469604,39.912654],[-106.2506056,39.91308284],[-106.2519993,39.914691],[-106.2716188,39.916728],[-106.2897374,39.91887221],[-106.2947763,39.91887221],[-106.2946691,39.91394052],[-106.338411,39.9137261],[-106.3435571,39.91383331],[-106.3625333,39.9137261],[-106.367465,39.91383331],[-106.375613,39.91361889],[-106.3810807,39.91404773],[-106.3874062,39.91394052],[-106.3954469,39.91404773],[-106.3952325,39.92455436],[-106.4076689,39.92476878],[-106.4344716,39.924876]]]},"properties":{"name":"Summit=SUM","type":"county"}},
{"type":"Feature","geometry":{"type":"Polygon","coordinates":[[[-105.3304178,39.12969571],[-105.3304178,39.12487123],[-105.3306322,39.1204756],[-105.3292385,38.96394827],[-105.3291313,38.95719401],[-105.3293457,38.95161906],[-105.3290241,38.94197012],[-105.3283808,38.89265329],[-105.3287025,38.88943697],[-105.328488,38.88589903],[-105.3281664,38.87496355],[-105.3291313,38.86906698],[-105.3289169,38.86767324],[-105.3288097,38.81599778],[-105.3290241,38.81117331],[-105.3292385,38.78372742],[-105.3290241,38.7498489],[-105.3288097,38.74459559],[-105.3291313,38.69720854],[-105.313693,38.69699412],[-105.250546,38.69645807],[-105.242398,38.69699412],[-105.2377879,38.69688691],[-105.2399322,38.67705297],[-105.2404682,38.65957766],[-105.240361,38.64757008],[-105.1255386,38.64789171],[-105.109457,38.64757008],[-105.0929466,38.6477845],[-105.0715045,38.64853498],[-105.0668944,38.64971429],[-105.0575671,38.65164408],[-105.0539219,38.65314503],[-105.0356962,38.65142966],[-105.0005311,38.65121524],[-104.9949562,38.65089361],[-104.942423,38.64992871],[-104.9422086,38.69624365],[-104.9397428,38.69613644],[-104.9395283,38.70364117],[-104.9389923,38.71050265],[-104.9394211,38.74995611],[-104.9393139,38.75713921],[-104.9392067,38.78179763],[-104.9389923,38.79230426],[-104.9389923,38.79691431],[-104.9857361,38.79766478],[-105.0005311,38.79745036],[-105.0053556,38.79734315],[-105.0110377,38.79702152],[-105.0153262,38.79691431],[-105.0306573,38.79712873],[-105.0531715,38.79916573],[-105.0721477,38.79938015],[-105.0725766,38.80838583],[-105.0723621,38.8110661],[-105.0716117,38.81942852],[-105.0683954,38.85116282],[-105.0681809,38.86016851],[-105.0675377,38.86263435],[-105.0675377,38.86531461],[-105.06668,38.86949582],[-105.0289419,38.86895977],[-105.0287275,38.87153282],[-105.0287275,38.87603566],[-105.027977,38.93006975],[-105.0278698,38.93285723],[-105.0271193,38.93618075],[-105.0274409,38.93896822],[-105.0277626,38.94572249],[-105.0272265,38.98528316],[-105.0297996,38.99943495],[-105.0289419,39.004045],[-105.0291563,39.00554595],[-105.0286203,39.00769016],[-105.028513,39.00972716],[-105.027977,39.01315789],[-105.0276554,39.02066263],[-105.0273337,39.02312847],[-105.0269049,39.02988273],[-105.0272265,39.03299183],[-105.0272265,39.03652978],[-105.0276554,39.04049657],[-105.0277626,39.04403452],[-105.0280842,39.04650036],[-105.0280842,39.05089599],[-105.028513,39.05550604],[-105.0287275,39.06075935],[-105.0292635,39.06451172],[-105.0295852,39.07094435],[-105.030014,39.0744823],[-105.0302284,39.07802024],[-105.03055,39.08037888],[-105.0304428,39.08284472],[-105.03055,39.08638266],[-105.0314077,39.09195761],[-105.0311933,39.09785419],[-105.0317294,39.10171377],[-105.0318366,39.10428682],[-105.032587,39.11007618],[-105.032587,39.11372134],[-105.0329087,39.11908187],[-105.0328015,39.12304866],[-105.0331231,39.12497844],[-105.0335519,39.12980292],[-105.1250025,39.12948129],[-105.1625262,39.12948129],[-105.199085,39.1295885],[-105.2014436,39.12969571],[-105.2720953,39.12948129],[-105.285711,39.12969571],[-105.3292385,39.12969571],[-105.3304178,39.12969571]]]},"properties":{"name":"Teller=TEL","type":"county"}},
{"type":"Feature","geometry":{"type":"Polygon","coordinates":[[[-103.7065004,39.73993788],[-103.7067148,39.72546446],[-103.7066076,39.62500822],[-103.7070364,39.56625687],[-103.6607215,39.56636408],[-103.6585773,39.56593524],[-103.6581484,39.56625687],[-103.6387433,39.56625687],[-103.6364919,39.56604245],[-103.6308097,39.56593524],[-103.6293088,39.56625687],[-103.5638032,39.56604245],[-103.5230632,39.56604245],[-103.4920794,39.56604245],[-103.4896135,39.56572082],[-103.4810367,39.56604245],[-103.4721382,39.56572082],[-103.4719238,39.56593524],[-103.4531619,39.56593524],[-103.4457644,39.56593524],[-103.4280747,39.56593524],[-103.4262521,39.56604245],[-103.3691089,39.56625687],[-103.3610681,39.56625687],[-103.3482029,39.56636408],[-103.3193632,39.56636408],[-103.3181839,39.5665785],[-103.3101431,39.5665785],[-103.2119383,39.56614966],[-103.1820266,39.56614966],[-103.1549023,39.56593524],[-103.1543663,39.56561361],[-103.1540446,39.56593524],[-103.1383919,39.56604245],[-103.0886462,39.56700734],[-103.0861804,39.56690013],[-103.0793189,39.56690013],[-103.068169,39.56722176],[-103.0338617,39.56775782],[-103.0281795,39.56754339],[-103.0232478,39.56754339],[-103.0095249,39.56786503],[-102.9542043,39.56829387],[-102.9528105,39.56840108],[-102.935228,39.56850829],[-102.889878,39.56840108],[-102.8803362,39.56829387],[-102.879693,39.56818666],[-102.8647907,39.56850829],[-102.831341,39.56807945],[-102.8029302,39.56786503],[-102.8027158,39.60528149],[-102.8025014,39.61096365],[-102.8025014,39.62179191],[-102.8025014,39.6257587],[-102.8019654,39.66939337],[-102.8018581,39.68086489],[-102.8014293,39.68611821],[-102.8015365,39.69866184],[-102.8012149,39.7135641],[-102.8015365,39.71388573],[-102.8015365,39.71935346],[-102.8018581,39.72053278],[-102.8011077,39.75001567],[-102.8010005,39.78668166],[-102.8003572,39.82988749],[-102.8030375,39.95993383],[-102.8031447,39.97258467],[-102.8033591,39.97751635],[-102.8034663,39.98941672],[-102.8037879,40.00260361],[-102.7932813,40.0024964],[-102.7934957,40.03133602],[-102.7934957,40.05074112],[-102.7937101,40.06039007],[-102.7940318,40.0893369],[-102.7942462,40.11828374],[-102.794139,40.13200668],[-102.794139,40.16760057],[-102.794139,40.17542694],[-102.7937101,40.19375993],[-102.7934957,40.20523146],[-102.7931741,40.2393244],[-102.7932813,40.2403965],[-102.7931741,40.24715076],[-102.7932813,40.26055208],[-102.7932813,40.29217917],[-102.7936029,40.35125216],[-102.7802016,40.35114495],[-102.7800944,40.41482799],[-102.7802016,40.42683556],[-102.7799872,40.4384143],[-102.7990707,40.43852151],[-102.8490308,40.43830709],[-102.8849463,40.43830709],[-102.9246142,40.43798546],[-102.9334054,40.43809267],[-102.948951,40.43787824],[-102.9508807,40.43777103],[-103.00856,40.4374494],[-103.0850011,40.43680614],[-103.0903616,40.43680614],[-103.1209166,40.43669893],[-103.1255266,40.43669893],[-103.1320665,40.43659172],[-103.1354972,40.43680614],[-103.1502923,40.43680614],[-103.15115,40.43669893],[-103.2258757,40.43616288],[-103.2305929,40.43605567],[-103.2505341,40.43605567],[-103.3671791,40.43530519],[-103.3750055,40.43530519],[-103.3755415,40.43551961],[-103.3870131,40.4354124],[-103.3876563,40.43551961],[-103.4070614,40.4363773],[-103.4653839,40.4363773],[-103.4646335,40.41043236],[-103.4646335,40.40818094],[-103.464419,40.40410694],[-103.4647407,40.35489732],[-103.4646335,40.34996563],[-103.4709589,40.34975121],[-103.4711733,40.33334801],[-103.4709589,40.33270474],[-103.4718166,40.24993824],[-103.4723526,40.24511376],[-103.4722454,40.24232629],[-103.472567,40.23868113],[-103.472567,40.23310619],[-103.4723526,40.22720961],[-103.4732103,40.19386714],[-103.4734247,40.18228841],[-103.4735319,40.16663568],[-103.4733175,40.15677231],[-103.4735319,40.15173342],[-103.4734247,40.14755221],[-103.4732103,40.14669452],[-103.4721382,40.08847922],[-103.4722454,40.0596396],[-103.4721382,40.04527339],[-103.4721382,40.03069276],[-103.472031,40.0015315],[-103.4893991,40.00142429],[-103.5661618,40.00142429],[-103.5669123,40.00120987],[-103.5777405,40.00163871],[-103.5841732,40.00131708],[-103.5858885,40.00142429],[-103.5960735,40.00131708],[-103.6296304,40.00142429],[-103.6298448,40.00110266],[-103.6583628,40.00110266],[-103.7057499,40.00131708],[-103.7056427,39.9851283],[-103.7060715,39.97333514],[-103.7062859,39.95886172],[-103.7060715,39.90665021],[-103.7062859,39.88896048],[-103.7062859,39.83042354],[-103.7063931,39.79804597],[-103.7065004,39.78346534],[-103.7065004,39.73993788]]]},"properties":{"name":"Washington=WAS","type":"county"}},
{"type":"Feature","geometry":{"type":"Polygon","coordinates":[[[-104.9433879,40.99816032],[-104.9430663,40.91089098],[-104.9431735,40.9029574],[-104.9430663,40.88494604],[-104.9432807,40.87561872],[-104.9433879,40.87497546],[-104.9436023,40.85792899],[-104.9434951,40.75500691],[-104.9433879,40.7467517],[-104.9434951,40.69646997],[-104.9430663,40.69646997],[-104.9430663,40.69325366],[-104.9433879,40.67138272],[-104.9434951,40.65262088],[-104.943924,40.63493115],[-104.9441384,40.59805073],[-104.9441384,40.54637527],[-104.9442456,40.52278896],[-104.9440312,40.48858881],[-104.9441384,40.4864446],[-104.9441384,40.46210782],[-104.9442456,40.44570461],[-104.9442456,40.43584125],[-104.9443528,40.41761546],[-104.9455321,40.34910795],[-105.0567094,40.34932237],[-105.0557445,40.33988785],[-105.0551013,40.33517058],[-105.0552085,40.3210188],[-105.0554229,40.31908901],[-105.0551013,40.31019054],[-105.0552085,40.29089265],[-105.0551013,40.2618386],[-105.0551013,40.24897334],[-105.0548868,40.23975324],[-105.0551013,40.23278456],[-105.0552085,40.22313561],[-105.0552085,40.18110909],[-105.0554229,40.14090516],[-105.0555301,40.04398686],[-105.0553157,40.02919181],[-105.0555301,40.00989392],[-105.0554229,40.00024498],[-105.0528498,40.00024498],[-105.0088935,40.00024498],[-105.0090007,40.00742808],[-104.9990302,40.0076425],[-104.9880947,40.0076425],[-104.9882019,40.01493282],[-104.9990302,40.01493282],[-104.9990302,40.01589771],[-104.9978508,40.01696982],[-104.9977436,40.01772029],[-104.9962427,40.01911403],[-104.9955994,40.02018613],[-104.997422,40.02061497],[-104.9975292,40.02383129],[-104.9991374,40.02404571],[-104.9991374,40.0259755],[-104.9860577,40.0259755],[-104.9860577,40.02940623],[-104.9800539,40.02940623],[-104.9800539,40.04162823],[-104.9793034,40.04398686],[-104.9611849,40.04420128],[-104.9613993,40.02940623],[-104.9613993,40.01525445],[-104.9613993,40.00035219],[-104.7884687,40.0004594],[-104.648559,40.00056661],[-104.6095344,40.00056661],[-104.6048171,40.0004594],[-104.6027801,40.00056661],[-104.5463874,40.00088824],[-104.533415,40.00078103],[-104.5088637,40.00078103],[-104.5005013,40.00067382],[-104.4848486,40.00056661],[-104.4290991,40.00078103],[-104.423417,40.00056661],[-104.3953278,40.00078103],[-104.3754939,40.00067382],[-104.3754939,40.00078103],[-104.3576969,40.00078103],[-104.3386135,40.00088824],[-104.3015186,40.00078103],[-104.2817919,40.00088824],[-104.1693281,40.00078103],[-104.1503518,40.00088824],[-104.1501374,40.12493079],[-104.1502446,40.12493079],[-104.1500302,40.15023247],[-104.150459,40.15119736],[-104.1500302,40.15173342],[-104.1500302,40.15687952],[-104.1498158,40.17456925],[-104.1500302,40.17467646],[-104.1500302,40.18003699],[-104.149923,40.18196678],[-104.1501374,40.19794114],[-104.1502446,40.23010429],[-104.1503518,40.23214129],[-104.1501374,40.23964603],[-104.1502446,40.24457771],[-104.1501374,40.24993824],[-104.149923,40.24993824],[-104.1502446,40.31866017],[-104.1505663,40.34749979],[-104.150459,40.35028726],[-104.1474571,40.35028726],[-104.1475644,40.35114495],[-104.1472427,40.374088],[-104.1473499,40.37977015],[-104.1471355,40.4006762],[-104.1469211,40.40925304],[-104.146385,40.43787824],[-104.1470283,40.47079187],[-104.147886,40.52439712],[-104.078628,40.52428991],[-104.0025085,40.52439712],[-103.9857837,40.5241827],[-103.9583378,40.52396828],[-103.9509403,40.52375386],[-103.9179195,40.52375386],[-103.8323655,40.52396828],[-103.8129604,40.52396828],[-103.7529225,40.5232178],[-103.7504567,40.52332501],[-103.7242973,40.52236012],[-103.7150772,40.5221457],[-103.7147556,40.52236012],[-103.6958865,40.52193128],[-103.6952433,40.52203849],[-103.6753021,40.52203849],[-103.6731579,40.5221457],[-103.6613647,40.5221457],[-103.6582556,40.52236012],[-103.6390649,40.52257454],[-103.6144065,40.52278896],[-103.6011124,40.52311059],[-103.5818145,40.52332501],[-103.5817073,40.55237906],[-103.5817073,40.55956216],[-103.5816001,40.5670669],[-103.5814929,40.57478605],[-103.5817073,40.58143311],[-103.5814929,40.59601373],[-103.5816001,40.60233915],[-103.5814929,40.60351847],[-103.5816001,40.61381068],[-103.5813857,40.61595489],[-103.5814929,40.62496057],[-103.5810641,40.6426503],[-103.5810641,40.65401462],[-103.5808496,40.65444346],[-103.5806352,40.66677267],[-103.5807424,40.66880966],[-103.5803136,40.67920908],[-103.5802064,40.70193771],[-103.5740954,40.70193771],[-103.573881,40.73099176],[-103.5739882,40.7457868],[-103.5735593,40.74996801],[-103.5733449,40.76015301],[-103.573881,40.86650583],[-103.5742026,40.87658362],[-103.5742026,40.87937109],[-103.5737738,40.88483882],[-103.5737738,40.89084261],[-103.5733449,40.90477998],[-103.5737738,40.92300576],[-103.5735593,40.92525718],[-103.5739882,40.96331691],[-103.5733449,40.9785408],[-103.5734521,40.9907628],[-103.5734521,40.99269259],[-103.573881,40.9999829],[-103.5745242,41.00169827],[-103.6183733,41.00169827],[-103.6254492,41.00159106],[-103.6492499,41.00180548],[-103.7340535,41.00169827],[-103.7504567,41.0020199],[-103.7831559,41.00180548],[-103.8427649,41.00169827],[-103.8956197,41.00169827],[-103.9120229,41.00159106],[-103.931964,41.00180548],[-103.9336794,41.00169827],[-103.9521196,41.00169827],[-103.9714175,41.00148385],[-103.9722752,41.00169827],[-104.0004715,41.00180548],[-104.0182685,41.00159106],[-104.0234146,41.00191269],[-104.0392818,41.00148385],[-104.0515037,41.00148385],[-104.0535407,41.00137664],[-104.0660844,41.00126943],[-104.0701584,41.00159106],[-104.1045729,41.00159106],[-104.125479,41.00159106],[-104.125479,41.00169827],[-104.1625738,41.00159106],[-104.1734021,41.00180548],[-104.2122123,41.00159106],[-104.2131772,41.00191269],[-104.2158574,41.00169827],[-104.223255,41.00159106],[-104.2956221,41.00169827],[-104.3371125,41.00169827],[-104.3557672,41.00148385],[-104.4197718,41.00148385],[-104.4676949,41.00148385],[-104.4971778,41.00180548],[-104.5308419,41.00159106],[-104.6255088,41.00137664],[-104.6760049,41.0009478],[-104.7505162,40.9999829],[-104.7596291,40.9999829],[-104.7788198,40.99976848],[-104.7979033,40.99944685],[-104.8295304,40.99923243],[-104.8552609,40.99805311],[-104.8700559,40.99826754],[-104.8824923,40.99816032],[-104.9433879,40.99816032]]]},"properties":{"name":"Weld=WEL","type":"county"}},
{"type":"Feature","geometry":{"type":"Polygon","coordinates":[[[-104.9728708,40.02972787],[-104.9728708,40.03294418],[-104.9778025,40.03283697],[-104.9782313,40.03337302],[-104.9796251,40.03272976],[-104.9796251,40.02972787],[-104.9728708,40.02972787]]]},"properties":{"name":"Weld=WEL 2","type":"county"}},
{"type":"Feature","geometry":{"type":"Polygon","coordinates":[[[-102.7799872,40.4384143],[-102.7802016,40.42683556],[-102.7800944,40.41482799],[-102.7802016,40.35114495],[-102.7936029,40.35125216],[-102.7932813,40.29217917],[-102.7932813,40.26055208],[-102.7931741,40.24715076],[-102.7932813,40.2403965],[-102.7931741,40.2393244],[-102.7934957,40.20523146],[-102.7937101,40.19375993],[-102.794139,40.17542694],[-102.794139,40.16760057],[-102.794139,40.13200668],[-102.7942462,40.11828374],[-102.7940318,40.0893369],[-102.7937101,40.06039007],[-102.7934957,40.05074112],[-102.7934957,40.03133602],[-102.7932813,40.0024964],[-102.8037879,40.00260361],[-102.8034663,39.98941672],[-102.8033591,39.97751635],[-102.8031447,39.97258467],[-102.8030375,39.95993383],[-102.8003572,39.82988749],[-102.8010005,39.78668166],[-102.8011077,39.75001567],[-102.8018581,39.72053278],[-102.8015365,39.71935346],[-102.8015365,39.71388573],[-102.8012149,39.7135641],[-102.8015365,39.69866184],[-102.8014293,39.68611821],[-102.8018581,39.68086489],[-102.8019654,39.66939337],[-102.8025014,39.6257587],[-102.8025014,39.62179191],[-102.8025014,39.61096365],[-102.8027158,39.60528149],[-102.8029302,39.56786503],[-102.7940318,39.56775782],[-102.7244522,39.56797224],[-102.5725349,39.56925876],[-102.5708195,39.56925876],[-102.5515216,39.5706525],[-102.4999534,39.5706525],[-102.4588918,39.57086692],[-102.4585701,39.57075971],[-102.4309098,39.57075971],[-102.4256565,39.5706525],[-102.3854526,39.57075971],[-102.382129,39.5706525],[-102.375482,39.57086692],[-102.3697998,39.57075971],[-102.3135143,39.57118855],[-102.3060096,39.57129576],[-102.3004346,39.57129576],[-102.2913217,39.57151018],[-102.2735248,39.57151018],[-102.2603379,39.5717246],[-102.2525115,39.57193902],[-102.249188,39.57193902],[-102.1910799,39.57279671],[-102.1679224,39.57301113],[-102.1103504,39.57333276],[-102.0880506,39.57365439],[-102.0497765,39.57408323],[-102.0498837,39.59048644],[-102.0499909,39.59380997],[-102.0502053,39.61096365],[-102.0503125,39.64098259],[-102.0504197,39.64602148],[-102.0502053,39.64634311],[-102.0500981,39.65406227],[-102.050527,39.66092374],[-102.0507414,39.70756031],[-102.0506342,39.71913904],[-102.0509558,39.75001567],[-102.0513846,39.84350322],[-102.0515991,39.84982864],[-102.0513846,39.87502311],[-102.0517063,39.98491388],[-102.0518135,40.125038],[-102.0519207,40.14830268],[-102.0517063,40.149482],[-102.0517063,40.16224005],[-102.0519207,40.16256168],[-102.0517063,40.17885767],[-102.0518135,40.18464704],[-102.0518135,40.19161572],[-102.0519207,40.20147909],[-102.0519207,40.20887661],[-102.0517063,40.21252177],[-102.0519207,40.21745345],[-102.0515991,40.22399329],[-102.0518135,40.22731682],[-102.0514918,40.22924661],[-102.0514918,40.23482155],[-102.0517063,40.24254071],[-102.0512774,40.3383869],[-102.0518135,40.36004342],[-102.0515991,40.37494568],[-102.0514918,40.39306425],[-102.0515991,40.41107562],[-102.0514918,40.44002245],[-102.0899804,40.43970082],[-102.2149879,40.43959361],[-102.2176681,40.43980803],[-102.2217421,40.43959361],[-102.2230286,40.43980803],[-102.2504745,40.4394864],[-102.3011851,40.43959361],[-102.3232705,40.4394864],[-102.397889,40.43970082],[-102.4157931,40.43959361],[-102.416222,40.43991524],[-102.4547105,40.4394864],[-102.4546033,40.43927198],[-102.5016687,40.43884314],[-102.5851857,40.43852151],[-102.6073783,40.43852151],[-102.6282843,40.43862872],[-102.6648431,40.43852151],[-102.6826401,40.43852151],[-102.7017235,40.43862872],[-102.7022596,40.43852151],[-102.7627263,40.43862872],[-102.7799872,40.4384143]]]},"properties":{"name":"Yuma=YUM","type":"county"}}
]}