{"type":"FeatureCollection", "features": [
{"type":"Feature","geometry":{"type":"Polygon","coordinates":[[[-83.385637,39.055197],[-83.441754,39.046769],[-83.443427,39.04648],[-83.474897,39.041785],[-83.498542,39.03825],[-83.503184,39.037604],[-83.586148,39.023635],[-83.596947,39.021707],[-83.611592,39.01889],[-83.62492,39.019072],[-83.625173,39.019165],[-83.659036,39.020035],[-83.673018,39.02043],[-83.674844,39.000067],[-83.67514,38.999469],[-83.677643,38.969655],[-83.679427,38.949675],[-83.679645,38.947242],[-83.681739,38.921276],[-83.682823,38.909428],[-83.682846,38.90857],[-83.683044,38.906197],[-83.686288,38.867528],[-83.686963,38.860307],[-83.689024,38.83825],[-83.691392,38.812947],[-83.691741,38.80941],[-83.692324,38.803514],[-83.695551,38.768614],[-83.696194,38.761722],[-83.699102,38.729945],[-83.699868,38.720181],[-83.700508,38.712454],[-83.702973,38.684271],[-83.70530605,38.63976121],[-83.70411253,38.63972705],[-83.704006,38.639724],[-83.68552,38.63189],[-83.679484,38.630036],[-83.6781567,38.62980632],[-83.668111,38.628068],[-83.663911,38.62793],[-83.659304,38.628592],[-83.655425,38.629735],[-83.652916,38.630604],[-83.649737,38.632753],[-83.64689039,38.63592054],[-83.64643328,38.63642917],[-83.645914,38.637007],[-83.642994,38.643273],[-83.64011666,38.651976],[-83.639954,38.652468],[-83.63941768,38.6589106],[-83.639396,38.659171],[-83.637377,38.66793],[-83.636208,38.670584],[-83.634018,38.673351],[-83.626922,38.679387],[-83.62674931,38.67946045],[-83.6262344,38.67967947],[-83.62070631,38.68203086],[-83.61946476,38.68255896],[-83.615736,38.684145],[-83.61499562,38.68429903],[-83.61229397,38.68486109],[-83.59625703,38.68819746],[-83.59458589,38.68854512],[-83.574754,38.692671],[-83.575121,38.691746],[-83.569098,38.692842],[-83.56187,38.695371],[-83.549298,38.698787],[-83.533339,38.702105],[-83.520953,38.703045],[-83.512571,38.701716],[-83.504365,38.699256],[-83.493342,38.694187],[-83.486477,38.690099],[-83.47642,38.682261],[-83.472157,38.678123],[-83.468059,38.67547],[-83.459809,38.673617],[-83.457055,38.673965],[-83.45652645,38.67376431],[-83.446989,38.670143],[-83.440404,38.669361],[-83.420194,38.668428],[-83.412039,38.666499],[-83.38515482,38.66321977],[-83.384755,38.663171],[-83.376302,38.661473],[-83.37457227,38.66094624],[-83.366661,38.658537],[-83.356445,38.654009],[-83.340004,38.645674],[-83.327636,38.637489],[-83.322383,38.630615],[-83.320531,38.622713],[-83.320099,38.616043],[-83.319101,38.612233],[-83.31835928,38.61080999],[-83.31777663,38.60969214],[-83.317542,38.609242],[-83.311448,38.603314],[-83.31104753,38.60303824],[-83.30978764,38.60217067],[-83.307832,38.600824],[-83.3054171,38.59973748],[-83.30268895,38.59851002],[-83.301951,38.598178],[-83.30130772,38.59804616],[-83.29435558,38.59662132],[-83.294193,38.596588],[-83.29383234,38.59668238],[-83.28955235,38.59780237],[-83.288885,38.597977],[-83.28862269,38.59811684],[-83.28779837,38.59855629],[-83.286514,38.599241],[-83.283482,38.60191244],[-83.26851,38.615104],[-83.267694,38.618221],[-83.268232,38.620294],[-83.268186,38.709889],[-83.268207,38.742787],[-83.268078,38.75585],[-83.268234,38.791511],[-83.268398,38.83912],[-83.268434,38.849646],[-83.268585,38.883025],[-83.268856,38.903578],[-83.268911,38.90768],[-83.26921,38.930422],[-83.269767,38.972379],[-83.269768,38.9735],[-83.269806,38.974071],[-83.269867,38.976151],[-83.270775,39.012971],[-83.270835,39.015904],[-83.274898,39.02012],[-83.279996,39.02182],[-83.281437,39.02291],[-83.285466,39.023988],[-83.28629,39.024601],[-83.288087,39.027748],[-83.288123,39.029868],[-83.303075,39.039053],[-83.306426,39.040725],[-83.309242,39.041522],[-83.310418,39.042374],[-83.310529,39.043221],[-83.308677,39.045049],[-83.309428,39.045993],[-83.313266,39.046997],[-83.314589,39.052195],[-83.385637,39.055197]]]},"properties":{"name":"Adams=ADAM 1","type":"county"}},
{"type":"Feature","geometry":{"type":"Polygon","coordinates":[[[-83.880348,40.920522],[-83.91854,40.920374],[-83.940796,40.920299],[-83.949105,40.920284],[-83.956641,40.92019],[-83.964637,40.920157],[-83.966829,40.920148],[-83.995102,40.919788],[-83.995059,40.915023],[-83.994969,40.905086],[-84.013869,40.904907],[-84.025682,40.904866],[-84.054986,40.904807],[-84.055094,40.904757],[-84.07043,40.904751],[-84.10997,40.904703],[-84.110084,40.894025],[-84.109546,40.860915],[-84.130603,40.860147],[-84.193356,40.859666],[-84.193575,40.859669],[-84.224701,40.859314],[-84.224653,40.860082],[-84.243645,40.859778],[-84.249949,40.859766],[-84.25274,40.859756],[-84.262963,40.859798],[-84.268116,40.859784],[-84.286847,40.859693],[-84.286938,40.859739],[-84.314012,40.859415],[-84.321354,40.859327],[-84.321909,40.85932],[-84.32315,40.859305],[-84.32315,40.859405],[-84.329745,40.85933],[-84.329745,40.859227],[-84.332424,40.859299],[-84.336466,40.85914],[-84.33692,40.859134],[-84.340534,40.859102],[-84.340508,40.856293],[-84.340442,40.849071],[-84.340425,40.847149],[-84.340407,40.845169],[-84.340358,40.839619],[-84.340304,40.833739],[-84.340296,40.832827],[-84.340292,40.832349],[-84.340253,40.828929],[-84.340252,40.828848],[-84.340251,40.828749],[-84.340101,40.816091],[-84.359466,40.816011],[-84.39745,40.815851],[-84.397138,40.786584],[-84.396963,40.767037],[-84.396946,40.765055],[-84.397052,40.750473],[-84.397046,40.746488],[-84.39704,40.743061],[-84.396955,40.735856],[-84.396799,40.699403],[-84.396786,40.697733],[-84.396779,40.684927],[-84.377626,40.68495],[-84.33929,40.685084],[-84.33929,40.685599],[-84.31831,40.685668],[-84.299234,40.685781],[-84.28013,40.685754],[-84.270667,40.685705],[-84.256162,40.685959],[-84.22295,40.686049],[-84.22285,40.667049],[-84.222841,40.666916],[-84.22265,40.664149],[-84.22275,40.656949],[-84.165348,40.657149],[-84.152948,40.657249],[-84.150848,40.657449],[-84.146148,40.657449],[-84.142247,40.657449],[-84.134147,40.657549],[-84.131347,40.657649],[-84.122247,40.657649],[-84.108146,40.65795],[-84.107746,40.643049],[-84.076945,40.643649],[-84.076145,40.643649],[-84.075345,40.643649],[-84.060945,40.64375],[-84.032244,40.64405],[-83.994043,40.64415],[-83.929764,40.644466],[-83.927156,40.644498],[-83.899283,40.644611],[-83.880195,40.644691],[-83.880211,40.649827],[-83.880099,40.652179],[-83.879955,40.674531],[-83.879971,40.706835],[-83.879916,40.710942],[-83.879683,40.7325],[-83.879795,40.747188],[-83.879859,40.747428],[-83.879907,40.761652],[-83.880003,40.776148],[-83.880086,40.78368],[-83.880099,40.7909],[-83.880115,40.819796],[-83.880195,40.832372],[-83.880195,40.832404],[-83.880387,40.862388],[-83.880323,40.863444],[-83.88034,40.874894],[-83.88034,40.875052],[-83.880312,40.875371],[-83.880082,40.878016],[-83.880181,40.881518],[-83.880251,40.892421],[-83.88022,40.895997],[-83.880217,40.896308],[-83.880172,40.898704],[-83.880154,40.899715],[-83.880171,40.901211],[-83.880172,40.901303],[-83.880182,40.902093],[-83.880237,40.905898],[-83.880249,40.907509],[-83.880348,40.920522]]]},"properties":{"name":"Allen=ALLE 1","type":"county"}},
{"type":"Feature","geometry":{"type":"Polygon","coordinates":[[[-82.336518,41.065862],[-82.358027,41.065833],[-82.376089,41.06585],[-82.377804,41.065837],[-82.381832,41.065807],[-82.396644,41.065676],[-82.398789,41.065658],[-82.409884,41.065565],[-82.414017,41.065606],[-82.416866,41.065635],[-82.424897,41.065535],[-82.427787,41.065532],[-82.436876,41.065637],[-82.43687,41.065523],[-82.436788,41.063817],[-82.43672,41.062398],[-82.436089,41.051255],[-82.436005,41.050892],[-82.435697,41.047152],[-82.433824,41.011143],[-82.433627,41.007445],[-82.432832,40.99321],[-82.417903,40.993145],[-82.417558,40.973328],[-82.417559,40.972322],[-82.417268,40.953409],[-82.41648,40.902253],[-82.416005,40.898927],[-82.416048,40.877769],[-82.416288,40.853016],[-82.416291,40.852605],[-82.416336,40.846248],[-82.416432,40.839688],[-82.416431,40.829608],[-82.415423,40.828584],[-82.416895,40.82564],[-82.417856,40.825288],[-82.419024,40.826296],[-82.420272,40.826376],[-82.42008,40.823016],[-82.417679,40.819176],[-82.417103,40.816984],[-82.416847,40.814568],[-82.409503,40.814536],[-82.407999,40.814568],[-82.407915,40.812353],[-82.407759,40.808248],[-82.39313,40.808238],[-82.388526,40.808168],[-82.388334,40.802008],[-82.388366,40.801528],[-82.388206,40.801192],[-82.387022,40.80044],[-82.386328,40.793578],[-82.384366,40.792408],[-82.381022,40.78876],[-82.378718,40.787],[-82.378702,40.780936],[-82.378398,40.769929],[-82.378403,40.748131],[-82.378408,40.746668],[-82.378408,40.743995],[-82.378402,40.73422],[-82.378397,40.727146],[-82.375528,40.727116],[-82.369824,40.726933],[-82.35551,40.726825],[-82.354276,40.726814],[-82.339179,40.726684],[-82.339019,40.704411],[-82.338954,40.692445],[-82.338861,40.68478],[-82.33875,40.671297],[-82.338706,40.665903],[-82.338672,40.664328],[-82.33876,40.660484],[-82.3387,40.658722],[-82.338577,40.65179],[-82.338485,40.648381],[-82.338484,40.648227],[-82.338484,40.648132],[-82.338484,40.645887],[-82.338483,40.638503],[-82.338483,40.636983],[-82.338483,40.636138],[-82.338364,40.623557],[-82.338296,40.610043],[-82.338292,40.609248],[-82.337776,40.594628],[-82.337287,40.572871],[-82.336952,40.560516],[-82.336962,40.555002],[-82.274904,40.561892],[-82.272395,40.562171],[-82.269858,40.562451],[-82.269613,40.562478],[-82.248302,40.564839],[-82.234622,40.566473],[-82.22011,40.568207],[-82.220332,40.594708],[-82.220335,40.594962],[-82.220546,40.612436],[-82.220528,40.616546],[-82.220662,40.627289],[-82.220662,40.628763],[-82.220662,40.636459],[-82.220662,40.638443],[-82.220662,40.640368],[-82.220662,40.645653],[-82.220694,40.655013],[-82.220665,40.667581],[-82.147682,40.668089],[-82.126199,40.66823],[-82.126405,40.719382],[-82.126434,40.726759],[-82.126073,40.72675],[-82.126528,40.749413],[-82.126736,40.770438],[-82.12685,40.777599],[-82.127308,40.804254],[-82.126887,40.813788],[-82.126202,40.829397],[-82.125925,40.836467],[-82.12549,40.850583],[-82.125453,40.858362],[-82.124875,40.885426],[-82.125749,40.893274],[-82.127247,40.901079],[-82.127894,40.90108],[-82.128087,40.915602],[-82.128277,40.921442],[-82.128491,40.93026],[-82.127917,40.93717],[-82.12883,40.964181],[-82.129081,40.975669],[-82.129442,40.992075],[-82.173421,40.992342],[-82.171492,41.063538],[-82.203917,41.064004],[-82.206432,41.064037],[-82.254257,41.064623],[-82.256398,41.064676],[-82.258386,41.064732],[-82.270367,41.06509],[-82.279621,41.065341],[-82.304205,41.065643],[-82.326803,41.065796],[-82.336518,41.065862]]]},"properties":{"name":"Ashland=ASHL 1","type":"county"}},
{"type":"Feature","geometry":{"type":"Polygon","coordinates":[[[-80.519225,41.499924],[-80.519157,41.528769],[-80.5192159,41.53217628],[-80.519339,41.539297],[-80.51934338,41.57102213],[-80.51934832,41.60684023],[-80.51935348,41.64428522],[-80.519357,41.669767],[-80.519424,41.671228],[-80.519373,41.701473],[-80.51938496,41.71442216],[-80.519408,41.739359],[-80.519369,41.752487],[-80.519239,41.765138],[-80.51925566,41.79092343],[-80.51930147,41.86181488],[-80.5193022,41.86294],[-80.51930431,41.8661958],[-80.51932095,41.89194699],[-80.519345,41.929168],[-80.51932284,41.93718057],[-80.519304,41.943992],[-80.519405,41.976158],[-80.519425,41.977523],[-80.54884308,41.9692236],[-80.553836,41.967815],[-80.55452152,41.96756556],[-80.56701801,41.96301851],[-80.5754275,41.95995858],[-80.57549036,41.9599357],[-80.581882,41.95761],[-80.61060171,41.94978254],[-80.61920256,41.9474384],[-80.61930161,41.94741141],[-80.61971527,41.94729867],[-80.62698879,41.9453163],[-80.63561879,41.94296422],[-80.64658884,41.93997436],[-80.69206018,41.9275813],[-80.70351347,41.92445975],[-80.71294441,41.92188938],[-80.71339174,41.92176746],[-80.720816,41.919744],[-80.757945,41.913352],[-80.77699199,41.90804489],[-80.77820825,41.90770599],[-80.78111239,41.9068968],[-80.7815256,41.90678167],[-80.782052,41.906635],[-80.78214275,41.90680373],[-80.78268779,41.90781713],[-80.784682,41.911525],[-80.78468242,41.91152495],[-80.78587207,41.9113854],[-80.7864103,41.91132226],[-80.79438837,41.9103864],[-80.79831121,41.90992624],[-80.79841081,41.90991456],[-80.800794,41.909635],[-80.80097935,41.9094467],[-80.808697,41.901606],[-80.80982986,41.90089647],[-80.80992165,41.90083897],[-80.81017258,41.90068181],[-80.814943,41.897694],[-80.81784761,41.89671506],[-80.8195547,41.89613972],[-80.82316332,41.89492351],[-80.82682182,41.89369049],[-80.8521024,41.88517018],[-80.85290553,41.8848995],[-80.85452038,41.88435525],[-80.86768157,41.87991953],[-80.900342,41.868912],[-80.90133371,41.86873079],[-80.90343489,41.86834687],[-80.91604875,41.86604207],[-80.92211077,41.86493442],[-80.92247981,41.86486699],[-80.9228258,41.86480377],[-80.936244,41.862352],[-80.96437019,41.85917366],[-80.96915933,41.85863248],[-80.97691465,41.85775611],[-80.99598385,41.85560123],[-81.00270642,41.85484157],[-81.00304099,41.85480376],[-81.003034,41.854793],[-81.00313,41.851058],[-81.003472,41.835724],[-81.003525,41.827415],[-81.003504,41.800181],[-81.003387,41.789917],[-81.003419,41.788655],[-81.003311,41.787405],[-81.003471,41.785967],[-81.0033,41.78068],[-81.003578,41.764317],[-81.003535,41.759568],[-81.003375,41.749403],[-81.00393,41.740547],[-81.004283,41.729067],[-81.004731,41.726825],[-81.004657,41.725902],[-81.003631,41.715137],[-81.003012,41.711244],[-81.003001,41.698847],[-81.003172,41.692036],[-81.003189,41.690341],[-81.002937,41.641951],[-81.002943,41.631395],[-81.002926,41.607045],[-81.002836,41.571342],[-81.003067,41.548863],[-81.003086,41.542295],[-81.003156,41.535195],[-81.003289,41.501685],[-81.001292,41.501686],[-80.972855,41.501546],[-80.968677,41.501508],[-80.904405,41.50096],[-80.903828,41.500955],[-80.901647,41.500936],[-80.89649,41.50089],[-80.88442,41.500763],[-80.877632,41.500691],[-80.877012,41.500696],[-80.867571,41.500647],[-80.810363,41.500609],[-80.790882,41.500412],[-80.74549,41.500055],[-80.713073,41.499758],[-80.706863,41.499701],[-80.685131,41.499502],[-80.665366,41.499327],[-80.647764,41.499399],[-80.640457,41.499429],[-80.638019,41.499439],[-80.619068,41.499516],[-80.604493,41.499576],[-80.519225,41.499924]]]},"properties":{"name":"Ashtabula=ASHT 1","type":"county"}},
{"type":"Feature","geometry":{"type":"Polygon","coordinates":[[[-82.047269,39.550598],[-82.051398,39.550664],[-82.052137,39.550732],[-82.056866,39.55103],[-82.061448,39.551419],[-82.064706,39.551551],[-82.128304,39.554928],[-82.137705,39.555093],[-82.14195,39.555331],[-82.152476,39.55592],[-82.159166,39.556296],[-82.162974,39.514468],[-82.163017,39.514013],[-82.163963,39.504043],[-82.165384,39.48824],[-82.166666,39.474023],[-82.167369,39.46617],[-82.170519,39.466359],[-82.172262,39.466463],[-82.175669,39.466667],[-82.187614,39.467381],[-82.197947,39.468001],[-82.202724,39.468287],[-82.224631,39.469641],[-82.236574,39.470345],[-82.252895,39.471327],[-82.280172,39.472569],[-82.280487,39.467972],[-82.280539,39.467704],[-82.284032,39.435491],[-82.285524,39.421805],[-82.289371,39.38417],[-82.290043,39.378318],[-82.297526,39.304738],[-82.297673,39.304238],[-82.298572,39.294871],[-82.260171,39.292871],[-82.260551,39.288701],[-82.26301,39.261701],[-82.26307,39.261655],[-82.263996,39.250887],[-82.264023,39.250597],[-82.265871,39.236172],[-82.267421,39.216463],[-82.26867,39.203773],[-82.192269,39.199374],[-82.178612,39.198675],[-82.156574,39.197428],[-82.154398,39.197473],[-82.145607,39.196985],[-82.135699,39.196478],[-82.079257,39.19349],[-82.050188,39.192164],[-82.046836,39.192123],[-82.017401,39.190699],[-81.960903,39.188322],[-81.936209,39.1873],[-81.926213,39.186906],[-81.843108,39.18373],[-81.841391,39.18366],[-81.784164,39.181329],[-81.777155,39.181019],[-81.775009,39.180881],[-81.765717,39.18058],[-81.75586275,39.18017121],[-81.75583381,39.18038539],[-81.755754,39.180976],[-81.75488213,39.1820513],[-81.75382761,39.18335189],[-81.75307713,39.18427747],[-81.752754,39.184676],[-81.749853,39.186489],[-81.741533,39.189596],[-81.737085,39.193836],[-81.735805,39.196268],[-81.7335389,39.20515468],[-81.733357,39.205868],[-81.73317911,39.20618202],[-81.729949,39.211884],[-81.726973,39.215068],[-81.72547241,39.21589655],[-81.725453,39.216508],[-81.721693,39.269435],[-81.818256,39.272175],[-81.8175,39.285346],[-81.816556,39.301774],[-81.835681,39.302789],[-81.834657,39.317274],[-81.85345,39.317864],[-81.852785,39.325102],[-81.850915,39.353804],[-81.850437,39.362303],[-81.849042,39.384937],[-81.848647,39.390775],[-81.848269,39.396689],[-81.848011,39.400936],[-81.845074,39.446977],[-81.844967,39.448454],[-81.844857,39.449972],[-81.860557,39.45062],[-81.876077,39.451522],[-81.926882,39.453586],[-81.940562,39.454172],[-81.949995,39.454665],[-81.964877,39.455442],[-82.044476,39.459377],[-82.056065,39.459971],[-82.054412,39.477423],[-82.050546,39.516382],[-82.050445,39.517513],[-82.047269,39.550598]]]},"properties":{"name":"Athens=ATHE 1","type":"county"}},
{"type":"Feature","geometry":{"type":"Polygon","coordinates":[[[-83.880195,40.644691],[-83.899283,40.644611],[-83.927156,40.644498],[-83.929764,40.644466],[-83.994043,40.64415],[-84.032244,40.64405],[-84.060945,40.64375],[-84.075345,40.643649],[-84.076145,40.643649],[-84.076945,40.643649],[-84.107746,40.643049],[-84.108146,40.65795],[-84.122247,40.657649],[-84.131347,40.657649],[-84.134147,40.657549],[-84.142247,40.657449],[-84.146148,40.657449],[-84.150848,40.657449],[-84.152948,40.657249],[-84.165348,40.657149],[-84.22275,40.656949],[-84.22265,40.664149],[-84.222841,40.666916],[-84.22285,40.667049],[-84.22295,40.686049],[-84.256162,40.685959],[-84.270667,40.685705],[-84.28013,40.685754],[-84.299234,40.685781],[-84.31831,40.685668],[-84.33929,40.685599],[-84.33929,40.685084],[-84.377626,40.68495],[-84.396779,40.684927],[-84.425528,40.68482],[-84.455998,40.684764],[-84.455987,40.677524],[-84.455983,40.661676],[-84.455982,40.655386],[-84.455888,40.640818],[-84.455856,40.627067],[-84.455854,40.626158],[-84.455659,40.581614],[-84.455626,40.567892],[-84.455504,40.557326],[-84.455485,40.553438],[-84.455473,40.550899],[-84.455199,40.522365],[-84.455175,40.519858],[-84.455142,40.516339],[-84.455041,40.505593],[-84.455242,40.495035],[-84.455201,40.487656],[-84.455153,40.480581],[-84.4551,40.472576],[-84.455099,40.472407],[-84.455057,40.465877],[-84.455204,40.451331],[-84.455215,40.445466],[-84.455231,40.436671],[-84.455407,40.422263],[-84.455376,40.41499],[-84.455404,40.407557],[-84.455442,40.397418],[-84.455457,40.385693],[-84.455515,40.378283],[-84.455448,40.371021],[-84.455452,40.369846],[-84.455476,40.362719],[-84.455387,40.36265],[-84.455414,40.35883],[-84.455416,40.358534],[-84.434426,40.354529],[-84.434014,40.37833],[-84.39572,40.378308],[-84.391072,40.378382],[-84.376696,40.378428],[-84.35904,40.378752],[-84.35168,40.378889],[-84.338646,40.378993],[-84.338747,40.40806],[-84.338842,40.422537],[-84.338752,40.423063],[-84.339031,40.452129],[-84.339127,40.466263],[-84.339102,40.481265],[-84.316819,40.481381],[-84.278605,40.481786],[-84.221167,40.482349],[-84.220027,40.482359],[-84.169116,40.482566],[-84.126052,40.482983],[-84.10718,40.483314],[-84.016414,40.483148],[-84.002347,40.483138],[-83.997244,40.482844],[-83.99365,40.482869],[-83.993659,40.483987],[-83.993667,40.48493],[-83.99373,40.512063],[-83.993541,40.535193],[-83.941544,40.535333],[-83.912174,40.535354],[-83.908536,40.535391],[-83.879933,40.538709],[-83.87996,40.566899],[-83.880074,40.579379],[-83.880277,40.623082],[-83.880195,40.644691]]]},"properties":{"name":"Auglaize=AUGL 1","type":"county"}},
{"type":"Feature","geometry":{"type":"Polygon","coordinates":[[[-80.882892,40.159495],[-80.91712,40.160681],[-80.919242,40.160751],[-80.941985,40.161698],[-80.968724,40.162523],[-80.970154,40.162566],[-80.977791,40.162801],[-80.980268,40.162898],[-80.990947,40.163316],[-80.996793,40.163518],[-81.016325,40.164119],[-81.018533,40.164189],[-81.035504,40.164874],[-81.036305,40.164906],[-81.051515,40.165477],[-81.079394,40.16663],[-81.091059,40.167029],[-81.093892,40.167161],[-81.112072,40.167917],[-81.111949,40.1711],[-81.129496,40.171056],[-81.131455,40.171062],[-81.14012,40.171027],[-81.14069,40.171046],[-81.145292,40.171181],[-81.152744,40.171306],[-81.153813,40.171324],[-81.153886,40.171325],[-81.153959,40.171326],[-81.154094,40.171328],[-81.187434,40.17193],[-81.189373,40.171968],[-81.215416,40.172476],[-81.219956,40.172584],[-81.225811,40.172694],[-81.225924,40.170075],[-81.226738,40.14795],[-81.227071,40.142651],[-81.227092,40.140409],[-81.227107,40.138803],[-81.227535,40.128409],[-81.227775,40.121515],[-81.229197,40.082377],[-81.229862,40.063215],[-81.229864,40.063153],[-81.229866,40.063079],[-81.229919,40.061194],[-81.229924,40.061013],[-81.230083,40.056445],[-81.230129,40.055324],[-81.230263,40.051979],[-81.230659,40.039474],[-81.23191,40.010453],[-81.232178,40.003778],[-81.232434,40.00007],[-81.232433,39.99986],[-81.232392,39.9941],[-81.233148,39.979227],[-81.233039,39.978533],[-81.234026,39.953498],[-81.234053,39.95127],[-81.234043,39.948974],[-81.234485,39.942887],[-81.235865,39.916293],[-81.235981,39.912471],[-81.23595,39.91167],[-81.237316,39.867828],[-81.222318,39.867538],[-81.174857,39.866346],[-81.150623,39.86577],[-81.127126,39.865039],[-81.127125,39.864006],[-81.124827,39.863815],[-81.093439,39.862868],[-81.074342,39.862229],[-81.073571,39.862205],[-81.064909,39.861898],[-81.064066,39.861867],[-81.05756,39.861615],[-81.017087,39.859875],[-81.017148,39.858182],[-81.000649,39.857498],[-80.99944,39.857589],[-80.961331,39.855822],[-80.954273,39.855469],[-80.904446,39.852976],[-80.896091,39.852559],[-80.882882,39.851974],[-80.829111,39.850159],[-80.822846,39.850018],[-80.821279,39.849982],[-80.81643,39.853032],[-80.799898,39.858912],[-80.793131,39.863751],[-80.790761,39.86728],[-80.790156,39.872252],[-80.79118311,39.87507502],[-80.79140608,39.87568785],[-80.7916656,39.87640114],[-80.79191194,39.87707819],[-80.793989,39.882787],[-80.79519104,39.88430435],[-80.79537394,39.88453522],[-80.796162,39.88553],[-80.802339,39.89161],[-80.806179,39.897306],[-80.80857913,39.90232321],[-80.809011,39.903226],[-80.809683,39.906106],[-80.809283,39.910314],[-80.80916391,39.91064475],[-80.8077683,39.9145206],[-80.80768736,39.91474537],[-80.807618,39.914938],[-80.806018,39.91713],[-80.80534527,39.9175484],[-80.80373487,39.91854999],[-80.803394,39.918762],[-80.80281639,39.91889753],[-80.80109964,39.91930034],[-80.80053,39.919434],[-80.795714,39.91969],[-80.78744552,39.91806523],[-80.782849,39.917162],[-80.772641,39.911306],[-80.768272,39.909642],[-80.762592,39.908906],[-80.760656,39.908906],[-80.759296,39.909466],[-80.758304,39.910426],[-80.756432,39.91393],[-80.75640071,39.91409555],[-80.75628014,39.9147334],[-80.755936,39.916554],[-80.7561341,39.91749592],[-80.75641817,39.9188466],[-80.756784,39.920586],[-80.75732005,39.92159371],[-80.761312,39.929098],[-80.764511,39.946602],[-80.76450592,39.94718167],[-80.764479,39.95025],[-80.763375,39.953514],[-80.75940947,39.95819853],[-80.75927053,39.95836265],[-80.758527,39.959241],[-80.755135,39.961561],[-80.75347651,39.96243505],[-80.75288713,39.96274566],[-80.74627,39.966233],[-80.743166,39.969113],[-80.740126,39.970793],[-80.73950105,39.97714455],[-80.73922628,39.9799371],[-80.738717,39.985113],[-80.73967093,39.99144569],[-80.740045,39.993929],[-80.741085,39.996857],[-80.742045,40.005641],[-80.74204071,40.0057091],[-80.74201048,40.00618952],[-80.741901,40.007929],[-80.740509,40.015225],[-80.74042145,40.01540425],[-80.74042094,40.01540529],[-80.73833077,40.01968457],[-80.73805879,40.02024142],[-80.737805,40.020761],[-80.737341,40.022969],[-80.737389,40.027593],[-80.7363,40.029929],[-80.733304,40.033272],[-80.731504,40.037472],[-80.730904,40.046672],[-80.730904,40.049172],[-80.73102192,40.04968654],[-80.7313066,40.0509288],[-80.73229804,40.05525509],[-80.73243471,40.05585145],[-80.73249808,40.056128],[-80.733104,40.058772],[-80.734304,40.059672],[-80.73498862,40.06096789],[-80.73686595,40.0645214],[-80.737104,40.064972],[-80.738504,40.071472],[-80.738604,40.075672],[-80.736804,40.080072],[-80.73241898,40.08467268],[-80.730704,40.086472],[-80.713003,40.096872],[-80.710203,40.099572],[-80.709102,40.101472],[-80.707702,40.105372],[-80.706702,40.110872],[-80.7067166,40.11098879],[-80.70677057,40.11142057],[-80.707002,40.113272],[-80.70745974,40.11492384],[-80.70807305,40.11713708],[-80.708106,40.117256],[-80.70881,40.118088],[-80.710554,40.125271],[-80.7105506,40.12535752],[-80.71038811,40.12949611],[-80.71006647,40.13768775],[-80.710042,40.138311],[-80.70991054,40.13863424],[-80.707322,40.144999],[-80.70599726,40.15157482],[-80.705994,40.151591],[-80.70598787,40.15160523],[-80.70540594,40.15295637],[-80.704602,40.154823],[-80.70323187,40.15681041],[-80.70289361,40.15730106],[-80.709434,40.157511],[-80.709626,40.157543],[-80.765853,40.159847],[-80.76611,40.156921],[-80.766136,40.156625],[-80.766269,40.155111],[-80.785422,40.155847],[-80.800415,40.156566],[-80.804495,40.156374],[-80.871123,40.159158],[-80.882892,40.159495]]]},"properties":{"name":"Belmont=BELM 1","type":"county"}},
{"type":"Feature","geometry":{"type":"Polygon","coordinates":[[[-83.993184,39.2542],[-83.995466,39.224698],[-83.995887,39.213699],[-83.996297,39.205204],[-83.99754,39.194011],[-83.997658,39.192951],[-83.99776,39.191093],[-83.999633,39.174114],[-84.004985,39.146625],[-84.005712,39.14114],[-84.00669,39.134906],[-84.00724,39.130683],[-84.007958,39.125189],[-84.012394,39.09158],[-84.016323,39.062784],[-84.018658,39.044902],[-84.020136,39.033547],[-84.026759,38.984968],[-84.026915,38.984004],[-84.027516,38.979185],[-84.033099,38.935695],[-84.037248,38.9033],[-84.037513,38.901227],[-84.037967,38.897639],[-84.038294,38.894853],[-84.038951,38.889697],[-84.03966,38.884831],[-84.040457,38.877084],[-84.040638,38.875068],[-84.041253,38.86795],[-84.041301,38.867486],[-84.041766,38.862122],[-84.042913,38.848563],[-84.045999,38.824432],[-84.047725,38.806547],[-84.05272472,38.77137437],[-84.051642,38.771397],[-84.05155672,38.77138717],[-84.044486,38.770572],[-84.02839072,38.77395251],[-84.023113,38.775061],[-84.02142853,38.77556558],[-84.006104,38.780156],[-83.995447,38.781912],[-83.978814,38.787104],[-83.962123,38.787384],[-83.96153972,38.78730158],[-83.96136297,38.7872766],[-83.953546,38.786172],[-83.943978,38.783616],[-83.928454,38.774583],[-83.928591,38.772203],[-83.926986,38.771562],[-83.92600108,38.77137074],[-83.92153113,38.77050274],[-83.917217,38.769665],[-83.91595196,38.76969386],[-83.91594591,38.769694],[-83.912922,38.769763],[-83.903971,38.76816],[-83.887107,38.7656],[-83.873168,38.762418],[-83.87150585,38.76186261],[-83.86929648,38.76112438],[-83.86653,38.7602],[-83.859028,38.756793],[-83.85270311,38.75191019],[-83.852085,38.751433],[-83.8512657,38.75039268],[-83.85101236,38.750071],[-83.85081791,38.74982409],[-83.848734,38.747178],[-83.846207,38.74229],[-83.84596454,38.74152177],[-83.844676,38.737439],[-83.84274,38.730365],[-83.842506,38.727019],[-83.84216931,38.72588365],[-83.84191774,38.72503532],[-83.841689,38.724264],[-83.84064867,38.72202738],[-83.840595,38.721912],[-83.83993654,38.72122719],[-83.83954358,38.72081851],[-83.83747805,38.71867034],[-83.836696,38.717857],[-83.834015,38.716008],[-83.821854,38.709575],[-83.81388,38.707446],[-83.806317,38.706613],[-83.80614631,38.70657026],[-83.80614399,38.70656968],[-83.798549,38.704668],[-83.790676,38.701676],[-83.787113,38.699489],[-83.78372397,38.69575554],[-83.78367314,38.69569954],[-83.78362,38.695641],[-83.779961,38.684907],[-83.777141,38.671205],[-83.775761,38.666748],[-83.7728332,38.65975738],[-83.77216,38.65815],[-83.77168092,38.657651],[-83.769347,38.65522],[-83.76509,38.652881],[-83.762445,38.652103],[-83.74992,38.649613],[-83.74881926,38.64945503],[-83.74807948,38.64934886],[-83.738207,38.647932],[-83.720779,38.646704],[-83.717915,38.645247],[-83.716933,38.643657],[-83.713405,38.641591],[-83.708164,38.639843],[-83.70530605,38.63976121],[-83.702973,38.684271],[-83.700508,38.712454],[-83.699868,38.720181],[-83.699102,38.729945],[-83.696194,38.761722],[-83.695551,38.768614],[-83.692324,38.803514],[-83.691741,38.80941],[-83.691392,38.812947],[-83.689024,38.83825],[-83.686963,38.860307],[-83.686288,38.867528],[-83.683044,38.906197],[-83.682846,38.90857],[-83.682823,38.909428],[-83.681739,38.921276],[-83.679645,38.947242],[-83.679427,38.949675],[-83.677643,38.969655],[-83.67514,38.999469],[-83.674844,39.000067],[-83.673018,39.02043],[-83.676404,39.020526],[-83.685061,39.020772],[-83.705152,39.021342],[-83.750878,39.020464],[-83.774725,39.020362],[-83.782751,39.020328],[-83.805863,39.020231],[-83.806437,39.020229],[-83.80702,39.020227],[-83.819264,39.020184],[-83.820532,39.020198],[-83.834531,39.020335],[-83.838171,39.020366],[-83.870938,39.021265],[-83.872212,39.021301],[-83.872033,39.023599],[-83.869667,39.056987],[-83.868455,39.104132],[-83.86819,39.118347],[-83.867914,39.12543],[-83.867818,39.130799],[-83.867697,39.137651],[-83.867434,39.142121],[-83.867463,39.142235],[-83.867032,39.17526],[-83.866945,39.179198],[-83.866657,39.195264],[-83.865686,39.247335],[-83.936491,39.251177],[-83.943968,39.25159],[-83.946078,39.251707],[-83.950009,39.251875],[-83.993184,39.2542]]]},"properties":{"name":"Brown=BROW 1","type":"county"}},
{"type":"Feature","geometry":{"type":"Polygon","coordinates":[[[-84.478746,39.590055],[-84.479162,39.578839],[-84.47889,39.568792],[-84.525051,39.568471],[-84.54494,39.568327],[-84.563804,39.568102],[-84.578217,39.567991],[-84.584624,39.567979],[-84.590157,39.568038],[-84.592029,39.56799],[-84.63427,39.567717],[-84.643391,39.567637],[-84.645983,39.567541],[-84.70224,39.567636],[-84.727446,39.567574],[-84.749954,39.566852],[-84.770154,39.566751],[-84.788977,39.566882],[-84.795755,39.566951],[-84.808155,39.567151],[-84.814757,39.567237],[-84.814955,39.567251],[-84.814955,39.566251],[-84.81497699,39.56425022],[-84.815155,39.548051],[-84.815355,39.521951],[-84.815555,39.511052],[-84.815555,39.510952],[-84.81566042,39.49315207],[-84.815754,39.477352],[-84.817453,39.391753],[-84.81844315,39.34884189],[-84.819352,39.309454],[-84.819451,39.305152],[-84.795951,39.305654],[-84.787907,39.305481],[-84.76335,39.304955],[-84.74825,39.304755],[-84.727146,39.304746],[-84.702248,39.304655],[-84.687448,39.304755],[-84.658847,39.304856],[-84.643847,39.305056],[-84.641718,39.30505],[-84.63858,39.30959],[-84.630974,39.311946],[-84.630347,39.312056],[-84.61634,39.311228],[-84.609146,39.310256],[-84.608746,39.310156],[-84.598746,39.308556],[-84.579846,39.308056],[-84.571041,39.307956],[-84.565001,39.308006],[-84.56346,39.308034],[-84.562245,39.308056],[-84.560769,39.307939],[-84.559745,39.307858],[-84.553659,39.307369],[-84.551245,39.307156],[-84.542445,39.306157],[-84.534044,39.304957],[-84.531479,39.304522],[-84.528929,39.30409],[-84.527007,39.303784],[-84.524435,39.303392],[-84.524026,39.30333],[-84.523544,39.303257],[-84.523035,39.303332],[-84.512774,39.304835],[-84.502544,39.305457],[-84.485343,39.301257],[-84.483243,39.301157],[-84.465343,39.302857],[-84.455458,39.301666],[-84.451687,39.301205],[-84.450782,39.301097],[-84.446507,39.300596],[-84.446337,39.300578],[-84.439242,39.299757],[-84.427441,39.298557],[-84.410041,39.297857],[-84.39114,39.297358],[-84.38094,39.295858],[-84.380644,39.295819],[-84.37864,39.295558],[-84.37844,39.295558],[-84.370531,39.294377],[-84.353139,39.291758],[-84.352834,39.295003],[-84.352339,39.299458],[-84.351839,39.306558],[-84.351801,39.306949],[-84.350939,39.317558],[-84.349632,39.330458],[-84.349439,39.332558],[-84.349182,39.336152],[-84.34914,39.337158],[-84.347944,39.349797],[-84.34774,39.351958],[-84.347708,39.352287],[-84.347585,39.353549],[-84.347415,39.355291],[-84.34644,39.366658],[-84.34634,39.368458],[-84.34594,39.372058],[-84.345825,39.37324],[-84.34484,39.382858],[-84.34314,39.397958],[-84.34154,39.412558],[-84.33984,39.427458],[-84.339593,39.43],[-84.338595,39.438814],[-84.33844,39.440258],[-84.33844,39.440458],[-84.33664,39.456158],[-84.34004,39.456458],[-84.33964,39.462958],[-84.33854,39.473458],[-84.338467,39.474408],[-84.33764,39.482138],[-84.337188,39.488337],[-84.337159,39.488659],[-84.33704,39.492358],[-84.33704,39.493858],[-84.33674,39.496958],[-84.33554,39.510158],[-84.335426,39.511353],[-84.335133,39.513567],[-84.33428,39.524329],[-84.334241,39.524858],[-84.334212,39.525134],[-84.334149,39.525732],[-84.333607,39.531727],[-84.33272,39.541871],[-84.332195,39.547521],[-84.332141,39.548258],[-84.332141,39.548958],[-84.347341,39.545358],[-84.361942,39.541757],[-84.36265,39.542288],[-84.364742,39.543857],[-84.364642,39.553657],[-84.364642,39.559457],[-84.364642,39.562157],[-84.365098,39.575025],[-84.365243,39.582357],[-84.365269,39.589641],[-84.365271,39.589856],[-84.373344,39.589857],[-84.412444,39.589856],[-84.435445,39.590056],[-84.478746,39.590055]]]},"properties":{"name":"Butler=BUTL 1","type":"county"}},
{"type":"Feature","geometry":{"type":"Polygon","coordinates":[[[-81.087292,40.727865],[-81.091843,40.728322],[-81.09222,40.72836],[-81.094525,40.728324],[-81.103365,40.728186],[-81.107021,40.72836],[-81.110222,40.72836],[-81.112022,40.72836],[-81.112473,40.72836],[-81.115422,40.72836],[-81.116483,40.728387],[-81.117265,40.728407],[-81.119928,40.728421],[-81.121062,40.728374],[-81.136325,40.728381],[-81.144906,40.728486],[-81.152643,40.728596],[-81.198599,40.729172],[-81.199037,40.722316],[-81.237227,40.723542],[-81.238618,40.697993],[-81.239014,40.690787],[-81.239679,40.67867],[-81.240551,40.663017],[-81.241217,40.652624],[-81.24125,40.650534],[-81.279131,40.651061],[-81.289851,40.651169],[-81.291467,40.651168],[-81.292397,40.65118],[-81.299725,40.651303],[-81.301028,40.651314],[-81.30315,40.651342],[-81.304233,40.651362],[-81.317734,40.651562],[-81.317994,40.644248],[-81.321006,40.579308],[-81.321659,40.566649],[-81.27711,40.565416],[-81.264744,40.565042],[-81.264897,40.561737],[-81.26712,40.513288],[-81.26747,40.506112],[-81.268275,40.482552],[-81.268434,40.476714],[-81.269951,40.433486],[-81.226722,40.432061],[-81.212348,40.431577],[-81.21231,40.433457],[-81.207774,40.433342],[-81.191035,40.433098],[-81.187073,40.432971],[-81.183502,40.432876],[-81.18031,40.432787],[-81.157882,40.432238],[-81.139841,40.431753],[-81.138997,40.431723],[-81.103023,40.430721],[-81.100076,40.430596],[-81.100097,40.428928],[-81.091253,40.428703],[-81.090468,40.428723],[-81.088042,40.428609],[-81.086122,40.428559],[-81.084928,40.428512],[-81.08126,40.428351],[-81.060369,40.427741],[-81.0572,40.427645],[-81.041029,40.427269],[-81.038364,40.427186],[-80.962051,40.425058],[-80.960734,40.425024],[-80.951838,40.4248],[-80.949581,40.424737],[-80.941501,40.424693],[-80.9415,40.424831],[-80.941533,40.427973],[-80.941129,40.443829],[-80.941071,40.447428],[-80.940519,40.458741],[-80.940153,40.468349],[-80.937162,40.468314],[-80.936713,40.468291],[-80.924658,40.467976],[-80.92452,40.468948],[-80.924386,40.469435],[-80.924127,40.474102],[-80.924139,40.474763],[-80.924072,40.476351],[-80.923884,40.47889],[-80.923526,40.483763],[-80.923615,40.48662],[-80.923578,40.489807],[-80.922374,40.523218],[-80.921073,40.5534],[-80.92092,40.556315],[-80.863567,40.555411],[-80.862125,40.595574],[-80.86205,40.597765],[-80.861994,40.599404],[-80.861694,40.607602],[-80.861607,40.611058],[-80.861667,40.611927],[-80.861639,40.613872],[-80.86161,40.615085],[-80.861443,40.619295],[-80.861374,40.621836],[-80.861344,40.622755],[-80.860822,40.64257],[-80.865776,40.642647],[-80.902643,40.643272],[-80.903093,40.643272],[-80.910003,40.643366],[-80.918125,40.643464],[-80.917294,40.672496],[-80.917165,40.701236],[-80.917182,40.726934],[-80.974818,40.727003],[-80.994297,40.727029],[-81.002009,40.727142],[-81.011026,40.727209],[-81.021657,40.727295],[-81.029556,40.72734],[-81.037249,40.727377],[-81.084637,40.728002],[-81.087292,40.727865]]]},"properties":{"name":"Carroll=CARR 1","type":"county"}},
{"type":"Feature","geometry":{"type":"Polygon","coordinates":[[[-84.014619,40.27341],[-84.014859,40.271352],[-84.016297,40.256514],[-84.018389,40.23432],[-84.018818,40.229908],[-84.018857,40.229317],[-84.019234,40.224468],[-84.021442,40.2005],[-84.022498,40.183909],[-84.023202,40.184021],[-84.027249,40.140278],[-84.028365,40.127862],[-84.02856,40.125694],[-84.029857,40.111431],[-84.032001,40.08596],[-84.036321,40.040009],[-84.029568,40.039705],[-83.998375,40.03835],[-83.996527,40.038426],[-83.984463,40.037834],[-83.984444,40.037549],[-83.984253,40.037821],[-83.921005,40.034058],[-83.914855,40.033335],[-83.914473,40.03329],[-83.914185,40.033256],[-83.913788,40.033209],[-83.91334,40.033156],[-83.913039,40.033121],[-83.909118,40.032702],[-83.864631,40.030458],[-83.833258,40.028651],[-83.826698,40.028379],[-83.825058,40.028308],[-83.807305,40.027547],[-83.802448,40.027375],[-83.802029,40.027359],[-83.793129,40.026859],[-83.785437,40.026445],[-83.783829,40.026359],[-83.760928,40.024759],[-83.730839,40.022507],[-83.713227,40.022159],[-83.69191,40.020491],[-83.674226,40.019259],[-83.672381,40.019152],[-83.636613,40.016635],[-83.632405,40.016267],[-83.6041,40.01478],[-83.562099,40.012588],[-83.515058,40.01126],[-83.514722,40.019292],[-83.511538,40.047243],[-83.51078,40.053424],[-83.503939,40.111307],[-83.503235,40.120107],[-83.502444,40.126071],[-83.49674,40.198627],[-83.495779,40.209662],[-83.494095,40.225612],[-83.53071,40.227825],[-83.546691,40.229],[-83.547772,40.229083],[-83.551378,40.229358],[-83.553752,40.229532],[-83.559726,40.229961],[-83.579426,40.231372],[-83.583825,40.231688],[-83.630254,40.2349],[-83.664309,40.237293],[-83.665888,40.237405],[-83.666097,40.237451],[-83.711815,40.240603],[-83.727027,40.241678],[-83.745916,40.242976],[-83.753593,40.243378],[-83.785384,40.24521],[-83.784525,40.252607],[-83.783806,40.259948],[-83.793616,40.260531],[-83.830408,40.262685],[-83.834759,40.262875],[-83.858581,40.264309],[-83.864895,40.264588],[-83.869297,40.264784],[-83.87073,40.264783],[-83.879091,40.265371],[-83.898367,40.266545],[-83.926629,40.268266],[-84.014619,40.27341]]]},"properties":{"name":"Champaign=CHAM 1","type":"county"}},
{"type":"Feature","geometry":{"type":"Polygon","coordinates":[[[-84.036321,40.040009],[-84.038416,40.017625],[-84.0392,40.008474],[-84.042048,39.97681],[-84.043008,39.966922],[-84.04422,39.953119],[-84.044272,39.952538],[-84.044768,39.947978],[-84.045008,39.94577],[-84.04587,39.939101],[-84.046176,39.935706],[-84.048864,39.908282],[-84.050128,39.89769],[-84.051648,39.882554],[-84.051536,39.879858],[-84.052336,39.864658],[-84.052602,39.86221],[-84.052653,39.861632],[-84.053736,39.850458],[-84.037455,39.849524],[-84.037252,39.849511],[-84.029035,39.848959],[-84.026743,39.848829],[-84.023734,39.848659],[-84.01927,39.84839],[-84.018257,39.848329],[-84.015434,39.848159],[-83.994033,39.846759],[-83.986833,39.846359],[-83.953632,39.844459],[-83.940059,39.843819],[-83.941403,39.828875],[-83.923471,39.827891],[-83.91801,39.827659],[-83.888521,39.826075],[-83.864873,39.824731],[-83.855752,39.824315],[-83.845503,39.823792],[-83.843903,39.82371],[-83.839328,39.823359],[-83.827431,39.822651],[-83.828247,39.813931],[-83.829298,39.800556],[-83.829495,39.797851],[-83.828071,39.797723],[-83.827676,39.797715],[-83.827211,39.797706],[-83.826853,39.797699],[-83.824567,39.797339],[-83.821943,39.797051],[-83.766656,39.791141],[-83.740868,39.789052],[-83.7389,39.781292],[-83.725043,39.78022],[-83.72007,39.779902],[-83.715411,39.779628],[-83.668418,39.776828],[-83.64661,39.775996],[-83.647169,39.773029],[-83.609857,39.770347],[-83.588017,39.768779],[-83.584209,39.782171],[-83.583809,39.783291],[-83.583418,39.784418],[-83.578609,39.798315],[-83.574834,39.812958],[-83.562689,39.849132],[-83.556641,39.867884],[-83.551246,39.890684],[-83.548835,39.898742],[-83.546459,39.904573],[-83.542297,39.912518],[-83.542226,39.912444],[-83.540331,39.917692],[-83.534498,39.934124],[-83.532739,39.939326],[-83.532212,39.940845],[-83.532064,39.941273],[-83.530297,39.946368],[-83.521938,39.972188],[-83.521876,39.972348],[-83.515213,39.989911],[-83.514226,39.992604],[-83.512615,39.997328],[-83.512565,39.997473],[-83.508098,40.010572],[-83.515058,40.01126],[-83.562099,40.012588],[-83.6041,40.01478],[-83.632405,40.016267],[-83.636613,40.016635],[-83.672381,40.019152],[-83.674226,40.019259],[-83.69191,40.020491],[-83.713227,40.022159],[-83.730839,40.022507],[-83.760928,40.024759],[-83.783829,40.026359],[-83.785437,40.026445],[-83.793129,40.026859],[-83.802029,40.027359],[-83.802448,40.027375],[-83.807305,40.027547],[-83.825058,40.028308],[-83.826698,40.028379],[-83.833258,40.028651],[-83.864631,40.030458],[-83.909118,40.032702],[-83.913039,40.033121],[-83.91334,40.033156],[-83.913788,40.033209],[-83.914185,40.033256],[-83.914473,40.03329],[-83.914855,40.033335],[-83.921005,40.034058],[-83.984253,40.037821],[-83.984444,40.037549],[-83.984463,40.037834],[-83.996527,40.038426],[-83.998375,40.03835],[-84.029568,40.039705],[-84.036321,40.040009]]]},"properties":{"name":"Clark=CLAR 1","type":"county"}},
{"type":"Feature","geometry":{"type":"Polygon","coordinates":[[[-84.259289,39.270556],[-84.260338,39.268359],[-84.260684,39.266332],[-84.261138,39.264759],[-84.264042,39.264213],[-84.266405,39.262927],[-84.267565,39.261663],[-84.270093,39.258703],[-84.275803,39.255889],[-84.281538,39.252359],[-84.290968,39.249561],[-84.293767,39.246954],[-84.295638,39.245059],[-84.295993,39.238354],[-84.299927,39.234248],[-84.302152,39.233802],[-84.306787,39.234046],[-84.309539,39.230659],[-84.312317,39.229255],[-84.3183,39.224801],[-84.319264,39.223884],[-84.319539,39.222159],[-84.316239,39.220559],[-84.311721,39.210652],[-84.309554,39.208704],[-84.307039,39.20836],[-84.295591,39.209634],[-84.292385,39.210852],[-84.288703,39.212869],[-84.285954,39.213274],[-84.283349,39.212786],[-84.276833,39.205257],[-84.276051,39.203754],[-84.276045,39.20064],[-84.277495,39.196755],[-84.281617,39.193763],[-84.286728,39.188592],[-84.287942,39.186765],[-84.288384,39.185627],[-84.287839,39.182475],[-84.288942,39.181308],[-84.292008,39.180226],[-84.294111,39.178528],[-84.298287,39.175688],[-84.29894,39.174717],[-84.298876,39.173132],[-84.29754,39.170046],[-84.295622,39.168353],[-84.295223,39.167419],[-84.295769,39.166363],[-84.297498,39.165702],[-84.298818,39.165186],[-84.300488,39.162898],[-84.30134,39.159676],[-84.301561,39.154867],[-84.301766,39.152947],[-84.301871,39.151966],[-84.306708,39.114458],[-84.306838,39.112762],[-84.307109,39.1111],[-84.307326,39.109222],[-84.308032,39.104509],[-84.30883,39.098524],[-84.308838,39.098462],[-84.3091,39.096563],[-84.31059,39.08642],[-84.311838,39.078162],[-84.313009,39.07191],[-84.313033,39.071759],[-84.314338,39.061062],[-84.314839,39.057467],[-84.318838,39.026763],[-84.319538,39.022763],[-84.319538,39.02175614],[-84.31368,39.016981],[-84.304698,39.006455],[-84.299362,38.995985],[-84.29781646,38.99137039],[-84.29762899,38.99081063],[-84.297255,38.989694],[-84.296466,38.985306],[-84.29628728,38.98311884],[-84.29623732,38.98250735],[-84.295076,38.968295],[-84.29301679,38.96456923],[-84.29289812,38.96435453],[-84.288164,38.955789],[-84.28740528,38.95481199],[-84.28448586,38.95105264],[-84.28279902,38.94888048],[-84.279916,38.945168],[-84.27954744,38.94489876],[-84.27491,38.941511],[-84.26834396,38.93457043],[-84.26205787,38.92792578],[-84.260797,38.926593],[-84.25701,38.923208],[-84.245647,38.907035],[-84.242689,38.903187],[-84.240155,38.900912],[-84.234453,38.893226],[-84.232343,38.884325],[-84.232132,38.880483],[-84.231837,38.87287],[-84.23187613,38.87247052],[-84.23191969,38.87202582],[-84.2320941,38.87024545],[-84.23248852,38.86621902],[-84.23328206,38.85811817],[-84.23340799,38.85683262],[-84.23370979,38.85375165],[-84.233727,38.853576],[-84.233265,38.842671],[-84.23164453,38.83264622],[-84.231306,38.830552],[-84.230181,38.826547],[-84.2253,38.817665],[-84.222059,38.813753],[-84.22006761,38.81200284],[-84.219542,38.8115409],[-84.21876249,38.81085582],[-84.212904,38.805707],[-84.2109411,38.80486971],[-84.205592,38.802588],[-84.198358,38.80092],[-84.18851057,38.79952545],[-84.18585494,38.79914938],[-84.15965561,38.79543915],[-84.155912,38.794909],[-84.15239694,38.79399344],[-84.15174182,38.7938228],[-84.14394435,38.7917918],[-84.14244376,38.79140094],[-84.135088,38.789485],[-84.13335995,38.78888352],[-84.13316687,38.78881632],[-84.115655,38.782721],[-84.108836,38.779247],[-84.094334,38.775246],[-84.071491,38.770475],[-84.06341,38.771151],[-84.05272472,38.77137437],[-84.047725,38.806547],[-84.045999,38.824432],[-84.042913,38.848563],[-84.041766,38.862122],[-84.041301,38.867486],[-84.041253,38.86795],[-84.040638,38.875068],[-84.040457,38.877084],[-84.03966,38.884831],[-84.038951,38.889697],[-84.038294,38.894853],[-84.037967,38.897639],[-84.037513,38.901227],[-84.037248,38.9033],[-84.033099,38.935695],[-84.027516,38.979185],[-84.026915,38.984004],[-84.026759,38.984968],[-84.020136,39.033547],[-84.018658,39.044902],[-84.016323,39.062784],[-84.012394,39.09158],[-84.007958,39.125189],[-84.00724,39.130683],[-84.00669,39.134906],[-84.005712,39.14114],[-84.004985,39.146625],[-83.999633,39.174114],[-83.99776,39.191093],[-83.997658,39.192951],[-83.99754,39.194011],[-83.996297,39.205204],[-83.995887,39.213699],[-83.995466,39.224698],[-83.993184,39.2542],[-83.993817,39.254234],[-83.999578,39.254778],[-84.006795,39.255338],[-84.014301,39.255944],[-84.025087,39.256847],[-84.028234,39.25711],[-84.035721,39.257613],[-84.048013,39.258331],[-84.06737,39.259545],[-84.073268,39.259931],[-84.07348,39.259945],[-84.076907,39.260121],[-84.078045,39.260188],[-84.094673,39.261022],[-84.111033,39.261842],[-84.127308,39.262659],[-84.154883,39.264341],[-84.156019,39.264411],[-84.159661,39.264611],[-84.184844,39.265909],[-84.193456,39.266421],[-84.23737,39.269285],[-84.244744,39.269719],[-84.248618,39.269982],[-84.250826,39.270104],[-84.253674,39.270232],[-84.25439,39.270264],[-84.256834,39.270421],[-84.259289,39.270556]]]},"properties":{"name":"Clermont=CLER 1","type":"county"}},
{"type":"Feature","geometry":{"type":"Polygon","coordinates":[[[-83.670194,39.550253],[-83.678626,39.55079],[-83.689042,39.551453],[-83.716723,39.553133],[-83.723987,39.553645],[-83.735518,39.554335],[-83.741075,39.554685],[-83.746323,39.554957],[-83.765833,39.555924],[-83.77818,39.557021],[-83.781059,39.557171],[-83.788085,39.557533],[-83.803125,39.558589],[-83.828998,39.560237],[-83.832137,39.560432],[-83.842262,39.561004],[-83.843333,39.561065],[-83.858695,39.561692],[-83.868023,39.562402],[-83.8834,39.5635],[-83.922489,39.566188],[-83.932729,39.566684],[-83.938945,39.567022],[-83.942122,39.567196],[-83.943676,39.567277],[-83.95101,39.567654],[-83.95145,39.567676],[-83.966779,39.568476],[-83.976888,39.569156],[-83.977003,39.569164],[-83.978263,39.555658],[-83.978283,39.555468],[-83.979435,39.544156],[-83.98104,39.527079],[-83.981115,39.526204],[-83.985728,39.47522],[-83.987028,39.46136],[-83.988633,39.444237],[-83.989424,39.435621],[-83.990758,39.421455],[-83.992335,39.404642],[-83.992385,39.404102],[-83.996752,39.359087],[-83.99756,39.351149],[-83.999377,39.333397],[-83.999931,39.328407],[-84.002985,39.295669],[-84.003478,39.290851],[-84.003511,39.29053],[-84.003534,39.290306],[-84.003563,39.290057],[-84.003657,39.289267],[-84.004023,39.285296],[-84.00676,39.255682],[-84.006795,39.255338],[-83.999578,39.254778],[-83.993817,39.254234],[-83.993184,39.2542],[-83.950009,39.251875],[-83.946078,39.251707],[-83.943968,39.25159],[-83.936491,39.251177],[-83.865686,39.247335],[-83.841725,39.246094],[-83.834404,39.245715],[-83.835868,39.223303],[-83.818367,39.222847],[-83.813075,39.223282],[-83.808251,39.224837],[-83.807957,39.226484],[-83.805929,39.230921],[-83.804576,39.231356],[-83.803223,39.230784],[-83.801753,39.231036],[-83.802488,39.237303],[-83.799958,39.238057],[-83.795576,39.240916],[-83.79545,39.24163],[-83.794575,39.245513],[-83.792692,39.249058],[-83.790319,39.250656],[-83.78992,39.252058],[-83.786653,39.255809],[-83.784797,39.262739],[-83.783022,39.263892],[-83.755815,39.280329],[-83.754879,39.280903],[-83.74854,39.284721],[-83.73609,39.292135],[-83.700121,39.314048],[-83.691325,39.319317],[-83.685026,39.323157],[-83.684246,39.323647],[-83.683161,39.324362],[-83.682293,39.324934],[-83.668374,39.333139],[-83.659156,39.338685],[-83.650346,39.344012],[-83.636415,39.352267],[-83.633529,39.353959],[-83.630557,39.355703],[-83.593885,39.377072],[-83.590877,39.378736],[-83.587778,39.414585],[-83.586805,39.426303],[-83.585194,39.445705],[-83.584996,39.448089],[-83.584057,39.459398],[-83.583456,39.46663],[-83.58078,39.498902],[-83.576283,39.544548],[-83.603074,39.54629],[-83.610643,39.546801],[-83.624921,39.547625],[-83.670194,39.550253]]]},"properties":{"name":"Clinton=CLIN 1","type":"county"}},
{"type":"Feature","geometry":{"type":"Polygon","coordinates":[[[-80.519764,40.899858],[-80.576209,40.899788],[-80.632131,40.899724],[-80.635955,40.899788],[-80.647187,40.899868],[-80.651044,40.899932],[-80.679509,40.900043],[-80.688757,40.900107],[-80.688993,40.900111],[-80.690581,40.900139],[-80.690633,40.900139],[-80.691204,40.900137],[-80.696229,40.900123],[-80.697717,40.900187],[-80.698619,40.90018],[-80.701494,40.900157],[-80.72303,40.900283],[-80.739207,40.900379],[-80.745767,40.900443],[-80.753271,40.900427],[-80.759384,40.900411],[-80.759734,40.900411],[-80.760696,40.900411],[-80.761016,40.900427],[-80.7614,40.900395],[-80.761976,40.900411],[-80.765256,40.900443],[-80.766424,40.900443],[-80.778039,40.900577],[-80.779129,40.900603],[-80.785705,40.900763],[-80.820443,40.900875],[-80.820779,40.900939],[-80.822043,40.900891],[-80.821919,40.909502],[-80.821899,40.910906],[-80.821643,40.929594],[-80.840653,40.929642],[-80.848941,40.929767],[-80.850482,40.92979],[-80.856573,40.929882],[-80.876222,40.930122],[-80.891359,40.930202],[-80.896272,40.930186],[-80.897084,40.906601],[-80.897232,40.90121],[-80.899166,40.901227],[-80.907072,40.90137],[-80.915297,40.901482],[-80.944043,40.901885],[-80.946298,40.901915],[-80.954083,40.90201],[-80.955363,40.902042],[-80.956707,40.902074],[-80.957747,40.902074],[-80.959731,40.902106],[-80.965955,40.902186],[-80.975084,40.902268],[-80.976612,40.902282],[-80.977844,40.902298],[-80.996117,40.902474],[-81.013516,40.902429],[-81.014984,40.902448],[-81.034214,40.902538],[-81.050696,40.902598],[-81.052036,40.902598],[-81.070027,40.902798],[-81.079358,40.902888],[-81.084851,40.902892],[-81.086702,40.902896],[-81.086718,40.901758],[-81.086618,40.898858],[-81.086532,40.888143],[-81.086519,40.886559],[-81.086526,40.885674],[-81.086556,40.881537],[-81.086574,40.879325],[-81.086641,40.872451],[-81.086714,40.850073],[-81.086772,40.834682],[-81.0868,40.831233],[-81.086807,40.826468],[-81.086839,40.816134],[-81.086846,40.81384],[-81.086923,40.799735],[-81.087087,40.751255],[-81.087059,40.749773],[-81.087137,40.747054],[-81.08721,40.741068],[-81.087208,40.740267],[-81.087205,40.739067],[-81.087245,40.73215],[-81.087278,40.731543],[-81.087283,40.731454],[-81.087292,40.727865],[-81.084637,40.728002],[-81.037249,40.727377],[-81.029556,40.72734],[-81.021657,40.727295],[-81.011026,40.727209],[-81.002009,40.727142],[-80.994297,40.727029],[-80.974818,40.727003],[-80.917182,40.726934],[-80.917165,40.701236],[-80.917294,40.672496],[-80.918125,40.643464],[-80.910003,40.643366],[-80.903093,40.643272],[-80.902643,40.643272],[-80.865776,40.642647],[-80.860822,40.64257],[-80.861344,40.622755],[-80.861374,40.621836],[-80.861443,40.619295],[-80.86161,40.615085],[-80.861639,40.613872],[-80.861667,40.611927],[-80.861607,40.611058],[-80.861694,40.607602],[-80.861994,40.599404],[-80.837911,40.598708],[-80.832958,40.598572],[-80.822859,40.598385],[-80.81791,40.598305],[-80.810537,40.598149],[-80.747112,40.596991],[-80.74732,40.583327],[-80.73876,40.583199],[-80.733239,40.583231],[-80.719799,40.583103],[-80.708102,40.582975],[-80.670293,40.582528],[-80.667957,40.582496],[-80.665892,40.587728],[-80.66328694,40.59075888],[-80.662564,40.5916],[-80.65707301,40.59528051],[-80.655188,40.596544],[-80.65436334,40.5965006],[-80.653972,40.59648],[-80.651716,40.597744],[-80.644963,40.603648],[-80.64445264,40.60434554],[-80.639379,40.61128],[-80.63900725,40.61163628],[-80.63710914,40.61345543],[-80.634355,40.616095],[-80.63292537,40.61685937],[-80.632563,40.61705311],[-80.63115223,40.6178074],[-80.627171,40.619936],[-80.61827583,40.62133769],[-80.616002,40.621696],[-80.603876,40.625064],[-80.598764,40.625263],[-80.594065,40.623664],[-80.592049,40.622496],[-80.5893648,40.62027108],[-80.58913415,40.62007989],[-80.58741591,40.61865564],[-80.58403268,40.6158513],[-80.583633,40.61552],[-80.58317869,40.61537374],[-80.58062406,40.61455128],[-80.579856,40.614304],[-80.57938043,40.61429181],[-80.57785945,40.61425281],[-80.576736,40.614224],[-80.57527585,40.61459877],[-80.57519488,40.61461955],[-80.57485844,40.61470591],[-80.571936,40.615456],[-80.57153375,40.61566184],[-80.56916241,40.6168753],[-80.56784,40.617552],[-80.56771236,40.61766186],[-80.56395614,40.62089474],[-80.56136655,40.62312353],[-80.56072,40.62368],[-80.55933219,40.62442743],[-80.551126,40.628847],[-80.54814826,40.62933343],[-80.54762984,40.62941812],[-80.545892,40.629702],[-80.54001451,40.63194157],[-80.539541,40.632122],[-80.53773835,40.63304081],[-80.53630685,40.63377045],[-80.53513986,40.63436526],[-80.532737,40.63559],[-80.53151837,40.6358965],[-80.53077326,40.6360839],[-80.530093,40.636255],[-80.52615266,40.63608878],[-80.52566,40.636068],[-80.52328371,40.63665461],[-80.52230647,40.63689585],[-80.521917,40.636992],[-80.518991,40.638801],[-80.51899285,40.64304385],[-80.51899554,40.64920228],[-80.51899599,40.65023042],[-80.51899767,40.65408899],[-80.5190041,40.66881556],[-80.51900634,40.67395291],[-80.51902527,40.71730769],[-80.51902898,40.72582281],[-80.51904844,40.77040303],[-80.51905034,40.77473941],[-80.519058,40.792298],[-80.518992,40.801221],[-80.51901363,40.81286921],[-80.51905539,40.83536411],[-80.519081,40.849157],[-80.51902,40.850073],[-80.519002,40.877543],[-80.519764,40.899858]]]},"properties":{"name":"Columbiana=COLU 1","type":"county"}},
{"type":"Feature","geometry":{"type":"Polygon","coordinates":[[[-82.184607,40.45628],[-82.184758,40.454525],[-82.184801,40.449044],[-82.186913,40.406097],[-82.187291,40.399102],[-82.18819,40.38326],[-82.188641,40.375181],[-82.188832,40.373164],[-82.190423,40.346996],[-82.190959,40.33574],[-82.191258,40.33066],[-82.191228,40.328773],[-82.191405,40.324791],[-82.19211,40.311244],[-82.193264,40.290056],[-82.195912,40.239071],[-82.182948,40.238629],[-82.182857,40.238097],[-82.183188,40.232936],[-82.183188,40.232753],[-82.183695,40.227697],[-82.183755,40.225523],[-82.184851,40.207882],[-82.18674,40.183017],[-82.186799,40.182757],[-82.187404,40.167891],[-82.187425,40.1669],[-82.104293,40.163024],[-82.098112,40.16274],[-82.093103,40.162584],[-82.093137,40.162341],[-82.090276,40.162045],[-82.087192,40.161706],[-82.025706,40.1609],[-82.000412,40.160268],[-81.999858,40.160199],[-81.94558,40.158865],[-81.945197,40.158857],[-81.939989,40.158725],[-81.905124,40.157879],[-81.903959,40.157844],[-81.85079,40.156436],[-81.812082,40.155277],[-81.809534,40.155194],[-81.800333,40.154928],[-81.798006,40.154773],[-81.774506,40.154122],[-81.769907,40.154008],[-81.716285,40.152854],[-81.71628,40.15217],[-81.670899,40.150977],[-81.669185,40.183892],[-81.667557,40.211202],[-81.667605,40.213263],[-81.667616,40.213739],[-81.667645,40.214978],[-81.667591,40.222468],[-81.652279,40.222068],[-81.63631,40.221615],[-81.622684,40.221309],[-81.621087,40.252663],[-81.621118,40.254196],[-81.620618,40.261973],[-81.620597,40.262307],[-81.620584,40.262504],[-81.620543,40.263155],[-81.620517,40.26421],[-81.620324,40.26843],[-81.620133,40.271767],[-81.62002,40.273744],[-81.619484,40.283276],[-81.619034,40.294878],[-81.618968,40.296619],[-81.617777,40.33042],[-81.61712,40.347543],[-81.616618,40.357152],[-81.616133,40.364212],[-81.61603,40.368118],[-81.622018,40.368271],[-81.68304,40.370066],[-81.687109,40.370203],[-81.705922,40.370754],[-81.706585,40.370774],[-81.710684,40.370796],[-81.712288,40.370804],[-81.712274,40.371278],[-81.711893,40.380437],[-81.711458,40.389958],[-81.71138,40.392322],[-81.709508,40.436654],[-81.709264,40.442588],[-81.709247,40.443254],[-81.709166,40.444325],[-81.709132,40.444775],[-81.712131,40.44486],[-81.718315,40.445036],[-81.726918,40.445038],[-81.728171,40.445034],[-81.754621,40.445632],[-81.762464,40.44585],[-81.766739,40.446063],[-81.767251,40.446068],[-81.771142,40.44611],[-81.775545,40.44618],[-81.778719,40.446341],[-81.783164,40.446398],[-81.78769,40.446459],[-81.79016,40.446446],[-81.790401,40.446436],[-81.79052,40.446413],[-81.804709,40.4468],[-81.805752,40.446821],[-81.841678,40.447669],[-81.842523,40.447665],[-81.861206,40.44762],[-81.861922,40.447623],[-81.86209,40.447623],[-81.879774,40.447912],[-81.893906,40.448102],[-81.893872,40.448855],[-81.902379,40.448995],[-81.904703,40.449025],[-81.925835,40.449603],[-81.931958,40.449762],[-81.960449,40.450513],[-81.988546,40.451292],[-81.988553,40.45107],[-81.990437,40.451013],[-82.015045,40.451897],[-82.027115,40.452358],[-82.032165,40.452498],[-82.034125,40.45252],[-82.043859,40.452866],[-82.044361,40.452882],[-82.055212,40.453233],[-82.055331,40.453324],[-82.075657,40.453766],[-82.085886,40.454101],[-82.086054,40.452895],[-82.089897,40.452909],[-82.090107,40.452955],[-82.096246,40.453222],[-82.09633,40.453278],[-82.123176,40.454084],[-82.130403,40.454192],[-82.184607,40.45628]]]},"properties":{"name":"Coshocton=COSH 1","type":"county"}},
{"type":"Feature","geometry":{"type":"Polygon","coordinates":[[[-82.829494,40.99677],[-82.834839,40.996861],[-82.852803,40.997176],[-82.853163,40.993814],[-82.862251,40.99381],[-82.862522,40.993787],[-82.881952,40.993809],[-82.900972,40.99377],[-82.958665,40.993817],[-82.977864,40.993834],[-83.016078,40.99381],[-83.017552,40.993809],[-83.035277,40.993816],[-83.049301,40.993865],[-83.05836,40.993866],[-83.060764,40.993851],[-83.074129,40.993771],[-83.112618,40.993553],[-83.112487,40.95712],[-83.112444,40.953553],[-83.112401,40.949981],[-83.112314,40.916747],[-83.112336,40.906569],[-83.112668,40.906523],[-83.112592,40.891347],[-83.112569,40.888132],[-83.112465,40.875056],[-83.112462,40.87068],[-83.112457,40.862928],[-83.112474,40.854747],[-83.112418,40.851605],[-83.112403,40.848235],[-83.112381,40.843325],[-83.112211,40.81931],[-83.112065,40.804236],[-83.111911,40.799702],[-83.111911,40.799307],[-83.111939,40.794377],[-83.111725,40.775188],[-83.111776,40.763628],[-83.111781,40.753291],[-83.111737,40.746073],[-83.111756,40.73164],[-83.111599,40.72218],[-83.111559,40.719766],[-83.111342,40.702957],[-83.090694,40.702874],[-83.089569,40.702965],[-83.089131,40.702943],[-83.086907,40.70292],[-83.086791,40.70292],[-83.082784,40.702954],[-83.073171,40.703037],[-83.068302,40.703152],[-83.00858,40.703285],[-83.004522,40.7033],[-82.977323,40.703648],[-82.975867,40.703658],[-82.957773,40.703437],[-82.935484,40.704525],[-82.919252,40.704639],[-82.909844,40.704729],[-82.871979,40.704879],[-82.858302,40.705019],[-82.858177,40.712334],[-82.84926,40.71248],[-82.828998,40.712485],[-82.826382,40.712463],[-82.813366,40.712418],[-82.803685,40.712189],[-82.80174,40.712183],[-82.79444,40.712165],[-82.792592,40.712165],[-82.792137,40.712137],[-82.790826,40.712083],[-82.765054,40.711791],[-82.749135,40.711528],[-82.74598,40.711497],[-82.731708,40.711273],[-82.727163,40.711145],[-82.727036,40.733001],[-82.726949,40.738593],[-82.726748,40.749593],[-82.726626,40.755375],[-82.726604,40.757529],[-82.7266,40.760563],[-82.726588,40.769529],[-82.726572,40.770041],[-82.726492,40.771769],[-82.726492,40.776297],[-82.726396,40.784249],[-82.726364,40.784857],[-82.726348,40.787417],[-82.726172,40.795129],[-82.726204,40.797721],[-82.72598,40.808249],[-82.725692,40.814456],[-82.724956,40.843192],[-82.724713,40.879959],[-82.724753,40.879986],[-82.724526,40.90137],[-82.724521,40.901559],[-82.724243,40.937343],[-82.724293,40.952704],[-82.724326,40.961994],[-82.724337,40.964948],[-82.724494,40.974601],[-82.724619,40.981807],[-82.724762,40.995869],[-82.730244,40.995919],[-82.738499,40.995937],[-82.73891,40.995938],[-82.757489,40.995965],[-82.762469,40.995986],[-82.796495,40.996269],[-82.829494,40.99677]]]},"properties":{"name":"Crawford=CRAW 1","type":"county"}},
{"type":"Feature","geometry":{"type":"Polygon","coordinates":[[[-81.48864,41.631348],[-81.50044,41.623448],[-81.50951331,41.62069213],[-81.5158687,41.61876179],[-81.529742,41.614548],[-81.53222048,41.61252648],[-81.53612775,41.60933959],[-81.54219002,41.60439502],[-81.54966723,41.59829638],[-81.56203584,41.58820816],[-81.562844,41.587549],[-81.56674179,41.58470775],[-81.57511445,41.5786046],[-81.58775404,41.56939112],[-81.599747,41.560649],[-81.62641803,41.54476595],[-81.63116064,41.54194165],[-81.633652,41.540458],[-81.63789949,41.53923163],[-81.65220163,41.53510222],[-81.664851,41.53145],[-81.69723853,41.5117321],[-81.706864,41.505872],[-81.710597,41.50210888],[-81.710953,41.50175],[-81.73033999,41.49254533],[-81.73135912,41.49206146],[-81.73322838,41.49117396],[-81.738755,41.48855],[-81.744755,41.48715],[-81.75130562,41.48837282],[-81.768856,41.491649],[-81.76891207,41.49166741],[-81.782258,41.49605],[-81.794157,41.496648],[-81.8064545,41.49590723],[-81.810758,41.495648],[-81.8361973,41.48958057],[-81.85196337,41.48582027],[-81.860262,41.483841],[-81.87362247,41.48353156],[-81.87736,41.483445],[-81.907561,41.48743739],[-81.92260913,41.48942666],[-81.937862,41.491443],[-81.95407798,41.49710966],[-81.958463,41.498642],[-81.962664,41.501341],[-81.964912,41.505446],[-81.96813029,41.50642213],[-81.968287,41.505189],[-81.969164,41.493341],[-81.969465,41.478143],[-81.969663,41.458043],[-81.969863,41.431044],[-81.969963,41.419345],[-81.969963,41.416745],[-81.970263,41.411045],[-81.970464,41.389847],[-81.970464,41.388298],[-81.970464,41.386748],[-81.970862,41.375447],[-81.971262,41.351348],[-81.938367,41.350955],[-81.936473,41.350914],[-81.92306,41.351149],[-81.903559,41.35065],[-81.902459,41.35075],[-81.893259,41.35065],[-81.876959,41.350551],[-81.877059,41.330552],[-81.877758,41.312351],[-81.878258,41.283252],[-81.877932,41.275087],[-81.862557,41.275353],[-81.862454,41.275348],[-81.839431,41.27559],[-81.836897,41.273929],[-81.836443,41.274681],[-81.835857,41.275654],[-81.826924,41.275779],[-81.825845,41.27579],[-81.825312,41.275796],[-81.822787,41.275823],[-81.822457,41.275827],[-81.806255,41.276054],[-81.785155,41.276454],[-81.775741,41.276536],[-81.774844,41.276542],[-81.74519,41.276762],[-81.728252,41.276954],[-81.72067,41.276938],[-81.71797,41.276947],[-81.705149,41.277254],[-81.702491,41.277054],[-81.701614,41.277059],[-81.684949,41.277155],[-81.670517,41.277154],[-81.661447,41.277254],[-81.637845,41.277054],[-81.636229,41.277094],[-81.627245,41.277154],[-81.625037,41.277182],[-81.590542,41.277554],[-81.565141,41.277755],[-81.564941,41.278955],[-81.562541,41.278555],[-81.564441,41.283955],[-81.567041,41.284455],[-81.566641,41.287555],[-81.565241,41.288855],[-81.569742,41.290456],[-81.573143,41.290755],[-81.572842,41.300754],[-81.574442,41.302754],[-81.577342,41.305354],[-81.582443,41.306254],[-81.584743,41.307854],[-81.584143,41.309654],[-81.583543,41.315654],[-81.587443,41.319454],[-81.587243,41.321354],[-81.587943,41.324454],[-81.592144,41.329454],[-81.587944,41.338554],[-81.588844,41.343454],[-81.594844,41.343854],[-81.595644,41.344254],[-81.597044,41.347154],[-81.595244,41.347054],[-81.593644,41.348054],[-81.593344,41.349754],[-81.597644,41.349554],[-81.597845,41.350853],[-81.592244,41.350854],[-81.585144,41.350754],[-81.561542,41.350654],[-81.536244,41.350351],[-81.536076,41.350349],[-81.535985,41.350348],[-81.52644,41.350254],[-81.51864,41.350154],[-81.51754,41.350154],[-81.508139,41.350054],[-81.489138,41.349754],[-81.464037,41.349441],[-81.460941,41.349346],[-81.450331,41.349148],[-81.440235,41.349054],[-81.419134,41.348754],[-81.406934,41.348654],[-81.397733,41.348554],[-81.394234,41.348509],[-81.393033,41.348487],[-81.392773,41.348482],[-81.391829,41.348464],[-81.391334,41.348473],[-81.391507,41.356394],[-81.391534,41.357655],[-81.391933,41.388194],[-81.391934,41.397853],[-81.391934,41.401853],[-81.391635,41.407654],[-81.391734,41.415853],[-81.391534,41.424753],[-81.386945,41.424442],[-81.374333,41.424753],[-81.374733,41.431953],[-81.374633,41.432753],[-81.3752,41.440429],[-81.375212,41.440602],[-81.375533,41.445253],[-81.391335,41.445153],[-81.391178,41.450333],[-81.391135,41.455153],[-81.391035,41.459453],[-81.390736,41.467353],[-81.390807,41.471525],[-81.390935,41.499252],[-81.390736,41.500753],[-81.391035,41.506152],[-81.390555,41.534683],[-81.390835,41.56975],[-81.412536,41.569849],[-81.413036,41.569849],[-81.417636,41.56995],[-81.419936,41.56995],[-81.433637,41.56995],[-81.439038,41.569851],[-81.446883,41.569967],[-81.447124,41.569966],[-81.487842,41.570051],[-81.487941,41.57525],[-81.48794,41.586249],[-81.48804,41.588249],[-81.488073,41.596043],[-81.488341,41.60325],[-81.48854,41.612048],[-81.48864,41.617648],[-81.48864,41.618248],[-81.488739,41.624048],[-81.488939,41.626948],[-81.488739,41.629248],[-81.488735,41.629249],[-81.48864,41.631348]]]},"properties":{"name":"Cuyahoga=CUYA 1","type":"county"}},
{"type":"Feature","geometry":{"type":"Polygon","coordinates":[[[-84.434669,40.354257],[-84.454822,40.354322],[-84.463038,40.354347],[-84.495324,40.354291],[-84.495354,40.354063],[-84.515785,40.354179],[-84.534768,40.354026],[-84.540051,40.353973],[-84.558701,40.353759],[-84.562526,40.353704],[-84.571601,40.353573],[-84.599972,40.353295],[-84.600031,40.351854],[-84.618585,40.351823],[-84.632807,40.351821],[-84.638541,40.351832],[-84.638686,40.351832],[-84.639938,40.351839],[-84.641815,40.351868],[-84.641895,40.351871],[-84.643042,40.351849],[-84.64315,40.351849],[-84.643472,40.351864],[-84.646379,40.351896],[-84.647913,40.3519],[-84.648214,40.351902],[-84.648429,40.351904],[-84.674703,40.352042],[-84.677398,40.35205],[-84.691134,40.352202],[-84.709969,40.352178],[-84.719495,40.352237],[-84.720703,40.352245],[-84.777752,40.352781],[-84.782204,40.352817],[-84.790413,40.352885],[-84.793285,40.352876],[-84.804119,40.352844],[-84.803917,40.310115],[-84.804098,40.302498],[-84.80477584,40.26754692],[-84.805627,40.223659],[-84.80594711,40.2086675],[-84.80611742,40.20069148],[-84.80616587,40.19842254],[-84.806175,40.197995],[-84.80634,40.192327],[-84.806347,40.192252],[-84.80639525,40.19085585],[-84.806766,40.180128],[-84.80678984,40.17932924],[-84.808291,40.129027],[-84.808305,40.127018],[-84.808706,40.107216],[-84.80896404,40.09262765],[-84.809737,40.048929],[-84.810099,40.034214],[-84.81051763,40.01958911],[-84.8109375,40.00492072],[-84.811212,39.995331],[-84.81151509,39.97432467],[-84.81153698,39.97280731],[-84.812193,39.92734],[-84.812357,39.921764],[-84.812411,39.916916],[-84.723701,39.916785],[-84.720403,39.916768],[-84.704372,39.916833],[-84.699652,39.916801],[-84.673123,39.916625],[-84.671219,39.916689],[-84.652163,39.916658],[-84.615154,39.916562],[-84.596305,39.916738],[-84.579825,39.916946],[-84.54792,39.917507],[-84.513967,39.918067],[-84.513695,39.918099],[-84.505518,39.918227],[-84.499342,39.918275],[-84.48565,39.918351],[-84.464049,39.918752],[-84.449532,39.919025],[-84.444949,39.919152],[-84.444765,39.919155],[-84.427248,39.919452],[-84.425848,39.919552],[-84.426588,39.946452],[-84.426253,39.94834],[-84.426365,39.963028],[-84.426669,39.977363],[-84.426733,39.984659],[-84.426909,39.992003],[-84.427133,40.006995],[-84.427677,40.006995],[-84.427981,40.010579],[-84.428205,40.021683],[-84.428781,40.05037],[-84.429101,40.072306],[-84.4292,40.075333],[-84.429243,40.07663],[-84.429453,40.09413],[-84.430125,40.114561],[-84.43043,40.122895],[-84.430445,40.123313],[-84.431005,40.130929],[-84.431244,40.136599],[-84.431229,40.136689],[-84.431261,40.138177],[-84.431321,40.140575],[-84.431323,40.140675],[-84.431773,40.160033],[-84.432286,40.180848],[-84.436397,40.180908],[-84.432718,40.188912],[-84.432686,40.197136],[-84.433646,40.231856],[-84.433688,40.237973],[-84.43371,40.241136],[-84.433899,40.250047],[-84.434019,40.25541],[-84.434108,40.270102],[-84.434195,40.30664],[-84.434548,40.325273],[-84.434641,40.339368],[-84.434656,40.347366],[-84.434669,40.354257]]]},"properties":{"name":"Darke=DARK 1","type":"county"}},
{"type":"Feature","geometry":{"type":"Polygon","coordinates":[[[-84.228232,41.165883],[-84.22795,41.202262],[-84.227985,41.20563],[-84.228014,41.208207],[-84.227771,41.253201],[-84.22766,41.267217],[-84.227434,41.296074],[-84.227392,41.301223],[-84.227373,41.302073],[-84.227196,41.303391],[-84.227482,41.326004],[-84.22752,41.340593],[-84.227528,41.355089],[-84.227591,41.357558],[-84.228086,41.413256],[-84.228399,41.427821],[-84.2715,41.427862],[-84.284016,41.427791],[-84.287083,41.427772],[-84.296625,41.427682],[-84.324935,41.427575],[-84.325512,41.427575],[-84.341948,41.427572],[-84.388567,41.427403],[-84.396496,41.427498],[-84.402238,41.427431],[-84.424392,41.42728],[-84.429398,41.427277],[-84.438483,41.4273],[-84.438848,41.427231],[-84.459233,41.427207],[-84.478616,41.427179],[-84.498121,41.427102],[-84.552486,41.427093],[-84.573754,41.426933],[-84.606994,41.42688],[-84.6077,41.426886],[-84.609637,41.426902],[-84.61225,41.426924],[-84.631609,41.426712],[-84.656494,41.426745],[-84.670291,41.426676],[-84.690981,41.426476],[-84.719907,41.426289],[-84.742178,41.426029],[-84.749151,41.426202],[-84.754618,41.426274],[-84.775328,41.426125],[-84.777728,41.426035],[-84.787741,41.426037],[-84.792964,41.426038],[-84.803956,41.426128],[-84.804015,41.411655],[-84.804046,41.408361],[-84.804133,41.408292],[-84.803926,41.367959],[-84.80382289,41.33900512],[-84.80377248,41.32484747],[-84.803581,41.271079],[-84.80358,41.270942],[-84.803492,41.252531],[-84.785764,41.252414],[-84.747264,41.252318],[-84.728035,41.252299],[-84.727853,41.252253],[-84.70858,41.252281],[-84.689337,41.252374],[-84.669457,41.252441],[-84.611119,41.252893],[-84.581213,41.252829],[-84.579691,41.252822],[-84.572483,41.252789],[-84.571786,41.252766],[-84.558798,41.25268],[-84.553664,41.252707],[-84.553665,41.25281],[-84.457387,41.253521],[-84.457337,41.250049],[-84.457337,41.250009],[-84.457226,41.238285],[-84.457132,41.227263],[-84.457101,41.223582],[-84.457071,41.21694],[-84.457161,41.216424],[-84.457227,41.211278],[-84.457243,41.210008],[-84.45725,41.209449],[-84.436887,41.209176],[-84.434509,41.209199],[-84.36086,41.20928],[-84.341694,41.209194],[-84.341445,41.187529],[-84.341417,41.184439],[-84.341344,41.165473],[-84.286002,41.165633],[-84.228232,41.165883]]]},"properties":{"name":"Defiance=DEFI 1","type":"county"}},
{"type":"Feature","geometry":{"type":"Polygon","coordinates":[[[-83.248561,40.443906],[-83.249083,40.424573],[-83.249222,40.419418],[-83.24924,40.418773],[-83.249613,40.381775],[-83.248897,40.371192],[-83.248273,40.365654],[-83.248156,40.349948],[-83.248396,40.339756],[-83.24814,40.315964],[-83.24814,40.304756],[-83.24814,40.302316],[-83.248175,40.296796],[-83.248268,40.282364],[-83.24838,40.264124],[-83.247676,40.248252],[-83.247569,40.245166],[-83.246058,40.244608],[-83.240332,40.244668],[-83.193178,40.244205],[-83.172217,40.243949],[-83.171929,40.222141],[-83.171753,40.216397],[-83.171492,40.201611],[-83.171433,40.198269],[-83.171305,40.195373],[-83.171204,40.189765],[-83.171081,40.182877],[-83.170889,40.166717],[-83.170678,40.158596],[-83.170456,40.150125],[-83.170182,40.147116],[-83.170078,40.145979],[-83.170068,40.144678],[-83.170212,40.143161],[-83.152912,40.142062],[-83.142411,40.141562],[-83.129835,40.140601],[-83.129439,40.140565],[-83.127211,40.140362],[-83.12021,40.140162],[-83.11901,40.140162],[-83.089809,40.139162],[-83.076209,40.138762],[-83.072408,40.138562],[-83.064108,40.138462],[-83.060108,40.138362],[-83.041007,40.137662],[-83.037207,40.137662],[-83.031187,40.137214],[-83.01701,40.136767],[-83.016929,40.136763],[-83.01602,40.136712],[-83.015282,40.136671],[-83.013138,40.136634],[-83.011752,40.13661],[-83.011602,40.136607],[-83.005475,40.136341],[-83.005378,40.136335],[-83.004658,40.136351],[-83.001552,40.136231],[-82.997432,40.136073],[-82.994841,40.135973],[-82.991858,40.135858],[-82.977027,40.135384],[-82.973204,40.135263],[-82.971504,40.135163],[-82.971356,40.135108],[-82.970644,40.135106],[-82.970846,40.134916],[-82.970704,40.134863],[-82.97062,40.134861],[-82.958048,40.134527],[-82.952519,40.134391],[-82.952254,40.134384],[-82.951403,40.134363],[-82.947957,40.134193],[-82.947503,40.134163],[-82.937806,40.13374],[-82.935575,40.133638],[-82.932603,40.133563],[-82.931302,40.133563],[-82.926797,40.133297],[-82.925724,40.133264],[-82.925742,40.133183],[-82.920802,40.132663],[-82.909602,40.132163],[-82.902601,40.131863],[-82.894553,40.131643],[-82.885501,40.131163],[-82.884202,40.130947],[-82.883588,40.130845],[-82.882348,40.130639],[-82.858699,40.130063],[-82.851841,40.129741],[-82.843799,40.129363],[-82.821898,40.128463],[-82.810297,40.127963],[-82.790997,40.127063],[-82.781396,40.126663],[-82.762095,40.125863],[-82.762887,40.130111],[-82.760488,40.162782],[-82.759592,40.175486],[-82.75884,40.188766],[-82.758008,40.200046],[-82.756328,40.22227],[-82.756424,40.227022],[-82.755,40.24563],[-82.752817,40.277036],[-82.751341,40.282871],[-82.749896,40.288637],[-82.748304,40.306852],[-82.748445,40.307529],[-82.744913,40.34941],[-82.749896,40.349743],[-82.753969,40.34986],[-82.767065,40.350221],[-82.771927,40.350453],[-82.777466,40.350717],[-82.810395,40.352429],[-82.820571,40.352829],[-82.825009,40.35298],[-82.832764,40.353245],[-82.841644,40.353725],[-82.863403,40.354905],[-82.867937,40.355141],[-82.929968,40.358221],[-82.929888,40.359357],[-82.92928,40.366653],[-82.928768,40.372589],[-82.926542,40.393884],[-82.925363,40.40764],[-82.924742,40.414897],[-82.949344,40.416056],[-82.949604,40.416068],[-82.963309,40.416698],[-82.972955,40.416457],[-83.000629,40.417574],[-83.022232,40.418775],[-83.020938,40.433801],[-83.047119,40.43468],[-83.051498,40.434795],[-83.0725,40.435542],[-83.075069,40.435635],[-83.113567,40.437021],[-83.160175,40.439295],[-83.191848,40.440958],[-83.227974,40.442836],[-83.248561,40.443906]]]},"properties":{"name":"Delaware=DELA 1","type":"county"}},
{"type":"Feature","geometry":{"type":"Polygon","coordinates":[[[-82.69472205,41.49394514],[-82.70183,41.489787],[-82.710117,41.485789],[-82.716333,41.483495],[-82.727639,41.480113],[-82.739223,41.477755],[-82.742683,41.477473],[-82.749907,41.477267],[-82.759103,41.478299],[-82.775231,41.48011],[-82.775448,41.480134],[-82.776093,41.480207],[-82.819355,41.485063],[-82.820325,41.48471],[-82.832139,41.480411],[-82.834163,41.479675],[-82.850809,41.473759],[-82.856706,41.471746],[-82.874911,41.467079],[-82.91438,41.458716],[-82.953106,41.458057],[-82.952926,41.429686],[-82.901794,41.430359],[-82.866597,41.430304],[-82.848792,41.430259],[-82.847528,41.430266],[-82.845421,41.386671],[-82.844871,41.372377],[-82.84438,41.362433],[-82.843547,41.342977],[-82.843458,41.340881],[-82.841615,41.298865],[-82.841338,41.290013],[-82.835675,41.289836],[-82.82752,41.289638],[-82.823854,41.289549],[-82.823327,41.289535],[-82.823236,41.289533],[-82.791763,41.288849],[-82.78854,41.288756],[-82.783782,41.288661],[-82.742194,41.287924],[-82.740747,41.287898],[-82.726979,41.287698],[-82.680184,41.287155],[-82.676817,41.287018],[-82.668144,41.286834],[-82.660836,41.286695],[-82.642644,41.286662],[-82.642347,41.286661],[-82.611953,41.286329],[-82.605601,41.286319],[-82.596003,41.286301],[-82.593621,41.286297],[-82.590272,41.286291],[-82.585862,41.286283],[-82.561883,41.285972],[-82.553115,41.285843],[-82.542409,41.285685],[-82.539302,41.28564],[-82.491993,41.284851],[-82.44239,41.283851],[-82.420089,41.28395],[-82.417489,41.28385],[-82.412567,41.283855],[-82.400592,41.283914],[-82.399257,41.283905],[-82.389994,41.283841],[-82.387926,41.283828],[-82.384558,41.283807],[-82.381408,41.283788],[-82.342542,41.283563],[-82.342585,41.28515],[-82.342685,41.29185],[-82.343085,41.306849],[-82.343585,41.321448],[-82.343666,41.324489],[-82.343585,41.333748],[-82.344084,41.348647],[-82.344184,41.354847],[-82.344268,41.35703],[-82.344284,41.357447],[-82.344484,41.362546],[-82.344602,41.367806],[-82.344684,41.371446],[-82.344884,41.375446],[-82.345742,41.382932],[-82.346684,41.391145],[-82.346684,41.401345],[-82.346684,41.401645],[-82.346706,41.401947],[-82.346983,41.406444],[-82.347183,41.410844],[-82.347183,41.411044],[-82.347183,41.411318],[-82.347283,41.412644],[-82.347316,41.413267],[-82.347383,41.414544],[-82.347483,41.415544],[-82.347483,41.415614],[-82.347483,41.417644],[-82.347486,41.417719],[-82.347583,41.421244],[-82.347883,41.424544],[-82.348052,41.427923],[-82.34807741,41.42843119],[-82.34833389,41.42839775],[-82.361784,41.426644],[-82.36422976,41.42578844],[-82.36470302,41.42562288],[-82.39068844,41.41653278],[-82.398086,41.413945],[-82.42556846,41.3998196],[-82.431315,41.396866],[-82.460599,41.386316],[-82.46872397,41.3843556],[-82.481214,41.381342],[-82.499099,41.381541],[-82.499892,41.38168724],[-82.50092546,41.38187782],[-82.513827,41.384257],[-82.5167918,41.38531206],[-82.51896489,41.38608538],[-82.52570901,41.38848537],[-82.52571571,41.38848775],[-82.53758834,41.39271278],[-82.55012226,41.39717313],[-82.55694981,41.39960281],[-82.55808,41.400005],[-82.56294119,41.4023517],[-82.58456783,41.41279179],[-82.59280065,41.41676612],[-82.59284132,41.41678576],[-82.60830304,41.42424978],[-82.616952,41.428425],[-82.61743335,41.43049364],[-82.6175297,41.4309077],[-82.61758748,41.43115603],[-82.61759169,41.43117414],[-82.617745,41.431833],[-82.624899,41.43713275],[-82.658302,41.461878],[-82.687921,41.492324],[-82.69472205,41.49394514]]]},"properties":{"name":"Erie=ERIE 1","type":"county"}},
{"type":"Feature","geometry":{"type":"Polygon","coordinates":[[[-82.703438,41.617734],[-82.70731,41.619609],[-82.718802,41.619629],[-82.7235496,41.6150603],[-82.73459459,41.6044315],[-82.73537507,41.60368042],[-82.735707,41.603361],[-82.73571367,41.6030919],[-82.735766,41.600982],[-82.725827,41.595199],[-82.702027,41.585437],[-82.688744,41.585896],[-82.686033,41.587246],[-82.680669,41.594611],[-82.67963427,41.60295992],[-82.677772,41.617986],[-82.68015,41.61897],[-82.691123,41.611331],[-82.700208,41.61219],[-82.703438,41.617734]]]},"properties":{"name":"Erie=ERIE 2","type":"county"}},
{"type":"Feature","geometry":{"type":"Polygon","coordinates":[[[-82.782495,39.939663],[-82.791495,39.940163],[-82.798396,39.940563],[-82.810796,39.941163],[-82.811288,39.934751],[-82.811484,39.932024],[-82.811496,39.931863],[-82.812074,39.924854],[-82.812196,39.922963],[-82.812396,39.920063],[-82.812414,39.91986],[-82.812478,39.919159],[-82.812815,39.911652],[-82.812364,39.911634],[-82.810596,39.911563],[-82.809857,39.911481],[-82.808996,39.911463],[-82.807896,39.911363],[-82.803351,39.911159],[-82.79924,39.910974],[-82.794395,39.910663],[-82.79523,39.904465],[-82.795501,39.902867],[-82.795895,39.896563],[-82.797461,39.884816],[-82.797495,39.884563],[-82.797695,39.880163],[-82.797995,39.877363],[-82.79845,39.867982],[-82.798488,39.867293],[-82.798495,39.867163],[-82.798695,39.864563],[-82.799195,39.859863],[-82.800343,39.849615],[-82.800395,39.848963],[-82.800395,39.848287],[-82.801195,39.841063],[-82.801295,39.839663],[-82.801517,39.839144],[-82.801527,39.838911],[-82.801736,39.837061],[-82.801795,39.836263],[-82.801825,39.836275],[-82.802487,39.822767],[-82.814422,39.823711],[-82.817362,39.823944],[-82.821704,39.824287],[-82.821973,39.820981],[-82.822392,39.815823],[-82.823608,39.804767],[-82.823687,39.803474],[-82.824088,39.796959],[-82.824232,39.794911],[-82.826824,39.766351],[-82.828104,39.751423],[-82.829784,39.736463],[-82.831974,39.712943],[-82.831976,39.712927],[-82.831912,39.709247],[-82.83292,39.703759],[-82.834184,39.684719],[-82.834828,39.676619],[-82.837256,39.654511],[-82.837224,39.649391],[-82.83444,39.649375],[-82.8362,39.631583],[-82.836539,39.625063],[-82.837652,39.613086],[-82.838855,39.599359],[-82.839632,39.590992],[-82.840633,39.582252],[-82.843066,39.561443],[-82.824101,39.560496],[-82.789812,39.558254],[-82.786971,39.558064],[-82.772313,39.55706],[-82.771634,39.557029],[-82.736159,39.554789],[-82.731755,39.554401],[-82.730298,39.568984],[-82.6758,39.566038],[-82.649323,39.565108],[-82.620078,39.564099],[-82.617514,39.608558],[-82.613827,39.608423],[-82.610958,39.608379],[-82.605941,39.608058],[-82.60284,39.60786],[-82.590246,39.607207],[-82.549031,39.605252],[-82.496066,39.602659],[-82.495161,39.612509],[-82.490226,39.661706],[-82.415261,39.657167],[-82.412361,39.656964],[-82.374522,39.65492],[-82.374497,39.655169],[-82.37195,39.683221],[-82.371729,39.684134],[-82.371603,39.685417],[-82.370141,39.700355],[-82.368098,39.721455],[-82.366051,39.74252],[-82.377949,39.743128],[-82.378779,39.743311],[-82.380229,39.74354],[-82.384588,39.743748],[-82.392207,39.743957],[-82.403947,39.744589],[-82.402002,39.76821],[-82.396035,39.827691],[-82.396152,39.832917],[-82.425089,39.834411],[-82.434617,39.834938],[-82.472519,39.837219],[-82.472461,39.838775],[-82.47196,39.845296],[-82.47168,39.848615],[-82.47119,39.849804],[-82.470127,39.85978],[-82.466784,39.89472],[-82.465334,39.910577],[-82.465068,39.912591],[-82.463854,39.923803],[-82.462813,39.930381],[-82.469829,39.927035],[-82.477387,39.925293],[-82.477615,39.925301],[-82.482143,39.925532],[-82.488436,39.925852],[-82.493326,39.926102],[-82.497612,39.926232],[-82.504907,39.926555],[-82.507105,39.926671],[-82.507115,39.926745],[-82.50853,39.926746],[-82.518575,39.927322],[-82.543717,39.928472],[-82.581805,39.930122],[-82.610456,39.931225],[-82.648931,39.933227],[-82.681147,39.934743],[-82.69718,39.935486],[-82.730744,39.937045],[-82.739164,39.937436],[-82.744367,39.937702],[-82.768494,39.938863],[-82.772995,39.939163],[-82.777968,39.939425],[-82.782495,39.939663]]]},"properties":{"name":"Fairfield=FAIR 1","type":"county"}},
{"type":"Feature","geometry":{"type":"Polygon","coordinates":[[[-83.65333,39.716876],[-83.653826,39.711708],[-83.654029,39.709901],[-83.658034,39.670348],[-83.65981,39.653756],[-83.660142,39.651005],[-83.66165,39.638492],[-83.663522,39.617725],[-83.665362,39.598669],[-83.670194,39.550253],[-83.624921,39.547625],[-83.610643,39.546801],[-83.603074,39.54629],[-83.576283,39.544548],[-83.58078,39.498902],[-83.583456,39.46663],[-83.584057,39.459398],[-83.584996,39.448089],[-83.585194,39.445705],[-83.586805,39.426303],[-83.587778,39.414585],[-83.590877,39.378736],[-83.544597,39.37826],[-83.516113,39.377967],[-83.512051,39.377926],[-83.493671,39.377898],[-83.476789,39.377839],[-83.472138,39.377823],[-83.381675,39.377539],[-83.372771,39.377351],[-83.353089,39.402732],[-83.333385,39.428885],[-83.323684,39.441903],[-83.301734,39.470735],[-83.276653,39.503164],[-83.275352,39.504788],[-83.266737,39.516249],[-83.264481,39.540672],[-83.264081,39.545005],[-83.263693,39.549213],[-83.263589,39.552502],[-83.26272,39.563326],[-83.262461,39.566582],[-83.261235,39.581874],[-83.260203,39.594745],[-83.259646,39.601698],[-83.258409,39.61715],[-83.258207,39.619598],[-83.25788,39.625498],[-83.252435,39.695438],[-83.271218,39.696295],[-83.286053,39.697103],[-83.303788,39.697909],[-83.336706,39.699568],[-83.365362,39.700648],[-83.366796,39.700703],[-83.387825,39.701724],[-83.51509,39.708881],[-83.530089,39.709737],[-83.542054,39.710419],[-83.624921,39.715165],[-83.65333,39.716876]]]},"properties":{"name":"Fayette=FAYE 1","type":"county"}},
{"type":"Feature","geometry":{"type":"Polygon","coordinates":[[[-82.762095,40.125863],[-82.781396,40.126663],[-82.790997,40.127063],[-82.810297,40.127963],[-82.821898,40.128463],[-82.843799,40.129363],[-82.851841,40.129741],[-82.858699,40.130063],[-82.882348,40.130639],[-82.883588,40.130845],[-82.884202,40.130947],[-82.885501,40.131163],[-82.894553,40.131643],[-82.902601,40.131863],[-82.909602,40.132163],[-82.920802,40.132663],[-82.925742,40.133183],[-82.925724,40.133264],[-82.926797,40.133297],[-82.931302,40.133563],[-82.932603,40.133563],[-82.935575,40.133638],[-82.937806,40.13374],[-82.947503,40.134163],[-82.947957,40.134193],[-82.951403,40.134363],[-82.952254,40.134384],[-82.952519,40.134391],[-82.958048,40.134527],[-82.97062,40.134861],[-82.970704,40.134863],[-82.970846,40.134916],[-82.970644,40.135106],[-82.971356,40.135108],[-82.971504,40.135163],[-82.973204,40.135263],[-82.977027,40.135384],[-82.991858,40.135858],[-82.994841,40.135973],[-82.997432,40.136073],[-83.001552,40.136231],[-83.004658,40.136351],[-83.005378,40.136335],[-83.005475,40.136341],[-83.011602,40.136607],[-83.011752,40.13661],[-83.013138,40.136634],[-83.015282,40.136671],[-83.01602,40.136712],[-83.016929,40.136763],[-83.01701,40.136767],[-83.031187,40.137214],[-83.037207,40.137662],[-83.041007,40.137662],[-83.060108,40.138362],[-83.064108,40.138462],[-83.072408,40.138562],[-83.076209,40.138762],[-83.089809,40.139162],[-83.11901,40.140162],[-83.12021,40.140162],[-83.127211,40.140362],[-83.129439,40.140565],[-83.129835,40.140601],[-83.142411,40.141562],[-83.152912,40.142062],[-83.170212,40.143161],[-83.170265,40.136241],[-83.170212,40.130862],[-83.169912,40.106766],[-83.180265,40.107038],[-83.190314,40.107393],[-83.191177,40.10747],[-83.206266,40.107837],[-83.209706,40.075342],[-83.210586,40.065278],[-83.211082,40.059582],[-83.212106,40.048126],[-83.254491,40.049293],[-83.255467,40.047741],[-83.255419,40.043517],[-83.252059,40.040973],[-83.255803,40.033517],[-83.256267,40.030717],[-83.255563,40.029021],[-83.253515,40.028958],[-83.252507,40.028446],[-83.251675,40.02371],[-83.251547,40.020126],[-83.252811,40.017358],[-83.253067,40.015454],[-83.252427,40.010206],[-83.251499,40.009806],[-83.251339,40.008926],[-83.252251,40.00707],[-83.254411,40.005054],[-83.259067,40.004702],[-83.260683,40.00291],[-83.260203,40.001886],[-83.246187,39.987438],[-83.246763,39.98555],[-83.250075,39.982542],[-83.249467,39.980878],[-83.249115,39.979678],[-83.250299,39.97667],[-83.250507,39.970622],[-83.249451,39.97011],[-83.248059,39.971454],[-83.247179,39.971262],[-83.245771,39.96835],[-83.245734,39.966936],[-83.245899,39.963662],[-83.241178,39.961006],[-83.240378,39.960126],[-83.240474,39.958878],[-83.241866,39.957086],[-83.242394,39.95507],[-83.241738,39.952478],[-83.240298,39.95123],[-83.237306,39.94995],[-83.235898,39.94739],[-83.23353,39.946174],[-83.231562,39.94435],[-83.225674,39.932686],[-83.225978,39.931678],[-83.230682,39.92819],[-83.252075,39.917309],[-83.250907,39.904221],[-83.247194,39.861565],[-83.243466,39.813309],[-83.194664,39.810301],[-83.186024,39.810029],[-83.185128,39.809341],[-83.172935,39.808973],[-83.168423,39.808797],[-83.153847,39.808496],[-83.151703,39.808526],[-83.147878,39.808414],[-83.120757,39.807838],[-83.101701,39.807134],[-83.075268,39.806158],[-83.061059,39.805806],[-83.047971,39.805598],[-83.044931,39.805534],[-83.030754,39.805231],[-83.013761,39.804415],[-83.013066,39.804392],[-83.012337,39.804367],[-82.975376,39.802735],[-82.960575,39.802047],[-82.957279,39.801919],[-82.952557,39.801701],[-82.937726,39.801007],[-82.925352,39.800376],[-82.921101,39.800159],[-82.902412,39.799167],[-82.852746,39.796383],[-82.825656,39.795071],[-82.824232,39.794911],[-82.824088,39.796959],[-82.823687,39.803474],[-82.823608,39.804767],[-82.822392,39.815823],[-82.821973,39.820981],[-82.821704,39.824287],[-82.817362,39.823944],[-82.814422,39.823711],[-82.802487,39.822767],[-82.801825,39.836275],[-82.801795,39.836263],[-82.801736,39.837061],[-82.801527,39.838911],[-82.801517,39.839144],[-82.801295,39.839663],[-82.801195,39.841063],[-82.800395,39.848287],[-82.800395,39.848963],[-82.800343,39.849615],[-82.799195,39.859863],[-82.798695,39.864563],[-82.798495,39.867163],[-82.798488,39.867293],[-82.79845,39.867982],[-82.797995,39.877363],[-82.797695,39.880163],[-82.797495,39.884563],[-82.797461,39.884816],[-82.795895,39.896563],[-82.795501,39.902867],[-82.79523,39.904465],[-82.794395,39.910663],[-82.79924,39.910974],[-82.803351,39.911159],[-82.807896,39.911363],[-82.808996,39.911463],[-82.809857,39.911481],[-82.810596,39.911563],[-82.812364,39.911634],[-82.812815,39.911652],[-82.812478,39.919159],[-82.812414,39.91986],[-82.812396,39.920063],[-82.812196,39.922963],[-82.812074,39.924854],[-82.811496,39.931863],[-82.811484,39.932024],[-82.811288,39.934751],[-82.810796,39.941163],[-82.798396,39.940563],[-82.791495,39.940163],[-82.782495,39.939663],[-82.782133,39.943329],[-82.781795,39.946763],[-82.781295,39.955563],[-82.780495,39.968263],[-82.779841,39.973124],[-82.779195,39.976163],[-82.773795,39.976163],[-82.772969,39.987104],[-82.772995,39.987263],[-82.771895,39.998363],[-82.771877,39.998632],[-82.771495,40.004363],[-82.771578,40.004793],[-82.77147,40.005604],[-82.771395,40.006163],[-82.770295,40.018463],[-82.769495,40.027663],[-82.767995,40.046263],[-82.767495,40.051063],[-82.765995,40.079263],[-82.76597,40.079558],[-82.765414,40.086232],[-82.765229,40.088434],[-82.764595,40.095763],[-82.762495,40.120663],[-82.762095,40.125863]]]},"properties":{"name":"Franklin=FRAN 1","type":"county"}},
{"type":"Feature","geometry":{"type":"Polygon","coordinates":[[[-83.880539,41.720081],[-83.899764,41.719961],[-83.998849,41.716822],[-84.019373,41.716668],[-84.03316677,41.71621993],[-84.037208,41.71608866],[-84.11504139,41.71356038],[-84.134417,41.712931],[-84.19933432,41.71111952],[-84.22153379,41.71050006],[-84.360546,41.706621],[-84.396547,41.705935],[-84.39943096,41.70586332],[-84.399059,41.666066],[-84.39862,41.636913],[-84.398288,41.622422],[-84.398409,41.616832],[-84.394879,41.616818],[-84.393538,41.616864],[-84.381313,41.616731],[-84.381192,41.601657],[-84.381132,41.60102],[-84.380987,41.586348],[-84.380846,41.571812],[-84.380859,41.557865],[-84.380981,41.557545],[-84.380771,41.521164],[-84.380726,41.514039],[-84.341959,41.514115],[-84.342278,41.485497],[-84.339417,41.485538],[-84.338991,41.485606],[-84.33281,41.485701],[-84.325764,41.485745],[-84.321842,41.485745],[-84.31118,41.485745],[-84.306335,41.485745],[-84.303235,41.485744],[-84.296696,41.485743],[-84.287027,41.485764],[-84.282314,41.485786],[-84.267567,41.485874],[-84.228827,41.485989],[-84.228736,41.4856],[-84.188114,41.485742],[-84.173003,41.486084],[-84.114951,41.486233],[-84.114859,41.485913],[-84.076581,41.486082],[-84.037816,41.486787],[-83.998679,41.486704],[-83.941035,41.487089],[-83.93361,41.487133],[-83.895579,41.487345],[-83.888484,41.487401],[-83.887509,41.487408],[-83.88669,41.487414],[-83.882809,41.487445],[-83.882825,41.489201],[-83.882827,41.48947],[-83.882832,41.490037],[-83.882845,41.491498],[-83.882899,41.497528],[-83.882932,41.515803],[-83.88292,41.53055],[-83.88269,41.545292],[-83.882601,41.548909],[-83.882546,41.55611],[-83.882503,41.559556],[-83.88247,41.5597],[-83.882457,41.575939],[-83.882456,41.576989],[-83.882454,41.580938],[-83.882506,41.582479],[-83.882498,41.583975],[-83.882483,41.585949],[-83.882499,41.58762],[-83.882509,41.588597],[-83.882477,41.590061],[-83.882415,41.592118],[-83.88221,41.599488],[-83.882254,41.603229],[-83.882223,41.614186],[-83.882213,41.617473],[-83.877489,41.617516],[-83.878075,41.636459],[-83.87816,41.639395],[-83.878171,41.639786],[-83.878282,41.643613],[-83.878635,41.657651],[-83.878726,41.660554],[-83.87908,41.671849],[-83.879525,41.686275],[-83.880539,41.720081]]]},"properties":{"name":"Fulton=FULT 1","type":"county"}},
{"type":"Feature","geometry":{"type":"Polygon","coordinates":[[[-82.435278,39.035174],[-82.435552,39.031798],[-82.435675,39.030288],[-82.437524,39.009796],[-82.438082,39.005859],[-82.439379,38.984775],[-82.44365,38.947478],[-82.44365,38.947406],[-82.44365,38.947226],[-82.448584,38.902437],[-82.448811,38.900324],[-82.448887,38.899618],[-82.449017,38.898411],[-82.449064,38.89797],[-82.449275,38.896011],[-82.453553,38.859475],[-82.454346,38.852214],[-82.455179,38.844577],[-82.473879,38.846577],[-82.49988,38.848576],[-82.574383,38.853476],[-82.575582,38.844475],[-82.582033,38.785123],[-82.582299,38.782685],[-82.582683,38.779077],[-82.563058,38.777749],[-82.554835,38.777193],[-82.483579,38.772278],[-82.485,38.758684],[-82.485847,38.750833],[-82.485934,38.750556],[-82.486579,38.742978],[-82.466878,38.741478],[-82.470109,38.706926],[-82.470568,38.703176],[-82.472478,38.682279],[-82.425143,38.67972],[-82.422553,38.679564],[-82.368988,38.676861],[-82.354468,38.67607],[-82.358627,38.624396],[-82.359004,38.619541],[-82.359267,38.616156],[-82.359421,38.614175],[-82.361537,38.586941],[-82.361674,38.585182],[-82.336477,38.584369],[-82.28689034,38.58277076],[-82.28586795,38.58365478],[-82.285843,38.58367635],[-82.27549907,38.59262028],[-82.27464847,38.59335576],[-82.27427,38.593683],[-82.27340153,38.59421029],[-82.27147,38.595383],[-82.26587386,38.59704994],[-82.26500963,38.59730737],[-82.26207,38.598183],[-82.25406917,38.598683],[-82.252469,38.598783],[-82.25030233,38.598683],[-82.2468822,38.59852515],[-82.245969,38.598483],[-82.23901356,38.59640844],[-82.222168,38.591384],[-82.218967,38.591683],[-82.205171,38.591719],[-82.20375621,38.59189069],[-82.20358689,38.59191124],[-82.193824,38.593096],[-82.19010812,38.5944833],[-82.188767,38.594984],[-82.181967,38.599384],[-82.18136444,38.5999481],[-82.17884918,38.60230281],[-82.177267,38.603784],[-82.17710727,38.60414149],[-82.17681586,38.6047937],[-82.175167,38.608484],[-82.17487067,38.60951603],[-82.172066,38.619284],[-82.172066,38.625984],[-82.172667,38.629684],[-82.174267,38.633183],[-82.176767,38.642783],[-82.179067,38.648883],[-82.185567,38.659583],[-82.18603626,38.66634038],[-82.186067,38.666783],[-82.18655382,38.66857815],[-82.187667,38.672683],[-82.190867,38.680383],[-82.19047464,38.68430603],[-82.190167,38.687382],[-82.18963349,38.68861639],[-82.185067,38.699182],[-82.182867,38.705482],[-82.18274584,38.70648159],[-82.18267779,38.707043],[-82.18261108,38.7075933],[-82.182467,38.708782],[-82.18279567,38.70989321],[-82.184567,38.715882],[-82.186568,38.722482],[-82.18714351,38.72640901],[-82.18821184,38.73369876],[-82.188268,38.734082],[-82.189668,38.737382],[-82.193268,38.741182],[-82.195606,38.752441],[-82.19840949,38.75696286],[-82.198882,38.757725],[-82.201537,38.760372],[-82.207141,38.763943],[-82.21221178,38.76630201],[-82.216614,38.76835],[-82.22006806,38.7732037],[-82.220449,38.773739],[-82.22053217,38.77421136],[-82.22104575,38.777128],[-82.221518,38.77981],[-82.22154075,38.78330613],[-82.221566,38.787187],[-82.217269,38.79568],[-82.21701826,38.79595207],[-82.214494,38.798691],[-82.21251599,38.80020415],[-82.21017016,38.80199869],[-82.20929,38.802672],[-82.19928,38.808688],[-82.19160077,38.81479596],[-82.191172,38.815137],[-82.19077963,38.81521213],[-82.18719069,38.81589928],[-82.18381678,38.81654527],[-82.17987821,38.81729937],[-82.179478,38.817376],[-82.165898,38.822437],[-82.16496843,38.82290844],[-82.16255604,38.82413192],[-82.16157,38.824632],[-82.16075636,38.82535464],[-82.15132318,38.83373275],[-82.14931726,38.83551432],[-82.14907621,38.83572841],[-82.1489095,38.83587647],[-82.147667,38.83698],[-82.144867,38.84048],[-82.14376272,38.8441872],[-82.141616,38.851394],[-82.1402409,38.85922723],[-82.14021176,38.85939326],[-82.139224,38.86502],[-82.13934827,38.86588614],[-82.139988,38.870345],[-82.142167,38.87708],[-82.145267,38.883479],[-82.144567,38.891679],[-82.14318129,38.89801369],[-82.143167,38.898079],[-82.14310385,38.89813538],[-82.13496752,38.90539909],[-82.13480359,38.90554544],[-82.134766,38.905579],[-82.128866,38.909979],[-82.12882746,38.91003315],[-82.12486402,38.91560203],[-82.120966,38.921079],[-82.1135979,38.93019009],[-82.11354467,38.93025591],[-82.111666,38.932579],[-82.11123186,38.93364366],[-82.110565,38.935279],[-82.110866,38.940379],[-82.109065,38.945579],[-82.10815679,38.94665806],[-82.10421521,38.95134112],[-82.100565,38.955678],[-82.09897842,38.95815529],[-82.098647,38.963655],[-82.096676,38.989703],[-82.096589,38.991214],[-82.095465,39.002778],[-82.120308,39.003876],[-82.127795,39.004209],[-82.209427,39.008066],[-82.211046,39.008119],[-82.238252,39.009381],[-82.274072,39.010576],[-82.310584,39.01268],[-82.311581,39.012748],[-82.313165,39.012748],[-82.313433,39.012763],[-82.316943,39.012955],[-82.320909,39.013183],[-82.323894,39.013154],[-82.322874,39.027674],[-82.344723,39.029187],[-82.435278,39.035174]]]},"properties":{"name":"Gallia=GALL 1","type":"county"}},
{"type":"Feature","geometry":{"type":"Polygon","coordinates":[[[-81.003631,41.715137],[-81.042501,41.714652],[-81.053996,41.714554],[-81.102231,41.71416],[-81.101507,41.641136],[-81.112805,41.641125],[-81.174903,41.641166],[-81.178923,41.641158],[-81.19123,41.641132],[-81.217415,41.641131],[-81.241825,41.641148],[-81.257926,41.640947],[-81.262525,41.641046],[-81.279426,41.641046],[-81.294927,41.640846],[-81.295228,41.615548],[-81.295528,41.596649],[-81.295829,41.56995],[-81.305628,41.569949],[-81.31093,41.57005],[-81.328031,41.57005],[-81.328757,41.570143],[-81.349031,41.569949],[-81.390835,41.56975],[-81.390555,41.534683],[-81.391035,41.506152],[-81.390736,41.500753],[-81.390935,41.499252],[-81.390807,41.471525],[-81.390736,41.467353],[-81.391035,41.459453],[-81.391135,41.455153],[-81.391178,41.450333],[-81.391335,41.445153],[-81.375533,41.445253],[-81.375212,41.440602],[-81.3752,41.440429],[-81.374633,41.432753],[-81.374733,41.431953],[-81.374333,41.424753],[-81.386945,41.424442],[-81.391534,41.424753],[-81.391734,41.415853],[-81.391635,41.407654],[-81.391934,41.401853],[-81.391934,41.397853],[-81.391933,41.388194],[-81.391534,41.357655],[-81.391507,41.356394],[-81.391334,41.348473],[-81.387132,41.348554],[-81.386831,41.348541],[-81.378632,41.348454],[-81.376432,41.348354],[-81.373432,41.348254],[-81.368231,41.348254],[-81.34023,41.347754],[-81.298528,41.347154],[-81.245725,41.346954],[-81.223624,41.347654],[-81.191422,41.347554],[-81.143221,41.347454],[-81.098507,41.347287],[-81.053317,41.347655],[-81.030016,41.347855],[-81.001437,41.347855],[-81.002414,41.366933],[-81.0025,41.366931],[-81.003224,41.384318],[-81.003845,41.395609],[-81.003483,41.407094],[-81.003384,41.424958],[-81.003387,41.425989],[-81.003407,41.458816],[-81.003255,41.500054],[-81.003289,41.501685],[-81.003156,41.535195],[-81.003086,41.542295],[-81.003067,41.548863],[-81.002836,41.571342],[-81.002926,41.607045],[-81.002943,41.631395],[-81.002937,41.641951],[-81.003189,41.690341],[-81.003172,41.692036],[-81.003001,41.698847],[-81.003012,41.711244],[-81.003631,41.715137]]]},"properties":{"name":"Geauga=GEAU 1","type":"county"}},
{"type":"Feature","geometry":{"type":"Polygon","coordinates":[[[-83.647169,39.773029],[-83.64661,39.775996],[-83.668418,39.776828],[-83.715411,39.779628],[-83.72007,39.779902],[-83.725043,39.78022],[-83.7389,39.781292],[-83.740868,39.789052],[-83.766656,39.791141],[-83.821943,39.797051],[-83.824567,39.797339],[-83.826853,39.797699],[-83.827211,39.797706],[-83.827676,39.797715],[-83.828071,39.797723],[-83.829495,39.797851],[-83.829298,39.800556],[-83.828247,39.813931],[-83.827431,39.822651],[-83.839328,39.823359],[-83.843903,39.82371],[-83.845503,39.823792],[-83.855752,39.824315],[-83.864873,39.824731],[-83.888521,39.826075],[-83.91801,39.827659],[-83.923471,39.827891],[-83.941403,39.828875],[-83.940059,39.843819],[-83.953632,39.844459],[-83.986833,39.846359],[-83.994033,39.846759],[-84.015434,39.848159],[-84.018257,39.848329],[-84.01927,39.84839],[-84.023734,39.848659],[-84.026743,39.848829],[-84.029035,39.848959],[-84.037252,39.849511],[-84.037455,39.849524],[-84.053736,39.850458],[-84.05475,39.840743],[-84.054758,39.84068],[-84.054936,39.839658],[-84.055235,39.835958],[-84.057536,39.836058],[-84.060236,39.836258],[-84.083537,39.837758],[-84.090637,39.838258],[-84.092937,39.838358],[-84.094931,39.817944],[-84.095137,39.814358],[-84.095737,39.809258],[-84.096937,39.794258],[-84.096937,39.793628],[-84.096937,39.793558],[-84.096937,39.793498],[-84.096937,39.792998],[-84.096937,39.792858],[-84.096937,39.792738],[-84.097237,39.787158],[-84.097468,39.784463],[-84.097837,39.780158],[-84.09892,39.770999],[-84.098936,39.770859],[-84.098936,39.770059],[-84.098993,39.769599],[-84.099536,39.765259],[-84.100236,39.757959],[-84.100236,39.756459],[-84.100353,39.755523],[-84.100843,39.751277],[-84.10086,39.751095],[-84.101836,39.741659],[-84.101936,39.740359],[-84.102136,39.739159],[-84.102436,39.736159],[-84.103336,39.727959],[-84.103536,39.723759],[-84.103615,39.72312],[-84.103836,39.721359],[-84.104436,39.716959],[-84.105236,39.708359],[-84.105336,39.706759],[-84.105836,39.696959],[-84.106336,39.692159],[-84.106592,39.690219],[-84.107136,39.682359],[-84.108236,39.668498],[-84.108236,39.667759],[-84.108407,39.667159],[-84.108436,39.667059],[-84.109036,39.660259],[-84.111036,39.637959],[-84.111735,39.628059],[-84.111935,39.626359],[-84.109635,39.625959],[-84.110435,39.620159],[-84.111135,39.611259],[-84.113743,39.584539],[-84.113935,39.577959],[-84.056893,39.574412],[-84.032477,39.572924],[-83.999932,39.570842],[-83.997596,39.570748],[-83.986923,39.56998],[-83.977003,39.569164],[-83.976888,39.569156],[-83.966779,39.568476],[-83.95145,39.567676],[-83.95101,39.567654],[-83.943676,39.567277],[-83.942122,39.567196],[-83.938945,39.567022],[-83.932729,39.566684],[-83.922489,39.566188],[-83.8834,39.5635],[-83.868023,39.562402],[-83.858695,39.561692],[-83.843333,39.561065],[-83.842262,39.561004],[-83.832137,39.560432],[-83.828998,39.560237],[-83.803125,39.558589],[-83.788085,39.557533],[-83.781059,39.557171],[-83.77818,39.557021],[-83.765833,39.555924],[-83.746323,39.554957],[-83.741075,39.554685],[-83.735518,39.554335],[-83.723987,39.553645],[-83.716723,39.553133],[-83.689042,39.551453],[-83.678626,39.55079],[-83.670194,39.550253],[-83.665362,39.598669],[-83.663522,39.617725],[-83.66165,39.638492],[-83.660142,39.651005],[-83.65981,39.653756],[-83.658034,39.670348],[-83.654029,39.709901],[-83.653826,39.711708],[-83.65333,39.716876],[-83.651954,39.728684],[-83.650019,39.750059],[-83.647169,39.773029]]]},"properties":{"name":"Greene=GREE 1","type":"county"}},
{"type":"Feature","geometry":{"type":"Polygon","coordinates":[[[-81.622684,40.221309],[-81.63631,40.221615],[-81.652279,40.222068],[-81.667591,40.222468],[-81.667645,40.214978],[-81.667616,40.213739],[-81.667605,40.213263],[-81.667557,40.211202],[-81.669185,40.183892],[-81.670899,40.150977],[-81.71628,40.15217],[-81.719616,40.093455],[-81.719705,40.092494],[-81.720279,40.078855],[-81.720284,40.078739],[-81.721101,40.062597],[-81.724229,40.005506],[-81.724972,39.994904],[-81.725703,39.982085],[-81.728611,39.931728],[-81.724609,39.931549],[-81.719211,39.931537],[-81.719126,39.931657],[-81.716658,39.931475],[-81.691106,39.930673],[-81.691894,39.903657],[-81.692281,39.901729],[-81.69232,39.895578],[-81.693764,39.855727],[-81.69412,39.85369],[-81.694146,39.842636],[-81.680813,39.841925],[-81.599162,39.839738],[-81.591973,39.839704],[-81.587995,39.839362],[-81.580407,39.839106],[-81.580339,39.841355],[-81.579449,39.868684],[-81.57862,39.896673],[-81.578587,39.897716],[-81.53022,39.896307],[-81.492462,39.895261],[-81.474017,39.894798],[-81.470584,39.894712],[-81.464108,39.89455],[-81.462741,39.923667],[-81.461564,39.92374],[-81.397572,39.921859],[-81.396739,39.921882],[-81.386753,39.921603],[-81.386434,39.926773],[-81.386385,39.932803],[-81.386441,39.933464],[-81.386007,39.950693],[-81.375999,39.950548],[-81.367125,39.950324],[-81.347838,39.949962],[-81.347761,39.953633],[-81.32025,39.953153],[-81.303771,39.953011],[-81.302909,39.95292],[-81.24013,39.951478],[-81.236927,39.951296],[-81.234053,39.95127],[-81.234026,39.953498],[-81.233039,39.978533],[-81.233148,39.979227],[-81.232392,39.9941],[-81.232433,39.99986],[-81.232434,40.00007],[-81.232178,40.003778],[-81.23191,40.010453],[-81.230659,40.039474],[-81.230263,40.051979],[-81.230129,40.055324],[-81.230083,40.056445],[-81.229924,40.061013],[-81.229919,40.061194],[-81.229866,40.063079],[-81.229864,40.063153],[-81.229862,40.063215],[-81.229197,40.082377],[-81.227775,40.121515],[-81.227535,40.128409],[-81.227107,40.138803],[-81.227092,40.140409],[-81.227071,40.142651],[-81.226738,40.14795],[-81.225924,40.170075],[-81.242488,40.17034],[-81.243768,40.170385],[-81.339565,40.171999],[-81.338057,40.214253],[-81.368092,40.21501],[-81.368689,40.215009],[-81.399054,40.21576],[-81.399277,40.215819],[-81.40344,40.215796],[-81.412291,40.216029],[-81.429948,40.216453],[-81.43325,40.21654],[-81.437377,40.216645],[-81.505007,40.218545],[-81.511385,40.218676],[-81.524608,40.218951],[-81.528028,40.219027],[-81.544967,40.219486],[-81.549423,40.219632],[-81.552987,40.219645],[-81.622684,40.221309]]]},"properties":{"name":"Guernsey=GUER 1","type":"county"}},
{"type":"Feature","geometry":{"type":"Polygon","coordinates":[[[-84.353139,39.291758],[-84.370531,39.294377],[-84.37844,39.295558],[-84.37864,39.295558],[-84.380644,39.295819],[-84.38094,39.295858],[-84.39114,39.297358],[-84.410041,39.297857],[-84.427441,39.298557],[-84.439242,39.299757],[-84.446337,39.300578],[-84.446507,39.300596],[-84.450782,39.301097],[-84.451687,39.301205],[-84.455458,39.301666],[-84.465343,39.302857],[-84.483243,39.301157],[-84.485343,39.301257],[-84.502544,39.305457],[-84.512774,39.304835],[-84.523035,39.303332],[-84.523544,39.303257],[-84.524026,39.30333],[-84.524435,39.303392],[-84.527007,39.303784],[-84.528929,39.30409],[-84.531479,39.304522],[-84.534044,39.304957],[-84.542445,39.306157],[-84.551245,39.307156],[-84.553659,39.307369],[-84.559745,39.307858],[-84.560769,39.307939],[-84.562245,39.308056],[-84.56346,39.308034],[-84.565001,39.308006],[-84.571041,39.307956],[-84.579846,39.308056],[-84.598746,39.308556],[-84.608746,39.310156],[-84.609146,39.310256],[-84.61634,39.311228],[-84.630347,39.312056],[-84.630974,39.311946],[-84.63858,39.30959],[-84.641718,39.30505],[-84.643847,39.305056],[-84.658847,39.304856],[-84.687448,39.304755],[-84.702248,39.304655],[-84.727146,39.304746],[-84.74825,39.304755],[-84.76335,39.304955],[-84.787907,39.305481],[-84.795951,39.305654],[-84.819451,39.305152],[-84.81959585,39.27672302],[-84.819622,39.27159],[-84.81962385,39.26995633],[-84.81962524,39.26871948],[-84.81962693,39.26722861],[-84.81963176,39.26295528],[-84.819633,39.261855],[-84.81976723,39.25541855],[-84.81977671,39.25496412],[-84.81984872,39.25151106],[-84.819859,39.251018],[-84.81981368,39.24850826],[-84.819801,39.247806],[-84.819813,39.244334],[-84.820159,39.227225],[-84.82012322,39.2202476],[-84.82011375,39.21840117],[-84.819802,39.157613],[-84.819985,39.149081],[-84.81999831,39.14570769],[-84.82006779,39.12809531],[-84.82009987,39.11996136],[-84.820157,39.10548],[-84.813767,39.106492],[-84.812241,39.107102],[-84.810753,39.109142],[-84.79382,39.112939],[-84.78768,39.115297],[-84.783991,39.11806],[-84.766749,39.138558],[-84.75896419,39.14368458],[-84.754449,39.146658],[-84.750749,39.147358],[-84.744149,39.147458],[-84.732048,39.144458],[-84.726148,39.141958],[-84.718548,39.137059],[-84.714048,39.132659],[-84.71202362,39.13036713],[-84.70245439,39.11953344],[-84.701947,39.118959],[-84.69681016,39.11272742],[-84.689747,39.104159],[-84.684847,39.100459],[-84.677247,39.09826],[-84.666147,39.09796],[-84.657246,39.09546],[-84.650346,39.09166],[-84.632446,39.07676],[-84.6237283,39.07442543],[-84.62237128,39.07406203],[-84.620112,39.073457],[-84.61897947,39.07343664],[-84.61086071,39.07329071],[-84.607928,39.073238],[-84.60698078,39.073371],[-84.60524225,39.07361511],[-84.6035357,39.07385472],[-84.601682,39.074115],[-84.6003169,39.07469981],[-84.59778763,39.07578335],[-84.592408,39.078088],[-84.572144,39.08206],[-84.563944,39.08736],[-84.557544,39.09486],[-84.554444,39.09766],[-84.550844,39.09936],[-84.543544,39.09966],[-84.541344,39.09916],[-84.53958611,39.09842316],[-84.524644,39.09216],[-84.52213761,39.09211086],[-84.519543,39.09206],[-84.51694888,39.09248353],[-84.509743,39.09366],[-84.502062,39.096641],[-84.496543,39.10026],[-84.4956138,39.10099009],[-84.493743,39.10246],[-84.487743,39.11076],[-84.480943,39.11676],[-84.47633832,39.11911133],[-84.476243,39.11916],[-84.47103008,39.12126309],[-84.470542,39.12146],[-84.462042,39.12176],[-84.455342,39.12036],[-84.449793,39.117754],[-84.445242,39.114461],[-84.440642,39.109661],[-84.435541,39.102261],[-84.432841,39.094261],[-84.433941,39.092461],[-84.434641,39.086861],[-84.432941,39.083961],[-84.432641,39.078261],[-84.433141,39.072961],[-84.432341,39.067561],[-84.429841,39.058262],[-84.427913,39.054962],[-84.42573,39.053059],[-84.42347719,39.05193815],[-84.421467,39.050938],[-84.41874365,39.04994885],[-84.406941,39.045662],[-84.40254,39.045662],[-84.40094,39.046362],[-84.39673371,39.04568157],[-84.39414,39.045262],[-84.38684,39.045162],[-84.360439,39.041362],[-84.346039,39.036963],[-84.336339,39.032863],[-84.326539,39.027463],[-84.319538,39.02175614],[-84.319538,39.022763],[-84.318838,39.026763],[-84.314839,39.057467],[-84.314338,39.061062],[-84.313033,39.071759],[-84.313009,39.07191],[-84.311838,39.078162],[-84.31059,39.08642],[-84.3091,39.096563],[-84.308838,39.098462],[-84.30883,39.098524],[-84.308032,39.104509],[-84.307326,39.109222],[-84.307109,39.1111],[-84.306838,39.112762],[-84.306708,39.114458],[-84.301871,39.151966],[-84.301766,39.152947],[-84.301561,39.154867],[-84.30134,39.159676],[-84.300488,39.162898],[-84.298818,39.165186],[-84.297498,39.165702],[-84.295769,39.166363],[-84.295223,39.167419],[-84.295622,39.168353],[-84.29754,39.170046],[-84.298876,39.173132],[-84.29894,39.174717],[-84.298287,39.175688],[-84.294111,39.178528],[-84.292008,39.180226],[-84.288942,39.181308],[-84.287839,39.182475],[-84.288384,39.185627],[-84.287942,39.186765],[-84.286728,39.188592],[-84.281617,39.193763],[-84.277495,39.196755],[-84.276045,39.20064],[-84.276051,39.203754],[-84.276833,39.205257],[-84.283349,39.212786],[-84.285954,39.213274],[-84.288703,39.212869],[-84.292385,39.210852],[-84.295591,39.209634],[-84.307039,39.20836],[-84.309554,39.208704],[-84.311721,39.210652],[-84.316239,39.220559],[-84.319539,39.222159],[-84.319264,39.223884],[-84.3183,39.224801],[-84.312317,39.229255],[-84.309539,39.230659],[-84.306787,39.234046],[-84.302152,39.233802],[-84.299927,39.234248],[-84.295993,39.238354],[-84.295638,39.245059],[-84.293767,39.246954],[-84.290968,39.249561],[-84.281538,39.252359],[-84.275803,39.255889],[-84.270093,39.258703],[-84.267565,39.261663],[-84.266405,39.262927],[-84.264042,39.264213],[-84.261138,39.264759],[-84.260684,39.266332],[-84.260338,39.268359],[-84.259289,39.270556],[-84.258318,39.273692],[-84.258305,39.273735],[-84.256542,39.274869],[-84.256237,39.276559],[-84.257137,39.277559],[-84.264438,39.280259],[-84.265,39.28217],[-84.264238,39.284959],[-84.261948,39.288119],[-84.262255,39.288146],[-84.262568,39.288165],[-84.262771,39.288178],[-84.264885,39.288307],[-84.265187,39.28833],[-84.265901,39.288402],[-84.267641,39.288572],[-84.281838,39.289759],[-84.297159,39.291698],[-84.316628,39.292473],[-84.316992,39.2925],[-84.324859,39.292787],[-84.325684,39.292842],[-84.32594,39.292859],[-84.33374,39.293059],[-84.34674,39.292259],[-84.353139,39.291758]]]},"properties":{"name":"Hamilton=HAMI 1","type":"county"}},
{"type":"Feature","geometry":{"type":"Polygon","coordinates":[[[-83.421022,41.166644],[-83.425653,41.166599],[-83.430573,41.166669],[-83.436961,41.166656],[-83.438501,41.166639],[-83.439727,41.166626],[-83.440278,41.16662],[-83.442811,41.166593],[-83.460938,41.166414],[-83.464391,41.166434],[-83.464812,41.166436],[-83.473839,41.166153],[-83.474344,41.166021],[-83.499927,41.165751],[-83.535084,41.166196],[-83.544668,41.166318],[-83.554257,41.166439],[-83.563668,41.166599],[-83.581008,41.167192],[-83.583157,41.167146],[-83.592615,41.167193],[-83.602179,41.16729],[-83.611721,41.167389],[-83.626457,41.167508],[-83.630906,41.167527],[-83.648788,41.167652],[-83.649469,41.167662],[-83.663774,41.167834],[-83.674548,41.16796],[-83.688759,41.168128],[-83.707282,41.168248],[-83.727005,41.168392],[-83.727102,41.168377],[-83.749935,41.168265],[-83.764991,41.168194],[-83.78841,41.168177],[-83.881102,41.16771],[-83.880703,41.106688],[-83.880786,41.080368],[-83.880707,41.028146],[-83.880411,40.99321],[-83.880399,40.970231],[-83.880323,40.951276],[-83.880354,40.949584],[-83.880286,40.921826],[-83.880348,40.920522],[-83.880249,40.907509],[-83.880237,40.905898],[-83.880182,40.902093],[-83.880172,40.901303],[-83.880171,40.901211],[-83.880154,40.899715],[-83.880172,40.898704],[-83.880217,40.896308],[-83.88022,40.895997],[-83.880251,40.892421],[-83.880181,40.881518],[-83.880082,40.878016],[-83.880312,40.875371],[-83.88034,40.875052],[-83.88034,40.874894],[-83.880323,40.863444],[-83.880387,40.862388],[-83.880195,40.832404],[-83.880195,40.832372],[-83.880115,40.819796],[-83.766323,40.819238],[-83.708893,40.819496],[-83.699111,40.819496],[-83.689575,40.819496],[-83.670515,40.819498],[-83.651311,40.81954],[-83.614413,40.819166],[-83.576515,40.81879],[-83.556678,40.818426],[-83.520404,40.818168],[-83.515883,40.818134],[-83.515214,40.876228],[-83.514893,40.905111],[-83.476673,40.904975],[-83.47666,40.919473],[-83.476649,40.932707],[-83.476643,40.933818],[-83.476792,40.948379],[-83.457681,40.948517],[-83.457847,40.991027],[-83.45785,40.991671],[-83.456231,40.991678],[-83.420314,40.992023],[-83.420776,41.064606],[-83.420867,41.079283],[-83.420984,41.093778],[-83.42124,41.122849],[-83.421132,41.128108],[-83.421218,41.137337],[-83.42122,41.137568],[-83.421299,41.143844],[-83.421087,41.14485],[-83.421087,41.146016],[-83.421116,41.151391],[-83.421116,41.152534],[-83.421115,41.153174],[-83.421115,41.154379],[-83.421115,41.155576],[-83.421084,41.157405],[-83.421054,41.159303],[-83.421022,41.163145],[-83.421022,41.166644]]]},"properties":{"name":"Hancock=HANC 1","type":"county"}},
{"type":"Feature","geometry":{"type":"Polygon","coordinates":[[[-83.515883,40.818134],[-83.520404,40.818168],[-83.556678,40.818426],[-83.576515,40.81879],[-83.614413,40.819166],[-83.651311,40.81954],[-83.670515,40.819498],[-83.689575,40.819496],[-83.699111,40.819496],[-83.708893,40.819496],[-83.766323,40.819238],[-83.880115,40.819796],[-83.880099,40.7909],[-83.880086,40.78368],[-83.880003,40.776148],[-83.879907,40.761652],[-83.879859,40.747428],[-83.879795,40.747188],[-83.879683,40.7325],[-83.879916,40.710942],[-83.879971,40.706835],[-83.879955,40.674531],[-83.880099,40.652179],[-83.880211,40.649827],[-83.880195,40.644691],[-83.880277,40.623082],[-83.880074,40.579379],[-83.87996,40.566899],[-83.879933,40.538709],[-83.879839,40.531861],[-83.858931,40.530638],[-83.855915,40.530435],[-83.830205,40.528928],[-83.819605,40.528292],[-83.768532,40.525218],[-83.722415,40.522413],[-83.715331,40.522008],[-83.686079,40.520325],[-83.636169,40.517382],[-83.60155,40.515018],[-83.599618,40.514888],[-83.581686,40.513658],[-83.578478,40.513439],[-83.576121,40.513267],[-83.572808,40.513162],[-83.561843,40.512292],[-83.539346,40.51066],[-83.520036,40.509287],[-83.520807,40.504019],[-83.520095,40.504023],[-83.515876,40.50405],[-83.497205,40.504239],[-83.49715,40.504171],[-83.497087,40.50424],[-83.418372,40.505223],[-83.415303,40.515495],[-83.417275,40.544732],[-83.417842,40.556171],[-83.418469,40.566643],[-83.418814,40.573236],[-83.420112,40.600081],[-83.420381,40.607446],[-83.420358,40.613988],[-83.420318,40.621877],[-83.419827,40.643751],[-83.419827,40.645355],[-83.419826,40.647237],[-83.419869,40.664721],[-83.419846,40.670775],[-83.419848,40.682745],[-83.419831,40.686823],[-83.421049,40.686817],[-83.440278,40.687572],[-83.440204,40.702304],[-83.460167,40.702249],[-83.477962,40.701441],[-83.495901,40.701529],[-83.495802,40.723416],[-83.49674,40.730481],[-83.496712,40.80176],[-83.496275,40.817792],[-83.50135,40.818068],[-83.515883,40.818134]]]},"properties":{"name":"Hardin=HARD 1","type":"county"}},
{"type":"Feature","geometry":{"type":"Polygon","coordinates":[[[-80.941501,40.424693],[-80.949581,40.424737],[-80.951838,40.4248],[-80.960734,40.425024],[-80.962051,40.425058],[-81.038364,40.427186],[-81.041029,40.427269],[-81.0572,40.427645],[-81.060369,40.427741],[-81.08126,40.428351],[-81.084928,40.428512],[-81.086122,40.428559],[-81.088042,40.428609],[-81.090468,40.428723],[-81.091253,40.428703],[-81.100097,40.428928],[-81.100076,40.430596],[-81.103023,40.430721],[-81.138997,40.431723],[-81.139841,40.431753],[-81.157882,40.432238],[-81.18031,40.432787],[-81.183502,40.432876],[-81.187073,40.432971],[-81.191035,40.433098],[-81.207774,40.433342],[-81.21231,40.433457],[-81.212348,40.431577],[-81.226722,40.432061],[-81.269951,40.433486],[-81.271235,40.398697],[-81.271794,40.38912],[-81.271901,40.38611],[-81.272652,40.369065],[-81.273142,40.357652],[-81.274142,40.332632],[-81.275319,40.303434],[-81.285013,40.303441],[-81.290961,40.303634],[-81.291409,40.303656],[-81.334601,40.304316],[-81.335239,40.291516],[-81.335389,40.288189],[-81.337471,40.233011],[-81.337507,40.2304],[-81.337524,40.229877],[-81.338057,40.214253],[-81.339565,40.171999],[-81.243768,40.170385],[-81.242488,40.17034],[-81.225924,40.170075],[-81.225811,40.172694],[-81.219956,40.172584],[-81.215416,40.172476],[-81.189373,40.171968],[-81.187434,40.17193],[-81.154094,40.171328],[-81.153959,40.171326],[-81.153886,40.171325],[-81.153813,40.171324],[-81.152744,40.171306],[-81.145292,40.171181],[-81.14069,40.171046],[-81.14012,40.171027],[-81.131455,40.171062],[-81.129496,40.171056],[-81.111949,40.1711],[-81.112072,40.167917],[-81.093892,40.167161],[-81.091059,40.167029],[-81.079394,40.16663],[-81.051515,40.165477],[-81.036305,40.164906],[-81.035504,40.164874],[-81.018533,40.164189],[-81.016325,40.164119],[-80.996793,40.163518],[-80.990947,40.163316],[-80.980268,40.162898],[-80.977791,40.162801],[-80.970154,40.162566],[-80.968724,40.162523],[-80.941985,40.161698],[-80.919242,40.160751],[-80.91712,40.160681],[-80.882892,40.159495],[-80.881881,40.178505],[-80.881855,40.179024],[-80.881595,40.183308],[-80.881497,40.185087],[-80.880461,40.203999],[-80.880356,40.205963],[-80.880079,40.211002],[-80.879975,40.213001],[-80.879968,40.213139],[-80.879808,40.216926],[-80.878245,40.247677],[-80.876633,40.275428],[-80.875632,40.291779],[-80.875216,40.300576],[-80.875272,40.300624],[-80.875208,40.303127],[-80.875241,40.30497],[-80.875135,40.30632],[-80.87481,40.30931],[-80.87373,40.328659],[-80.873842,40.328819],[-80.873666,40.329187],[-80.873634,40.330243],[-80.872802,40.350035],[-80.87245,40.356259],[-80.87237,40.358515],[-80.872258,40.359619],[-80.871793,40.373666],[-80.872289,40.373538],[-80.872225,40.374053],[-80.871553,40.379458],[-80.867201,40.379378],[-80.867151,40.380184],[-80.867057,40.381714],[-80.866241,40.39909],[-80.86597,40.407734],[-80.865889,40.41005],[-80.86544,40.422273],[-80.865504,40.422929],[-80.869993,40.423193],[-80.871489,40.423281],[-80.888176,40.423475],[-80.889467,40.423275],[-80.897367,40.423755],[-80.903778,40.423796],[-80.941501,40.424693]]]},"properties":{"name":"Harrison=HARR 1","type":"county"}},
{"type":"Feature","geometry":{"type":"Polygon","coordinates":[[[-83.882809,41.487445],[-83.88669,41.487414],[-83.887509,41.487408],[-83.888484,41.487401],[-83.895579,41.487345],[-83.93361,41.487133],[-83.941035,41.487089],[-83.998679,41.486704],[-84.037816,41.486787],[-84.076581,41.486082],[-84.114859,41.485913],[-84.114951,41.486233],[-84.173003,41.486084],[-84.188114,41.485742],[-84.228736,41.4856],[-84.228827,41.485989],[-84.267567,41.485874],[-84.282314,41.485786],[-84.287027,41.485764],[-84.296696,41.485743],[-84.303235,41.485744],[-84.306335,41.485745],[-84.31118,41.485745],[-84.321842,41.485745],[-84.325764,41.485745],[-84.33281,41.485701],[-84.338991,41.485606],[-84.339417,41.485538],[-84.342278,41.485497],[-84.342275,41.485126],[-84.342294,41.474511],[-84.342294,41.474379],[-84.342206,41.462213],[-84.34207,41.434788],[-84.342061,41.434255],[-84.341948,41.427572],[-84.325512,41.427575],[-84.324935,41.427575],[-84.296625,41.427682],[-84.287083,41.427772],[-84.284016,41.427791],[-84.2715,41.427862],[-84.228399,41.427821],[-84.228086,41.413256],[-84.227591,41.357558],[-84.227528,41.355089],[-84.22752,41.340593],[-84.227482,41.326004],[-84.227196,41.303391],[-84.227373,41.302073],[-84.227392,41.301223],[-84.227434,41.296074],[-84.22766,41.267217],[-84.227771,41.253201],[-84.228014,41.208207],[-84.227985,41.20563],[-84.22795,41.202262],[-84.228232,41.165883],[-84.200343,41.166013],[-84.194646,41.165996],[-84.189716,41.165982],[-84.170593,41.166209],[-84.161624,41.166221],[-84.156554,41.166228],[-84.156433,41.166228],[-84.131866,41.166401],[-84.112699,41.166453],[-84.093245,41.166482],[-84.035186,41.166918],[-84.031346,41.166955],[-84.029199,41.166975],[-83.996891,41.16695],[-83.881102,41.16771],[-83.881384,41.193594],[-83.881472,41.196885],[-83.881587,41.204179],[-83.881994,41.225899],[-83.882026,41.25503],[-83.882099,41.262653],[-83.882166,41.269663],[-83.882646,41.294026],[-83.882748,41.298656],[-83.88308,41.314271],[-83.883197,41.321625],[-83.883302,41.328196],[-83.883335,41.330407],[-83.883386,41.333824],[-83.883518,41.342554],[-83.883564,41.342851],[-83.883533,41.343515],[-83.883532,41.344863],[-83.883371,41.357027],[-83.883185,41.381416],[-83.883222,41.386092],[-83.883142,41.409755],[-83.883235,41.414504],[-83.883288,41.41714],[-83.882968,41.444157],[-83.882956,41.44619],[-83.88286,41.458386],[-83.882778,41.478672],[-83.882781,41.47971],[-83.882809,41.487445]]]},"properties":{"name":"Henry=HENR 1","type":"county"}},
{"type":"Feature","geometry":{"type":"Polygon","coordinates":[[[-83.590877,39.378736],[-83.593885,39.377072],[-83.630557,39.355703],[-83.633529,39.353959],[-83.636415,39.352267],[-83.650346,39.344012],[-83.659156,39.338685],[-83.668374,39.333139],[-83.682293,39.324934],[-83.683161,39.324362],[-83.684246,39.323647],[-83.685026,39.323157],[-83.691325,39.319317],[-83.700121,39.314048],[-83.73609,39.292135],[-83.74854,39.284721],[-83.754879,39.280903],[-83.755815,39.280329],[-83.783022,39.263892],[-83.784797,39.262739],[-83.786653,39.255809],[-83.78992,39.252058],[-83.790319,39.250656],[-83.792692,39.249058],[-83.794575,39.245513],[-83.79545,39.24163],[-83.795576,39.240916],[-83.799958,39.238057],[-83.802488,39.237303],[-83.801753,39.231036],[-83.803223,39.230784],[-83.804576,39.231356],[-83.805929,39.230921],[-83.807957,39.226484],[-83.808251,39.224837],[-83.813075,39.223282],[-83.818367,39.222847],[-83.835868,39.223303],[-83.834404,39.245715],[-83.841725,39.246094],[-83.865686,39.247335],[-83.866657,39.195264],[-83.866945,39.179198],[-83.867032,39.17526],[-83.867463,39.142235],[-83.867434,39.142121],[-83.867697,39.137651],[-83.867818,39.130799],[-83.867914,39.12543],[-83.86819,39.118347],[-83.868455,39.104132],[-83.869667,39.056987],[-83.872033,39.023599],[-83.872212,39.021301],[-83.870938,39.021265],[-83.838171,39.020366],[-83.834531,39.020335],[-83.820532,39.020198],[-83.819264,39.020184],[-83.80702,39.020227],[-83.806437,39.020229],[-83.805863,39.020231],[-83.782751,39.020328],[-83.774725,39.020362],[-83.750878,39.020464],[-83.705152,39.021342],[-83.685061,39.020772],[-83.676404,39.020526],[-83.673018,39.02043],[-83.659036,39.020035],[-83.625173,39.019165],[-83.62492,39.019072],[-83.611592,39.01889],[-83.596947,39.021707],[-83.586148,39.023635],[-83.503184,39.037604],[-83.498542,39.03825],[-83.474897,39.041785],[-83.443427,39.04648],[-83.441754,39.046769],[-83.385637,39.055197],[-83.382297,39.069152],[-83.379805,39.079533],[-83.377591,39.088743],[-83.374912,39.100402],[-83.367983,39.130566],[-83.364333,39.149419],[-83.357087,39.181703],[-83.353531,39.197585],[-83.350123,39.211038],[-83.344224,39.230955],[-83.343505,39.233125],[-83.347594,39.232529],[-83.348095,39.233101],[-83.345745,39.239461],[-83.346041,39.242412],[-83.347073,39.245775],[-83.345103,39.248726],[-83.34501,39.250604],[-83.346747,39.252639],[-83.347865,39.252822],[-83.35441,39.250311],[-83.357001,39.245134],[-83.361009,39.240957],[-83.362351,39.240576],[-83.365739,39.241706],[-83.36885,39.243527],[-83.37089,39.24565],[-83.377184,39.248485],[-83.381125,39.249618],[-83.381333,39.251634],[-83.379648,39.253587],[-83.377923,39.257646],[-83.378029,39.258607],[-83.380045,39.26161],[-83.381734,39.26274],[-83.388084,39.26431],[-83.392967,39.266656],[-83.393699,39.267788],[-83.394005,39.272592],[-83.393167,39.274856],[-83.390969,39.276129],[-83.381299,39.278361],[-83.381969,39.284804],[-83.37851,39.288064],[-83.37656,39.291686],[-83.3771,39.292754],[-83.377875,39.293145],[-83.38089,39.29365],[-83.382537,39.296236],[-83.382799,39.299873],[-83.384471,39.30843],[-83.383172,39.313576],[-83.38314,39.316207],[-83.385495,39.318496],[-83.38575,39.319687],[-83.38673,39.32163],[-83.386167,39.325382],[-83.382956,39.32673],[-83.382661,39.327348],[-83.38369,39.330551],[-83.383334,39.334234],[-83.381739,39.339517],[-83.379392,39.341656],[-83.374914,39.347201],[-83.377015,39.352798],[-83.379518,39.355094],[-83.380048,39.356284],[-83.379988,39.357153],[-83.376887,39.362483],[-83.376447,39.364151],[-83.373393,39.368655],[-83.373867,39.371377],[-83.374398,39.372108],[-83.3744,39.374327],[-83.372334,39.376324],[-83.372771,39.377351],[-83.381675,39.377539],[-83.472138,39.377823],[-83.476789,39.377839],[-83.493671,39.377898],[-83.512051,39.377926],[-83.516113,39.377967],[-83.544597,39.37826],[-83.590877,39.378736]]]},"properties":{"name":"Highland=HIGH 1","type":"county"}},
{"type":"Feature","geometry":{"type":"Polygon","coordinates":[[[-82.374522,39.65492],[-82.412361,39.656964],[-82.415261,39.657167],[-82.490226,39.661706],[-82.495161,39.612509],[-82.496066,39.602659],[-82.549031,39.605252],[-82.590246,39.607207],[-82.60284,39.60786],[-82.605941,39.608058],[-82.610958,39.608379],[-82.613827,39.608423],[-82.617514,39.608558],[-82.620078,39.564099],[-82.649323,39.565108],[-82.6758,39.566038],[-82.730298,39.568984],[-82.731755,39.554401],[-82.732114,39.550789],[-82.732224,39.549597],[-82.735511,39.516945],[-82.735393,39.516716],[-82.735398,39.516655],[-82.736596,39.505092],[-82.737394,39.500063],[-82.737407,39.499918],[-82.737716,39.49667],[-82.737804,39.496487],[-82.739924,39.477646],[-82.740088,39.472324],[-82.740206,39.471179],[-82.740469,39.468662],[-82.740548,39.468216],[-82.740587,39.467999],[-82.740616,39.46761],[-82.741088,39.462795],[-82.741316,39.460459],[-82.747444,39.3819],[-82.748591,39.368165],[-82.71089,39.365365],[-82.668705,39.362956],[-82.635686,39.361566],[-82.634386,39.375966],[-82.609172,39.374298],[-82.51758,39.369468],[-82.51623,39.375068],[-82.514479,39.395767],[-82.468784,39.393461],[-82.456692,39.392938],[-82.448887,39.392518],[-82.446085,39.392385],[-82.429649,39.391726],[-82.429013,39.391573],[-82.403399,39.390289],[-82.40223,39.390228],[-82.289371,39.38417],[-82.285524,39.421805],[-82.284032,39.435491],[-82.280539,39.467704],[-82.280487,39.467972],[-82.280172,39.472569],[-82.252895,39.471327],[-82.236574,39.470345],[-82.224631,39.469641],[-82.202724,39.468287],[-82.197947,39.468001],[-82.187614,39.467381],[-82.175669,39.466667],[-82.172262,39.466463],[-82.170519,39.466359],[-82.167369,39.46617],[-82.166666,39.474023],[-82.165384,39.48824],[-82.163963,39.504043],[-82.163017,39.514013],[-82.162974,39.514468],[-82.159166,39.556296],[-82.221363,39.559786],[-82.257879,39.561791],[-82.263566,39.562137],[-82.261954,39.590592],[-82.277799,39.591185],[-82.280249,39.591347],[-82.349795,39.595151],[-82.37989,39.596738],[-82.37824,39.614789],[-82.377805,39.619073],[-82.377196,39.625067],[-82.376176,39.633497],[-82.376183,39.634018],[-82.376054,39.637227],[-82.375468,39.64436],[-82.374567,39.654489],[-82.374522,39.65492]]]},"properties":{"name":"Hocking=HOCK 1","type":"county"}},
{"type":"Feature","geometry":{"type":"Polygon","coordinates":[[[-81.649849,40.668113],[-81.659458,40.668194],[-81.670966,40.668291],[-81.688932,40.668449],[-81.705366,40.668467],[-81.727328,40.668436],[-81.730621,40.668432],[-81.764887,40.667755],[-81.78407,40.667689],[-81.817643,40.66755],[-81.8562,40.667431],[-81.860828,40.667316],[-81.861338,40.667293],[-81.876904,40.667187],[-81.893251,40.666907],[-81.90428,40.666864],[-81.904372,40.666843],[-81.904851,40.666681],[-81.968801,40.667775],[-81.9712,40.667527],[-81.992325,40.667794],[-81.995271,40.667884],[-82.02499,40.668168],[-82.040736,40.668332],[-82.052665,40.668333],[-82.090617,40.66801],[-82.106768,40.66791],[-82.126199,40.66823],[-82.147682,40.668089],[-82.220665,40.667581],[-82.220694,40.655013],[-82.220662,40.645653],[-82.220662,40.640368],[-82.220662,40.638443],[-82.220662,40.636459],[-82.220662,40.628763],[-82.220662,40.627289],[-82.220528,40.616546],[-82.220546,40.612436],[-82.220335,40.594962],[-82.220332,40.594708],[-82.22011,40.568207],[-82.178737,40.573155],[-82.180826,40.529789],[-82.181664,40.512487],[-82.181677,40.512223],[-82.182172,40.501977],[-82.183631,40.471059],[-82.183728,40.468462],[-82.183795,40.467101],[-82.184607,40.45628],[-82.130403,40.454192],[-82.123176,40.454084],[-82.09633,40.453278],[-82.096246,40.453222],[-82.090107,40.452955],[-82.089897,40.452909],[-82.086054,40.452895],[-82.085886,40.454101],[-82.075657,40.453766],[-82.055331,40.453324],[-82.055212,40.453233],[-82.044361,40.452882],[-82.043859,40.452866],[-82.034125,40.45252],[-82.032165,40.452498],[-82.027115,40.452358],[-82.015045,40.451897],[-81.990437,40.451013],[-81.988553,40.45107],[-81.988546,40.451292],[-81.960449,40.450513],[-81.931958,40.449762],[-81.925835,40.449603],[-81.904703,40.449025],[-81.902379,40.448995],[-81.893872,40.448855],[-81.893906,40.448102],[-81.879774,40.447912],[-81.86209,40.447623],[-81.861922,40.447623],[-81.861206,40.44762],[-81.842523,40.447665],[-81.841678,40.447669],[-81.805752,40.446821],[-81.804709,40.4468],[-81.79052,40.446413],[-81.790401,40.446436],[-81.79016,40.446446],[-81.78769,40.446459],[-81.783164,40.446398],[-81.778719,40.446341],[-81.775545,40.44618],[-81.771142,40.44611],[-81.767251,40.446068],[-81.766739,40.446063],[-81.762464,40.44585],[-81.754621,40.445632],[-81.728171,40.445034],[-81.726918,40.445038],[-81.718315,40.445036],[-81.712131,40.44486],[-81.709132,40.444775],[-81.704208,40.444689],[-81.698483,40.444588],[-81.696338,40.444531],[-81.669628,40.443854],[-81.669587,40.44543],[-81.669586,40.447947],[-81.668071,40.487436],[-81.667809,40.494386],[-81.667524,40.501755],[-81.667151,40.509544],[-81.666818,40.516829],[-81.666301,40.535495],[-81.665761,40.554217],[-81.664783,40.579011],[-81.664162,40.591519],[-81.662378,40.627818],[-81.666253,40.62783],[-81.669377,40.627911],[-81.669233,40.63286],[-81.649949,40.634961],[-81.65002,40.649657],[-81.650049,40.65566],[-81.649849,40.668113]]]},"properties":{"name":"Holmes=HOLM 1","type":"county"}},
{"type":"Feature","geometry":{"type":"Polygon","coordinates":[[[-82.841338,41.290013],[-82.841289,41.288781],[-82.841263,41.288581],[-82.841247,41.288457],[-82.841162,41.285593],[-82.840816,41.275076],[-82.840694,41.273498],[-82.840613,41.270516],[-82.84037,41.264844],[-82.840265,41.262656],[-82.840193,41.260698],[-82.840132,41.259086],[-82.84004,41.256648],[-82.839989,41.255314],[-82.839964,41.253898],[-82.839747,41.246421],[-82.83852,41.217006],[-82.837878,41.202482],[-82.837096,41.186216],[-82.836776,41.175308],[-82.836746,41.173798],[-82.836495,41.167571],[-82.835523,41.145663],[-82.835432,41.144176],[-82.835218,41.138664],[-82.833971,41.109668],[-82.83269,41.080731],[-82.832172,41.070233],[-82.832201,41.06623],[-82.831287,41.045483],[-82.829494,40.99677],[-82.796495,40.996269],[-82.762469,40.995986],[-82.757489,40.995965],[-82.73891,40.995938],[-82.738499,40.995937],[-82.730244,40.995919],[-82.724762,40.995869],[-82.701652,40.995629],[-82.696398,40.995584],[-82.688142,40.995559],[-82.673048,40.995462],[-82.669928,40.995448],[-82.665693,40.995447],[-82.664757,40.995355],[-82.654755,40.995111],[-82.654167,40.995102],[-82.648959,40.99502],[-82.639305,40.994868],[-82.630549,40.99475],[-82.582293,40.994327],[-82.572437,40.994183],[-82.534256,40.993617],[-82.496546,40.993262],[-82.486847,40.993152],[-82.479692,40.993155],[-82.432832,40.99321],[-82.433627,41.007445],[-82.433824,41.011143],[-82.435697,41.047152],[-82.436005,41.050892],[-82.436089,41.051255],[-82.43672,41.062398],[-82.436788,41.063817],[-82.43687,41.065523],[-82.436876,41.065637],[-82.427787,41.065532],[-82.424897,41.065535],[-82.416866,41.065635],[-82.414017,41.065606],[-82.409884,41.065565],[-82.398789,41.065658],[-82.396644,41.065676],[-82.381832,41.065807],[-82.377804,41.065837],[-82.376089,41.06585],[-82.358027,41.065833],[-82.336518,41.065862],[-82.336887,41.078591],[-82.337198,41.089297],[-82.33797,41.11586],[-82.340486,41.130603],[-82.340586,41.138053],[-82.341086,41.173653],[-82.341286,41.187952],[-82.344086,41.199152],[-82.344086,41.202152],[-82.344047,41.206468],[-82.343986,41.213152],[-82.343986,41.240052],[-82.342086,41.259351],[-82.342385,41.27695],[-82.342385,41.27785],[-82.342542,41.283563],[-82.381408,41.283788],[-82.384558,41.283807],[-82.387926,41.283828],[-82.389994,41.283841],[-82.399257,41.283905],[-82.400592,41.283914],[-82.412567,41.283855],[-82.417489,41.28385],[-82.420089,41.28395],[-82.44239,41.283851],[-82.491993,41.284851],[-82.539302,41.28564],[-82.542409,41.285685],[-82.553115,41.285843],[-82.561883,41.285972],[-82.585862,41.286283],[-82.590272,41.286291],[-82.593621,41.286297],[-82.596003,41.286301],[-82.605601,41.286319],[-82.611953,41.286329],[-82.642347,41.286661],[-82.642644,41.286662],[-82.660836,41.286695],[-82.668144,41.286834],[-82.676817,41.287018],[-82.680184,41.287155],[-82.726979,41.287698],[-82.740747,41.287898],[-82.742194,41.287924],[-82.783782,41.288661],[-82.78854,41.288756],[-82.791763,41.288849],[-82.823236,41.289533],[-82.823327,41.289535],[-82.823854,41.289549],[-82.82752,41.289638],[-82.835675,41.289836],[-82.841338,41.290013]]]},"properties":{"name":"Huron=HURO 1","type":"county"}},
{"type":"Feature","geometry":{"type":"Polygon","coordinates":[[[-82.435278,39.035174],[-82.432952,39.05669],[-82.432571,39.060213],[-82.429629,39.088595],[-82.429421,39.092889],[-82.429303,39.094194],[-82.428892,39.099022],[-82.428745,39.10035],[-82.426307,39.121741],[-82.426262,39.122185],[-82.425421,39.130587],[-82.424677,39.137972],[-82.452423,39.138988],[-82.49988,39.141172],[-82.514747,39.142383],[-82.532358,39.143823],[-82.540282,39.144471],[-82.538721,39.15921],[-82.538336,39.162301],[-82.536305,39.180757],[-82.545237,39.182194],[-82.545827,39.182095],[-82.548447,39.182403],[-82.574483,39.18547],[-82.594914,39.185526],[-82.595846,39.185529],[-82.595879,39.185537],[-82.600431,39.185547],[-82.603418,39.185554],[-82.610985,39.18557],[-82.633765,39.187937],[-82.651487,39.189569],[-82.650467,39.198816],[-82.650412,39.199317],[-82.650087,39.202269],[-82.655006,39.202513],[-82.669241,39.203219],[-82.682696,39.203886],[-82.762892,39.207967],[-82.764671,39.189144],[-82.766692,39.167768],[-82.785892,39.168768],[-82.79037,39.124352],[-82.79475,39.084039],[-82.795115,39.080681],[-82.795161,39.080258],[-82.796758,39.065347],[-82.79734,39.059269],[-82.79957,39.03563],[-82.797788,39.035508],[-82.79868,39.028488],[-82.799042,39.025647],[-82.802198,38.997975],[-82.806423,38.95489],[-82.807091,38.948073],[-82.80658,38.948047],[-82.802783,38.947856],[-82.753391,38.945373],[-82.753523,38.943947],[-82.755445,38.923688],[-82.755474,38.923482],[-82.755583,38.921605],[-82.75566,38.920772],[-82.758357,38.888318],[-82.76199,38.869575],[-82.76069,38.854875],[-82.729151,38.853377],[-82.686013,38.851212],[-82.650086,38.849076],[-82.626055,38.847648],[-82.625008,38.847539],[-82.597157,38.845802],[-82.575582,38.844475],[-82.574383,38.853476],[-82.49988,38.848576],[-82.473879,38.846577],[-82.455179,38.844577],[-82.454346,38.852214],[-82.453553,38.859475],[-82.449275,38.896011],[-82.449064,38.89797],[-82.449017,38.898411],[-82.448887,38.899618],[-82.448811,38.900324],[-82.448584,38.902437],[-82.44365,38.947226],[-82.44365,38.947406],[-82.44365,38.947478],[-82.439379,38.984775],[-82.438082,39.005859],[-82.437524,39.009796],[-82.435675,39.030288],[-82.435552,39.031798],[-82.435278,39.035174]]]},"properties":{"name":"Jackson=JACK 1","type":"county"}},
{"type":"Feature","geometry":{"type":"Polygon","coordinates":[[[-80.861994,40.599404],[-80.86205,40.597765],[-80.862125,40.595574],[-80.863567,40.555411],[-80.92092,40.556315],[-80.921073,40.5534],[-80.922374,40.523218],[-80.923578,40.489807],[-80.923615,40.48662],[-80.923526,40.483763],[-80.923884,40.47889],[-80.924072,40.476351],[-80.924139,40.474763],[-80.924127,40.474102],[-80.924386,40.469435],[-80.92452,40.468948],[-80.924658,40.467976],[-80.936713,40.468291],[-80.937162,40.468314],[-80.940153,40.468349],[-80.940519,40.458741],[-80.941071,40.447428],[-80.941129,40.443829],[-80.941533,40.427973],[-80.9415,40.424831],[-80.941501,40.424693],[-80.903778,40.423796],[-80.897367,40.423755],[-80.889467,40.423275],[-80.888176,40.423475],[-80.871489,40.423281],[-80.869993,40.423193],[-80.865504,40.422929],[-80.86544,40.422273],[-80.865889,40.41005],[-80.86597,40.407734],[-80.866241,40.39909],[-80.867057,40.381714],[-80.867151,40.380184],[-80.867201,40.379378],[-80.871553,40.379458],[-80.872225,40.374053],[-80.872289,40.373538],[-80.871793,40.373666],[-80.872258,40.359619],[-80.87237,40.358515],[-80.87245,40.356259],[-80.872802,40.350035],[-80.873634,40.330243],[-80.873666,40.329187],[-80.873842,40.328819],[-80.87373,40.328659],[-80.87481,40.30931],[-80.875135,40.30632],[-80.875241,40.30497],[-80.875208,40.303127],[-80.875272,40.300624],[-80.875216,40.300576],[-80.875632,40.291779],[-80.876633,40.275428],[-80.878245,40.247677],[-80.879808,40.216926],[-80.879968,40.213139],[-80.879975,40.213001],[-80.880079,40.211002],[-80.880356,40.205963],[-80.880461,40.203999],[-80.881497,40.185087],[-80.881595,40.183308],[-80.881855,40.179024],[-80.881881,40.178505],[-80.882892,40.159495],[-80.871123,40.159158],[-80.804495,40.156374],[-80.800415,40.156566],[-80.785422,40.155847],[-80.766269,40.155111],[-80.766136,40.156625],[-80.76611,40.156921],[-80.765853,40.159847],[-80.709626,40.157543],[-80.709434,40.157511],[-80.70289361,40.15730106],[-80.6997758,40.16182354],[-80.69674164,40.16622467],[-80.69593923,40.16738859],[-80.69106197,40.17446319],[-80.68754268,40.17956802],[-80.686137,40.181607],[-80.683705,40.184215],[-80.682008,40.185495],[-80.6796,40.186371],[-80.6726,40.192371],[-80.6681,40.199671],[-80.666299,40.206271],[-80.66468782,40.21666233],[-80.664299,40.21917],[-80.661543,40.229798],[-80.65290848,40.24366808],[-80.652098,40.24497],[-80.65195765,40.2450879],[-80.64671689,40.24949014],[-80.644598,40.25127],[-80.637198,40.25507],[-80.637098,40.25427],[-80.622497,40.26177],[-80.619297,40.26517],[-80.616196,40.27227],[-80.616796,40.285269],[-80.61600197,40.288069],[-80.614896,40.291969],[-80.606596,40.303869],[-80.602895,40.307069],[-80.599895,40.317669],[-80.600495,40.321169],[-80.602895,40.327869],[-80.60296705,40.32798754],[-80.60494216,40.33123705],[-80.60564916,40.33240024],[-80.610796,40.340868],[-80.612796,40.347668],[-80.611796,40.355168],[-80.608695,40.361968],[-80.607595,40.369568],[-80.609695,40.374968],[-80.614396,40.378768],[-80.619196,40.381768],[-80.62728555,40.38396277],[-80.62998089,40.38469405],[-80.63074,40.3849],[-80.631596,40.385468],[-80.633596,40.390467],[-80.632196,40.393667],[-80.628096,40.395867],[-80.62242684,40.39762474],[-80.615195,40.399867],[-80.612195,40.402667],[-80.611795,40.403867],[-80.612695,40.407667],[-80.612295,40.418567],[-80.61254597,40.4224391],[-80.61286301,40.42733051],[-80.612995,40.429367],[-80.612295,40.434867],[-80.611195,40.437767],[-80.604895,40.446667],[-80.60468994,40.44793835],[-80.604395,40.449767],[-80.598294,40.458366],[-80.596094,40.463366],[-80.594794,40.471366],[-80.595494,40.475266],[-80.599194,40.482566],[-80.60245,40.484226],[-80.60309633,40.48474244],[-80.609058,40.489506],[-80.61423379,40.49676368],[-80.618003,40.502049],[-80.620883,40.512257],[-80.622195,40.520497],[-80.623278,40.52361553],[-80.627507,40.535793],[-80.630483,40.537921],[-80.633107,40.538705],[-80.64138,40.548417],[-80.652436,40.562544],[-80.655316,40.565184],[-80.662708,40.570176],[-80.666917,40.573664],[-80.667781,40.578096],[-80.667957,40.582496],[-80.670293,40.582528],[-80.708102,40.582975],[-80.719799,40.583103],[-80.733239,40.583231],[-80.73876,40.583199],[-80.74732,40.583327],[-80.747112,40.596991],[-80.810537,40.598149],[-80.81791,40.598305],[-80.822859,40.598385],[-80.832958,40.598572],[-80.837911,40.598708],[-80.861994,40.599404]]]},"properties":{"name":"Jefferson=JEFF 1","type":"county"}},
{"type":"Feature","geometry":{"type":"Polygon","coordinates":[[[-82.22011,40.568207],[-82.234622,40.566473],[-82.248302,40.564839],[-82.269613,40.562478],[-82.269858,40.562451],[-82.272395,40.562171],[-82.274904,40.561892],[-82.336962,40.555002],[-82.359806,40.552467],[-82.374884,40.550873],[-82.378717,40.55085],[-82.450558,40.550769],[-82.45163,40.550763],[-82.505157,40.550518],[-82.509331,40.550463],[-82.524388,40.550263],[-82.547752,40.55013],[-82.561069,40.550039],[-82.566497,40.550008],[-82.623609,40.54988],[-82.643009,40.549999],[-82.643041,40.543603],[-82.643096,40.524458],[-82.643084,40.522099],[-82.63319,40.523147],[-82.635381,40.496637],[-82.635713,40.492144],[-82.637823,40.463452],[-82.63828,40.456785],[-82.640043,40.429864],[-82.640813,40.417625],[-82.644156,40.375456],[-82.645614,40.356244],[-82.646503,40.345077],[-82.65641,40.345634],[-82.658379,40.345733],[-82.689757,40.34701],[-82.725609,40.348558],[-82.744913,40.34941],[-82.748445,40.307529],[-82.748304,40.306852],[-82.749896,40.288637],[-82.751341,40.282871],[-82.752817,40.277036],[-82.747016,40.27687],[-82.706677,40.275268],[-82.704921,40.275162],[-82.68918,40.27449],[-82.676011,40.273914],[-82.671352,40.273708],[-82.65238,40.272876],[-82.645538,40.272618],[-82.639272,40.272326],[-82.638955,40.272314],[-82.611072,40.271134],[-82.603724,40.270749],[-82.599314,40.270529],[-82.58585,40.269941],[-82.583967,40.269817],[-82.572063,40.269315],[-82.555398,40.268472],[-82.516718,40.266492],[-82.498101,40.265699],[-82.476114,40.264704],[-82.476621,40.258875],[-82.476651,40.258783],[-82.477353,40.245817],[-82.462164,40.245305],[-82.458283,40.245214],[-82.458164,40.245237],[-82.453118,40.244924],[-82.452282,40.244872],[-82.441016,40.244352],[-82.436681,40.24415],[-82.435234,40.24408],[-82.429797,40.243822],[-82.420032,40.243421],[-82.418064,40.24334],[-82.417442,40.24334],[-82.416869,40.24334],[-82.412032,40.243042],[-82.380377,40.241706],[-82.380115,40.241704],[-82.364344,40.240958],[-82.322405,40.239684],[-82.317505,40.239628],[-82.314191,40.23959],[-82.310084,40.23954],[-82.284431,40.239289],[-82.280942,40.239252],[-82.280896,40.24021],[-82.27839,40.240215],[-82.195912,40.239071],[-82.193264,40.290056],[-82.19211,40.311244],[-82.191405,40.324791],[-82.191228,40.328773],[-82.191258,40.33066],[-82.190959,40.33574],[-82.190423,40.346996],[-82.188832,40.373164],[-82.188641,40.375181],[-82.18819,40.38326],[-82.187291,40.399102],[-82.186913,40.406097],[-82.184801,40.449044],[-82.184758,40.454525],[-82.184607,40.45628],[-82.183795,40.467101],[-82.183728,40.468462],[-82.183631,40.471059],[-82.182172,40.501977],[-82.181677,40.512223],[-82.181664,40.512487],[-82.180826,40.529789],[-82.178737,40.573155],[-82.22011,40.568207]]]},"properties":{"name":"Knox=KNOX 1","type":"county"}},
{"type":"Feature","geometry":{"type":"Polygon","coordinates":[[[-81.003631,41.715137],[-81.004657,41.725902],[-81.004731,41.726825],[-81.004283,41.729067],[-81.00393,41.740547],[-81.003375,41.749403],[-81.003535,41.759568],[-81.003578,41.764317],[-81.0033,41.78068],[-81.003471,41.785967],[-81.003311,41.787405],[-81.003419,41.788655],[-81.003387,41.789917],[-81.003504,41.800181],[-81.003525,41.827415],[-81.003472,41.835724],[-81.00313,41.851058],[-81.003034,41.854793],[-81.00304099,41.85480376],[-81.01049,41.853962],[-81.01058374,41.85391195],[-81.01221658,41.85304022],[-81.01496588,41.85157242],[-81.024525,41.846469],[-81.03662715,41.84341552],[-81.04947593,41.84017366],[-81.05192,41.839557],[-81.05249197,41.8393247],[-81.06448521,41.83445373],[-81.07066852,41.83194242],[-81.07596292,41.82979214],[-81.08571821,41.8258301],[-81.092716,41.822988],[-81.0957943,41.82216123],[-81.10105982,41.82074701],[-81.10284742,41.8202669],[-81.10537609,41.81958775],[-81.112885,41.817571],[-81.11801853,41.81535193],[-81.14685138,41.80288833],[-81.16825486,41.79363624],[-81.18431532,41.78669377],[-81.184368,41.786671],[-81.19109335,41.78401659],[-81.19965062,41.78063914],[-81.22842504,41.76928223],[-81.231124,41.76821698],[-81.248672,41.761291],[-81.26373848,41.75824128],[-81.264224,41.758143],[-81.26534002,41.75827101],[-81.27931293,41.75987379],[-81.27933288,41.75987608],[-81.279925,41.759944],[-81.27992604,41.75994404],[-81.28033381,41.75996146],[-81.286925,41.760243],[-81.28875063,41.75903842],[-81.29082558,41.75766932],[-81.2936285,41.75581991],[-81.301626,41.750543],[-81.3163295,41.74404648],[-81.33446406,41.736034],[-81.34965532,41.72932197],[-81.353229,41.727743],[-81.36568232,41.72049712],[-81.388632,41.707144],[-81.40903299,41.69434395],[-81.41227164,41.69231194],[-81.42816213,41.68234188],[-81.43696456,41.67681904],[-81.442645,41.673255],[-81.44818394,41.667547],[-81.45022281,41.6654459],[-81.45790424,41.65753002],[-81.45864735,41.65676423],[-81.45970989,41.65566926],[-81.46260776,41.65268294],[-81.466038,41.649148],[-81.48864,41.631348],[-81.488735,41.629249],[-81.488739,41.629248],[-81.488939,41.626948],[-81.488739,41.624048],[-81.48864,41.618248],[-81.48864,41.617648],[-81.48854,41.612048],[-81.488341,41.60325],[-81.488073,41.596043],[-81.48804,41.588249],[-81.48794,41.586249],[-81.487941,41.57525],[-81.487842,41.570051],[-81.447124,41.569966],[-81.446883,41.569967],[-81.439038,41.569851],[-81.433637,41.56995],[-81.419936,41.56995],[-81.417636,41.56995],[-81.413036,41.569849],[-81.412536,41.569849],[-81.390835,41.56975],[-81.349031,41.569949],[-81.328757,41.570143],[-81.328031,41.57005],[-81.31093,41.57005],[-81.305628,41.569949],[-81.295829,41.56995],[-81.295528,41.596649],[-81.295228,41.615548],[-81.294927,41.640846],[-81.279426,41.641046],[-81.262525,41.641046],[-81.257926,41.640947],[-81.241825,41.641148],[-81.217415,41.641131],[-81.19123,41.641132],[-81.178923,41.641158],[-81.174903,41.641166],[-81.112805,41.641125],[-81.101507,41.641136],[-81.102231,41.71416],[-81.053996,41.714554],[-81.042501,41.714652],[-81.003631,41.715137]]]},"properties":{"name":"Lake=LAKE 1","type":"county"}},
{"type":"Feature","geometry":{"type":"Polygon","coordinates":[[[-82.650086,38.849076],[-82.654463,38.80486],[-82.658786,38.768477],[-82.659086,38.762677],[-82.661386,38.762477],[-82.662886,38.747977],[-82.667795,38.74828],[-82.695387,38.749977],[-82.701486,38.690878],[-82.70636,38.677549],[-82.706315,38.677492],[-82.75833,38.679737],[-82.763895,38.679974],[-82.765355,38.657503],[-82.766188,38.644678],[-82.762388,38.640678],[-82.758874,38.630928],[-82.746367,38.607663],[-82.740383,38.597167],[-82.758479,38.590943],[-82.774384,38.585407],[-82.809281,38.573167],[-82.81605517,38.5707534],[-82.800112,38.563183],[-82.79095667,38.56032019],[-82.789776,38.559951],[-82.78915079,38.55989469],[-82.78169825,38.5592235],[-82.779472,38.559023],[-82.77895528,38.55906807],[-82.763695,38.560399],[-82.74515527,38.55931643],[-82.74351568,38.55922069],[-82.739582,38.558991],[-82.730958,38.559264],[-82.724846,38.5576],[-82.719662,38.553664],[-82.71671916,38.55200065],[-82.714142,38.550544],[-82.7059036,38.54691599],[-82.70554792,38.54675936],[-82.700045,38.544336],[-82.696621,38.542112],[-82.69657071,38.54206522],[-82.69656046,38.54205568],[-82.6902607,38.53619509],[-82.689965,38.53592],[-82.68947888,38.53522309],[-82.68931005,38.53498106],[-82.68762709,38.53256835],[-82.68635019,38.53073778],[-82.68163344,38.52397582],[-82.675724,38.515504],[-82.67409554,38.51395236],[-82.665548,38.505808],[-82.66039464,38.50035443],[-82.66032766,38.50028354],[-82.66015073,38.50009631],[-82.657051,38.496816],[-82.65438243,38.49482814],[-82.64973459,38.49136588],[-82.648395,38.490368],[-82.64706647,38.48963226],[-82.63907677,38.48520757],[-82.63902393,38.48517831],[-82.637707,38.484449],[-82.63125895,38.48219614],[-82.629623,38.48162456],[-82.624106,38.479697],[-82.618474,38.477089],[-82.61615084,38.47581603],[-82.61478627,38.47506833],[-82.613802,38.474529],[-82.61278468,38.47359443],[-82.61183928,38.47272592],[-82.61078874,38.47176084],[-82.610458,38.471457],[-82.61022587,38.47110634],[-82.60888859,38.46908618],[-82.608202,38.468049],[-82.60678237,38.46521596],[-82.604089,38.459841],[-82.60405819,38.45963348],[-82.60386474,38.45833045],[-82.600761,38.437425],[-82.59775288,38.42902733],[-82.59767004,38.42879608],[-82.596921,38.426705],[-82.593673,38.421809],[-82.59297408,38.42099462],[-82.589742,38.41722863],[-82.58883419,38.41617085],[-82.588249,38.415489],[-82.58716359,38.41478591],[-82.579976,38.41013],[-82.577176,38.40877],[-82.57265441,38.40731531],[-82.569368,38.406258],[-82.560664,38.404338],[-82.55678252,38.40393217],[-82.549799,38.403202],[-82.540199,38.403666],[-82.53558687,38.40432438],[-82.53232282,38.40479032],[-82.529579,38.405182],[-82.507678,38.410782],[-82.4947727,38.41524666],[-82.486577,38.418082],[-82.47176111,38.42171699],[-82.46846474,38.42252574],[-82.46381078,38.42366756],[-82.46201237,38.42410878],[-82.459676,38.424682],[-82.45105419,38.42625582],[-82.447076,38.426982],[-82.434375,38.430082],[-82.43039246,38.43133308],[-82.40978095,38.43780803],[-82.404882,38.439347],[-82.389746,38.434355],[-82.3890852,38.43439047],[-82.381773,38.434783],[-82.37377383,38.43619325],[-82.37360841,38.43622241],[-82.360145,38.438596],[-82.34064,38.440948],[-82.330335,38.4445],[-82.323999,38.449268],[-82.318111,38.457876],[-82.31437571,38.4670067],[-82.313935,38.468084],[-82.31370229,38.4693966],[-82.312511,38.476116],[-82.31217471,38.47738357],[-82.3115744,38.47964626],[-82.310639,38.483172],[-82.306351,38.490692],[-82.30467122,38.4951251],[-82.304223,38.496308],[-82.30402758,38.49767796],[-82.303071,38.504384],[-82.303971,38.517683],[-82.30327537,38.52116116],[-82.302871,38.523183],[-82.30168933,38.52600083],[-82.30120214,38.52716258],[-82.300271,38.529383],[-82.297771,38.533283],[-82.295671,38.538483],[-82.29541465,38.54081148],[-82.29344601,38.5586933],[-82.293271,38.560283],[-82.29375834,38.57035462],[-82.293871,38.572683],[-82.293471,38.575383],[-82.291271,38.578983],[-82.28689034,38.58277076],[-82.336477,38.584369],[-82.361674,38.585182],[-82.361537,38.586941],[-82.359421,38.614175],[-82.359267,38.616156],[-82.359004,38.619541],[-82.358627,38.624396],[-82.354468,38.67607],[-82.368988,38.676861],[-82.422553,38.679564],[-82.425143,38.67972],[-82.472478,38.682279],[-82.470568,38.703176],[-82.470109,38.706926],[-82.466878,38.741478],[-82.486579,38.742978],[-82.485934,38.750556],[-82.485847,38.750833],[-82.485,38.758684],[-82.483579,38.772278],[-82.554835,38.777193],[-82.563058,38.777749],[-82.582683,38.779077],[-82.582299,38.782685],[-82.582033,38.785123],[-82.575582,38.844475],[-82.597157,38.845802],[-82.625008,38.847539],[-82.626055,38.847648],[-82.650086,38.849076]]]},"properties":{"name":"Lawrence=LAWR 1","type":"county"}},
{"type":"Feature","geometry":{"type":"Polygon","coordinates":[[[-82.752817,40.277036],[-82.755,40.24563],[-82.756424,40.227022],[-82.756328,40.22227],[-82.758008,40.200046],[-82.75884,40.188766],[-82.759592,40.175486],[-82.760488,40.162782],[-82.762887,40.130111],[-82.762095,40.125863],[-82.762495,40.120663],[-82.764595,40.095763],[-82.765229,40.088434],[-82.765414,40.086232],[-82.76597,40.079558],[-82.765995,40.079263],[-82.767495,40.051063],[-82.767995,40.046263],[-82.769495,40.027663],[-82.770295,40.018463],[-82.771395,40.006163],[-82.77147,40.005604],[-82.771578,40.004793],[-82.771495,40.004363],[-82.771877,39.998632],[-82.771895,39.998363],[-82.772995,39.987263],[-82.772969,39.987104],[-82.773795,39.976163],[-82.779195,39.976163],[-82.779841,39.973124],[-82.780495,39.968263],[-82.781295,39.955563],[-82.781795,39.946763],[-82.782133,39.943329],[-82.782495,39.939663],[-82.777968,39.939425],[-82.772995,39.939163],[-82.768494,39.938863],[-82.744367,39.937702],[-82.739164,39.937436],[-82.730744,39.937045],[-82.69718,39.935486],[-82.681147,39.934743],[-82.648931,39.933227],[-82.610456,39.931225],[-82.581805,39.930122],[-82.543717,39.928472],[-82.518575,39.927322],[-82.50853,39.926746],[-82.507115,39.926745],[-82.507105,39.926671],[-82.504907,39.926555],[-82.497612,39.926232],[-82.493326,39.926102],[-82.488436,39.925852],[-82.482143,39.925532],[-82.477615,39.925301],[-82.477387,39.925293],[-82.469829,39.927035],[-82.462813,39.930381],[-82.418179,39.927937],[-82.418666,39.922448],[-82.408876,39.921928],[-82.402606,39.921629],[-82.387421,39.920686],[-82.34931,39.918626],[-82.336738,39.917879],[-82.307472,39.916315],[-82.305982,39.916188],[-82.301434,39.916279],[-82.234161,39.913269],[-82.233974,39.913261],[-82.233873,39.917117],[-82.233756,39.920481],[-82.231634,39.94817],[-82.231695,39.951076],[-82.221957,39.950991],[-82.220785,39.950955],[-82.212362,39.950708],[-82.21191,39.95068],[-82.20238,39.950351],[-82.198721,39.950161],[-82.198739,39.951456],[-82.198413,39.95362],[-82.198416,39.95382],[-82.198432,39.955015],[-82.197151,39.975613],[-82.195102,40.010363],[-82.195069,40.012553],[-82.194786,40.020695],[-82.194713,40.022284],[-82.193759,40.039642],[-82.192512,40.06311],[-82.192191,40.073865],[-82.191894,40.077801],[-82.190957,40.09123],[-82.190799,40.094009],[-82.190723,40.095324],[-82.188296,40.143918],[-82.187667,40.156082],[-82.187645,40.156512],[-82.187475,40.160076],[-82.187469,40.164762],[-82.187425,40.1669],[-82.187404,40.167891],[-82.186799,40.182757],[-82.18674,40.183017],[-82.184851,40.207882],[-82.183755,40.225523],[-82.183695,40.227697],[-82.183188,40.232753],[-82.183188,40.232936],[-82.182857,40.238097],[-82.182948,40.238629],[-82.195912,40.239071],[-82.27839,40.240215],[-82.280896,40.24021],[-82.280942,40.239252],[-82.284431,40.239289],[-82.310084,40.23954],[-82.314191,40.23959],[-82.317505,40.239628],[-82.322405,40.239684],[-82.364344,40.240958],[-82.380115,40.241704],[-82.380377,40.241706],[-82.412032,40.243042],[-82.416869,40.24334],[-82.417442,40.24334],[-82.418064,40.24334],[-82.420032,40.243421],[-82.429797,40.243822],[-82.435234,40.24408],[-82.436681,40.24415],[-82.441016,40.244352],[-82.452282,40.244872],[-82.453118,40.244924],[-82.458164,40.245237],[-82.458283,40.245214],[-82.462164,40.245305],[-82.477353,40.245817],[-82.476651,40.258783],[-82.476621,40.258875],[-82.476114,40.264704],[-82.498101,40.265699],[-82.516718,40.266492],[-82.555398,40.268472],[-82.572063,40.269315],[-82.583967,40.269817],[-82.58585,40.269941],[-82.599314,40.270529],[-82.603724,40.270749],[-82.611072,40.271134],[-82.638955,40.272314],[-82.639272,40.272326],[-82.645538,40.272618],[-82.65238,40.272876],[-82.671352,40.273708],[-82.676011,40.273914],[-82.68918,40.27449],[-82.704921,40.275162],[-82.706677,40.275268],[-82.747016,40.27687],[-82.752817,40.277036]]]},"properties":{"name":"Licking=LICK 1","type":"county"}},
{"type":"Feature","geometry":{"type":"Polygon","coordinates":[[[-83.879933,40.538709],[-83.908536,40.535391],[-83.912174,40.535354],[-83.941544,40.535333],[-83.993541,40.535193],[-83.99373,40.512063],[-83.993667,40.48493],[-83.993659,40.483987],[-83.99365,40.482869],[-83.997244,40.482844],[-84.002347,40.483138],[-84.002146,40.446707],[-84.002112,40.439217],[-84.002017,40.417488],[-84.001947,40.390765],[-84.004836,40.390472],[-84.004392,40.368735],[-84.003975,40.336754],[-84.003837,40.317663],[-84.003687,40.31335],[-84.005567,40.314586],[-84.007119,40.316805],[-84.010117,40.317622],[-84.014619,40.27341],[-83.926629,40.268266],[-83.898367,40.266545],[-83.879091,40.265371],[-83.87073,40.264783],[-83.869297,40.264784],[-83.864895,40.264588],[-83.858581,40.264309],[-83.834759,40.262875],[-83.830408,40.262685],[-83.793616,40.260531],[-83.783806,40.259948],[-83.784525,40.252607],[-83.785384,40.24521],[-83.753593,40.243378],[-83.745916,40.242976],[-83.727027,40.241678],[-83.711815,40.240603],[-83.666097,40.237451],[-83.665888,40.237405],[-83.664309,40.237293],[-83.630254,40.2349],[-83.583825,40.231688],[-83.579426,40.231372],[-83.559726,40.229961],[-83.553752,40.229532],[-83.551378,40.229358],[-83.545503,40.281336],[-83.543771,40.297076],[-83.542806,40.306032],[-83.538411,40.346616],[-83.536316,40.365747],[-83.534759,40.378897],[-83.533826,40.387476],[-83.533748,40.387561],[-83.532729,40.396496],[-83.532135,40.401701],[-83.529597,40.423243],[-83.528043,40.436677],[-83.520095,40.504023],[-83.520807,40.504019],[-83.520036,40.509287],[-83.539346,40.51066],[-83.561843,40.512292],[-83.572808,40.513162],[-83.576121,40.513267],[-83.578478,40.513439],[-83.581686,40.513658],[-83.599618,40.514888],[-83.60155,40.515018],[-83.636169,40.517382],[-83.686079,40.520325],[-83.715331,40.522008],[-83.722415,40.522413],[-83.768532,40.525218],[-83.819605,40.528292],[-83.830205,40.528928],[-83.855915,40.530435],[-83.858931,40.530638],[-83.879839,40.531861],[-83.879933,40.538709]]]},"properties":{"name":"Logan=LOGA 1","type":"county"}},
{"type":"Feature","geometry":{"type":"Polygon","coordinates":[[[-82.34807741,41.42843119],[-82.348052,41.427923],[-82.347883,41.424544],[-82.347583,41.421244],[-82.347486,41.417719],[-82.347483,41.417644],[-82.347483,41.415614],[-82.347483,41.415544],[-82.347383,41.414544],[-82.347316,41.413267],[-82.347283,41.412644],[-82.347183,41.411318],[-82.347183,41.411044],[-82.347183,41.410844],[-82.346983,41.406444],[-82.346706,41.401947],[-82.346684,41.401645],[-82.346684,41.401345],[-82.346684,41.391145],[-82.345742,41.382932],[-82.344884,41.375446],[-82.344684,41.371446],[-82.344602,41.367806],[-82.344484,41.362546],[-82.344284,41.357447],[-82.344268,41.35703],[-82.344184,41.354847],[-82.344084,41.348647],[-82.343585,41.333748],[-82.343666,41.324489],[-82.343585,41.321448],[-82.343085,41.306849],[-82.342685,41.29185],[-82.342585,41.28515],[-82.342542,41.283563],[-82.342385,41.27785],[-82.342385,41.27695],[-82.342086,41.259351],[-82.343986,41.240052],[-82.343986,41.213152],[-82.344047,41.206468],[-82.344086,41.202152],[-82.344086,41.199152],[-82.341286,41.187952],[-82.341086,41.173653],[-82.340586,41.138053],[-82.340486,41.130603],[-82.33797,41.11586],[-82.337198,41.089297],[-82.336887,41.078591],[-82.336518,41.065862],[-82.326803,41.065796],[-82.304205,41.065643],[-82.279621,41.065341],[-82.270367,41.06509],[-82.258386,41.064732],[-82.256398,41.064676],[-82.254257,41.064623],[-82.206432,41.064037],[-82.203917,41.064004],[-82.171492,41.063538],[-82.171355,41.069814],[-82.169876,41.137053],[-82.122873,41.136754],[-82.07427,41.136354],[-82.07417,41.137854],[-82.07417,41.137954],[-82.073369,41.167254],[-82.072469,41.199853],[-82.002764,41.199754],[-81.974438,41.199836],[-81.974304,41.207209],[-81.974013,41.222349],[-81.973766,41.237858],[-81.973237,41.260188],[-81.972721,41.261384],[-81.972671,41.264154],[-81.972476,41.275375],[-81.927979,41.274857],[-81.924999,41.275015],[-81.914693,41.275471],[-81.89784,41.275076],[-81.88336,41.275108],[-81.877932,41.275087],[-81.878258,41.283252],[-81.877758,41.312351],[-81.877059,41.330552],[-81.876959,41.350551],[-81.893259,41.35065],[-81.902459,41.35075],[-81.903559,41.35065],[-81.92306,41.351149],[-81.936473,41.350914],[-81.938367,41.350955],[-81.971262,41.351348],[-81.970862,41.375447],[-81.970464,41.386748],[-81.970464,41.388298],[-81.970464,41.389847],[-81.970263,41.411045],[-81.969963,41.416745],[-81.969963,41.419345],[-81.969863,41.431044],[-81.969663,41.458043],[-81.969465,41.478143],[-81.969164,41.493341],[-81.968287,41.505189],[-81.96813029,41.50642213],[-81.96816219,41.50643181],[-81.98677592,41.51207751],[-81.994565,41.51444],[-81.99666777,41.51458489],[-82.011966,41.515639],[-82.018266,41.51406023],[-82.01989451,41.51365212],[-82.0446602,41.50744586],[-82.046467,41.50699308],[-82.04697636,41.50686543],[-82.06305882,41.50283518],[-82.06656114,41.50195751],[-82.07246868,41.50047708],[-82.07891004,41.49886288],[-82.082469,41.49797101],[-82.094169,41.495039],[-82.103343,41.492385],[-82.130071,41.48465271],[-82.1512181,41.47853495],[-82.15322023,41.47795574],[-82.165373,41.47444],[-82.16652351,41.47424103],[-82.16774074,41.47403052],[-82.17508102,41.47276107],[-82.1794319,41.47200861],[-82.181598,41.471634],[-82.184774,41.47404],[-82.1858001,41.47360024],[-82.186174,41.47344],[-82.18703911,41.47171269],[-82.18885,41.468097],[-82.19001216,41.46718346],[-82.19077852,41.46658103],[-82.19207504,41.46556187],[-82.193375,41.46454],[-82.19978427,41.46139313],[-82.22277042,41.45010722],[-82.226695,41.4481803],[-82.24788877,41.43777443],[-82.2510708,41.43621209],[-82.254678,41.434441],[-82.268479,41.430842],[-82.28348,41.42928352],[-82.29158,41.428442],[-82.29348004,41.42852232],[-82.30081616,41.42883246],[-82.334182,41.430243],[-82.34807741,41.42843119]]]},"properties":{"name":"Lorain=LORA 1","type":"county"}},
{"type":"Feature","geometry":{"type":"Polygon","coordinates":[[[-83.16566862,41.62323365],[-83.194524,41.631008],[-83.22965328,41.64350417],[-83.23166,41.644218],[-83.23315777,41.64581163],[-83.23797633,41.65093859],[-83.238191,41.651167],[-83.278455,41.672078],[-83.283613,41.67406778],[-83.29068,41.676794],[-83.293928,41.680846],[-83.32179726,41.69839592],[-83.326825,41.701562],[-83.337977,41.70341],[-83.33797703,41.70339493],[-83.33798391,41.69932338],[-83.337985,41.698682],[-83.33838333,41.69814521],[-83.341817,41.693518],[-83.35194257,41.68969835],[-83.35665248,41.68792163],[-83.35693936,41.68781341],[-83.357073,41.687763],[-83.36674017,41.68718474],[-83.37573,41.686647],[-83.39263,41.691947],[-83.409531,41.691247],[-83.43012505,41.7000486],[-83.44442306,41.70615936],[-83.446032,41.706847],[-83.449001,41.710719],[-83.44954667,41.71209664],[-83.45018195,41.71370052],[-83.455626,41.727445],[-83.45562599,41.72744504],[-83.45557786,41.72758459],[-83.45552185,41.727747],[-83.453832,41.732647],[-83.46366695,41.73246778],[-83.46656207,41.73241502],[-83.47928133,41.73218324],[-83.48102966,41.73215138],[-83.48840437,41.73201699],[-83.49199019,41.73195165],[-83.497733,41.731847],[-83.499733,41.731647],[-83.503433,41.731547],[-83.504334,41.731547],[-83.52138723,41.73108347],[-83.5298818,41.73085258],[-83.54743707,41.7303754],[-83.56663757,41.7298535],[-83.585235,41.729348],[-83.593835,41.729148],[-83.595235,41.729148],[-83.60532886,41.72883129],[-83.6120306,41.72862102],[-83.61462853,41.72853951],[-83.62432665,41.72823522],[-83.63133508,41.72801532],[-83.636636,41.727849],[-83.639636,41.727749],[-83.64927395,41.72745584],[-83.665937,41.726949],[-83.685337,41.726449],[-83.68863554,41.72626744],[-83.69970005,41.72565842],[-83.70143637,41.72556285],[-83.7019757,41.72553317],[-83.708937,41.72515],[-83.72060896,41.72480481],[-83.74403693,41.72411194],[-83.763038,41.72355],[-83.78163817,41.72310669],[-83.81134573,41.72239866],[-83.85134643,41.72144531],[-83.859541,41.72125],[-83.880539,41.720081],[-83.879525,41.686275],[-83.87908,41.671849],[-83.878726,41.660554],[-83.878635,41.657651],[-83.878282,41.643613],[-83.878171,41.639786],[-83.87816,41.639395],[-83.878075,41.636459],[-83.877489,41.617516],[-83.882213,41.617473],[-83.882223,41.614186],[-83.882254,41.603229],[-83.88221,41.599488],[-83.882415,41.592118],[-83.882477,41.590061],[-83.882509,41.588597],[-83.882499,41.58762],[-83.882483,41.585949],[-83.882498,41.583975],[-83.882506,41.582479],[-83.882454,41.580938],[-83.882456,41.576989],[-83.882457,41.575939],[-83.88247,41.5597],[-83.882503,41.559556],[-83.882546,41.55611],[-83.882601,41.548909],[-83.88269,41.545292],[-83.88292,41.53055],[-83.882932,41.515803],[-83.882899,41.497528],[-83.882845,41.491498],[-83.882832,41.490037],[-83.882827,41.48947],[-83.882825,41.489201],[-83.882809,41.487445],[-83.882781,41.47971],[-83.882778,41.478672],[-83.88286,41.458386],[-83.882956,41.44619],[-83.882968,41.444157],[-83.883288,41.41714],[-83.883235,41.414504],[-83.874941,41.415955],[-83.873789,41.416227],[-83.871277,41.416247],[-83.867452,41.414763],[-83.86334,41.414251],[-83.86064,41.414251],[-83.85434,41.414445],[-83.852316,41.415651],[-83.851556,41.416887],[-83.850852,41.420108],[-83.849764,41.422264],[-83.84562,41.425028],[-83.833931,41.427832],[-83.822179,41.43144],[-83.820864,41.432198],[-83.817547,41.432296],[-83.815731,41.432892],[-83.813115,41.434948],[-83.806739,41.437552],[-83.78905,41.446788],[-83.783826,41.448424],[-83.780638,41.450152],[-83.779186,41.45226],[-83.78001,41.458804],[-83.779642,41.460472],[-83.778482,41.461976],[-83.77669,41.462996],[-83.773282,41.463616],[-83.76765,41.462732],[-83.765249,41.462256],[-83.756729,41.462212],[-83.748137,41.465852],[-83.746561,41.466736],[-83.740257,41.477576],[-83.736417,41.482004],[-83.732649,41.484684],[-83.730993,41.485432],[-83.727408,41.48614],[-83.722232,41.48664],[-83.720304,41.487216],[-83.717416,41.488604],[-83.71472,41.490568],[-83.712843,41.492494],[-83.711648,41.494468],[-83.711528,41.495548],[-83.713636,41.500252],[-83.7134,41.502224],[-83.711232,41.506288],[-83.709636,41.521852],[-83.703336,41.528952],[-83.699736,41.533952],[-83.694136,41.538552],[-83.684536,41.544352],[-83.682536,41.545451],[-83.678336,41.547851],[-83.670235,41.548351],[-83.665635,41.549251],[-83.659835,41.553451],[-83.655479,41.554765],[-83.649935,41.557251],[-83.644935,41.560751],[-83.643435,41.561151],[-83.636135,41.560251],[-83.632075,41.562365],[-83.631334,41.562751],[-83.625634,41.570051],[-83.621634,41.569951],[-83.618734,41.569751],[-83.612734,41.570751],[-83.609534,41.573251],[-83.608434,41.577951],[-83.606334,41.580351],[-83.600734,41.586251],[-83.594434,41.58905],[-83.593134,41.59315],[-83.590934,41.59455],[-83.588034,41.60095],[-83.584534,41.60435],[-83.582034,41.60505],[-83.578334,41.61095],[-83.569934,41.61715],[-83.565729,41.617464],[-83.563233,41.61765],[-83.559833,41.61765],[-83.548433,41.61765],[-83.542933,41.61765],[-83.536733,41.61775],[-83.527933,41.617749],[-83.524432,41.617749],[-83.518632,41.617649],[-83.512432,41.617749],[-83.505632,41.617849],[-83.495732,41.618049],[-83.493032,41.618149],[-83.491332,41.618149],[-83.489932,41.618149],[-83.485932,41.618249],[-83.476831,41.618349],[-83.466331,41.618449],[-83.446931,41.618649],[-83.42763,41.618849],[-83.41553,41.618949],[-83.375229,41.620148],[-83.337928,41.620948],[-83.299427,41.621748],[-83.259726,41.622747],[-83.249926,41.62298],[-83.240032,41.6232],[-83.23031,41.623236],[-83.182456,41.623154],[-83.16566862,41.62323365]]]},"properties":{"name":"Lucas=LUCA 1","type":"county"}},
{"type":"Feature","geometry":{"type":"Polygon","coordinates":[[[-83.503939,40.111307],[-83.51078,40.053424],[-83.511538,40.047243],[-83.514722,40.019292],[-83.515058,40.01126],[-83.508098,40.010572],[-83.512565,39.997473],[-83.512615,39.997328],[-83.514226,39.992604],[-83.515213,39.989911],[-83.521876,39.972348],[-83.521938,39.972188],[-83.530297,39.946368],[-83.532064,39.941273],[-83.532212,39.940845],[-83.532739,39.939326],[-83.534498,39.934124],[-83.540331,39.917692],[-83.542226,39.912444],[-83.542297,39.912518],[-83.546459,39.904573],[-83.548835,39.898742],[-83.551246,39.890684],[-83.556641,39.867884],[-83.562689,39.849132],[-83.574834,39.812958],[-83.578609,39.798315],[-83.583418,39.784418],[-83.583809,39.783291],[-83.584209,39.782171],[-83.588017,39.768779],[-83.609857,39.770347],[-83.647169,39.773029],[-83.650019,39.750059],[-83.651954,39.728684],[-83.65333,39.716876],[-83.624921,39.715165],[-83.542054,39.710419],[-83.530089,39.709737],[-83.51509,39.708881],[-83.387825,39.701724],[-83.366796,39.700703],[-83.365362,39.700648],[-83.336706,39.699568],[-83.303788,39.697909],[-83.286053,39.697103],[-83.271218,39.696295],[-83.252435,39.695438],[-83.251136,39.713436],[-83.24961,39.735053],[-83.249533,39.735642],[-83.249514,39.735789],[-83.245488,39.787429],[-83.245306,39.790189],[-83.245149,39.791709],[-83.243722,39.810077],[-83.243466,39.813309],[-83.247194,39.861565],[-83.250907,39.904221],[-83.252075,39.917309],[-83.230682,39.92819],[-83.225978,39.931678],[-83.225674,39.932686],[-83.231562,39.94435],[-83.23353,39.946174],[-83.235898,39.94739],[-83.237306,39.94995],[-83.240298,39.95123],[-83.241738,39.952478],[-83.242394,39.95507],[-83.241866,39.957086],[-83.240474,39.958878],[-83.240378,39.960126],[-83.241178,39.961006],[-83.245899,39.963662],[-83.245734,39.966936],[-83.245771,39.96835],[-83.247179,39.971262],[-83.248059,39.971454],[-83.249451,39.97011],[-83.250507,39.970622],[-83.250299,39.97667],[-83.249115,39.979678],[-83.249467,39.980878],[-83.250075,39.982542],[-83.246763,39.98555],[-83.246187,39.987438],[-83.260203,40.001886],[-83.260683,40.00291],[-83.259067,40.004702],[-83.254411,40.005054],[-83.252251,40.00707],[-83.251339,40.008926],[-83.251499,40.009806],[-83.252427,40.010206],[-83.253067,40.015454],[-83.252811,40.017358],[-83.251547,40.020126],[-83.251675,40.02371],[-83.252507,40.028446],[-83.253515,40.028958],[-83.255563,40.029021],[-83.256267,40.030717],[-83.255803,40.033517],[-83.252059,40.040973],[-83.255419,40.043517],[-83.255467,40.047741],[-83.254491,40.049293],[-83.212106,40.048126],[-83.211082,40.059582],[-83.210586,40.065278],[-83.209706,40.075342],[-83.206266,40.107837],[-83.233179,40.108461],[-83.250423,40.108816],[-83.25758,40.108925],[-83.258492,40.108973],[-83.258716,40.108973],[-83.263244,40.109085],[-83.267324,40.109277],[-83.268428,40.109293],[-83.27982,40.109565],[-83.281258,40.109597],[-83.285885,40.109725],[-83.291789,40.109773],[-83.382268,40.110326],[-83.39162,40.110396],[-83.392601,40.110404],[-83.503939,40.111307]]]},"properties":{"name":"Madison=MADI 1","type":"county"}},
{"type":"Feature","geometry":{"type":"Polygon","coordinates":[[[-80.519167,41.133343],[-80.570226,41.133369],[-80.581106,41.133305],[-80.583555,41.133369],[-80.588243,41.133369],[-80.597443,41.133273],[-80.615412,41.133449],[-80.616836,41.133433],[-80.62418,41.133513],[-80.634754,41.133714],[-80.635108,41.133721],[-80.635696,41.133657],[-80.635979,41.133666],[-80.638341,41.133737],[-80.638997,41.133757],[-80.645097,41.133657],[-80.651197,41.133657],[-80.655493,41.133657],[-80.659669,41.133673],[-80.665098,41.133757],[-80.671837,41.133828],[-80.671996,41.133825],[-80.673142,41.133804],[-80.675498,41.133857],[-80.682498,41.133757],[-80.685498,41.133857],[-80.698599,41.133957],[-80.709703,41.134009],[-80.710899,41.133957],[-80.717303,41.133945],[-80.7237,41.133957],[-80.7303,41.133957],[-80.73836,41.134105],[-80.749906,41.134172],[-80.753545,41.134217],[-80.769002,41.134157],[-80.773402,41.134157],[-80.777487,41.134157],[-80.778302,41.134157],[-80.789603,41.134157],[-80.80726,41.134153],[-80.811356,41.134169],[-80.811692,41.134201],[-80.824669,41.134121],[-80.905649,41.134281],[-80.965572,41.133993],[-80.966996,41.133977],[-80.999814,41.133821],[-80.999814,41.125057],[-80.999814,41.123725],[-80.999814,41.116542],[-80.999814,41.113457],[-80.999814,41.111222],[-80.999814,41.105761],[-80.999814,41.099919],[-80.999814,41.098434],[-80.999814,41.089511],[-80.999814,41.084672],[-80.999814,41.073057],[-80.999814,41.062057],[-80.999814,41.061181],[-80.999814,41.021358],[-80.999814,41.014783],[-80.999814,41.000322],[-80.999814,40.999663],[-80.999797,40.98808],[-80.999831,40.987766],[-81.008514,40.987858],[-81.010414,40.987858],[-81.050116,40.987958],[-81.086818,40.988158],[-81.086719,40.944859],[-81.086718,40.940658],[-81.086918,40.939658],[-81.086818,40.937558],[-81.086718,40.931858],[-81.086718,40.930358],[-81.086718,40.926358],[-81.086818,40.920658],[-81.086718,40.920158],[-81.086818,40.91594],[-81.086644,40.907067],[-81.086682,40.904312],[-81.086702,40.902896],[-81.084851,40.902892],[-81.079358,40.902888],[-81.070027,40.902798],[-81.052036,40.902598],[-81.050696,40.902598],[-81.034214,40.902538],[-81.014984,40.902448],[-81.013516,40.902429],[-80.996117,40.902474],[-80.977844,40.902298],[-80.976612,40.902282],[-80.975084,40.902268],[-80.965955,40.902186],[-80.959731,40.902106],[-80.957747,40.902074],[-80.956707,40.902074],[-80.955363,40.902042],[-80.954083,40.90201],[-80.946298,40.901915],[-80.944043,40.901885],[-80.915297,40.901482],[-80.907072,40.90137],[-80.899166,40.901227],[-80.897232,40.90121],[-80.897084,40.906601],[-80.896272,40.930186],[-80.891359,40.930202],[-80.876222,40.930122],[-80.856573,40.929882],[-80.850482,40.92979],[-80.848941,40.929767],[-80.840653,40.929642],[-80.821643,40.929594],[-80.821899,40.910906],[-80.821919,40.909502],[-80.822043,40.900891],[-80.820779,40.900939],[-80.820443,40.900875],[-80.785705,40.900763],[-80.779129,40.900603],[-80.778039,40.900577],[-80.766424,40.900443],[-80.765256,40.900443],[-80.761976,40.900411],[-80.7614,40.900395],[-80.761016,40.900427],[-80.760696,40.900411],[-80.759734,40.900411],[-80.759384,40.900411],[-80.753271,40.900427],[-80.745767,40.900443],[-80.739207,40.900379],[-80.72303,40.900283],[-80.701494,40.900157],[-80.698619,40.90018],[-80.697717,40.900187],[-80.696229,40.900123],[-80.691204,40.900137],[-80.690633,40.900139],[-80.690581,40.900139],[-80.688993,40.900111],[-80.688757,40.900107],[-80.679509,40.900043],[-80.651044,40.899932],[-80.647187,40.899868],[-80.635955,40.899788],[-80.632131,40.899724],[-80.576209,40.899788],[-80.519764,40.899858],[-80.51979,40.900761],[-80.519891,40.906661],[-80.519091,40.921061],[-80.51904725,40.95296865],[-80.51903999,40.95826007],[-80.5190023,40.98574278],[-80.51899981,40.98756038],[-80.518989,40.995445],[-80.518927,41.015387],[-80.51893313,41.02395965],[-80.51893748,41.03004167],[-80.51896,41.061546],[-80.518928,41.070954],[-80.51896,41.071866],[-80.518999,41.075014],[-80.519088,41.082074],[-80.519092,41.090658],[-80.519125,41.100819],[-80.519192,41.105358],[-80.518992,41.115958],[-80.519056,41.125057],[-80.519012,41.125057],[-80.519012,41.125116],[-80.519167,41.133343]]]},"properties":{"name":"Mahoning=MAHO 1","type":"county"}},
{"type":"Feature","geometry":{"type":"Polygon","coordinates":[[[-82.858302,40.705019],[-82.871979,40.704879],[-82.909844,40.704729],[-82.919252,40.704639],[-82.935484,40.704525],[-82.957773,40.703437],[-82.975867,40.703658],[-82.977323,40.703648],[-83.004522,40.7033],[-83.00858,40.703285],[-83.068302,40.703152],[-83.073171,40.703037],[-83.082784,40.702954],[-83.086791,40.70292],[-83.086907,40.70292],[-83.089131,40.702943],[-83.089569,40.702965],[-83.090694,40.702874],[-83.111342,40.702957],[-83.159554,40.702599],[-83.161265,40.702528],[-83.162319,40.702485],[-83.168782,40.702395],[-83.188287,40.702213],[-83.192376,40.702179],[-83.227045,40.702455],[-83.298776,40.702028],[-83.304687,40.702006],[-83.304693,40.687573],[-83.304693,40.687162],[-83.323957,40.687298],[-83.342945,40.687362],[-83.35096,40.68734],[-83.38136,40.687264],[-83.419826,40.687282],[-83.419831,40.686823],[-83.419848,40.682745],[-83.419846,40.670775],[-83.419869,40.664721],[-83.419826,40.647237],[-83.419827,40.645355],[-83.419827,40.643751],[-83.420318,40.621877],[-83.420358,40.613988],[-83.420381,40.607446],[-83.420112,40.600081],[-83.418814,40.573236],[-83.418469,40.566643],[-83.417842,40.556171],[-83.417275,40.544732],[-83.415303,40.515495],[-83.418372,40.505223],[-83.406018,40.505418],[-83.310129,40.506423],[-83.270948,40.506828],[-83.25509,40.507018],[-83.248013,40.507025],[-83.247989,40.501003],[-83.248229,40.491893],[-83.248232,40.491293],[-83.248418,40.463222],[-83.248438,40.457635],[-83.248446,40.455555],[-83.248458,40.453575],[-83.248463,40.452815],[-83.248561,40.443906],[-83.227974,40.442836],[-83.191848,40.440958],[-83.160175,40.439295],[-83.113567,40.437021],[-83.075069,40.435635],[-83.0725,40.435542],[-83.051498,40.434795],[-83.047119,40.43468],[-83.020938,40.433801],[-83.017765,40.472727],[-83.016785,40.484511],[-83.006507,40.485695],[-83.005285,40.485882],[-82.963115,40.490188],[-82.958415,40.490547],[-82.95822,40.523528],[-82.958061,40.557919],[-82.957798,40.616083],[-82.957817,40.645148],[-82.937404,40.645485],[-82.921723,40.645766],[-82.91591,40.64587],[-82.907042,40.64603],[-82.888332,40.646275],[-82.859882,40.646457],[-82.858996,40.665558],[-82.858302,40.705019]]]},"properties":{"name":"Marion=MARI 1","type":"county"}},
{"type":"Feature","geometry":{"type":"Polygon","coordinates":[[[-81.684949,41.277155],[-81.701614,41.277059],[-81.702491,41.277054],[-81.705149,41.277254],[-81.71797,41.276947],[-81.72067,41.276938],[-81.728252,41.276954],[-81.74519,41.276762],[-81.774844,41.276542],[-81.775741,41.276536],[-81.785155,41.276454],[-81.806255,41.276054],[-81.822457,41.275827],[-81.822787,41.275823],[-81.825312,41.275796],[-81.825845,41.27579],[-81.826924,41.275779],[-81.835857,41.275654],[-81.836443,41.274681],[-81.836897,41.273929],[-81.839431,41.27559],[-81.862454,41.275348],[-81.862557,41.275353],[-81.877932,41.275087],[-81.88336,41.275108],[-81.89784,41.275076],[-81.914693,41.275471],[-81.924999,41.275015],[-81.927979,41.274857],[-81.972476,41.275375],[-81.972671,41.264154],[-81.972721,41.261384],[-81.973237,41.260188],[-81.973766,41.237858],[-81.974013,41.222349],[-81.974304,41.207209],[-81.974438,41.199836],[-82.002764,41.199754],[-82.072469,41.199853],[-82.073369,41.167254],[-82.07417,41.137954],[-82.07417,41.137854],[-82.07427,41.136354],[-82.122873,41.136754],[-82.169876,41.137053],[-82.171355,41.069814],[-82.171492,41.063538],[-82.173421,40.992342],[-82.129442,40.992075],[-82.078679,40.99136],[-82.078377,40.991383],[-82.054884,40.990972],[-82.030303,40.990682],[-82.000838,40.990362],[-81.996635,40.990141],[-81.99359,40.990066],[-81.993515,40.990048],[-81.98753,40.990025],[-81.977381,40.989961],[-81.948584,40.989634],[-81.948266,40.989669],[-81.940018,40.989633],[-81.909568,40.989387],[-81.901121,40.98932],[-81.892037,40.989248],[-81.890958,40.98923],[-81.885184,40.989134],[-81.880007,40.989048],[-81.859009,40.988791],[-81.832905,40.988339],[-81.822201,40.988204],[-81.805484,40.988253],[-81.803011,40.988258],[-81.796203,40.988273],[-81.794452,40.98825],[-81.793796,40.988249],[-81.785728,40.988248],[-81.785169,40.988246],[-81.778267,40.988223],[-81.764885,40.988199],[-81.759122,40.988239],[-81.729948,40.988342],[-81.715563,40.98847],[-81.688449,40.988854],[-81.688357,41.000054],[-81.688298,41.000544],[-81.688149,41.004254],[-81.68796,41.024639],[-81.687949,41.025854],[-81.687946,41.026301],[-81.687722,41.0314],[-81.687249,41.042154],[-81.687649,41.046154],[-81.687449,41.062154],[-81.687449,41.063388],[-81.687449,41.064694],[-81.687348,41.092954],[-81.687248,41.110554],[-81.687248,41.115854],[-81.686848,41.135854],[-81.686423,41.162751],[-81.686344,41.165322],[-81.686248,41.168454],[-81.68595,41.188208],[-81.685948,41.188354],[-81.685648,41.201954],[-81.685324,41.23948],[-81.684949,41.277155]]]},"properties":{"name":"Medina=MEDI 1","type":"county"}},
{"type":"Feature","geometry":{"type":"Polygon","coordinates":[[[-82.26867,39.203773],[-82.272401,39.203954],[-82.285092,39.204568],[-82.302489,39.205347],[-82.303342,39.20537],[-82.305902,39.205439],[-82.306668,39.205514],[-82.310086,39.167977],[-82.311961,39.147198],[-82.312019,39.14555],[-82.313175,39.130798],[-82.314703,39.116582],[-82.317249,39.087559],[-82.317923,39.080397],[-82.321249,39.045359],[-82.322874,39.027674],[-82.323894,39.013154],[-82.320909,39.013183],[-82.316943,39.012955],[-82.313433,39.012763],[-82.313165,39.012748],[-82.311581,39.012748],[-82.310584,39.01268],[-82.274072,39.010576],[-82.238252,39.009381],[-82.211046,39.008119],[-82.209427,39.008066],[-82.127795,39.004209],[-82.120308,39.003876],[-82.095465,39.002778],[-82.096589,38.991214],[-82.096676,38.989703],[-82.098647,38.963655],[-82.09897842,38.95815529],[-82.094865,38.964578],[-82.093165,38.97098],[-82.09286927,38.97149716],[-82.091565,38.973778],[-82.09068227,38.9745548],[-82.08943699,38.97565065],[-82.089065,38.975978],[-82.08603135,38.97757285],[-82.079364,38.981078],[-82.068864,38.984878],[-82.058764,38.990078],[-82.05595854,38.99175325],[-82.051563,38.994378],[-82.049163,38.997278],[-82.045663,39.003778],[-82.04442159,39.00804724],[-82.0442899,39.00850011],[-82.04274352,39.01381816],[-82.04229195,39.01537112],[-82.0416878,39.01744881],[-82.041563,39.017878],[-82.038763,39.022678],[-82.035963,39.025478],[-82.02944894,39.0276491],[-82.027262,39.028378],[-82.02593648,39.02861031],[-82.017562,39.030078],[-82.007062,39.029578],[-82.00445501,39.02865488],[-82.00308305,39.02816908],[-82.002261,39.027878],[-82.00156766,39.02736512],[-82.00065317,39.02668864],[-81.99831043,39.02495566],[-81.994961,39.022478],[-81.9939053,39.02127567],[-81.991361,39.018378],[-81.987061,39.011978],[-81.98402411,39.00599624],[-81.98400791,39.00596434],[-81.983761,39.005478],[-81.982761,39.001978],[-81.98254048,39.000078],[-81.982032,38.995697],[-81.981158,38.994351],[-81.979371,38.993193],[-81.977455,38.992679],[-81.973871,38.992413],[-81.967769,38.992955],[-81.960832,38.994275],[-81.95926,38.995227],[-81.951447,38.996032],[-81.941829,38.993295],[-81.936828,38.990414],[-81.93562279,38.98950232],[-81.93561929,38.98949967],[-81.933186,38.987659],[-81.926561,38.977508],[-81.918214,38.966595],[-81.91458708,38.95889495],[-81.912443,38.954343],[-81.91140759,38.9527338],[-81.9066,38.945262],[-81.900595,38.937671],[-81.89847,38.929603],[-81.899953,38.925405],[-81.90091,38.924338],[-81.908341,38.917403],[-81.911936,38.915564],[-81.917757,38.910604],[-81.919098,38.908615],[-81.926671,38.901311],[-81.928352,38.895371],[-81.928,38.893492],[-81.926967,38.891602],[-81.915898,38.88427],[-81.910312,38.879294],[-81.908645,38.87846],[-81.898541,38.874582],[-81.892837,38.873869],[-81.889233,38.874279],[-81.874857,38.881174],[-81.858921,38.89019],[-81.855971,38.892734],[-81.848653,38.901407],[-81.845312,38.910088],[-81.84607,38.913192],[-81.844486,38.928746],[-81.838067,38.937135],[-81.831516,38.943697],[-81.827354,38.945898],[-81.825026,38.946603],[-81.82130324,38.94689125],[-81.82092114,38.94692083],[-81.819692,38.947016],[-81.814235,38.946168],[-81.806137,38.942112],[-81.796376,38.932498],[-81.793372,38.930204],[-81.785647,38.926193],[-81.781248,38.924804],[-81.774106,38.922965],[-81.76976,38.92273],[-81.766227,38.922946],[-81.762659,38.924121],[-81.759995,38.925828],[-81.758506,38.927942],[-81.756131,38.933545],[-81.756975,38.937152],[-81.769703,38.948707],[-81.77396,38.951645],[-81.778845,38.955892],[-81.780736,38.958975],[-81.78182,38.964935],[-81.780012,38.97225099],[-81.779883,38.972773],[-81.77963393,38.97325109],[-81.775734,38.980737],[-81.776466,38.982048],[-81.776723,38.985142],[-81.775551,38.990107],[-81.77515829,38.99104988],[-81.77434554,38.99300125],[-81.774062,38.993682],[-81.77399478,38.99378387],[-81.771975,38.996845],[-81.767188,39.000115],[-81.76529641,39.00240536],[-81.765153,39.002579],[-81.764253,39.006579],[-81.764253,39.015279],[-81.76634792,39.01856104],[-81.767253,39.019979],[-81.772854,39.026179],[-81.77767783,39.02984088],[-81.77954187,39.03125592],[-81.786554,39.036579],[-81.793304,39.040353],[-81.79353158,39.04050228],[-81.79747985,39.04309209],[-81.800355,39.044978],[-81.80133989,39.0458644],[-81.80245563,39.04686857],[-81.803355,39.047678],[-81.80589722,39.05108276],[-81.8076617,39.0534459],[-81.808955,39.055178],[-81.81083,39.05823356],[-81.81149527,39.0593177],[-81.811655,39.059578],[-81.81267064,39.06334184],[-81.813355,39.065878],[-81.81359279,39.06813703],[-81.814155,39.073478],[-81.813855,39.079278],[-81.812355,39.082078],[-81.810655,39.083278],[-81.807855,39.083978],[-81.807535,39.08397133],[-81.8043416,39.0839048],[-81.803055,39.083878],[-81.80266057,39.0837975],[-81.798155,39.082878],[-81.790754,39.079778],[-81.78681461,39.07886891],[-81.785554,39.078578],[-81.781454,39.078078],[-81.77619567,39.07834537],[-81.775554,39.078378],[-81.77396652,39.0789121],[-81.7651045,39.08189372],[-81.764854,39.081978],[-81.76477442,39.08201875],[-81.76359845,39.08262093],[-81.760753,39.084078],[-81.75872856,39.08547583],[-81.75820844,39.08583496],[-81.752353,39.089878],[-81.747253,39.095378],[-81.745453,39.098078],[-81.743853,39.102378],[-81.742953,39.106578],[-81.742153,39.116777],[-81.744568,39.126816],[-81.744838,39.130898],[-81.744525,39.138829],[-81.743565,39.141933],[-81.744621,39.148413],[-81.754254,39.171476],[-81.75546416,39.17498547],[-81.7561388,39.17694192],[-81.756254,39.177276],[-81.75602126,39.17899827],[-81.75586275,39.18017121],[-81.765717,39.18058],[-81.775009,39.180881],[-81.777155,39.181019],[-81.784164,39.181329],[-81.841391,39.18366],[-81.843108,39.18373],[-81.926213,39.186906],[-81.936209,39.1873],[-81.960903,39.188322],[-82.017401,39.190699],[-82.046836,39.192123],[-82.050188,39.192164],[-82.079257,39.19349],[-82.135699,39.196478],[-82.145607,39.196985],[-82.154398,39.197473],[-82.156574,39.197428],[-82.178612,39.198675],[-82.192269,39.199374],[-82.26867,39.203773]]]},"properties":{"name":"Meigs=MEIG 1","type":"county"}},
{"type":"Feature","geometry":{"type":"Polygon","coordinates":[[[-84.455998,40.684764],[-84.45627,40.728272],[-84.494357,40.72817],[-84.571502,40.727921],[-84.634606,40.727621],[-84.667421,40.72763],[-84.676725,40.72768],[-84.689232,40.727681],[-84.69296,40.727704],[-84.746625,40.727966],[-84.765938,40.728035],[-84.772775,40.728041],[-84.802119,40.728163],[-84.802181,40.718602],[-84.802094,40.702476],[-84.802127,40.691405],[-84.802157,40.689324],[-84.80222,40.674776],[-84.802193,40.660298],[-84.80218073,40.65703283],[-84.802135,40.644859],[-84.80214294,40.64042118],[-84.80222079,40.59691829],[-84.802265,40.572215],[-84.80235989,40.55298993],[-84.802483,40.528046],[-84.80252926,40.50908403],[-84.802547,40.50181],[-84.80378815,40.46653837],[-84.80382338,40.46553709],[-84.803928,40.462564],[-84.8044464,40.41665631],[-84.804504,40.411555],[-84.8044904,40.40948111],[-84.80444559,40.40264817],[-84.80430645,40.38142985],[-84.804119,40.352844],[-84.793285,40.352876],[-84.790413,40.352885],[-84.782204,40.352817],[-84.777752,40.352781],[-84.720703,40.352245],[-84.719495,40.352237],[-84.709969,40.352178],[-84.691134,40.352202],[-84.677398,40.35205],[-84.674703,40.352042],[-84.648429,40.351904],[-84.648214,40.351902],[-84.647913,40.3519],[-84.646379,40.351896],[-84.643472,40.351864],[-84.64315,40.351849],[-84.643042,40.351849],[-84.641895,40.351871],[-84.641815,40.351868],[-84.639938,40.351839],[-84.638686,40.351832],[-84.638541,40.351832],[-84.632807,40.351821],[-84.618585,40.351823],[-84.600031,40.351854],[-84.599972,40.353295],[-84.571601,40.353573],[-84.562526,40.353704],[-84.558701,40.353759],[-84.540051,40.353973],[-84.534768,40.354026],[-84.515785,40.354179],[-84.495354,40.354063],[-84.495324,40.354291],[-84.463038,40.354347],[-84.454822,40.354322],[-84.434669,40.354257],[-84.434426,40.354529],[-84.455416,40.358534],[-84.455414,40.35883],[-84.455387,40.36265],[-84.455476,40.362719],[-84.455452,40.369846],[-84.455448,40.371021],[-84.455515,40.378283],[-84.455457,40.385693],[-84.455442,40.397418],[-84.455404,40.407557],[-84.455376,40.41499],[-84.455407,40.422263],[-84.455231,40.436671],[-84.455215,40.445466],[-84.455204,40.451331],[-84.455057,40.465877],[-84.455099,40.472407],[-84.4551,40.472576],[-84.455153,40.480581],[-84.455201,40.487656],[-84.455242,40.495035],[-84.455041,40.505593],[-84.455142,40.516339],[-84.455175,40.519858],[-84.455199,40.522365],[-84.455473,40.550899],[-84.455485,40.553438],[-84.455504,40.557326],[-84.455626,40.567892],[-84.455659,40.581614],[-84.455854,40.626158],[-84.455856,40.627067],[-84.455888,40.640818],[-84.455982,40.655386],[-84.455983,40.661676],[-84.455987,40.677524],[-84.455998,40.684764]]]},"properties":{"name":"Mercer=MERC 1","type":"county"}},
{"type":"Feature","geometry":{"type":"Polygon","coordinates":[[[-84.023202,40.184021],[-84.042274,40.185061],[-84.046367,40.185139],[-84.099172,40.188228],[-84.11224,40.188951],[-84.117738,40.189303],[-84.136469,40.190515],[-84.153491,40.191461],[-84.155766,40.191587],[-84.193271,40.194082],[-84.212808,40.195218],[-84.213154,40.195237],[-84.218776,40.195538],[-84.218726,40.197901],[-84.218722,40.19811],[-84.21868,40.200082],[-84.233464,40.199602],[-84.248905,40.198817],[-84.285994,40.198321],[-84.298922,40.198145],[-84.317898,40.197969],[-84.356188,40.197521],[-84.397453,40.19752],[-84.403816,40.19748],[-84.432686,40.197136],[-84.432718,40.188912],[-84.436397,40.180908],[-84.432286,40.180848],[-84.431773,40.160033],[-84.431323,40.140675],[-84.431321,40.140575],[-84.431261,40.138177],[-84.431229,40.136689],[-84.431244,40.136599],[-84.431005,40.130929],[-84.430445,40.123313],[-84.43043,40.122895],[-84.430125,40.114561],[-84.429453,40.09413],[-84.429243,40.07663],[-84.4292,40.075333],[-84.429101,40.072306],[-84.428781,40.05037],[-84.428205,40.021683],[-84.427981,40.010579],[-84.427677,40.006995],[-84.427133,40.006995],[-84.426909,39.992003],[-84.426733,39.984659],[-84.426669,39.977363],[-84.426365,39.963028],[-84.426253,39.94834],[-84.426588,39.946452],[-84.425848,39.919552],[-84.421245,39.919552],[-84.392647,39.919953],[-84.390612,39.919953],[-84.387447,39.919953],[-84.383437,39.920059],[-84.368547,39.920453],[-84.362243,39.920559],[-84.350646,39.920753],[-84.345484,39.920808],[-84.341246,39.920853],[-84.315945,39.921154],[-84.315697,39.921171],[-84.301945,39.921354],[-84.301094,39.921365],[-84.293769,39.921455],[-84.285745,39.921554],[-84.279195,39.921554],[-84.278085,39.921554],[-84.274944,39.921554],[-84.269894,39.921635],[-84.268744,39.921654],[-84.246144,39.922055],[-84.227143,39.922355],[-84.216385,39.92243],[-84.198642,39.922556],[-84.188441,39.922656],[-84.174541,39.922856],[-84.168941,39.922856],[-84.166841,39.922856],[-84.157845,39.922937],[-84.159042,39.921216],[-84.16378,39.91564],[-84.167172,39.911816],[-84.165252,39.900504],[-84.16384,39.895456],[-84.15734,39.887757],[-84.157796,39.885641],[-84.1518,39.885393],[-84.145339,39.884957],[-84.138409,39.884662],[-84.135939,39.884557],[-84.132838,39.884368],[-84.131895,39.88431],[-84.121991,39.883705],[-84.118258,39.883477],[-84.104838,39.882657],[-84.098938,39.882758],[-84.051536,39.879858],[-84.051648,39.882554],[-84.050128,39.89769],[-84.048864,39.908282],[-84.046176,39.935706],[-84.04587,39.939101],[-84.045008,39.94577],[-84.044768,39.947978],[-84.044272,39.952538],[-84.04422,39.953119],[-84.043008,39.966922],[-84.042048,39.97681],[-84.0392,40.008474],[-84.038416,40.017625],[-84.036321,40.040009],[-84.032001,40.08596],[-84.029857,40.111431],[-84.02856,40.125694],[-84.028365,40.127862],[-84.027249,40.140278],[-84.023202,40.184021]]]},"properties":{"name":"Miami=MIAM 1","type":"county"}},
{"type":"Feature","geometry":{"type":"Polygon","coordinates":[[[-81.237316,39.867828],[-81.298792,39.869167],[-81.309159,39.869345],[-81.313591,39.869471],[-81.313791,39.861792],[-81.313851,39.861175],[-81.314369,39.845461],[-81.314422,39.843945],[-81.314453,39.841508],[-81.315661,39.806983],[-81.315686,39.806281],[-81.316567,39.784328],[-81.316779,39.779103],[-81.317044,39.772179],[-81.317141,39.769037],[-81.317871,39.750574],[-81.31802,39.74654],[-81.318245,39.73856],[-81.319125,39.70736],[-81.280894,39.707114],[-81.280579,39.707112],[-81.280603,39.706786],[-81.281217,39.692556],[-81.280577,39.692206],[-81.280731,39.678783],[-81.281815,39.6452],[-81.281794,39.643014],[-81.283075,39.605796],[-81.264269,39.605357],[-81.265347,39.57681],[-81.246797,39.576594],[-81.241398,39.57885],[-81.215887,39.578074],[-81.201766,39.577603],[-81.160179,39.576361],[-81.141591,39.57583],[-81.139926,39.575787],[-81.062241,39.573068],[-81.036791,39.572118],[-81.036879,39.570624],[-81.03724,39.564494],[-81.0387022,39.54004984],[-81.03369909,39.54307589],[-81.030169,39.545211],[-81.02981587,39.54554691],[-81.026662,39.548547],[-81.0239,39.552313],[-81.020055,39.55541],[-81.00866,39.562798],[-80.996804,39.56912],[-80.993695,39.571253],[-80.987732,39.577262],[-80.978664,39.583517],[-80.970436,39.590127],[-80.94805872,39.60423055],[-80.943782,39.606926],[-80.936906,39.612616],[-80.933292,39.614812],[-80.925841,39.617396],[-80.91995677,39.61833149],[-80.91762,39.618703],[-80.906247,39.618431],[-80.896514,39.616757],[-80.892208,39.616756],[-80.88036,39.620706],[-80.876002,39.627084],[-80.87102,39.638963],[-80.87080227,39.6400779],[-80.870473,39.641764],[-80.870771,39.642885],[-80.869802,39.646896],[-80.866647,39.652616],[-80.865575,39.662751],[-80.86667,39.678487],[-80.86633,39.683167],[-80.865805,39.686484],[-80.863698,39.691724],[-80.861718,39.693625],[-80.86057367,39.69424354],[-80.85750024,39.69590481],[-80.854599,39.697473],[-80.852,39.69856],[-80.844721,39.69944],[-80.8424513,39.70008461],[-80.84075709,39.70056578],[-80.839112,39.701033],[-80.833882,39.703497],[-80.831871,39.705655],[-80.829764,39.711839],[-80.829723,39.714041],[-80.83142219,39.71909211],[-80.831551,39.719475],[-80.83362753,39.7209276],[-80.834563,39.721582],[-80.836597,39.723925],[-80.846091,39.737812],[-80.85050208,39.73995416],[-80.852738,39.74104],[-80.854717,39.742592],[-80.865339,39.753251],[-80.8667336,39.75563919],[-80.86673652,39.75564419],[-80.867596,39.757116],[-80.86801872,39.75828069],[-80.86818731,39.7587452],[-80.86977194,39.76311123],[-80.86984411,39.76331008],[-80.869933,39.763555],[-80.86949798,39.765008],[-80.869092,39.766364],[-80.86852517,39.76746647],[-80.866329,39.771738],[-80.863048,39.775197],[-80.84682026,39.7842613],[-80.835311,39.79069],[-80.826079,39.798584],[-80.824969,39.801092],[-80.82443157,39.80313841],[-80.822181,39.811708],[-80.82245487,39.82385641],[-80.82248,39.824971],[-80.82303,39.827484],[-80.826228,39.835802],[-80.826964,39.841656],[-80.826124,39.844238],[-80.824276,39.847159],[-80.821279,39.849982],[-80.822846,39.850018],[-80.829111,39.850159],[-80.882882,39.851974],[-80.896091,39.852559],[-80.904446,39.852976],[-80.954273,39.855469],[-80.961331,39.855822],[-80.99944,39.857589],[-81.000649,39.857498],[-81.017148,39.858182],[-81.017087,39.859875],[-81.05756,39.861615],[-81.064066,39.861867],[-81.064909,39.861898],[-81.073571,39.862205],[-81.074342,39.862229],[-81.093439,39.862868],[-81.124827,39.863815],[-81.127125,39.864006],[-81.127126,39.865039],[-81.150623,39.86577],[-81.174857,39.866346],[-81.222318,39.867538],[-81.237316,39.867828]]]},"properties":{"name":"Monroe=MONR 1","type":"county"}},
{"type":"Feature","geometry":{"type":"Polygon","coordinates":[[[-84.051536,39.879858],[-84.098938,39.882758],[-84.104838,39.882657],[-84.118258,39.883477],[-84.121991,39.883705],[-84.131895,39.88431],[-84.132838,39.884368],[-84.135939,39.884557],[-84.138409,39.884662],[-84.145339,39.884957],[-84.1518,39.885393],[-84.157796,39.885641],[-84.15734,39.887757],[-84.16384,39.895456],[-84.165252,39.900504],[-84.167172,39.911816],[-84.16378,39.91564],[-84.159042,39.921216],[-84.157845,39.922937],[-84.166841,39.922856],[-84.168941,39.922856],[-84.174541,39.922856],[-84.188441,39.922656],[-84.198642,39.922556],[-84.216385,39.92243],[-84.227143,39.922355],[-84.246144,39.922055],[-84.268744,39.921654],[-84.269894,39.921635],[-84.274944,39.921554],[-84.278085,39.921554],[-84.279195,39.921554],[-84.285745,39.921554],[-84.293769,39.921455],[-84.301094,39.921365],[-84.301945,39.921354],[-84.315697,39.921171],[-84.315945,39.921154],[-84.341246,39.920853],[-84.345484,39.920808],[-84.350646,39.920753],[-84.362243,39.920559],[-84.368547,39.920453],[-84.383437,39.920059],[-84.387447,39.919953],[-84.390612,39.919953],[-84.392647,39.919953],[-84.421245,39.919552],[-84.425848,39.919552],[-84.427248,39.919452],[-84.444765,39.919155],[-84.444949,39.919152],[-84.449532,39.919025],[-84.464049,39.918752],[-84.48565,39.918351],[-84.48555,39.910351],[-84.48555,39.908851],[-84.485373,39.905659],[-84.48535,39.905251],[-84.48535,39.903778],[-84.48535,39.903151],[-84.485273,39.901666],[-84.485278,39.901571],[-84.48531,39.899523],[-84.48475,39.874252],[-84.48425,39.873152],[-84.484249,39.859852],[-84.483849,39.844952],[-84.483687,39.838955],[-84.483349,39.830152],[-84.483357,39.827092],[-84.483253,39.817829],[-84.483249,39.817152],[-84.482949,39.809952],[-84.482939,39.809291],[-84.482813,39.800885],[-84.482573,39.788261],[-84.482461,39.773829],[-84.482416,39.769174],[-84.481901,39.744741],[-84.48147,39.723084],[-84.481468,39.723013],[-84.48142,39.722693],[-84.481036,39.698086],[-84.480961,39.685297],[-84.480588,39.677398],[-84.480631,39.671012],[-84.480571,39.65711],[-84.480558,39.654507],[-84.480147,39.650854],[-84.479485,39.625055],[-84.479347,39.620955],[-84.479046,39.604055],[-84.478746,39.590055],[-84.435445,39.590056],[-84.412444,39.589856],[-84.373344,39.589857],[-84.365271,39.589856],[-84.365269,39.589641],[-84.345142,39.589357],[-84.337542,39.589357],[-84.335042,39.589357],[-84.33268,39.589357],[-84.330338,39.589357],[-84.327641,39.589358],[-84.323841,39.589158],[-84.308041,39.589258],[-84.307041,39.589258],[-84.306541,39.589158],[-84.29624,39.589258],[-84.28898,39.58921],[-84.28684,39.589158],[-84.28634,39.589158],[-84.28534,39.589158],[-84.261311,39.587752],[-84.259839,39.587659],[-84.259572,39.587641],[-84.248139,39.586859],[-84.243196,39.586535],[-84.242039,39.586459],[-84.238257,39.586207],[-84.238016,39.586191],[-84.237987,39.586189],[-84.230223,39.585671],[-84.230038,39.585659],[-84.229871,39.585649],[-84.223419,39.585277],[-84.216666,39.584889],[-84.213746,39.584721],[-84.210938,39.584559],[-84.197873,39.583667],[-84.162836,39.581159],[-84.134434,39.57922],[-84.127535,39.578859],[-84.113935,39.577959],[-84.113743,39.584539],[-84.111135,39.611259],[-84.110435,39.620159],[-84.109635,39.625959],[-84.111935,39.626359],[-84.111735,39.628059],[-84.111036,39.637959],[-84.109036,39.660259],[-84.108436,39.667059],[-84.108407,39.667159],[-84.108236,39.667759],[-84.108236,39.668498],[-84.107136,39.682359],[-84.106592,39.690219],[-84.106336,39.692159],[-84.105836,39.696959],[-84.105336,39.706759],[-84.105236,39.708359],[-84.104436,39.716959],[-84.103836,39.721359],[-84.103615,39.72312],[-84.103536,39.723759],[-84.103336,39.727959],[-84.102436,39.736159],[-84.102136,39.739159],[-84.101936,39.740359],[-84.101836,39.741659],[-84.10086,39.751095],[-84.100843,39.751277],[-84.100353,39.755523],[-84.100236,39.756459],[-84.100236,39.757959],[-84.099536,39.765259],[-84.098993,39.769599],[-84.098936,39.770059],[-84.098936,39.770859],[-84.09892,39.770999],[-84.097837,39.780158],[-84.097468,39.784463],[-84.097237,39.787158],[-84.096937,39.792738],[-84.096937,39.792858],[-84.096937,39.792998],[-84.096937,39.793498],[-84.096937,39.793558],[-84.096937,39.793628],[-84.096937,39.794258],[-84.095737,39.809258],[-84.095137,39.814358],[-84.094931,39.817944],[-84.092937,39.838358],[-84.090637,39.838258],[-84.083537,39.837758],[-84.060236,39.836258],[-84.057536,39.836058],[-84.055235,39.835958],[-84.054936,39.839658],[-84.054758,39.84068],[-84.05475,39.840743],[-84.053736,39.850458],[-84.052653,39.861632],[-84.052602,39.86221],[-84.052336,39.864658],[-84.051536,39.879858]]]},"properties":{"name":"Montgomery=MONT 1","type":"county"}},
{"type":"Feature","geometry":{"type":"Polygon","coordinates":[[[-82.076639,39.77096],[-82.076837,39.768555],[-82.078902,39.74438],[-82.079317,39.739121],[-82.080224,39.727673],[-82.0731,39.727237],[-82.071096,39.727168],[-82.024219,39.724686],[-82.02881,39.672385],[-82.031976,39.637728],[-82.03289,39.625817],[-82.032922,39.624664],[-82.032983,39.624125],[-82.035878,39.592794],[-82.037584,39.57936],[-82.039605,39.550217],[-82.047269,39.550598],[-82.050445,39.517513],[-82.050546,39.516382],[-82.054412,39.477423],[-82.056065,39.459971],[-82.044476,39.459377],[-81.964877,39.455442],[-81.949995,39.454665],[-81.940562,39.454172],[-81.926882,39.453586],[-81.876077,39.451522],[-81.860557,39.45062],[-81.844857,39.449972],[-81.825757,39.449172],[-81.823458,39.482472],[-81.823158,39.494072],[-81.811879,39.493644],[-81.793455,39.492858],[-81.792006,39.492926],[-81.783456,39.492572],[-81.783756,39.489472],[-81.765948,39.488723],[-81.760959,39.488583],[-81.760955,39.482773],[-81.749855,39.482095],[-81.749535,39.481833],[-81.733678,39.481396],[-81.733454,39.481385],[-81.708525,39.480777],[-81.707997,39.489321],[-81.706501,39.507595],[-81.706138,39.513515],[-81.705069,39.531002],[-81.722217,39.53155],[-81.721132,39.534812],[-81.722129,39.538587],[-81.722151,39.541551],[-81.723511,39.547608],[-81.720658,39.555722],[-81.717276,39.562621],[-81.716337,39.565963],[-81.716055,39.569583],[-81.716859,39.579114],[-81.715955,39.582858],[-81.713839,39.584593],[-81.710814,39.5858],[-81.697251,39.586639],[-81.694334,39.587303],[-81.688883,39.590511],[-81.676791,39.590102],[-81.674662,39.589955],[-81.59502,39.587173],[-81.588185,39.586973],[-81.5879,39.602797],[-81.587813,39.606616],[-81.587809,39.607205],[-81.587672,39.608993],[-81.58751,39.625028],[-81.587473,39.625073],[-81.586971,39.63726],[-81.586942,39.63805],[-81.586132,39.663993],[-81.594701,39.664282],[-81.602411,39.664444],[-81.602915,39.664467],[-81.6432,39.665679],[-81.643081,39.666892],[-81.64218,39.690624],[-81.641647,39.701368],[-81.641726,39.702296],[-81.639854,39.752231],[-81.639775,39.752773],[-81.639738,39.753417],[-81.697461,39.754995],[-81.697442,39.755572],[-81.744865,39.757433],[-81.746011,39.757549],[-81.815436,39.760405],[-81.894973,39.763851],[-81.895148,39.76386],[-81.92785,39.765108],[-81.941434,39.765164],[-81.945867,39.765228],[-81.964677,39.765799],[-82.020392,39.769059],[-82.022034,39.768069],[-82.022089,39.768111],[-82.022626,39.768252],[-82.034309,39.768736],[-82.076639,39.77096]]]},"properties":{"name":"Morgan=MORG 1","type":"county"}},
{"type":"Feature","geometry":{"type":"Polygon","coordinates":[[[-82.727163,40.711145],[-82.731708,40.711273],[-82.74598,40.711497],[-82.749135,40.711528],[-82.765054,40.711791],[-82.790826,40.712083],[-82.792137,40.712137],[-82.792592,40.712165],[-82.79444,40.712165],[-82.80174,40.712183],[-82.803685,40.712189],[-82.813366,40.712418],[-82.826382,40.712463],[-82.828998,40.712485],[-82.84926,40.71248],[-82.858177,40.712334],[-82.858302,40.705019],[-82.858996,40.665558],[-82.859882,40.646457],[-82.888332,40.646275],[-82.907042,40.64603],[-82.91591,40.64587],[-82.921723,40.645766],[-82.937404,40.645485],[-82.957817,40.645148],[-82.957798,40.616083],[-82.958061,40.557919],[-82.95822,40.523528],[-82.958415,40.490547],[-82.963115,40.490188],[-83.005285,40.485882],[-83.006507,40.485695],[-83.016785,40.484511],[-83.017765,40.472727],[-83.020938,40.433801],[-83.022232,40.418775],[-83.000629,40.417574],[-82.972955,40.416457],[-82.963309,40.416698],[-82.949604,40.416068],[-82.949344,40.416056],[-82.924742,40.414897],[-82.925363,40.40764],[-82.926542,40.393884],[-82.928768,40.372589],[-82.92928,40.366653],[-82.929888,40.359357],[-82.929968,40.358221],[-82.867937,40.355141],[-82.863403,40.354905],[-82.841644,40.353725],[-82.832764,40.353245],[-82.825009,40.35298],[-82.820571,40.352829],[-82.810395,40.352429],[-82.777466,40.350717],[-82.771927,40.350453],[-82.767065,40.350221],[-82.753969,40.34986],[-82.749896,40.349743],[-82.744913,40.34941],[-82.725609,40.348558],[-82.689757,40.34701],[-82.658379,40.345733],[-82.65641,40.345634],[-82.646503,40.345077],[-82.645614,40.356244],[-82.644156,40.375456],[-82.640813,40.417625],[-82.640043,40.429864],[-82.63828,40.456785],[-82.637823,40.463452],[-82.635713,40.492144],[-82.635381,40.496637],[-82.63319,40.523147],[-82.643084,40.522099],[-82.643096,40.524458],[-82.643041,40.543603],[-82.643009,40.549999],[-82.623609,40.54988],[-82.623649,40.55091],[-82.623931,40.564737],[-82.62389,40.567066],[-82.623784,40.569723],[-82.623789,40.571961],[-82.624088,40.586489],[-82.624596,40.60813],[-82.62525,40.614693],[-82.625398,40.624283],[-82.625183,40.626378],[-82.624894,40.637401],[-82.625253,40.637435],[-82.63136,40.637395],[-82.638565,40.63735],[-82.644117,40.637241],[-82.644948,40.66007],[-82.645218,40.660138],[-82.644948,40.660344],[-82.645146,40.66627],[-82.638845,40.666244],[-82.626317,40.666147],[-82.626635,40.680606],[-82.626841,40.685683],[-82.626937,40.694894],[-82.627031,40.699209],[-82.627191,40.709417],[-82.657096,40.709977],[-82.658488,40.710009],[-82.689034,40.710617],[-82.68913,40.711033],[-82.714667,40.711081],[-82.722411,40.711161],[-82.727163,40.711145]]]},"properties":{"name":"Morrow=MORR 1","type":"county"}},
{"type":"Feature","geometry":{"type":"Polygon","coordinates":[[[-82.187425,40.1669],[-82.187469,40.164762],[-82.187475,40.160076],[-82.187645,40.156512],[-82.187667,40.156082],[-82.188296,40.143918],[-82.190723,40.095324],[-82.190799,40.094009],[-82.190957,40.09123],[-82.191894,40.077801],[-82.192191,40.073865],[-82.192512,40.06311],[-82.193759,40.039642],[-82.194713,40.022284],[-82.194786,40.020695],[-82.195069,40.012553],[-82.195102,40.010363],[-82.197151,39.975613],[-82.198432,39.955015],[-82.198416,39.95382],[-82.198413,39.95362],[-82.198739,39.951456],[-82.198721,39.950161],[-82.20238,39.950351],[-82.21191,39.95068],[-82.212362,39.950708],[-82.220785,39.950955],[-82.221957,39.950991],[-82.231695,39.951076],[-82.231634,39.94817],[-82.233756,39.920481],[-82.233873,39.917117],[-82.233974,39.913261],[-82.169626,39.909666],[-82.162377,39.90932],[-82.164638,39.878561],[-82.167501,39.848664],[-82.170047,39.82075],[-82.138614,39.819095],[-82.13597,39.818959],[-82.133151,39.818797],[-82.132439,39.818777],[-82.131318,39.818746],[-82.129917,39.818659],[-82.127839,39.818658],[-82.07998,39.816548],[-82.078624,39.816485],[-82.072934,39.816227],[-82.073558,39.808573],[-82.074259,39.799982],[-82.074273,39.799807],[-82.074319,39.799239],[-82.076639,39.77096],[-82.034309,39.768736],[-82.022626,39.768252],[-82.022089,39.768111],[-82.022034,39.768069],[-82.020392,39.769059],[-81.964677,39.765799],[-81.945867,39.765228],[-81.941434,39.765164],[-81.92785,39.765108],[-81.895148,39.76386],[-81.894973,39.763851],[-81.815436,39.760405],[-81.746011,39.757549],[-81.744865,39.757433],[-81.697442,39.755572],[-81.696234,39.799247],[-81.695328,39.81084],[-81.694146,39.842636],[-81.69412,39.85369],[-81.693764,39.855727],[-81.69232,39.895578],[-81.692281,39.901729],[-81.691894,39.903657],[-81.691106,39.930673],[-81.716658,39.931475],[-81.719126,39.931657],[-81.719211,39.931537],[-81.724609,39.931549],[-81.728611,39.931728],[-81.725703,39.982085],[-81.724972,39.994904],[-81.724229,40.005506],[-81.721101,40.062597],[-81.720284,40.078739],[-81.720279,40.078855],[-81.719705,40.092494],[-81.719616,40.093455],[-81.71628,40.15217],[-81.716285,40.152854],[-81.769907,40.154008],[-81.774506,40.154122],[-81.798006,40.154773],[-81.800333,40.154928],[-81.809534,40.155194],[-81.812082,40.155277],[-81.85079,40.156436],[-81.903959,40.157844],[-81.905124,40.157879],[-81.939989,40.158725],[-81.945197,40.158857],[-81.94558,40.158865],[-81.999858,40.160199],[-82.000412,40.160268],[-82.025706,40.1609],[-82.087192,40.161706],[-82.090276,40.162045],[-82.093137,40.162341],[-82.093103,40.162584],[-82.098112,40.16274],[-82.104293,40.163024],[-82.187425,40.1669]]]},"properties":{"name":"Muskingum=MUSK 1","type":"county"}},
{"type":"Feature","geometry":{"type":"Polygon","coordinates":[[[-81.234053,39.95127],[-81.236927,39.951296],[-81.24013,39.951478],[-81.302909,39.95292],[-81.303771,39.953011],[-81.32025,39.953153],[-81.347761,39.953633],[-81.347838,39.949962],[-81.367125,39.950324],[-81.375999,39.950548],[-81.386007,39.950693],[-81.386441,39.933464],[-81.386385,39.932803],[-81.386434,39.926773],[-81.386753,39.921603],[-81.396739,39.921882],[-81.397572,39.921859],[-81.461564,39.92374],[-81.462741,39.923667],[-81.464108,39.89455],[-81.470584,39.894712],[-81.474017,39.894798],[-81.492462,39.895261],[-81.53022,39.896307],[-81.578587,39.897716],[-81.57862,39.896673],[-81.579449,39.868684],[-81.580339,39.841355],[-81.580407,39.839106],[-81.587995,39.839362],[-81.591973,39.839704],[-81.599162,39.839738],[-81.680813,39.841925],[-81.694146,39.842636],[-81.695328,39.81084],[-81.696234,39.799247],[-81.697442,39.755572],[-81.697461,39.754995],[-81.639738,39.753417],[-81.639775,39.752773],[-81.639854,39.752231],[-81.641726,39.702296],[-81.641647,39.701368],[-81.64218,39.690624],[-81.643081,39.666892],[-81.6432,39.665679],[-81.602915,39.664467],[-81.602411,39.664444],[-81.594701,39.664282],[-81.586132,39.663993],[-81.586942,39.63805],[-81.586971,39.63726],[-81.587473,39.625073],[-81.58751,39.625028],[-81.587672,39.608993],[-81.587809,39.607205],[-81.587813,39.606616],[-81.5879,39.602797],[-81.588185,39.586973],[-81.583965,39.586802],[-81.580716,39.586675],[-81.579405,39.586626],[-81.530137,39.584694],[-81.52756,39.584791],[-81.526174,39.584647],[-81.524669,39.584794],[-81.492074,39.583859],[-81.491253,39.583835],[-81.477988,39.58345],[-81.477203,39.583427],[-81.473471,39.583318],[-81.473473,39.583691],[-81.473475,39.583932],[-81.473497,39.586577],[-81.47341,39.60687],[-81.473411,39.608251],[-81.47316,39.645976],[-81.468748,39.645864],[-81.458304,39.645606],[-81.451935,39.645449],[-81.452352,39.63646],[-81.452556,39.633326],[-81.452644,39.632387],[-81.452615,39.631861],[-81.452615,39.631609],[-81.452712,39.631165],[-81.413665,39.630502],[-81.413653,39.626172],[-81.413714,39.625456],[-81.413706,39.619836],[-81.413729,39.619324],[-81.41385,39.615874],[-81.395036,39.615681],[-81.394624,39.614833],[-81.394585,39.614283],[-81.394692,39.609184],[-81.394934,39.601547],[-81.38993,39.601386],[-81.388632,39.601354],[-81.35629,39.600865],[-81.356445,39.593512],[-81.349084,39.593387],[-81.346723,39.593331],[-81.29764,39.592175],[-81.288878,39.591959],[-81.283543,39.591828],[-81.283075,39.605796],[-81.281794,39.643014],[-81.281815,39.6452],[-81.280731,39.678783],[-81.280577,39.692206],[-81.281217,39.692556],[-81.280603,39.706786],[-81.280579,39.707112],[-81.280894,39.707114],[-81.319125,39.70736],[-81.318245,39.73856],[-81.31802,39.74654],[-81.317871,39.750574],[-81.317141,39.769037],[-81.317044,39.772179],[-81.316779,39.779103],[-81.316567,39.784328],[-81.315686,39.806281],[-81.315661,39.806983],[-81.314453,39.841508],[-81.314422,39.843945],[-81.314369,39.845461],[-81.313851,39.861175],[-81.313791,39.861792],[-81.313591,39.869471],[-81.309159,39.869345],[-81.298792,39.869167],[-81.237316,39.867828],[-81.23595,39.91167],[-81.235981,39.912471],[-81.235865,39.916293],[-81.234485,39.942887],[-81.234043,39.948974],[-81.234053,39.95127]]]},"properties":{"name":"Noble=NOBL 1","type":"county"}},
{"type":"Feature","geometry":{"type":"Polygon","coordinates":[[[-83.16566862,41.62323365],[-83.182456,41.623154],[-83.23031,41.623236],[-83.240032,41.6232],[-83.249926,41.62298],[-83.259726,41.622747],[-83.299427,41.621748],[-83.337928,41.620948],[-83.375229,41.620148],[-83.41553,41.618949],[-83.41543,41.616649],[-83.41543,41.616149],[-83.41513,41.601849],[-83.415229,41.587349],[-83.415129,41.56935],[-83.415029,41.56565],[-83.415229,41.55935],[-83.415129,41.55835],[-83.415029,41.55755],[-83.415029,41.54405],[-83.414428,41.514951],[-83.414428,41.510251],[-83.414513,41.507553],[-83.414528,41.500551],[-83.414528,41.500251],[-83.377827,41.500751],[-83.358527,41.501051],[-83.339126,41.501251],[-83.338689,41.49931],[-83.338461,41.486504],[-83.337728,41.461063],[-83.33781,41.459976],[-83.337955,41.457528],[-83.336753,41.457539],[-83.331525,41.457564],[-83.318709,41.457633],[-83.299445,41.457858],[-83.29944,41.457657],[-83.298718,41.457669],[-83.296979,41.457697],[-83.28852,41.458194],[-83.288506,41.457833],[-83.284806,41.457849],[-83.284493,41.458138],[-83.283984,41.457853],[-83.282953,41.457857],[-83.28187,41.457861],[-83.280263,41.457872],[-83.274487,41.457871],[-83.27328,41.457876],[-83.272607,41.45788],[-83.240654,41.458111],[-83.221166,41.458077],[-83.182709,41.45822],[-83.182588,41.457694],[-83.173863,41.457693],[-83.164287,41.457578],[-83.145043,41.45755],[-83.120819,41.457244],[-83.067616,41.457054],[-83.067501,41.457054],[-83.051803,41.457171],[-83.038461,41.457281],[-83.037428,41.457258],[-83.002861,41.457633],[-82.953106,41.458057],[-82.91438,41.458716],[-82.874911,41.467079],[-82.856706,41.471746],[-82.850809,41.473759],[-82.834163,41.479675],[-82.832139,41.480411],[-82.820325,41.48471],[-82.819355,41.485063],[-82.776093,41.480207],[-82.775448,41.480134],[-82.775231,41.48011],[-82.759103,41.478299],[-82.749907,41.477267],[-82.742683,41.477473],[-82.739223,41.477755],[-82.727639,41.480113],[-82.716333,41.483495],[-82.710117,41.485789],[-82.70183,41.489787],[-82.69472205,41.49394514],[-82.69472224,41.49394519],[-82.710013,41.49759],[-82.71007058,41.49765078],[-82.713904,41.501697],[-82.719811,41.510296],[-82.71992753,41.51064959],[-82.7199558,41.51073536],[-82.72116017,41.51438971],[-82.721914,41.516677],[-82.711632,41.527201],[-82.710935,41.536648],[-82.717878,41.54193],[-82.74168374,41.54530438],[-82.74420679,41.54566201],[-82.749907,41.54647],[-82.77201,41.54058],[-82.785496,41.540675],[-82.794324,41.546486],[-82.81324991,41.56416519],[-82.81380686,41.56468545],[-82.81423109,41.56508174],[-82.820207,41.570664],[-82.834101,41.587587],[-82.83745731,41.5871047],[-82.847657,41.585639],[-82.852957,41.583327],[-82.859531,41.576371],[-82.855197,41.564114],[-82.8555982,41.56007086],[-82.85677,41.548262],[-82.869422,41.533962],[-82.875229,41.529684],[-82.8760183,41.52924733],[-82.8882,41.522508],[-82.897728,41.519241],[-82.91079302,41.51749809],[-82.934369,41.514353],[-82.93950896,41.51579213],[-82.9627818,41.52230823],[-82.969642,41.524229],[-82.999916,41.538534],[-83.01898987,41.55013305],[-83.02731958,41.55519844],[-83.028072,41.555656],[-83.03019741,41.55739901],[-83.0414509,41.56662782],[-83.043079,41.567963],[-83.0442286,41.56930146],[-83.04834251,41.57409122],[-83.04887912,41.57471599],[-83.05492554,41.58175575],[-83.05999727,41.58766069],[-83.0617081,41.58965259],[-83.0657277,41.59433254],[-83.066593,41.59534],[-83.06758291,41.59591736],[-83.08466637,41.60588117],[-83.086036,41.60668],[-83.08715147,41.6071088],[-83.103928,41.613558],[-83.1259171,41.61583557],[-83.12630068,41.6158753],[-83.145887,41.617904],[-83.16566862,41.62323365]]]},"properties":{"name":"Ottawa=OTTA 1","type":"county"}},
{"type":"Feature","geometry":{"type":"Polygon","coordinates":[[[-82.81431332,41.64423838],[-82.81295695,41.64536399],[-82.797493,41.658197],[-82.794198,41.662496],[-82.793069,41.664692],[-82.796333,41.665973],[-82.805179,41.664281],[-82.808587,41.661682],[-82.824731,41.659428],[-82.834092,41.657121],[-82.843602,41.647009],[-82.842099,41.628323],[-82.834662,41.629331],[-82.827011,41.633701],[-82.81431332,41.64423838]]]},"properties":{"name":"Ottawa=OTTA 2","type":"county"}},
{"type":"Feature","geometry":{"type":"Polygon","coordinates":[[[-82.80513699,41.67493127],[-82.801539,41.68257702],[-82.79056095,41.6899704],[-82.78271948,41.69400315],[-82.78630415,41.69713973],[-82.80334138,41.69383672],[-82.812805,41.692002],[-82.826443,41.684774],[-82.813781,41.670594],[-82.805423,41.67192],[-82.80513699,41.67493127]]]},"properties":{"name":"Ottawa=OTTA 3","type":"county"}},
{"type":"Feature","geometry":{"type":"Polygon","coordinates":[[[-82.813489,41.723468],[-82.820409,41.724549],[-82.82572,41.72281],[-82.832709,41.71565],[-82.835577,41.710823],[-82.835118,41.708971],[-82.816133,41.706732],[-82.808869,41.708333],[-82.810487,41.720524],[-82.813489,41.723468]]]},"properties":{"name":"Ottawa=OTTA 4","type":"county"}},
{"type":"Feature","geometry":{"type":"Polygon","coordinates":[[[-84.341344,41.165473],[-84.341417,41.184439],[-84.341445,41.187529],[-84.341694,41.209194],[-84.36086,41.20928],[-84.434509,41.209199],[-84.436887,41.209176],[-84.45725,41.209449],[-84.457243,41.210008],[-84.457227,41.211278],[-84.457161,41.216424],[-84.457071,41.21694],[-84.457101,41.223582],[-84.457132,41.227263],[-84.457226,41.238285],[-84.457337,41.250009],[-84.457337,41.250049],[-84.457387,41.253521],[-84.553665,41.25281],[-84.553664,41.252707],[-84.558798,41.25268],[-84.571786,41.252766],[-84.572483,41.252789],[-84.579691,41.252822],[-84.581213,41.252829],[-84.611119,41.252893],[-84.669457,41.252441],[-84.689337,41.252374],[-84.70858,41.252281],[-84.727853,41.252253],[-84.728035,41.252299],[-84.747264,41.252318],[-84.785764,41.252414],[-84.803492,41.252531],[-84.803472,41.173889],[-84.803594,41.173203],[-84.803413,41.164649],[-84.80342031,41.16416865],[-84.80345978,41.16157312],[-84.80357319,41.15411686],[-84.80378,41.14052],[-84.80350145,41.13077281],[-84.803234,41.121414],[-84.803374,41.089302],[-84.80336677,41.07743226],[-84.803313,40.989209],[-84.785879,40.989409],[-84.783694,40.989434],[-84.781883,40.989479],[-84.760211,40.98947],[-84.75879,40.989403],[-84.74996,40.98949],[-84.692888,40.989551],[-84.688092,40.98955],[-84.682595,40.989504],[-84.659374,40.989533],[-84.649515,40.989542],[-84.624955,40.989544],[-84.591877,40.989797],[-84.580321,40.989936],[-84.572772,40.989959],[-84.534612,40.989885],[-84.53408,40.989886],[-84.528581,40.989886],[-84.476469,40.990181],[-84.457365,40.99014],[-84.452137,40.990152],[-84.428939,40.99027],[-84.428241,40.990277],[-84.399421,40.990384],[-84.386489,40.990455],[-84.385868,40.990459],[-84.37566,40.990539],[-84.37105,40.99056],[-84.370152,40.990565],[-84.361393,40.99061],[-84.357195,40.990637],[-84.342743,40.990731],[-84.341853,40.990734],[-84.342053,40.997949],[-84.342112,41.00005],[-84.342191,41.004386],[-84.342182,41.005076],[-84.342152,41.005168],[-84.342338,41.019824],[-84.342249,41.023598],[-84.342015,41.041663],[-84.34201,41.042112],[-84.341989,41.043792],[-84.341928,41.048843],[-84.341811,41.058996],[-84.341722,41.062929],[-84.341722,41.063501],[-84.341715,41.063875],[-84.341663,41.066817],[-84.341728,41.077884],[-84.341703,41.092496],[-84.341727,41.094756],[-84.341735,41.095511],[-84.341815,41.102964],[-84.341818,41.103247],[-84.341859,41.107085],[-84.341683,41.121606],[-84.341605,41.136273],[-84.341459,41.150885],[-84.341402,41.158127],[-84.3414,41.158329],[-84.341344,41.165473]]]},"properties":{"name":"Paulding=PAUL 1","type":"county"}},
{"type":"Feature","geometry":{"type":"Polygon","coordinates":[[[-82.462813,39.930381],[-82.463854,39.923803],[-82.465068,39.912591],[-82.465334,39.910577],[-82.466784,39.89472],[-82.470127,39.85978],[-82.47119,39.849804],[-82.47168,39.848615],[-82.47196,39.845296],[-82.472461,39.838775],[-82.472519,39.837219],[-82.434617,39.834938],[-82.425089,39.834411],[-82.396152,39.832917],[-82.396035,39.827691],[-82.402002,39.76821],[-82.403947,39.744589],[-82.392207,39.743957],[-82.384588,39.743748],[-82.380229,39.74354],[-82.378779,39.743311],[-82.377949,39.743128],[-82.366051,39.74252],[-82.368098,39.721455],[-82.370141,39.700355],[-82.371603,39.685417],[-82.371729,39.684134],[-82.37195,39.683221],[-82.374497,39.655169],[-82.374522,39.65492],[-82.374567,39.654489],[-82.375468,39.64436],[-82.376054,39.637227],[-82.376183,39.634018],[-82.376176,39.633497],[-82.377196,39.625067],[-82.377805,39.619073],[-82.37824,39.614789],[-82.37989,39.596738],[-82.349795,39.595151],[-82.280249,39.591347],[-82.277799,39.591185],[-82.261954,39.590592],[-82.263566,39.562137],[-82.257879,39.561791],[-82.221363,39.559786],[-82.159166,39.556296],[-82.152476,39.55592],[-82.14195,39.555331],[-82.137705,39.555093],[-82.128304,39.554928],[-82.064706,39.551551],[-82.061448,39.551419],[-82.056866,39.55103],[-82.052137,39.550732],[-82.051398,39.550664],[-82.047269,39.550598],[-82.039605,39.550217],[-82.037584,39.57936],[-82.035878,39.592794],[-82.032983,39.624125],[-82.032922,39.624664],[-82.03289,39.625817],[-82.031976,39.637728],[-82.02881,39.672385],[-82.024219,39.724686],[-82.071096,39.727168],[-82.0731,39.727237],[-82.080224,39.727673],[-82.079317,39.739121],[-82.078902,39.74438],[-82.076837,39.768555],[-82.076639,39.77096],[-82.074319,39.799239],[-82.074273,39.799807],[-82.074259,39.799982],[-82.073558,39.808573],[-82.072934,39.816227],[-82.078624,39.816485],[-82.07998,39.816548],[-82.127839,39.818658],[-82.129917,39.818659],[-82.131318,39.818746],[-82.132439,39.818777],[-82.133151,39.818797],[-82.13597,39.818959],[-82.138614,39.819095],[-82.170047,39.82075],[-82.167501,39.848664],[-82.164638,39.878561],[-82.162377,39.90932],[-82.169626,39.909666],[-82.233974,39.913261],[-82.234161,39.913269],[-82.301434,39.916279],[-82.305982,39.916188],[-82.307472,39.916315],[-82.336738,39.917879],[-82.34931,39.918626],[-82.387421,39.920686],[-82.402606,39.921629],[-82.408876,39.921928],[-82.418666,39.922448],[-82.418179,39.927937],[-82.462813,39.930381]]]},"properties":{"name":"Perry=PERR 1","type":"county"}},
{"type":"Feature","geometry":{"type":"Polygon","coordinates":[[[-82.824232,39.794911],[-82.825656,39.795071],[-82.852746,39.796383],[-82.902412,39.799167],[-82.921101,39.800159],[-82.925352,39.800376],[-82.937726,39.801007],[-82.952557,39.801701],[-82.957279,39.801919],[-82.960575,39.802047],[-82.975376,39.802735],[-83.012337,39.804367],[-83.013066,39.804392],[-83.013761,39.804415],[-83.030754,39.805231],[-83.044931,39.805534],[-83.047971,39.805598],[-83.061059,39.805806],[-83.075268,39.806158],[-83.101701,39.807134],[-83.120757,39.807838],[-83.147878,39.808414],[-83.151703,39.808526],[-83.153847,39.808496],[-83.168423,39.808797],[-83.172935,39.808973],[-83.185128,39.809341],[-83.186024,39.810029],[-83.194664,39.810301],[-83.243466,39.813309],[-83.243722,39.810077],[-83.245149,39.791709],[-83.245306,39.790189],[-83.245488,39.787429],[-83.249514,39.735789],[-83.249533,39.735642],[-83.24961,39.735053],[-83.251136,39.713436],[-83.252435,39.695438],[-83.25788,39.625498],[-83.258207,39.619598],[-83.258409,39.61715],[-83.259646,39.601698],[-83.260203,39.594745],[-83.261235,39.581874],[-83.262461,39.566582],[-83.26272,39.563326],[-83.263589,39.552502],[-83.263693,39.549213],[-83.264081,39.545005],[-83.264481,39.540672],[-83.266737,39.516249],[-83.165611,39.51219],[-83.155697,39.511789],[-83.102101,39.509947],[-83.065757,39.508761],[-83.061365,39.50863],[-82.992419,39.50638],[-82.990402,39.50595],[-82.98551,39.506786],[-82.983565,39.506478],[-82.978755,39.500864],[-82.978803,39.496561],[-82.980403,39.490261],[-82.981203,39.489561],[-82.982303,39.489361],[-82.985603,39.490661],[-82.989503,39.491061],[-82.992904,39.489861],[-82.994604,39.488661],[-82.998204,39.480061],[-82.978145,39.479486],[-82.971743,39.479164],[-82.956061,39.478463],[-82.953801,39.478343],[-82.942569,39.477824],[-82.933168,39.477332],[-82.928161,39.477092],[-82.916541,39.476553],[-82.916397,39.476545],[-82.913615,39.476416],[-82.908929,39.4762],[-82.908596,39.476185],[-82.908351,39.476174],[-82.907786,39.476147],[-82.905064,39.476021],[-82.904203,39.475981],[-82.892912,39.475461],[-82.88688,39.475174],[-82.879952,39.474769],[-82.874898,39.474537],[-82.869848,39.474309],[-82.851005,39.473343],[-82.796366,39.470505],[-82.795864,39.470482],[-82.774018,39.469448],[-82.768498,39.469148],[-82.751549,39.468146],[-82.749992,39.468063],[-82.748765,39.468887],[-82.740871,39.468247],[-82.740548,39.468216],[-82.740469,39.468662],[-82.740206,39.471179],[-82.740088,39.472324],[-82.739924,39.477646],[-82.737804,39.496487],[-82.737716,39.49667],[-82.737407,39.499918],[-82.737394,39.500063],[-82.736596,39.505092],[-82.735398,39.516655],[-82.735393,39.516716],[-82.735511,39.516945],[-82.732224,39.549597],[-82.732114,39.550789],[-82.731755,39.554401],[-82.736159,39.554789],[-82.771634,39.557029],[-82.772313,39.55706],[-82.786971,39.558064],[-82.789812,39.558254],[-82.824101,39.560496],[-82.843066,39.561443],[-82.840633,39.582252],[-82.839632,39.590992],[-82.838855,39.599359],[-82.837652,39.613086],[-82.836539,39.625063],[-82.8362,39.631583],[-82.83444,39.649375],[-82.837224,39.649391],[-82.837256,39.654511],[-82.834828,39.676619],[-82.834184,39.684719],[-82.83292,39.703759],[-82.831912,39.709247],[-82.831976,39.712927],[-82.831974,39.712943],[-82.829784,39.736463],[-82.828104,39.751423],[-82.826824,39.766351],[-82.824232,39.794911]]]},"properties":{"name":"Pickaway=PICK 1","type":"county"}},
{"type":"Feature","geometry":{"type":"Polygon","coordinates":[[[-83.353531,39.197585],[-83.357087,39.181703],[-83.364333,39.149419],[-83.367983,39.130566],[-83.374912,39.100402],[-83.377591,39.088743],[-83.379805,39.079533],[-83.382297,39.069152],[-83.385637,39.055197],[-83.314589,39.052195],[-83.313266,39.046997],[-83.309428,39.045993],[-83.308677,39.045049],[-83.310529,39.043221],[-83.310418,39.042374],[-83.309242,39.041522],[-83.306426,39.040725],[-83.303075,39.039053],[-83.288123,39.029868],[-83.288087,39.027748],[-83.28629,39.024601],[-83.285466,39.023988],[-83.281437,39.02291],[-83.279996,39.02182],[-83.274898,39.02012],[-83.270835,39.015904],[-83.2632,39.015014],[-83.256543,39.014027],[-83.254288,39.012398],[-83.250545,39.010721],[-83.249907,39.010568],[-83.24226,39.00954],[-83.238509,39.010004],[-83.237811,39.009856],[-83.237656,39.009179],[-83.237614,39.007873],[-83.238323,39.006002],[-83.236379,39.004861],[-83.232263,39.001477],[-83.233731,39.00007],[-83.233909,38.998823],[-83.226446,38.997486],[-83.21343,38.991216],[-83.213548,38.986182],[-83.214481,38.983179],[-83.21558,38.981569],[-83.216525,38.97754],[-83.217007,38.973243],[-83.217234,38.971758],[-83.215145,38.971514],[-83.213293,38.972102],[-83.210836,38.969999],[-83.211027,38.967785],[-83.213692,38.965039],[-83.214776,38.963209],[-83.214746,38.962179],[-83.211751,38.960136],[-83.177736,38.959267],[-83.171228,38.959093],[-83.129921,38.957964],[-83.129505,38.957911],[-83.044667,38.956955],[-83.043473,38.956937],[-82.999898,38.956323],[-82.955582,38.954714],[-82.934974,38.953897],[-82.899694,38.952388],[-82.892445,38.952043],[-82.881375,38.951512],[-82.86133,38.950593],[-82.807091,38.948073],[-82.806423,38.95489],[-82.802198,38.997975],[-82.799042,39.025647],[-82.79868,39.028488],[-82.797788,39.035508],[-82.79957,39.03563],[-82.79734,39.059269],[-82.796758,39.065347],[-82.795161,39.080258],[-82.795115,39.080681],[-82.79475,39.084039],[-82.79037,39.124352],[-82.785892,39.168768],[-82.840288,39.172007],[-82.840365,39.172012],[-82.840922,39.172045],[-82.972621,39.178719],[-82.975205,39.178841],[-83.016594,39.180932],[-83.040685,39.182013],[-83.051308,39.182644],[-83.091488,39.18474],[-83.145022,39.187572],[-83.151106,39.187903],[-83.152356,39.187971],[-83.181467,39.189553],[-83.248285,39.193186],[-83.257898,39.193681],[-83.290943,39.195373],[-83.353531,39.197585]]]},"properties":{"name":"Pike=PIKE 1","type":"county"}},
{"type":"Feature","geometry":{"type":"Polygon","coordinates":[[[-81.001437,41.347855],[-81.030016,41.347855],[-81.053317,41.347655],[-81.098507,41.347287],[-81.143221,41.347454],[-81.191422,41.347554],[-81.223624,41.347654],[-81.245725,41.346954],[-81.298528,41.347154],[-81.34023,41.347754],[-81.368231,41.348254],[-81.373432,41.348254],[-81.376432,41.348354],[-81.378632,41.348454],[-81.386831,41.348541],[-81.387132,41.348554],[-81.391334,41.348473],[-81.391829,41.348464],[-81.391933,41.342754],[-81.391833,41.341054],[-81.391833,41.339954],[-81.391933,41.337054],[-81.391532,41.330054],[-81.391532,41.328854],[-81.391732,41.312955],[-81.391732,41.306955],[-81.391831,41.276655],[-81.391831,41.274455],[-81.391831,41.274055],[-81.391831,41.272055],[-81.391931,41.270255],[-81.391931,41.254255],[-81.392031,41.239656],[-81.392131,41.214956],[-81.392031,41.203556],[-81.391931,41.202856],[-81.392231,41.180556],[-81.392031,41.175956],[-81.392231,41.171356],[-81.392231,41.166156],[-81.392331,41.155756],[-81.392231,41.152956],[-81.392232,41.145456],[-81.392432,41.139556],[-81.392232,41.135356],[-81.392132,41.134856],[-81.392332,41.117856],[-81.392442,41.110647],[-81.392456,41.109044],[-81.392532,41.100556],[-81.392668,41.091003],[-81.392732,41.085856],[-81.392776,41.085176],[-81.392832,41.083256],[-81.392932,41.073056],[-81.392832,41.067156],[-81.392832,41.066256],[-81.39279,41.065327],[-81.392932,41.060956],[-81.392932,41.060656],[-81.393032,41.050956],[-81.393132,41.048356],[-81.393032,41.041356],[-81.393032,41.040656],[-81.393032,41.039586],[-81.393032,41.03931],[-81.393032,41.038756],[-81.393076,41.037471],[-81.393132,41.036356],[-81.393032,41.029156],[-81.393232,41.020056],[-81.393432,40.999456],[-81.393433,40.988556],[-81.357231,40.988657],[-81.34433,40.988657],[-81.32923,40.988657],[-81.31923,40.988358],[-81.319206,40.988356],[-81.302728,40.988557],[-81.299729,40.988595],[-81.272527,40.988457],[-81.248926,40.988357],[-81.203496,40.988057],[-81.202924,40.988057],[-81.202324,40.988057],[-81.201723,40.988057],[-81.195623,40.988057],[-81.183811,40.988127],[-81.178922,40.988157],[-81.172122,40.988158],[-81.153317,40.988079],[-81.144821,40.988058],[-81.144321,40.988058],[-81.144219,40.988059],[-81.099518,40.988058],[-81.086818,40.988158],[-81.050116,40.987958],[-81.010414,40.987858],[-81.008514,40.987858],[-80.999831,40.987766],[-80.999797,40.98808],[-80.999814,40.999663],[-80.999814,41.000322],[-80.999814,41.014783],[-80.999814,41.021358],[-80.999814,41.061181],[-80.999814,41.062057],[-80.999814,41.073057],[-80.999814,41.084672],[-80.999814,41.089511],[-80.999814,41.098434],[-80.999814,41.099919],[-80.999814,41.105761],[-80.999814,41.111222],[-80.999814,41.113457],[-80.999814,41.116542],[-80.999814,41.123725],[-80.999814,41.125057],[-80.999814,41.133821],[-80.999814,41.134257],[-80.999814,41.153956],[-80.999814,41.16812],[-80.999814,41.173464],[-80.999814,41.175956],[-80.999814,41.17608],[-80.999814,41.177039],[-80.999814,41.177755],[-80.999814,41.177856],[-80.999814,41.178402],[-80.999814,41.178854],[-80.999814,41.181169],[-80.999814,41.184363],[-80.999814,41.188888],[-80.999814,41.192256],[-80.999814,41.193061],[-80.999814,41.193656],[-80.999814,41.194588],[-80.999814,41.200956],[-80.999814,41.202261],[-80.999814,41.229447],[-80.999814,41.229556],[-80.999814,41.234756],[-80.999814,41.246436],[-80.999814,41.250056],[-80.999814,41.251476],[-81.000082,41.255975],[-81.001028,41.271863],[-81.001048,41.275506],[-81.001397,41.295454],[-81.001458,41.309869],[-81.00139,41.337974],[-81.001437,41.347855]]]},"properties":{"name":"Portage=PORT 1","type":"county"}},
{"type":"Feature","geometry":{"type":"Polygon","coordinates":[[[-84.48565,39.918351],[-84.499342,39.918275],[-84.505518,39.918227],[-84.513695,39.918099],[-84.513967,39.918067],[-84.54792,39.917507],[-84.579825,39.916946],[-84.596305,39.916738],[-84.615154,39.916562],[-84.652163,39.916658],[-84.671219,39.916689],[-84.673123,39.916625],[-84.699652,39.916801],[-84.704372,39.916833],[-84.720403,39.916768],[-84.723701,39.916785],[-84.812411,39.916916],[-84.812698,39.891585],[-84.812787,39.89083],[-84.81305,39.872958],[-84.813464,39.853261],[-84.813549,39.850773],[-84.81356033,39.85008384],[-84.813674,39.843173],[-84.813703,39.843059],[-84.813783,39.82858137],[-84.813793,39.826771],[-84.813852,39.824621],[-84.814179,39.814212],[-84.81412,39.811398],[-84.814209,39.799755],[-84.814179,39.786853],[-84.814189,39.785569],[-84.81414623,39.74349912],[-84.814129,39.726556],[-84.81453,39.680429],[-84.814619,39.669174],[-84.814323,39.655814],[-84.81456057,39.6390471],[-84.814705,39.628854],[-84.81512171,39.572951],[-84.815156,39.568351],[-84.814955,39.567251],[-84.814757,39.567237],[-84.808155,39.567151],[-84.795755,39.566951],[-84.788977,39.566882],[-84.770154,39.566751],[-84.749954,39.566852],[-84.727446,39.567574],[-84.70224,39.567636],[-84.645983,39.567541],[-84.643391,39.567637],[-84.63427,39.567717],[-84.592029,39.56799],[-84.590157,39.568038],[-84.584624,39.567979],[-84.578217,39.567991],[-84.563804,39.568102],[-84.54494,39.568327],[-84.525051,39.568471],[-84.47889,39.568792],[-84.479162,39.578839],[-84.478746,39.590055],[-84.479046,39.604055],[-84.479347,39.620955],[-84.479485,39.625055],[-84.480147,39.650854],[-84.480558,39.654507],[-84.480571,39.65711],[-84.480631,39.671012],[-84.480588,39.677398],[-84.480961,39.685297],[-84.481036,39.698086],[-84.48142,39.722693],[-84.481468,39.723013],[-84.48147,39.723084],[-84.481901,39.744741],[-84.482416,39.769174],[-84.482461,39.773829],[-84.482573,39.788261],[-84.482813,39.800885],[-84.482939,39.809291],[-84.482949,39.809952],[-84.483249,39.817152],[-84.483253,39.817829],[-84.483357,39.827092],[-84.483349,39.830152],[-84.483687,39.838955],[-84.483849,39.844952],[-84.484249,39.859852],[-84.48425,39.873152],[-84.48475,39.874252],[-84.48531,39.899523],[-84.485278,39.901571],[-84.485273,39.901666],[-84.48535,39.903151],[-84.48535,39.903778],[-84.48535,39.905251],[-84.485373,39.905659],[-84.48555,39.908851],[-84.48555,39.910351],[-84.48565,39.918351]]]},"properties":{"name":"Preble=PREB 1","type":"county"}},
{"type":"Feature","geometry":{"type":"Polygon","coordinates":[[[-83.881102,41.16771],[-83.996891,41.16695],[-84.029199,41.166975],[-84.031346,41.166955],[-84.035186,41.166918],[-84.093245,41.166482],[-84.112699,41.166453],[-84.131866,41.166401],[-84.156433,41.166228],[-84.156554,41.166228],[-84.161624,41.166221],[-84.170593,41.166209],[-84.189716,41.165982],[-84.194646,41.165996],[-84.200343,41.166013],[-84.228232,41.165883],[-84.286002,41.165633],[-84.341344,41.165473],[-84.3414,41.158329],[-84.341402,41.158127],[-84.341459,41.150885],[-84.341605,41.136273],[-84.341683,41.121606],[-84.341859,41.107085],[-84.341818,41.103247],[-84.341815,41.102964],[-84.341735,41.095511],[-84.341727,41.094756],[-84.341703,41.092496],[-84.341728,41.077884],[-84.341663,41.066817],[-84.341715,41.063875],[-84.341722,41.063501],[-84.341722,41.062929],[-84.341811,41.058996],[-84.341928,41.048843],[-84.341989,41.043792],[-84.34201,41.042112],[-84.342015,41.041663],[-84.342249,41.023598],[-84.342338,41.019824],[-84.342152,41.005168],[-84.342182,41.005076],[-84.342191,41.004386],[-84.342112,41.00005],[-84.342053,40.997949],[-84.341853,40.990734],[-84.342743,40.990731],[-84.357195,40.990637],[-84.361393,40.99061],[-84.370152,40.990565],[-84.37105,40.99056],[-84.37566,40.990539],[-84.385868,40.990459],[-84.386489,40.990455],[-84.399421,40.990384],[-84.399134,40.966647],[-84.399114,40.964711],[-84.398391,40.90337],[-84.370016,40.903549],[-84.362267,40.90356],[-84.357552,40.903568],[-84.350827,40.903579],[-84.34097,40.903597],[-84.340776,40.888239],[-84.340541,40.859822],[-84.340534,40.859102],[-84.33692,40.859134],[-84.336466,40.85914],[-84.332424,40.859299],[-84.329745,40.859227],[-84.329745,40.85933],[-84.32315,40.859405],[-84.32315,40.859305],[-84.321909,40.85932],[-84.321354,40.859327],[-84.314012,40.859415],[-84.286938,40.859739],[-84.286847,40.859693],[-84.268116,40.859784],[-84.262963,40.859798],[-84.25274,40.859756],[-84.249949,40.859766],[-84.243645,40.859778],[-84.224653,40.860082],[-84.224701,40.859314],[-84.193575,40.859669],[-84.193356,40.859666],[-84.130603,40.860147],[-84.109546,40.860915],[-84.110084,40.894025],[-84.10997,40.904703],[-84.07043,40.904751],[-84.055094,40.904757],[-84.054986,40.904807],[-84.025682,40.904866],[-84.013869,40.904907],[-83.994969,40.905086],[-83.995059,40.915023],[-83.995102,40.919788],[-83.966829,40.920148],[-83.964637,40.920157],[-83.956641,40.92019],[-83.949105,40.920284],[-83.940796,40.920299],[-83.91854,40.920374],[-83.880348,40.920522],[-83.880286,40.921826],[-83.880354,40.949584],[-83.880323,40.951276],[-83.880399,40.970231],[-83.880411,40.99321],[-83.880707,41.028146],[-83.880786,41.080368],[-83.880703,41.106688],[-83.881102,41.16771]]]},"properties":{"name":"Putnam=PUTN 1","type":"county"}},
{"type":"Feature","geometry":{"type":"Polygon","coordinates":[[[-82.432832,40.99321],[-82.479692,40.993155],[-82.486847,40.993152],[-82.496546,40.993262],[-82.534256,40.993617],[-82.572437,40.994183],[-82.582293,40.994327],[-82.630549,40.99475],[-82.639305,40.994868],[-82.648959,40.99502],[-82.654167,40.995102],[-82.654755,40.995111],[-82.664757,40.995355],[-82.665693,40.995447],[-82.669928,40.995448],[-82.673048,40.995462],[-82.688142,40.995559],[-82.696398,40.995584],[-82.701652,40.995629],[-82.724762,40.995869],[-82.724619,40.981807],[-82.724494,40.974601],[-82.724337,40.964948],[-82.724326,40.961994],[-82.724293,40.952704],[-82.724243,40.937343],[-82.724521,40.901559],[-82.724526,40.90137],[-82.724753,40.879986],[-82.724713,40.879959],[-82.724956,40.843192],[-82.725692,40.814456],[-82.72598,40.808249],[-82.726204,40.797721],[-82.726172,40.795129],[-82.726348,40.787417],[-82.726364,40.784857],[-82.726396,40.784249],[-82.726492,40.776297],[-82.726492,40.771769],[-82.726572,40.770041],[-82.726588,40.769529],[-82.7266,40.760563],[-82.726604,40.757529],[-82.726626,40.755375],[-82.726748,40.749593],[-82.726949,40.738593],[-82.727036,40.733001],[-82.727163,40.711145],[-82.722411,40.711161],[-82.714667,40.711081],[-82.68913,40.711033],[-82.689034,40.710617],[-82.658488,40.710009],[-82.657096,40.709977],[-82.627191,40.709417],[-82.627031,40.699209],[-82.626937,40.694894],[-82.626841,40.685683],[-82.626635,40.680606],[-82.626317,40.666147],[-82.638845,40.666244],[-82.645146,40.66627],[-82.644948,40.660344],[-82.645218,40.660138],[-82.644948,40.66007],[-82.644117,40.637241],[-82.638565,40.63735],[-82.63136,40.637395],[-82.625253,40.637435],[-82.624894,40.637401],[-82.625183,40.626378],[-82.625398,40.624283],[-82.62525,40.614693],[-82.624596,40.60813],[-82.624088,40.586489],[-82.623789,40.571961],[-82.623784,40.569723],[-82.62389,40.567066],[-82.623931,40.564737],[-82.623649,40.55091],[-82.623609,40.54988],[-82.566497,40.550008],[-82.561069,40.550039],[-82.547752,40.55013],[-82.524388,40.550263],[-82.509331,40.550463],[-82.505157,40.550518],[-82.45163,40.550763],[-82.450558,40.550769],[-82.378717,40.55085],[-82.374884,40.550873],[-82.359806,40.552467],[-82.336962,40.555002],[-82.336952,40.560516],[-82.337287,40.572871],[-82.337776,40.594628],[-82.338292,40.609248],[-82.338296,40.610043],[-82.338364,40.623557],[-82.338483,40.636138],[-82.338483,40.636983],[-82.338483,40.638503],[-82.338484,40.645887],[-82.338484,40.648132],[-82.338484,40.648227],[-82.338485,40.648381],[-82.338577,40.65179],[-82.3387,40.658722],[-82.33876,40.660484],[-82.338672,40.664328],[-82.338706,40.665903],[-82.33875,40.671297],[-82.338861,40.68478],[-82.338954,40.692445],[-82.339019,40.704411],[-82.339179,40.726684],[-82.354276,40.726814],[-82.35551,40.726825],[-82.369824,40.726933],[-82.375528,40.727116],[-82.378397,40.727146],[-82.378402,40.73422],[-82.378408,40.743995],[-82.378408,40.746668],[-82.378403,40.748131],[-82.378398,40.769929],[-82.378702,40.780936],[-82.378718,40.787],[-82.381022,40.78876],[-82.384366,40.792408],[-82.386328,40.793578],[-82.387022,40.80044],[-82.388206,40.801192],[-82.388366,40.801528],[-82.388334,40.802008],[-82.388526,40.808168],[-82.39313,40.808238],[-82.407759,40.808248],[-82.407915,40.812353],[-82.407999,40.814568],[-82.409503,40.814536],[-82.416847,40.814568],[-82.417103,40.816984],[-82.417679,40.819176],[-82.42008,40.823016],[-82.420272,40.826376],[-82.419024,40.826296],[-82.417856,40.825288],[-82.416895,40.82564],[-82.415423,40.828584],[-82.416431,40.829608],[-82.416432,40.839688],[-82.416336,40.846248],[-82.416291,40.852605],[-82.416288,40.853016],[-82.416048,40.877769],[-82.416005,40.898927],[-82.41648,40.902253],[-82.417268,40.953409],[-82.417559,40.972322],[-82.417558,40.973328],[-82.417903,40.993145],[-82.432832,40.99321]]]},"properties":{"name":"Richland=RICH 1","type":"county"}},
{"type":"Feature","geometry":{"type":"Polygon","coordinates":[[[-83.266737,39.516249],[-83.275352,39.504788],[-83.276653,39.503164],[-83.301734,39.470735],[-83.323684,39.441903],[-83.333385,39.428885],[-83.353089,39.402732],[-83.372771,39.377351],[-83.372334,39.376324],[-83.3744,39.374327],[-83.374398,39.372108],[-83.373867,39.371377],[-83.373393,39.368655],[-83.376447,39.364151],[-83.376887,39.362483],[-83.379988,39.357153],[-83.380048,39.356284],[-83.379518,39.355094],[-83.377015,39.352798],[-83.374914,39.347201],[-83.379392,39.341656],[-83.381739,39.339517],[-83.383334,39.334234],[-83.38369,39.330551],[-83.382661,39.327348],[-83.382956,39.32673],[-83.386167,39.325382],[-83.38673,39.32163],[-83.38575,39.319687],[-83.385495,39.318496],[-83.38314,39.316207],[-83.383172,39.313576],[-83.384471,39.30843],[-83.382799,39.299873],[-83.382537,39.296236],[-83.38089,39.29365],[-83.377875,39.293145],[-83.3771,39.292754],[-83.37656,39.291686],[-83.37851,39.288064],[-83.381969,39.284804],[-83.381299,39.278361],[-83.390969,39.276129],[-83.393167,39.274856],[-83.394005,39.272592],[-83.393699,39.267788],[-83.392967,39.266656],[-83.388084,39.26431],[-83.381734,39.26274],[-83.380045,39.26161],[-83.378029,39.258607],[-83.377923,39.257646],[-83.379648,39.253587],[-83.381333,39.251634],[-83.381125,39.249618],[-83.377184,39.248485],[-83.37089,39.24565],[-83.36885,39.243527],[-83.365739,39.241706],[-83.362351,39.240576],[-83.361009,39.240957],[-83.357001,39.245134],[-83.35441,39.250311],[-83.347865,39.252822],[-83.346747,39.252639],[-83.34501,39.250604],[-83.345103,39.248726],[-83.347073,39.245775],[-83.346041,39.242412],[-83.345745,39.239461],[-83.348095,39.233101],[-83.347594,39.232529],[-83.343505,39.233125],[-83.344224,39.230955],[-83.350123,39.211038],[-83.353531,39.197585],[-83.290943,39.195373],[-83.257898,39.193681],[-83.248285,39.193186],[-83.181467,39.189553],[-83.152356,39.187971],[-83.151106,39.187903],[-83.145022,39.187572],[-83.091488,39.18474],[-83.051308,39.182644],[-83.040685,39.182013],[-83.016594,39.180932],[-82.975205,39.178841],[-82.972621,39.178719],[-82.840922,39.172045],[-82.840365,39.172012],[-82.840288,39.172007],[-82.785892,39.168768],[-82.766692,39.167768],[-82.764671,39.189144],[-82.762892,39.207967],[-82.760111,39.237644],[-82.759312,39.245487],[-82.758596,39.252165],[-82.758698,39.252955],[-82.757499,39.267382],[-82.755085,39.294778],[-82.753881,39.308789],[-82.753819,39.309512],[-82.749683,39.357298],[-82.748591,39.368165],[-82.747444,39.3819],[-82.741316,39.460459],[-82.741088,39.462795],[-82.740616,39.46761],[-82.740587,39.467999],[-82.740548,39.468216],[-82.740871,39.468247],[-82.748765,39.468887],[-82.749992,39.468063],[-82.751549,39.468146],[-82.768498,39.469148],[-82.774018,39.469448],[-82.795864,39.470482],[-82.796366,39.470505],[-82.851005,39.473343],[-82.869848,39.474309],[-82.874898,39.474537],[-82.879952,39.474769],[-82.88688,39.475174],[-82.892912,39.475461],[-82.904203,39.475981],[-82.905064,39.476021],[-82.907786,39.476147],[-82.908351,39.476174],[-82.908596,39.476185],[-82.908929,39.4762],[-82.913615,39.476416],[-82.916397,39.476545],[-82.916541,39.476553],[-82.928161,39.477092],[-82.933168,39.477332],[-82.942569,39.477824],[-82.953801,39.478343],[-82.956061,39.478463],[-82.971743,39.479164],[-82.978145,39.479486],[-82.998204,39.480061],[-82.994604,39.488661],[-82.992904,39.489861],[-82.989503,39.491061],[-82.985603,39.490661],[-82.982303,39.489361],[-82.981203,39.489561],[-82.980403,39.490261],[-82.978803,39.496561],[-82.978755,39.500864],[-82.983565,39.506478],[-82.98551,39.506786],[-82.990402,39.50595],[-82.992419,39.50638],[-83.061365,39.50863],[-83.065757,39.508761],[-83.102101,39.509947],[-83.155697,39.511789],[-83.165611,39.51219],[-83.266737,39.516249]]]},"properties":{"name":"Ross=ROSS 1","type":"county"}},
{"type":"Feature","geometry":{"type":"Polygon","coordinates":[[[-82.953106,41.458057],[-83.002861,41.457633],[-83.037428,41.457258],[-83.038461,41.457281],[-83.051803,41.457171],[-83.067501,41.457054],[-83.067616,41.457054],[-83.120819,41.457244],[-83.145043,41.45755],[-83.164287,41.457578],[-83.173863,41.457693],[-83.182588,41.457694],[-83.182709,41.45822],[-83.221166,41.458077],[-83.240654,41.458111],[-83.272607,41.45788],[-83.27328,41.457876],[-83.274487,41.457871],[-83.280263,41.457872],[-83.28187,41.457861],[-83.282953,41.457857],[-83.283984,41.457853],[-83.284493,41.458138],[-83.284806,41.457849],[-83.288506,41.457833],[-83.28852,41.458194],[-83.296979,41.457697],[-83.298718,41.457669],[-83.29944,41.457657],[-83.299445,41.457858],[-83.318709,41.457633],[-83.331525,41.457564],[-83.336753,41.457539],[-83.337955,41.457528],[-83.33781,41.459976],[-83.337728,41.461063],[-83.338461,41.486504],[-83.338689,41.49931],[-83.339126,41.501251],[-83.358527,41.501051],[-83.377827,41.500751],[-83.414528,41.500251],[-83.415265,41.47164],[-83.415361,41.456296],[-83.415454,41.449069],[-83.415641,41.428099],[-83.415612,41.426293],[-83.415858,41.413716],[-83.416073,41.40649],[-83.41725,41.342045],[-83.417281,41.341062],[-83.417281,41.340056],[-83.418015,41.312065],[-83.417985,41.311905],[-83.41872,41.282862],[-83.419042,41.272406],[-83.419375,41.262149],[-83.419818,41.253864],[-83.334413,41.254809],[-83.327032,41.254777],[-83.312754,41.254458],[-83.312512,41.254458],[-83.302942,41.254086],[-83.283239,41.253426],[-83.27887,41.253373],[-83.274145,41.253317],[-83.263841,41.253221],[-83.254844,41.253003],[-83.254541,41.25298],[-83.249922,41.252931],[-83.225421,41.25294],[-83.207257,41.253727],[-83.1955,41.25444],[-83.18789,41.254901],[-83.1679,41.255541],[-83.139453,41.256227],[-83.131713,41.256295],[-83.124918,41.256393],[-83.112181,41.256569],[-83.104418,41.256632],[-83.09248,41.256645],[-83.082691,41.25667],[-83.075235,41.256808],[-83.073163,41.256771],[-83.072689,41.256762],[-83.064001,41.256642],[-83.06265,41.256624],[-83.062369,41.25662],[-83.05217,41.256557],[-83.044321,41.256413],[-83.042775,41.256391],[-83.033045,41.256256],[-83.012133,41.255769],[-82.9559,41.255958],[-82.950737,41.255959],[-82.87491,41.255496],[-82.872057,41.255508],[-82.859327,41.255468],[-82.839989,41.255314],[-82.84004,41.256648],[-82.840132,41.259086],[-82.840193,41.260698],[-82.840265,41.262656],[-82.84037,41.264844],[-82.840613,41.270516],[-82.840694,41.273498],[-82.840816,41.275076],[-82.841162,41.285593],[-82.841247,41.288457],[-82.841263,41.288581],[-82.841289,41.288781],[-82.841338,41.290013],[-82.841615,41.298865],[-82.843458,41.340881],[-82.843547,41.342977],[-82.84438,41.362433],[-82.844871,41.372377],[-82.845421,41.386671],[-82.847528,41.430266],[-82.848792,41.430259],[-82.866597,41.430304],[-82.901794,41.430359],[-82.952926,41.429686],[-82.953106,41.458057]]]},"properties":{"name":"Sandusky=SAND 1","type":"county"}},
{"type":"Feature","geometry":{"type":"Polygon","coordinates":[[[-83.270835,39.015904],[-83.270775,39.012971],[-83.269867,38.976151],[-83.269806,38.974071],[-83.269768,38.9735],[-83.269767,38.972379],[-83.26921,38.930422],[-83.268911,38.90768],[-83.268856,38.903578],[-83.268585,38.883025],[-83.268434,38.849646],[-83.268398,38.83912],[-83.268234,38.791511],[-83.268078,38.75585],[-83.268207,38.742787],[-83.268186,38.709889],[-83.268232,38.620294],[-83.267694,38.618221],[-83.264011,38.621535],[-83.26331764,38.62182052],[-83.261126,38.622723],[-83.25503867,38.62335324],[-83.254558,38.623403],[-83.251103,38.626224],[-83.245572,38.627936],[-83.239515,38.628588],[-83.23303635,38.62765962],[-83.232404,38.627569],[-83.22857219,38.62616781],[-83.22415425,38.62455229],[-83.223076,38.624158],[-83.211027,38.618578],[-83.202453,38.616956],[-83.1914,38.617598],[-83.172647,38.620252],[-83.164744,38.620068],[-83.156926,38.620547],[-83.142836,38.625076],[-83.138572,38.628286],[-83.135046,38.631719],[-83.128973,38.640231],[-83.128272,38.6415511],[-83.12721064,38.64354983],[-83.126311,38.645244],[-83.12586311,38.64690467],[-83.12303787,38.65737996],[-83.122547,38.6592],[-83.11786,38.666073],[-83.112372,38.671685],[-83.107436,38.67522],[-83.102746,38.677316],[-83.08504814,38.68092246],[-83.084226,38.68109],[-83.08076018,38.68246296],[-83.08000891,38.68276057],[-83.07757412,38.68372509],[-83.064319,38.688976],[-83.06360426,38.68941287],[-83.053104,38.695831],[-83.042338,38.708319],[-83.038442,38.716377],[-83.03840523,38.71643302],[-83.035964,38.720152],[-83.033014,38.723805],[-83.030702,38.72572],[-83.027917,38.727143],[-83.021752,38.72879],[-83.01400395,38.729778],[-83.01389943,38.72979133],[-83.01321443,38.72987868],[-83.01289121,38.72991989],[-83.011816,38.730057],[-83.01157479,38.73004388],[-83.01157251,38.73004376],[-83.01153977,38.73004197],[-83.00130568,38.72948531],[-82.999296,38.729376],[-82.99690957,38.72901578],[-82.993996,38.728576],[-82.98678233,38.72647608],[-82.986095,38.726276],[-82.98416074,38.72618939],[-82.979395,38.725976],[-82.96932451,38.72861127],[-82.96927699,38.7286237],[-82.968695,38.728776],[-82.958895,38.734976],[-82.94787234,38.74078831],[-82.945326,38.742131],[-82.943147,38.74328],[-82.94006868,38.74435543],[-82.92701263,38.74891662],[-82.923694,38.750076],[-82.91885308,38.75114261],[-82.91762436,38.75141333],[-82.894193,38.756576],[-82.889193,38.756076],[-82.88462565,38.75391026],[-82.88462517,38.75391004],[-82.879492,38.751476],[-82.875492,38.747276],[-82.87434535,38.74541763],[-82.872592,38.742576],[-82.871292,38.739376],[-82.870017,38.72917692],[-82.86996137,38.72873189],[-82.869892,38.728177],[-82.86991862,38.72785227],[-82.86992128,38.72781975],[-82.86992805,38.72773714],[-82.870392,38.722077],[-82.871192,38.718377],[-82.875292,38.704977],[-82.876892,38.697377],[-82.877592,38.690177],[-82.87557381,38.68468303],[-82.874892,38.682827],[-82.87467862,38.68263978],[-82.869592,38.678177],[-82.863291,38.669277],[-82.86305199,38.66873164],[-82.859391,38.660378],[-82.85640098,38.64658532],[-82.856291,38.646078],[-82.85630254,38.64577324],[-82.85630834,38.64562033],[-82.85639746,38.64326756],[-82.856791,38.632878],[-82.855795,38.620814],[-82.85491998,38.61653197],[-82.8547463,38.61568205],[-82.854291,38.613454],[-82.851314,38.604334],[-82.847186,38.595166],[-82.844306,38.590862],[-82.840121,38.58673405],[-82.839538,38.586159],[-82.83893953,38.58574341],[-82.82089582,38.57321328],[-82.820161,38.572703],[-82.81605517,38.5707534],[-82.809281,38.573167],[-82.774384,38.585407],[-82.758479,38.590943],[-82.740383,38.597167],[-82.746367,38.607663],[-82.758874,38.630928],[-82.762388,38.640678],[-82.766188,38.644678],[-82.765355,38.657503],[-82.763895,38.679974],[-82.75833,38.679737],[-82.706315,38.677492],[-82.70636,38.677549],[-82.701486,38.690878],[-82.695387,38.749977],[-82.667795,38.74828],[-82.662886,38.747977],[-82.661386,38.762477],[-82.659086,38.762677],[-82.658786,38.768477],[-82.654463,38.80486],[-82.650086,38.849076],[-82.686013,38.851212],[-82.729151,38.853377],[-82.76069,38.854875],[-82.76199,38.869575],[-82.758357,38.888318],[-82.75566,38.920772],[-82.755583,38.921605],[-82.755474,38.923482],[-82.755445,38.923688],[-82.753523,38.943947],[-82.753391,38.945373],[-82.802783,38.947856],[-82.80658,38.948047],[-82.807091,38.948073],[-82.86133,38.950593],[-82.881375,38.951512],[-82.892445,38.952043],[-82.899694,38.952388],[-82.934974,38.953897],[-82.955582,38.954714],[-82.999898,38.956323],[-83.043473,38.956937],[-83.044667,38.956955],[-83.129505,38.957911],[-83.129921,38.957964],[-83.171228,38.959093],[-83.177736,38.959267],[-83.211751,38.960136],[-83.214746,38.962179],[-83.214776,38.963209],[-83.213692,38.965039],[-83.211027,38.967785],[-83.210836,38.969999],[-83.213293,38.972102],[-83.215145,38.971514],[-83.217234,38.971758],[-83.217007,38.973243],[-83.216525,38.97754],[-83.21558,38.981569],[-83.214481,38.983179],[-83.213548,38.986182],[-83.21343,38.991216],[-83.226446,38.997486],[-83.233909,38.998823],[-83.233731,39.00007],[-83.232263,39.001477],[-83.236379,39.004861],[-83.238323,39.006002],[-83.237614,39.007873],[-83.237656,39.009179],[-83.237811,39.009856],[-83.238509,39.010004],[-83.24226,39.00954],[-83.249907,39.010568],[-83.250545,39.010721],[-83.254288,39.012398],[-83.256543,39.014027],[-83.2632,39.015014],[-83.270835,39.015904]]]},"properties":{"name":"Scioto=SCIO 1","type":"county"}},
{"type":"Feature","geometry":{"type":"Polygon","coordinates":[[[-82.839989,41.255314],[-82.859327,41.255468],[-82.872057,41.255508],[-82.87491,41.255496],[-82.950737,41.255959],[-82.9559,41.255958],[-83.012133,41.255769],[-83.033045,41.256256],[-83.042775,41.256391],[-83.044321,41.256413],[-83.05217,41.256557],[-83.062369,41.25662],[-83.06265,41.256624],[-83.064001,41.256642],[-83.072689,41.256762],[-83.073163,41.256771],[-83.075235,41.256808],[-83.082691,41.25667],[-83.09248,41.256645],[-83.104418,41.256632],[-83.112181,41.256569],[-83.124918,41.256393],[-83.131713,41.256295],[-83.139453,41.256227],[-83.1679,41.255541],[-83.18789,41.254901],[-83.1955,41.25444],[-83.207257,41.253727],[-83.225421,41.25294],[-83.249922,41.252931],[-83.254541,41.25298],[-83.254844,41.253003],[-83.263841,41.253221],[-83.274145,41.253317],[-83.27887,41.253373],[-83.283239,41.253426],[-83.302942,41.254086],[-83.312512,41.254458],[-83.312754,41.254458],[-83.327032,41.254777],[-83.334413,41.254809],[-83.419818,41.253864],[-83.420377,41.217505],[-83.420714,41.195825],[-83.420837,41.185877],[-83.420898,41.18279],[-83.420906,41.1824],[-83.420921,41.181666],[-83.420929,41.18128],[-83.420937,41.179848],[-83.42093,41.173962],[-83.420991,41.171195],[-83.421022,41.166644],[-83.421022,41.163145],[-83.421054,41.159303],[-83.421084,41.157405],[-83.421115,41.155576],[-83.421115,41.154379],[-83.421115,41.153174],[-83.421116,41.152534],[-83.421116,41.151391],[-83.421087,41.146016],[-83.421087,41.14485],[-83.421299,41.143844],[-83.42122,41.137568],[-83.421218,41.137337],[-83.421132,41.128108],[-83.42124,41.122849],[-83.420984,41.093778],[-83.420867,41.079283],[-83.420776,41.064606],[-83.420314,40.992023],[-83.410686,40.992091],[-83.395419,40.99221],[-83.386783,40.992276],[-83.386187,40.992281],[-83.382798,40.992265],[-83.343173,40.992458],[-83.338061,40.992491],[-83.328935,40.99262],[-83.304928,40.992763],[-83.265148,40.992989],[-83.261353,40.993025],[-83.260807,40.993012],[-83.259451,40.992978],[-83.258455,40.992955],[-83.243536,40.993158],[-83.240608,40.993113],[-83.20502,40.993126],[-83.189697,40.993194],[-83.136073,40.993508],[-83.131908,40.99346],[-83.112618,40.993553],[-83.074129,40.993771],[-83.060764,40.993851],[-83.05836,40.993866],[-83.049301,40.993865],[-83.035277,40.993816],[-83.017552,40.993809],[-83.016078,40.99381],[-82.977864,40.993834],[-82.958665,40.993817],[-82.900972,40.99377],[-82.881952,40.993809],[-82.862522,40.993787],[-82.862251,40.99381],[-82.853163,40.993814],[-82.852803,40.997176],[-82.834839,40.996861],[-82.829494,40.99677],[-82.831287,41.045483],[-82.832201,41.06623],[-82.832172,41.070233],[-82.83269,41.080731],[-82.833971,41.109668],[-82.835218,41.138664],[-82.835432,41.144176],[-82.835523,41.145663],[-82.836495,41.167571],[-82.836746,41.173798],[-82.836776,41.175308],[-82.837096,41.186216],[-82.837878,41.202482],[-82.83852,41.217006],[-82.839747,41.246421],[-82.839964,41.253898],[-82.839989,41.255314]]]},"properties":{"name":"Seneca=SENE 1","type":"county"}},
{"type":"Feature","geometry":{"type":"Polygon","coordinates":[[[-84.002347,40.483138],[-84.016414,40.483148],[-84.10718,40.483314],[-84.126052,40.482983],[-84.169116,40.482566],[-84.220027,40.482359],[-84.221167,40.482349],[-84.278605,40.481786],[-84.316819,40.481381],[-84.339102,40.481265],[-84.339127,40.466263],[-84.339031,40.452129],[-84.338752,40.423063],[-84.338842,40.422537],[-84.338747,40.40806],[-84.338646,40.378993],[-84.35168,40.378889],[-84.35904,40.378752],[-84.376696,40.378428],[-84.391072,40.378382],[-84.39572,40.378308],[-84.434014,40.37833],[-84.434426,40.354529],[-84.434669,40.354257],[-84.434656,40.347366],[-84.434641,40.339368],[-84.434548,40.325273],[-84.434195,40.30664],[-84.434108,40.270102],[-84.434019,40.25541],[-84.433899,40.250047],[-84.43371,40.241136],[-84.433688,40.237973],[-84.433646,40.231856],[-84.432686,40.197136],[-84.403816,40.19748],[-84.397453,40.19752],[-84.356188,40.197521],[-84.317898,40.197969],[-84.298922,40.198145],[-84.285994,40.198321],[-84.248905,40.198817],[-84.233464,40.199602],[-84.21868,40.200082],[-84.218722,40.19811],[-84.218726,40.197901],[-84.218776,40.195538],[-84.213154,40.195237],[-84.212808,40.195218],[-84.193271,40.194082],[-84.155766,40.191587],[-84.153491,40.191461],[-84.136469,40.190515],[-84.117738,40.189303],[-84.11224,40.188951],[-84.099172,40.188228],[-84.046367,40.185139],[-84.042274,40.185061],[-84.023202,40.184021],[-84.022498,40.183909],[-84.021442,40.2005],[-84.019234,40.224468],[-84.018857,40.229317],[-84.018818,40.229908],[-84.018389,40.23432],[-84.016297,40.256514],[-84.014859,40.271352],[-84.014619,40.27341],[-84.010117,40.317622],[-84.007119,40.316805],[-84.005567,40.314586],[-84.003687,40.31335],[-84.003837,40.317663],[-84.003975,40.336754],[-84.004392,40.368735],[-84.004836,40.390472],[-84.001947,40.390765],[-84.002017,40.417488],[-84.002112,40.439217],[-84.002146,40.446707],[-84.002347,40.483138]]]},"properties":{"name":"Shelby=SHEL 1","type":"county"}},
{"type":"Feature","geometry":{"type":"Polygon","coordinates":[[[-81.086818,40.988158],[-81.099518,40.988058],[-81.144219,40.988059],[-81.144321,40.988058],[-81.144821,40.988058],[-81.153317,40.988079],[-81.172122,40.988158],[-81.178922,40.988157],[-81.183811,40.988127],[-81.195623,40.988057],[-81.201723,40.988057],[-81.202324,40.988057],[-81.202924,40.988057],[-81.203496,40.988057],[-81.248926,40.988357],[-81.272527,40.988457],[-81.299729,40.988595],[-81.302728,40.988557],[-81.319206,40.988356],[-81.31923,40.988358],[-81.32923,40.988657],[-81.34433,40.988657],[-81.357231,40.988657],[-81.393433,40.988556],[-81.394033,40.988556],[-81.395017,40.988533],[-81.400733,40.988556],[-81.401233,40.988556],[-81.403345,40.988507],[-81.405533,40.988456],[-81.416334,40.988456],[-81.416834,40.976056],[-81.41722,40.966557],[-81.417301,40.964769],[-81.417446,40.96156],[-81.417834,40.950456],[-81.418335,40.940857],[-81.418935,40.932357],[-81.418935,40.929657],[-81.41904,40.928451],[-81.419635,40.917557],[-81.419674,40.916494],[-81.419735,40.914857],[-81.420019,40.909353],[-81.420135,40.906657],[-81.428536,40.906857],[-81.463937,40.907857],[-81.467638,40.907856],[-81.470649,40.907987],[-81.482338,40.908356],[-81.48445,40.908467],[-81.49694,40.908757],[-81.536341,40.910256],[-81.565243,40.911456],[-81.574631,40.911784],[-81.604245,40.912755],[-81.606456,40.912845],[-81.606936,40.912865],[-81.608922,40.912946],[-81.611999,40.913071],[-81.614045,40.913155],[-81.615439,40.913193],[-81.617555,40.913252],[-81.622417,40.913387],[-81.624846,40.913455],[-81.637647,40.913955],[-81.647847,40.914355],[-81.647831,40.906342],[-81.647927,40.902295],[-81.647928,40.902054],[-81.647895,40.895031],[-81.647894,40.894981],[-81.648476,40.876447],[-81.648553,40.873919],[-81.64855,40.869995],[-81.64855,40.861259],[-81.64855,40.853985],[-81.64855,40.847775],[-81.64855,40.844666],[-81.648849,40.826457],[-81.648949,40.815157],[-81.648949,40.805557],[-81.64895,40.803028],[-81.648947,40.799254],[-81.648952,40.797245],[-81.649091,40.783105],[-81.64911,40.781885],[-81.649164,40.778393],[-81.649149,40.777156],[-81.649449,40.736957],[-81.64945,40.735758],[-81.64935,40.735358],[-81.649549,40.733457],[-81.64945,40.733309],[-81.64955,40.726723],[-81.64955,40.718757],[-81.64955,40.712758],[-81.649514,40.711058],[-81.649466,40.708866],[-81.649549,40.703159],[-81.649849,40.668113],[-81.650049,40.65566],[-81.65002,40.649657],[-81.649949,40.634961],[-81.616947,40.638361],[-81.594732,40.640921],[-81.578046,40.642761],[-81.574004,40.643186],[-81.557544,40.64506],[-81.557445,40.645061],[-81.555244,40.645361],[-81.550801,40.645841],[-81.537842,40.647327],[-81.536444,40.647461],[-81.520614,40.649341],[-81.520443,40.649361],[-81.508912,40.650607],[-81.487341,40.652561],[-81.475604,40.653877],[-81.472241,40.654261],[-81.47014,40.654461],[-81.46804,40.655761],[-81.46134,40.666261],[-81.45804,40.666561],[-81.439839,40.663061],[-81.436039,40.660961],[-81.435239,40.659361],[-81.435939,40.658261],[-81.440739,40.657361],[-81.446439,40.654361],[-81.447339,40.653461],[-81.435427,40.653329],[-81.427239,40.653161],[-81.420448,40.653131],[-81.413227,40.653098],[-81.375136,40.652562],[-81.352335,40.652262],[-81.317734,40.651562],[-81.304233,40.651362],[-81.30315,40.651342],[-81.301028,40.651314],[-81.299725,40.651303],[-81.292397,40.65118],[-81.291467,40.651168],[-81.289851,40.651169],[-81.279131,40.651061],[-81.24125,40.650534],[-81.241217,40.652624],[-81.240551,40.663017],[-81.239679,40.67867],[-81.239014,40.690787],[-81.238618,40.697993],[-81.237227,40.723542],[-81.199037,40.722316],[-81.198599,40.729172],[-81.152643,40.728596],[-81.144906,40.728486],[-81.136325,40.728381],[-81.121062,40.728374],[-81.119928,40.728421],[-81.117265,40.728407],[-81.116483,40.728387],[-81.115422,40.72836],[-81.112473,40.72836],[-81.112022,40.72836],[-81.110222,40.72836],[-81.107021,40.72836],[-81.103365,40.728186],[-81.094525,40.728324],[-81.09222,40.72836],[-81.091843,40.728322],[-81.087292,40.727865],[-81.087283,40.731454],[-81.087278,40.731543],[-81.087245,40.73215],[-81.087205,40.739067],[-81.087208,40.740267],[-81.08721,40.741068],[-81.087137,40.747054],[-81.087059,40.749773],[-81.087087,40.751255],[-81.086923,40.799735],[-81.086846,40.81384],[-81.086839,40.816134],[-81.086807,40.826468],[-81.0868,40.831233],[-81.086772,40.834682],[-81.086714,40.850073],[-81.086641,40.872451],[-81.086574,40.879325],[-81.086556,40.881537],[-81.086526,40.885674],[-81.086519,40.886559],[-81.086532,40.888143],[-81.086618,40.898858],[-81.086718,40.901758],[-81.086702,40.902896],[-81.086682,40.904312],[-81.086644,40.907067],[-81.086818,40.91594],[-81.086718,40.920158],[-81.086818,40.920658],[-81.086718,40.926358],[-81.086718,40.930358],[-81.086718,40.931858],[-81.086818,40.937558],[-81.086918,40.939658],[-81.086718,40.940658],[-81.086719,40.944859],[-81.086818,40.988158]]]},"properties":{"name":"Stark=STAR 1","type":"county"}},
{"type":"Feature","geometry":{"type":"Polygon","coordinates":[[[-81.391829,41.348464],[-81.392773,41.348482],[-81.393033,41.348487],[-81.394234,41.348509],[-81.397733,41.348554],[-81.406934,41.348654],[-81.419134,41.348754],[-81.440235,41.349054],[-81.450331,41.349148],[-81.460941,41.349346],[-81.464037,41.349441],[-81.489138,41.349754],[-81.508139,41.350054],[-81.51754,41.350154],[-81.51864,41.350154],[-81.52644,41.350254],[-81.535985,41.350348],[-81.536076,41.350349],[-81.536244,41.350351],[-81.561542,41.350654],[-81.585144,41.350754],[-81.592244,41.350854],[-81.597845,41.350853],[-81.597644,41.349554],[-81.593344,41.349754],[-81.593644,41.348054],[-81.595244,41.347054],[-81.597044,41.347154],[-81.595644,41.344254],[-81.594844,41.343854],[-81.588844,41.343454],[-81.587944,41.338554],[-81.592144,41.329454],[-81.587943,41.324454],[-81.587243,41.321354],[-81.587443,41.319454],[-81.583543,41.315654],[-81.584143,41.309654],[-81.584743,41.307854],[-81.582443,41.306254],[-81.577342,41.305354],[-81.574442,41.302754],[-81.572842,41.300754],[-81.573143,41.290755],[-81.569742,41.290456],[-81.565241,41.288855],[-81.566641,41.287555],[-81.567041,41.284455],[-81.564441,41.283955],[-81.562541,41.278555],[-81.564941,41.278955],[-81.565141,41.277755],[-81.590542,41.277554],[-81.625037,41.277182],[-81.627245,41.277154],[-81.636229,41.277094],[-81.637845,41.277054],[-81.661447,41.277254],[-81.670517,41.277154],[-81.684949,41.277155],[-81.685324,41.23948],[-81.685648,41.201954],[-81.685948,41.188354],[-81.68595,41.188208],[-81.686248,41.168454],[-81.686344,41.165322],[-81.686423,41.162751],[-81.686848,41.135854],[-81.687248,41.115854],[-81.687248,41.110554],[-81.687348,41.092954],[-81.687449,41.064694],[-81.687449,41.063388],[-81.687449,41.062154],[-81.687649,41.046154],[-81.687249,41.042154],[-81.687722,41.0314],[-81.687946,41.026301],[-81.687949,41.025854],[-81.68796,41.024639],[-81.688149,41.004254],[-81.688298,41.000544],[-81.688357,41.000054],[-81.688449,40.988854],[-81.685949,40.988854],[-81.680203,40.988854],[-81.679483,40.988854],[-81.667948,40.988754],[-81.649607,40.988535],[-81.647747,40.988655],[-81.647647,40.987455],[-81.647647,40.970455],[-81.647847,40.960655],[-81.647847,40.943355],[-81.647847,40.928855],[-81.647847,40.925255],[-81.647847,40.914355],[-81.637647,40.913955],[-81.624846,40.913455],[-81.622417,40.913387],[-81.617555,40.913252],[-81.615439,40.913193],[-81.614045,40.913155],[-81.611999,40.913071],[-81.608922,40.912946],[-81.606936,40.912865],[-81.606456,40.912845],[-81.604245,40.912755],[-81.574631,40.911784],[-81.565243,40.911456],[-81.536341,40.910256],[-81.49694,40.908757],[-81.48445,40.908467],[-81.482338,40.908356],[-81.470649,40.907987],[-81.467638,40.907856],[-81.463937,40.907857],[-81.428536,40.906857],[-81.420135,40.906657],[-81.420019,40.909353],[-81.419735,40.914857],[-81.419674,40.916494],[-81.419635,40.917557],[-81.41904,40.928451],[-81.418935,40.929657],[-81.418935,40.932357],[-81.418335,40.940857],[-81.417834,40.950456],[-81.417446,40.96156],[-81.417301,40.964769],[-81.41722,40.966557],[-81.416834,40.976056],[-81.416334,40.988456],[-81.405533,40.988456],[-81.403345,40.988507],[-81.401233,40.988556],[-81.400733,40.988556],[-81.395017,40.988533],[-81.394033,40.988556],[-81.393433,40.988556],[-81.393432,40.999456],[-81.393232,41.020056],[-81.393032,41.029156],[-81.393132,41.036356],[-81.393076,41.037471],[-81.393032,41.038756],[-81.393032,41.03931],[-81.393032,41.039586],[-81.393032,41.040656],[-81.393032,41.041356],[-81.393132,41.048356],[-81.393032,41.050956],[-81.392932,41.060656],[-81.392932,41.060956],[-81.39279,41.065327],[-81.392832,41.066256],[-81.392832,41.067156],[-81.392932,41.073056],[-81.392832,41.083256],[-81.392776,41.085176],[-81.392732,41.085856],[-81.392668,41.091003],[-81.392532,41.100556],[-81.392456,41.109044],[-81.392442,41.110647],[-81.392332,41.117856],[-81.392132,41.134856],[-81.392232,41.135356],[-81.392432,41.139556],[-81.392232,41.145456],[-81.392231,41.152956],[-81.392331,41.155756],[-81.392231,41.166156],[-81.392231,41.171356],[-81.392031,41.175956],[-81.392231,41.180556],[-81.391931,41.202856],[-81.392031,41.203556],[-81.392131,41.214956],[-81.392031,41.239656],[-81.391931,41.254255],[-81.391931,41.270255],[-81.391831,41.272055],[-81.391831,41.274055],[-81.391831,41.274455],[-81.391831,41.276655],[-81.391732,41.306955],[-81.391732,41.312955],[-81.391532,41.328854],[-81.391532,41.330054],[-81.391933,41.337054],[-81.391833,41.339954],[-81.391833,41.341054],[-81.391933,41.342754],[-81.391829,41.348464]]]},"properties":{"name":"Summit=SUMM 1","type":"county"}},
{"type":"Feature","geometry":{"type":"Polygon","coordinates":[[[-80.519225,41.499924],[-80.604493,41.499576],[-80.619068,41.499516],[-80.638019,41.499439],[-80.640457,41.499429],[-80.647764,41.499399],[-80.665366,41.499327],[-80.685131,41.499502],[-80.706863,41.499701],[-80.713073,41.499758],[-80.74549,41.500055],[-80.790882,41.500412],[-80.810363,41.500609],[-80.867571,41.500647],[-80.877012,41.500696],[-80.877632,41.500691],[-80.88442,41.500763],[-80.89649,41.50089],[-80.901647,41.500936],[-80.903828,41.500955],[-80.904405,41.50096],[-80.968677,41.501508],[-80.972855,41.501546],[-81.001292,41.501686],[-81.003289,41.501685],[-81.003255,41.500054],[-81.003407,41.458816],[-81.003387,41.425989],[-81.003384,41.424958],[-81.003483,41.407094],[-81.003845,41.395609],[-81.003224,41.384318],[-81.0025,41.366931],[-81.002414,41.366933],[-81.001437,41.347855],[-81.00139,41.337974],[-81.001458,41.309869],[-81.001397,41.295454],[-81.001048,41.275506],[-81.001028,41.271863],[-81.000082,41.255975],[-80.999814,41.251476],[-80.999814,41.250056],[-80.999814,41.246436],[-80.999814,41.234756],[-80.999814,41.229556],[-80.999814,41.229447],[-80.999814,41.202261],[-80.999814,41.200956],[-80.999814,41.194588],[-80.999814,41.193656],[-80.999814,41.193061],[-80.999814,41.192256],[-80.999814,41.188888],[-80.999814,41.184363],[-80.999814,41.181169],[-80.999814,41.178854],[-80.999814,41.178402],[-80.999814,41.177856],[-80.999814,41.177755],[-80.999814,41.177039],[-80.999814,41.17608],[-80.999814,41.175956],[-80.999814,41.173464],[-80.999814,41.16812],[-80.999814,41.153956],[-80.999814,41.134257],[-80.999814,41.133821],[-80.966996,41.133977],[-80.965572,41.133993],[-80.905649,41.134281],[-80.824669,41.134121],[-80.811692,41.134201],[-80.811356,41.134169],[-80.80726,41.134153],[-80.789603,41.134157],[-80.778302,41.134157],[-80.777487,41.134157],[-80.773402,41.134157],[-80.769002,41.134157],[-80.753545,41.134217],[-80.749906,41.134172],[-80.73836,41.134105],[-80.7303,41.133957],[-80.7237,41.133957],[-80.717303,41.133945],[-80.710899,41.133957],[-80.709703,41.134009],[-80.698599,41.133957],[-80.685498,41.133857],[-80.682498,41.133757],[-80.675498,41.133857],[-80.673142,41.133804],[-80.671996,41.133825],[-80.671837,41.133828],[-80.665098,41.133757],[-80.659669,41.133673],[-80.655493,41.133657],[-80.651197,41.133657],[-80.645097,41.133657],[-80.638997,41.133757],[-80.638341,41.133737],[-80.635979,41.133666],[-80.635696,41.133657],[-80.635108,41.133721],[-80.634754,41.133714],[-80.62418,41.133513],[-80.616836,41.133433],[-80.615412,41.133449],[-80.597443,41.133273],[-80.588243,41.133369],[-80.583555,41.133369],[-80.581106,41.133305],[-80.570226,41.133369],[-80.519167,41.133343],[-80.519115,41.14552],[-80.519144,41.171203],[-80.51896026,41.19344507],[-80.51889417,41.2014449],[-80.51888147,41.20298213],[-80.51883,41.209213],[-80.5188899,41.21885751],[-80.518893,41.219356],[-80.518893,41.232556],[-80.51877032,41.24255366],[-80.518693,41.248855],[-80.518893,41.265155],[-80.518993,41.268155],[-80.518996,41.2683],[-80.51897083,41.27293723],[-80.518794,41.305509],[-80.519129,41.312408],[-80.519265,41.333495],[-80.51928095,41.33595],[-80.519281,41.335958],[-80.519281,41.337145],[-80.519281,41.337174],[-80.519311,41.339052],[-80.519293,41.339054],[-80.519293,41.339654],[-80.519345,41.340145],[-80.519345,41.34074],[-80.5192972,41.35084265],[-80.519249,41.36103],[-80.519217,41.372006],[-80.519249,41.378918],[-80.51920011,41.38710632],[-80.519025,41.416438],[-80.518993,41.416437],[-80.518993,41.423954],[-80.518993,41.435454],[-80.51916852,41.46250769],[-80.519169,41.462581],[-80.519225,41.499924]]]},"properties":{"name":"Trumbull=TRUM 1","type":"county"}},
{"type":"Feature","geometry":{"type":"Polygon","coordinates":[[[-81.317734,40.651562],[-81.352335,40.652262],[-81.375136,40.652562],[-81.413227,40.653098],[-81.420448,40.653131],[-81.427239,40.653161],[-81.435427,40.653329],[-81.447339,40.653461],[-81.446439,40.654361],[-81.440739,40.657361],[-81.435939,40.658261],[-81.435239,40.659361],[-81.436039,40.660961],[-81.439839,40.663061],[-81.45804,40.666561],[-81.46134,40.666261],[-81.46804,40.655761],[-81.47014,40.654461],[-81.472241,40.654261],[-81.475604,40.653877],[-81.487341,40.652561],[-81.508912,40.650607],[-81.520443,40.649361],[-81.520614,40.649341],[-81.536444,40.647461],[-81.537842,40.647327],[-81.550801,40.645841],[-81.555244,40.645361],[-81.557445,40.645061],[-81.557544,40.64506],[-81.574004,40.643186],[-81.578046,40.642761],[-81.594732,40.640921],[-81.616947,40.638361],[-81.649949,40.634961],[-81.669233,40.63286],[-81.669377,40.627911],[-81.666253,40.62783],[-81.662378,40.627818],[-81.664162,40.591519],[-81.664783,40.579011],[-81.665761,40.554217],[-81.666301,40.535495],[-81.666818,40.516829],[-81.667151,40.509544],[-81.667524,40.501755],[-81.667809,40.494386],[-81.668071,40.487436],[-81.669586,40.447947],[-81.669587,40.44543],[-81.669628,40.443854],[-81.696338,40.444531],[-81.698483,40.444588],[-81.704208,40.444689],[-81.709132,40.444775],[-81.709166,40.444325],[-81.709247,40.443254],[-81.709264,40.442588],[-81.709508,40.436654],[-81.71138,40.392322],[-81.711458,40.389958],[-81.711893,40.380437],[-81.712274,40.371278],[-81.712288,40.370804],[-81.710684,40.370796],[-81.706585,40.370774],[-81.705922,40.370754],[-81.687109,40.370203],[-81.68304,40.370066],[-81.622018,40.368271],[-81.61603,40.368118],[-81.616133,40.364212],[-81.616618,40.357152],[-81.61712,40.347543],[-81.617777,40.33042],[-81.618968,40.296619],[-81.619034,40.294878],[-81.619484,40.283276],[-81.62002,40.273744],[-81.620133,40.271767],[-81.620324,40.26843],[-81.620517,40.26421],[-81.620543,40.263155],[-81.620584,40.262504],[-81.620597,40.262307],[-81.620618,40.261973],[-81.621118,40.254196],[-81.621087,40.252663],[-81.622684,40.221309],[-81.552987,40.219645],[-81.549423,40.219632],[-81.544967,40.219486],[-81.528028,40.219027],[-81.524608,40.218951],[-81.511385,40.218676],[-81.505007,40.218545],[-81.437377,40.216645],[-81.43325,40.21654],[-81.429948,40.216453],[-81.412291,40.216029],[-81.40344,40.215796],[-81.399277,40.215819],[-81.399054,40.21576],[-81.368689,40.215009],[-81.368092,40.21501],[-81.338057,40.214253],[-81.337524,40.229877],[-81.337507,40.2304],[-81.337471,40.233011],[-81.335389,40.288189],[-81.335239,40.291516],[-81.334601,40.304316],[-81.291409,40.303656],[-81.290961,40.303634],[-81.285013,40.303441],[-81.275319,40.303434],[-81.274142,40.332632],[-81.273142,40.357652],[-81.272652,40.369065],[-81.271901,40.38611],[-81.271794,40.38912],[-81.271235,40.398697],[-81.269951,40.433486],[-81.268434,40.476714],[-81.268275,40.482552],[-81.26747,40.506112],[-81.26712,40.513288],[-81.264897,40.561737],[-81.264744,40.565042],[-81.27711,40.565416],[-81.321659,40.566649],[-81.321006,40.579308],[-81.317994,40.644248],[-81.317734,40.651562]]]},"properties":{"name":"Tuscarawas=TUSC 1","type":"county"}},
{"type":"Feature","geometry":{"type":"Polygon","coordinates":[[[-83.248561,40.443906],[-83.248463,40.452815],[-83.248458,40.453575],[-83.248446,40.455555],[-83.248438,40.457635],[-83.248418,40.463222],[-83.248232,40.491293],[-83.248229,40.491893],[-83.247989,40.501003],[-83.248013,40.507025],[-83.25509,40.507018],[-83.270948,40.506828],[-83.310129,40.506423],[-83.406018,40.505418],[-83.418372,40.505223],[-83.497087,40.50424],[-83.49715,40.504171],[-83.497205,40.504239],[-83.515876,40.50405],[-83.520095,40.504023],[-83.528043,40.436677],[-83.529597,40.423243],[-83.532135,40.401701],[-83.532729,40.396496],[-83.533748,40.387561],[-83.533826,40.387476],[-83.534759,40.378897],[-83.536316,40.365747],[-83.538411,40.346616],[-83.542806,40.306032],[-83.543771,40.297076],[-83.545503,40.281336],[-83.551378,40.229358],[-83.547772,40.229083],[-83.546691,40.229],[-83.53071,40.227825],[-83.494095,40.225612],[-83.495779,40.209662],[-83.49674,40.198627],[-83.502444,40.126071],[-83.503235,40.120107],[-83.503939,40.111307],[-83.392601,40.110404],[-83.39162,40.110396],[-83.382268,40.110326],[-83.291789,40.109773],[-83.285885,40.109725],[-83.281258,40.109597],[-83.27982,40.109565],[-83.268428,40.109293],[-83.267324,40.109277],[-83.263244,40.109085],[-83.258716,40.108973],[-83.258492,40.108973],[-83.25758,40.108925],[-83.250423,40.108816],[-83.233179,40.108461],[-83.206266,40.107837],[-83.191177,40.10747],[-83.190314,40.107393],[-83.180265,40.107038],[-83.169912,40.106766],[-83.170212,40.130862],[-83.170265,40.136241],[-83.170212,40.143161],[-83.170068,40.144678],[-83.170078,40.145979],[-83.170182,40.147116],[-83.170456,40.150125],[-83.170678,40.158596],[-83.170889,40.166717],[-83.171081,40.182877],[-83.171204,40.189765],[-83.171305,40.195373],[-83.171433,40.198269],[-83.171492,40.201611],[-83.171753,40.216397],[-83.171929,40.222141],[-83.172217,40.243949],[-83.193178,40.244205],[-83.240332,40.244668],[-83.246058,40.244608],[-83.247569,40.245166],[-83.247676,40.248252],[-83.24838,40.264124],[-83.248268,40.282364],[-83.248175,40.296796],[-83.24814,40.302316],[-83.24814,40.304756],[-83.24814,40.315964],[-83.248396,40.339756],[-83.248156,40.349948],[-83.248273,40.365654],[-83.248897,40.371192],[-83.249613,40.381775],[-83.24924,40.418773],[-83.249222,40.419418],[-83.249083,40.424573],[-83.248561,40.443906]]]},"properties":{"name":"Union=UNIO 1","type":"county"}},
{"type":"Feature","geometry":{"type":"Polygon","coordinates":[[[-84.399421,40.990384],[-84.428241,40.990277],[-84.428939,40.99027],[-84.452137,40.990152],[-84.457365,40.99014],[-84.476469,40.990181],[-84.528581,40.989886],[-84.53408,40.989886],[-84.534612,40.989885],[-84.572772,40.989959],[-84.580321,40.989936],[-84.591877,40.989797],[-84.624955,40.989544],[-84.649515,40.989542],[-84.659374,40.989533],[-84.682595,40.989504],[-84.688092,40.98955],[-84.692888,40.989551],[-84.74996,40.98949],[-84.75879,40.989403],[-84.760211,40.98947],[-84.781883,40.989479],[-84.783694,40.989434],[-84.785879,40.989409],[-84.803313,40.989209],[-84.802935,40.922377],[-84.80280756,40.90208984],[-84.80226052,40.815011],[-84.80225813,40.81462998],[-84.80217,40.800601],[-84.80235093,40.78335068],[-84.80247491,40.77152997],[-84.802538,40.765515],[-84.802266,40.742298],[-84.802119,40.728163],[-84.772775,40.728041],[-84.765938,40.728035],[-84.746625,40.727966],[-84.69296,40.727704],[-84.689232,40.727681],[-84.676725,40.72768],[-84.667421,40.72763],[-84.634606,40.727621],[-84.571502,40.727921],[-84.494357,40.72817],[-84.45627,40.728272],[-84.455998,40.684764],[-84.425528,40.68482],[-84.396779,40.684927],[-84.396786,40.697733],[-84.396799,40.699403],[-84.396955,40.735856],[-84.39704,40.743061],[-84.397046,40.746488],[-84.397052,40.750473],[-84.396946,40.765055],[-84.396963,40.767037],[-84.397138,40.786584],[-84.39745,40.815851],[-84.359466,40.816011],[-84.340101,40.816091],[-84.340251,40.828749],[-84.340252,40.828848],[-84.340253,40.828929],[-84.340292,40.832349],[-84.340296,40.832827],[-84.340304,40.833739],[-84.340358,40.839619],[-84.340407,40.845169],[-84.340425,40.847149],[-84.340442,40.849071],[-84.340508,40.856293],[-84.340534,40.859102],[-84.340541,40.859822],[-84.340776,40.888239],[-84.34097,40.903597],[-84.350827,40.903579],[-84.357552,40.903568],[-84.362267,40.90356],[-84.370016,40.903549],[-84.398391,40.90337],[-84.399114,40.964711],[-84.399134,40.966647],[-84.399421,40.990384]]]},"properties":{"name":"VanWert=VANW 1","type":"county"}},
{"type":"Feature","geometry":{"type":"Polygon","coordinates":[[[-82.748591,39.368165],[-82.749683,39.357298],[-82.753819,39.309512],[-82.753881,39.308789],[-82.755085,39.294778],[-82.757499,39.267382],[-82.758698,39.252955],[-82.758596,39.252165],[-82.759312,39.245487],[-82.760111,39.237644],[-82.762892,39.207967],[-82.682696,39.203886],[-82.669241,39.203219],[-82.655006,39.202513],[-82.650087,39.202269],[-82.650412,39.199317],[-82.650467,39.198816],[-82.651487,39.189569],[-82.633765,39.187937],[-82.610985,39.18557],[-82.603418,39.185554],[-82.600431,39.185547],[-82.595879,39.185537],[-82.595846,39.185529],[-82.594914,39.185526],[-82.574483,39.18547],[-82.548447,39.182403],[-82.545827,39.182095],[-82.545237,39.182194],[-82.536305,39.180757],[-82.538336,39.162301],[-82.538721,39.15921],[-82.540282,39.144471],[-82.532358,39.143823],[-82.514747,39.142383],[-82.49988,39.141172],[-82.452423,39.138988],[-82.424677,39.137972],[-82.425421,39.130587],[-82.426262,39.122185],[-82.426307,39.121741],[-82.428745,39.10035],[-82.428892,39.099022],[-82.429303,39.094194],[-82.429421,39.092889],[-82.429629,39.088595],[-82.432571,39.060213],[-82.432952,39.05669],[-82.435278,39.035174],[-82.344723,39.029187],[-82.322874,39.027674],[-82.321249,39.045359],[-82.317923,39.080397],[-82.317249,39.087559],[-82.314703,39.116582],[-82.313175,39.130798],[-82.312019,39.14555],[-82.311961,39.147198],[-82.310086,39.167977],[-82.306668,39.205514],[-82.305902,39.205439],[-82.303342,39.20537],[-82.302489,39.205347],[-82.285092,39.204568],[-82.272401,39.203954],[-82.26867,39.203773],[-82.267421,39.216463],[-82.265871,39.236172],[-82.264023,39.250597],[-82.263996,39.250887],[-82.26307,39.261655],[-82.26301,39.261701],[-82.260551,39.288701],[-82.260171,39.292871],[-82.298572,39.294871],[-82.297673,39.304238],[-82.297526,39.304738],[-82.290043,39.378318],[-82.289371,39.38417],[-82.40223,39.390228],[-82.403399,39.390289],[-82.429013,39.391573],[-82.429649,39.391726],[-82.446085,39.392385],[-82.448887,39.392518],[-82.456692,39.392938],[-82.468784,39.393461],[-82.514479,39.395767],[-82.51623,39.375068],[-82.51758,39.369468],[-82.609172,39.374298],[-82.634386,39.375966],[-82.635686,39.361566],[-82.668705,39.362956],[-82.71089,39.365365],[-82.748591,39.368165]]]},"properties":{"name":"Vinton=VINT 1","type":"county"}},
{"type":"Feature","geometry":{"type":"Polygon","coordinates":[[[-84.365269,39.589641],[-84.365243,39.582357],[-84.365098,39.575025],[-84.364642,39.562157],[-84.364642,39.559457],[-84.364642,39.553657],[-84.364742,39.543857],[-84.36265,39.542288],[-84.361942,39.541757],[-84.347341,39.545358],[-84.332141,39.548958],[-84.332141,39.548258],[-84.332195,39.547521],[-84.33272,39.541871],[-84.333607,39.531727],[-84.334149,39.525732],[-84.334212,39.525134],[-84.334241,39.524858],[-84.33428,39.524329],[-84.335133,39.513567],[-84.335426,39.511353],[-84.33554,39.510158],[-84.33674,39.496958],[-84.33704,39.493858],[-84.33704,39.492358],[-84.337159,39.488659],[-84.337188,39.488337],[-84.33764,39.482138],[-84.338467,39.474408],[-84.33854,39.473458],[-84.33964,39.462958],[-84.34004,39.456458],[-84.33664,39.456158],[-84.33844,39.440458],[-84.33844,39.440258],[-84.338595,39.438814],[-84.339593,39.43],[-84.33984,39.427458],[-84.34154,39.412558],[-84.34314,39.397958],[-84.34484,39.382858],[-84.345825,39.37324],[-84.34594,39.372058],[-84.34634,39.368458],[-84.34644,39.366658],[-84.347415,39.355291],[-84.347585,39.353549],[-84.347708,39.352287],[-84.34774,39.351958],[-84.347944,39.349797],[-84.34914,39.337158],[-84.349182,39.336152],[-84.349439,39.332558],[-84.349632,39.330458],[-84.350939,39.317558],[-84.351801,39.306949],[-84.351839,39.306558],[-84.352339,39.299458],[-84.352834,39.295003],[-84.353139,39.291758],[-84.34674,39.292259],[-84.33374,39.293059],[-84.32594,39.292859],[-84.325684,39.292842],[-84.324859,39.292787],[-84.316992,39.2925],[-84.316628,39.292473],[-84.297159,39.291698],[-84.281838,39.289759],[-84.267641,39.288572],[-84.265901,39.288402],[-84.265187,39.28833],[-84.264885,39.288307],[-84.262771,39.288178],[-84.262568,39.288165],[-84.262255,39.288146],[-84.261948,39.288119],[-84.264238,39.284959],[-84.265,39.28217],[-84.264438,39.280259],[-84.257137,39.277559],[-84.256237,39.276559],[-84.256542,39.274869],[-84.258305,39.273735],[-84.258318,39.273692],[-84.259289,39.270556],[-84.256834,39.270421],[-84.25439,39.270264],[-84.253674,39.270232],[-84.250826,39.270104],[-84.248618,39.269982],[-84.244744,39.269719],[-84.23737,39.269285],[-84.193456,39.266421],[-84.184844,39.265909],[-84.159661,39.264611],[-84.156019,39.264411],[-84.154883,39.264341],[-84.127308,39.262659],[-84.111033,39.261842],[-84.094673,39.261022],[-84.078045,39.260188],[-84.076907,39.260121],[-84.07348,39.259945],[-84.073268,39.259931],[-84.06737,39.259545],[-84.048013,39.258331],[-84.035721,39.257613],[-84.028234,39.25711],[-84.025087,39.256847],[-84.014301,39.255944],[-84.006795,39.255338],[-84.00676,39.255682],[-84.004023,39.285296],[-84.003657,39.289267],[-84.003563,39.290057],[-84.003534,39.290306],[-84.003511,39.29053],[-84.003478,39.290851],[-84.002985,39.295669],[-83.999931,39.328407],[-83.999377,39.333397],[-83.99756,39.351149],[-83.996752,39.359087],[-83.992385,39.404102],[-83.992335,39.404642],[-83.990758,39.421455],[-83.989424,39.435621],[-83.988633,39.444237],[-83.987028,39.46136],[-83.985728,39.47522],[-83.981115,39.526204],[-83.98104,39.527079],[-83.979435,39.544156],[-83.978283,39.555468],[-83.978263,39.555658],[-83.977003,39.569164],[-83.986923,39.56998],[-83.997596,39.570748],[-83.999932,39.570842],[-84.032477,39.572924],[-84.056893,39.574412],[-84.113935,39.577959],[-84.127535,39.578859],[-84.134434,39.57922],[-84.162836,39.581159],[-84.197873,39.583667],[-84.210938,39.584559],[-84.213746,39.584721],[-84.216666,39.584889],[-84.223419,39.585277],[-84.229871,39.585649],[-84.230038,39.585659],[-84.230223,39.585671],[-84.237987,39.586189],[-84.238016,39.586191],[-84.238257,39.586207],[-84.242039,39.586459],[-84.243196,39.586535],[-84.248139,39.586859],[-84.259572,39.587641],[-84.259839,39.587659],[-84.261311,39.587752],[-84.28534,39.589158],[-84.28634,39.589158],[-84.28684,39.589158],[-84.28898,39.58921],[-84.29624,39.589258],[-84.306541,39.589158],[-84.307041,39.589258],[-84.308041,39.589258],[-84.323841,39.589158],[-84.327641,39.589358],[-84.330338,39.589357],[-84.33268,39.589357],[-84.335042,39.589357],[-84.337542,39.589357],[-84.345142,39.589357],[-84.365269,39.589641]]]},"properties":{"name":"Warren=WARR 1","type":"county"}},
{"type":"Feature","geometry":{"type":"Polygon","coordinates":[[[-81.283075,39.605796],[-81.283543,39.591828],[-81.288878,39.591959],[-81.29764,39.592175],[-81.346723,39.593331],[-81.349084,39.593387],[-81.356445,39.593512],[-81.35629,39.600865],[-81.388632,39.601354],[-81.38993,39.601386],[-81.394934,39.601547],[-81.394692,39.609184],[-81.394585,39.614283],[-81.394624,39.614833],[-81.395036,39.615681],[-81.41385,39.615874],[-81.413729,39.619324],[-81.413706,39.619836],[-81.413714,39.625456],[-81.413653,39.626172],[-81.413665,39.630502],[-81.452712,39.631165],[-81.452615,39.631609],[-81.452615,39.631861],[-81.452644,39.632387],[-81.452556,39.633326],[-81.452352,39.63646],[-81.451935,39.645449],[-81.458304,39.645606],[-81.468748,39.645864],[-81.47316,39.645976],[-81.473411,39.608251],[-81.47341,39.60687],[-81.473497,39.586577],[-81.473475,39.583932],[-81.473473,39.583691],[-81.473471,39.583318],[-81.477203,39.583427],[-81.477988,39.58345],[-81.491253,39.583835],[-81.492074,39.583859],[-81.524669,39.584794],[-81.526174,39.584647],[-81.52756,39.584791],[-81.530137,39.584694],[-81.579405,39.586626],[-81.580716,39.586675],[-81.583965,39.586802],[-81.588185,39.586973],[-81.59502,39.587173],[-81.674662,39.589955],[-81.676791,39.590102],[-81.688883,39.590511],[-81.694334,39.587303],[-81.697251,39.586639],[-81.710814,39.5858],[-81.713839,39.584593],[-81.715955,39.582858],[-81.716859,39.579114],[-81.716055,39.569583],[-81.716337,39.565963],[-81.717276,39.562621],[-81.720658,39.555722],[-81.723511,39.547608],[-81.722151,39.541551],[-81.722129,39.538587],[-81.721132,39.534812],[-81.722217,39.53155],[-81.705069,39.531002],[-81.706138,39.513515],[-81.706501,39.507595],[-81.707997,39.489321],[-81.708525,39.480777],[-81.733454,39.481385],[-81.733678,39.481396],[-81.749535,39.481833],[-81.749855,39.482095],[-81.760955,39.482773],[-81.760959,39.488583],[-81.765948,39.488723],[-81.783756,39.489472],[-81.783456,39.492572],[-81.792006,39.492926],[-81.793455,39.492858],[-81.811879,39.493644],[-81.823158,39.494072],[-81.823458,39.482472],[-81.825757,39.449172],[-81.844857,39.449972],[-81.844967,39.448454],[-81.845074,39.446977],[-81.848011,39.400936],[-81.848269,39.396689],[-81.848647,39.390775],[-81.849042,39.384937],[-81.850437,39.362303],[-81.850915,39.353804],[-81.852785,39.325102],[-81.85345,39.317864],[-81.834657,39.317274],[-81.835681,39.302789],[-81.816556,39.301774],[-81.8175,39.285346],[-81.818256,39.272175],[-81.721693,39.269435],[-81.725453,39.216508],[-81.72547241,39.21589655],[-81.724365,39.216508],[-81.711628,39.219228],[-81.700908,39.220844],[-81.694603,39.224107],[-81.69450151,39.22421438],[-81.69301649,39.22578548],[-81.692395,39.226443],[-81.69207319,39.22690134],[-81.69156327,39.22762759],[-81.691339,39.227947],[-81.691067,39.230139],[-81.69211604,39.23563539],[-81.692203,39.236091],[-81.69444544,39.24040138],[-81.695724,39.242859],[-81.69582729,39.24322865],[-81.69631902,39.24498854],[-81.696636,39.246123],[-81.696988,39.248747],[-81.69638,39.257035],[-81.69286657,39.26207092],[-81.69232131,39.26285245],[-81.69206,39.263227],[-81.689483,39.266043],[-81.683627,39.270939],[-81.678331,39.273755],[-81.670187,39.275963],[-81.656138,39.277355],[-81.64453383,39.27721174],[-81.643178,39.277195],[-81.62185322,39.27373203],[-81.621305,39.273643],[-81.6180917,39.27437856],[-81.613896,39.275339],[-81.608408,39.276043],[-81.603352,39.275531],[-81.59984926,39.27461427],[-81.59838073,39.27422992],[-81.59516,39.273387],[-81.59498958,39.27329372],[-81.588583,39.269787],[-81.58758403,39.26944344],[-81.5864418,39.26905061],[-81.585559,39.268747],[-81.58184435,39.26848694],[-81.5817467,39.2684801],[-81.570247,39.267675],[-81.567347,39.270675],[-81.56711573,39.2712807],[-81.56702756,39.27151162],[-81.565247,39.276175],[-81.56511153,39.28816352],[-81.565047,39.293874],[-81.56216156,39.30800679],[-81.560147,39.317874],[-81.559647,39.330774],[-81.55907096,39.33296845],[-81.557547,39.338774],[-81.542346,39.352874],[-81.53447,39.358234],[-81.524309,39.36161],[-81.51495445,39.36631495],[-81.513493,39.36705],[-81.50858707,39.36999813],[-81.50417011,39.37265242],[-81.503189,39.373242],[-81.50218682,39.37400946],[-81.489044,39.384074],[-81.4829,39.389674],[-81.48100418,39.39172285],[-81.473188,39.40017],[-81.467744,39.403774],[-81.456143,39.409274],[-81.446543,39.410374],[-81.435642,39.408474],[-81.42949995,39.40575395],[-81.428642,39.405374],[-81.42727348,39.40452614],[-81.420578,39.400378],[-81.412706,39.394618],[-81.406689,39.38809],[-81.40277,39.376914],[-81.400744,39.369221],[-81.395883,39.355553],[-81.393794,39.351706],[-81.391249,39.348814],[-81.384556,39.343449],[-81.38096435,39.34244257],[-81.379674,39.342081],[-81.375961,39.341697],[-81.37130376,39.34205907],[-81.36720191,39.34237796],[-81.36441117,39.34259492],[-81.36166138,39.34280869],[-81.356911,39.343178],[-81.35508773,39.34368377],[-81.35043607,39.34497413],[-81.347567,39.34577],[-81.34639136,39.34631026],[-81.34306309,39.34783976],[-81.342623,39.348042],[-81.34223616,39.34830371],[-81.335599,39.352794],[-81.326174,39.358186],[-81.319598,39.36129],[-81.304798,39.370538],[-81.30290782,39.37153488],[-81.29988398,39.37312966],[-81.297517,39.374378],[-81.29686495,39.37457549],[-81.29072889,39.37643398],[-81.281405,39.379258],[-81.275677,39.383786],[-81.270716,39.385914],[-81.2705822,39.3859236],[-81.27004263,39.38596231],[-81.259788,39.386698],[-81.249088,39.389992],[-81.24184,39.390276],[-81.223581,39.386062],[-81.221372,39.386172],[-81.217315,39.38759],[-81.213064,39.390656],[-81.211654,39.392977],[-81.21087,39.397112],[-81.211433,39.402031],[-81.210833,39.403563],[-81.208231,39.407147],[-81.205223,39.410786],[-81.20100538,39.41474588],[-81.200412,39.415303],[-81.190714,39.423562],[-81.185946,39.430731],[-81.182307,39.433533],[-81.179934,39.435121],[-81.170634,39.439175],[-81.16352,39.441186],[-81.152534,39.443175],[-81.15100303,39.44323879],[-81.14758273,39.4433813],[-81.14753936,39.44338311],[-81.138134,39.443775],[-81.134434,39.445075],[-81.13413825,39.44526179],[-81.13328632,39.44579985],[-81.132534,39.446275],[-81.128533,39.449375],[-81.12812804,39.44980128],[-81.124733,39.453375],[-81.115133,39.466275],[-81.114433,39.466275],[-81.11436557,39.46637862],[-81.100833,39.487175],[-81.0999558,39.48808952],[-81.091433,39.496975],[-81.0902893,39.49791201],[-81.08299728,39.50388627],[-81.08011885,39.50624452],[-81.07595,39.50966],[-81.0711638,39.51531747],[-81.07097027,39.51554623],[-81.070594,39.515991],[-81.06435292,39.52011689],[-81.060379,39.522744],[-81.05908878,39.52375288],[-81.05562751,39.52645941],[-81.05505746,39.52690515],[-81.051982,39.52931],[-81.05054826,39.53113701],[-81.05042798,39.53129029],[-81.049955,39.531893],[-81.044902,39.5363],[-81.0387022,39.54004984],[-81.03724,39.564494],[-81.036879,39.570624],[-81.036791,39.572118],[-81.062241,39.573068],[-81.139926,39.575787],[-81.141591,39.57583],[-81.160179,39.576361],[-81.201766,39.577603],[-81.215887,39.578074],[-81.241398,39.57885],[-81.246797,39.576594],[-81.265347,39.57681],[-81.264269,39.605357],[-81.283075,39.605796]]]},"properties":{"name":"Washington=WASH 1","type":"county"}},
{"type":"Feature","geometry":{"type":"Polygon","coordinates":[[[-81.688449,40.988854],[-81.715563,40.98847],[-81.729948,40.988342],[-81.759122,40.988239],[-81.764885,40.988199],[-81.778267,40.988223],[-81.785169,40.988246],[-81.785728,40.988248],[-81.793796,40.988249],[-81.794452,40.98825],[-81.796203,40.988273],[-81.803011,40.988258],[-81.805484,40.988253],[-81.822201,40.988204],[-81.832905,40.988339],[-81.859009,40.988791],[-81.880007,40.989048],[-81.885184,40.989134],[-81.890958,40.98923],[-81.892037,40.989248],[-81.901121,40.98932],[-81.909568,40.989387],[-81.940018,40.989633],[-81.948266,40.989669],[-81.948584,40.989634],[-81.977381,40.989961],[-81.98753,40.990025],[-81.993515,40.990048],[-81.99359,40.990066],[-81.996635,40.990141],[-82.000838,40.990362],[-82.030303,40.990682],[-82.054884,40.990972],[-82.078377,40.991383],[-82.078679,40.99136],[-82.129442,40.992075],[-82.129081,40.975669],[-82.12883,40.964181],[-82.127917,40.93717],[-82.128491,40.93026],[-82.128277,40.921442],[-82.128087,40.915602],[-82.127894,40.90108],[-82.127247,40.901079],[-82.125749,40.893274],[-82.124875,40.885426],[-82.125453,40.858362],[-82.12549,40.850583],[-82.125925,40.836467],[-82.126202,40.829397],[-82.126887,40.813788],[-82.127308,40.804254],[-82.12685,40.777599],[-82.126736,40.770438],[-82.126528,40.749413],[-82.126073,40.72675],[-82.126434,40.726759],[-82.126405,40.719382],[-82.126199,40.66823],[-82.106768,40.66791],[-82.090617,40.66801],[-82.052665,40.668333],[-82.040736,40.668332],[-82.02499,40.668168],[-81.995271,40.667884],[-81.992325,40.667794],[-81.9712,40.667527],[-81.968801,40.667775],[-81.904851,40.666681],[-81.904372,40.666843],[-81.90428,40.666864],[-81.893251,40.666907],[-81.876904,40.667187],[-81.861338,40.667293],[-81.860828,40.667316],[-81.8562,40.667431],[-81.817643,40.66755],[-81.78407,40.667689],[-81.764887,40.667755],[-81.730621,40.668432],[-81.727328,40.668436],[-81.705366,40.668467],[-81.688932,40.668449],[-81.670966,40.668291],[-81.659458,40.668194],[-81.649849,40.668113],[-81.649549,40.703159],[-81.649466,40.708866],[-81.649514,40.711058],[-81.64955,40.712758],[-81.64955,40.718757],[-81.64955,40.726723],[-81.64945,40.733309],[-81.649549,40.733457],[-81.64935,40.735358],[-81.64945,40.735758],[-81.649449,40.736957],[-81.649149,40.777156],[-81.649164,40.778393],[-81.64911,40.781885],[-81.649091,40.783105],[-81.648952,40.797245],[-81.648947,40.799254],[-81.64895,40.803028],[-81.648949,40.805557],[-81.648949,40.815157],[-81.648849,40.826457],[-81.64855,40.844666],[-81.64855,40.847775],[-81.64855,40.853985],[-81.64855,40.861259],[-81.64855,40.869995],[-81.648553,40.873919],[-81.648476,40.876447],[-81.647894,40.894981],[-81.647895,40.895031],[-81.647928,40.902054],[-81.647927,40.902295],[-81.647831,40.906342],[-81.647847,40.914355],[-81.647847,40.925255],[-81.647847,40.928855],[-81.647847,40.943355],[-81.647847,40.960655],[-81.647647,40.970455],[-81.647647,40.987455],[-81.647747,40.988655],[-81.649607,40.988535],[-81.667948,40.988754],[-81.679483,40.988854],[-81.680203,40.988854],[-81.685949,40.988854],[-81.688449,40.988854]]]},"properties":{"name":"Wayne=WAYN 1","type":"county"}},
{"type":"Feature","geometry":{"type":"Polygon","coordinates":[[[-84.39943096,41.70586332],[-84.438067,41.704903],[-84.47581004,41.70409728],[-84.53013702,41.70293754],[-84.57285413,41.70202564],[-84.6701265,41.69994913],[-84.68962841,41.69953282],[-84.749955,41.698245],[-84.806082,41.696089],[-84.80621,41.67455],[-84.80593278,41.65276085],[-84.805673,41.632342],[-84.805696,41.631398],[-84.80577332,41.61916194],[-84.805812,41.61304],[-84.8054474,41.5851618],[-84.80487971,41.54175472],[-84.804729,41.530231],[-84.804729,41.530092],[-84.80462547,41.51280201],[-84.804551,41.500364],[-84.804457,41.488224],[-84.80422221,41.46522857],[-84.803919,41.435531],[-84.803956,41.426128],[-84.792964,41.426038],[-84.787741,41.426037],[-84.777728,41.426035],[-84.775328,41.426125],[-84.754618,41.426274],[-84.749151,41.426202],[-84.742178,41.426029],[-84.719907,41.426289],[-84.690981,41.426476],[-84.670291,41.426676],[-84.656494,41.426745],[-84.631609,41.426712],[-84.61225,41.426924],[-84.609637,41.426902],[-84.6077,41.426886],[-84.606994,41.42688],[-84.573754,41.426933],[-84.552486,41.427093],[-84.498121,41.427102],[-84.478616,41.427179],[-84.459233,41.427207],[-84.438848,41.427231],[-84.438483,41.4273],[-84.429398,41.427277],[-84.424392,41.42728],[-84.402238,41.427431],[-84.396496,41.427498],[-84.388567,41.427403],[-84.341948,41.427572],[-84.342061,41.434255],[-84.34207,41.434788],[-84.342206,41.462213],[-84.342294,41.474379],[-84.342294,41.474511],[-84.342275,41.485126],[-84.342278,41.485497],[-84.341959,41.514115],[-84.380726,41.514039],[-84.380771,41.521164],[-84.380981,41.557545],[-84.380859,41.557865],[-84.380846,41.571812],[-84.380987,41.586348],[-84.381132,41.60102],[-84.381192,41.601657],[-84.381313,41.616731],[-84.393538,41.616864],[-84.394879,41.616818],[-84.398409,41.616832],[-84.398288,41.622422],[-84.39862,41.636913],[-84.399059,41.666066],[-84.39943096,41.70586332]]]},"properties":{"name":"Williams=WILL 1","type":"county"}},
{"type":"Feature","geometry":{"type":"Polygon","coordinates":[[[-83.41553,41.618949],[-83.42763,41.618849],[-83.446931,41.618649],[-83.466331,41.618449],[-83.476831,41.618349],[-83.485932,41.618249],[-83.489932,41.618149],[-83.491332,41.618149],[-83.493032,41.618149],[-83.495732,41.618049],[-83.505632,41.617849],[-83.512432,41.617749],[-83.518632,41.617649],[-83.524432,41.617749],[-83.527933,41.617749],[-83.536733,41.61775],[-83.542933,41.61765],[-83.548433,41.61765],[-83.559833,41.61765],[-83.563233,41.61765],[-83.565729,41.617464],[-83.569934,41.61715],[-83.578334,41.61095],[-83.582034,41.60505],[-83.584534,41.60435],[-83.588034,41.60095],[-83.590934,41.59455],[-83.593134,41.59315],[-83.594434,41.58905],[-83.600734,41.586251],[-83.606334,41.580351],[-83.608434,41.577951],[-83.609534,41.573251],[-83.612734,41.570751],[-83.618734,41.569751],[-83.621634,41.569951],[-83.625634,41.570051],[-83.631334,41.562751],[-83.632075,41.562365],[-83.636135,41.560251],[-83.643435,41.561151],[-83.644935,41.560751],[-83.649935,41.557251],[-83.655479,41.554765],[-83.659835,41.553451],[-83.665635,41.549251],[-83.670235,41.548351],[-83.678336,41.547851],[-83.682536,41.545451],[-83.684536,41.544352],[-83.694136,41.538552],[-83.699736,41.533952],[-83.703336,41.528952],[-83.709636,41.521852],[-83.711232,41.506288],[-83.7134,41.502224],[-83.713636,41.500252],[-83.711528,41.495548],[-83.711648,41.494468],[-83.712843,41.492494],[-83.71472,41.490568],[-83.717416,41.488604],[-83.720304,41.487216],[-83.722232,41.48664],[-83.727408,41.48614],[-83.730993,41.485432],[-83.732649,41.484684],[-83.736417,41.482004],[-83.740257,41.477576],[-83.746561,41.466736],[-83.748137,41.465852],[-83.756729,41.462212],[-83.765249,41.462256],[-83.76765,41.462732],[-83.773282,41.463616],[-83.77669,41.462996],[-83.778482,41.461976],[-83.779642,41.460472],[-83.78001,41.458804],[-83.779186,41.45226],[-83.780638,41.450152],[-83.783826,41.448424],[-83.78905,41.446788],[-83.806739,41.437552],[-83.813115,41.434948],[-83.815731,41.432892],[-83.817547,41.432296],[-83.820864,41.432198],[-83.822179,41.43144],[-83.833931,41.427832],[-83.84562,41.425028],[-83.849764,41.422264],[-83.850852,41.420108],[-83.851556,41.416887],[-83.852316,41.415651],[-83.85434,41.414445],[-83.86064,41.414251],[-83.86334,41.414251],[-83.867452,41.414763],[-83.871277,41.416247],[-83.873789,41.416227],[-83.874941,41.415955],[-83.883235,41.414504],[-83.883142,41.409755],[-83.883222,41.386092],[-83.883185,41.381416],[-83.883371,41.357027],[-83.883532,41.344863],[-83.883533,41.343515],[-83.883564,41.342851],[-83.883518,41.342554],[-83.883386,41.333824],[-83.883335,41.330407],[-83.883302,41.328196],[-83.883197,41.321625],[-83.88308,41.314271],[-83.882748,41.298656],[-83.882646,41.294026],[-83.882166,41.269663],[-83.882099,41.262653],[-83.882026,41.25503],[-83.881994,41.225899],[-83.881587,41.204179],[-83.881472,41.196885],[-83.881384,41.193594],[-83.881102,41.16771],[-83.78841,41.168177],[-83.764991,41.168194],[-83.749935,41.168265],[-83.727102,41.168377],[-83.727005,41.168392],[-83.707282,41.168248],[-83.688759,41.168128],[-83.674548,41.16796],[-83.663774,41.167834],[-83.649469,41.167662],[-83.648788,41.167652],[-83.630906,41.167527],[-83.626457,41.167508],[-83.611721,41.167389],[-83.602179,41.16729],[-83.592615,41.167193],[-83.583157,41.167146],[-83.581008,41.167192],[-83.563668,41.166599],[-83.554257,41.166439],[-83.544668,41.166318],[-83.535084,41.166196],[-83.499927,41.165751],[-83.474344,41.166021],[-83.473839,41.166153],[-83.464812,41.166436],[-83.464391,41.166434],[-83.460938,41.166414],[-83.442811,41.166593],[-83.440278,41.16662],[-83.439727,41.166626],[-83.438501,41.166639],[-83.436961,41.166656],[-83.430573,41.166669],[-83.425653,41.166599],[-83.421022,41.166644],[-83.420991,41.171195],[-83.42093,41.173962],[-83.420937,41.179848],[-83.420929,41.18128],[-83.420921,41.181666],[-83.420906,41.1824],[-83.420898,41.18279],[-83.420837,41.185877],[-83.420714,41.195825],[-83.420377,41.217505],[-83.419818,41.253864],[-83.419375,41.262149],[-83.419042,41.272406],[-83.41872,41.282862],[-83.417985,41.311905],[-83.418015,41.312065],[-83.417281,41.340056],[-83.417281,41.341062],[-83.41725,41.342045],[-83.416073,41.40649],[-83.415858,41.413716],[-83.415612,41.426293],[-83.415641,41.428099],[-83.415454,41.449069],[-83.415361,41.456296],[-83.415265,41.47164],[-83.414528,41.500251],[-83.414528,41.500551],[-83.414513,41.507553],[-83.414428,41.510251],[-83.414428,41.514951],[-83.415029,41.54405],[-83.415029,41.55755],[-83.415129,41.55835],[-83.415229,41.55935],[-83.415029,41.56565],[-83.415129,41.56935],[-83.415229,41.587349],[-83.41513,41.601849],[-83.41543,41.616149],[-83.41543,41.616649],[-83.41553,41.618949]]]},"properties":{"name":"Wood=WOOD 1","type":"county"}},
{"type":"Feature","geometry":{"type":"Polygon","coordinates":[[[-83.112618,40.993553],[-83.131908,40.99346],[-83.136073,40.993508],[-83.189697,40.993194],[-83.20502,40.993126],[-83.240608,40.993113],[-83.243536,40.993158],[-83.258455,40.992955],[-83.259451,40.992978],[-83.260807,40.993012],[-83.261353,40.993025],[-83.265148,40.992989],[-83.304928,40.992763],[-83.328935,40.99262],[-83.338061,40.992491],[-83.343173,40.992458],[-83.382798,40.992265],[-83.386187,40.992281],[-83.386783,40.992276],[-83.395419,40.99221],[-83.410686,40.992091],[-83.420314,40.992023],[-83.456231,40.991678],[-83.45785,40.991671],[-83.457847,40.991027],[-83.457681,40.948517],[-83.476792,40.948379],[-83.476643,40.933818],[-83.476649,40.932707],[-83.47666,40.919473],[-83.476673,40.904975],[-83.514893,40.905111],[-83.515214,40.876228],[-83.515883,40.818134],[-83.50135,40.818068],[-83.496275,40.817792],[-83.496712,40.80176],[-83.49674,40.730481],[-83.495802,40.723416],[-83.495901,40.701529],[-83.477962,40.701441],[-83.460167,40.702249],[-83.440204,40.702304],[-83.440278,40.687572],[-83.421049,40.686817],[-83.419831,40.686823],[-83.419826,40.687282],[-83.38136,40.687264],[-83.35096,40.68734],[-83.342945,40.687362],[-83.323957,40.687298],[-83.304693,40.687162],[-83.304693,40.687573],[-83.304687,40.702006],[-83.298776,40.702028],[-83.227045,40.702455],[-83.192376,40.702179],[-83.188287,40.702213],[-83.168782,40.702395],[-83.162319,40.702485],[-83.161265,40.702528],[-83.159554,40.702599],[-83.111342,40.702957],[-83.111559,40.719766],[-83.111599,40.72218],[-83.111756,40.73164],[-83.111737,40.746073],[-83.111781,40.753291],[-83.111776,40.763628],[-83.111725,40.775188],[-83.111939,40.794377],[-83.111911,40.799307],[-83.111911,40.799702],[-83.112065,40.804236],[-83.112211,40.81931],[-83.112381,40.843325],[-83.112403,40.848235],[-83.112418,40.851605],[-83.112474,40.854747],[-83.112457,40.862928],[-83.112462,40.87068],[-83.112465,40.875056],[-83.112569,40.888132],[-83.112592,40.891347],[-83.112668,40.906523],[-83.112336,40.906569],[-83.112314,40.916747],[-83.112401,40.949981],[-83.112444,40.953553],[-83.112487,40.95712],[-83.112618,40.993553]]]},"properties":{"name":"Wyandot=WYAN 1","type":"county"}}
]}