{"type":"FeatureCollection", "features": [
{"type":"Feature","geometry":{"type":"Polygon","coordinates":[[[-97.3263075216533,40.2304191659823],[-97.3262308100197,40.2342339774775],[-97.3310951387741,40.234265699738],[-97.3376235462868,40.2342433205855],[-97.3376374207663,40.2306371012547],[-97.3277401054611,40.2304252677378],[-97.3264646244201,40.2303356136431],[-97.3263075216533,40.2304191659823]]]},"properties":{"NAME":"Alexandria SRA","AreaType":"SRA"}},
{"type":"Feature","geometry":{"type":"MultiPolygon","coordinates":[[[[-95.8722263526998,40.6731844420974],[-95.871596330055,40.673175936526],[-95.8715620422589,40.674312204202],[-95.8722672188587,40.6743300469283],[-95.8722924597215,40.6731853346236],[-95.8722263526998,40.6731844420974]]],[[[-95.873636796629,40.6808386675542],[-95.8736291339997,40.6820497675914],[-95.8760482278895,40.6820826674485],[-95.8760719038871,40.6808922415716],[-95.8783600737142,40.6809795811205],[-95.87836202755,40.6820890410063],[-95.8830813691159,40.682049727399],[-95.8829455330652,40.6803231695661],[-95.8827540805186,40.6800019291707],[-95.8824792715001,40.6797994217402],[-95.8820384780717,40.6796623969881],[-95.880022860695,40.6796973949148],[-95.8795335824958,40.6796481533792],[-95.8789006268516,40.679478386603],[-95.8776857344816,40.6789910828808],[-95.8770010277922,40.6788507244253],[-95.8765198604817,40.678819142574],[-95.8736497144028,40.6787968244871],[-95.873636796629,40.6808386675542]]]]},"properties":{"NAME":"Arbor Lodge SHP","AreaType":"SHP"}},
{"type":"Feature","geometry":{"type":"MultiPolygon","coordinates":[[[[-102.116057647174,41.2577403706106],[-102.113019506256,41.2577150350317],[-102.112888447446,41.2637687447976],[-102.112500744451,41.2639853102787],[-102.112268399694,41.2640302261832],[-102.11199259085,41.2641384319399],[-102.111159286643,41.2646588200739],[-102.110442725694,41.2648650157134],[-102.110660947138,41.2650937668684],[-102.111386820922,41.2648903681005],[-102.112853576643,41.2649083327315],[-102.112872837421,41.2641426096682],[-102.113346102252,41.2639144412941],[-102.117074712552,41.263336504363],[-102.117577622686,41.2628955597209],[-102.117464582284,41.2577456798911],[-102.116057647174,41.2577403706106]]],[[[-102.126832675801,41.3090944264126],[-102.127736825643,41.3092208196202],[-102.12826436848,41.3092560328291],[-102.129042655367,41.3092231226329],[-102.131012891652,41.3089493213287],[-102.131599251683,41.3088118557913],[-102.1317045522,41.3049129701159],[-102.13148068754,41.2979283908895],[-102.131518080812,41.2940699106852],[-102.129584605385,41.2937502816853],[-102.130360213496,41.2919650894536],[-102.130329483927,41.2906051404621],[-102.131650514044,41.2902495461121],[-102.131471136652,41.2866120830383],[-102.128461673551,41.2870397251344],[-102.126303553725,41.2872518225213],[-102.124604115481,41.2871762092096],[-102.119907143762,41.2870744440663],[-102.123124114101,41.2942700213861],[-102.123557365274,41.2954001368856],[-102.123798546758,41.296263658466],[-102.123966841635,41.2971371348884],[-102.125084890228,41.3063132421623],[-102.126574140662,41.3066450815717],[-102.126932602596,41.3073349644116],[-102.126611505188,41.3078764239898],[-102.126622668552,41.3083594372713],[-102.126382588402,41.3083562711774],[-102.126388736472,41.3086223264414],[-102.125874877672,41.3086081290092],[-102.126033958529,41.3087990282059],[-102.126449976422,41.3089336246076],[-102.126035385054,41.3089622217608],[-102.126832675801,41.3090944264126]]],[[[-102.116249243451,41.286920724142],[-102.115948310526,41.2850736840849],[-102.114975373988,41.2851444106217],[-102.115286015006,41.2869149656538],[-102.112687566182,41.286824402543],[-102.112450573542,41.2937204157286],[-102.112411302791,41.3053775207822],[-102.109127774476,41.3111926699747],[-102.110257910799,41.3115158726797],[-102.110446504008,41.3116781424472],[-102.11205621403,41.3125262371063],[-102.114230888908,41.3129121859276],[-102.115669942382,41.3135220028902],[-102.118784089757,41.3080058709555],[-102.120272676336,41.3080022669063],[-102.120270470972,41.3074564525722],[-102.120685064137,41.3075289437226],[-102.120689009538,41.3080023964658],[-102.124918909411,41.3079870996668],[-102.123612328695,41.2974478028639],[-102.123240587864,41.2959150560263],[-102.122590669332,41.2940306484468],[-102.119366014805,41.2870482923118],[-102.116255433742,41.2869587135462],[-102.116249243451,41.286920724142]]]]},"properties":{"NAME":"Ash Hollow SHP","AreaType":"SHP"}},
{"type":"Feature","geometry":{"type":"Polygon","coordinates":[[[-98.1650537379237,42.4181637458017],[-98.1601995780982,42.418179117502],[-98.1603138339209,42.4146772063624],[-98.1503280606113,42.4146445339504],[-98.1504433162589,42.4219218535479],[-98.1552578630752,42.4218980662668],[-98.1553785939545,42.4290184316882],[-98.1650913746391,42.4289343126709],[-98.1650197564531,42.421385072201],[-98.1649624637009,42.4199752534179],[-98.1650537379237,42.4181637458017]]]},"properties":{"NAME":"Ashfall SHP","AreaType":"SHP"}},
{"type":"Feature","geometry":{"type":"Polygon","coordinates":[[[-97.1167766476457,40.7055271531189],[-97.1176033321674,40.705550510293],[-97.1178443789042,40.7056517913561],[-97.1180936299545,40.705702406293],[-97.1181488574798,40.7058498094964],[-97.1184175247167,40.705892101304],[-97.1187564375138,40.7060905913307],[-97.1190655208536,40.7063295098171],[-97.11940986217,40.7068798236532],[-97.119466815359,40.7070939580925],[-97.1198433621767,40.7077364512525],[-97.1206892212381,40.7083365580991],[-97.120759984228,40.7052838209842],[-97.1158864962509,40.7053053967754],[-97.1159244680379,40.7038044866803],[-97.1156586843931,40.7038743447933],[-97.1153121035767,40.7041654761119],[-97.1150728381991,40.7045150984207],[-97.1147677334977,40.7047588950786],[-97.114242325956,40.7050863827281],[-97.1141813779589,40.7054170939278],[-97.1142631201582,40.7056035577902],[-97.1161733408975,40.7056030756518],[-97.1165425924967,40.7055205400523],[-97.1167766476457,40.7055271531189]]]},"properties":{"NAME":"Blue River SRA","AreaType":"SRA"}},
{"type":"Feature","geometry":{"type":"Polygon","coordinates":[[[-96.7936027169743,40.6391071151669],[-96.7955560316944,40.639090432075],[-96.7955522686517,40.6393437175535],[-96.8006896735744,40.6393496105336],[-96.8021664302397,40.6393976118873],[-96.802761979137,40.6393519227357],[-96.802742023063,40.6336704996387],[-96.8003855058158,40.6336452350405],[-96.8003681871955,40.6282275413028],[-96.8027229141003,40.6282513434946],[-96.8026736037777,40.6247293245452],[-96.8003513105462,40.6247094115223],[-96.790922134285,40.6247789870775],[-96.790905845134,40.6265149250215],[-96.7872665040167,40.6264972045006],[-96.7872688315516,40.6292589261539],[-96.7860967394133,40.6292709981903],[-96.7860848663802,40.6301735688246],[-96.7836996758074,40.6301972366985],[-96.7837120509988,40.6292958165234],[-96.7825186580085,40.6293079642292],[-96.7825299803743,40.6284066486336],[-96.7814306499774,40.6284198818869],[-96.7814069793696,40.6306115431214],[-96.7847540724738,40.6323438103435],[-96.7862655184821,40.6329924684069],[-96.7894160889483,40.6332673461367],[-96.7897676832623,40.6339890734036],[-96.7900551827807,40.634757238487],[-96.7905131555907,40.6350996688528],[-96.79077647336,40.6356528709175],[-96.7916276971603,40.635454661934],[-96.792159988492,40.6354410108273],[-96.7929900183398,40.6358858807238],[-96.7947290138978,40.6372299412331],[-96.7936027169743,40.6391071151669]]]},"properties":{"NAME":"Bluestem SRA","AreaType":"SRA"}},
{"type":"Feature","geometry":{"type":"Polygon","coordinates":[[[-101.659352210977,42.9579226876412],[-101.659335990098,42.9585812120718],[-101.66370025009,42.9601090414715],[-101.666938618299,42.9615470917038],[-101.667396492294,42.9613334326321],[-101.668351949413,42.9609695070199],[-101.673155299628,42.9598591281964],[-101.673290038836,42.960510104578],[-101.677229808923,42.9595737461983],[-101.677418463218,42.9598189397308],[-101.678996320777,42.9604490753623],[-101.679611049604,42.9580239668813],[-101.679914943376,42.9552674227311],[-101.682510708035,42.947230196746],[-101.688295102981,42.9457125910098],[-101.692414721179,42.9431386053316],[-101.698108528215,42.9430797315801],[-101.698337163828,42.9427179667297],[-101.698414951644,42.9413369420297],[-101.698360897318,42.9401505143046],[-101.695991358991,42.9406530909379],[-101.692329117122,42.9394920017863],[-101.688235887834,42.9429500222399],[-101.683522942273,42.9453120831124],[-101.681450581913,42.9459317693353],[-101.679436169177,42.9479373333305],[-101.679051431521,42.9489362462351],[-101.679511146164,42.9503370692573],[-101.679179956184,42.9514490841715],[-101.678345045789,42.9519403575403],[-101.678233499285,42.9523968225002],[-101.677045992057,42.9534334223446],[-101.676786837979,42.954973612401],[-101.673363794114,42.9545974320386],[-101.671707024947,42.9533909232271],[-101.670577977382,42.9522721212165],[-101.66893249914,42.9522436871239],[-101.668707710113,42.9555375314932],[-101.663751525926,42.9560101208486],[-101.661309396538,42.9547030856424],[-101.659402151917,42.9532293238765],[-101.656787973592,42.9533043646914],[-101.657278545365,42.9546193501615],[-101.657602346702,42.9553599127701],[-101.657949292235,42.9559892360855],[-101.65936724069,42.9568027030879],[-101.659352210977,42.9579226876412]]]},"properties":{"NAME":"Bowring Ranch SHP","AreaType":"SHP"}},
{"type":"Feature","geometry":{"type":"Polygon","coordinates":[[[-96.8533408531498,40.9879683231274],[-96.8564842775179,40.9879683746623],[-96.8585055965016,40.9878844093258],[-96.862816836129,40.9879105199219],[-96.8636865400713,40.9878275858901],[-96.8652044791024,40.9878017132718],[-96.8658910713555,40.9879135333604],[-96.8724338276582,40.988027694027],[-96.8728885090409,40.9879674755138],[-96.8759901869011,40.9879560768047],[-96.8765315098947,40.9880175138568],[-96.8770364592041,40.9885071116083],[-96.8779293271044,40.9889009315564],[-96.8784877010203,40.9884309198597],[-96.8790604488792,40.9882184703839],[-96.8794643862282,40.9883288250975],[-96.8803069691337,40.9881727936606],[-96.8812599253433,40.9881045534817],[-96.8819149256445,40.9881509029165],[-96.8821566568976,40.9883783390053],[-96.8824580308956,40.9888641714025],[-96.8830143135336,40.989165999108],[-96.8836875640082,40.9893498998646],[-96.8847116955343,40.9891800177031],[-96.885636011656,40.9892999025393],[-96.8859990999141,40.989272257326],[-96.8860790239232,40.9888963497609],[-96.8864017904015,40.9887135835287],[-96.8870325343934,40.9888109189142],[-96.8875689507889,40.9890265934639],[-96.8883812425031,40.9891100962521],[-96.8889716683084,40.9890523001502],[-96.8897948988078,40.9887929259997],[-96.8903163528639,40.98876816785],[-96.8905807405268,40.988996001199],[-96.890813605408,40.9895056328754],[-96.8923740131925,40.9895321171267],[-96.8924430047046,40.9878804865648],[-96.8913990374786,40.987877163915],[-96.8914239980671,40.981473444676],[-96.8912826526487,40.9807496321611],[-96.8913769577873,40.9734138993604],[-96.9030296880572,40.9733744528785],[-96.9030148954994,40.973034762485],[-96.9012142871911,40.973012935897],[-96.9011656389269,40.9718920253271],[-96.9009416476041,40.9715724783929],[-96.9006860355832,40.9714298056798],[-96.9004607982971,40.9711496690728],[-96.8999223328444,40.9709032587577],[-96.899073769854,40.9705920416114],[-96.8985619367546,40.9703263927363],[-96.8976607657262,40.9700339231138],[-96.8967812189433,40.9698798581278],[-96.8957622922559,40.970018989525],[-96.8952949563057,40.9699907386685],[-96.8946747666201,40.9698611105523],[-96.8935440302225,40.9694263979562],[-96.892959253922,40.9690016580476],[-96.892668265347,40.9691540700705],[-96.8920956926596,40.9691633150854],[-96.8913039382294,40.96891525115],[-96.8912536011325,40.9658142172567],[-96.8914178365226,40.9652978241229],[-96.8923819722659,40.9651285854657],[-96.8928734342696,40.9651791003623],[-96.8933836908257,40.9654998883859],[-96.8943587042688,40.9658499314032],[-96.894837636571,40.9662947242415],[-96.8950187216609,40.9666302560223],[-96.8957579138672,40.9666437557521],[-96.8965884683311,40.9663682228846],[-96.8973164549525,40.9667344959504],[-96.8976344432917,40.967072520982],[-96.8985092128339,40.9671300039763],[-96.898934645071,40.9658088660005],[-96.8992796313778,40.9652960550539],[-96.8992558197345,40.9643197137231],[-96.8994529936512,40.9632851071606],[-96.8998124410374,40.9623157502662],[-96.8988453489385,40.9617167298864],[-96.8967957887189,40.9607034356114],[-96.8950088249214,40.9600478903835],[-96.8914873688205,40.958939543136],[-96.8911397809927,40.9588025253094],[-96.8850105785041,40.9573479113294],[-96.8752994246685,40.9570023963745],[-96.8745053732461,40.9568931547585],[-96.8740324515715,40.9568664043542],[-96.8734525333601,40.9568646981514],[-96.8720106043784,40.9569506405136],[-96.8705611421247,40.957085968877],[-96.8700498641842,40.9571665840952],[-96.8687455642905,40.9574982383955],[-96.8668686342174,40.9582696465574],[-96.8658157853482,40.9586554697075],[-96.8630685180204,40.9598610533031],[-96.8618021917105,40.96027890548],[-96.8609017662838,40.9604963712971],[-96.8588039898896,40.9608807181888],[-96.8577510359175,40.9609917332438],[-96.8564154180581,40.961047931958],[-96.8564462230858,40.9619312502818],[-96.8567358749677,40.9625041236504],[-96.8572474610305,40.9633333421969],[-96.8572851983572,40.9636357988879],[-96.8572093760557,40.9639361418484],[-96.8567360627156,40.9650667886075],[-96.8563777696646,40.9656726323277],[-96.8560490150167,40.966031314824],[-96.8560872140775,40.9661130959944],[-96.8544928724331,40.9682587151069],[-96.8540580114788,40.9687280098157],[-96.8538442843064,40.9690888312943],[-96.8516394987989,40.9718670661728],[-96.8514183362709,40.9722502629958],[-96.8511281346201,40.972632169599],[-96.8500826887672,40.9736259956895],[-96.8493582531861,40.974729398213],[-96.849067945534,40.9752509161056],[-96.8486330190027,40.976404761809],[-96.8480529894001,40.9794609946197],[-96.8480911040193,40.9803444482786],[-96.8480534053201,40.9807040465639],[-96.8484879123382,40.9834009284888],[-96.8484498884489,40.98370197083],[-96.848633071105,40.9845566104003],[-96.8525896720278,40.984466517912],[-96.8531296484468,40.9843943387229],[-96.8531279146983,40.9879686825156],[-96.8533408531498,40.9879683231274]]]},"properties":{"NAME":"Branched Oak SRA","AreaType":"SRA"}},
{"type":"Feature","geometry":{"type":"Polygon","coordinates":[[[-100.791462154065,41.1638503604607],[-100.796991089704,41.1653150859703],[-100.796995221954,41.1626465166409],[-100.791569453334,41.1626308260016],[-100.791479265174,41.1626322076653],[-100.791478418063,41.16269247198],[-100.791462154065,41.1638503604607]]]},"properties":{"NAME":"Buffalo Bill Ranch SHP","AreaType":"SHP"}},
{"type":"Feature","geometry":{"type":"Polygon","coordinates":[[[-100.791478418063,41.16269247198],[-100.791480036827,41.162549700041],[-100.779643209416,41.162470140275],[-100.7789481191,41.1628412450007],[-100.779213071804,41.1634889897773],[-100.7788991169,41.1640856469725],[-100.779302689533,41.1648505525712],[-100.779726387123,41.1659007813068],[-100.780516587468,41.1670443585105],[-100.780520345121,41.1675966226584],[-100.780997531098,41.1684471983284],[-100.781458705504,41.169028983458],[-100.781783734838,41.169272949633],[-100.782162797837,41.1694673634694],[-100.784693592741,41.1702159135653],[-100.785330218003,41.1704705344305],[-100.78611380495,41.170889648471],[-100.786643232453,41.1712587100417],[-100.791061359023,41.1746743141385],[-100.79143062769,41.1753703016064],[-100.791470947673,41.1743190312136],[-100.791462154065,41.1638503604607],[-100.791478418063,41.16269247198]]]},"properties":{"NAME":"Buffalo Bill Ranch SRA","AreaType":"SRA"}},
{"type":"Feature","geometry":{"type":"Polygon","coordinates":[[[-103.007633746676,42.7076462733306],[-103.006561990965,42.7077101937801],[-103.006490565019,42.7081057678407],[-103.008212889641,42.7109220393363],[-103.010483190181,42.7144272842809],[-103.010812215222,42.7151208904454],[-103.01103442249,42.7157610683919],[-103.011117868794,42.7164227012952],[-103.012583351602,42.7164114296371],[-103.012638288972,42.720038658777],[-103.032407359817,42.7199418969198],[-103.032331058714,42.7126962546827],[-103.027409796533,42.7127526387685],[-103.027410198978,42.6982109158499],[-103.007634044917,42.6983204277579],[-103.007633746676,42.7076462733306]]]},"properties":{"NAME":"Chadron SP","AreaType":"SP"}},
{"type":"Feature","geometry":{"type":"Polygon","coordinates":[[[-98.5967291180172,40.7607521370843],[-98.5928692494808,40.7618726169003],[-98.5924486924007,40.7620559328933],[-98.5915709251804,40.7623293410009],[-98.5912518480831,40.762475989426],[-98.5908004644158,40.762798192157],[-98.5891608836137,40.7642382123704],[-98.5883281408537,40.7653764755704],[-98.5882900972015,40.7662815529689],[-98.5973470134056,40.7613862303493],[-98.597022855437,40.7606599513861],[-98.5967291180172,40.7607521370843]]]},"properties":{"NAME":"Cheyenne SRA","AreaType":"SRA"}},
{"type":"Feature","geometry":{"type":"Polygon","coordinates":[[[-101.669683599414,42.9159176495313],[-101.675094247592,42.9158784442034],[-101.674863374275,42.9232282673473],[-101.679831292257,42.9216392250878],[-101.680072859118,42.915842142099],[-101.679976100681,42.9087391246096],[-101.670026569003,42.9086411047612],[-101.669683599414,42.9159176495313]]]},"properties":{"NAME":"Cottonwood Lake SRA","AreaType":"SRA"}},
{"type":"Feature","geometry":{"type":"Polygon","coordinates":[[[-96.5803355897999,42.3907060455643],[-96.5807275975219,42.3907060455643],[-96.5807759448505,42.390544210571],[-96.5817130664565,42.3900273156027],[-96.5820777977333,42.3896646346903],[-96.5822783574002,42.3895751066402],[-96.5829418180348,42.389638984079],[-96.5834180643742,42.3898067249935],[-96.583964818582,42.389768618383],[-96.5842896754399,42.3896771033742],[-96.5846699188249,42.3892258930795],[-96.5848829192603,42.3887879021202],[-96.5852264601778,42.3886050310002],[-96.5853423760871,42.3884335195897],[-96.5853213680858,42.3881460090182],[-96.585150879523,42.3878210189929],[-96.5850585659495,42.3838759321292],[-96.583966613416,42.3838899188064],[-96.5838686889652,42.379673417273],[-96.5850540788646,42.3796771592037],[-96.5851576420405,42.3795030115416],[-96.585351570344,42.3794777409927],[-96.5854772500421,42.3793727408966],[-96.5856525185406,42.3791302164939],[-96.5857877850594,42.3785926064236],[-96.5858618116288,42.3784672511165],[-96.5864608037686,42.3781537708412],[-96.586687155864,42.3779364644671],[-96.5865851252141,42.372613199967],[-96.5895947661818,42.3726056548708],[-96.5895916589092,42.3719277459479],[-96.5849099774149,42.3719394502973],[-96.5812352202176,42.3680594086851],[-96.5774080126283,42.3665950610472],[-96.5784133163644,42.3654068783956],[-96.5800100933415,42.3642270324611],[-96.5803688166856,42.3619816845098],[-96.5807583172097,42.3613731395132],[-96.5813808541931,42.3610824503301],[-96.5824299957151,42.3608921796909],[-96.5841595607592,42.3606917612541],[-96.5840106641025,42.3594105994947],[-96.5825346072249,42.3596094216141],[-96.5811078983991,42.3596853123087],[-96.5807264656446,42.356434501879],[-96.5814736941794,42.3553274545572],[-96.5833827480072,42.3547251582738],[-96.5827584700887,42.3537297412965],[-96.580423295016,42.3544171776419],[-96.5791878366159,42.3562074251451],[-96.5792618326425,42.3603756838142],[-96.5789217331708,42.3616824195706],[-96.5786491582625,42.3636828730374],[-96.5771918734794,42.364759627509],[-96.5763314455407,42.3657974585051],[-96.5753105865771,42.3662452603719],[-96.5750432281856,42.3662316421129],[-96.5732102769338,42.3646014385946],[-96.5702793535377,42.3627588857395],[-96.5664966529792,42.3605792575528],[-96.5654998904248,42.3598874146712],[-96.5656124250754,42.3593722500737],[-96.5656529813155,42.3581720174646],[-96.5650491625276,42.3581734141161],[-96.5648406096512,42.3582244336942],[-96.5645920215576,42.3596338890034],[-96.5647052946234,42.3600536067973],[-96.56509184508,42.360601584531],[-96.5654193447814,42.3612057374951],[-96.5654217594529,42.3617954410281],[-96.5664141732631,42.3617931404031],[-96.5693461818239,42.363611450892],[-96.5722186689124,42.3654313302527],[-96.5742860750635,42.3672934957233],[-96.5732765636186,42.3726456374328],[-96.573666791778,42.3753192952081],[-96.5752041901148,42.3753109328489],[-96.5752184266154,42.3780993837649],[-96.5738018292265,42.3772551258348],[-96.572806776166,42.3771870935613],[-96.5723512979776,42.3765408937791],[-96.5697498927975,42.376545973078],[-96.5700919056807,42.3774574338002],[-96.5703309437845,42.3784153793326],[-96.5705580612445,42.3805183772639],[-96.5705010029526,42.3810878180229],[-96.5655117427966,42.3811015710825],[-96.5655497675843,42.3834693921621],[-96.570427043757,42.3834708559323],[-96.571184664003,42.3840287124708],[-96.5716232152365,42.3847653409754],[-96.571504187563,42.3853027900406],[-96.5704966515134,42.3868183567331],[-96.5705020054725,42.3870757994857],[-96.5718792647368,42.3872115638603],[-96.5728473872034,42.3888309655502],[-96.5733237386457,42.3888413616768],[-96.574529443047,42.3879039119552],[-96.5783489269215,42.3879172720606],[-96.5783719803866,42.3891772082536],[-96.5803025641368,42.3891717179554],[-96.5803355897999,42.3907060455643]]]},"properties":{"NAME":"Danish Alps SRA","AreaType":"SRA"}},
{"type":"Feature","geometry":{"type":"Polygon","coordinates":[[[-96.6845295114334,41.7132079763021],[-96.6844876858738,41.7206069526655],[-96.6939423428481,41.7207195291016],[-96.693977900862,41.7170400739088],[-96.6985191415414,41.7170855793334],[-96.698557847252,41.7133487447025],[-96.6893617317047,41.713289930357],[-96.6893634007745,41.7132515330572],[-96.6845295114334,41.7132079763021]]]},"properties":{"NAME":"Dead Timber SRA","AreaType":"SRA"}},
{"type":"Feature","geometry":{"type":"Polygon","coordinates":[[[-98.2885954295178,40.5822102427712],[-98.2911710054386,40.5822344638821],[-98.2912071356793,40.5811926821156],[-98.2886154754234,40.5811698879093],[-98.2885954295178,40.5822102427712]]]},"properties":{"NAME":"DLD SRA","AreaType":"SRA"}},
{"type":"Feature","geometry":{"type":"Polygon","coordinates":[[[-96.3097914399355,41.0332262879145],[-96.3109659386605,41.0337920043281],[-96.3122129305306,41.0342602641274],[-96.3131873690518,41.0345443121124],[-96.3141882027711,41.0347687001349],[-96.3158993828946,41.0350067615022],[-96.3169267753053,41.0353120579575],[-96.3213115626998,41.0368934029309],[-96.3213011476324,41.0334810379311],[-96.3217833237511,41.0334984873896],[-96.3218197216897,41.022411716181],[-96.3218715401086,41.0195189319995],[-96.317867716548,41.0195473588691],[-96.3178524757308,41.016035583829],[-96.3183050847002,41.0160338900013],[-96.3183114052465,41.015574224636],[-96.3158389828699,41.0155987456526],[-96.3143339310698,41.015419620761],[-96.3139995269171,41.0153301221855],[-96.3075852916838,41.0153421194115],[-96.3075226791085,41.0190099993561],[-96.3045257034879,41.0190384352564],[-96.3043490345159,41.0193461711664],[-96.3042766231175,41.0195911452522],[-96.3038589729857,41.0201488246898],[-96.3036546808187,41.020062833174],[-96.3028846458555,41.0210980876271],[-96.3029049235264,41.0234929892397],[-96.3029419170481,41.0235703739185],[-96.303231041619,41.0239161982772],[-96.3035678891893,41.0241227734405],[-96.3047135079762,41.0244261990422],[-96.304248394458,41.0263442946624],[-96.3048966115805,41.0268074793425],[-96.3056840864367,41.0275598838799],[-96.3061901119278,41.0281150568784],[-96.3065585909759,41.0286479473977],[-96.3070011819332,41.0298769544452],[-96.3074496110416,41.0308344230987],[-96.3077990493989,41.0314405733897],[-96.3080812883831,41.0318330227631],[-96.3084301922428,41.0322276138361],[-96.308823864543,41.0325868444012],[-96.3092682566225,41.0329160581379],[-96.3097914399355,41.0332262879145]]]},"properties":{"NAME":"Eugene T. Mahoney SP","AreaType":"SP"}},
{"type":"Feature","geometry":{"type":"MultiPolygon","coordinates":[[[[-96.0182095492109,41.4511740684664],[-96.0135895460441,41.4511922692548],[-96.0148491951765,41.4513875065928],[-96.0160776745652,41.4518240136229],[-96.0165316328041,41.4520649483772],[-96.0169699953914,41.4525528835738],[-96.0183243557009,41.4525459405959],[-96.01833584695,41.4511732968585],[-96.0182095492109,41.4511740684664]]],[[[-96.0114638050951,41.4513208704181],[-96.0070828732697,41.4512733600609],[-96.0070550254959,41.4584453683957],[-96.0150071782923,41.4584360333892],[-96.0139657739598,41.4574056211075],[-96.0135805098906,41.4569344855579],[-96.0168857594689,41.4569173783854],[-96.0169078634148,41.4542257681131],[-96.0168692538239,41.4529176265369],[-96.0168188233022,41.452688847829],[-96.0166336670474,41.45243424352],[-96.0159140320631,41.4519949336215],[-96.015022868267,41.4516760412676],[-96.0143111052196,41.4514890325503],[-96.0134381359012,41.4513955566048],[-96.0114638050951,41.4513208704181]]]]},"properties":{"NAME":"Fort Atkinson SHP","AreaType":"SHP"}},
{"type":"Feature","geometry":{"type":"Polygon","coordinates":[[[-99.0225415517807,41.7226776740689],[-99.0220111271481,41.7229622800933],[-99.0220725521506,41.7234404041392],[-99.0223494111246,41.7237520648963],[-99.02335110004,41.7245603198908],[-99.0238446820678,41.7247430904524],[-99.0246862777249,41.7251370130324],[-99.0248720717835,41.7251817758949],[-99.0252177309284,41.7251918400758],[-99.0259546198543,41.7250563124149],[-99.0255448281846,41.7233202997039],[-99.0249512052752,41.7225918539237],[-99.0250204923331,41.7225556881786],[-99.0250197763758,41.7195476226058],[-99.0247597581185,41.7195453944925],[-99.024740971651,41.7224276496113],[-99.0236766899231,41.7223355078142],[-99.0225415517807,41.7226776740689]]]},"properties":{"NAME":"Fort Hartsuff SHP","AreaType":"SHP"}},
{"type":"Feature","geometry":{"type":"Polygon","coordinates":[[[-99.0037798948137,40.6411736752014],[-99.0037260381175,40.644676338857],[-99.0084558333784,40.6446736996671],[-99.008493430568,40.6411654695615],[-99.0037798948137,40.6411736752014]]]},"properties":{"NAME":"Fort Kearny SHP","AreaType":"SHP"}},
{"type":"Feature","geometry":{"type":"Polygon","coordinates":[[[-98.9915365159563,40.6760634659063],[-98.992608931929,40.6797379388859],[-98.9926891371108,40.6799388081],[-98.9928152659666,40.6799162233385],[-98.9927916223083,40.6798589520766],[-98.9929794753056,40.6798199116978],[-98.9918724661096,40.6759458549984],[-98.9920385915551,40.6758803918992],[-98.9882279965104,40.6623174583856],[-98.9880522734644,40.662348242605],[-98.9865750415904,40.6571502884249],[-98.9882986517024,40.6565520273876],[-98.989787683846,40.6563222382068],[-98.9925705576967,40.6557897627113],[-98.9940209020959,40.6557353009792],[-98.9959363070127,40.6560357153335],[-98.9974976679098,40.6557123079811],[-98.9982675896852,40.6558338847575],[-98.9988685069148,40.6558553443505],[-98.9994130898945,40.6558195944871],[-98.9997397200268,40.655469996096],[-99.000059614591,40.6552735292642],[-99.0008872091061,40.655247534095],[-99.0020043216541,40.6555858575943],[-99.0035256131978,40.6556336237402],[-99.0040138547413,40.6555907037232],[-99.0048776396842,40.6551544750684],[-99.0055105908367,40.654959927104],[-99.0062931707729,40.6548637382056],[-99.0078391866482,40.6548206411835],[-99.0080964066534,40.6547350822195],[-99.0083287747663,40.6545460627896],[-99.0083516755178,40.6534281919354],[-99.0074594517097,40.6530734736789],[-99.0059290844866,40.6534454009842],[-99.0052812302835,40.6532809651415],[-99.0049713932571,40.6532666770504],[-99.0044643966872,40.6534097125293],[-99.0034128548667,40.6539389023569],[-99.0031124070318,40.6540032679503],[-99.0025678384251,40.6539460759767],[-99.0015162507905,40.6535027487733],[-99.001243968733,40.6534526966491],[-99.0009810758668,40.653481302054],[-99.0007275703953,40.6533168376759],[-99.000596123513,40.6531595213806],[-99.0003895657949,40.6530594124906],[-99.0000609521825,40.6529879056591],[-98.9996126874658,40.6529771648387],[-98.9989110592115,40.6527174715846],[-98.9983521786457,40.6524086840058],[-98.9980141821301,40.652279966037],[-98.9968405880087,40.6520511156079],[-98.996558920353,40.6520940120036],[-98.9960894625821,40.6523848372669],[-98.9953643119421,40.6525681979559],[-98.9942679980879,40.6526945831831],[-98.9939393701024,40.6528590341014],[-98.9933478681154,40.6528590013882],[-98.9928878022308,40.6529376309717],[-98.9914511903773,40.6537527178237],[-98.9910474389796,40.6539243043175],[-98.990681260517,40.6539457284044],[-98.9899958073276,40.6542889060915],[-98.9895826703318,40.6543818286604],[-98.9894122033286,40.6543862905053],[-98.9893229062978,40.6544546193242],[-98.9892982717978,40.6519327910382],[-98.9848883845758,40.6519418322791],[-98.9849265378226,40.6520187018596],[-98.9846562886525,40.652011556657],[-98.9846449635917,40.6522636883411],[-98.9855901511707,40.6550163726439],[-98.9877005399115,40.6624087909037],[-98.9875258463348,40.6624432370725],[-98.9913507668134,40.676058335805],[-98.9915245288371,40.6760203491979],[-98.9915365159563,40.6760634659063]]]},"properties":{"NAME":"Fort Kearny SRA","AreaType":"SRA"}},
{"type":"Feature","geometry":{"type":"Polygon","coordinates":[[[-103.538956665767,42.7365238099309],[-103.538936919,42.7263131036324],[-103.542168981036,42.7264384016798],[-103.544265875284,42.7262835867272],[-103.54446601454,42.7259719086256],[-103.551130068559,42.7259689251779],[-103.552828439605,42.7260035690619],[-103.558624759687,42.7259651043056],[-103.563896506762,42.7259873504896],[-103.563632842243,42.7226617290047],[-103.563633520471,42.7218791769819],[-103.564457933153,42.721851873428],[-103.568773793714,42.7218787275544],[-103.568779374049,42.7189438401948],[-103.568830943634,42.7186785559377],[-103.568869600836,42.6970794194761],[-103.568964976766,42.6826926811239],[-103.569218086081,42.6609146980436],[-103.539889076608,42.6610521490245],[-103.539812876115,42.6545771293992],[-103.509729476738,42.6547415535331],[-103.509618276086,42.6574167110907],[-103.509699333769,42.6598854060017],[-103.503258444623,42.6602274801992],[-103.50364031845,42.6585561135524],[-103.503628113939,42.6500856981889],[-103.503719093514,42.6496033033214],[-103.503877868045,42.6386438123749],[-103.427063591955,42.6378609528357],[-103.416941475945,42.6376614367046],[-103.416059065333,42.6463062247522],[-103.415781323315,42.6684245361703],[-103.41608260838,42.6776419162413],[-103.420717484055,42.677602346343],[-103.422192269816,42.6776896462914],[-103.423268993211,42.6778336690122],[-103.422142402538,42.6783095689511],[-103.421054093572,42.6789111458655],[-103.420077182887,42.6796084455703],[-103.419386325433,42.6802278280352],[-103.418783711286,42.6808951452191],[-103.418163755162,42.6817863471108],[-103.417700977263,42.6827277209538],[-103.417402707843,42.6837043548999],[-103.422146839318,42.6838051169027],[-103.422425027798,42.6853078894103],[-103.427855591626,42.6930014465286],[-103.427856897776,42.6938721093381],[-103.443157088137,42.693786680831],[-103.453269281356,42.6936896528985],[-103.480490024808,42.6936360648339],[-103.480489199256,42.6937464457778],[-103.495155957865,42.693774355923],[-103.495197914579,42.6976462368096],[-103.500048357176,42.697612031318],[-103.500021388853,42.7118651174536],[-103.480357179248,42.7123493017288],[-103.476351267105,42.7122610043034],[-103.476347840032,42.7195955414943],[-103.480347844854,42.7195179902327],[-103.480380348596,42.7231985601164],[-103.485187099833,42.7230718881303],[-103.485200425441,42.7266453663145],[-103.490155733771,42.7264824086713],[-103.490069050838,42.7301648379723],[-103.500095293251,42.7298575278989],[-103.502568741504,42.7297458254344],[-103.519309164827,42.7297322413769],[-103.523614872629,42.7296897616489],[-103.523576247767,42.7333746477804],[-103.529059547193,42.7333734369923],[-103.529001435177,42.7366578652671],[-103.538956665767,42.7365238099309]]]},"properties":{"NAME":"Fort Robinson SP","AreaType":"SP"}},
{"type":"Feature","geometry":{"type":"MultiPolygon","coordinates":[[[[-96.5422225112207,41.443852817488],[-96.5470625135973,41.4455281922437],[-96.5484111570283,41.4458674321253],[-96.5501417919659,41.4462378789727],[-96.5518123574587,41.4465289616267],[-96.5585122398844,41.4470760961419],[-96.558532266027,41.4411781549149],[-96.5586733760868,41.4397758232004],[-96.5585816473165,41.438405512794],[-96.5585127932466,41.4381360394329],[-96.5583479038829,41.4378912850379],[-96.5581918081276,41.4378203808565],[-96.5561914800771,41.4377312525082],[-96.555482173922,41.4376068637526],[-96.5553312282082,41.4375299042991],[-96.5551175001375,41.4373075701157],[-96.5550576777294,41.4370535081856],[-96.5551156442181,41.4370536617326],[-96.5548970014645,41.4361250908421],[-96.5525877670423,41.4358173255946],[-96.5526302133377,41.435368430162],[-96.5519250816538,41.4352283571316],[-96.5511507752014,41.4348359965434],[-96.5504957461541,41.434331658176],[-96.5499196736304,41.433618953994],[-96.5500258491071,41.433359305841],[-96.5495178095931,41.4330211798583],[-96.5479830109807,41.4321833408187],[-96.5458928648765,41.431698704837],[-96.5457232845105,41.4370629924082],[-96.5410675454633,41.4370528926505],[-96.5295723329818,41.4369271664637],[-96.5295158379336,41.4392327283129],[-96.531542515368,41.4398585337156],[-96.5409247321977,41.4430265719559],[-96.5409133056273,41.4433880156885],[-96.5422225112207,41.443852817488]]],[[[-96.5587385497589,41.4487245002317],[-96.5587481123251,41.4512100397962],[-96.5587774153697,41.4513407726036],[-96.5588435250864,41.4514022270181],[-96.5589919788736,41.4514382480457],[-96.5817026783386,41.4515068272492],[-96.5817219382183,41.4505995957165],[-96.582082623483,41.4503941431893],[-96.5866052681377,41.4503388230577],[-96.5875640526168,41.4501113664016],[-96.5875820216175,41.4498829770749],[-96.5806900021289,41.4493704629779],[-96.5756129379421,41.4490633099785],[-96.5694920511581,41.4485975779253],[-96.5683983253502,41.4485744509829],[-96.5588996374523,41.4478289533148],[-96.5587942399167,41.4478524515331],[-96.5587368169088,41.4479141422275],[-96.5587385497589,41.4487245002317]]]]},"properties":{"NAME":"Fremont Lakes SRA","AreaType":"SRA"}},
{"type":"Feature","geometry":{"type":"MultiPolygon","coordinates":[[[[-99.977336975678,40.736384442767],[-99.9812896267085,40.7363957596109],[-99.9813679427333,40.7362921477274],[-99.9813788985865,40.7362422591809],[-99.9812585180503,40.7362172941331],[-99.9811928709659,40.7361341321472],[-99.9813352395654,40.7358181822229],[-99.9813462178765,40.7357017720043],[-99.9812477858776,40.7354689332583],[-99.9812915922224,40.7353691596581],[-99.9812587713752,40.7353275788288],[-99.9811821576578,40.7353358804301],[-99.9809866069969,40.7354571642846],[-99.9808564491971,40.7354818641521],[-99.9807495550681,40.7354147469527],[-99.9808332484082,40.7353335334377],[-99.9808193272163,40.7352558362324],[-99.9806519845536,40.7352628717723],[-99.9805776354891,40.7351886943004],[-99.9806195023712,40.735079222563],[-99.9809449215744,40.7349521406156],[-99.9809170702074,40.7348144043041],[-99.9805796593934,40.7345850999982],[-99.9804244915978,40.7343375564304],[-99.9803175839941,40.734334006619],[-99.9801409159204,40.7344469865045],[-99.9800525953583,40.734457565128],[-99.9799165059827,40.7343919696031],[-99.9798746894062,40.7343319243806],[-99.9799584339503,40.7340882598326],[-99.9799492271169,40.7337916061535],[-99.97969358635,40.7337527130971],[-99.9795635102968,40.7335231376166],[-99.9794333830397,40.7334489493559],[-99.9791033527841,40.7334806734448],[-99.9789220799463,40.7334559190588],[-99.9787779668186,40.7335159289948],[-99.9786989671758,40.7334523460566],[-99.978645838115,40.7333127755492],[-99.9784552192049,40.7334469399248],[-99.9783622642343,40.7334186697013],[-99.9782646964147,40.7332879823008],[-99.9780183442278,40.7332738080163],[-99.9778835322565,40.7333196921716],[-99.9779531984034,40.7334927545293],[-99.9778323031324,40.733612804912],[-99.9775626935628,40.7336515993487],[-99.9774465063623,40.7336056650505],[-99.9773186015372,40.7336086376672],[-99.9773211779055,40.7339978614299],[-99.9776181061412,40.7338940552167],[-99.9779388379353,40.7338693962822],[-99.9780503898289,40.7338941396231],[-99.9779899278204,40.7340000750531],[-99.9777528219927,40.734127165626],[-99.9777109515173,40.7342436997632],[-99.9775435603456,40.734399056967],[-99.9775109757553,40.7345332511446],[-99.9773253910041,40.7346342498779],[-99.9773482746877,40.7350155492263],[-99.9773993573863,40.7351568219561],[-99.9773297370535,40.735290862813],[-99.977336975678,40.736384442767]]],[[[-99.9821979070041,40.7360743131197],[-99.9823252405007,40.7361609071379],[-99.9823384861596,40.7363998810762],[-99.9870105745449,40.7364180924363],[-99.9870575717056,40.7361004326451],[-99.9872654185062,40.7358101808605],[-99.987164923077,40.7355555403167],[-99.9870509933428,40.7354638615048],[-99.9869168946338,40.7356624566823],[-99.986916872176,40.7357744929345],[-99.9868162932035,40.7359476278652],[-99.9866755298934,40.7359476122097],[-99.986635317708,40.7359119590718],[-99.9866420541743,40.7357540902958],[-99.986534833957,40.7356165782267],[-99.9865817960834,40.7354230662409],[-99.9864410866722,40.735163328615],[-99.9865215505689,40.735030932037],[-99.9863338493869,40.7351327604498],[-99.9861863819498,40.735142927831],[-99.9856434527685,40.7351123052016],[-99.9854423864517,40.7350358908298],[-99.985254705931,40.7350205890219],[-99.9850871198249,40.7350816771127],[-99.985261310345,40.7354636436868],[-99.9852009633208,40.7355603942457],[-99.9846915457912,40.7355297718085],[-99.9842893475806,40.7356162902993],[-99.984121783034,40.735590803616],[-99.9840346248919,40.735662088435],[-99.9840681086958,40.7357894065828],[-99.9840077742481,40.7358250461727],[-99.9838670127346,40.735819934967],[-99.983679409469,40.735499075163],[-99.9837531881033,40.7353208455187],[-99.9835789221247,40.7352749879287],[-99.9832973676568,40.7354073527097],[-99.9833241194859,40.7356416149712],[-99.9831095973045,40.7357434363232],[-99.9829620948332,40.7358961905213],[-99.9829352567657,40.73599803803],[-99.9828011832096,40.7360540371786],[-99.9826403156034,40.7360234558091],[-99.982372341866,40.735493787636],[-99.9822785038514,40.7354683104353],[-99.9821846514638,40.735509036242],[-99.9821108916941,40.7356210618617],[-99.9821376138789,40.7359520822088],[-99.9821979070041,40.7360743131197]]]]},"properties":{"NAME":"Gallagher Canyon SRA","AreaType":"SRA"}},
{"type":"Feature","geometry":{"type":"Polygon","coordinates":[[[-95.5854293248613,40.2617029210316],[-95.5785640158794,40.2616442088889],[-95.5785330024426,40.2546673906053],[-95.5691183115153,40.2546676079329],[-95.569087402283,40.2542026198257],[-95.5692021306195,40.2500583180018],[-95.5693873416715,40.247469867594],[-95.5644127312412,40.2473895979296],[-95.5645102262973,40.2456397221926],[-95.5597021716055,40.2455620339563],[-95.5596590174375,40.2448793660782],[-95.5596110060789,40.2402754863886],[-95.5407352765456,40.2404999783362],[-95.5405530559851,40.2369781939687],[-95.5314680243092,40.2369902790331],[-95.5268302794155,40.2369005019643],[-95.5253396644404,40.2393235605616],[-95.5248579922766,40.2403957365305],[-95.5255333358257,40.2408708762063],[-95.5248563348849,40.241946713336],[-95.5234443826842,40.2414336107064],[-95.523248634394,40.2416548451299],[-95.5216712771967,40.2429700386681],[-95.5215260501579,40.2431372896606],[-95.5216164098958,40.2436387096576],[-95.5206620460261,40.244117569717],[-95.5191056932368,40.2436754817146],[-95.5181719699575,40.2435939801685],[-95.5179947287586,40.2436057986908],[-95.5170262658306,40.2440171294282],[-95.516504021257,40.2455765639527],[-95.5170202857458,40.2474852281873],[-95.5185039468623,40.2474957467258],[-95.5193650269779,40.2477840298761],[-95.5198612338829,40.2478350055682],[-95.5218295163323,40.2482185188227],[-95.5221499804284,40.2483587625199],[-95.5231190676856,40.2486581314881],[-95.52447716319,40.2489646914318],[-95.5251940412446,40.2492114218192],[-95.5257661881305,40.2494582987174],[-95.5264676843325,40.2498621761176],[-95.5266818337131,40.2500847768661],[-95.5282228477689,40.2504643542628],[-95.5284365372121,40.2504662712526],[-95.5288636780449,40.2505466586226],[-95.5290394325319,40.2506870435322],[-95.529542654381,40.2509318383232],[-95.5302218112785,40.2510693277776],[-95.5303672853539,40.2510691940832],[-95.5308318769509,40.2512362639459],[-95.5310077437273,40.2512595589424],[-95.5318698380409,40.2517853276982],[-95.5326172067129,40.252141018111],[-95.5326864281937,40.2522241582362],[-95.5331897138232,40.2525545046064],[-95.5338691123675,40.2528315889601],[-95.534082523333,40.2529685918974],[-95.5349447658685,40.2533772522734],[-95.5368751888202,40.2542052298318],[-95.5373400490135,40.2543677780998],[-95.5374778227303,40.2544754879823],[-95.5386222180117,40.2549421147914],[-95.5393777739292,40.2553835732117],[-95.5404835928575,40.2557139212982],[-95.5412698415133,40.2560437001266],[-95.5427345598554,40.2564253042039],[-95.5428412123375,40.2565095578951],[-95.5433448006992,40.256619199694],[-95.5441307960301,40.2568678889105],[-95.5443822479529,40.2568934244141],[-95.5453821016102,40.2571124735027],[-95.5460307337543,40.2573030002907],[-95.546098920376,40.2573635843213],[-95.5465269568291,40.2574709535168],[-95.5479227923552,40.2579945433488],[-95.5491742183095,40.2585408238309],[-95.5504632351652,40.259200800662],[-95.550639285198,40.2593366575251],[-95.5514627932768,40.259802583111],[-95.5514627564459,40.2598611275276],[-95.5517837640228,40.2600508479431],[-95.5520731886309,40.2602981713321],[-95.5528893817284,40.2607638681899],[-95.5533935315372,40.2611526990322],[-95.5539654547426,40.2617552120049],[-95.5543622073659,40.262059771966],[-95.5547510359501,40.2626072823079],[-95.5557206145858,40.2634828465395],[-95.5557205813481,40.2635413905134],[-95.5560791501819,40.2640339523663],[-95.556216565471,40.2643668020267],[-95.5563994409032,40.26455689573],[-95.5563998307721,40.264664991081],[-95.5565367609708,40.2648627221702],[-95.5569337094269,40.2656851782893],[-95.5570399864132,40.2657919255873],[-95.5571855134892,40.2660664709399],[-95.5571848451427,40.2661520177406],[-95.5573991023211,40.2665637145755],[-95.5575437876757,40.2671444704823],[-95.5576126471355,40.2672501023088],[-95.5576124045904,40.2673851992974],[-95.5577192906344,40.267523488823],[-95.5576812999827,40.2676349435961],[-95.5578947513724,40.268294306666],[-95.5578949705613,40.2686230666225],[-95.557795725587,40.2691740366675],[-95.5578647530318,40.2693922598102],[-95.5576811427776,40.2702154264668],[-95.5577194487379,40.2704597558094],[-95.5576126138978,40.2707402905483],[-95.5576505272944,40.270876524518],[-95.5575742800897,40.2709598184578],[-95.5575745414994,40.2710994331111],[-95.5575059578224,40.271205473433],[-95.5572921399202,40.2723339754512],[-95.5558601615769,40.2752907090655],[-95.5553287038818,40.2759922081487],[-95.5532363515153,40.2792211348481],[-95.5523926546988,40.2817277448856],[-95.5520554433108,40.2829413755178],[-95.5522147846792,40.2852247245557],[-95.5524298557313,40.2864126371734],[-95.5526599349368,40.2873056212102],[-95.5530614998351,40.2880771310986],[-95.5533551815594,40.2888032254202],[-95.5538710858237,40.2894937502399],[-95.5541226158999,40.2899654109836],[-95.5544355943347,40.2903123114836],[-95.56765781795,40.2802497292634],[-95.5707836515081,40.2819442814286],[-95.5735746407391,40.2833615574583],[-95.5762797842666,40.2845093245492],[-95.5780195892066,40.2850565222757],[-95.5787406570036,40.2851686635713],[-95.5787933000759,40.2796763571675],[-95.5787475048611,40.2689582200555],[-95.5835715881925,40.2689920536215],[-95.5835259609626,40.2643757454554],[-95.5839540234668,40.2643578956127],[-95.5846694085214,40.2642360545443],[-95.5851038041484,40.2641345041585],[-95.5854464512422,40.2640016442585],[-95.5860027239987,40.2637035160302],[-95.5878848535208,40.2623225466905],[-95.5881254717612,40.2622091507405],[-95.5881355041463,40.2617181083893],[-95.5854293248613,40.2617029210316]]]},"properties":{"NAME":"Indian Cave SP","AreaType":"SP"}},
{"type":"Feature","geometry":{"type":"MultiPolygon","coordinates":[[[[-99.8269795891977,40.6855642940638],[-99.8268635331512,40.6859306043223],[-99.8268777040748,40.6863032673302],[-99.8270450305678,40.6869805443834],[-99.8272596362926,40.6873905863245],[-99.8291462690691,40.6894868101496],[-99.8298123626658,40.6902953439043],[-99.8299445255053,40.6905379113812],[-99.8302787688596,40.6906593729064],[-99.830652707868,40.6901055016229],[-99.8303701113543,40.6895256330285],[-99.8290840831936,40.6874907322396],[-99.8286851961731,40.6869499690765],[-99.8282438933999,40.6860412365712],[-99.8289061520886,40.6854428464122],[-99.8296878031668,40.6853391388649],[-99.8311849776401,40.6856469184216],[-99.8317654680784,40.6858355070754],[-99.8320343760638,40.6863450088905],[-99.8327602157116,40.6861981067924],[-99.8327246118837,40.6854381679822],[-99.8325134574862,40.684701693302],[-99.8324185585613,40.6845469428642],[-99.8324623110072,40.6842424818258],[-99.8323859658862,40.684022147832],[-99.8321629088112,40.6837891582845],[-99.831901229569,40.6833746942264],[-99.8316177805541,40.6832099683976],[-99.8316145133814,40.6831609297342],[-99.8317118665037,40.6831249438189],[-99.8317210553707,40.6830699028928],[-99.8315717957947,40.6830593576571],[-99.8314643060828,40.6829786402257],[-99.8313178384706,40.682761642075],[-99.8313081186993,40.6821186839004],[-99.8311096970227,40.6818758017057],[-99.8309328681506,40.6811375954702],[-99.8309216068702,40.6802000835051],[-99.8309491546067,40.6800418407588],[-99.8310812707338,40.6798876054262],[-99.8311519995877,40.6796485641739],[-99.8311140008512,40.679473019007],[-99.8313137286782,40.6792032005244],[-99.8321591349887,40.6784048513098],[-99.8309152369165,40.6784030064458],[-99.828027207177,40.6817401743378],[-99.8284729548142,40.6835102501472],[-99.8284818050164,40.6838107076584],[-99.828414169062,40.6840653097742],[-99.8283278113188,40.6842970912626],[-99.828035515695,40.6847082123862],[-99.8273433952097,40.685157239508],[-99.8271679263869,40.6853050682806],[-99.8269795891977,40.6855642940638]]],[[[-99.8712817133348,40.6966640836558],[-99.8735618055108,40.6962450805717],[-99.8737088453498,40.6962521256841],[-99.8739226704385,40.6963523406921],[-99.8740778364376,40.6963218738908],[-99.873995409722,40.6961342650245],[-99.8737656476218,40.6959741319595],[-99.8736666056668,40.6957763194339],[-99.8731345469987,40.6957914034625],[-99.8728095221559,40.6957627862369],[-99.8722393407838,40.6955981244017],[-99.8720524723401,40.6955074952769],[-99.871720494537,40.6952873749306],[-99.8714312388121,40.6950056209432],[-99.8707793880043,40.694189357293],[-99.8706093009884,40.6941955083345],[-99.8703796197366,40.6946228882005],[-99.8707789109989,40.6951713297206],[-99.8709231058733,40.695474298962],[-99.8709050614142,40.6956564003656],[-99.871171013044,40.6961694061832],[-99.8712069258924,40.6964147903376],[-99.8709263290286,40.6964471600339],[-99.8707706509899,40.6962302030138],[-99.8707321572816,40.6962473635587],[-99.8708651798089,40.6964797796707],[-99.8712429887595,40.6964836495651],[-99.8712817133348,40.6966640836558]]],[[[-99.8727527091041,40.6976488542121],[-99.8735871595614,40.6978141913637],[-99.8738599428789,40.6976412759714],[-99.8742100576676,40.6972020014718],[-99.8743065870348,40.6970157218165],[-99.8741268619942,40.6965090190948],[-99.8739245739686,40.6965398747066],[-99.8739177117382,40.696579437895],[-99.8736776190122,40.6967254119561],[-99.872399493331,40.6969592362251],[-99.8723405180343,40.6970383123619],[-99.8720963029395,40.6969743792394],[-99.8715899567498,40.6970146845406],[-99.8709562150798,40.6971533259001],[-99.870786384982,40.6972305547394],[-99.8708512002264,40.6975003649426],[-99.8709288622777,40.6975838346903],[-99.8716165387973,40.6977770003817],[-99.8719841033605,40.6976518488667],[-99.8725733793222,40.6976115385024],[-99.8727527091041,40.6976488542121]]],[[[-99.872568560759,40.6954894681952],[-99.8725382992121,40.6955048063352],[-99.8727911444218,40.6955748461493],[-99.8732965644485,40.695612664962],[-99.8733474001104,40.6953981782647],[-99.8728827285634,40.6952967583323],[-99.872568560759,40.6954894681952]]]]},"properties":{"NAME":"Johnson Lake SRA","AreaType":"SRA"}},
{"type":"Feature","geometry":{"type":"Polygon","coordinates":[[[-99.7663351337488,42.66560170343],[-99.7651631386286,42.6656299208256],[-99.7652248816347,42.6716447630132],[-99.7651707446641,42.6727474188003],[-99.7700735365841,42.6727783019293],[-99.7700737045691,42.6692627358362],[-99.7848835621084,42.6693111216045],[-99.7849060738894,42.6657271022363],[-99.7663351337488,42.66560170343]]]},"properties":{"NAME":"Keller Park SRA","AreaType":"SRA"}},
{"type":"Feature","geometry":{"type":"MultiPolygon","coordinates":[[[[-101.890813232909,41.2574787640943],[-101.891249320962,41.2574958150415],[-101.892150418329,41.2576123946709],[-101.892506572491,41.2576183461819],[-101.892964580335,41.2575749594984],[-101.893248261116,41.2574653922425],[-101.893458849574,41.257243353328],[-101.891034083722,41.2572760108444],[-101.889155738802,41.2565238046729],[-101.88787924536,41.2555609123506],[-101.886188752539,41.2549654224026],[-101.886429704953,41.2542987565335],[-101.885183788366,41.2537114551896],[-101.8847480273,41.2524705342192],[-101.884622571282,41.2535547006731],[-101.88352501955,41.2531393238331],[-101.882779573272,41.2521691146745],[-101.883367153215,41.2535067661652],[-101.883399283258,41.2537417912661],[-101.879271022369,41.2537776935646],[-101.878580894347,41.2535854271759],[-101.877429396086,41.2523975192634],[-101.876236802597,41.2516361150743],[-101.874800418017,41.2495484823752],[-101.874918858192,41.2484782046536],[-101.877240264786,41.248097970163],[-101.875170239148,41.2481460896489],[-101.872690509875,41.2474154402873],[-101.871549248815,41.2484361323166],[-101.865846192724,41.246087078214],[-101.865437457473,41.2458086776815],[-101.864946655731,41.2451773255688],[-101.864608425654,41.2443924768984],[-101.865264682698,41.2418168583303],[-101.866991201555,41.2409597136369],[-101.864695502948,41.2401510930985],[-101.862259949227,41.2405896629364],[-101.860828690434,41.2415630066861],[-101.859234210449,41.2420173859229],[-101.85462610457,41.2391584528953],[-101.854530372008,41.235596848453],[-101.852431697299,41.2356788310254],[-101.851867275026,41.2343277892444],[-101.852573801794,41.2337292934229],[-101.853152556687,41.2324991303972],[-101.851145167878,41.2326755566355],[-101.849903282931,41.2299608508522],[-101.850029039884,41.2321191062625],[-101.849192543064,41.2326581600751],[-101.84828377139,41.2341799980706],[-101.847015095088,41.2353804320454],[-101.845160881611,41.2357116594236],[-101.844906074481,41.2354921791506],[-101.844214111201,41.2350915987479],[-101.843579144229,41.2330058113949],[-101.842531086075,41.2318049210351],[-101.838522204101,41.2334500957775],[-101.83663404329,41.2339148566071],[-101.8345606328,41.2332044528274],[-101.833766533767,41.2345743717148],[-101.83014546528,41.2319907612631],[-101.828966459708,41.2301590056507],[-101.825848678648,41.2293129588922],[-101.825848518748,41.2286904755924],[-101.823361221168,41.2286877096473],[-101.823055489443,41.2286130230055],[-101.82076272653,41.2286847491266],[-101.820195974027,41.228498226592],[-101.819261515027,41.2279054667678],[-101.819215039788,41.2271994757278],[-101.818854026638,41.2275506706567],[-101.817541888944,41.2276949757562],[-101.816244017394,41.2273289043745],[-101.816270544644,41.2214282728519],[-101.81269359332,41.2214160976923],[-101.812844337811,41.2212403066221],[-101.812811372336,41.2198755977279],[-101.814406312258,41.2166524876901],[-101.814262112892,41.2152467475968],[-101.815632623113,41.2140479665065],[-101.813528794769,41.2146265887898],[-101.811847640834,41.2138051679342],[-101.810351202979,41.2141794741398],[-101.808984591446,41.2133931281206],[-101.808431509505,41.2126257903232],[-101.807171512725,41.2141255356815],[-101.806471013653,41.2158913522413],[-101.80745114929,41.2166486704697],[-101.80753838828,41.2169137028841],[-101.806975399719,41.2189121423827],[-101.80715070415,41.2196858837231],[-101.806774516658,41.2201356189301],[-101.80626894302,41.2201026083803],[-101.805963718842,41.2211984728359],[-101.805526421657,41.2211959207667],[-101.804474103692,41.220676773619],[-101.804053714597,41.2202181878007],[-101.804241988006,41.2207880897656],[-101.803422355259,41.2210621893603],[-101.803417723545,41.2220104737833],[-101.80191500467,41.2217721696665],[-101.80097782647,41.2224067829958],[-101.79961745194,41.2226145728014],[-101.797837921701,41.2222663243348],[-101.795946729975,41.2213146685721],[-101.795428465836,41.2196910136561],[-101.796038933056,41.2193834061641],[-101.795985239853,41.2186695639033],[-101.797442189564,41.217619463056],[-101.795622501039,41.2182822346217],[-101.7936001454,41.2172307551526],[-101.791450008004,41.215252905691],[-101.791715081082,41.2147491347694],[-101.792302563108,41.2145984206233],[-101.793399788752,41.2149630070148],[-101.792800598983,41.2144933595531],[-101.79326202312,41.2143224247936],[-101.792615491237,41.2141299369056],[-101.792281052948,41.2130344412472],[-101.792123557618,41.2142185857281],[-101.791771829455,41.2140958508933],[-101.790123301433,41.2111243521915],[-101.791286276569,41.2141152357481],[-101.79134065339,41.214423763394],[-101.790823110598,41.2152871823372],[-101.789226500708,41.2152558958771],[-101.788710300898,41.215082046573],[-101.787520643103,41.2137844679519],[-101.788286801835,41.2148735266744],[-101.788572834405,41.2156187851884],[-101.787807946788,41.216314357727],[-101.78736671049,41.2164028745235],[-101.787123962344,41.2162865274803],[-101.785444068746,41.2147038004806],[-101.787019551159,41.2165945826829],[-101.787720849732,41.2168531404553],[-101.789349924736,41.2175763984871],[-101.789226694744,41.2182204787913],[-101.790034694308,41.2189830095064],[-101.790238849931,41.2194132176125],[-101.789573252204,41.219928454379],[-101.790093853759,41.2197716073366],[-101.790465881153,41.2195029512131],[-101.790503198966,41.2191678442369],[-101.790395185536,41.2187336140287],[-101.790447483656,41.2182446863702],[-101.790375091122,41.2180962250163],[-101.790106017846,41.2179914209319],[-101.79009282968,41.2174914071854],[-101.79003508777,41.2173100024379],[-101.790174444318,41.2169310982277],[-101.790859458231,41.2166738935822],[-101.791157081763,41.2169875264662],[-101.791644349533,41.2171695774288],[-101.791847775724,41.2173237298308],[-101.792145399256,41.2176428613405],[-101.792588781629,41.2179072660361],[-101.793569467035,41.2187164489066],[-101.794246168836,41.2188658210626],[-101.794747997398,41.2190698773405],[-101.794973571553,41.219119666927],[-101.795220478,41.2193618058797],[-101.79467193884,41.2202895967691],[-101.794751546642,41.2204710439297],[-101.795012771337,41.2208066199152],[-101.795935671714,41.2214893736185],[-101.796429672356,41.2219187199632],[-101.79725142872,41.2223210898634],[-101.798757071612,41.2229662720801],[-101.799084445549,41.2230876544763],[-101.800030672479,41.2232594203709],[-101.800627628138,41.2233317476254],[-101.801479601133,41.2233549952201],[-101.802426597021,41.223246490158],[-101.802944239525,41.2230164492365],[-101.803498048203,41.2228853715284],[-101.805860965048,41.2215589014485],[-101.806553406232,41.2213290768911],[-101.806830683821,41.2211151450542],[-101.807122391947,41.2209561886529],[-101.807779282303,41.2203745864618],[-101.808027585631,41.220094660818],[-101.80820301942,41.2198311190509],[-101.808378758635,41.219441178967],[-101.808438090563,41.2190016192255],[-101.80840155608,41.2190510277641],[-101.808183590657,41.2188364026286],[-101.808147617621,41.2186550016114],[-101.808315978075,41.2183035210543],[-101.808761189418,41.2179084526019],[-101.809483305549,41.2174478066818],[-101.810095042986,41.2174596230941],[-101.809992223615,41.217816697757],[-101.810422001003,41.2177843036468],[-101.810538767617,41.217685539352],[-101.810808213694,41.2176968928512],[-101.811453879601,41.2178571329359],[-101.81183794891,41.2180851472798],[-101.811935664054,41.2183084240549],[-101.812044705156,41.2183965023162],[-101.812087807222,41.2186493634609],[-101.811992095322,41.2190833975972],[-101.812035094081,41.2193802256178],[-101.811983899991,41.2194680875617],[-101.811867234887,41.2195228878672],[-101.81217211501,41.2199574648748],[-101.812177865126,41.2206059731971],[-101.81240973647,41.221117397797],[-101.812401584259,41.2214856060054],[-101.812313736211,41.2216723424647],[-101.812371552681,41.2218647757246],[-101.812495066541,41.2219968446718],[-101.812450974532,41.2221616593653],[-101.812494223921,41.2223540729421],[-101.812646565617,41.2226180829185],[-101.812696919782,41.2228874485362],[-101.812579985183,41.2230521630134],[-101.812448678438,41.2231344194221],[-101.812301855991,41.2236178498279],[-101.811842166501,41.2239524542855],[-101.811644598224,41.2243313894387],[-101.811824158873,41.2254033321507],[-101.812019387937,41.2260136501458],[-101.812258810519,41.2264206877963],[-101.812352651229,41.2267835509707],[-101.812737706889,41.2272182783643],[-101.813676116679,41.2277802064794],[-101.814585856737,41.228155231287],[-101.815619753849,41.2284095174012],[-101.816522419674,41.2287185768851],[-101.817819241991,41.2287149008956],[-101.817891861798,41.22881943174],[-101.818619905014,41.2290512932729],[-101.818896689428,41.2290846567008],[-101.819326575512,41.229074261836],[-101.819559624548,41.2291185565422],[-101.819763457675,41.2291957882832],[-101.820040261852,41.2292236535729],[-101.822057417145,41.2297266130863],[-101.822836342734,41.2300574745643],[-101.824175478396,41.2307400343984],[-101.825107202924,41.2312643468815],[-101.826192044394,41.2317055644891],[-101.826621457066,41.231959001108],[-101.827320650886,41.2321468412718],[-101.827946650875,41.2324939940377],[-101.82855825087,41.2327641701876],[-101.828754344113,41.2330887571933],[-101.829140154358,41.2333036611741],[-101.829351115617,41.2334908442078],[-101.830268759952,41.2338054138311],[-101.831266189056,41.2343234826055],[-101.83143346165,41.2344996174873],[-101.831818331359,41.2351982797808],[-101.83197100094,41.2353908880573],[-101.832036075797,41.2356493465214],[-101.832399341922,41.236227048794],[-101.832610217841,41.2364747117017],[-101.833228889374,41.2369153341335],[-101.833403317948,41.2371684472456],[-101.833599770517,41.2373446285031],[-101.834356823926,41.2378569104651],[-101.835099715395,41.2381712685835],[-101.835909158551,41.2380129278308],[-101.83636156001,41.2377826355545],[-101.837376836842,41.2367394428705],[-101.837792916719,41.2364431178787],[-101.838361961722,41.2362074624294],[-101.838952794464,41.2360158097371],[-101.839616227251,41.2359836786427],[-101.840118957722,41.2361272652771],[-101.84064636132,41.2361676553577],[-101.841669787669,41.2364623907273],[-101.84232078328,41.2365556488065],[-101.843441009389,41.2365672584323],[-101.844116937742,41.2366156498651],[-101.845032993854,41.2368182341788],[-101.845262389442,41.2368244165873],[-101.845724531333,41.2369552751791],[-101.846038888682,41.2369551481806],[-101.846230263075,41.2370063967907],[-101.84645283506,41.2370028084097],[-101.847305888728,41.2365988299029],[-101.847498498305,41.2364623562753],[-101.847482890077,41.2363736963961],[-101.847675942523,41.2364841913993],[-101.847975106665,41.2364102108108],[-101.848210844359,41.2362910405154],[-101.848499634756,41.2363868232944],[-101.848555762394,41.2364528792766],[-101.848910942782,41.2364545849879],[-101.849136569039,41.236410020987],[-101.849270317405,41.2364301821665],[-101.849529188514,41.2363404386929],[-101.849250828455,41.2366127836017],[-101.849309064438,41.2367532080676],[-101.849696382056,41.2370185237873],[-101.849830549037,41.237053557771],[-101.849781987011,41.2370803827841],[-101.849609431425,41.2370831699908],[-101.848806483088,41.2365976375965],[-101.848669702908,41.2366444867781],[-101.848671704354,41.2367151367559],[-101.849350470485,41.2373440421518],[-101.849376833343,41.2375779851195],[-101.849330586276,41.2376866150125],[-101.848942066712,41.2379012161086],[-101.848766580821,41.2379747316073],[-101.848528874919,41.2379413679876],[-101.84843707608,41.2378349650152],[-101.848182474664,41.2377274709111],[-101.848035495012,41.2375884779333],[-101.84798101219,41.2372322239051],[-101.847908832557,41.2371217842081],[-101.847686131215,41.237095617171],[-101.847250711509,41.2372216850986],[-101.846887894542,41.23747306567],[-101.846938462506,41.2380579109077],[-101.846918442651,41.2382219204394],[-101.846777779054,41.2383060323046],[-101.846789024165,41.2385290583267],[-101.846883225997,41.2385461398892],[-101.847282509175,41.2388856720853],[-101.84736097971,41.2395680843534],[-101.847761783735,41.2403093658507],[-101.84780775502,41.2405392723024],[-101.848196812674,41.2412137790498],[-101.848372118902,41.2413076727302],[-101.84918702112,41.2413428793638],[-101.850266963178,41.241561103869],[-101.850631610014,41.241547772665],[-101.852039871037,41.2416328921126],[-101.852512071364,41.241759179599],[-101.853692182763,41.2419287146656],[-101.854140476226,41.2420814239865],[-101.854588596314,41.2424015410881],[-101.854874434847,41.2427391646573],[-101.855199047363,41.2428789923609],[-101.855724759434,41.2429783602932],[-101.856094662312,41.2429760846624],[-101.856520705403,41.2430398624095],[-101.857259009176,41.2432389630572],[-101.85798617833,41.243137827842],[-101.860786444463,41.2434931013394],[-101.861624556453,41.2439615145252],[-101.862871899565,41.243951980525],[-101.863374896835,41.2441670379161],[-101.863666335466,41.2443983465339],[-101.864006941587,41.2459165502442],[-101.863845511636,41.2465542800055],[-101.863669749064,41.2470160136332],[-101.863158592396,41.2473618581705],[-101.862589851922,41.2471906959329],[-101.862750403321,41.2471468957214],[-101.862081652508,41.2455788120568],[-101.861432891904,41.2452865811198],[-101.860753948806,41.2456597081684],[-101.860381247676,41.2461101853333],[-101.860460351523,41.2468471644847],[-101.862063467911,41.2479599542707],[-101.86228184117,41.248273678215],[-101.862449382361,41.2484333611284],[-101.863025059626,41.2488520091398],[-101.863688758314,41.2489573047552],[-101.864315635058,41.2493045262813],[-101.864797014371,41.2493821009126],[-101.865110829138,41.2493054873704],[-101.865307974308,41.2491902362813],[-101.8656951994,41.2488002382774],[-101.866016342622,41.2487016309213],[-101.866381205053,41.2486415707164],[-101.866534521421,41.2485647590878],[-101.867271080665,41.2487746128605],[-101.867919997575,41.249061357467],[-101.868385838729,41.2498428548265],[-101.869160560203,41.2501705880728],[-101.870051928815,41.2504854279432],[-101.871923220163,41.2512631072519],[-101.872842592856,41.2514129034802],[-101.873425462931,41.2513883056579],[-101.873878222817,41.2515127001294],[-101.875456022884,41.2516925126872],[-101.875575698243,41.2518409261237],[-101.875713602215,41.25192906187],[-101.876040422791,41.252039450205],[-101.87680984151,41.2525077177051],[-101.877100067415,41.2527444651936],[-101.879444628086,41.2542097446842],[-101.880018560822,41.2543314567181],[-101.880664823211,41.2546291458304],[-101.882095627456,41.2551422587058],[-101.88245881902,41.2552526787546],[-101.883076380235,41.2553744361186],[-101.883192562944,41.2554295561508],[-101.883962880877,41.2554910553268],[-101.884355453639,41.2554476132036],[-101.88543121404,41.2554215730382],[-101.885925384464,41.2554607052053],[-101.88639035515,41.255565753128],[-101.886906036632,41.2557588072004],[-101.887065731039,41.2558689445949],[-101.887464700704,41.2562816953005],[-101.887973186681,41.2564417570812],[-101.888147358336,41.2565848901975],[-101.889033300226,41.257014762412],[-101.890391705649,41.2574507379703],[-101.890813232909,41.2574787640943]]],[[[-101.944715908508,41.269056782304],[-101.945602238469,41.2697116168292],[-101.945841877546,41.2699866455872],[-101.946059604916,41.2703550963834],[-101.946255713431,41.2705476395172],[-101.946655365816,41.2707843222922],[-101.946771560203,41.2709163356109],[-101.946960478602,41.2710374156089],[-101.948079952821,41.2713076653381],[-101.948327238358,41.2712474044628],[-101.949185301032,41.2711931343161],[-101.950487354239,41.2707104764132],[-101.952618255111,41.2702834119436],[-101.953170855555,41.2702948319281],[-101.953767031476,41.2703612492868],[-101.954079607466,41.2704494343122],[-101.954952181526,41.2704281088195],[-101.956362920102,41.2703137362719],[-101.958587697617,41.2705792060474],[-101.959627467914,41.270618430409],[-101.960050969671,41.2707007660449],[-101.960050937332,41.2703732647651],[-101.959429259138,41.2703921251997],[-101.957909623189,41.2702296649353],[-101.956411352771,41.2699797634513],[-101.954573330529,41.2692645028135],[-101.954697938537,41.2677636347373],[-101.954166079295,41.2688571735927],[-101.953651713845,41.2692336709299],[-101.950758816135,41.2685285807231],[-101.950056339871,41.267115700925],[-101.949690188358,41.2679427651668],[-101.948557818823,41.2679513962948],[-101.947499849557,41.267528653339],[-101.944682739114,41.2674826480288],[-101.94261689154,41.267099528915],[-101.941067642628,41.26668064741],[-101.93673197152,41.2662982933419],[-101.935012664338,41.2662873095262],[-101.93499433152,41.2654999534471],[-101.935075735952,41.265324582753],[-101.936413454971,41.2633046905652],[-101.935384406067,41.2624724511288],[-101.935302841734,41.2603110666984],[-101.935062395072,41.2615544142005],[-101.934832237713,41.2635791426387],[-101.933921778105,41.2640908441712],[-101.931594419273,41.2634451684135],[-101.930569607723,41.2647103974048],[-101.929417171621,41.2649569097982],[-101.927606997153,41.2645252106671],[-101.922517519147,41.2627012646857],[-101.919794720131,41.2612231354837],[-101.917898991913,41.2622391037321],[-101.916454853974,41.2621896083115],[-101.913406943876,41.261272726175],[-101.910650491275,41.2598906046934],[-101.908929413514,41.2546007146294],[-101.909272754107,41.2535436498801],[-101.906428315116,41.2539525961842],[-101.905915943028,41.25816754143],[-101.905693019802,41.2582087829534],[-101.904927413533,41.2576480956255],[-101.905403926672,41.2586119984924],[-101.905135572049,41.2589014686391],[-101.903799896697,41.258843487599],[-101.904203587908,41.2593178616197],[-101.902722105206,41.2597327406499],[-101.901882162449,41.259647217998],[-101.901002489902,41.2592855231873],[-101.898938210787,41.2586812336042],[-101.896542915065,41.2564990021265],[-101.895467209462,41.2543769208881],[-101.895320867614,41.2531070390717],[-101.894976248718,41.2517447567191],[-101.895850823326,41.251638342452],[-101.894906216957,41.2512704600714],[-101.89444138551,41.2507411373457],[-101.8938334192,41.2513688217662],[-101.894155831742,41.2521266178823],[-101.894170017039,41.2523382945058],[-101.893461541825,41.2522497750283],[-101.894041808583,41.2529505849902],[-101.894438801057,41.2548313616223],[-101.894228926758,41.2551712508751],[-101.89380588404,41.2551018310526],[-101.892141789112,41.254290902949],[-101.893627598999,41.2555613256536],[-101.893797058991,41.2563891237677],[-101.893471934435,41.2572316953762],[-101.894107549092,41.2565980569319],[-101.894318858898,41.2563125116894],[-101.894457460862,41.2560378669995],[-101.894284197403,41.25538907735],[-101.894553401832,41.2552410130186],[-101.8946553696,41.255125717023],[-101.894713886756,41.2549224236271],[-101.894684922376,41.2548619274693],[-101.894736140721,41.2546751135975],[-101.894699978141,41.2545761335402],[-101.894496822343,41.2543780088672],[-101.894245789035,41.2537201422266],[-101.894258557688,41.2535037811052],[-101.894484454338,41.2531852730632],[-101.894695164069,41.2532240108115],[-101.89481167646,41.2531032361359],[-101.894558406347,41.2524873197052],[-101.894369942495,41.2522067663609],[-101.89439957612,41.251899003204],[-101.894660799916,41.2521356759066],[-101.894848765203,41.2526910508846],[-101.895095358138,41.2529826692474],[-101.895145877593,41.2531806029745],[-101.895123744003,41.2533619575032],[-101.895377330323,41.2538074832523],[-101.89520965169,41.254087591422],[-101.895332321134,41.2545824202975],[-101.895592843346,41.2552148309505],[-101.895694226311,41.2554238205468],[-101.895832239878,41.2554734595381],[-101.896049633075,41.2558419888517],[-101.896361591023,41.2561721596416],[-101.896506363515,41.2565076185593],[-101.896556918902,41.2566890610975],[-101.896469104092,41.2570187352999],[-101.896097621077,41.2574524870288],[-101.896075420113,41.2576723135926],[-101.896162260252,41.2578867801753],[-101.896539547281,41.2582719941088],[-101.897069407772,41.2587013669786],[-101.897708387518,41.2590869016001],[-101.898275266683,41.259142562787],[-101.898522227928,41.2592472968545],[-101.898725768205,41.2592420498231],[-101.900360287,41.2598211594986],[-101.90083967385,41.2600360971273],[-101.901610075326,41.2601084782314],[-101.90243149572,41.260103965979],[-101.903689345527,41.2599350729982],[-101.904700503584,41.259491055775],[-101.905500446158,41.2592886254842],[-101.905980307318,41.259228723577],[-101.906075225108,41.2589759984432],[-101.906569640772,41.2589051186201],[-101.906787289091,41.2591637008573],[-101.906918007439,41.2592408025558],[-101.9069687371,41.2593343002717],[-101.906924588497,41.2596585378741],[-101.907105984404,41.2598621150066],[-101.907345885789,41.2598513988727],[-101.907687763925,41.2597143809017],[-101.907913180874,41.2596706687705],[-101.908160207695,41.2597479008765],[-101.908378069813,41.2598800641387],[-101.908900015248,41.2607710797322],[-101.908986856285,41.2610130205265],[-101.908884417799,41.2614251343577],[-101.908971197751,41.2617055501959],[-101.909108970569,41.2619200663344],[-101.909217959569,41.2619531692135],[-101.909261815322,41.2618048158918],[-101.909450794806,41.261821519973],[-101.909581343373,41.262008546372],[-101.910046608707,41.2619980811137],[-101.910446649164,41.261861122343],[-101.910977251663,41.2619056905961],[-101.911318977983,41.2618675988243],[-101.911856774191,41.2619616390695],[-101.91243076442,41.2621546519539],[-101.912583270508,41.2622537576053],[-101.912699239418,41.2624737429016],[-101.913571658967,41.2624307355636],[-101.9156792791,41.2628067952514],[-101.918295524449,41.2633812316436],[-101.919261808962,41.263788990045],[-101.921405890814,41.2641594941165],[-101.921878160312,41.2643523580292],[-101.921979561243,41.2646162922436],[-101.922248323701,41.2647759669455],[-101.922335429741,41.264869496576],[-101.922538896356,41.2649356635397],[-101.923236836128,41.2649253851152],[-101.923454899468,41.2649530899963],[-101.92415252483,41.2651681606365],[-101.92461041769,41.2652565673997],[-101.925053589857,41.2654768734428],[-101.925525996797,41.2655872766953],[-101.925881901228,41.2658294785149],[-101.926107186124,41.2658956607113],[-101.926579418791,41.2661379754995],[-101.926673495758,41.2664568646742],[-101.926782309586,41.2666328602793],[-101.926971134561,41.2667814524626],[-101.927159616379,41.2671828804555],[-101.927406494978,41.2674139765945],[-101.927544587597,41.2674470915432],[-101.928577007878,41.2674316171061],[-101.928649623194,41.2674976457567],[-101.929463941508,41.2674764529911],[-101.929936418516,41.2675538622231],[-101.930365375743,41.2675542754502],[-101.930786810477,41.2677470577643],[-101.930924647076,41.2679780418483],[-101.93113545652,41.2680057265285],[-101.93135345069,41.2680993757699],[-101.931614897269,41.268324980642],[-101.931781735078,41.2686219496832],[-101.932559245821,41.2689689660785],[-101.93284242624,41.2692605461999],[-101.933395132685,41.2691566343694],[-101.933838519549,41.2692559866414],[-101.934172660496,41.2695036398206],[-101.934746662403,41.2698119776572],[-101.934957281404,41.2699990534155],[-101.935233613067,41.2699663300168],[-101.935582557351,41.2700106240154],[-101.936142472776,41.2699616699053],[-101.937946076966,41.2696060366556],[-101.939211380993,41.269458763466],[-101.939611591232,41.2691952856736],[-101.940004366115,41.2690692125904],[-101.940898787202,41.2689765565985],[-101.941429757112,41.2688066265085],[-101.94164062315,41.2687958166399],[-101.942520690956,41.2685382380739],[-101.943386118918,41.268363088903],[-101.943793235405,41.2684074082965],[-101.944614630646,41.2685949856996],[-101.944767222073,41.2686830590025],[-101.944868842193,41.2688370487508],[-101.944868713734,41.2689524758364],[-101.944715908508,41.269056782304]]],[[[-101.816422706677,41.2726449512024],[-101.816474555639,41.2748775677072],[-101.817639328304,41.2750447369159],[-101.817672673767,41.2749097903971],[-101.819006253349,41.275101166301],[-101.819620034454,41.2746837755185],[-101.819699367372,41.2745515564754],[-101.819662643344,41.2745077334268],[-101.819158259974,41.2742788977793],[-101.818960558746,41.2741367823955],[-101.818754695426,41.2738572996522],[-101.818721517947,41.2732253875145],[-101.818626594768,41.2731982829755],[-101.818567832372,41.2731270661609],[-101.818558339874,41.2727808550451],[-101.818507182615,41.2727590732348],[-101.818274233292,41.2728039621742],[-101.818207731012,41.2726613291114],[-101.818017429207,41.2725356725411],[-101.81800211922,41.2724203166057],[-101.817936420932,41.2724040885212],[-101.817718085402,41.2724544147444],[-101.817397295217,41.2724391940029],[-101.817345963685,41.2723899324917],[-101.817206127436,41.272176139411],[-101.817189808641,41.2719014034449],[-101.81760272555,41.2715040608653],[-101.817638783027,41.2714434625876],[-101.817609002078,41.2713446517537],[-101.817426414107,41.2712849168693],[-101.816979468117,41.2709129536697],[-101.816869379579,41.2707924756963],[-101.816706814157,41.2704413733646],[-101.816464638238,41.2701785207037],[-101.816194252524,41.2700641713503],[-101.815968046854,41.2700210947415],[-101.815733790482,41.2698571386967],[-101.815492976409,41.2698086226662],[-101.815303698684,41.2698423433908],[-101.815106092678,41.2697112171194],[-101.814857888165,41.2696462419721],[-101.814581330126,41.2697077844769],[-101.814449939838,41.2696753249297],[-101.813649172611,41.2698213620437],[-101.812330314619,41.2698649964861],[-101.811994592638,41.2697893657297],[-101.811775236622,41.2696748070623],[-101.81155430047,41.2693074435332],[-101.811126418527,41.2696443636044],[-101.810815310384,41.2700083067898],[-101.810444351986,41.2701251652141],[-101.810013483145,41.2699839482329],[-101.809917954501,41.2698579138077],[-101.810010914861,41.2695717648565],[-101.809995380295,41.2694179409119],[-101.809675612393,41.2695620772752],[-101.809617789635,41.2696392436682],[-101.809583984234,41.2700625603666],[-101.808633572054,41.2719293531506],[-101.808476341726,41.2724300881575],[-101.808073658425,41.2728328074216],[-101.809135289225,41.2731556169002],[-101.810410889742,41.2727533951905],[-101.810050444327,41.2722059747198],[-101.815736501598,41.2722111680472],[-101.815503031252,41.2725045458086],[-101.816422706677,41.2726449512024]]],[[[-101.807984543753,41.2763744699866],[-101.808509452729,41.2748809413415],[-101.80737035661,41.2745354875775],[-101.807984543753,41.2763744699866]]],[[[-101.831333566295,41.2770091135147],[-101.843396072964,41.2787322453439],[-101.845507391461,41.2789582975112],[-101.84665262487,41.2791507464112],[-101.848215529073,41.2794888288078],[-101.850118992685,41.2800256677782],[-101.851592594467,41.280543980348],[-101.853179565434,41.2812137981831],[-101.853194825116,41.2809988404811],[-101.853004779331,41.2809281911346],[-101.852981619865,41.2807414072738],[-101.853031214055,41.2805323306062],[-101.852876674182,41.2803241173658],[-101.852816797875,41.2800990150382],[-101.8526405035,41.2799073837558],[-101.852244366223,41.2795517878104],[-101.851959213104,41.2794320710742],[-101.851885629404,41.2793334451545],[-101.851315103079,41.2790610319126],[-101.850898504874,41.2789088883492],[-101.850577624858,41.2788937528238],[-101.849854130712,41.2786384682353],[-101.84854830458,41.278512044787],[-101.84521023146,41.2786359454125],[-101.844925477193,41.2785711762752],[-101.844298507023,41.2785682909245],[-101.843641600497,41.2784501041749],[-101.843269816547,41.2784516494673],[-101.842838864163,41.2783270227634],[-101.842400992954,41.2782573878957],[-101.842137895272,41.2781595446648],[-101.841749799713,41.2779028239658],[-101.841521454256,41.2775520042634],[-101.841426283141,41.2774919381818],[-101.841039191899,41.2773836141332],[-101.84081946937,41.2772306261505],[-101.840590063901,41.2767204163022],[-101.840675770366,41.2764562386921],[-101.840638254025,41.2762970003258],[-101.840513595711,41.2761875893788],[-101.840199558162,41.2761009466508],[-101.840038527063,41.2760026789121],[-101.839898960309,41.2758438627407],[-101.839774782594,41.275805900622],[-101.839257452703,41.2758410150763],[-101.838956677881,41.2755564478376],[-101.838496054143,41.2753494872868],[-101.838015323414,41.2754064308549],[-101.837780600816,41.2751875450304],[-101.837627086819,41.2751222215656],[-101.837415476976,41.2750901144278],[-101.837290061383,41.2748652823299],[-101.836682680775,41.2745105210623],[-101.836455256091,41.2742916038779],[-101.836162449325,41.2741059332338],[-101.835672513559,41.2738716038949],[-101.834985776678,41.2736380791626],[-101.834825236058,41.2736112549801],[-101.83466513202,41.27365038435],[-101.834564102093,41.2738046925271],[-101.834323491938,41.2737946842057],[-101.834192507688,41.273828196953],[-101.833982032417,41.2739664633526],[-101.833436153168,41.2740896096984],[-101.831854257682,41.2740685730046],[-101.831124678348,41.273967110138],[-101.83075225839,41.2738641942071],[-101.830188603279,41.2734982362762],[-101.82987489631,41.2734555379899],[-101.828992876465,41.2734481154272],[-101.827861362127,41.2731833743265],[-101.827232354578,41.2728506463144],[-101.826048529544,41.2723827440874],[-101.825581135203,41.2722417237348],[-101.82545673291,41.2721652781129],[-101.82522918875,41.2719188665267],[-101.824922114043,41.271771704555],[-101.8244040655,41.2716858445584],[-101.823535078413,41.2714310091224],[-101.822550335317,41.2713085356308],[-101.822098529442,41.2713213307547],[-101.821865796613,41.2713992039946],[-101.821255231477,41.2716599519769],[-101.820885425618,41.2719582102623],[-101.820639801066,41.2722999426879],[-101.820613177696,41.2726957647015],[-101.820996714305,41.2734032303063],[-101.820970198733,41.2738155407247],[-101.821051533995,41.2739965868035],[-101.821132623119,41.2741391622626],[-101.821536386195,41.2745882345418],[-101.821606775486,41.2753354196625],[-101.821342478553,41.2754363571796],[-101.831367191135,41.2768742453192],[-101.831333566295,41.2770091135147]]],[[[-101.816408156665,41.2787122329111],[-101.816562144972,41.2786487127715],[-101.816580071752,41.2794205466999],[-101.819575061197,41.2794124058497],[-101.819872368522,41.2796367173233],[-101.820092450377,41.2814600896241],[-101.820294743792,41.282491897011],[-101.820481633796,41.2831104615221],[-101.819974022778,41.2836140147863],[-101.818396420341,41.2839625634779],[-101.817228804507,41.2848987736875],[-101.818150954791,41.2863779396762],[-101.818307733266,41.2844994790533],[-101.818649294297,41.284273835574],[-101.819714488713,41.2842265817736],[-101.821223882071,41.2838398367323],[-101.821543234951,41.2821142225578],[-101.821951740233,41.2807285066599],[-101.823249954939,41.2805672210938],[-101.823653662319,41.2793964724905],[-101.826190786752,41.2793957623009],[-101.826192710045,41.2778151020019],[-101.817281653294,41.2765248945394],[-101.817220827468,41.2767710443486],[-101.816516682134,41.2766913628125],[-101.816549851528,41.2781195045897],[-101.815957684787,41.2788980504493],[-101.816408156665,41.2787122329111]]],[[[-101.913414764609,41.2952491160149],[-101.918789073239,41.2971356730513],[-101.918942447997,41.2968871494783],[-101.920908271758,41.2974791262438],[-101.921904328236,41.2976673678861],[-101.922727957588,41.297747521883],[-101.925635593957,41.2978930460329],[-101.92522754951,41.2972452985909],[-101.925351670631,41.2969046760647],[-101.925337329028,41.2967562692125],[-101.925053868335,41.2966130750052],[-101.924951912245,41.2967064004173],[-101.924726285988,41.2968160826955],[-101.924537218469,41.2967884034858],[-101.924326153005,41.296887108984],[-101.924064406389,41.2968208799201],[-101.923933479631,41.2968262373153],[-101.923875393666,41.2967547277281],[-101.923890095494,41.2966448233024],[-101.924210551506,41.2963373863457],[-101.924159785912,41.2962329088516],[-101.923541746793,41.2961003494408],[-101.923432803607,41.2959903129793],[-101.923229318127,41.2958746806143],[-101.923098399455,41.2958745415819],[-101.922298971615,41.2954395022372],[-101.922073755889,41.2952633885722],[-101.921717453504,41.2952080450214],[-101.921128269171,41.2952513770009],[-101.920866542318,41.2951796449876],[-101.920772127585,41.2950861108647],[-101.9203139814,41.2950471414798],[-101.92000133624,41.2949808491295],[-101.919528888876,41.294776980596],[-101.918867525808,41.2944519900467],[-101.918068229122,41.2939619644454],[-101.917567024889,41.2935437136002],[-101.917327384016,41.2933016233816],[-101.91728396215,41.2931586794186],[-101.91712410964,41.2930595734362],[-101.91695713349,41.292861531106],[-101.915924378137,41.2928768631756],[-101.915844595163,41.2927338777851],[-101.915313879477,41.2926068721649],[-101.915197617716,41.2925407885937],[-101.914768690134,41.2924358797999],[-101.913576614074,41.2920223242787],[-101.913060474451,41.2918843337148],[-101.912559053724,41.2916364374192],[-101.911388802234,41.2912393742705],[-101.909927584626,41.2908969188967],[-101.909557053826,41.2906711483727],[-101.909092927557,41.2898626929991],[-101.908874901047,41.2897745004522],[-101.908598376247,41.2898840938145],[-101.908045871024,41.2897680226893],[-101.907384456752,41.2895473963328],[-101.907151672719,41.2895910871118],[-101.907180121466,41.2899813342633],[-101.907325332335,41.290124403309],[-101.907485178557,41.2902125292356],[-101.907623019647,41.2904160441747],[-101.907535500382,41.2905698274107],[-101.9072810409,41.2905255561379],[-101.906823192057,41.2903381450249],[-101.906765204009,41.2902226605844],[-101.906583678745,41.2900520676301],[-101.905689712205,41.2897377208985],[-101.905486283319,41.2896220605753],[-101.905203072358,41.2893798957302],[-101.904745792149,41.2888627198199],[-101.904607640241,41.2888515602541],[-101.904571094979,41.2889614346112],[-101.904723616338,41.2890770353568],[-101.904774199573,41.2892694557671],[-101.904643135373,41.2893682239414],[-101.904461395411,41.2893295312584],[-101.904403420838,41.2892085493154],[-101.904149146409,41.2890598482096],[-101.903996988867,41.2887299044611],[-101.90399734999,41.2885155628093],[-101.904085004901,41.288284838369],[-101.904056760071,41.2877846704913],[-101.903977110048,41.2875812222691],[-101.903831997096,41.2873886861794],[-101.903570132801,41.2874323338538],[-101.903111581476,41.2876790911998],[-101.902653280781,41.2877774554326],[-101.902267876574,41.2877714843955],[-101.901824176198,41.2878368876748],[-101.901576996662,41.2877981090339],[-101.900523675279,41.2871592672636],[-101.900313078736,41.2869941257531],[-101.900117179528,41.2867410659558],[-101.899833589478,41.2867352149755],[-101.899608386328,41.2866085250575],[-101.898235801896,41.2856010328958],[-101.898090388906,41.2855898565717],[-101.897937831615,41.2855072238057],[-101.897821505175,41.2854960839166],[-101.897690371805,41.2856333164437],[-101.897174136062,41.2856051795499],[-101.896810683088,41.2855332681743],[-101.896563685911,41.2854010488337],[-101.896374939988,41.2852249364193],[-101.896150478847,41.2846915403466],[-101.896172659149,41.2844882181613],[-101.89610765975,41.2842408169154],[-101.896151870337,41.2839166109262],[-101.896065463187,41.2834438460311],[-101.896094943199,41.2832240447969],[-101.895746651991,41.2828168951614],[-101.895521519807,41.282662718323],[-101.895158195292,41.2825303473546],[-101.894961871182,41.2825300935347],[-101.894888979185,41.2826289279401],[-101.894843986166,41.2833818176186],[-101.894887275081,41.2835687377063],[-101.894900491994,41.2842997170766],[-101.894863128366,41.2848547604777],[-101.895131198223,41.2853937099821],[-101.895109034988,41.285586039327],[-101.895399133333,41.2860096015961],[-101.895281067755,41.2869602444621],[-101.894894023225,41.2878665693508],[-101.894740865859,41.2881136855018],[-101.89441898512,41.2891684775451],[-101.894424985866,41.2898664620702],[-101.894606825541,41.2898447156607],[-101.894926544933,41.2899825289703],[-101.895027754523,41.2903124130614],[-101.894924561453,41.2910762031837],[-101.894829784699,41.2912079810728],[-101.894691723522,41.2911473464163],[-101.89466308523,41.2908999953928],[-101.894568878008,41.2907185088757],[-101.89413306484,41.2904376506747],[-101.893907711671,41.2903933887618],[-101.89368226867,41.2903985887416],[-101.893188095551,41.2902220713327],[-101.892904518077,41.2902052104994],[-101.891929857672,41.2903193342269],[-101.891268087667,41.2903294453099],[-101.890569826298,41.2904109501667],[-101.890417227684,41.2903502918203],[-101.890322961173,41.2902072738931],[-101.88991593901,41.2900968103565],[-101.889567209423,41.2899259700318],[-101.88929828437,41.2898541612899],[-101.888557139226,41.2895453923165],[-101.888280946802,41.2894735723561],[-101.888106590992,41.2893854015576],[-101.887830839641,41.289082755855],[-101.885222126666,41.2881338948501],[-101.884757141607,41.2879299063692],[-101.884408105695,41.2879294217214],[-101.883972026625,41.2878188989783],[-101.88331088005,41.287532192911],[-101.881966058053,41.2873269605431],[-101.881427979774,41.2873207052884],[-101.880810161641,41.2871934272282],[-101.880432013127,41.2872093769089],[-101.879436075226,41.2870870484482],[-101.879203234599,41.2871636561454],[-101.878846532464,41.2873609935194],[-101.877945296757,41.2871563512423],[-101.877442691152,41.2875842955465],[-101.87711506928,41.2877816680982],[-101.876685864119,41.2878744715471],[-101.87623511556,41.2878353446296],[-101.875988025857,41.2877690348256],[-101.875603099554,41.2875486413346],[-101.8754563346,41.2872897995827],[-101.874844193819,41.2873419051117],[-101.874391537239,41.2872669426081],[-101.873849912411,41.2869889896276],[-101.873198044535,41.2865905886731],[-101.872562154095,41.2863845028271],[-101.87194136703,41.2862498058838],[-101.871640747617,41.2860202587606],[-101.870283276441,41.285855798836],[-101.867544835061,41.2842681916081],[-101.867551696394,41.2842076983348],[-101.867134878102,41.284039113415],[-101.866733739005,41.2840243665509],[-101.866551729549,41.2840636334612],[-101.866494532018,41.2842232849013],[-101.866298330078,41.284317581187],[-101.866145172712,41.2843127486162],[-101.865493130563,41.2838758406158],[-101.865075973606,41.2836577810928],[-101.86441922159,41.2835836703098],[-101.864033334091,41.2836622917175],[-101.863982645752,41.2837119794478],[-101.863926568421,41.284031027819],[-101.863825074065,41.2841139162681],[-101.86375363644,41.2843230975671],[-101.863637365696,41.284378565783],[-101.863527996709,41.2843790383066],[-101.863440967026,41.2844453724817],[-101.862929806765,41.2843376438786],[-101.862593134366,41.2841577058657],[-101.862439013107,41.2840154567324],[-101.862423540525,41.2838891017533],[-101.862676988504,41.2836406613724],[-101.862676174631,41.2835252346065],[-101.862529345896,41.2833829550678],[-101.862134042255,41.283159296414],[-101.861044246576,41.2826747848662],[-101.860372786444,41.2825787303956],[-101.860168640703,41.2825796059385],[-101.860045156487,41.2826460951796],[-101.85999465949,41.2827232643325],[-101.8598417815,41.2827568987299],[-101.859739477762,41.2827243579147],[-101.859080722503,41.2823589080211],[-101.858700677646,41.2822286169587],[-101.858187790823,41.2818680361945],[-101.857654339766,41.2816944254737],[-101.857448630956,41.2814699448808],[-101.856717422976,41.2811652581896],[-101.856324263613,41.2812438858863],[-101.856076153424,41.2812119633526],[-101.855856901612,41.2811359440773],[-101.855733380566,41.2811969323216],[-101.855458243662,41.2814729293376],[-101.855159823325,41.281545652563],[-101.854985419904,41.2816288418714],[-101.85464321568,41.28169625354],[-101.854213988959,41.2816870349005],[-101.854640027559,41.2818819376963],[-101.854639926947,41.2820423896922],[-101.864257634434,41.2865342772233],[-101.864257304752,41.2866171422423],[-101.875117797298,41.2914907751179],[-101.876431988541,41.2919796860329],[-101.877614305304,41.2922999223904],[-101.879247402067,41.2925787052059],[-101.88091605864,41.2926833316418],[-101.892376791085,41.2926566219287],[-101.892376757848,41.2925880060002],[-101.894226307271,41.2925147328482],[-101.899290998063,41.2925171930392],[-101.89929116515,41.2927916586425],[-101.901501903793,41.2927812239666],[-101.905201858734,41.2930319965738],[-101.908787933348,41.2937634132529],[-101.911445147263,41.2946333318668],[-101.911483553835,41.2945711089133],[-101.913414764609,41.2952491160149]]],[[[-101.925290913077,41.2935190567292],[-101.926410044139,41.2941852425301],[-101.926823851278,41.2947407714757],[-101.927092035222,41.2954170625184],[-101.927156422868,41.2962030615792],[-101.9269079812,41.2970436973839],[-101.926979581419,41.2978736691526],[-101.926707896742,41.2979507912754],[-101.936893632338,41.2985097415507],[-101.93684733227,41.2989887857189],[-101.941126650264,41.2992239278617],[-101.941118811565,41.2955934032157],[-101.942429874874,41.2965447946182],[-101.942201585113,41.2972723830196],[-101.942826353511,41.2965270836851],[-101.943629686327,41.2966152387573],[-101.945058613992,41.2972592069402],[-101.945513906229,41.2972570749297],[-101.945245371943,41.2963929010403],[-101.944271381681,41.2964964239578],[-101.944209253297,41.2953885491891],[-101.946367888756,41.2955193687569],[-101.950403673476,41.2972338232557],[-101.950543752269,41.2972331611782],[-101.950411563379,41.2954076851865],[-101.949509062844,41.2952346396282],[-101.943981793579,41.2946253022529],[-101.943538042897,41.294685367413],[-101.943457185538,41.2954327753168],[-101.943406152247,41.2955371569043],[-101.943056976198,41.2955753194696],[-101.943276040261,41.2948225394415],[-101.942898120818,41.2945583851651],[-101.942709129655,41.2944537887337],[-101.942047518652,41.2942168597222],[-101.941378768737,41.2938699971265],[-101.940862559045,41.2936991471095],[-101.940441055141,41.2934019695366],[-101.940288549053,41.2932039680676],[-101.940092347114,41.2930553921588],[-101.938768892443,41.2928233332056],[-101.937780164421,41.2924706586307],[-101.937496927408,41.2921296311725],[-101.936690146859,41.2916946761952],[-101.936282896523,41.2916613136883],[-101.934741016491,41.2916598449789],[-101.933657180236,41.2917852109473],[-101.933154808193,41.2922024302652],[-101.932609034946,41.2924327345313],[-101.932034564118,41.2923552252116],[-101.931504092773,41.2920029497041],[-101.931293521382,41.2917389284508],[-101.929890873033,41.2909625782299],[-101.929542135362,41.2906929181306],[-101.929033826353,41.2901043214725],[-101.92888841516,41.2900711977683],[-101.928554246366,41.2897905574984],[-101.927747485579,41.2894160025289],[-101.92668614224,41.2890796549738],[-101.925325950966,41.2892376397568],[-101.923682394221,41.289208441993],[-101.92275910667,41.2889821276619],[-101.921821573636,41.2885524355257],[-101.92114549257,41.2883758368477],[-101.920876262987,41.2884799732305],[-101.920038966667,41.289144097789],[-101.919703748641,41.2896109004645],[-101.919890571271,41.291155495927],[-101.920239377214,41.2913482368886],[-101.922115102646,41.2917899396962],[-101.922362045925,41.2920210384902],[-101.922885365782,41.2922469339336],[-101.923147187856,41.292247211339],[-101.923379707784,41.2923958518588],[-101.923517581214,41.2926158402056],[-101.923771767608,41.2928744232467],[-101.925290913077,41.2935190567292]]],[[[-101.953712475891,41.2960405339517],[-101.952720951413,41.2958504511706],[-101.953623902004,41.2971598304781],[-101.95397953694,41.2962121485849],[-101.95554315171,41.296351119412],[-101.957363601108,41.2972096780046],[-101.959935992501,41.297210874604],[-101.960067460045,41.2967709639309],[-101.956490656044,41.2965044135218],[-101.953712475891,41.2960405339517]]],[[[-101.980025077387,41.2995180399393],[-101.981098716865,41.2994340824818],[-101.981667252524,41.2992934438478],[-101.982082033436,41.2992339471307],[-101.982707382147,41.2992492945745],[-101.983442393594,41.2994458779969],[-101.983989358007,41.2997372794514],[-101.98474491123,41.3000381480539],[-101.984994564725,41.300256205471],[-101.985698878044,41.3005841182903],[-101.985860596355,41.3007644537114],[-101.986468612072,41.3007800801887],[-101.987918555822,41.3010819751679],[-101.988603948825,41.3013578725497],[-101.989169497585,41.3016881715144],[-101.989578509517,41.3020081037664],[-101.989706930873,41.302066317761],[-101.990139166052,41.3014285713106],[-101.989803097321,41.3013130774847],[-101.987855391681,41.3002951609459],[-101.986509613876,41.3001240733317],[-101.986182238142,41.300129397387],[-101.98587674447,41.3000302999709],[-101.985273133193,41.2996562215418],[-101.984982187737,41.2995681232201],[-101.984691209942,41.2995404843211],[-101.983447571483,41.2989187112797],[-101.982451006558,41.2987917419973],[-101.982320093275,41.2987367044637],[-101.981730828991,41.2987583594991],[-101.980326643625,41.2990323804154],[-101.9792791029,41.2990097867097],[-101.978631710431,41.2989269597022],[-101.977504361581,41.2985910087502],[-101.976172874175,41.2989419697768],[-101.974172359275,41.298946224914],[-101.973568668946,41.2988084345898],[-101.973212336019,41.2986433178424],[-101.972208546842,41.2985162582638],[-101.971946625953,41.2985710516745],[-101.970142533978,41.2986028476105],[-101.969378837528,41.2984484408178],[-101.968942401827,41.2984096738834],[-101.967669370492,41.2984252975506],[-101.967407537637,41.2983701557748],[-101.967262147105,41.2982491366063],[-101.966709506237,41.2979904290942],[-101.96665868405,41.2978694746859],[-101.966287928671,41.2975834087212],[-101.965174995984,41.2975496510365],[-101.963924016493,41.2973289106176],[-101.963291581871,41.2968392866001],[-101.962687959815,41.2966904503587],[-101.961174964212,41.2966728541993],[-101.960757588067,41.2967152389874],[-101.961116465023,41.2967477532529],[-101.962482964267,41.2970139031249],[-101.964231761343,41.2982536853659],[-101.965076968227,41.297978891125],[-101.966390686957,41.2985336109665],[-101.967434795218,41.3001704855278],[-101.968262494836,41.2993785103116],[-101.968650328985,41.2994194052354],[-101.969726072318,41.2991866650221],[-101.971320978104,41.2998485756545],[-101.971964789888,41.3006699112501],[-101.971841095467,41.2995335209419],[-101.972042924454,41.2991436150576],[-101.972396966677,41.2989465792275],[-101.973045393107,41.2990997322611],[-101.974006246406,41.2995975518791],[-101.974547976336,41.3005168239915],[-101.975815762409,41.2996475318429],[-101.977379073548,41.3003467249663],[-101.977632235863,41.3009852520136],[-101.977949877453,41.3010020871153],[-101.977877119304,41.3005059991286],[-101.977932427678,41.3002332578827],[-101.978153680936,41.2998865082651],[-101.978990823644,41.2995435401632],[-101.978988541025,41.2994093293052],[-101.979365028554,41.2995032763274],[-101.980025077387,41.2995180399393]]],[[[-101.925779689118,41.2992484536743],[-101.926544868687,41.3003890439294],[-101.926289614196,41.3012239286204],[-101.926971300749,41.301082896353],[-101.927369549966,41.3020321419644],[-101.926697097195,41.3032409509104],[-101.926799395543,41.3051068324655],[-101.928402352031,41.3065455932229],[-101.92824978396,41.3072872603554],[-101.928786947754,41.306774923042],[-101.927476902235,41.3049454802945],[-101.927241220237,41.3041375918841],[-101.927597579216,41.3027497212829],[-101.928785260717,41.3017684325956],[-101.928196397082,41.2993815000232],[-101.925779689118,41.2992484536743]]],[[[-101.700253284702,41.2076014187721],[-101.700282368558,41.2083768462616],[-101.700359602113,41.2086796626157],[-101.700567578271,41.2090161533235],[-101.700989039954,41.2091063276246],[-101.701652849135,41.2089778259471],[-101.702198098665,41.2090686429984],[-101.702423863262,41.2090643191521],[-101.702672197132,41.2089831337829],[-101.702652629131,41.208741096304],[-101.702394235027,41.2083438588377],[-101.702294837339,41.208073914292],[-101.702814115676,41.207829177584],[-101.703017880532,41.2078412322725],[-101.703258620943,41.2077929945819],[-101.703275352065,41.207562141029],[-101.702797804067,41.2072407490205],[-101.702689676551,41.2071247188672],[-101.702475128319,41.2067112163701],[-101.702280098681,41.2065452503146],[-101.70201975164,41.2063569513799],[-101.701779849357,41.2063172173732],[-101.701482481845,41.2061947083144],[-101.701573010466,41.2058597703819],[-101.701560935312,41.2055957812985],[-101.701366536291,41.2053638379571],[-101.701040105585,41.2052356823999],[-101.70054539707,41.205194628449],[-101.700429534161,41.2051280461634],[-101.700357715651,41.2050232030542],[-101.700434153298,41.2046387099733],[-101.700349436777,41.2043578518871],[-101.700366228086,41.2041215069916],[-101.700724000114,41.2040133904105],[-101.700885101283,41.203915251452],[-101.701121596256,41.2035425795736],[-101.701334695506,41.2033347386426],[-101.701583314142,41.2032205534539],[-101.701917848551,41.2032607685343],[-101.702624141756,41.2040287041434],[-101.702790716359,41.2041230384978],[-101.703001388362,41.2041736126479],[-101.703219962843,41.2041582428523],[-101.703453615547,41.2040879659177],[-101.703751969409,41.2041059979559],[-101.703983405071,41.2042721472739],[-101.704077899754,41.2042891289726],[-101.704478499861,41.2042746952724],[-101.70533412361,41.2038776902229],[-101.70550292334,41.2037355906432],[-101.705556000299,41.2035104176527],[-101.705548643995,41.20274056458],[-101.705678233161,41.2021198769606],[-101.705521299277,41.2017726575729],[-101.705183073691,41.2013475310617],[-101.705097662773,41.2011381455004],[-101.705043488073,41.2007034752361],[-101.704914655288,41.2004663756792],[-101.704879900368,41.2002902417257],[-101.704868689393,41.199932772648],[-101.704761441328,41.1997232777945],[-101.704378728474,41.1993859092786],[-101.704136358519,41.1988348127978],[-101.703891309788,41.198569630764],[-101.703558335753,41.1983644858415],[-101.703458066699,41.1981880197599],[-101.703410618584,41.1978138748641],[-101.703071148832,41.1975262207394],[-101.702912593489,41.1973549584349],[-101.702848367539,41.1972171672939],[-101.703211533951,41.1973069935266],[-101.703437417126,41.1972861497581],[-101.703978300843,41.1970579595039],[-101.704138253964,41.197080766939],[-101.704739212516,41.1982110390415],[-101.705530158463,41.1992708053929],[-101.706094228596,41.1996805786022],[-101.706596742573,41.1996666379753],[-101.70681480232,41.1997062381348],[-101.706908371738,41.1998221868151],[-101.706735985035,41.2003491892113],[-101.706812220561,41.2007619830159],[-101.707113803867,41.2012144153692],[-101.707704014975,41.2019487584737],[-101.708255431439,41.2029413526107],[-101.708253997728,41.2030953127985],[-101.708106938126,41.2032485291647],[-101.70825282363,41.2040026110489],[-101.708090019256,41.2042822182882],[-101.708246776171,41.2046514404316],[-101.70847885862,41.2047516065321],[-101.709031533624,41.2048314143506],[-101.70919762673,41.2049807323792],[-101.709254753294,41.2051019994652],[-101.709449771254,41.2052734611496],[-101.709494880156,41.2057921574321],[-101.709748391915,41.2060503300917],[-101.710060280694,41.2061838982234],[-101.710685397639,41.2063080698705],[-101.711123588648,41.2061728333381],[-101.711255785623,41.2060525306375],[-101.711394040837,41.2060642335391],[-101.711630931069,41.2064338734339],[-101.712388627672,41.2071856032127],[-101.712569819661,41.2072800114123],[-101.713079631552,41.2072771114231],[-101.713444968293,41.2071469949695],[-101.713723832306,41.2069174529595],[-101.71391901376,41.2062860489504],[-101.714129745051,41.2063366119671],[-101.714389526153,41.2065963896206],[-101.71479627972,41.2067139366119],[-101.715291694311,41.2066944542711],[-101.715751511362,41.2065868015107],[-101.715898985088,41.2063895768795],[-101.715893119987,41.206235569699],[-101.715633478124,41.20595929596],[-101.71583845301,41.2058448504195],[-101.716064010097,41.2058679886602],[-101.716464956954,41.2058260220385],[-101.716669527599,41.2057555657682],[-101.716794445526,41.2056352122877],[-101.716751912094,41.2055085150681],[-101.716484478244,41.2052871957992],[-101.716470923564,41.2051771427995],[-101.716595941204,41.2050457921163],[-101.716903223422,41.2048933632744],[-101.716977110752,41.2047782515027],[-101.716942010879,41.2046350948093],[-101.716616774034,41.2043639927581],[-101.71659573549,41.204275898982],[-101.716626482127,41.204100078068],[-101.716948478749,41.2039312228248],[-101.717023930047,41.203645641439],[-101.716585212625,41.2030440180088],[-101.715832004903,41.2025892949081],[-101.715697541478,41.202165181444],[-101.715693145123,41.2018517052725],[-101.715944279043,41.201468022875],[-101.716344439874,41.2015085256098],[-101.716505455702,41.2014213444982],[-101.716689935526,41.2011583067411],[-101.716720530348,41.2009989814694],[-101.716629552569,41.2005970819592],[-101.716401734423,41.2000295218339],[-101.716303479392,41.1996275873064],[-101.716421152406,41.1995016936041],[-101.716625198435,41.1994862152413],[-101.717017313056,41.1996091565992],[-101.717279163877,41.199643459691],[-101.717498281839,41.1995730616515],[-101.717681342324,41.1994639899281],[-101.717726750365,41.1992772400876],[-101.717469038083,41.1987920197491],[-101.71746271574,41.1986875017449],[-101.717543371876,41.1986274111338],[-101.71772527084,41.1986448147193],[-101.717949550522,41.1988054110409],[-101.718438735297,41.1994622636505],[-101.71869661197,41.1999309909584],[-101.718795189496,41.2002999375508],[-101.718657660121,41.2010031666141],[-101.718736456745,41.2011465428077],[-101.719307141173,41.2016553308315],[-101.719333503134,41.2019579288901],[-101.719265241952,41.2022545534518],[-101.719306119789,41.2025627213652],[-101.719618307706,41.2034661812993],[-101.719885953559,41.2044629116616],[-101.720160244249,41.2047337564773],[-101.720363114383,41.2048502612659],[-101.720968212372,41.2047872985167],[-101.721163702846,41.2049147642282],[-101.721343624617,41.2051521416648],[-101.721959093656,41.2055511854517],[-101.722110491223,41.2057224269847],[-101.722027067377,41.2060849765147],[-101.72242335108,41.2065599200573],[-101.722663155447,41.2066216159332],[-101.723623844354,41.2067089164984],[-101.724053433994,41.2067275614738],[-101.724374318502,41.2066851675987],[-101.724666518904,41.2065931320829],[-101.725179428186,41.2062602108722],[-101.726005794704,41.2059013443161],[-101.72614518449,41.2057920432141],[-101.726176061383,41.2055997059478],[-101.726128059905,41.205269485116],[-101.726195355398,41.2050773294699],[-101.726683973336,41.2050137559672],[-101.727385219806,41.2047972396873],[-101.728009710625,41.2050148211131],[-101.728359099575,41.2050440484137],[-101.728636394232,41.204990420075],[-101.728900754946,41.2047552325034],[-101.729012047226,41.2045302874066],[-101.729044055098,41.2042114535142],[-101.729008971395,41.2040627852629],[-101.728908926021,41.2038477973491],[-101.728832565629,41.2034294335604],[-101.728639267044,41.2030544920331],[-101.728642883662,41.2026530221629],[-101.728339686982,41.2023490397335],[-101.728239398165,41.2021615533016],[-101.72845548611,41.2016236329947],[-101.728406284484,41.2014253978172],[-101.727793272337,41.2007459115126],[-101.727700024516,41.2005859600296],[-101.727708797463,41.2004210091886],[-101.728815163465,41.200508931068],[-101.729187673254,41.2003952573377],[-101.729313970095,41.2001208818899],[-101.729315405603,41.1999613932269],[-101.729069833153,41.1989207198719],[-101.728934615144,41.1985680687115],[-101.728929164166,41.1983645480264],[-101.729017506288,41.1982604822085],[-101.729413003067,41.1988288964887],[-101.729746579871,41.199804003545],[-101.729751985034,41.200013025682],[-101.729676872402,41.2002656530525],[-101.729544378982,41.2004190017612],[-101.729402572728,41.2007977988381],[-101.729486664022,41.201166702694],[-101.729731545666,41.2014758956489],[-101.72968016293,41.2015196433273],[-101.729868013233,41.201691060327],[-101.730281174483,41.2019185808467],[-101.730569377382,41.2022719878393],[-101.73066224342,41.2024759397514],[-101.730702146585,41.2028996308067],[-101.730843142559,41.2034228167889],[-101.731244996714,41.2041012831326],[-101.731396835354,41.2042285284976],[-101.73182553656,41.2043516326157],[-101.732430352478,41.2043325983432],[-101.732626348703,41.2044105588708],[-101.732778145122,41.2045433044501],[-101.733014113682,41.2050394654495],[-101.732769976741,41.2054562712498],[-101.732754373902,41.2055716954223],[-101.732926504586,41.2058750431321],[-101.733302418091,41.2062013930657],[-101.733513090991,41.2062684284244],[-101.734576560642,41.2062901458978],[-101.734868210377,41.2062640733043],[-101.735537225295,41.2064048528852],[-101.735956112407,41.2064196118701],[-101.733703541018,41.2060339341305],[-101.733141775962,41.2047259415432],[-101.733409855701,41.2035281044808],[-101.73159295914,41.2036242441254],[-101.730854141531,41.2030334534155],[-101.730653763324,41.2016264669975],[-101.730166362603,41.2006949663487],[-101.730256437575,41.1995880053489],[-101.730885327444,41.1991710006285],[-101.730183634511,41.1990124147022],[-101.729876173529,41.1986464328713],[-101.729813420816,41.1951438627162],[-101.729618623842,41.1949323949599],[-101.728712752828,41.1942771482731],[-101.72773033547,41.1933454260836],[-101.727506647778,41.1932125516629],[-101.727245054774,41.1931279349725],[-101.726736472678,41.1931132993977],[-101.726289554536,41.1932658503133],[-101.72596800258,41.1935638472859],[-101.725860598208,41.1939396327153],[-101.725899032627,41.1941382197614],[-101.726009388863,41.1943363519571],[-101.727108181169,41.1955463378253],[-101.727632036422,41.1969476074195],[-101.727092816384,41.197336686608],[-101.726956008357,41.19754126359],[-101.726900251724,41.1977520517207],[-101.726964917848,41.1980909440835],[-101.727462614159,41.1989261319387],[-101.727141399072,41.198839491501],[-101.725938320446,41.1987165716786],[-101.725264166266,41.1983597050401],[-101.72501100485,41.1982987428627],[-101.724726851555,41.1982868067306],[-101.724325600169,41.1983698094085],[-101.723994730887,41.1985602983279],[-101.723782429341,41.1988305335618],[-101.723719010977,41.1991267958135],[-101.723823421264,41.1994599838015],[-101.724276148811,41.2001100005015],[-101.724448479819,41.2002810670202],[-101.72480999333,41.2004633956317],[-101.725686041175,41.2006583677792],[-101.726061347419,41.2009332134251],[-101.726672095811,41.2017157606621],[-101.726501930642,41.2021182521356],[-101.726575567342,41.2024986520271],[-101.726788004534,41.2027522734809],[-101.727128926862,41.2029502667312],[-101.727583948707,41.2038741872105],[-101.726725201516,41.2034860532265],[-101.72482013531,41.2021939639345],[-101.724536169763,41.2021131363699],[-101.724233707007,41.2020945542888],[-101.723936178697,41.2021396580523],[-101.723666637399,41.2022449532157],[-101.723470245915,41.2023801512298],[-101.723314608301,41.202560117202],[-101.72322962498,41.2027502749115],[-101.723209023915,41.2029646642261],[-101.723296115582,41.2033370156532],[-101.723414194635,41.2034221321321],[-101.723358264627,41.2035744501792],[-101.723728494491,41.2049727005253],[-101.723873642478,41.2052058347528],[-101.724189994986,41.2054793900282],[-101.724021845636,41.2056528214949],[-101.723920689945,41.2058476328752],[-101.723536667347,41.2058097895758],[-101.723637939819,41.205262866503],[-101.723586807713,41.2050514104879],[-101.723464953042,41.2048571536422],[-101.723096632097,41.204591785818],[-101.722447355861,41.2044019247554],[-101.722364112577,41.2043164912203],[-101.722086561002,41.203677017935],[-101.721914506675,41.2034711881442],[-101.721702118891,41.2033280948267],[-101.721447933395,41.2032313924212],[-101.721169270604,41.2031876715702],[-101.72090312404,41.2031974440156],[-101.720659607834,41.2023755984937],[-101.72063892143,41.2020899386755],[-101.720749268683,41.2016846076206],[-101.720741127251,41.2014412690899],[-101.7205923878,41.2011478074052],[-101.720285608639,41.2008892510954],[-101.720368599496,41.2001087859007],[-101.720006303552,41.1992340681406],[-101.720003380434,41.1971487194217],[-101.719866961377,41.1967783416771],[-101.719538484308,41.1965032413277],[-101.719083591822,41.1963647440608],[-101.718799099863,41.1963592891977],[-101.717489848455,41.196491715165],[-101.716709973346,41.1954704581355],[-101.716496625263,41.1953074850876],[-101.716214287464,41.1951901359411],[-101.715841819896,41.1951388937637],[-101.715450755405,41.1951919204636],[-101.715125142166,41.1953378205564],[-101.714876056406,41.195571631937],[-101.714779437207,41.1957585904036],[-101.714745568026,41.1959576498266],[-101.714859043212,41.1970854167023],[-101.713808330537,41.1963483186352],[-101.713560946186,41.1962420649587],[-101.71330444124,41.1961897022118],[-101.712907460444,41.1962021409535],[-101.712542748032,41.1963212105906],[-101.712258750147,41.1965310935087],[-101.712093193335,41.1968039104198],[-101.712076384957,41.1971460684036],[-101.712245280807,41.1974638092634],[-101.715002577825,41.199994145606],[-101.715092270115,41.2001367460441],[-101.714469524722,41.199985014117],[-101.714166619995,41.1999987789406],[-101.71389743443,41.2000685594208],[-101.713647178165,41.2001981864011],[-101.713453924496,41.2003748924154],[-101.71333264295,41.2005849840303],[-101.7132927317,41.2008121866682],[-101.713327151548,41.2010111928721],[-101.713424292668,41.2011979992714],[-101.71414305988,41.2020132264465],[-101.714019231609,41.2024266991537],[-101.714125197779,41.202788406552],[-101.714386676697,41.2030506990266],[-101.71486455258,41.2032815137504],[-101.714685080864,41.203429524127],[-101.714557536264,41.2036075346292],[-101.714489579611,41.2038145129641],[-101.714491977214,41.2040152017269],[-101.714653528438,41.2043501071976],[-101.715148499262,41.2047128528952],[-101.715137023284,41.2047770728091],[-101.714857702926,41.2048183601923],[-101.714617995577,41.2049049967702],[-101.71441315993,41.2050328549235],[-101.714254110514,41.205196022732],[-101.71398512707,41.2051257529947],[-101.713720231859,41.2051097224384],[-101.713458071119,41.2051425655086],[-101.713197892064,41.2052297146288],[-101.712989682344,41.2053544280911],[-101.712827605605,41.205513475799],[-101.71272129089,41.2056974125414],[-101.712677134202,41.2058940093713],[-101.711825263615,41.2050020853188],[-101.711509086279,41.2048446002982],[-101.711328713553,41.2047992686078],[-101.710884569409,41.2047895957525],[-101.710512473743,41.2044981435435],[-101.710475994956,41.2042849622862],[-101.710358083889,41.2040737768359],[-101.710181436476,41.2039052330987],[-101.709951623172,41.2037763623213],[-101.710291298639,41.203594901293],[-101.710516232294,41.2033305516193],[-101.710593667072,41.2030218135041],[-101.710512327318,41.2027136477526],[-101.710382387809,41.2025385809782],[-101.710185491471,41.2023833684244],[-101.709561476759,41.202129780011],[-101.709509464304,41.2019184470213],[-101.709386802946,41.2017244809696],[-101.708643517117,41.2010670184264],[-101.708802904299,41.2008392543268],[-101.708860850126,41.2005998051588],[-101.708823572737,41.2003580232526],[-101.708684986943,41.2001240025412],[-101.709152958901,41.1983892901722],[-101.709123224665,41.1981184143672],[-101.708978352461,41.1978696078397],[-101.708749069162,41.1976788816866],[-101.708452979055,41.1975510037579],[-101.708119060891,41.1974984933532],[-101.707798405453,41.1975228329713],[-101.707347912017,41.1977017686651],[-101.706605047497,41.198316460164],[-101.706481177905,41.1981123006231],[-101.706548628806,41.1977276216133],[-101.706460561569,41.1974205137765],[-101.706326816796,41.1972470929374],[-101.705630520941,41.1965963414464],[-101.70542977173,41.1957925845768],[-101.705563150888,41.1956027006904],[-101.705624946895,41.1954075066407],[-101.705619726785,41.1951925889836],[-101.705548491281,41.1949992377229],[-101.705248963321,41.1946884175522],[-101.70465489305,41.1944249606773],[-101.704498609547,41.1940216431776],[-101.703593918021,41.1930382584798],[-101.703526284762,41.1926223463289],[-101.70137920613,41.1926329964245],[-101.701390942619,41.1936986779293],[-101.701504450145,41.193911230545],[-101.701980241039,41.1944764839381],[-101.701704950523,41.1946928788925],[-101.701550609178,41.1949694198808],[-101.701537721048,41.1952693713949],[-101.701664637727,41.1955483940707],[-101.701320969248,41.1954230048947],[-101.700851339899,41.1949467131037],[-101.700608186613,41.1947869664593],[-101.699686226772,41.1944713979935],[-101.699334492321,41.1944140364322],[-101.698851979334,41.194480379512],[-101.698456800559,41.1946997784222],[-101.698228941989,41.1950278253093],[-101.698218424514,41.1954121869408],[-101.698306313885,41.1956015867228],[-101.698464692259,41.1957801761751],[-101.699131207166,41.196207075352],[-101.699405134039,41.1967277530247],[-101.699596469804,41.1969387817052],[-101.701481730853,41.1979880167669],[-101.701323448599,41.198232117737],[-101.701279008043,41.1985018419776],[-101.701353251106,41.1987677995646],[-101.701538090256,41.1990010099704],[-101.701931886524,41.1992218516748],[-101.702811433306,41.1994154439294],[-101.703186360462,41.1998160995905],[-101.70306709743,41.2000725445572],[-101.703064873201,41.2003443436682],[-101.70319846526,41.2006269844286],[-101.70344385086,41.2008463782823],[-101.703458941658,41.2011216665253],[-101.703521964764,41.2013166387394],[-101.703645566659,41.2014943035259],[-101.704396058773,41.2022618124298],[-101.704324995746,41.2031117290962],[-101.704022907587,41.2028714041968],[-101.703805311371,41.2027562016801],[-101.703520202269,41.2026776978033],[-101.703208380864,41.2026620931264],[-101.702624204638,41.2020406011359],[-101.701860345593,41.2015563204943],[-101.701281390375,41.2004008139256],[-101.700967075247,41.2000984236051],[-101.700160764516,41.1996964908525],[-101.699822242486,41.1996042738263],[-101.699314018818,41.1996255109119],[-101.698873952126,41.1998186991315],[-101.698633341072,41.2000750454059],[-101.698536782959,41.2003951667669],[-101.698563018257,41.2005948832577],[-101.698837053826,41.2013743213833],[-101.698558589563,41.2013299112335],[-101.698293128413,41.2013389323644],[-101.698021070934,41.2014020511829],[-101.697794684703,41.2015071427384],[-101.697597251173,41.2016619646789],[-101.697466705301,41.2018367729061],[-101.697393406367,41.2020444753071],[-101.697391439057,41.2022451667946],[-101.697778283262,41.2033238577885],[-101.699050271654,41.2049749301691],[-101.699066510499,41.2052734260053],[-101.699182619546,41.2055156628459],[-101.699434848511,41.2057475691535],[-101.699862433112,41.2059496178694],[-101.699903297474,41.2062565410546],[-101.699489747253,41.2060704857641],[-101.698768007517,41.2051982219549],[-101.698565875798,41.2050468903786],[-101.698318770823,41.2049402250348],[-101.697910696732,41.2048789168663],[-101.697519660987,41.2049323134782],[-101.697165848733,41.2050976577846],[-101.69692335481,41.2053454413062],[-101.696821925133,41.2048552409707],[-101.696267425651,41.202923447992],[-101.696134178545,41.2026709599736],[-101.695823660595,41.2024214914923],[-101.695420247862,41.2022911545082],[-101.695279787285,41.2021042018589],[-101.695080047779,41.2019510760857],[-101.694628102665,41.2017938162278],[-101.694501934283,41.20152419004],[-101.694261278314,41.2013034169346],[-101.693988068296,41.20117429636],[-101.693632386648,41.2011001487531],[-101.693448716207,41.2009635706188],[-101.69214315418,41.1988723978748],[-101.691982848919,41.1981591118134],[-101.692306303507,41.1978048809603],[-101.692387913654,41.1974395906153],[-101.69232782265,41.1972149353579],[-101.692190529531,41.1970141081286],[-101.692161628932,41.1963440270697],[-101.692055173181,41.196144679517],[-101.691884036933,41.1959729357029],[-101.691558702171,41.1958006581143],[-101.691173239574,41.1957278853853],[-101.690778853114,41.1957642852789],[-101.690413137283,41.195914059982],[-101.690186986411,41.1961069049607],[-101.690050799119,41.1963430969713],[-101.689981233583,41.1971803842771],[-101.689459183045,41.1974803966327],[-101.688839632062,41.1966492108233],[-101.687630859016,41.1959323531603],[-101.687296993852,41.1955364614928],[-101.687066692763,41.1953661943936],[-101.686726084845,41.1952413449566],[-101.686368474513,41.1952111115124],[-101.68599975292,41.1952759910186],[-101.68569664697,41.1954224837349],[-101.685446939576,41.1956738113964],[-101.68534005982,41.1959774922642],[-101.685361821508,41.1962060952318],[-101.68558109937,41.1968013499635],[-101.685812936579,41.1970450754828],[-101.686290826835,41.1973237120667],[-101.68627355852,41.1976799118037],[-101.686468371664,41.1980198914294],[-101.686742567134,41.1982170899154],[-101.687100701183,41.1983335562872],[-101.687243875571,41.1985120186477],[-101.687443898944,41.1989239615695],[-101.687369721458,41.1991608423105],[-101.687386625056,41.1993896808683],[-101.687565163422,41.1997044037181],[-101.68793076876,41.199951355343],[-101.688687340672,41.200165956598],[-101.68711961072,41.2004498465182],[-101.685949281076,41.2005962316774],[-101.685122366585,41.2004606318723],[-101.688292436781,41.2030544305286],[-101.691442813211,41.2043850336513],[-101.691861022095,41.2043410547163],[-101.692022373893,41.2042154485362],[-101.692259460856,41.203782350501],[-101.692270840715,41.203353565037],[-101.692258175367,41.2031555703035],[-101.69202538325,41.202379131325],[-101.69178896643,41.2019820390765],[-101.691648389071,41.2014589943271],[-101.691504865238,41.2012438234788],[-101.691270354643,41.2006488166495],[-101.690917653605,41.2002346270666],[-101.690527723686,41.1999082115528],[-101.690528882513,41.1997872633335],[-101.691167127437,41.2000270081413],[-101.691649372726,41.2005958166751],[-101.692314520397,41.2018308433506],[-101.692487059813,41.2020571643652],[-101.692956361277,41.2024609744093],[-101.693491448166,41.2028376394428],[-101.693810632163,41.2029547673849],[-101.694090644224,41.2033630900888],[-101.694337618943,41.203419361739],[-101.695319093968,41.204320685615],[-101.695433527657,41.2045357125268],[-101.695500518621,41.2051463597455],[-101.695886658548,41.206695555209],[-101.696090221283,41.2069045952094],[-101.696381305079,41.2070257174809],[-101.696960369891,41.2070453842255],[-101.697208051585,41.2070301854144],[-101.697653290775,41.2069115522494],[-101.697979129492,41.2071001962902],[-101.697935239604,41.20712196012],[-101.697837416663,41.2074568449596],[-101.697820667574,41.2076876860432],[-101.69781847838,41.2079186020047],[-101.697895123538,41.2082818915543],[-101.698031262321,41.2085135339504],[-101.698575684502,41.2086868323491],[-101.698860094715,41.2086388358725],[-101.698854687755,41.2084408665921],[-101.698301743257,41.207629720386],[-101.698575699774,41.2071472997697],[-101.699217207379,41.2070626733843],[-101.699464535137,41.2070859564983],[-101.700029870098,41.2073583245907],[-101.700253284702,41.2076014187721]]],[[[-101.662246824469,41.1986554313908],[-101.661928966386,41.1984328783686],[-101.661389673585,41.1979263296494],[-101.665302481637,41.2042392807875],[-101.666781811078,41.2040164993865],[-101.667420647992,41.2036358805503],[-101.667060013931,41.2033045704411],[-101.666413090383,41.2016739299346],[-101.666185211151,41.2012393139208],[-101.665751443447,41.2007253391987],[-101.665080593271,41.2001091927953],[-101.663179959352,41.1992012444101],[-101.662246824469,41.1986554313908]]],[[[-101.663017618509,41.1982580820032],[-101.663022732618,41.1984506071242],[-101.665607765103,41.1998492751603],[-101.667432713264,41.2017876629497],[-101.667459073428,41.2021034969117],[-101.667356176802,41.2022060933325],[-101.669212845374,41.2049352000542],[-101.670463546388,41.2069536154949],[-101.671479579602,41.2084849144084],[-101.671647150437,41.2090521653445],[-101.671655590109,41.2093420253371],[-101.671597250819,41.2096285901653],[-101.671446811755,41.2098833409612],[-101.671280489579,41.2100540960679],[-101.67098221926,41.2102537553733],[-101.670967944132,41.2105370804923],[-101.671067188208,41.210479699897],[-101.67227533423,41.2101389889048],[-101.67263027387,41.2100799407576],[-101.67275364939,41.2099130006287],[-101.672325010167,41.2096348285336],[-101.672179955605,41.2095845613658],[-101.67207193948,41.2094685326656],[-101.672196896933,41.2093427856225],[-101.672553745493,41.2093172521899],[-101.672758155339,41.2092524055252],[-101.672941168214,41.2091434641461],[-101.672979341223,41.2089622700796],[-101.672829015347,41.2087085848381],[-101.672007304797,41.2079070305447],[-101.671855631448,41.2077907663857],[-101.67155103699,41.2076846596925],[-101.671239765354,41.2075180506902],[-101.67119963761,41.2071605291797],[-101.671520572423,41.2070853225673],[-101.671703467619,41.2069873747459],[-101.67133664686,41.2065511132109],[-101.671215987846,41.2062426248071],[-101.670965439629,41.2058234916723],[-101.670742206484,41.2055859058065],[-101.670395658007,41.2053091710975],[-101.669230497269,41.2046651792669],[-101.66911533325,41.2045381239915],[-101.669075982549,41.2041036574409],[-101.669286960877,41.2033737242436],[-101.669382583844,41.2032698042683],[-101.66981301251,41.2031567098257],[-101.670103059651,41.203993815348],[-101.670527841508,41.2044523709525],[-101.670730924542,41.2045194391925],[-101.671233591233,41.204461705252],[-101.671342247856,41.2045117681909],[-101.671623639729,41.2047551649177],[-101.672119478325,41.2053900143143],[-101.672321813961,41.2055340357943],[-101.672989969191,41.2056695953501],[-101.673346585088,41.2056660336349],[-101.673817739776,41.2058554909294],[-101.674328344879,41.2064739371792],[-101.67440633751,41.2066832509256],[-101.674514737215,41.2067607984202],[-101.674756123515,41.2066356747018],[-101.674733067355,41.2060198698259],[-101.674430592023,41.2049572856351],[-101.674391958177,41.2044458448497],[-101.674453525114,41.2041053558857],[-101.674520042665,41.2040012694579],[-101.674673234167,41.2039636177122],[-101.674889808999,41.2041406954223],[-101.675033401104,41.2043393677673],[-101.675387378649,41.2046051434818],[-101.675595441943,41.2049086112435],[-101.67596473756,41.2050975097727],[-101.676116315688,41.20522476469],[-101.676209086504,41.20541217003],[-101.67608299897,41.206395489126],[-101.676491929156,41.206996898593],[-101.676530959158,41.2074698715583],[-101.676623085882,41.2077232432887],[-101.676897045993,41.2079885943586],[-101.677398767655,41.2080352896774],[-101.677536182046,41.208123990687],[-101.677636993682,41.2082344813931],[-101.677871401869,41.2088239613731],[-101.678177284511,41.2088036288095],[-101.678250921212,41.2087160701742],[-101.678235215966,41.2080892912778],[-101.677603280808,41.2072173024103],[-101.677469688749,41.2067383174081],[-101.677507905776,41.2065516160344],[-101.677675986854,41.2064810584938],[-101.677888593827,41.2063227849475],[-101.677853981739,41.2061411870261],[-101.677542773883,41.205963595681],[-101.677599471053,41.2053756923723],[-101.677505606987,41.2045560923749],[-101.677600856255,41.204490637449],[-101.677691088432,41.2041942697125],[-101.677873127533,41.2041842534295],[-101.678508316389,41.2047209057325],[-101.679448807575,41.2052976836574],[-101.6798053552,41.2053050950402],[-101.680018604468,41.2050808466108],[-101.680007426731,41.2047344499065],[-101.67985402143,41.2040464530109],[-101.679710456275,41.2038422816058],[-101.679529753867,41.2037148739575],[-101.679499213842,41.203115496416],[-101.679391501348,41.2029664904409],[-101.679344424238,41.202570427741],[-101.679164906708,41.2023220875992],[-101.678708754783,41.2020832629666],[-101.678413349192,41.2017793292581],[-101.678051916529,41.2015300175639],[-101.677981889259,41.2012492813143],[-101.678004580703,41.2011614449162],[-101.677846531112,41.2009517032382],[-101.677687085539,41.2008848827754],[-101.677586555075,41.2007469138695],[-101.678166479575,41.2002332664731],[-101.678105665427,41.1997546757725],[-101.677783480159,41.1992142239866],[-101.67779894825,41.1991208524941],[-101.678046409856,41.1991166733122],[-101.678541682513,41.1998174703313],[-101.678589988519,41.2000870974675],[-101.678548554625,41.2006036253434],[-101.678589047085,41.2009281834055],[-101.678790224793,41.201193129459],[-101.679022017984,41.2013043138437],[-101.67927013536,41.2012341724024],[-101.679468602851,41.2010318279545],[-101.679767140868,41.2002692826519],[-101.680023821884,41.2000672454613],[-101.680587211094,41.1997568859927],[-101.680604887244,41.1998856747898],[-101.68078399604,41.1997403721985],[-101.6808576543,41.1995020383187],[-101.681909693787,41.1996615646002],[-101.682244550691,41.1988706391375],[-101.682279974856,41.1986286974094],[-101.682094732363,41.1977891095191],[-101.681975114496,41.1975940652866],[-101.681792740324,41.1974290501269],[-101.681491439987,41.1972804354132],[-101.681123522386,41.1972129690642],[-101.68074724147,41.1972446156384],[-101.6804234042,41.1973631419567],[-101.680179519685,41.197543238661],[-101.680027493298,41.1977578687656],[-101.679895576597,41.1985019582361],[-101.679464687993,41.1986083305856],[-101.679122190918,41.1988443513498],[-101.678334478906,41.1980244214871],[-101.67776432089,41.1976272034547],[-101.677141292528,41.1969544986003],[-101.676501573469,41.196074621095],[-101.676148564308,41.1952477834272],[-101.675962945421,41.1946028131618],[-101.675839095591,41.1943935804216],[-101.675507822067,41.1941397427136],[-101.675084386785,41.1940175400545],[-101.674799899317,41.194012247904],[-101.67452329277,41.1940627534832],[-101.674273415594,41.1941656132918],[-101.67405547712,41.1943250795754],[-101.673890588654,41.1945505924076],[-101.673825560509,41.1948179220239],[-101.674011201854,41.1956852018371],[-101.673749394153,41.1958010623319],[-101.673540008538,41.195966942753],[-101.673399264093,41.196169990972],[-101.673338382571,41.1963908794053],[-101.67263343594,41.196393400673],[-101.672690377451,41.1925160102183],[-101.658496895351,41.1924828234958],[-101.658554702837,41.1930151298986],[-101.659381812262,41.1942112315216],[-101.661243810539,41.197077135135],[-101.663017618509,41.1982580820032]]],[[[-101.741927745005,41.2063259363918],[-101.742595169007,41.2066591951866],[-101.743503203164,41.2069771142387],[-101.743975806835,41.2070949085767],[-101.744332411951,41.2071461346354],[-101.745222098019,41.2070679131163],[-101.745659346695,41.2070645163804],[-101.74578594537,41.2070256870684],[-101.744054633103,41.2070297076002],[-101.741969884975,41.2058346255529],[-101.741796974554,41.2040577730564],[-101.741290350785,41.2037470134743],[-101.740400265866,41.2021941126288],[-101.740613436981,41.2009614456022],[-101.740046551528,41.2003785990615],[-101.739928934209,41.1999625638964],[-101.740527249019,41.1997361896766],[-101.73991047922,41.1996264862496],[-101.739180435457,41.1985355819317],[-101.73863028921,41.197027820178],[-101.738597515075,41.1994078892622],[-101.738787627336,41.2013586481307],[-101.737629752833,41.200620547163],[-101.738546303019,41.2030191269025],[-101.738009434771,41.2030726662896],[-101.738912294632,41.2041078836148],[-101.7389123117,41.2037371471654],[-101.738441879257,41.2033828491769],[-101.738436153396,41.2032068109359],[-101.738883236828,41.2029064544491],[-101.738935450505,41.2027691974485],[-101.738958183272,41.2026703009923],[-101.73882977539,41.2023616618203],[-101.738678245772,41.2021959192644],[-101.738578251602,41.2019699238306],[-101.738608121484,41.2018875624033],[-101.738746882449,41.2018497296556],[-101.738952133119,41.2017077101585],[-101.738929078755,41.2010200552116],[-101.739082211867,41.2010042913041],[-101.73923369118,41.2011755318937],[-101.739704936598,41.2022613758097],[-101.739644951595,41.2024535998779],[-101.739336582416,41.2027216318964],[-101.7391887835,41.202957433037],[-101.739295776444,41.2032164678043],[-101.740186302436,41.2038533144437],[-101.74088786691,41.2044397485931],[-101.740988557274,41.2045887464827],[-101.741027468699,41.2051334800201],[-101.741154734822,41.2055741325311],[-101.741746561999,41.2062150497988],[-101.741927745005,41.2063259363918]]],[[[-101.746098444105,41.2033128910969],[-101.745345514861,41.2032034646901],[-101.746185572602,41.2045729699177],[-101.745861270005,41.2054502345621],[-101.744811062183,41.2051330758601],[-101.745896666322,41.2069248425321],[-101.745953509018,41.2067578923254],[-101.745833965712,41.2062622546159],[-101.745879080004,41.2061029512319],[-101.746196492523,41.2056369140719],[-101.746511788611,41.2054128945412],[-101.747219844311,41.2052732631251],[-101.747926995408,41.2052381364176],[-101.748261374408,41.2053332462567],[-101.748842219681,41.2055780551543],[-101.749183033313,41.2057722105104],[-101.749662593538,41.2059340227588],[-101.749785900785,41.2060006211204],[-101.750132293854,41.2063928357791],[-101.750601275517,41.2064886285646],[-101.751099886314,41.2066786667245],[-101.749420557756,41.2055087144435],[-101.748987399109,41.2050348162513],[-101.748993847216,41.2031398603044],[-101.749357479853,41.202425580571],[-101.748997275187,41.2021328775865],[-101.747635423826,41.201303483172],[-101.747665374556,41.1996272926098],[-101.746813718666,41.2013693177575],[-101.747109780926,41.2022824187308],[-101.74683635711,41.2027459513235],[-101.746098444105,41.2033128910969]]],[[[-101.738421459653,41.2053520680211],[-101.736566512253,41.2038816393064],[-101.736939079534,41.2059453776217],[-101.737152517449,41.2058242175306],[-101.737197060412,41.2057309298117],[-101.737155643586,41.2054722158883],[-101.737047974211,41.2052901823857],[-101.737113835094,41.2052575022697],[-101.737654369367,41.2051006241041],[-101.738191542144,41.2053232477202],[-101.738421459653,41.2053520680211]]],[[[-101.669707579042,41.2076908962186],[-101.669818528166,41.2079752360338],[-101.669982688098,41.2087876789005],[-101.670505542628,41.209294228705],[-101.670883357866,41.2092855803662],[-101.671147653003,41.2094732058779],[-101.671195239458,41.2093740755865],[-101.671264443871,41.2093908721411],[-101.671331406089,41.2091686077036],[-101.671308502643,41.2087147813935],[-101.671139765795,41.208369707582],[-101.670408210167,41.2073459352774],[-101.669707579042,41.2076908962186]]],[[[-101.77069150845,41.213451246801],[-101.770868212456,41.2134944478876],[-101.772149700532,41.213227376339],[-101.772564535343,41.2132060781179],[-101.774128890325,41.2132580521985],[-101.775248705006,41.2135400215599],[-101.775532168394,41.2136558396341],[-101.775909876733,41.2138926684008],[-101.776330944056,41.2142339437],[-101.776882932747,41.2146028995275],[-101.777899277676,41.2154560434138],[-101.778675904477,41.2161714722427],[-101.779104501479,41.2164468480541],[-101.779866586352,41.2171732527158],[-101.780694768365,41.2177074861601],[-101.782278068816,41.2189022114653],[-101.782735424484,41.2193259846773],[-101.783360195577,41.2197555229341],[-101.783876548101,41.21992117236],[-101.785818965358,41.2203418246886],[-101.786663264944,41.2203926099572],[-101.787747638392,41.2203788656403],[-101.785883022424,41.2201397629847],[-101.78379324463,41.2190904783482],[-101.781169747182,41.2174268091814],[-101.780976899551,41.2167694712982],[-101.779553746257,41.2163329053619],[-101.778258796928,41.2152685175014],[-101.778024708541,41.2147816918878],[-101.777818057398,41.2147515634273],[-101.777856640938,41.2115874551993],[-101.768190695717,41.2116302912408],[-101.766830054387,41.2120530391012],[-101.765620671385,41.2118963313068],[-101.764059031112,41.2114997468859],[-101.761570200108,41.2104994831922],[-101.76167429868,41.2103632686567],[-101.764894575717,41.210237463187],[-101.764480856613,41.2096056512658],[-101.764950681795,41.2088674730108],[-101.763456887682,41.2089637615994],[-101.762937959688,41.2080387938186],[-101.762212509011,41.2081402766413],[-101.761175919648,41.2067596751808],[-101.761254291369,41.2046760619256],[-101.763353303845,41.2043061248599],[-101.761775711289,41.2040415313689],[-101.760906854458,41.20303084454],[-101.761115122568,41.2016109289831],[-101.760219013547,41.2030426540942],[-101.759789607163,41.2026212085583],[-101.759173904562,41.1998071681454],[-101.759226754247,41.2015142956845],[-101.759099374038,41.2038248908921],[-101.758898916779,41.2045953347503],[-101.758230117456,41.2043303680017],[-101.758755802577,41.2057612692355],[-101.758580335551,41.2058045058131],[-101.757191454782,41.2053336896148],[-101.757544781946,41.206632221849],[-101.757358265642,41.2069565046852],[-101.754333294924,41.2069541453488],[-101.752847803939,41.204055118263],[-101.752350462462,41.2054973419328],[-101.751578294,41.20692055977],[-101.751822242295,41.2070852826931],[-101.752214988432,41.2070804734679],[-101.752477105154,41.2069930564792],[-101.752993549306,41.2069719826329],[-101.753727781914,41.2070721086863],[-101.754090841426,41.2072484825545],[-101.754192055507,41.2074298976324],[-101.754373477465,41.2075510371788],[-101.754976250614,41.2078211920359],[-101.755527336498,41.2083274249295],[-101.756770015557,41.2086590975265],[-101.757311426585,41.2087563947384],[-101.757566095375,41.2083883966882],[-101.757557813806,41.2081465421843],[-101.757605709282,41.2079842623311],[-101.757867274438,41.2078178095315],[-101.75823705245,41.207689579033],[-101.758713660811,41.2075592599755],[-101.75908757826,41.2075519536014],[-101.759410840608,41.2076263081353],[-101.759783377346,41.207578690696],[-101.760098350041,41.2074111886534],[-101.760687314287,41.2074400093862],[-101.761010580229,41.2075143593166],[-101.761231158852,41.2077117258602],[-101.761355964489,41.2082336541885],[-101.761364258634,41.2084755090461],[-101.760753654871,41.2093748466845],[-101.760707146394,41.2095774370099],[-101.760718204655,41.2098999089635],[-101.760941555479,41.2101778947622],[-101.761326545562,41.2104930536557],[-101.761870417076,41.2107647675878],[-101.763329341285,41.2112202482037],[-101.763871841071,41.211451643671],[-101.765176065506,41.2119249696301],[-101.768317853144,41.2123366814776],[-101.769646809996,41.2131628437282],[-101.77069150845,41.213451246801]]],[[[-101.687215659488,41.242559565898],[-101.687235248151,41.2428269202375],[-101.687456072014,41.243033957528],[-101.687571337543,41.2430800516593],[-101.687814291403,41.2431625003693],[-101.687926837732,41.2431034901421],[-101.688535736493,41.2431231906195],[-101.688867133086,41.2431947738338],[-101.689064355512,41.2434690665681],[-101.689882612938,41.2442312488144],[-101.690898123332,41.2452677141099],[-101.691142822619,41.2454170404717],[-101.691611378481,41.2454005625192],[-101.692001930933,41.2453087651989],[-101.692136596478,41.2451251613908],[-101.692114757536,41.2447718136742],[-101.691299726858,41.2436463696585],[-101.69078104141,41.2431952115316],[-101.690276022032,41.2427820843168],[-101.688575901966,41.2417365924075],[-101.687459552986,41.2412082016111],[-101.686375552339,41.24045947495],[-101.686108505663,41.2404251723192],[-101.685983788061,41.2405034782374],[-101.686040390907,41.2407320526254],[-101.686237594468,41.2410063502924],[-101.686424598557,41.2413763844485],[-101.686763394573,41.2417346247499],[-101.687065420748,41.2421411990936],[-101.687215659488,41.242559565898]]],[[[-101.798068953121,41.2699954222844],[-101.807040801563,41.2727199359039],[-101.807041265992,41.272518877354],[-101.807318592988,41.2726032083782],[-101.807112814109,41.2723254386975],[-101.807053422893,41.272149800068],[-101.807182565596,41.2718195493645],[-101.807106898703,41.2713691806204],[-101.806995814832,41.2710838241922],[-101.806768670422,41.2708868494525],[-101.806629896881,41.2708379223312],[-101.806134026844,41.2707903718535],[-101.805281094448,41.2707496885428],[-101.804930982354,41.270701572204],[-101.804828584293,41.2706415112965],[-101.804857024057,41.2705259899716],[-101.805425123134,41.2704688456696],[-101.805891566159,41.2704725463177],[-101.806066029767,41.2704004278672],[-101.806218968842,41.2703833519317],[-101.806357401024,41.2703773212377],[-101.806729955728,41.2705187770558],[-101.806846151014,41.270452377412],[-101.806880313944,41.2700840237158],[-101.806584665808,41.2694146702991],[-101.806196524435,41.2691084000485],[-101.80590227767,41.2686643709245],[-101.805733683654,41.2685056422306],[-101.805578954236,41.2682314465082],[-101.805461678278,41.2681219815307],[-101.805066806727,41.2679036695121],[-101.804935331098,41.267854713147],[-101.804636347517,41.2678228887216],[-101.804197657045,41.2675882559436],[-101.803620916175,41.2674201014163],[-101.802888526012,41.2668238681475],[-101.80255939497,41.2666272823096],[-101.799521687039,41.2668037568584],[-101.799625073247,41.2670286896436],[-101.799348564616,41.2670956910076],[-101.79917347578,41.2670633827599],[-101.798990965962,41.2670091185882],[-101.798756482317,41.2667956752041],[-101.798646911209,41.2667521258133],[-101.797924834604,41.2666449513929],[-101.797734743005,41.2665412534951],[-101.798185936229,41.2664406182269],[-101.798323889609,41.2663576587169],[-101.798550450113,41.2664667134184],[-101.798769259055,41.2664988558575],[-101.798775381074,41.2663064817426],[-101.798597132864,41.265752089521],[-101.798346585545,41.2652913992047],[-101.798171070908,41.2651876471644],[-101.797447786967,41.2648771355142],[-101.796213584411,41.2644256661807],[-101.795418582572,41.2643022699979],[-101.79352098406,41.2637928281467],[-101.793053665178,41.2636297147024],[-101.792601314924,41.2635324923838],[-101.790085102372,41.2631352352727],[-101.789749998431,41.2631474769401],[-101.788753140656,41.2633820075068],[-101.788512208005,41.2633004702424],[-101.787958388547,41.2632915366621],[-101.787674483188,41.2633365563573],[-101.786362481139,41.2632589861424],[-101.786042049383,41.2632876499128],[-101.786078434745,41.2641016298349],[-101.786165268595,41.2641944689829],[-101.786533176315,41.2642350017479],[-101.786604622923,41.2644064164348],[-101.786628751671,41.264700110842],[-101.786393832343,41.2647572838263],[-101.785587218879,41.2648047380878],[-101.785376144432,41.2647458709761],[-101.785344371919,41.2642316977886],[-101.785687055844,41.2640673375901],[-101.785655205177,41.2631492940467],[-101.785325949269,41.2629385789072],[-101.784710033767,41.2622758913558],[-101.784468536076,41.2620954286148],[-101.783584629769,41.2617030057854],[-101.78279756185,41.2616729273073],[-101.781967067573,41.2616924628222],[-101.781755968871,41.261726209347],[-101.781581554671,41.2618037861094],[-101.781473379544,41.2619965246275],[-101.781554925013,41.2622380280387],[-101.78154127601,41.2623974479052],[-101.781367400799,41.2625684453786],[-101.781653683998,41.262935596304],[-101.781649804175,41.2635236297364],[-101.781782608411,41.2638089111679],[-101.781688844957,41.263974119449],[-101.78141642905,41.2634860156347],[-101.78137869352,41.2632608376837],[-101.781429154585,41.2631672301208],[-101.781230556838,41.2628437216581],[-101.781111852558,41.2624759570799],[-101.780987229279,41.2623445209254],[-101.780424217361,41.2620003621593],[-101.779766655963,41.2616840239937],[-101.779466166805,41.2613773730928],[-101.779135716138,41.2609279492851],[-101.77899567687,41.2606481905309],[-101.778819810094,41.2604729756273],[-101.778066429896,41.2599591449308],[-101.777226332629,41.2595665255857],[-101.775700200962,41.2589620650512],[-101.774911823299,41.2586901455303],[-101.774648741787,41.2585482150111],[-101.773000851568,41.258301367786],[-101.772059485423,41.2580244867409],[-101.771255061154,41.2574833312283],[-101.769574832483,41.2566540504714],[-101.768741625294,41.2561679402084],[-101.768150240088,41.2559337497625],[-101.76700559238,41.2557674662766],[-101.76655427968,41.2558295168783],[-101.766243053858,41.2561933101537],[-101.766193036561,41.2563693367967],[-101.766303070302,41.256506330045],[-101.767075834347,41.2566079990066],[-101.767274145531,41.2568985463877],[-101.767424986142,41.2578212219506],[-101.767498356043,41.2579143813438],[-101.767706342981,41.2579204631617],[-101.767972858752,41.2580885462584],[-101.768134816015,41.2583902126624],[-101.768063131354,41.2585992893423],[-101.767925115092,41.258671219588],[-101.766898722506,41.2588177398408],[-101.76676006305,41.2587742688664],[-101.767231415368,41.2583824311518],[-101.766668976575,41.2581151559936],[-101.766209659886,41.2580508392106],[-101.765597546055,41.2580200317455],[-101.764876526766,41.25805555082],[-101.764650940036,41.2581003080544],[-101.764770477054,41.2586384236575],[-101.764939642398,41.2589290768071],[-101.764890744402,41.2593084244013],[-101.76498916113,41.2599785013323],[-101.765238436435,41.2602633768741],[-101.765035974136,41.2605388553247],[-101.765008050904,41.2607587646892],[-101.764957358074,41.260813895709],[-101.764753557286,41.2608475852892],[-101.764596308093,41.2610207483769],[-101.764514057448,41.2610132859097],[-101.764440932787,41.2609640866814],[-101.764489225318,41.2604748373768],[-101.764258833499,41.2596513561716],[-101.764278958456,41.2593380555742],[-101.764415156528,41.2589364213355],[-101.764395910123,41.2580902169643],[-101.764220345181,41.257958949589],[-101.763803958978,41.2577515949233],[-101.763634984077,41.2574939133638],[-101.763493939594,41.2570163210429],[-101.763506449533,41.2566425997378],[-101.763358727873,41.2562749380058],[-101.763298513799,41.2559234537134],[-101.763062684477,41.255429710802],[-101.762989598444,41.2553860059333],[-101.762179965743,41.2551965185565],[-101.76185845511,41.2550163050383],[-101.761807102917,41.2549505420065],[-101.761304117324,41.2548863639285],[-101.761165443496,41.2548373924015],[-101.760829612818,41.2547011891781],[-101.760062538702,41.2542972268777],[-101.759001567266,41.2534271960336],[-101.758349817968,41.2527920274619],[-101.758064697188,41.2526006888214],[-101.757720411568,41.2522447016793],[-101.756705359314,41.2517701520203],[-101.756529983018,41.2516663528349],[-101.756164010269,41.2513379138956],[-101.755842604739,41.2511686794696],[-101.75501104506,41.2509462591739],[-101.754187279165,41.2508172237583],[-101.750810876728,41.2500595265945],[-101.749680610149,41.2499897325773],[-101.749008533772,41.2502845623032],[-101.747311211959,41.2517124888282],[-101.746972222805,41.2526360676662],[-101.747530585043,41.2553757678765],[-101.748238059533,41.257274151705],[-101.747748519924,41.2575100134684],[-101.747449294696,41.2575646231893],[-101.746750282336,41.2572722209823],[-101.745984760509,41.257210722808],[-101.74570947179,41.2567318783998],[-101.745527871067,41.2565446471246],[-101.744887894191,41.2560818253548],[-101.744142384133,41.2546234013768],[-101.743904008087,41.254034609083],[-101.743868205732,41.2538640680885],[-101.743884723055,41.253363603342],[-101.743929028863,41.2532206650985],[-101.744598521685,41.2535845228794],[-101.74475827538,41.2537607247148],[-101.745311060877,41.2541354316305],[-101.745478028043,41.2543336434833],[-101.74582147374,41.2541525894798],[-101.74477616443,41.2529027655254],[-101.744813473261,41.2526828168782],[-101.744575838325,41.2519015223324],[-101.743536421066,41.251031203613],[-101.743274590907,41.2508548708207],[-101.742363444088,41.2507657009673],[-101.741628853951,41.2502807639308],[-101.741549387184,41.2499574705735],[-101.741082380915,41.2496014845621],[-101.739355360799,41.2485585264591],[-101.738839355025,41.2483315362577],[-101.737900346058,41.2481485467845],[-101.736506334112,41.2481265541347],[-101.735840330347,41.2481725561954],[-101.735204324922,41.2481275611689],[-101.734628318874,41.2479445697735],[-101.734295315195,41.2477155788927],[-101.733688304693,41.2469846045677],[-101.732838293618,41.2462536315209],[-101.731959284028,41.2457736510927],[-101.731141275435,41.2455226624546],[-101.73065627142,41.245476667309],[-101.730263270161,41.2456826621153],[-101.730112272345,41.2463686419346],[-101.730264280766,41.2473296110791],[-101.730476284071,41.2476036014324],[-101.731476295832,41.2481975780338],[-101.731780300097,41.248563564298],[-101.731810302929,41.2488145561142],[-101.732023306958,41.2492945405451],[-101.732491925702,41.249958381674],[-101.73249319053,41.2502246048615],[-101.732411740283,41.2505379620045],[-101.732235421654,41.2508731851072],[-101.732315113,41.2509997809439],[-101.732685861192,41.2512697644341],[-101.732786788711,41.2515558726941],[-101.733340538998,41.2516446261152],[-101.73344221661,41.251743755819],[-101.733404030126,41.2521781591856],[-101.733323456635,41.2522715380165],[-101.733845051727,41.2531136697271],[-101.734025270841,41.253630862825],[-101.733362573774,41.2534319667324],[-101.73323135686,41.2534262843061],[-101.732888329779,41.2535137972643],[-101.732510387878,41.2532163050006],[-101.732299899132,41.2529795389614],[-101.731820952457,41.2524179382277],[-101.731894103169,41.2523575464581],[-101.731770733938,41.2522143912468],[-101.728522743874,41.2513244475849],[-101.727911257965,41.2511036122558],[-101.72558210969,41.2502039285646],[-101.725714269834,41.2500001531579],[-101.725055254962,41.2496295653837],[-101.723358241271,41.2495835751552],[-101.722995238353,41.2496415758967],[-101.722883575966,41.2499663127739],[-101.722658626141,41.2502821957497],[-101.722997342207,41.2512285192048],[-101.723294542632,41.2516358793694],[-101.72350535567,41.2517791614673],[-101.723651781959,41.2516254029938],[-101.723550450199,41.2514492865743],[-101.723027630703,41.2509536133799],[-101.723660652823,41.251240484849],[-101.723842330801,41.2513782243369],[-101.724265382502,41.2513183502947],[-101.724323475654,41.251373424447],[-101.723958018538,41.2516093520916],[-101.723964790039,41.2517358404685],[-101.724059623387,41.2517194809488],[-101.724122863884,41.2522969695827],[-101.72388144255,41.2525055795049],[-101.724141982729,41.2529678768717],[-101.724403517342,41.2531882189671],[-101.724715477087,41.2535571089799],[-101.724627547292,41.2536669590102],[-101.724321773346,41.2535675296668],[-101.723856368774,41.25328639813],[-101.722393161398,41.2527893361509],[-101.722095217168,41.2525634398783],[-101.721507648005,41.2518642095058],[-101.721529788782,41.251798254197],[-101.721712661519,41.2516445545257],[-101.721757601538,41.2513531780523],[-101.721577410272,41.250858007287],[-101.721449222477,41.2490246022489],[-101.721964223935,41.2486126127964],[-101.723539231139,41.2477436314822],[-101.724054233495,41.247560634959],[-101.724538236787,41.2474916345868],[-101.726690259746,41.2483365977534],[-101.727235263137,41.2483595933105],[-101.727508262949,41.2479246059887],[-101.727568261427,41.2475136186699],[-101.727174254055,41.2469186396048],[-101.726234243467,41.2465076560897],[-101.72471922935,41.2461426755056],[-101.72411322586,41.2461196798436],[-101.723659222705,41.2462346783354],[-101.722569219516,41.2470346579252],[-101.722175216635,41.2471726555095],[-101.721872213992,41.2471956568796],[-101.720963204264,41.2466236791924],[-101.719721191756,41.2461217014035],[-101.718630181555,41.2458927129149],[-101.717236171405,41.2458937199834],[-101.716419166231,41.2461227172492],[-101.716116165384,41.2463287127205],[-101.715752163539,41.2466947033742],[-101.715722165199,41.2468996967435],[-101.715631164962,41.2469686950391],[-101.715601169316,41.2476546741901],[-101.715965173856,41.2481346576861],[-101.716147177024,41.2485006456536],[-101.716208179818,41.2488896330202],[-101.716390182987,41.2491636242613],[-101.717329191953,41.2493686132615],[-101.717511193325,41.2495046081],[-101.716905190732,41.2496876052571],[-101.71688671059,41.2499658393258],[-101.716616139823,41.2502292494968],[-101.71681870453,41.2505924721945],[-101.716738274769,41.2506528372296],[-101.716772277799,41.2512357545128],[-101.71617392526,41.2513943090645],[-101.716101383606,41.2513117181063],[-101.716023677537,41.2507232390574],[-101.715535820473,41.2506070260225],[-101.715039869587,41.25068325172],[-101.714725395458,41.2509357097467],[-101.714760239311,41.2513151686003],[-101.715294418901,41.252547680288],[-101.71555487374,41.253009964525],[-101.714848691925,41.2528109267425],[-101.714732721219,41.2526567870918],[-101.714365124316,41.2516774714825],[-101.714053478981,41.2512590975436],[-101.713778885559,41.2506978176848],[-101.713663618233,41.2503787212092],[-101.713709845537,41.2499686124752],[-101.713694163648,41.2494156295667],[-101.71363316265,41.249278634956],[-101.713390159382,41.2490046441973],[-101.711542138892,41.248021683364],[-101.710027120283,41.2467417297086],[-101.709511115408,41.2464897404314],[-101.708996110357,41.2464677431707],[-101.708663108475,41.2465587425371],[-101.707512102491,41.247130730924],[-101.707179102405,41.2474277233998],[-101.707179104202,41.2479767071451],[-101.707695110874,41.2484796885181],[-101.707967115352,41.2488226771407],[-101.708422120128,41.2492116625901],[-101.708664122673,41.2492566602469],[-101.708816123008,41.249142663286],[-101.708816120314,41.2485706803546],[-101.708694118318,41.2483656874999],[-101.708361113741,41.2480226991801],[-101.708270112606,41.2478167063476],[-101.708330111084,41.247519714289],[-101.708633112829,41.247404716708],[-101.709148116981,41.2473817154115],[-101.709573120722,41.2477017032106],[-101.709845126098,41.2481596876439],[-101.709906129791,41.2486626716608],[-101.709694131876,41.2492566548438],[-101.709707134989,41.2499586335944],[-101.709662411465,41.2503725110413],[-101.709801662012,41.2518957918217],[-101.709501932829,41.2538142394516],[-101.707403457546,41.2536954041247],[-101.706239950606,41.2532655188448],[-101.7056047887,41.2527301320094],[-101.704945370484,41.2519885098703],[-101.704383015235,41.2513277711077],[-101.703016293209,41.2494745962715],[-101.702258431316,41.2486064612207],[-101.701368186496,41.2480079320222],[-101.700734114246,41.2475107387007],[-101.699582543222,41.2470976907763],[-101.698231489611,41.2468118527489],[-101.697355971773,41.2467770367542],[-101.696610641378,41.2468741077294],[-101.695529656376,41.2472246681103],[-101.694807175529,41.2472258014615],[-101.694221839578,41.247138875124],[-101.69331651474,41.2469324134646],[-101.692524239286,41.2466860390428],[-101.692241768537,41.2465468334466],[-101.692039783244,41.246578493305],[-101.692032562585,41.2467888904182],[-101.692465318787,41.247346457998],[-101.692864310012,41.2475795283235],[-101.69400100224,41.2480937697952],[-101.694879012005,41.248664748525],[-101.695334015883,41.2488247404918],[-101.696031021407,41.2489617326773],[-101.696485026359,41.2491677252768],[-101.696607028354,41.249350719325],[-101.697122033405,41.2495987086955],[-101.697543038744,41.2499586964056],[-101.697740774108,41.2502927115132],[-101.697641081772,41.2509340665483],[-101.697342435958,41.2511487835324],[-101.697120810797,41.2514005941019],[-101.696951611317,41.2517185367796],[-101.696087949443,41.2526298428549],[-101.695384538033,41.2528792218247],[-101.694550925704,41.2529967031926],[-101.692431458589,41.2530160353185],[-101.691667161165,41.2528497774979],[-101.691006116999,41.2524088187843],[-101.69036728817,41.251890933888],[-101.689973906923,41.2518792499922],[-101.689697398293,41.2518018005679],[-101.688148580572,41.251133882681],[-101.687922607565,41.251160972741],[-101.68765953324,41.2513364253683],[-101.687318070125,41.2511269195389],[-101.687355396024,41.2509290788703],[-101.686819208699,41.2502849317395],[-101.686623058861,41.2501636423881],[-101.686222099428,41.2502234040236],[-101.685937076564,41.2504208051275],[-101.685732842788,41.2504754160475],[-101.685492710536,41.2504145179697],[-101.685318573017,41.250260282163],[-101.685253621228,41.2500064815543],[-101.684994399777,41.2497374606803],[-101.684543969222,41.2488662513203],[-101.684403634408,41.2483156837913],[-101.684324175726,41.2474960808444],[-101.684205214528,41.2469951161339],[-101.683822528624,41.2466520780676],[-101.682207965902,41.2464174509535],[-101.680125637836,41.2456138880568],[-101.678595331699,41.2442252710921],[-101.678444241356,41.2440374953572],[-101.678524055771,41.2403437354157],[-101.677897574285,41.2396255123828],[-101.677249199059,41.2391679051837],[-101.676885697576,41.238832268738],[-101.676827883801,41.2385848869926],[-101.676660922024,41.2382934232325],[-101.675778486259,41.2375426035252],[-101.675550756148,41.2375183497241],[-101.676615448406,41.2399810826019],[-101.677111419952,41.2422234983584],[-101.677666493458,41.2435685808525],[-101.678007599941,41.2441614472204],[-101.678479134616,41.244694779328],[-101.679784177417,41.2458402332056],[-101.681561319035,41.2475332523025],[-101.682157970165,41.2482893929086],[-101.68309077357,41.2496130560746],[-101.68399667333,41.2506946555462],[-101.684918452609,41.251293375577],[-101.684973224689,41.251403506993],[-101.686829998363,41.2527538479808],[-101.688492546392,41.2538631860824],[-101.689386924361,41.2543073631265],[-101.690844346586,41.2551409100598],[-101.691086863865,41.2555209583643],[-101.719075776479,41.2553282318014],[-101.719074627533,41.2551909997148],[-101.722829905221,41.2551730216053],[-101.724660062712,41.2552180678324],[-101.728703923287,41.2557068358355],[-101.729815202176,41.2559174466709],[-101.729815870522,41.2557760780787],[-101.738570530583,41.2573629635378],[-101.749070495069,41.2593514459507],[-101.74907009981,41.2594929479405],[-101.777912876373,41.2649013589035],[-101.777917745242,41.2650437043894],[-101.785558389247,41.2664819477063],[-101.787545907322,41.2669639974421],[-101.787547062555,41.2671106739697],[-101.797206893842,41.2700294622737],[-101.797203190986,41.2697324638496],[-101.798068953121,41.2699954222844]],[[-101.795998377714,41.2648020688793],[-101.796835249131,41.2651067813105],[-101.797847031517,41.2656376365328],[-101.797722549273,41.2659435678962],[-101.795869222434,41.2688501961353],[-101.795397636554,41.2689807427948],[-101.795180285578,41.2686370734112],[-101.794803053346,41.2684190629031],[-101.792384132831,41.2673933104651],[-101.792307151702,41.2672937500947],[-101.792156266176,41.2672065425641],[-101.791978154509,41.2672093284858],[-101.789777726729,41.2663697080178],[-101.790561361288,41.2635379868869],[-101.791705972165,41.2637876111914],[-101.793571046273,41.2641167005904],[-101.794887912699,41.264487937463],[-101.795502594814,41.2647022256849],[-101.795998377714,41.2648020688793]],[[-101.697407718326,41.2485076935012],[-101.697733859775,41.2480757356998],[-101.69792208198,41.2479002783682],[-101.698441640591,41.2477109651477],[-101.700150252431,41.2510038737397],[-101.697536446008,41.2522673196822],[-101.698164491461,41.2511955344841],[-101.698319409525,41.2506661490162],[-101.69831963051,41.250211759002],[-101.698179805042,41.2499321123895],[-101.697531010302,41.2490783937265],[-101.69741622627,41.2488347256244],[-101.697407718326,41.2485076935012]]]]},"properties":{"NAME":"Lake McConaughy SRA","AreaType":"SRA"}},
{"type":"Feature","geometry":{"type":"MultiPolygon","coordinates":[[[[-101.66366010977,41.2344786078975],[-101.664077557781,41.2347168521965],[-101.66448610169,41.2348849308153],[-101.664921659737,41.2350084494499],[-101.665433381446,41.2350911893687],[-101.669902342779,41.2350970787548],[-101.670522722009,41.2351639034568],[-101.671118305941,41.235311031727],[-101.671671000708,41.2355339923082],[-101.672164015,41.235826012855],[-101.672418124139,41.2360249085003],[-101.672855221,41.2360258339813],[-101.672854249023,41.2368126556895],[-101.673269020953,41.2374674007702],[-101.675805288394,41.2421349759843],[-101.675760320527,41.2403280782542],[-101.674118623294,41.2369822805974],[-101.672371090148,41.2339938870887],[-101.67071157034,41.2314411763961],[-101.668531869388,41.2135519623434],[-101.665579853549,41.2136721093445],[-101.665745454379,41.213841513849],[-101.666047293704,41.2139824899908],[-101.666143503271,41.2141273169846],[-101.666105169463,41.2143522939608],[-101.666346019469,41.2150723049598],[-101.6663643451,41.2152244147864],[-101.666312886008,41.2153978839424],[-101.666472073764,41.2160676739539],[-101.66656177324,41.2170579023926],[-101.666649679679,41.2172977623176],[-101.666694717614,41.2176246796437],[-101.666678951283,41.2178406068164],[-101.666570084453,41.2180065266502],[-101.666324405105,41.2181836352783],[-101.666028774934,41.2182322997941],[-101.665952481017,41.218345857398],[-101.666002147971,41.2184656813866],[-101.666472090832,41.2188182678877],[-101.666831931681,41.2189840311795],[-101.66690728057,41.2191896263506],[-101.666889247789,41.2193365932636],[-101.667008699467,41.220188259148],[-101.666918057658,41.2205608443241],[-101.666511470279,41.221060102835],[-101.666372288902,41.2213473447216],[-101.666427622429,41.2216395664766],[-101.666358691104,41.2219772439085],[-101.666396366447,41.2220800422755],[-101.666561706765,41.2222408243248],[-101.666900416543,41.222458734901],[-101.667056731487,41.222705226328],[-101.666701594218,41.2230310146113],[-101.666628130892,41.2232307734967],[-101.666702918334,41.223419127242],[-101.666785733122,41.2235038290893],[-101.667171283754,41.2237553624093],[-101.66721925379,41.2238234669178],[-101.667248342137,41.2240126763657],[-101.667206887582,41.2241428322458],[-101.667373369658,41.2243380939577],[-101.667402456209,41.2245273052948],[-101.667321819836,41.2248565755794],[-101.66749490992,41.2249050837848],[-101.667073847987,41.2249647259574],[-101.666612182202,41.2251803829621],[-101.666445606701,41.2253301322283],[-101.666418977043,41.225563514167],[-101.666300088608,41.225772747243],[-101.666227092406,41.2263347573712],[-101.666054187376,41.2266398796281],[-101.665818199052,41.2267650529179],[-101.665316857377,41.2268175661864],[-101.665136017527,41.2268813286219],[-101.66523450612,41.2270951166049],[-101.665386650186,41.227212293681],[-101.666983613115,41.2277947755225],[-101.667202133697,41.2278338073537],[-101.667653241582,41.2276442231831],[-101.667509233557,41.2277849263525],[-101.66736267252,41.2278480500612],[-101.667677991066,41.2280491474906],[-101.66774938647,41.2281340608886],[-101.667799454072,41.2289611478172],[-101.667987864025,41.229475132462],[-101.667988061655,41.2298287642095],[-101.667909406067,41.2302183754959],[-101.668198482128,41.2303164594588],[-101.668473010872,41.2303199374096],[-101.668474145445,41.2303544182953],[-101.668141915215,41.2303347713945],[-101.667842547155,41.2302713798494],[-101.66772997747,41.2303252408112],[-101.667709391677,41.230394629533],[-101.667693296562,41.2305565943649],[-101.667818907988,41.2308992500883],[-101.667939982024,41.231103986965],[-101.668117625668,41.2312904128888],[-101.668255799135,41.2316673341788],[-101.668172323187,41.2319104055818],[-101.667943975934,41.2322683214734],[-101.668063352153,41.2324213384567],[-101.668101888981,41.2325499953995],[-101.66808668769,41.2327831617338],[-101.668217211104,41.2329273451672],[-101.668035136969,41.233301643271],[-101.667912554662,41.2333988187078],[-101.667570580406,41.2334311037494],[-101.667469150729,41.2334761311887],[-101.667325695168,41.2336340735433],[-101.66731937013,41.2337894463739],[-101.66739020229,41.233857120911],[-101.6675144896,41.2338116667825],[-101.667533941719,41.2337077985352],[-101.667844185682,41.2337537357593],[-101.668025239331,41.2340436004593],[-101.667916916881,41.2342267618387],[-101.667804059735,41.2342720028799],[-101.667666926517,41.2342745720031],[-101.667571538908,41.23415560656],[-101.667468406924,41.2341489152076],[-101.667012437357,41.2341919587301],[-101.666491865447,41.2343569649422],[-101.66591019013,41.2344023605942],[-101.665702226549,41.234337251689],[-101.665476038845,41.2340654782757],[-101.665406341257,41.2340322829003],[-101.664106354175,41.2339570970488],[-101.663714986054,41.233878166505],[-101.663517607321,41.2337869805918],[-101.663433650775,41.2336677980828],[-101.663305343504,41.2322057276282],[-101.663444672205,41.231573478669],[-101.663614489726,41.2311735403783],[-101.663620191333,41.2303022828215],[-101.663445675623,41.2302106696743],[-101.663218095531,41.2298957929223],[-101.663017898783,41.229718406588],[-101.662422289699,41.2296864169765],[-101.661893544017,41.2296014245225],[-101.661490494204,41.2295140795156],[-101.661224003585,41.2294069311484],[-101.661141473563,41.2293308475059],[-101.661066978972,41.2288842799514],[-101.661249927167,41.2285358513811],[-101.66136051966,41.2284216561269],[-101.661688216991,41.2283034042904],[-101.662137813011,41.2284157539784],[-101.662331497871,41.2283948822852],[-101.662398080102,41.2283332596412],[-101.662385920506,41.2279626023673],[-101.662499733459,41.2275982127527],[-101.662609758217,41.2274667766903],[-101.663025748262,41.2272519920254],[-101.663437206307,41.2268992854638],[-101.663803915674,41.2262282801043],[-101.663844634509,41.2257272537116],[-101.663786196405,41.2253402101357],[-101.663646930586,41.2249288030984],[-101.663562984819,41.224809619305],[-101.662722850721,41.2246282037756],[-101.662375262894,41.2244880741992],[-101.661799443695,41.2243608351297],[-101.661451577389,41.2242120829384],[-101.661309946307,41.2240767253124],[-101.661068956164,41.2230030716832],[-101.661096450001,41.2227955513531],[-101.660891882051,41.2221352295826],[-101.661007391024,41.2218225612542],[-101.66093092463,41.2215824821094],[-101.66102442937,41.2212961020794],[-101.661047967925,41.2209679024024],[-101.661195813553,41.2206218222494],[-101.661348984394,41.22041195308],[-101.661605829802,41.2202260231824],[-101.661725006595,41.2200254131978],[-101.661628515856,41.2198719624591],[-101.661759235103,41.2193261265757],[-101.662100408959,41.2189229861834],[-101.662223537442,41.2188430563569],[-101.662298422801,41.2186864013169],[-101.662411258387,41.2186411650324],[-101.662449889537,41.2184248114231],[-101.662674144965,41.2182912385498],[-101.662750159506,41.2181690627424],[-101.662667642061,41.2180929781869],[-101.662438861819,41.2180886319626],[-101.662115574318,41.2179911736184],[-101.661637547518,41.2177068516562],[-101.661470252466,41.2174857202824],[-101.661497743608,41.2172782013653],[-101.661448653373,41.2171756150623],[-101.66131845964,41.2170400442078],[-101.661148510965,41.2167256682692],[-101.660852161244,41.2164034455207],[-101.660724918478,41.2160090609287],[-101.660524204301,41.2158144298186],[-101.660060730208,41.2156247080886],[-101.659808829127,41.2156121615406],[-101.659283608435,41.2163292428666],[-101.658971626232,41.21657657571],[-101.658895040363,41.2166815090993],[-101.658850056326,41.2170532351279],[-101.658687153138,41.2173150345768],[-101.658598860423,41.217411560751],[-101.658499627127,41.2174470775739],[-101.659969004132,41.2177619439982],[-101.659248025269,41.2196802726896],[-101.657572121088,41.2211832252848],[-101.660586994742,41.2217476931207],[-101.660836811731,41.2235830849897],[-101.66089516719,41.2295078781745],[-101.662238832158,41.2297603916626],[-101.662227011227,41.2297962409295],[-101.662568287492,41.2299316684632],[-101.662851228959,41.2301359908526],[-101.663048609488,41.2303912758951],[-101.663136558147,41.2306522815056],[-101.663224856252,41.2341251418168],[-101.66366010977,41.2344786078975]]],[[[-101.663115613927,41.2352919544459],[-101.663111461913,41.2360270566972],[-101.672088949978,41.2360235513532],[-101.671690121348,41.2357642114427],[-101.671242462096,41.2355551589592],[-101.670756993652,41.2354015406497],[-101.670187801325,41.2353004223544],[-101.66578944937,41.2352936872091],[-101.664987619435,41.2352102058014],[-101.664456722289,41.2350733590767],[-101.663960724691,41.2348755029027],[-101.663511837442,41.2346215081034],[-101.663121117006,41.234317630305],[-101.663115613927,41.2352919544459]]],[[[-101.657252800547,41.2165162123109],[-101.657359294926,41.2165440992216],[-101.657615760346,41.2167185555027],[-101.657746680816,41.2166862392337],[-101.658226227566,41.2164183860504],[-101.658657250917,41.2162808891256],[-101.658710008974,41.2162799039001],[-101.658779215183,41.2163781905444],[-101.658886362637,41.216425979298],[-101.658989924016,41.216364298749],[-101.659239374492,41.2159214943674],[-101.659598248753,41.2155961416625],[-101.659766778989,41.2155033746855],[-101.659214930435,41.215175111477],[-101.658857836635,41.215151905574],[-101.658147240499,41.2152149597118],[-101.65769147485,41.2154027067469],[-101.656812015204,41.215548565838],[-101.656697217697,41.2156701998633],[-101.65671333527,41.21575952099],[-101.65694374236,41.2159444222677],[-101.656933810586,41.2160441859082],[-101.656778791013,41.2161466570828],[-101.656489921564,41.2161918754962],[-101.656334250711,41.2162744405609],[-101.656297938113,41.2163746969858],[-101.656433089647,41.2164717550002],[-101.656686948157,41.2165665991637],[-101.657252800547,41.2165162123109]]],[[[-101.656777806459,41.2169233867859],[-101.656925171488,41.2169903429103],[-101.656807441881,41.2170224123876],[-101.656766684418,41.2170757058385],[-101.658377517334,41.2174113478973],[-101.658533839465,41.2173486830681],[-101.658687555583,41.2172064039441],[-101.658679735748,41.2169675606586],[-101.658815045386,41.216666299012],[-101.658787036814,41.216617033279],[-101.658695361943,41.2166386601477],[-101.65861329096,41.2165505707347],[-101.658480416655,41.2165231784649],[-101.658129183464,41.216679100785],[-101.658340542677,41.2166851141375],[-101.658394603291,41.2167239370411],[-101.65838271858,41.2167639904309],[-101.657973186523,41.2167517184489],[-101.657764757614,41.2168352700513],[-101.657475234191,41.2168605876943],[-101.656679618802,41.2167459760715],[-101.656326425487,41.2168421834643],[-101.65621032183,41.2169240118371],[-101.656383090317,41.2169606222569],[-101.656777806459,41.2169233867859]]]]},"properties":{"NAME":"Lake Ogallala SRA","AreaType":"SRA"}},
{"type":"Feature","geometry":{"type":"MultiPolygon","coordinates":[[[[-99.7057067635335,42.548073755228],[-99.7061334767682,42.5482010102612],[-99.7073927450149,42.5484196059634],[-99.7085366794606,42.5484125386607],[-99.7099692740482,42.5482845322587],[-99.7129779583102,42.547896521486],[-99.7146220208072,42.5479458493865],[-99.7158725987519,42.5481410574068],[-99.7157812751218,42.5428049234832],[-99.705681834386,42.5427695910639],[-99.7056751113944,42.5437989751419],[-99.7062001353555,42.5438035445084],[-99.70620613161,42.5439404036309],[-99.7061969993369,42.544526021741],[-99.7057105095082,42.5445337837492],[-99.7057067635335,42.548073755228]]],[[[-99.7057013134546,42.5493365305771],[-99.7056855803608,42.5498980318274],[-99.7158940442327,42.5499735420567],[-99.7158793675575,42.5486408851287],[-99.7147731416925,42.548481031703],[-99.7139829871618,42.548426388032],[-99.7118429701864,42.5486898934575],[-99.7094114346298,42.548824111914],[-99.7069934465661,42.5487318311723],[-99.7057051348879,42.5484509756714],[-99.7057013134546,42.5493365305771]]]]},"properties":{"NAME":"Long Pine SRA","AreaType":"SRA"}},
{"type":"Feature","geometry":{"type":"Polygon","coordinates":[[[-96.1628279137514,41.005113880376],[-96.1601841583955,41.0058726583026],[-96.159135670847,41.0106614141007],[-96.1592549545403,41.0104240062937],[-96.1596960174634,41.0099459262279],[-96.1601165008816,41.0097353756504],[-96.1606178066242,41.0096479110908],[-96.160705596282,41.0095692105803],[-96.1606817936219,41.0094701759207],[-96.1607244941406,41.0093914480831],[-96.1613940570309,41.0091450125322],[-96.1616282415372,41.0088283826806],[-96.1628044623326,41.0082845182199],[-96.1634077798605,41.0079472399145],[-96.1638078319959,41.0078431301928],[-96.1640576373068,41.0078241608929],[-96.1654408685711,41.0073759847686],[-96.165879899505,41.0073518918304],[-96.1664163931556,41.007268311142],[-96.1691072525717,41.0066166967468],[-96.1692632665804,41.0065080321452],[-96.169923276786,41.0063377474612],[-96.1704691326785,41.0061381768904],[-96.1718199778802,41.005467052571],[-96.1722864092269,41.0053301917062],[-96.1731719325013,41.005202984048],[-96.173514268778,41.0052346385394],[-96.1740485382,41.0051913259663],[-96.1744485642842,41.0051057074378],[-96.1745725740142,41.0050330356272],[-96.1751128405891,41.0049264041974],[-96.1754511021076,41.004948243273],[-96.1762731225763,41.0049191016807],[-96.1769157171435,41.0047829487801],[-96.1770770940944,41.0046918609496],[-96.177694280712,41.0044846031937],[-96.1786170849691,41.0040623275491],[-96.1788137216932,41.0040250768957],[-96.1802690086231,41.0033341550798],[-96.1804336635265,41.0032978138012],[-96.1813900836399,41.0027454118316],[-96.1817797305893,41.0026187456038],[-96.1828699906968,41.0019482694911],[-96.1826792981249,40.9991260582941],[-96.1788649139863,40.9998468643477],[-96.17616360896,41.0002468511231],[-96.1693212285775,41.0015096254037],[-96.1685278446034,41.0017076059628],[-96.1685276820083,41.0018747338829],[-96.1675540025634,41.0021422237725],[-96.167780363642,41.0026057013548],[-96.1684104545587,41.0028260187188],[-96.1682623079953,41.003005613763],[-96.1677495092069,41.0028951588757],[-96.1673813113315,41.0029178406224],[-96.1672028250677,41.0029744402138],[-96.1658783166735,41.0038062793873],[-96.1653364034868,41.0040780310104],[-96.1648515845245,41.0039993252032],[-96.1634579211248,41.004428293016],[-96.1636719842671,41.004871599373],[-96.1628279137514,41.005113880376]]]},"properties":{"NAME":"Louisville SRA","AreaType":"SRA"}},
{"type":"Feature","geometry":{"type":"MultiPolygon","coordinates":[[[[-100.767281447876,41.0452502822864],[-100.766063338639,41.0460292505994],[-100.765112607556,41.0467305908147],[-100.764984768308,41.0468805210614],[-100.766591338718,41.0468738004127],[-100.76770957955,41.0477516712016],[-100.768132676168,41.0481610576775],[-100.770157667464,41.0503034919409],[-100.770299226682,41.0504990076307],[-100.770439257865,41.0508781765867],[-100.770410932187,41.052463476328],[-100.770606838581,41.0528715768676],[-100.770767943342,41.0530091173071],[-100.771003311828,41.0531276409168],[-100.771469176338,41.0531830383003],[-100.771265832792,41.0524980000426],[-100.771702994332,41.0522172046513],[-100.771684986703,41.0521620706524],[-100.771481010743,41.052040087015],[-100.771311080034,41.0518669339194],[-100.771173470709,41.051589389561],[-100.771217706449,41.0513202212429],[-100.771411791958,41.0509269789244],[-100.770466869382,41.0490021298116],[-100.770069436734,41.0486467955151],[-100.769726945048,41.047930954072],[-100.769570743292,41.0470360571394],[-100.769526526417,41.0464433055299],[-100.769550374891,41.0460997498549],[-100.7699079439,41.0452174004207],[-100.770049108757,41.0451518940911],[-100.770639584868,41.0451606955255],[-100.770768364652,41.0452087643043],[-100.771043703677,41.0456156435995],[-100.771091330556,41.0455376459495],[-100.770702890044,41.045044155522],[-100.770032184497,41.0449488103692],[-100.76999520445,41.0449024805561],[-100.769814313396,41.0448480612936],[-100.769413309047,41.0448613695354],[-100.768906617006,41.0449835460207],[-100.768564004946,41.0448851343914],[-100.767916745428,41.0449462155266],[-100.767723202501,41.0450033765668],[-100.767281447876,41.0452502822864]]],[[[-100.800817852627,41.0495966488889],[-100.801122403967,41.0497974433739],[-100.802024167883,41.0498660722065],[-100.802310112418,41.0499616967971],[-100.802447449553,41.0500448358071],[-100.802512129152,41.0501669891193],[-100.802546292981,41.0504484734186],[-100.802813407929,41.0506845263538],[-100.802999657433,41.0505185966983],[-100.803085618121,41.0502770205977],[-100.80308249917,41.0499553307711],[-100.802883350757,41.0495792396032],[-100.80266918341,41.0493740572279],[-100.801629928746,41.0489250040067],[-100.80144026205,41.0487522044794],[-100.801209565702,41.048141756511],[-100.801092773037,41.0480317702398],[-100.800745170836,41.0481920648644],[-100.80050649116,41.0483611946558],[-100.79999046203,41.0490638337778],[-100.799448450927,41.0491917730728],[-100.799145644116,41.0491839782072],[-100.798605294896,41.0490678524837],[-100.79840359347,41.0489672411424],[-100.797705857616,41.0482819130666],[-100.797702258067,41.0481496985115],[-100.797903804982,41.0479736071371],[-100.79842417028,41.0476344820214],[-100.798960575896,41.0473650339839],[-100.799108493389,41.0472312255059],[-100.797503694456,41.0473630347413],[-100.797081429679,41.0471740664009],[-100.79668621587,41.0472762373346],[-100.79644355486,41.0472567888952],[-100.795850037054,41.0470952366171],[-100.795625751982,41.046950970626],[-100.79521266619,41.046809646638],[-100.794490223072,41.0468685661651],[-100.793513972649,41.0468551689012],[-100.793517208381,41.0469742814908],[-100.794374893763,41.0474900078717],[-100.795233260068,41.0479807172205],[-100.796655062296,41.0486361599673],[-100.796943770048,41.0488343206913],[-100.798246728757,41.0491679040882],[-100.798656948923,41.0493187955163],[-100.799353442407,41.0494306480665],[-100.800288614669,41.049670459792],[-100.800817852627,41.0495966488889]]],[[[-100.776409253732,41.0273114195328],[-100.777378525144,41.0273923548619],[-100.777526156973,41.027171294219],[-100.77718710314,41.0268512087167],[-100.776710829851,41.026518938749],[-100.77623366184,41.0262761726152],[-100.7759330568,41.0262152659424],[-100.77559842178,41.0262055274296],[-100.774404161017,41.026265632396],[-100.7735284186,41.0261748473777],[-100.773339550506,41.0267902205751],[-100.775634545733,41.0273202484273],[-100.775965026044,41.0272743229826],[-100.776409253732,41.0273114195328]]]]},"properties":{"NAME":"Maloney Reservoir SRA","AreaType":"SRA"}},
{"type":"Feature","geometry":{"type":"MultiPolygon","coordinates":[[[[-100.232599723446,40.3889524613975],[-100.232665749619,40.3891543636773],[-100.232676613844,40.3897501465884],[-100.232788741558,40.3899158035186],[-100.232792870215,40.3901422014397],[-100.232969723342,40.3904382644268],[-100.23349116033,40.3908259973194],[-100.233891688572,40.3907374706755],[-100.234807017948,40.3906737672443],[-100.233536873798,40.3900628353685],[-100.233614623884,40.3886718264384],[-100.235897971555,40.388773315526],[-100.23583333777,40.3866195887445],[-100.23863041668,40.3859557143519],[-100.239739412051,40.3859599464021],[-100.239692988016,40.3841125850287],[-100.237176399968,40.3840989996713],[-100.237101084316,40.3785790020522],[-100.232282260621,40.3785262191287],[-100.232261989238,40.3763686492388],[-100.225619072578,40.3770272009205],[-100.224591508589,40.3777384093057],[-100.224917268254,40.3781463809558],[-100.2252981189,40.3785237220463],[-100.225663053196,40.3787105424302],[-100.225913385818,40.3787650948536],[-100.226198348494,40.3786667296538],[-100.226785233141,40.3787177106586],[-100.226944508932,40.3785634700592],[-100.227503348175,40.378443126247],[-100.228255388087,40.377977488331],[-100.228272915116,40.3781119026751],[-100.228014362011,40.3782285647387],[-100.227648554553,40.3786805665671],[-100.227475470757,40.3789678139488],[-100.227605828881,40.3792810660196],[-100.227783280286,40.3794412666884],[-100.227946536512,40.3795062747732],[-100.228083824241,40.3795143509959],[-100.228398423236,40.3793449985216],[-100.228607657036,40.3793187195922],[-100.228871099671,40.3793973229996],[-100.229291539071,40.3794252421907],[-100.229686226468,40.3796695611358],[-100.23009375618,40.3794554702329],[-100.230466836399,40.3794038280578],[-100.230715961685,40.3793916418509],[-100.231117790688,40.3795494492273],[-100.230508914385,40.3796608088353],[-100.230437073417,40.3798236582359],[-100.230440022586,40.3799857120807],[-100.230705779281,40.3802021758288],[-100.231108999775,40.3804362431923],[-100.231387450563,40.3808712398301],[-100.231135543195,40.380730904977],[-100.230274529554,40.3804832628153],[-100.229979682715,40.3800382824105],[-100.229328208301,40.379864056257],[-100.22869197201,40.3798422159408],[-100.228419645935,40.3799499879372],[-100.22854555111,40.3802245272022],[-100.228523872067,40.3805136115039],[-100.228670858007,40.3807386751721],[-100.228292053723,40.3804757362016],[-100.22798115938,40.3800398330441],[-100.227830367278,40.3799746940876],[-100.227404825447,40.3798838675992],[-100.227177341474,40.3797146631799],[-100.226856139861,40.3795795054523],[-100.226637785466,40.3795699032283],[-100.226339581623,40.379453886739],[-100.226168188457,40.379455704267],[-100.226061280853,40.3795760175294],[-100.226668929159,40.3804276695938],[-100.227525682988,40.3812647566904],[-100.228752966719,40.3827653078248],[-100.228947964018,40.3832042020918],[-100.229545234986,40.3840062402236],[-100.22983766895,40.3843177657414],[-100.230356575384,40.3847412931259],[-100.231201339399,40.3852566923313],[-100.231563894956,40.3853100379095],[-100.2317500169,40.3852603831827],[-100.231870508827,40.3850302738819],[-100.232020099882,40.3850286802552],[-100.232382655439,40.3850820225928],[-100.233010821266,40.3853422893768],[-100.233372857597,40.3853670311833],[-100.233558804369,40.3853078407803],[-100.233799730732,40.3851410756594],[-100.23400584019,40.3852077266066],[-100.234134676568,40.3854351776763],[-100.234821526638,40.38549458419],[-100.234934243647,40.3855219835622],[-100.234985674892,40.3856072449892],[-100.23494932097,40.3856648394647],[-100.233187488441,40.385628820001],[-100.23259817475,40.3857900381017],[-100.232320509988,40.385947931758],[-100.232259917723,40.3860439215815],[-100.23313240285,40.3865393468027],[-100.233196472492,40.3866340076788],[-100.233199732479,40.3868127432255],[-100.233092173596,40.3868973160469],[-100.232745439168,40.3866864893436],[-100.232478794039,40.3865939879955],[-100.232026457259,40.3865749730269],[-100.231747053358,40.3866375397116],[-100.231766977991,40.3868756873869],[-100.231897502303,40.3871960830131],[-100.231796889195,40.3876619562187],[-100.232154266863,40.3884566536583],[-100.232599723446,40.3889524613975]]],[[[-100.214984315883,40.3901706423283],[-100.218443764873,40.3901266098504],[-100.220935865744,40.390028812708],[-100.221487834672,40.3895224268281],[-100.221919004449,40.389231838976],[-100.222570062045,40.3890342686804],[-100.222720723891,40.3887466427452],[-100.222591317083,40.3884858157409],[-100.222724597426,40.3881074459586],[-100.223101531418,40.3882356656807],[-100.223595588655,40.3886183672058],[-100.223921276454,40.388700729794],[-100.224068804977,40.3885847550302],[-100.224283882317,40.3880676201017],[-100.224307643654,40.387314150492],[-100.223706021247,40.3864528891371],[-100.22330226985,40.3861901982703],[-100.222914609974,40.3861275586405],[-100.221706076777,40.3861784717332],[-100.221368455758,40.3861248326185],[-100.220816671883,40.385949506204],[-100.220012127239,40.3855861564707],[-100.219717151941,40.3851316172369],[-100.218820034111,40.3844736689174],[-100.218747394541,40.3839023695531],[-100.2182883186,40.3833351429134],[-100.217928290004,40.3827287332305],[-100.217447560173,40.382342885447],[-100.216569312354,40.3820374936136],[-100.216419555111,40.382029534706],[-100.216221821544,40.3821269588966],[-100.215923335629,40.3821682362083],[-100.215622792573,40.3820951205657],[-100.215385775678,40.3820880779204],[-100.214591922784,40.3823157112787],[-100.214043256063,40.3827357094338],[-100.214526855113,40.3821638437977],[-100.214418459899,40.3817592597453],[-100.214414607025,40.381544775174],[-100.214092632861,40.3813193309957],[-100.213740924461,40.3804792274994],[-100.213911473211,40.3796402850626],[-100.213436821381,40.3796778754781],[-100.211847160857,40.3802162772518],[-100.210673701483,40.3811385909477],[-100.210167256479,40.3818877912691],[-100.209992235915,40.3820154288726],[-100.209756067031,40.3821135551582],[-100.208725966199,40.3822344316281],[-100.205673202505,40.3822117052507],[-100.205561611085,40.3858157595835],[-100.211194654279,40.3857394538379],[-100.21495991225,40.3857426882705],[-100.214984315883,40.3901706423283]]],[[[-100.238387582296,40.3975282760295],[-100.238643285945,40.3978981747499],[-100.238672415615,40.3981266878157],[-100.239166022795,40.3985218415192],[-100.239391677798,40.3985861634921],[-100.239757511308,40.3981341255738],[-100.240604001885,40.3973718297729],[-100.241258863845,40.3970406322315],[-100.241331046174,40.3968968419883],[-100.241302783378,40.3967159925464],[-100.241175126488,40.3965552781273],[-100.240888578285,40.3958909475187],[-100.241115853849,40.3961042609949],[-100.241236773374,40.3964548502343],[-100.241751283453,40.3966921073414],[-100.241853480292,40.3968244907764],[-100.241895614872,40.3970814666644],[-100.242185185007,40.3972309060561],[-100.242460886951,40.3973042187166],[-100.242622973571,40.3973024769244],[-100.242325836028,40.3919355419585],[-100.242259061558,40.3919271702894],[-100.242261621756,40.3918064035784],[-100.241251354828,40.392314850138],[-100.240956602312,40.3925611413399],[-100.240733717714,40.3925895428931],[-100.24048769431,40.3927733364763],[-100.240313501095,40.3927942742784],[-100.239824760987,40.3930595371881],[-100.239659073919,40.3932043297258],[-100.239229639687,40.3932140059492],[-100.239208100782,40.3930349521462],[-100.239105914723,40.3929025653656],[-100.23885482033,40.3928099131423],[-100.2384567382,40.3928618501813],[-100.238161146657,40.3931202697428],[-100.238086625116,40.3932504332268],[-100.237913750628,40.3933323221784],[-100.237744157686,40.3930643393913],[-100.237244763558,40.3930315470207],[-100.237044238027,40.3929764854951],[-100.23620935548,40.393690960692],[-100.236100809349,40.3938923424847],[-100.236093745896,40.3941879839619],[-100.236535259774,40.3951462356809],[-100.236655842431,40.3956025962551],[-100.236548952793,40.3965762462237],[-100.236665527168,40.3968133585508],[-100.2369571787,40.3970772011065],[-100.237936504056,40.3974385602893],[-100.238298258316,40.3974442207602],[-100.238387582296,40.3975282760295]]],[[[-100.221976377152,40.4187678716184],[-100.222724677376,40.4197346785273],[-100.22324508759,40.4193436036925],[-100.223102200663,40.4191971152068],[-100.223564082941,40.4188704431072],[-100.223731258517,40.4186303144564],[-100.2242481123,40.4187559394265],[-100.224448841749,40.4186465518967],[-100.224528771148,40.4178948750795],[-100.225509706285,40.4177132941734],[-100.226003554215,40.4175336243428],[-100.226117068927,40.4176710996249],[-100.226367158106,40.4177042014367],[-100.226641085877,40.4175643112904],[-100.22692861504,40.417710161129],[-100.227284366757,40.4176062186584],[-100.227488340022,40.4176207937305],[-100.227905369418,40.4174018424528],[-100.227746221187,40.4172247631879],[-100.227245178651,40.4171109037018],[-100.22689917096,40.4169477252187],[-100.226205212521,40.4165141243004],[-100.226093704645,40.4163842096078],[-100.225921136482,40.4163264499058],[-100.225780828618,40.4163279381496],[-100.225597212974,40.4165205717427],[-100.225238863329,40.416536287851],[-100.224973190177,40.4165033502925],[-100.224563750647,40.4162812465369],[-100.224214297917,40.4159274092495],[-100.223788195536,40.4156458909028],[-100.223442635206,40.4155065326889],[-100.222960006336,40.4155473935372],[-100.222710142635,40.4155262008609],[-100.222348780041,40.4153750881172],[-100.221923119632,40.4151173934715],[-100.221435967745,40.414908018239],[-100.221076118811,40.4148403119437],[-100.220857867723,40.4148426168575],[-100.220625318151,40.4149165806084],[-100.220224878841,40.4152946000251],[-100.21964295559,40.4157528731019],[-100.221976377152,40.4187678716184]]]]},"properties":{"NAME":"Medicine Creek SRA","AreaType":"SRA"}},
{"type":"Feature","geometry":{"type":"Polygon","coordinates":[[[-96.4590909963884,41.112449409847],[-96.4544139484044,41.109478772985],[-96.4386478935339,41.0960050690462],[-96.4364256941847,41.0959772262609],[-96.436353262125,41.0982726553131],[-96.4359913389819,41.0982645961596],[-96.4359481255251,41.1010246484747],[-96.4353704522036,41.1010221885221],[-96.4354170388342,41.1031300288112],[-96.4468387637356,41.1031602011789],[-96.4544108824543,41.1096159587952],[-96.45608172373,41.1107199900273],[-96.4590875468577,41.112586198932],[-96.4590909963884,41.112449409847]]]},"properties":{"NAME":"Memphis Lake SRA","AreaType":"SRA"}},
{"type":"Feature","geometry":{"type":"MultiPolygon","coordinates":[[[[-100.862515555797,42.6189317295849],[-100.86069723361,42.6206130253068],[-100.860585684411,42.6233668023892],[-100.858353925191,42.6233672287338],[-100.858429638796,42.633734246693],[-100.86331681081,42.6337223764619],[-100.863339598374,42.6373466247084],[-100.865662024556,42.6373400532078],[-100.866627518552,42.6336518529277],[-100.866675352044,42.633311753367],[-100.866647503372,42.6328279343889],[-100.866262426153,42.631811307804],[-100.866025358952,42.6314923222889],[-100.865440341903,42.6308759227358],[-100.864930089839,42.630521851291],[-100.865027798694,42.6305070829591],[-100.865289088966,42.6305917749498],[-100.866419342968,42.6310905777834],[-100.866629222656,42.6310970408925],[-100.866983133725,42.6313696461492],[-100.867255873924,42.6314548273639],[-100.867294303851,42.6315217322475],[-100.867364415563,42.6313456853592],[-100.867351616367,42.6311018854151],[-100.866742348398,42.6308872191709],[-100.866422815855,42.6306660857286],[-100.866265148946,42.6305292853554],[-100.866270548719,42.630424086124],[-100.866096754356,42.6304015393484],[-100.866038414168,42.6303603201151],[-100.865608216369,42.6298642192605],[-100.865479216497,42.6297718191614],[-100.865460549506,42.6295922855278],[-100.865518015633,42.6293442850784],[-100.865930749285,42.6291588857114],[-100.866078549099,42.6291584190894],[-100.865973058138,42.6283948607987],[-100.86600463392,42.6283282486581],[-100.865800067767,42.6281263298201],[-100.865713686668,42.6278931638684],[-100.865510871331,42.6277498589143],[-100.865314847258,42.6273449698752],[-100.86531674989,42.6271618190843],[-100.865073149243,42.6269932849027],[-100.865222949605,42.6269196194642],[-100.865207016186,42.6268166191034],[-100.865127816219,42.6267828187887],[-100.864988615978,42.6268228850285],[-100.864938149524,42.6268024850775],[-100.865023149912,42.626704085492],[-100.864817949549,42.6266520854655],[-100.864801416056,42.6265782854474],[-100.864898816789,42.6265016854901],[-100.864792816484,42.6264404853012],[-100.864769816019,42.6263322849754],[-100.864663749239,42.6263326187642],[-100.864697749574,42.6261808855027],[-100.86456254953,42.6261620187907],[-100.864444549529,42.6262180187498],[-100.864360416015,42.6261764854296],[-100.864276749624,42.6260460191872],[-100.864217349424,42.6256172856216],[-100.864147816228,42.6255266856664],[-100.864158216923,42.6253460861896],[-100.864078616307,42.6252152189751],[-100.86420055003,42.6251622189639],[-100.86434854927,42.6249320857346],[-100.864309750135,42.6248708185652],[-100.863987016894,42.6247074193226],[-100.863924615423,42.624610218759],[-100.863916415601,42.6239238193217],[-100.863682949747,42.6239234848591],[-100.86340101619,42.6241188186545],[-100.862583616655,42.6242016189899],[-100.862349150078,42.6244666861385],[-100.861993348953,42.6246536851851],[-100.861857149983,42.6246488183482],[-100.861811415853,42.624545818857],[-100.861709949346,42.6244656193046],[-100.862204949813,42.6243372851318],[-100.862276749459,42.6242058182615],[-100.862249016669,42.624078218576],[-100.862547416346,42.6240924854188],[-100.862789149395,42.6240608186287],[-100.862912416219,42.6240076854362],[-100.863104216413,42.6238426188838],[-100.863146350095,42.6237394190992],[-100.86311101666,42.6235250857247],[-100.862837949475,42.6229892854154],[-100.86286134969,42.6228838857158],[-100.86298174909,42.622771085881],[-100.863108015389,42.6227094186592],[-100.86328512723,42.622824374143],[-100.863459914231,42.6227676744313],[-100.863690415645,42.6228594192957],[-100.863771815586,42.6227378855462],[-100.864073749235,42.6226228181925],[-100.864257149283,42.6225858850692],[-100.864336749,42.6226278861339],[-100.864859749955,42.6226038188616],[-100.864919815807,42.622565085142],[-100.864797415858,42.6225390189573],[-100.865235616748,42.6225138186825],[-100.865323016537,42.622428685384],[-100.865320816563,42.6223564852914],[-100.865142216213,42.6223066854423],[-100.865157415708,42.6222392854716],[-100.865566016212,42.6218854854921],[-100.865838750122,42.6217298189192],[-100.865933900575,42.621738950202],[-100.866210850279,42.6216093181186],[-100.866438415998,42.6213798182337],[-100.866698148591,42.6212816857228],[-100.866743950094,42.6212934181899],[-100.866723415505,42.6213580852036],[-100.866809549568,42.6213984854448],[-100.866929549218,42.6212144855933],[-100.867285348546,42.6210998186483],[-100.867457749622,42.6209274850087],[-100.867722816412,42.6207822860428],[-100.867743216253,42.6208572854226],[-100.867775949964,42.6208340860542],[-100.867831349966,42.6206950853266],[-100.868019415864,42.6205292855033],[-100.868006815195,42.62036468501],[-100.86788421582,42.6202638195143],[-100.867768148994,42.6200676195677],[-100.867776016439,42.6197788183193],[-100.867725549087,42.6197130853942],[-100.86779034906,42.6197034851383],[-100.867787816709,42.619665018657],[-100.867730749434,42.6196088858838],[-100.867583750019,42.6195902855621],[-100.86734761527,42.6196320189438],[-100.867198149082,42.6197678186573],[-100.866993415842,42.6198672855425],[-100.866965015604,42.6199330183047],[-100.867029149027,42.6202886194534],[-100.866964615854,42.6204622187508],[-100.866810615868,42.6205440185238],[-100.866683215896,42.6199800185853],[-100.866559149572,42.6198776188623],[-100.866582949537,42.619663285414],[-100.866392749242,42.6193694854764],[-100.866468948836,42.6193660189739],[-100.866632549118,42.6195452859548],[-100.86671314866,42.6194166858168],[-100.866666349128,42.6193346188239],[-100.866775749557,42.6192622855789],[-100.866790616675,42.6191174185402],[-100.866933149666,42.6191052857312],[-100.867115749316,42.6191514854513],[-100.867360148565,42.6191186189968],[-100.867892415642,42.6187836854422],[-100.868064215745,42.6188100850451],[-100.868101216454,42.6186322854604],[-100.868304548322,42.618227485198],[-100.868233015476,42.6181344854368],[-100.868276148982,42.6180342185503],[-100.868224549752,42.6178650851997],[-100.868417148549,42.6176730192337],[-100.868291815601,42.6176608854821],[-100.8682950154,42.6175842857909],[-100.868236549448,42.6175396185698],[-100.868148548686,42.6175804192472],[-100.868088015711,42.6177472191721],[-100.86795554924,42.6177212858264],[-100.867906215562,42.6177836190471],[-100.867867149627,42.6179972185827],[-100.868091216408,42.6182280860959],[-100.868032215958,42.6184382188746],[-100.867881016021,42.6185302186737],[-100.867692748901,42.6185412192154],[-100.867657616688,42.6186442854908],[-100.867273416224,42.6185860185891],[-100.86722534917,42.6187514190254],[-100.867039149073,42.6187718857363],[-100.866697616789,42.6184766854527],[-100.866555815924,42.6182476189101],[-100.866609816351,42.6177118187973],[-100.866459548865,42.6175986189056],[-100.866474349508,42.6172378183283],[-100.866634749092,42.6171072183285],[-100.866661015831,42.6168568854717],[-100.866756149216,42.616651885858],[-100.866832349708,42.6166104856419],[-100.867211549251,42.6165540195794],[-100.86747861569,42.6167570852262],[-100.86764434947,42.6168338188097],[-100.867705548995,42.6169296188126],[-100.867997348749,42.6171712193699],[-100.868032616607,42.6174140855856],[-100.868215748957,42.6174730853793],[-100.868310215793,42.6174656861141],[-100.86874714916,42.617239285891],[-100.868728415693,42.6171124189321],[-100.869233549157,42.6168326196313],[-100.869488015826,42.6165264852818],[-100.869447148769,42.6163190848817],[-100.869473416406,42.6161784855104],[-100.86941581643,42.6160024851363],[-100.869535415432,42.6158070194434],[-100.869700149387,42.6156740854716],[-100.869694416339,42.6155694190892],[-100.86951154989,42.615008019105],[-100.869475748433,42.6145780189005],[-100.868961549171,42.61414781872],[-100.868852615866,42.6139468190942],[-100.868837748748,42.6136600190417],[-100.868900348747,42.6134150854545],[-100.869161549187,42.6132462185452],[-100.869380748897,42.6132452189519],[-100.869530015659,42.6131048189064],[-100.870073349082,42.612939818649],[-100.870110615692,42.6128052185064],[-100.870285149368,42.6127602860571],[-100.870289216042,42.6126534853328],[-100.870423948961,42.6126826853633],[-100.870468949167,42.6125400858451],[-100.870366348985,42.6123774191529],[-100.870447015003,42.6122150852392],[-100.870503015978,42.6121546855044],[-100.870717815739,42.6120974187535],[-100.870789748335,42.6118870854144],[-100.870773148367,42.6117884189624],[-100.87117934947,42.6113396853171],[-100.871389149208,42.6109780855323],[-100.871830616373,42.6106990857486],[-100.872230348708,42.6102954854512],[-100.872482349502,42.6101886851283],[-100.872629948991,42.6100480190254],[-100.872756949213,42.6099960189717],[-100.872758215837,42.6098576188308],[-100.873084349201,42.6098026183502],[-100.873189215832,42.609642085957],[-100.873637414972,42.6093706853725],[-100.874523549999,42.6091766190149],[-100.875237348629,42.6091716855144],[-100.875663548926,42.6094104190209],[-100.875657348754,42.6094788193086],[-100.875733748672,42.609528819166],[-100.875777548729,42.6095362854888],[-100.875876216086,42.6094606192607],[-100.875969215074,42.609492419094],[-100.875989549339,42.6095630856994],[-100.875915216444,42.6096468852078],[-100.875942414736,42.6097162187714],[-100.876135948679,42.6097378190079],[-100.876580215893,42.6097014858336],[-100.876640414695,42.6097860858005],[-100.876721416682,42.6098106856193],[-100.876816148521,42.6097888189673],[-100.876940549018,42.6096812184518],[-100.877090948556,42.6096910860329],[-100.87732714978,42.609566885304],[-100.877646015773,42.6095056188828],[-100.877829815572,42.6091778857781],[-100.877998349401,42.6091070190682],[-100.878117549551,42.608946219099],[-100.878466349206,42.6088258191792],[-100.878661815425,42.6085260190223],[-100.878644948658,42.6084764190213],[-100.878479877834,42.6084952375387],[-100.878435916979,42.6084465479273],[-100.8783519245,42.6084804190228],[-100.878196100036,42.6084472342088],[-100.87807122972,42.6083170448664],[-100.878067043571,42.6081777279323],[-100.877962011649,42.6079216758233],[-100.878894245522,42.6071364338006],[-100.880014758193,42.6068613950959],[-100.880434937083,42.6066980391732],[-100.880814615427,42.6066884190591],[-100.881037615908,42.6067450858075],[-100.881287148131,42.6067022191288],[-100.881246015173,42.6065806188018],[-100.881575748086,42.6064190856749],[-100.881557348792,42.6062800190505],[-100.881641948533,42.6058944854252],[-100.881835348627,42.6057882858473],[-100.882260215824,42.6057336857584],[-100.88247214906,42.6055318186078],[-100.882551615827,42.6053238182591],[-100.882647748139,42.6052454856178],[-100.882787015754,42.6052182855121],[-100.883252414936,42.6053232860005],[-100.883688348479,42.6052932190043],[-100.883746415579,42.6051596853704],[-100.88365014852,42.6050774184223],[-100.883523749271,42.6050298184317],[-100.883429948986,42.6051040850067],[-100.88334754922,42.6050874857519],[-100.883280014775,42.6048372183066],[-100.883206948505,42.6047448187521],[-100.88322941537,42.6046730861195],[-100.883371816309,42.6046912855827],[-100.883574015401,42.6047936851516],[-100.883858548683,42.6048156190156],[-100.884037349357,42.605110819258],[-100.884186414897,42.6052020863089],[-100.885139415124,42.6053472858984],[-100.885217949439,42.6052588859864],[-100.885203548547,42.6051852854165],[-100.884928549086,42.6050638183342],[-100.885123347857,42.6048600851024],[-100.885212548768,42.6048392184243],[-100.88540901571,42.6050452189577],[-100.885530148136,42.6051050186113],[-100.885672615551,42.6050976191991],[-100.885714948658,42.6050310184985],[-100.885663148206,42.6048936850744],[-100.885361414882,42.6047126184544],[-100.885200948823,42.6045324188014],[-100.885216415117,42.604425086249],[-100.885310015078,42.6042994858356],[-100.885454348293,42.6044874850126],[-100.885486614879,42.604628686019],[-100.885597148982,42.6046974188502],[-100.885649548611,42.6046338189],[-100.885631814969,42.6044654194543],[-100.885952548559,42.6043070189054],[-100.886071948135,42.6043610185517],[-100.886058815664,42.6044296862194],[-100.885953149532,42.6045038854063],[-100.886010015585,42.6046394853673],[-100.886115149016,42.6047154186247],[-100.886387749077,42.6047932851278],[-100.886503415255,42.6048638188743],[-100.886725349435,42.6048016188466],[-100.887288415252,42.6049188852068],[-100.887723815196,42.6048996860829],[-100.887804148837,42.6049348854641],[-100.887950549075,42.6048410856415],[-100.888096547767,42.6045794194649],[-100.888041549312,42.6045726190363],[-100.887933148708,42.6046458857639],[-100.887726348445,42.6046404183177],[-100.887651948176,42.6046174853215],[-100.887672948991,42.6045406851128],[-100.887845147946,42.6044790190118],[-100.887931415858,42.6043496187846],[-100.888495815673,42.6039140854187],[-100.88880361532,42.6040192858054],[-100.889145614728,42.6040264850008],[-100.889257815206,42.6040902191342],[-100.889491349332,42.6040476190776],[-100.889748548676,42.603828418885],[-100.889754215249,42.6037238853345],[-100.88943834873,42.6035094189278],[-100.88939114855,42.6032626191545],[-100.889273149448,42.6030660185069],[-100.889116215564,42.602978685866],[-100.888932548716,42.6029434860408],[-100.888958907981,42.60271084336],[-100.888920419663,42.6026759898622],[-100.889023749277,42.6022264189221],[-100.889105015369,42.6021352189241],[-100.889327548726,42.6020052855091],[-100.889423615461,42.6014672859228],[-100.889144148678,42.6013306852239],[-100.888787348627,42.6010398193268],[-100.888731547976,42.6009404856964],[-100.88873401475,42.6007590187783],[-100.888662815179,42.6006294190648],[-100.888897216179,42.6004964196367],[-100.889233415166,42.6004950184649],[-100.889558214532,42.6004130191117],[-100.889935214999,42.6001316192947],[-100.890209348484,42.6000584861201],[-100.890342815677,42.5998718860055],[-100.89066354837,42.5997104862486],[-100.891551615673,42.5995226187936],[-100.891844347878,42.5997044186152],[-100.89237934763,42.5998778855139],[-100.892771748814,42.5998700193005],[-100.892991815398,42.6000094189548],[-100.893075015563,42.5999380194289],[-100.893037215354,42.5998388850616],[-100.893136815163,42.5998104196093],[-100.893270748582,42.5999076185483],[-100.893583614727,42.5999638193337],[-100.893492148265,42.5997928852598],[-100.893583614727,42.5995126186738],[-100.893351215173,42.5993894192881],[-100.893370814616,42.5991754854809],[-100.893539748195,42.5990032855806],[-100.894156348213,42.5986542859397],[-100.894253347399,42.5985270855391],[-100.894140748968,42.5982642190973],[-100.894007748899,42.59815441914],[-100.894056348654,42.5980204860083],[-100.894011614349,42.59791501892],[-100.894160948486,42.5977318853834],[-100.894496948945,42.5974746192238],[-100.894510348215,42.5973652192692],[-100.894382548493,42.5971766854498],[-100.894399747638,42.5970626851195],[-100.894632148988,42.5971792855918],[-100.894812414814,42.5970544859276],[-100.894893548854,42.5972606186663],[-100.895153348821,42.5973562854402],[-100.895273414947,42.5975106857621],[-100.895264548575,42.5976194856871],[-100.895137549252,42.5977304193448],[-100.894979214895,42.5978122853454],[-100.894647748233,42.5978824189918],[-100.894536148729,42.5980382853638],[-100.894564614543,42.5981454192975],[-100.894840015552,42.5984832186657],[-100.894890748806,42.5987308851074],[-100.894610347774,42.5990226848989],[-100.894563015542,42.5991968857056],[-100.894378814196,42.5993142856087],[-100.894437814646,42.5994140185838],[-100.894354214731,42.5995318849218],[-100.894938814961,42.6000104187606],[-100.894944948658,42.6001794194176],[-100.894716014805,42.6003592190452],[-100.894801948543,42.6004486190958],[-100.894791215472,42.6005558857623],[-100.894876015537,42.6006458191516],[-100.895069148831,42.6006562191399],[-100.89534841529,42.6005912853087],[-100.895964615557,42.6006840189984],[-100.896246214941,42.6006454184399],[-100.896461415351,42.6003616854832],[-100.897190015521,42.5995974857374],[-100.897358948202,42.5991078191162],[-100.89747394783,42.5989934857386],[-100.897741214593,42.5988352855257],[-100.897974348969,42.5988788188765],[-100.897983948366,42.5989510184164],[-100.898169014789,42.5989768855169],[-100.898582748266,42.5985868193715],[-100.89866054776,42.5985662851911],[-100.898831815162,42.5986490189912],[-100.899003015191,42.5985208855378],[-100.898856748801,42.598266684957],[-100.898461215192,42.5981272192447],[-100.89846601489,42.5979964184837],[-100.898375347929,42.5980084191837],[-100.898372014281,42.5980742193223],[-100.898205148623,42.5979518192119],[-100.897988347416,42.5980154193706],[-100.897884748308,42.5979452184245],[-100.897801947893,42.5978150851645],[-100.897881014909,42.5977792191675],[-100.898017414204,42.5978220185848],[-100.898106748065,42.5976140182856],[-100.898254347555,42.5976610856665],[-100.89822414889,42.5975152855816],[-100.898363414708,42.5974690856822],[-100.898497548452,42.5973680191084],[-100.898634415768,42.5973990858093],[-100.898847147607,42.5972484187781],[-100.899105814799,42.5971564860724],[-100.898815214296,42.5970270183956],[-100.89858441554,42.5972056183055],[-100.898533348112,42.5971894857917],[-100.898548548505,42.5970562191386],[-100.898450415645,42.5969780189388],[-100.898196814952,42.5970628854868],[-100.898123348034,42.5970116859831],[-100.897978748019,42.5970412854844],[-100.897858748368,42.596978885876],[-100.897918148568,42.5960270185985],[-100.897727349097,42.5960124861004],[-100.897557015044,42.5961430192364],[-100.897469215505,42.5961656862077],[-100.89717001543,42.5960694191394],[-100.897020614818,42.595885618888],[-100.89690521544,42.5958204856655],[-100.896909015314,42.5956760858607],[-100.896745348557,42.5952228854691],[-100.896647947824,42.5951006854221],[-100.896383614959,42.5949448189766],[-100.895993414647,42.5949132187047],[-100.895886948116,42.5949688850347],[-100.895790149255,42.5949344193577],[-100.895832414989,42.5946938858575],[-100.89579034868,42.5945536192443],[-100.895391214623,42.5941062189741],[-100.895163415342,42.5942152192679],[-100.895095120024,42.5942978279059],[-100.895049215215,42.5942402855059],[-100.895018148777,42.5938090190247],[-100.894778014729,42.5935442849643],[-100.894779148403,42.593435018309],[-100.894831814831,42.5933724854713],[-100.894795348621,42.5932674860046],[-100.894266348716,42.5932984185181],[-100.893904616016,42.5931140850057],[-100.893822548626,42.5931650192158],[-100.893677014364,42.5931496190598],[-100.89363314873,42.5930520187386],[-100.89396861559,42.5928498188553],[-100.893972949063,42.592708485343],[-100.893725014943,42.5925882855059],[-100.893587414601,42.592582485016],[-100.893140614138,42.5922036856042],[-100.892822147895,42.5921360857381],[-100.892781014937,42.592030485683],[-100.892730548482,42.5920160190475],[-100.892719349186,42.5921056856804],[-100.892673215306,42.5920846857712],[-100.892573414274,42.5919612858655],[-100.892395948497,42.5919156195123],[-100.892065548135,42.5915924185983],[-100.892012147783,42.5916370191146],[-100.892019749327,42.5917086192778],[-100.892346348018,42.5920222183732],[-100.892348548891,42.592199819469],[-100.892258015778,42.5922754187049],[-100.892119349136,42.5922310858226],[-100.892031414849,42.5922564187131],[-100.891918749045,42.592456485757],[-100.891967014627,42.5925520190435],[-100.891928148118,42.5926170194489],[-100.891473014882,42.5928808183698],[-100.891379948521,42.5928782861647],[-100.89129961488,42.5925938856135],[-100.89136494935,42.5925468190346],[-100.891449748516,42.5925820194426],[-100.89158694821,42.5925436188763],[-100.891591215207,42.5924354853047],[-100.89176861451,42.592312018638],[-100.891760148786,42.5920224187568],[-100.891299615778,42.5916682850893],[-100.891270614567,42.5915628191543],[-100.891312947675,42.591385818723],[-100.891265348643,42.591323219018],[-100.891217014789,42.591307218572],[-100.891126348726,42.5913852195501],[-100.890992614733,42.591402018873],[-100.890958814722,42.5914696182127],[-100.890763347604,42.5914620855749],[-100.890766548302,42.5913928857876],[-100.890874015556,42.5913164852605],[-100.890899148621,42.5911466861358],[-100.890794548789,42.5910256857076],[-100.890623614662,42.5909544855339],[-100.890289015575,42.5909126191854],[-100.890064347821,42.5909798189433],[-100.889904548311,42.5908454854894],[-100.889655214616,42.590856285904],[-100.889658815064,42.5909354183438],[-100.889748548676,42.5909954854953],[-100.889516149122,42.5911412194891],[-100.889392615499,42.5910902849477],[-100.889314614783,42.5911284853617],[-100.889252747809,42.591227685832],[-100.889246548535,42.5914068856629],[-100.889026215152,42.5916390189947],[-100.888947149034,42.5916826188771],[-100.888769548509,42.5916272187756],[-100.888674815773,42.5917060195689],[-100.8886145478,42.591657019235],[-100.888627015518,42.5915882191115],[-100.888800748796,42.5915452183344],[-100.888893148608,42.5914188856479],[-100.888892615008,42.5913104187938],[-100.888822414364,42.5912616853303],[-100.888543814455,42.5912014187104],[-100.888390911312,42.5912556578773],[-100.887602415072,42.5909310190869],[-100.887075548666,42.5908606851661],[-100.886920415006,42.5907750853375],[-100.886496015832,42.5906920183467],[-100.886201415131,42.5905664186879],[-100.886009614936,42.5905416188179],[-100.885866615719,42.5904506193014],[-100.8856184148,42.5904626194706],[-100.885464548663,42.5903246190394],[-100.885384614772,42.5901584182727],[-100.885298415133,42.590122418244],[-100.885200214899,42.5901322856162],[-100.885102748589,42.5900526852417],[-100.884867948737,42.5896188852229],[-100.884741949238,42.5891968855118],[-100.884496348941,42.5888868191026],[-100.884406415903,42.5884242850276],[-100.884286815105,42.5882680189507],[-100.884311615793,42.5880904860163],[-100.884541615048,42.5876544190257],[-100.88449161482,42.5874110862436],[-100.884636215733,42.5873858188446],[-100.884698215657,42.5872576860425],[-100.884831749326,42.5872072860321],[-100.884873548834,42.5873468853103],[-100.885010348777,42.5873648186679],[-100.885061815955,42.587303019165],[-100.884966148072,42.5871284855036],[-100.88506521518,42.58717381872],[-100.885147015769,42.5871510188471],[-100.885026014497,42.5869938858091],[-100.884943148506,42.5866674185694],[-100.884923615538,42.5866434862133],[-100.884826349552,42.586672418668],[-100.884785749295,42.5866058187761],[-100.884974214943,42.5865302192773],[-100.884954749349,42.5863552859556],[-100.884887815877,42.5863048190763],[-100.884794215018,42.5863244855816],[-100.884703148306,42.5864076860415],[-100.884724348547,42.5864806189615],[-100.88467881564,42.5864874855196],[-100.884650816051,42.5863868852755],[-100.884577748882,42.586341486009],[-100.88442514937,42.5864654856786],[-100.884328416085,42.5864376854295],[-100.884312615618,42.5863358192004],[-100.884415748501,42.586171486157],[-100.884217015109,42.5859390857619],[-100.884519548832,42.5859418861144],[-100.884864349187,42.5860752850029],[-100.885087549094,42.5860010195574],[-100.885192215401,42.585889418836],[-100.885087148446,42.5856870859241],[-100.884650415402,42.5857030183659],[-100.884545348447,42.5856432192722],[-100.884514615284,42.5855332853016],[-100.884551548619,42.5854622858727],[-100.884725816394,42.5854898854908],[-100.88483034975,42.5853650855677],[-100.884746015013,42.585332885176],[-100.884517415333,42.5853684851767],[-100.884364814922,42.5852318187631],[-100.884326015787,42.5851288857013],[-100.884406948604,42.5850900856842],[-100.884401349405,42.5849086850484],[-100.884274748934,42.5847620191086],[-100.884403548481,42.584716218506],[-100.884543748547,42.584756485761],[-100.88463601451,42.5846814191],[-100.884905815421,42.584593685673],[-100.884918548142,42.584529419004],[-100.884875815284,42.5845196188702],[-100.884711415502,42.5845792192956],[-100.884777748899,42.5843628859685],[-100.884930814637,42.5842718192273],[-100.885194414477,42.5840126852218],[-100.885449349168,42.5838906192901],[-100.885524948688,42.5838896185643],[-100.885691149592,42.5840300857752],[-100.885709948636,42.5841748194591],[-100.885772148884,42.5842158185886],[-100.885851615651,42.5841838193349],[-100.885931349217,42.5840112856636],[-100.886134415184,42.5839208189763],[-100.88608314833,42.5837038186372],[-100.885931215368,42.5836116185802],[-100.885839215307,42.583603218531],[-100.885552415576,42.5837314858371],[-100.88518134938,42.5835418187664],[-100.885692749491,42.5834590854148],[-100.885828948461,42.5831896853519],[-100.885683615421,42.5830022185255],[-100.885779948956,42.5829234861001],[-100.88598381622,42.5831650194623],[-100.886201415131,42.5833088192389],[-100.886339415223,42.5833260857197],[-100.886388815377,42.5833896187876],[-100.886316147959,42.5834886185962],[-100.886443615304,42.5835290857321],[-100.886695749049,42.5834256187362],[-100.887028215535,42.5831616184102],[-100.887082215962,42.5830630189072],[-100.887179015722,42.5830496858607],[-100.887233215575,42.5832242183747],[-100.887376748391,42.5833692859641],[-100.88733961563,42.5834318850586],[-100.887241615721,42.5834320186661],[-100.887121948447,42.5834904183267],[-100.887107415502,42.5836344858897],[-100.887164615728,42.5838474187455],[-100.887276415557,42.5839620861468],[-100.887460147982,42.5840066193671],[-100.887504415162,42.5842170183949],[-100.887660748073,42.5842894855968],[-100.887653215699,42.5845714854176],[-100.887526015153,42.5846790856462],[-100.887425748794,42.5848436184004],[-100.887466814379,42.5850152191696],[-100.887691548609,42.5850810191373],[-100.887911948467,42.5850052855081],[-100.88821514874,42.5845968187755],[-100.88830201493,42.5845492858156],[-100.888363815428,42.5845598187883],[-100.888349949034,42.5846990853535],[-100.88860181508,42.5846838193562],[-100.888726015252,42.5846296187852],[-100.888834348483,42.584505419686],[-100.888611815125,42.5842738861465],[-100.888619414873,42.5840580855229],[-100.889087949175,42.5842218189429],[-100.889343147971,42.5839996189295],[-100.889293748715,42.5838692184392],[-100.889379548605,42.5838430857918],[-100.889336948697,42.5836330188581],[-100.88965661509,42.5835812857986],[-100.889844548037,42.5833728186281],[-100.8899911486,42.5833508183494],[-100.890202948886,42.5831590183448],[-100.890542415045,42.5830442191653],[-100.890543748145,42.5827154856845],[-100.89043361559,42.58251581929],[-100.890046548602,42.5827004850966],[-100.889934549347,42.5827076854321],[-100.889970614909,42.5826350186236],[-100.890494347991,42.5823056195658],[-100.890502414862,42.5822006193148],[-100.890297548672,42.5820490854369],[-100.889877349121,42.5818672857033],[-100.890072548541,42.5818606190526],[-100.890381614813,42.5819722190489],[-100.890468014777,42.5819534189782],[-100.890562148337,42.5818682858001],[-100.890756148506,42.5821190192093],[-100.891026414744,42.581923885731],[-100.890824947778,42.5818316188821],[-100.890791548416,42.5817524186627],[-100.891186949075,42.5819318183692],[-100.891354414807,42.5816604855882],[-100.891624815792,42.581513885427],[-100.891653949055,42.5813304854194],[-100.891752214866,42.5812728854082],[-100.891629215741,42.5810018189693],[-100.891353015232,42.580773418942],[-100.89151494824,42.5807688853548],[-100.891790547776,42.5806956189954],[-100.891941148536,42.5805632854419],[-100.891692547866,42.5804508190639],[-100.891556747748,42.5804918186579],[-100.891466215534,42.5804788859029],[-100.891473548482,42.5803320190426],[-100.891602348029,42.5802340183134],[-100.891320548321,42.5799082856137],[-100.891041615137,42.5798436860302],[-100.890364615094,42.579800818704],[-100.890408548102,42.5797022191777],[-100.890695348731,42.5796552857405],[-100.890688216107,42.5795966860329],[-100.890460615354,42.5792282853543],[-100.890417147674,42.5792130186789],[-100.890338148929,42.5792606185466],[-100.890245415843,42.5791936852945],[-100.889983614429,42.5791076189843],[-100.890131947842,42.5790838854742],[-100.890465615377,42.5791342854374],[-100.890729815292,42.5792278190196],[-100.891085348718,42.5794724855066],[-100.891346748584,42.5795684190345],[-100.891686215642,42.5796022191769],[-100.891490414351,42.5793346856439],[-100.892028148575,42.5795014193048],[-100.892068615882,42.5796058188622],[-100.8920275485,42.5796662858714],[-100.892046814668,42.5797718188984],[-100.892129015008,42.57993201881],[-100.892309215258,42.5800780187788],[-100.892449748599,42.5800542856381],[-100.892571148723,42.5799498861702],[-100.892760147971,42.5799762195488],[-100.893046148201,42.5799296858399],[-100.893187215142,42.579957018693],[-100.8934683483,42.5798948857466],[-100.893579814854,42.5797366191939],[-100.893606815516,42.5795590851146],[-100.893718749194,42.579508485071],[-100.893594347798,42.5793122182676],[-100.893596215396,42.5792812860895],[-100.893696215853,42.5792874853588],[-100.893712348697,42.5792274188317],[-100.893394347782,42.5787840196019],[-100.893535348247,42.5786390187362],[-100.893870215032,42.5786736859127],[-100.894019533897,42.5785451118603],[-100.893478382482,42.5772391079264],[-100.892998435981,42.5770634519846],[-100.892916117064,42.5770705305954],[-100.892293118346,42.5775776099894],[-100.891892396068,42.5777593554209],[-100.888443941558,42.5787061880682],[-100.887978581902,42.5790855133499],[-100.887610192685,42.5795851540728],[-100.887283443975,42.5798394282048],[-100.886800644426,42.5801079676347],[-100.883019722532,42.5818022092666],[-100.882682908199,42.582074592455],[-100.882529781376,42.5823958379134],[-100.88251363865,42.5829736613813],[-100.882775604455,42.5859352966214],[-100.882947512356,42.5864528180578],[-100.883473328631,42.5871376926274],[-100.883666845506,42.5875247913965],[-100.883934366493,42.5889656286515],[-100.884222518188,42.590166165346],[-100.884983620304,42.5914408751433],[-100.886709263304,42.5930588819275],[-100.88703956485,42.5932721853351],[-100.889232785447,42.5941847884816],[-100.889619236191,42.5944341523867],[-100.889736621744,42.5945617724738],[-100.88993049525,42.5948945283448],[-100.890364157852,42.5962252351595],[-100.890690984715,42.5974349969918],[-100.890719543955,42.5977395052125],[-100.890612144972,42.5980271972196],[-100.890444850819,42.5982539291411],[-100.890186868144,42.598467860161],[-100.881887037688,42.6022970825295],[-100.881495370428,42.6025447622445],[-100.877896165139,42.6051554583666],[-100.876060721062,42.6065235988347],[-100.873198861942,42.6085385155452],[-100.872963143113,42.6086376764006],[-100.872177523278,42.6088356531769],[-100.87107259997,42.6090051072466],[-100.868756993798,42.6097720067502],[-100.868269812266,42.61002894181],[-100.867937815598,42.6103607813886],[-100.867405910542,42.6111241734389],[-100.867210378746,42.6114924913922],[-100.867110507646,42.6118205435403],[-100.867218601026,42.6126312673054],[-100.867190136109,42.6130820523202],[-100.866876022204,42.6137972048856],[-100.866375723473,42.61465120114],[-100.863879677201,42.6177090443315],[-100.863413156023,42.6181836368235],[-100.862515555797,42.6189317295849]]],[[[-100.909908014768,42.6007182857685],[-100.910158348288,42.6008222193286],[-100.910244213754,42.6010646857715],[-100.910472214258,42.601256019394],[-100.910725346929,42.6013562861822],[-100.91111301489,42.6014096853422],[-100.911552014383,42.6013962193449],[-100.911881147221,42.6013322192848],[-100.912619613589,42.6009192189793],[-100.912805148034,42.6007544191983],[-100.912837735319,42.6006360612261],[-100.91289898515,42.5988001494856],[-100.905992956435,42.5988857091967],[-100.905493217354,42.5989935697183],[-100.905358523961,42.5988314449296],[-100.905138422343,42.5988468357464],[-100.904897631626,42.5989039315107],[-100.904432947503,42.5994094189044],[-100.904423814331,42.5995510189134],[-100.904359547957,42.5996478188615],[-100.904400148215,42.5997514189535],[-100.904732948875,42.599756419325],[-100.905224614796,42.5996050855008],[-100.905431948659,42.5997010852519],[-100.90555234806,42.5996508189572],[-100.905691214128,42.5996816186972],[-100.905860348031,42.5996258858231],[-100.906111414577,42.599738085509],[-100.90687474721,42.5996136857367],[-100.90707014875,42.5996144858508],[-100.907190814052,42.5996782853327],[-100.907214814342,42.5997452190741],[-100.907051614709,42.5998146192033],[-100.906825414429,42.5999994856992],[-100.906855347193,42.6001040182248],[-100.906967347346,42.6001720187591],[-100.906940948554,42.6002736858235],[-100.90680154709,42.6002964855249],[-100.906723614646,42.6002522859687],[-100.906659748023,42.6001154862159],[-100.906473214651,42.6000012188282],[-100.906425214072,42.5999938194711],[-100.906357948223,42.6000470855657],[-100.906123814022,42.5999296857208],[-100.906075814342,42.599923019018],[-100.906077214815,42.6000560851335],[-100.905792147935,42.6000950861111],[-100.905337747725,42.5999634186177],[-100.905256414259,42.6000398859105],[-100.905058547741,42.6000628186079],[-100.904962814281,42.5999482191773],[-100.904401748114,42.5998238191632],[-100.904253014951,42.5998278858453],[-100.90418554788,42.5998830855723],[-100.904674215225,42.6001090185681],[-100.904913414127,42.6001412192614],[-100.905824547472,42.6003884863348],[-100.906164548129,42.6003888189401],[-100.90661061377,42.6005300854413],[-100.907000147532,42.600550086014],[-100.907195947026,42.6007078851294],[-100.90798774727,42.6009884855535],[-100.908312814334,42.6012108187483],[-100.908439615129,42.6012530187144],[-100.908688214003,42.6012384854513],[-100.908950214842,42.6011412184975],[-100.909423148195,42.6007826851864],[-100.909908014768,42.6007182857685]]]]},"properties":{"NAME":"Merritt Reservoir SRA","AreaType":"SRA"}},
{"type":"Feature","geometry":{"type":"MultiPolygon","coordinates":[[[[-103.501803921261,41.9486664766231],[-103.502174631724,41.94858284841],[-103.5023979017,41.9484687565543],[-103.502770798662,41.9481273603471],[-103.502786226329,41.9478532285191],[-103.503628410383,41.9477753959004],[-103.504480655567,41.947840240833],[-103.504550813991,41.947044741183],[-103.504457817698,41.9466348485729],[-103.504248248827,41.9465501366461],[-103.50453046176,41.9463466546476],[-103.505519192478,41.9460299530511],[-103.505792802245,41.9462166316156],[-103.506478467437,41.9462371609527],[-103.506954225093,41.9464886745276],[-103.507404414001,41.9464816637399],[-103.507504467459,41.946418007383],[-103.507357911812,41.9461440733247],[-103.507286082522,41.9457357524197],[-103.506991241971,41.9452685627102],[-103.506678185382,41.9450256702007],[-103.505986499682,41.944281090866],[-103.506016262664,41.9439109571178],[-103.505838152794,41.943720058332],[-103.505493119775,41.9431318809501],[-103.505065034813,41.9419008521919],[-103.504827946951,41.9413798241548],[-103.504804853062,41.941219119529],[-103.504458686369,41.9406911526763],[-103.50434649218,41.9403988418121],[-103.504224533304,41.9399111050162],[-103.504114211203,41.9396813885935],[-103.503907759487,41.9387876798036],[-103.503740719556,41.9383432690875],[-103.503735282952,41.9377527868281],[-103.503421805054,41.9362148860999],[-103.503239203608,41.9349669645106],[-103.503220798026,41.9347543103994],[-103.505655721129,41.9346426663731],[-103.505646136105,41.9337080514699],[-103.506454400672,41.9346712767355],[-103.506923218842,41.9350826395757],[-103.507346812228,41.9353473664778],[-103.508956302163,41.936019521753],[-103.509842107509,41.9364920850911],[-103.512269931226,41.9382400382942],[-103.514436709912,41.940450068927],[-103.514918038021,41.9408643926993],[-103.51597889627,41.9419207234178],[-103.516241498082,41.9423252454121],[-103.516691263883,41.9435155864266],[-103.517397891262,41.9445214806119],[-103.51779343116,41.9450000644998],[-103.519049156451,41.9460387999487],[-103.519116020753,41.9460380269059],[-103.519844706263,41.9416639578905],[-103.519668463991,41.9385119562035],[-103.516041419912,41.9383917781809],[-103.515705070008,41.9379965069126],[-103.515656812511,41.9377694010532],[-103.51567959199,41.9375170498661],[-103.515802350367,41.9373243236924],[-103.516015722705,41.9371194029372],[-103.516373150678,41.9370017896641],[-103.516653552608,41.9369879925347],[-103.516952138235,41.9370253885152],[-103.517806418104,41.9373909233474],[-103.517996318362,41.9372638964652],[-103.518209158897,41.9369828638001],[-103.518450493993,41.9368704171089],[-103.518314719926,41.9364404518451],[-103.51841297316,41.9359549461312],[-103.518356048717,41.9355809068908],[-103.517543537814,41.9349033601425],[-103.51698216083,41.9347117941939],[-103.516607645103,41.9345181052606],[-103.516396567063,41.9343458624257],[-103.516194166748,41.9340837917474],[-103.516185552803,41.9336818618309],[-103.516424439989,41.9333162810139],[-103.517274984663,41.9330578816462],[-103.517217547282,41.9329199564853],[-103.51718656888,41.9328751187816],[-103.515623440098,41.9320709150568],[-103.515349478191,41.931882635283],[-103.514909108768,41.9313943307945],[-103.514048601777,41.9306541441162],[-103.514077076575,41.9301596389946],[-103.514166996138,41.9298975591357],[-103.514147565579,41.9296891733618],[-103.514047628902,41.9294513568637],[-103.51387094915,41.9291694857835],[-103.513876736995,41.929072150781],[-103.513535357424,41.9288167670772],[-103.513237997099,41.9285128463992],[-103.513207846943,41.9281579205732],[-103.512660412711,41.927587140842],[-103.512631254295,41.9274817339053],[-103.512058781321,41.9271015463494],[-103.511380531721,41.9265808525459],[-103.510975973637,41.9263744997526],[-103.510606379779,41.9260169922089],[-103.510129387838,41.9258461359803],[-103.509812803566,41.9257809665835],[-103.511801118446,41.9236003957586],[-103.511065081123,41.9231854712425],[-103.5105127897,41.9229250209988],[-103.506888679518,41.9208184276351],[-103.505977541682,41.9203384323918],[-103.502154622649,41.9203998214578],[-103.502047103293,41.9183852523105],[-103.500904378878,41.9179073049096],[-103.500485869059,41.9176259596914],[-103.500028864632,41.9172508337011],[-103.499641264944,41.9168052361617],[-103.494607556147,41.9168019173051],[-103.480092825721,41.916945817152],[-103.480073025954,41.9202687255214],[-103.479993654409,41.9206617612004],[-103.479660214149,41.9213656539287],[-103.474276226172,41.9314862290021],[-103.472284298268,41.9351612114128],[-103.471112304046,41.9371595132203],[-103.470752149685,41.9380311812771],[-103.470571794926,41.9390101826936],[-103.470593456002,41.9422204555094],[-103.470543929186,41.9451765734482],[-103.479740764284,41.9453483373649],[-103.479660430643,41.9455956123696],[-103.481158771129,41.9455751402868],[-103.481528199697,41.9453572471632],[-103.487394632388,41.9453762854638],[-103.488405960227,41.9460998388979],[-103.488779798624,41.9461189665079],[-103.489200586571,41.9462021396074],[-103.489414626357,41.9462509273508],[-103.489613579836,41.9463574798662],[-103.489685544772,41.9467141150701],[-103.489775015177,41.9467900427918],[-103.489965439153,41.9466962671215],[-103.49009406802,41.9467102846401],[-103.490403603213,41.9468356444137],[-103.490590883085,41.9467908692764],[-103.490733953269,41.9465369248679],[-103.491309638618,41.946271226836],[-103.491760503059,41.9463318513153],[-103.492137287931,41.9463232008919],[-103.492343675867,41.9463707491416],[-103.492651017374,41.946370380328],[-103.493123804301,41.9464528375218],[-103.494084338698,41.9468230620788],[-103.494341740163,41.9469063378207],[-103.494598825421,41.9469315746137],[-103.495344707381,41.9471913141644],[-103.495455895457,41.9471971469573],[-103.497046492025,41.9476608362467],[-103.497271735599,41.9476690435203],[-103.49864354209,41.9481792801081],[-103.498821184836,41.948201303401],[-103.499291443904,41.9483755612769],[-103.499741173773,41.9484052972724],[-103.500217381485,41.9483897180631],[-103.500634028198,41.9484934876313],[-103.500923341415,41.9486511947896],[-103.501803921261,41.9486664766231]]],[[[-103.517518536801,41.9301500440593],[-103.51699677103,41.9303251191564],[-103.517867577205,41.9315414697115],[-103.518038900303,41.931663356775],[-103.518220746266,41.9316633327164],[-103.518895929017,41.9315071299766],[-103.518383159873,41.9305979462927],[-103.51818379766,41.930312744749],[-103.517893834063,41.9300241128216],[-103.517518536801,41.9301500440593]]]]},"properties":{"NAME":"Minatare Lake SRA","AreaType":"SRA"}},
{"type":"Feature","geometry":{"type":"Polygon","coordinates":[[[-98.3631861704638,40.8280729299486],[-98.3639884199114,40.8279920593991],[-98.3644565894982,40.8277993907326],[-98.3649749668245,40.8277069670524],[-98.3655070955611,40.8277212877352],[-98.3660155617748,40.8278413467042],[-98.3671682044889,40.8278073069301],[-98.367421352431,40.8276989896667],[-98.3676910158995,40.8274385216509],[-98.3679111633312,40.8272953582561],[-98.3681647954651,40.8271890562701],[-98.3684821855264,40.8271182060847],[-98.3690181105434,40.827126337162],[-98.3695461169112,40.8273021964454],[-98.3698814678883,40.8272853986972],[-98.3707165507595,40.8271595452816],[-98.3713144954638,40.8270386027716],[-98.3719304307282,40.8267438743232],[-98.3724793795203,40.826616450343],[-98.3727309320543,40.8263613630556],[-98.3730969676848,40.8261148790963],[-98.3743854141103,40.8256207698351],[-98.3767131834718,40.8251933694548],[-98.3774272309349,40.8251977675153],[-98.3781190010774,40.8253322691706],[-98.3780340959099,40.8232450448744],[-98.3777086740118,40.8234151601102],[-98.3758288163291,40.8213572782557],[-98.3755682105736,40.8212995522164],[-98.3751952686952,40.821301414194],[-98.3744717089715,40.8213487508266],[-98.3732530068463,40.8215226213813],[-98.368836998504,40.8222247535311],[-98.3616490901306,40.8234485271174],[-98.3631861704638,40.8280729299486]]]},"properties":{"NAME":"Mormon Island SRA","AreaType":"SRA"}},
{"type":"Feature","geometry":{"type":"MultiPolygon","coordinates":[[[[-98.0648287591666,42.7493469458137],[-98.0646869609973,42.7453993528255],[-98.0619110266322,42.7453890865407],[-98.0611813287202,42.7455666952717],[-98.0608831114021,42.7459157977993],[-98.0603856190078,42.7462462085989],[-98.0600704675483,42.7465254586905],[-98.0596923648486,42.7469752423522],[-98.0585608361369,42.7474594066097],[-98.058237409397,42.7478586153979],[-98.058321136873,42.748010845985],[-98.0593054388961,42.7481520801134],[-98.0607795949386,42.7485317008572],[-98.0644082290361,42.7499836194107],[-98.0648453699146,42.7498093519548],[-98.0648287591666,42.7493469458137]]],[[[-98.0730365365602,42.7733016370072],[-98.0761561052676,42.7738024696322],[-98.0769731284084,42.7742167724102],[-98.0788300745598,42.7745179505017],[-98.0822941606533,42.775574579144],[-98.0848440573334,42.7767811308912],[-98.0848532066746,42.7748467535403],[-98.0757501458109,42.7735229586764],[-98.0759037370633,42.7732556909624],[-98.07593550239,42.7722445462386],[-98.0767598378172,42.7700696698652],[-98.0798877599584,42.7687867143945],[-98.0797469966484,42.7628180124083],[-98.0834117726646,42.7630206808992],[-98.0825320767614,42.7620586527571],[-98.0824422694875,42.7603963054946],[-98.0818666901389,42.7593727609819],[-98.0809719357765,42.7583195363106],[-98.0776302128011,42.755635818068],[-98.0713113139722,42.7529097400891],[-98.0698209190844,42.7527746011698],[-98.0678892124401,42.7515998135896],[-98.0654264541393,42.7506662136811],[-98.0648565781944,42.7508167876023],[-98.064857557358,42.7505848594812],[-98.062679162557,42.7498081645755],[-98.0603099071991,42.7491387481661],[-98.0583346169922,42.7487696132373],[-98.05837445997,42.7494662293933],[-98.0579940899225,42.7506913936848],[-98.0581932302513,42.7510666083011],[-98.0582546848982,42.7515077362363],[-98.0585523695154,42.7518771319043],[-98.0594287470419,42.7527363436486],[-98.0595211154127,42.7530442164545],[-98.0590863065607,42.7535709543535],[-98.058418090245,42.7540929794826],[-98.0575850249899,42.7548603025051],[-98.0560336192228,42.7554027233466],[-98.0555266540939,42.7557749854706],[-98.0548417021645,42.7560480202023],[-98.0546026020769,42.756196190045],[-98.0543837428293,42.7564977717006],[-98.0543019997317,42.7569524898638],[-98.0539777582198,42.7575134442097],[-98.0538613051179,42.7590587672711],[-98.0524276145857,42.7612296819372],[-98.0492214743361,42.7665769522986],[-98.0445837429171,42.7645998261364],[-98.0446300474767,42.7645402286166],[-98.0429671329352,42.763830746104],[-98.0418219138986,42.7632647034374],[-98.0418242414335,42.762870371417],[-98.0410461153445,42.7628644687472],[-98.0402899306063,42.7622180557351],[-98.0395908975848,42.7615377644888],[-98.0389518217187,42.7608263448252],[-98.0382240866255,42.7594969804803],[-98.0379813780054,42.7588025500628],[-98.0377474935364,42.7573809377979],[-98.0373747852199,42.7573729872854],[-98.0373779598661,42.7575449526714],[-98.037164404272,42.7575403970017],[-98.0371553160162,42.7578157080457],[-98.0373963402952,42.7578208526911],[-98.0375233629747,42.7586207587245],[-98.0377585050851,42.7594076084747],[-98.0380994319051,42.7601734555833],[-98.0385427370231,42.7609105644603],[-98.0390839719818,42.7616114887236],[-98.0397176974821,42.7622691476485],[-98.040437530994,42.7628768966693],[-98.040306235927,42.762874056793],[-98.0417902860141,42.7638517197077],[-98.0417885720285,42.7639058222338],[-98.0441319460247,42.7648872800863],[-98.044176292257,42.764826867707],[-98.044354226057,42.7648986412],[-98.044398571391,42.7648382288318],[-98.0484734795384,42.7666125086332],[-98.0510455160969,42.7676827925],[-98.0521506397291,42.7681132105628],[-98.0532878251321,42.7684956258108],[-98.0544532338047,42.7688287512218],[-98.0684508310709,42.7724825449658],[-98.0700185700064,42.7728118566657],[-98.0730365365602,42.7733016370072]],[[-98.0650732626207,42.771351302331],[-98.0684196828867,42.7717306411673],[-98.0704111364805,42.7722935026074],[-98.0749841802159,42.7733240191901],[-98.075172841697,42.7734562119176],[-98.0705300446781,42.7726794772681],[-98.0688887948062,42.772348662057],[-98.0650732626207,42.771351302331]]]]},"properties":{"NAME":"Niobrara SP","AreaType":"SP"}},
{"type":"Feature","geometry":{"type":"Polygon","coordinates":[[[-98.4560110084716,41.2641612760822],[-98.4562360373486,41.2641590268485],[-98.4565592718491,41.2643350840167],[-98.4568366895751,41.2644242488519],[-98.4572949875752,41.2644281557907],[-98.4589719841072,41.2643334310268],[-98.458372874288,41.2640101201109],[-98.4578580129677,41.2636026743798],[-98.4567123699264,41.263179241521],[-98.4556338750541,41.2629414365882],[-98.4545277048846,41.2629779186009],[-98.4538889946328,41.2629376328744],[-98.4531758625529,41.2630874955161],[-98.4523500206509,41.2634283378006],[-98.451390595673,41.2636503664923],[-98.4505142989948,41.2639027399668],[-98.4504507045609,41.2651816922917],[-98.450930220768,41.2652025367071],[-98.4509627577476,41.2645486049938],[-98.4528424402588,41.2645372083128],[-98.4528428921114,41.264303098519],[-98.4544098387328,41.2642580139917],[-98.4544197031329,41.2641771712952],[-98.4560110084716,41.2641612760822]]]},"properties":{"NAME":"North Loup SRA","AreaType":"SRA"}},
{"type":"Feature","geometry":{"type":"Polygon","coordinates":[[[-96.8376499495394,40.5846404043208],[-96.8376514676922,40.5848528416848],[-96.8422588243765,40.5848292832752],[-96.8427162599939,40.5846584906981],[-96.843059671554,40.5846719420587],[-96.8434291540203,40.5853342638657],[-96.8435086279734,40.5857838063244],[-96.8432351646313,40.5861218992197],[-96.8433238651807,40.5862317337101],[-96.8424108067462,40.5865745062933],[-96.8496443899602,40.5866203700348],[-96.8496299477454,40.5857156009755],[-96.85022514091,40.5848151749686],[-96.85043790958,40.5847253818033],[-96.85202806777,40.5847355230154],[-96.8519975367285,40.5830259821985],[-96.8532016385353,40.5830404415529],[-96.8531667767158,40.5812115908623],[-96.8518470895796,40.5812039993917],[-96.8517754642071,40.5775874673047],[-96.8494399639443,40.5775740015559],[-96.8493768222613,40.5740476301237],[-96.8564223719167,40.5740900369041],[-96.8564169380076,40.5739078083305],[-96.8486256995298,40.5738571834322],[-96.8486465009185,40.5773096688225],[-96.848613841768,40.5774725887423],[-96.8375988928919,40.5774940080202],[-96.8376251793938,40.5811729103083],[-96.8421737566141,40.5811755069787],[-96.842387473905,40.5845125551674],[-96.8420028224869,40.5846242984286],[-96.8376499495394,40.5846404043208]]]},"properties":{"NAME":"Olive Creek SRA","AreaType":"SRA"}},
{"type":"Feature","geometry":{"type":"Polygon","coordinates":[[[-96.8631996558822,40.8574504070741],[-96.8652771914364,40.8574795342886],[-96.8634523717346,40.8556582957467],[-96.8632014345465,40.8546765115048],[-96.8634646561961,40.8533229349886],[-96.865756102179,40.8533177064386],[-96.8680184741878,40.8532403972337],[-96.8680248899555,40.8532142585239],[-96.8681385367204,40.8532506083757],[-96.8681078269141,40.8533330034285],[-96.8678228256105,40.8535596353295],[-96.8674929938825,40.8535678351878],[-96.8673727310256,40.8537944024154],[-96.867438158921,40.854103052447],[-96.8676848884003,40.8537501268532],[-96.8679339202616,40.8536188872326],[-96.8684376191162,40.8535693028454],[-96.8687508499777,40.8535893927653],[-96.868931568555,40.8536308656191],[-96.8690979069012,40.8537292691816],[-96.869449392519,40.8537309984314],[-96.8695314527219,40.8543044960418],[-96.8698197903685,40.854905637175],[-96.8701016906878,40.8553159976131],[-96.8702672717543,40.8554382189038],[-96.8703765571985,40.8557500601221],[-96.8705142976776,40.8559575641292],[-96.8705535486656,40.8561763374315],[-96.8706421018914,40.8562792806508],[-96.8706904932374,40.856448357871],[-96.8708530263201,40.8566444029814],[-96.8709696159659,40.8570226432046],[-96.8709167240603,40.8573091504333],[-96.8710048856206,40.857496672934],[-96.8712385742569,40.8576487490872],[-96.8715559634198,40.8577356385246],[-96.8716036010794,40.8578192468923],[-96.8714110283336,40.8579515380969],[-96.871441350966,40.8581808895589],[-96.8715232773199,40.8579750591478],[-96.8717388523268,40.8578072719808],[-96.8717755026921,40.860515810703],[-96.8713386142402,40.8623952813095],[-96.8725043022889,40.863637021157],[-96.8726282796796,40.8647827495295],[-96.8812901886869,40.8648061363596],[-96.8793400360366,40.8619135477552],[-96.8788091559582,40.8612364713766],[-96.8787098184575,40.8604148035659],[-96.8789400674446,40.8579213885531],[-96.8787341861579,40.8578661919217],[-96.878903367672,40.8578615031954],[-96.8792002752464,40.8580004268694],[-96.8792962557429,40.8581404203453],[-96.8794208287167,40.858171311041],[-96.8796453347742,40.8582183387105],[-96.8800295846454,40.8581777390704],[-96.8801891137617,40.8584904954816],[-96.8799523618703,40.8584337101581],[-96.8799193640549,40.8586809626359],[-96.8799818023571,40.8586916437765],[-96.8799281136458,40.8588002854382],[-96.8800112446405,40.8589495763905],[-96.8799413593047,40.8591723170993],[-96.8797459847135,40.8593927511368],[-96.8795885190274,40.8594089211263],[-96.8793260582508,40.859370728692],[-96.8791416691573,40.8594436016637],[-96.8792441651346,40.8594661085042],[-96.8793083416768,40.8595324637915],[-96.8794970292089,40.8595216346752],[-96.8797841316721,40.8595745797227],[-96.8799377552637,40.8594820739732],[-96.8801206253061,40.8594568372658],[-96.8801891425078,40.8592769705003],[-96.8802707095356,40.8592784699639],[-96.8804244382302,40.8589857722652],[-96.8803680752343,40.858784542654],[-96.8802768468256,40.8586923014537],[-96.8803830097259,40.8585131263004],[-96.8802208503424,40.8580859250628],[-96.8802743872384,40.8579820456844],[-96.8802336576234,40.8578812004638],[-96.8803128989129,40.8577587288947],[-96.8805742430836,40.8576348364122],[-96.8807636375899,40.8574047587854],[-96.8807478523937,40.8573091382035],[-96.8808653448464,40.8571683025107],[-96.8813110655341,40.8569715333128],[-96.8816403582729,40.8568822539723],[-96.881751521196,40.8571369207956],[-96.8821478066954,40.8575064553787],[-96.8825500156858,40.857690203773],[-96.8828596685575,40.857720372446],[-96.8835694750742,40.857613589971],[-96.884143519202,40.8577242227676],[-96.8843665124965,40.8578188772837],[-96.8844603792572,40.858025560859],[-96.8844350368847,40.8582300553668],[-96.8845014771815,40.858312304945],[-96.8849232784281,40.8584725716828],[-96.8851390905903,40.8585956934955],[-96.8851381302913,40.8586862702546],[-96.8856483419316,40.858967287403],[-96.8856373690104,40.8591148481902],[-96.8858129007153,40.8591228333454],[-96.8858422414891,40.8589899092265],[-96.8859686371445,40.8589636273902],[-96.88631227508,40.8592130194006],[-96.8865009617139,40.8592021786819],[-96.8865967436827,40.8591515032584],[-96.8869866646183,40.8591300507618],[-96.8869772951899,40.859029782074],[-96.8871564812413,40.8587582097798],[-96.8876226655513,40.8586745862911],[-96.8877217775749,40.8587428121298],[-96.8876363801307,40.858792758851],[-96.8872132924965,40.8588170711243],[-96.8874349751491,40.8592037556003],[-96.8882086428993,40.8596795986894],[-96.8895027118802,40.8600593780977],[-96.8903085662671,40.8603839492454],[-96.8917400101127,40.8617685877819],[-96.8918276533451,40.8590056118765],[-96.8971349027386,40.8583917334624],[-96.8971197310918,40.8575243896303],[-96.8943245862543,40.857526877705],[-96.8943314179421,40.8557129289162],[-96.8918246107512,40.8557232646958],[-96.8918523112013,40.8574166427258],[-96.8913588396663,40.8575363149945],[-96.8887052890806,40.8574734567778],[-96.8880564853582,40.8571469845793],[-96.8875782501487,40.8561944541343],[-96.8871786947817,40.8557295482401],[-96.8868439852018,40.8555947189279],[-96.8868943501465,40.8551952545898],[-96.8867392003171,40.8544733968857],[-96.8864038277805,40.8541621931114],[-96.8854575568333,40.853715857132],[-96.8853853915733,40.8534190090967],[-96.8852584901663,40.853264153017],[-96.8849974154902,40.8531831005214],[-96.8842336561576,40.8525256093024],[-96.8839879184183,40.8525544648512],[-96.8839201198689,40.8525150888844],[-96.8836612388788,40.8525931286984],[-96.8831762321687,40.8528112580933],[-96.88300304866,40.8529272416434],[-96.8827716776771,40.852899160862],[-96.8823364529051,40.8521761909633],[-96.882268504337,40.8521415772876],[-96.8822202360601,40.8518832994856],[-96.8822532204008,40.8516360454186],[-96.8821485792466,40.8515199345816],[-96.8820748239685,40.8511275185503],[-96.8819382746554,40.8509351087374],[-96.8819088754911,40.8508194132052],[-96.8819624043022,40.850715532625],[-96.8822005952948,40.8505292473292],[-96.8821024426719,40.8502605192502],[-96.8819171399917,40.8501475561937],[-96.8819070025037,40.8500901018792],[-96.881641945596,40.8499374708835],[-96.8814642148153,40.8496053154846],[-96.8812032614118,40.8493240629224],[-96.8808787126761,40.8492656667653],[-96.8803060932763,40.8496298703178],[-96.8802609259838,40.8495450692631],[-96.8801492186816,40.8495048828876],[-96.8799609704256,40.849305994625],[-96.879859137405,40.8489561672245],[-96.8799063474665,40.8486567442224],[-96.8801128656587,40.8484794140133],[-96.8800999245287,40.8480978537707],[-96.8798720192462,40.847764774502],[-96.8795420276182,40.8476590027528],[-96.8790852271097,40.8477420034258],[-96.8784973695877,40.847567895831],[-96.8783276931019,40.8474870035323],[-96.8782387580922,40.8473833351787],[-96.8787759892596,40.8475998216275],[-96.879374988586,40.8475155085977],[-96.8801184010775,40.8472972843014],[-96.8804560274871,40.8460191092824],[-96.8824183657843,40.8459125994741],[-96.8824825522079,40.8393564558739],[-96.8800919079631,40.8393530380805],[-96.8801008156575,40.8384477475163],[-96.8776867756894,40.838442589833],[-96.877723674888,40.8356967409996],[-96.8765602389158,40.8356909455863],[-96.8765626149597,40.8339261320215],[-96.8753397904657,40.8339123822444],[-96.8753477755903,40.8330040009511],[-96.871723979819,40.8329679648814],[-96.8717355043058,40.8338813517806],[-96.870530753017,40.8338774749257],[-96.8705216306253,40.8347933463792],[-96.8681425503931,40.8347923139701],[-96.8681394943245,40.8357010751555],[-96.8627015436504,40.8356934270046],[-96.8626617024693,40.8360251532673],[-96.8627294884423,40.836330941832],[-96.8630504843411,40.8363183499943],[-96.8632388538696,40.8365792316944],[-96.8633106768715,40.8373259980079],[-96.8630316278049,40.8381196952204],[-96.8627768790651,40.8382350901015],[-96.8623055716631,40.8380585727084],[-96.8620312315652,40.8384710335444],[-96.8621687824998,40.8396692651125],[-96.8619294102227,40.8397642084329],[-96.8615800841548,40.8400757652658],[-96.8616677776928,40.8404838674743],[-96.861837121802,40.8408778613677],[-96.8617543258789,40.841696166929],[-96.8614791072286,40.8420566091024],[-96.8609544893061,40.8420513062678],[-96.8609430043452,40.8429529186589],[-96.8585586545956,40.8429191027496],[-96.8584361109161,40.850209513542],[-96.8608462989082,40.8502098179606],[-96.8607276377474,40.8574211697789],[-96.8631996558822,40.8574504070741]]]},"properties":{"NAME":"Pawnee Lake SRA","AreaType":"SRA"}},
{"type":"Feature","geometry":{"type":"Polygon","coordinates":[[[-96.1107200334632,41.8358450723494],[-96.1107257027309,41.8360063146782],[-96.1141633981181,41.8360808942966],[-96.1141652845802,41.8366412847635],[-96.114403977731,41.8366376859941],[-96.114351566424,41.8301007231526],[-96.1122472197519,41.8307598183434],[-96.1122615173379,41.8308406511199],[-96.1120016616757,41.8315815892735],[-96.1117804587235,41.8325171235734],[-96.1116737406644,41.8326810442471],[-96.1111930252064,41.833947760426],[-96.1111172702785,41.8343601189801],[-96.1108265889273,41.8352668834794],[-96.1108273093761,41.8355685955552],[-96.1107200334632,41.8358450723494]]]},"properties":{"NAME":"Pelican Point SRA","AreaType":"SRA"}},
{"type":"Feature","geometry":{"type":"Polygon","coordinates":[[[-96.2081664080621,40.9891451983663],[-96.2082527765851,40.9894194508318],[-96.2085338405729,40.9893839006552],[-96.2087164662735,40.9896523674825],[-96.2089781122781,40.9918958720324],[-96.2082593576429,40.992893869386],[-96.2081985309183,40.9930888585537],[-96.2060493933478,40.993151799457],[-96.2059416503109,40.9920016688457],[-96.20665565196,40.991759657648],[-96.2063966748501,40.9915008603232],[-96.2058284697716,40.9912286635705],[-96.205693756615,40.9907255207096],[-96.2048983667029,40.9904684978906],[-96.2040292251059,40.9896702523487],[-96.2039769602244,40.9892967766033],[-96.2038071418047,40.9889355089473],[-96.2029975827657,40.9886564882178],[-96.2020509138647,40.9887501328828],[-96.2016059944742,40.9890443795002],[-96.2004065082113,40.988727724953],[-96.2003073934927,40.9887444213906],[-96.2000318990597,40.9892553487837],[-96.1982127989313,40.9895536914295],[-96.1975150594838,40.9893367302579],[-96.1975488334435,40.9867814702963],[-96.1973610792609,40.9867817164478],[-96.1973832245293,40.994029494964],[-96.1902077614158,40.9940445709273],[-96.1902282879201,40.998443051422],[-96.1911752173324,40.9983486923694],[-96.1920928239373,40.9981479836741],[-96.1945320364962,40.9972967604012],[-96.1945235042976,40.9950659646673],[-96.1973863722261,40.9950608761427],[-96.1973900885564,40.996279111271],[-96.2030793905419,40.9938370708558],[-96.2044140777467,40.9933813093564],[-96.2050429667175,40.993266005297],[-96.2050703132314,40.9933350266556],[-96.2061001840939,40.993219110248],[-96.2084644726666,40.9931467758763],[-96.2084669493219,40.9930668562094],[-96.2099269991195,40.993027880513],[-96.2108354914174,40.9929640932982],[-96.2144647714035,40.9922226176581],[-96.2151981056958,40.992135495323],[-96.2164238515111,40.9921848707628],[-96.2173301995305,40.992291874713],[-96.2218417095673,40.9933063301443],[-96.2218989484205,40.9934411608548],[-96.2228833070375,40.9936638460299],[-96.2244901954514,40.99389809222],[-96.2264116181823,40.993935346563],[-96.2286301847446,40.9938360436395],[-96.2287461940787,40.9866013312838],[-96.2061244826241,40.9866964042419],[-96.2063813576762,40.9869233408399],[-96.2064629938743,40.9872093790879],[-96.2068835320897,40.9874081559629],[-96.2070086206964,40.9875263623439],[-96.2069842952168,40.9876394773814],[-96.2068522518532,40.9876878003961],[-96.2066128490333,40.9876772011114],[-96.2062563885454,40.9877972690526],[-96.2062850034805,40.9878815525252],[-96.2065366233882,40.9881305114205],[-96.2068629157539,40.9882962592742],[-96.2068927667708,40.9888135776746],[-96.2069702797017,40.9890632931781],[-96.2071893473585,40.9890790110622],[-96.2073020715536,40.9890336461737],[-96.2074889328108,40.988448850489],[-96.2075874061322,40.9883511504363],[-96.2081206433899,40.9891422487235],[-96.2081664080621,40.9891451983663]]]},"properties":{"NAME":"Platte River SP","AreaType":"SP"}},
{"type":"Feature","geometry":{"type":"MultiPolygon","coordinates":[[[[-96.7089278237204,42.6296447662399],[-96.7093659770002,42.6288047760786],[-96.7099229800871,42.6279982285779],[-96.7103915682887,42.6275286098949],[-96.7109632462541,42.6271260433496],[-96.7117962135928,42.6267354488772],[-96.71551884291,42.6257315179183],[-96.7162359814761,42.6254286013333],[-96.7171181594244,42.6248860806668],[-96.7172363516647,42.6247519710174],[-96.7176631340696,42.6239310532322],[-96.7183471733107,42.623215775119],[-96.7190128923099,42.6221871931401],[-96.7191744641952,42.621849179235],[-96.7192614534541,42.6214965225848],[-96.7192734432682,42.6213772528137],[-96.7191673764876,42.6210437420335],[-96.7188464479625,42.6205253061064],[-96.7177631192557,42.6193600715813],[-96.7174965702463,42.6186974834159],[-96.7169833600295,42.6179221152772],[-96.7169110627171,42.6174618949241],[-96.716922265607,42.617022678547],[-96.7171123841555,42.6163049564055],[-96.7176753224114,42.6151411171259],[-96.718359633842,42.6135222425299],[-96.7200061756892,42.6123956157042],[-96.7246517233495,42.6124329786468],[-96.7249787460456,42.6128421362756],[-96.7258696322623,42.6134018745943],[-96.7264376693558,42.6135263281509],[-96.7270515537664,42.614163948165],[-96.7286830245781,42.6152390305788],[-96.7369794351475,42.615325692219],[-96.7370328498726,42.6117795070352],[-96.7321312203726,42.611751249342],[-96.7322108012253,42.6064255401053],[-96.7316091392924,42.6054285613669],[-96.7312156789946,42.6049897203157],[-96.7307115004397,42.6046181650333],[-96.7284487789863,42.6033208131129],[-96.7279674580638,42.6028890097511],[-96.727534131432,42.6023358890274],[-96.7272379326283,42.6017354412462],[-96.727069528157,42.6010968039777],[-96.7269628918445,42.598223443458],[-96.7269011560249,42.5979888224916],[-96.7267655562311,42.5977716932437],[-96.7264841895111,42.597531079439],[-96.7258868601528,42.5972404861051],[-96.7254378507328,42.5969183272086],[-96.7251346001541,42.5965812943815],[-96.724803514378,42.5960385600818],[-96.7245062340027,42.5957914529728],[-96.724014689354,42.5955962207746],[-96.7232479539028,42.5955198062225],[-96.7226867520903,42.5953476643333],[-96.7225848193567,42.5896546124019],[-96.6979194630886,42.5895417662702],[-96.6983604289936,42.5901780901758],[-96.6994295337761,42.5910525269484],[-96.7008285592198,42.5926982963134],[-96.7014738702924,42.5931916498969],[-96.7033781010654,42.5949497549265],[-96.7036839387921,42.5951575862293],[-96.7080700790495,42.5987224758541],[-96.7119083305268,42.6025229611476],[-96.7134031577023,42.6036244687038],[-96.7151840479902,42.6054465887001],[-96.7153344457317,42.6064136421868],[-96.7152467908212,42.6073849002413],[-96.7108650972245,42.607447118186],[-96.7114841370665,42.6117639276876],[-96.7114356819401,42.6130867078454],[-96.7115496350305,42.6139489709722],[-96.7112754620193,42.6174599785056],[-96.7106628460298,42.6195999479731],[-96.7098822289125,42.6210206491596],[-96.7093271922378,42.6222117252645],[-96.7085970056423,42.6233362582683],[-96.7073150729009,42.6249990498469],[-96.7072926832908,42.6253182821347],[-96.7039645509273,42.6293870482685],[-96.7068474593713,42.629404060741],[-96.7089278237204,42.6296447662399]]],[[[-96.7452584552314,42.6602265903606],[-96.7453666501208,42.6602387369541],[-96.7454837140771,42.6601136289755],[-96.7456995567819,42.6600459092548],[-96.7459549280543,42.6600915679358],[-96.7461048919095,42.6602247360346],[-96.7469852390913,42.6600805846466],[-96.7473447583428,42.6598185289734],[-96.7478729524585,42.659328338342],[-96.7481709667573,42.6593557301713],[-96.7484259418726,42.6592134621739],[-96.7488677486007,42.6592456323052],[-96.7502185830227,42.6587365578596],[-96.7511049677815,42.6584822073524],[-96.7511693284784,42.6582570536171],[-96.7513024075995,42.6580857054615],[-96.7514960286792,42.6579494013862],[-96.7517768159859,42.6578494912949],[-96.7518360634721,42.6558648137033],[-96.7517449410647,42.6498017762063],[-96.7516435104893,42.6495555074352],[-96.7508909163173,42.648503514903],[-96.74998064805,42.6470180256248],[-96.7497939350148,42.6464424367324],[-96.7498839803423,42.6461301344502],[-96.7501736906147,42.6459613430579],[-96.7513720396104,42.6459383539165],[-96.7515651764982,42.6458258231624],[-96.7516174386848,42.645687262144],[-96.7514298767417,42.6451349232826],[-96.7506349925811,42.6444562711298],[-96.7502687988471,42.6440516401094],[-96.7497785450774,42.6432277475902],[-96.7490421322586,42.6412202746367],[-96.7488621907241,42.6405304324604],[-96.7420620455329,42.6406909308187],[-96.7421537590318,42.6443048569343],[-96.7371987058235,42.6443446350292],[-96.7371525378078,42.640761627439],[-96.7293233508991,42.6409076745447],[-96.7290533056467,42.6514731356684],[-96.7372352726455,42.6514215051875],[-96.7373509522979,42.6550678047537],[-96.7422889429057,42.655025908163],[-96.7420793102543,42.660021621275],[-96.7424627498452,42.6599701207645],[-96.7429391677628,42.6600405550132],[-96.7432902087146,42.6599916619471],[-96.7437261458506,42.6600586160805],[-96.7440896724866,42.660027653304],[-96.7443579175152,42.6600730702154],[-96.7445971280956,42.6601735151297],[-96.7448405374016,42.6600975702305],[-96.7452421346393,42.6600839491296],[-96.7452584552314,42.6602265903606]]]]},"properties":{"NAME":"Ponca SP","AreaType":"SP"}},
{"type":"Feature","geometry":{"type":"Polygon","coordinates":[[[-95.8481722811179,40.6891375292355],[-95.8482760068888,40.6892977965715],[-95.8479314930959,40.6893074607705],[-95.8481705024536,40.6913724570735],[-95.848675004402,40.6933011146473],[-95.8489997013598,40.6941652251259],[-95.8525005240569,40.6933854233366],[-95.8520327811699,40.69275563626],[-95.8513571807026,40.6916683782405],[-95.8509753679608,40.6911645787107],[-95.8499512705706,40.689250787457],[-95.8499657397348,40.6889361673392],[-95.8501386214096,40.6889410028708],[-95.8501723783013,40.6882068903508],[-95.8499994993215,40.6882020534035],[-95.8500175680352,40.6878278227469],[-95.8483788190731,40.6877819658138],[-95.8483969695334,40.6884448069647],[-95.8481722811179,40.6891375292355]]]},"properties":{"NAME":"Riverview SRA","AreaType":"SRA"}},
{"type":"Feature","geometry":{"type":"Polygon","coordinates":[[[-101.758884629972,40.0930190771741],[-101.758859935285,40.0933294993321],[-101.758981275222,40.0938747739749],[-101.760193345984,40.0943797428855],[-101.762225293834,40.0961323607849],[-101.762273520788,40.0991587480796],[-101.764490096684,40.0991753166163],[-101.766263079102,40.1003456956868],[-101.767746904611,40.1002005900432],[-101.767678806024,40.099602890936],[-101.766247724199,40.0984454375554],[-101.765856134194,40.0981732097414],[-101.765276924753,40.0978757956669],[-101.765001964818,40.0971512673982],[-101.764982997789,40.0965751559165],[-101.764493233601,40.0956202045568],[-101.763874595306,40.0951082911754],[-101.762691850945,40.0935680940766],[-101.762564161716,40.0884618843085],[-101.76342074756,40.0884576886038],[-101.763644243013,40.0870795522798],[-101.763212451602,40.0867609601659],[-101.76319255841,40.0860392846833],[-101.76296982922,40.0860560749696],[-101.762040327124,40.0853971091384],[-101.760249838337,40.08606131549],[-101.760259108053,40.0874093048185],[-101.760421960936,40.08775338797],[-101.75999918322,40.089269737171],[-101.760231854065,40.0901126565188],[-101.760351350659,40.0903052409439],[-101.759738972723,40.0914304774484],[-101.759285770866,40.0914269815239],[-101.758884629972,40.0930190771741]]]},"properties":{"NAME":"Rock Creek Lake SRA","AreaType":"SRA"}},
{"type":"Feature","geometry":{"type":"MultiPolygon","coordinates":[[[[-97.0626515779291,40.1099842331965],[-97.0579697167718,40.1100070099344],[-97.0580225646599,40.1080089570039],[-97.0572280694698,40.108684538762],[-97.0565658287474,40.1091403377296],[-97.055650408642,40.1096507219884],[-97.0548640090692,40.1099999107547],[-97.0533006485224,40.1105099924517],[-97.0518790645853,40.1109139249035],[-97.050142954416,40.1113435511082],[-97.048581396788,40.1116725581394],[-97.0485883236971,40.113711480389],[-97.0579105627103,40.1136794372297],[-97.058012675107,40.1171662244924],[-97.0617667688153,40.1171877622845],[-97.0673981770757,40.1171506639967],[-97.0673973093032,40.1136905055248],[-97.0626319443503,40.1136672800339],[-97.0626515779291,40.1099842331965]]],[[[-97.0579616588837,40.1027529073566],[-97.0485512169877,40.102789175908],[-97.0485804625401,40.1113980425547],[-97.0511438995264,40.1108177302804],[-97.0533280309689,40.1102272270406],[-97.0544705865007,40.1098511493455],[-97.0555688119698,40.1093596596727],[-97.0564492912039,40.108853488976],[-97.0572019536479,40.1083226278889],[-97.0578265405868,40.1077897426967],[-97.0580205748916,40.1076028086962],[-97.0579968009776,40.1027527706211],[-97.0579616588837,40.1027529073566]]]]},"properties":{"NAME":"Rock Creek Station SHP","AreaType":"SHP"}},
{"type":"Feature","geometry":{"type":"Polygon","coordinates":[[[-97.0626515779291,40.1099842331965],[-97.0626319443503,40.1136672800339],[-97.0673973093032,40.1136905055248],[-97.0673951928723,40.1100315873945],[-97.0626515779291,40.1099842331965]]]},"properties":{"NAME":"Rock Creek Station SRA","AreaType":"SRA"}},
{"type":"Feature","geometry":{"type":"Polygon","coordinates":[[[-96.5811197678389,40.2188211364502],[-96.5798251266313,40.2152691372913],[-96.5796327371418,40.2152714675486],[-96.579717952228,40.211635663693],[-96.5768593450089,40.2116048734147],[-96.5769209056571,40.2122014530603],[-96.5768811129849,40.212566224875],[-96.5759364904462,40.2148770478808],[-96.5757935047041,40.2155604709763],[-96.5757997246392,40.2187775340287],[-96.5768040276521,40.218791320041],[-96.5768647896979,40.233194307258],[-96.5816695727254,40.2332748262379],[-96.5816241871423,40.231532867505],[-96.5850028021299,40.2315274825212],[-96.5849828909716,40.2297801554454],[-96.5861143460214,40.2297604385681],[-96.5861514482393,40.2288282741045],[-96.5896614094978,40.2288072387694],[-96.5897196715322,40.2243284565394],[-96.5908254940536,40.2243429259337],[-96.5908302138022,40.2225851983871],[-96.5905870694992,40.2226021243648],[-96.5906023651135,40.2216443146545],[-96.5860885374233,40.2216217145836],[-96.5861193163999,40.2189289804023],[-96.5811315932613,40.2188883268997],[-96.5811197678389,40.2188211364502]]]},"properties":{"NAME":"Rockford Lake SRA","AreaType":"SRA"}},
{"type":"Feature","geometry":{"type":"Polygon","coordinates":[[[-99.3708231251486,40.6645010386785],[-99.3708695240314,40.6650420793546],[-99.3707419084638,40.6724790578376],[-99.3800502783873,40.6722974579178],[-99.3800832959656,40.6649441244901],[-99.3800289407044,40.6640152574664],[-99.3709042861379,40.6639719810122],[-99.3708231251486,40.6645010386785]]]},"properties":{"NAME":"Sandy Channel SRA","AreaType":"SRA"}},
{"type":"Feature","geometry":{"type":"MultiPolygon","coordinates":[[[[-96.2448906813306,41.0266734738772],[-96.2448756049052,41.0303473245244],[-96.250031188136,41.0302169042881],[-96.2558956005165,41.0302007970749],[-96.2581020434157,41.0265561299242],[-96.2582911980718,41.0259791706445],[-96.258330956608,41.0255898939516],[-96.2583064595502,41.0253271761029],[-96.2581858732997,41.0248208880436],[-96.2580096606719,41.0244308156424],[-96.2572938174765,41.0243168908414],[-96.2574028630705,41.0236120607484],[-96.2565399521883,41.0230605413801],[-96.2557497365722,41.022767665177],[-96.2550326581933,41.0226268971907],[-96.2538554672175,41.0224844487964],[-96.2526250672307,41.0222596956263],[-96.2517559966007,41.0219720609003],[-96.2513171588046,41.0217804774467],[-96.2505515183997,41.021276061849],[-96.2494672419703,41.0204797861961],[-96.249116524412,41.0201793306538],[-96.2465580937368,41.0189564526688],[-96.2457221808222,41.0184789218415],[-96.2450576529891,41.0180183761547],[-96.2450133597573,41.0195341200636],[-96.2427466659538,41.0195539806431],[-96.2426581387791,41.0232355628595],[-96.2449047103204,41.0232516006151],[-96.2448906813306,41.0266734738772]]],[[[-96.2492202762341,41.020034170666],[-96.251270139186,41.0213980686217],[-96.2517944157487,41.0216536505867],[-96.2524075033537,41.0218922839477],[-96.2530552713186,41.0220536961202],[-96.2543507156201,41.0222275687976],[-96.25577448426,41.0224938476361],[-96.2565891124923,41.0227670491178],[-96.2574598423106,41.0232437633689],[-96.2575084762018,41.0232091761886],[-96.257311324743,41.0226146783169],[-96.2568005857916,41.0224681106169],[-96.2563388652103,41.0210844797594],[-96.2564653210529,41.0198578427631],[-96.256535489358,41.0197782509901],[-96.2562129321873,41.0196657143363],[-96.2553653995645,41.0196560514425],[-96.2549282281432,41.0197546695545],[-96.2541120871481,41.0198055560494],[-96.25388354496,41.0197835565239],[-96.2538257419647,41.019728387898],[-96.2537256112516,41.0197715153744],[-96.2533555080495,41.0197378637183],[-96.2531892370769,41.0196635563331],[-96.2530498688505,41.0197305743652],[-96.2516287673086,41.0197463249246],[-96.2512392434284,41.019654273665],[-96.2510757266905,41.0195138263854],[-96.2509092868347,41.0194436497382],[-96.2506420254612,41.0194331321472],[-96.2503456308248,41.0193350266244],[-96.2489741046086,41.0190788365124],[-96.2484456131505,41.018913115227],[-96.2483277802364,41.0188565096707],[-96.2483296747833,41.0188110392096],[-96.2481356054443,41.0187484738967],[-96.2480748811277,41.0187635747057],[-96.2479041949355,41.01866432749],[-96.247933549184,41.0186153765184],[-96.2478919526948,41.0185647290367],[-96.2478259444877,41.0185755646433],[-96.2476027472756,41.0184254106447],[-96.2468880682968,41.0181393756802],[-96.2467142829169,41.0181145329856],[-96.2466940025511,41.0180768083738],[-96.2463220748706,41.0179561971027],[-96.2460009909369,41.0177954235278],[-96.2452586725935,41.0176790763665],[-96.2450654485691,41.017751579017],[-96.2452629854051,41.0179507883988],[-96.2458160520744,41.0182783090209],[-96.2470004062164,41.0189262145362],[-96.2492202762341,41.020034170666]]],[[[-96.258655708363,41.0250031488861],[-96.2587231457896,41.0257565689067],[-96.2584910750191,41.0265929002306],[-96.2582030356132,41.0272249521451],[-96.2563507750743,41.0301995339234],[-96.259353751441,41.0301911580894],[-96.2595004687848,41.0251135972094],[-96.2585547673694,41.024631950539],[-96.258655708363,41.0250031488861]]]]},"properties":{"NAME":"Schramm Park SRA","AreaType":"SRA"}},
{"type":"Feature","geometry":{"type":"Polygon","coordinates":[[[-98.8992205663704,41.3371684492922],[-98.9020487323794,41.3371556117742],[-98.9027596348407,41.3375494579581],[-98.9027276233756,41.3378115940362],[-98.9020951294655,41.3378468066372],[-98.9016363418836,41.3380251625839],[-98.9007848764365,41.3389236398886],[-98.9016463814552,41.3386198515433],[-98.9018385984681,41.3386163348449],[-98.9020687890647,41.3386828627354],[-98.9027568877926,41.3393965084725],[-98.9038308883934,41.3401958138172],[-98.9040670464985,41.3408871659364],[-98.9038605130349,41.3415543151187],[-98.9034648105421,41.3418280630824],[-98.903227578052,41.3418636127547],[-98.903669524019,41.342400224977],[-98.9033360604023,41.3433532614634],[-98.9033782758308,41.3440543193052],[-98.9040130155291,41.3453796256247],[-98.9040117030905,41.3462733589459],[-98.9035840124887,41.3467734929452],[-98.9032987398939,41.3472022457307],[-98.904089334599,41.3472505733746],[-98.9044058964136,41.3470482561728],[-98.9049128741189,41.3463932719808],[-98.90530882275,41.3459646062606],[-98.9051993235068,41.3451422801074],[-98.9057226244991,41.3441178951203],[-98.9051544445735,41.3433786076329],[-98.9054399462388,41.3427711034593],[-98.9057893783079,41.3416869911896],[-98.9064114382859,41.3409333029382],[-98.9064083974887,41.3400430250857],[-98.9064823485995,41.3389926920005],[-98.9066025072519,41.3388491427081],[-98.906507790685,41.3385405139967],[-98.9066033983807,41.33838272285],[-98.9067481034982,41.3382534050085],[-98.9066858861816,41.3381470616301],[-98.906731808059,41.3378486122209],[-98.9068239644273,41.3376616237683],[-98.9090214861574,41.3376136343429],[-98.9141890331512,41.3376127865181],[-98.9143279073043,41.3378130873363],[-98.9148018395835,41.3381185002139],[-98.9149976184166,41.3383331421943],[-98.9150288321777,41.3386477591763],[-98.9153825348377,41.3390102807852],[-98.9160968499988,41.3392872654106],[-98.916327010951,41.3394400788468],[-98.9165322427558,41.3396636422954],[-98.9166287451735,41.3399270405446],[-98.9169447653039,41.3404510706122],[-98.9169796019706,41.340665226045],[-98.9171200769215,41.3407667085974],[-98.9173719456626,41.3414031617275],[-98.9180442142785,41.3424546746374],[-98.9185439614441,41.3430868590152],[-98.918733326306,41.3431453391423],[-98.9187728782296,41.3432493233162],[-98.919174885099,41.3436192156809],[-98.9192717657075,41.3438940380793],[-98.9195134017391,41.3440587131252],[-98.9196231947315,41.3447856943808],[-98.9197966387516,41.3451909741331],[-98.9210761038208,41.3460863960309],[-98.9211115809864,41.346159256945],[-98.9212165275678,41.3461913331477],[-98.9215202075411,41.3464083203568],[-98.9219929243998,41.3466105417606],[-98.9223719730255,41.3470040414556],[-98.9223715912416,41.3473257852308],[-98.9222923966644,41.3474329802008],[-98.9220394688096,41.3473613103215],[-98.921897005887,41.3474803783772],[-98.9216752055552,41.3478258039204],[-98.9208840574878,41.3482185065803],[-98.9204723694746,41.3486591315462],[-98.9200133797718,41.3489805569347],[-98.9198708377974,41.3491592047349],[-98.9200761684169,41.3493619267374],[-98.9200122856237,41.3498742893823],[-98.9202334481517,41.3500651061417],[-98.9200905684109,41.3505178326175],[-98.9200308115798,41.3505278972761],[-98.9200584015372,41.3509587185033],[-98.9197099189873,41.3514232167825],[-98.919962684247,41.3518004143224],[-98.9199419915544,41.3516655207328],[-98.9202018858442,41.351481465542],[-98.9204140247952,41.3511346291134],[-98.920470193755,41.3504465970435],[-98.9208495442146,41.3506017714857],[-98.9210705953515,41.3508879183643],[-98.9210552853641,41.3504708318212],[-98.9207874580521,41.3496364976393],[-98.9212787367995,41.3491583253653],[-98.9212312940744,41.3487669002306],[-98.9216109796056,41.3486360789365],[-98.9223941605147,41.3485471316896],[-98.9224971649385,41.3481123554856],[-98.9228772933392,41.3476002042174],[-98.9234465189038,41.3476482490013],[-98.9239051492805,41.3476128043183],[-98.9255524277462,41.3470573279989],[-98.9256040117048,41.3469887423459],[-98.925916426896,41.3472334265132],[-98.9261171635311,41.3472974766872],[-98.9267716365212,41.3473795793201],[-98.9271143042762,41.3474587712223],[-98.9274534191943,41.3473689220677],[-98.9280602419485,41.34774109538],[-98.9285652083259,41.3487137931195],[-98.9286913228086,41.3490761305644],[-98.9290452599289,41.3493432779553],[-98.9296902179636,41.3495724699973],[-98.9304618115038,41.3496873361331],[-98.9313474003553,41.3496783341323],[-98.9319166600559,41.3497168055553],[-98.9324295504724,41.3498633810035],[-98.933108322891,41.3497880500202],[-98.9338930408175,41.3494453094001],[-98.9342597968969,41.3495694502183],[-98.9347149022845,41.3499033702912],[-98.9350914643735,41.3499113404973],[-98.9351658826082,41.3498738618408],[-98.9354012951116,41.3499170826326],[-98.9356269078935,41.3500745895775],[-98.9356791080964,41.3501727005389],[-98.9354918309192,41.3503320148003],[-98.9353151287095,41.3507437344332],[-98.9350749111177,41.3508160607739],[-98.9350587324595,41.351047791255],[-98.9352392938316,41.3512047964513],[-98.9354963090209,41.3516221594909],[-98.935622202518,41.3516849524293],[-98.9357245601548,41.3518128362601],[-98.9361620262234,41.352540725574],[-98.9362726995647,41.3525788723026],[-98.9365739388155,41.3524016425606],[-98.9368065584566,41.3523957259931],[-98.9375763158404,41.3527846781368],[-98.93790506959,41.3527848561588],[-98.938833936577,41.3530223019378],[-98.9403973411412,41.3535180542988],[-98.9404357917303,41.3529746852693],[-98.9403707339408,41.3527622925474],[-98.9395534341189,41.3522198181163],[-98.9394496409744,41.3507951809969],[-98.9393777874297,41.3504756837659],[-98.9392733448032,41.3502621230058],[-98.9387102619185,41.3502262218608],[-98.9382353540688,41.3507407585412],[-98.9380359882629,41.3508550487477],[-98.9377987755357,41.350854920622],[-98.9376470204398,41.3507904902448],[-98.937698389701,41.3485959236499],[-98.937650428648,41.3461982686137],[-98.9377707166578,41.3408093702458],[-98.9367237176178,41.3411891854261],[-98.9359390949126,41.3415510123767],[-98.9355593357195,41.3418272625233],[-98.9353946475785,41.3420750320748],[-98.9353311537559,41.3423228586849],[-98.9352036648508,41.343323770277],[-98.9348111855132,41.3436572091482],[-98.9344062914585,41.3437523117545],[-98.9342165519991,41.3437426695837],[-98.9339383868748,41.3436090454191],[-98.9334455154143,41.3431416365467],[-98.933268797035,41.3427697411121],[-98.9330544832628,41.3420546283446],[-98.9328903323143,41.3417685384142],[-98.9326247786382,41.3416825843952],[-98.9322199142278,41.3417586113362],[-98.9316884026338,41.3419775610922],[-98.9314100803042,41.3420059946963],[-98.9311823879224,41.3420058591345],[-98.9306512248747,41.3418911413122],[-98.9299429086631,41.3418335138985],[-98.9293735223,41.3419761636577],[-98.928319522689,41.3408398337779],[-98.9279348928304,41.3404874796146],[-98.9273616401183,41.3400102619541],[-98.9269663652237,41.3397535465967],[-98.9268864600791,41.3396433807956],[-98.9265347310179,41.3394145746687],[-98.9263243752227,41.3393356400713],[-98.9261424771575,41.3391674418087],[-98.9260627283198,41.3389941738076],[-98.9259324133148,41.3389547915864],[-98.925635621623,41.3385494392985],[-98.9254149172358,41.3379773062985],[-98.9254788135036,41.337405357803],[-98.9257068202958,41.3371147425445],[-98.9259534761133,41.3371101351178],[-98.9261368105846,41.3371722183271],[-98.9266739635987,41.3375443554913],[-98.926749679899,41.3377017014877],[-98.9270467779163,41.3378353553102],[-98.9269772887375,41.3377638111124],[-98.9269712260077,41.3375302446225],[-98.9270346497617,41.3373682213314],[-98.9271928062523,41.3373254218572],[-98.9277239899612,41.3373829554596],[-98.9277977344595,41.3375254159945],[-98.9278666846492,41.3375394702078],[-98.9279450797257,41.3376214239429],[-98.9282612525697,41.3376645206693],[-98.9285820184998,41.3375815357039],[-98.9289948087459,41.3377317085005],[-98.9291277459332,41.3376173912113],[-98.9289976770666,41.3375172129245],[-98.9285392775569,41.3374096805763],[-98.9281913843019,41.3374571305646],[-98.9278268794006,41.3371529138244],[-98.9274839816769,41.3370968099335],[-98.9273828502405,41.3370443131593],[-98.9275350616806,41.3366583156895],[-98.9276300477421,41.3365487442778],[-98.9282629782334,41.3360915479008],[-98.9283461532456,41.3359523366682],[-98.9281931117622,41.3358841575091],[-98.9278292069355,41.3361222591569],[-98.9274337694458,41.3362769247672],[-98.9270062971347,41.3368009794823],[-98.9265951903314,41.3368245509186],[-98.9262159593477,41.3366217285037],[-98.9258681918568,41.3365619225346],[-98.9255202608726,41.3366451131704],[-98.925378045885,41.3365735217997],[-98.924314983171,41.3353930140011],[-98.9240843820443,41.3352115737434],[-98.9239771788949,41.3349338696199],[-98.9235464699539,41.3344631041516],[-98.9234045127828,41.3341770139245],[-98.923468073979,41.3339029774835],[-98.9237533492688,41.3333073422653],[-98.9246231843652,41.3330576695616],[-98.924386256404,41.3328668501796],[-98.92422851763,41.3325569182504],[-98.9240389533421,41.3324257122822],[-98.9233424311118,41.3331879049595],[-98.9231836323258,41.333783622887],[-98.9226933938275,41.3338905426856],[-98.9220200589113,41.3337501652209],[-98.9216637304758,41.3337878062745],[-98.9209847487497,41.3336691502733],[-98.9205276913231,41.3336626552859],[-98.9197690739471,41.3334476316468],[-98.9193105558598,41.3334711449384],[-98.9196273701009,41.3329708743734],[-98.9196593258705,41.3326968173441],[-98.9198818250917,41.3324590222306],[-98.9196877216166,41.3318922084598],[-98.9196984996034,41.3318326214218],[-98.9198392009297,41.3316992412888],[-98.9201018413693,41.3311877838839],[-98.9201400377352,41.3309804635476],[-98.9199508246886,41.3305727877061],[-98.9200272506581,41.3301295478594],[-98.9197997909399,41.3299720918311],[-98.9194391586758,41.330121988063],[-98.9192395925456,41.3304221430784],[-98.9190877628895,41.3304720859219],[-98.9184307288025,41.3301271551944],[-98.9182721941212,41.3298775424804],[-98.9182034442558,41.3298186605422],[-98.918102137648,41.3298028663128],[-98.9179405765424,41.3296113587841],[-98.9179517039739,41.3294734018886],[-98.9180504288236,41.3293569620803],[-98.9177300671354,41.3290866957773],[-98.917446214777,41.3285264176468],[-98.9173205683165,41.3279298192092],[-98.9162060150688,41.3280019064535],[-98.9161865620513,41.3279725095032],[-98.9162869424961,41.3279276484012],[-98.9172899564266,41.3278447400763],[-98.9170699617084,41.3260356005025],[-98.9167708352952,41.3250701480239],[-98.9171195612885,41.324319660159],[-98.9174996528583,41.3237598577997],[-98.9180493400655,41.3238551851009],[-98.9182514340549,41.3238396181238],[-98.9185316078123,41.3238775232848],[-98.9186489439581,41.3238574727547],[-98.9187955211647,41.3237671882869],[-98.9187163786898,41.3237417643244],[-98.9186529207998,41.3236177672144],[-98.9182614933895,41.3235153566399],[-98.9181737612239,41.3234440112467],[-98.9179130368908,41.3233575574315],[-98.917584957776,41.3231201647173],[-98.9173910204893,41.3226651206374],[-98.9172655384205,41.3213883061292],[-98.9170135322372,41.320673134026],[-98.9174592816711,41.3201546896079],[-98.9177439236487,41.3200595613169],[-98.9176811538682,41.3196960625731],[-98.9178873280057,41.3191480502279],[-98.9180140263934,41.3189515187814],[-98.9183696936688,41.3189338969189],[-98.9186382252601,41.3190770846178],[-98.9195391438619,41.3191194258332],[-98.9200211546905,41.3191912610512],[-98.9202109273876,41.3191139353345],[-98.9204242853524,41.3191379159509],[-98.9206298288725,41.3190903912238],[-98.9207090126699,41.3189653233237],[-98.9208828833898,41.3189654427413],[-98.9210252358196,41.3188880830229],[-98.9212544499475,41.3188703653392],[-98.9214836362276,41.3188764806089],[-98.921997210262,41.3189900360176],[-98.9231668886272,41.3189908226893],[-98.9231353460826,41.3189312191295],[-98.9225663064693,41.3189367960021],[-98.922021069516,41.3188649294684],[-98.9216894977514,41.3185608323573],[-98.9218402700903,41.3180485256152],[-98.9220380189288,41.3179056615303],[-98.9221330615841,41.3177329360998],[-98.9220385579179,41.3174528338348],[-98.9221557341636,41.317011264345],[-98.9223623475773,41.3166853219438],[-98.9223401331386,41.3163924680255],[-98.922118985882,41.3162791125264],[-98.9218628752961,41.3163251711495],[-98.9216775151238,41.3171268707021],[-98.9216295549691,41.3175796662531],[-98.9214397238815,41.3177106180743],[-98.9212259104709,41.3180679680173],[-98.9209015800258,41.3183179923254],[-98.9205458444783,41.3183952036159],[-98.9201030936209,41.3185378959336],[-98.9199370166844,41.3186271547123],[-98.9195260365436,41.3186387841578],[-98.919225868983,41.3185134502417],[-98.9189180145385,41.3182153217655],[-98.9185234591943,41.3177324240112],[-98.9183422465436,41.3172854264853],[-98.9181054245836,41.3170707610346],[-98.9178208481831,41.3171241820433],[-98.918136148763,41.3177798154656],[-98.9178173366686,41.3180090072637],[-98.9174564025706,41.3183652248037],[-98.9171714147417,41.3187403900833],[-98.9168154671918,41.3189784639823],[-98.9166257816314,41.3189842844087],[-98.9162546498582,41.3187337681174],[-98.9162149586957,41.3188707795907],[-98.9163016047982,41.3190972567108],[-98.9165068375012,41.3192940272266],[-98.9167595767098,41.3194252926987],[-98.9166960460563,41.3196635766164],[-98.9161422715145,41.3200862105567],[-98.9158494108504,41.3204256176958],[-98.9158250027259,41.320967800399],[-98.9156901296691,41.3213669048567],[-98.9155161134221,41.3214740258393],[-98.9152631622112,41.3215036314895],[-98.914796954545,41.3214258295147],[-98.9145205258641,41.3212766682118],[-98.9145044765633,41.3214613626614],[-98.9148596623418,41.3218250789149],[-98.9156022447899,41.3221873892076],[-98.9157499251277,41.3223121824173],[-98.915975749912,41.3224025228722],[-98.9161841860074,41.3225742718691],[-98.9159940755438,41.3229030290813],[-98.9158987535124,41.3232747546056],[-98.9155471906394,41.3237678399756],[-98.914957798795,41.324804141],[-98.9149096490957,41.3253617985743],[-98.9148333614669,41.3256763372147],[-98.914500541044,41.3263267306629],[-98.9147468698747,41.3265414108246],[-98.9155245647723,41.3265991833146],[-98.9154865417813,41.3266635040579],[-98.9137981375436,41.3267194516589],[-98.9133525138738,41.3265904182787],[-98.9130968183097,41.3262899305721],[-98.913163525406,41.3260540346898],[-98.9129550003775,41.3259466284579],[-98.9126989751316,41.3258963846451],[-98.9124999749399,41.3257603850089],[-98.9123959572166,41.3255243597085],[-98.9124057102256,41.3253241701921],[-98.9122638123433,41.3250452163625],[-98.9117142562902,41.324630102158],[-98.9113257034888,41.3243938568852],[-98.9110889471057,41.3241291275336],[-98.9107672118935,41.3235854869502],[-98.9105114615321,41.3233421913754],[-98.9101608095508,41.3231417212541],[-98.9099998098923,41.3229699973649],[-98.9089097150749,41.3225258456318],[-98.9087135427797,41.3221878580841],[-98.9085557042927,41.3220209014155],[-98.908216718732,41.3214009733692],[-98.90774317183,41.3209298928708],[-98.9072852511224,41.320589904778],[-98.9068435935146,41.3199341397278],[-98.9066781166528,41.3195884279434],[-98.9062205364066,41.319022021701],[-98.905573168192,41.3185388735452],[-98.9050044591587,41.3183179498204],[-98.9049176890888,41.3182046712104],[-98.9047050937937,41.3176622948238],[-98.9047371411914,41.3173644080423],[-98.904879854744,41.3170487382991],[-98.9050617177749,41.3169833481176],[-98.9055913554833,41.3168884513417],[-98.9058758115096,41.3169244342863],[-98.9062152974319,41.3171630417548],[-98.9066656076124,41.3172766143174],[-98.9069577307597,41.3174794308399],[-98.9069026900839,41.3172827648207],[-98.906792243118,41.3171456353111],[-98.9065316220912,41.3170202998731],[-98.906302888562,41.3167043268728],[-98.9063031957858,41.3164898295331],[-98.9063506888165,41.3164362440519],[-98.9067932276716,41.3164544785441],[-98.9072434749701,41.3166097562455],[-98.9073703090034,41.3163357788307],[-98.9073466940912,41.3162702185833],[-98.9070778597677,41.3163653348629],[-98.9068963389948,41.3161923975415],[-98.9067383325229,41.3161565207961],[-98.906762269032,41.3159956675901],[-98.9069841430257,41.3155787684803],[-98.90707915424,41.3154537221796],[-98.9072925714936,41.3154241029857],[-98.9071900476686,41.315275064239],[-98.9071744196776,41.3151499276186],[-98.9073090447993,41.3149534131292],[-98.9072776702397,41.3147865573529],[-98.9070879882725,41.314798321078],[-98.9068822875472,41.3149590274516],[-98.9067157533682,41.3153640542272],[-98.9064544918426,41.3156915462965],[-98.9063276461312,41.3159714807068],[-98.9061852326159,41.3160845722563],[-98.9060033803648,41.3161440063695],[-98.905884716509,41.3162273249584],[-98.9056709435225,41.3165012306362],[-98.905465416172,41.3165368109981],[-98.9051652261535,41.3164531487069],[-98.9045653078506,41.3159700334607],[-98.9042017928928,41.3159578151946],[-98.9038542517774,41.31583240258],[-98.9031909061272,41.3154981829941],[-98.9030726905307,41.315277628152],[-98.902535789045,41.3149494707559],[-98.9017820405378,41.3143073242612],[-98.9017033355425,41.3140927596576],[-98.9016959711538,41.3137352583722],[-98.9017595853507,41.3134731488934],[-98.9019338531259,41.3131992176713],[-98.9025668617706,41.3126575533191],[-98.9027802287186,41.3126577341497],[-98.9034121611816,41.3128370132766],[-98.9041392863187,41.312772080392],[-98.9042342553122,41.3126768272946],[-98.9045188748319,41.312587689243],[-98.9045505889547,41.3125162165059],[-98.9042107580793,41.31253380974],[-98.9039815071205,41.312587242564],[-98.9037682030546,41.3125453566047],[-98.902780423653,41.3125266513981],[-98.9026066840872,41.3124490478775],[-98.9024647610521,41.3122344299252],[-98.9024938862302,41.3120981689901],[-98.9026363796955,41.3119302674671],[-98.9032152352,41.3116590584564],[-98.9033671349247,41.3115412123443],[-98.9033766804229,41.3114983210056],[-98.9032913826917,41.3114660745491],[-98.9028549838216,41.31159440577],[-98.9026841601872,41.3116836349217],[-98.9022670849772,41.312311719945],[-98.9021642727929,41.3123652568616],[-98.9014063938321,41.3118641164317],[-98.9008851625582,41.3116491713234],[-98.9008267064877,41.311113473789],[-98.9009614780348,41.3108275927742],[-98.9013408581389,41.3107802522703],[-98.9016491707242,41.3106971008075],[-98.9016890667026,41.3104409291821],[-98.9018947818009,41.3102683155502],[-98.9020848006363,41.3100241875303],[-98.9018794601354,41.3099465560643],[-98.9015869111868,41.3100595129915],[-98.9010091983393,41.3106250531245],[-98.9008353671453,41.3106129863529],[-98.9005042894541,41.3100764570873],[-98.9003784812969,41.3096652286925],[-98.9004820875919,41.3090873662106],[-98.9001666971805,41.308634264698],[-98.8988859645883,41.307597362414],[-98.8984817227105,41.3073825085064],[-98.8979765703818,41.3070197994348],[-98.8973953055957,41.3068238515629],[-98.8964852493308,41.306680038397],[-98.8963334448276,41.3067371010569],[-98.8962133697185,41.3067179265458],[-98.8958601449623,41.3062314130236],[-98.8956962904578,41.3059166685183],[-98.895721765781,41.3057975258346],[-98.8958041098515,41.3056927348607],[-98.8960571365209,41.305583331363],[-98.896234101937,41.3056025574937],[-98.8968355976815,41.3057873273991],[-98.8972621501178,41.3058735082784],[-98.8974517853726,41.3058772521312],[-98.8977078654157,41.305834580429],[-98.897940374564,41.3057060887366],[-98.8982111205025,41.3053774317064],[-98.898400586874,41.3054884227151],[-98.8985001579367,41.305481360773],[-98.8986282747642,41.3054099747194],[-98.8988036905864,41.3054101292523],[-98.8997569001209,41.3052286399178],[-98.8999275189394,41.3052645381981],[-98.9005006683452,41.3055975058353],[-98.9007288305459,41.305829598969],[-98.9006331860193,41.3063729112445],[-98.900959743388,41.3067521376756],[-98.9010402764549,41.306795106365],[-98.9010022723285,41.3068451239999],[-98.9010543216144,41.3069130926422],[-98.901381314666,41.3070063223396],[-98.9016940047417,41.3071531626046],[-98.9017936216185,41.3071174981695],[-98.9018221853496,41.3070388726373],[-98.9016236684515,41.3066347334625],[-98.9017140587321,41.3064274632219],[-98.9018611964874,41.3063167639785],[-98.9019892477379,41.3062882736341],[-98.9022593307196,41.3063921769559],[-98.9029271149457,41.3068646372238],[-98.9031386870597,41.3071029083518],[-98.9031953384148,41.3072674031116],[-98.9032282293306,41.307467629199],[-98.9031754640874,41.3078822804967],[-98.9032133190935,41.3079323607279],[-98.9035781914057,41.3080649413008],[-98.9038624228532,41.3082260522764],[-98.9040804062434,41.3083013085195],[-98.9042274038615,41.308287131261],[-98.904355571893,41.3081799886055],[-98.9041852198741,41.3079546240693],[-98.904014696277,41.3078472332192],[-98.9039579452089,41.3077506624802],[-98.9039770775278,41.3076362797639],[-98.904095856368,41.3074647802155],[-98.9043284840939,41.3072504765053],[-98.9045277349155,41.3071648433575],[-98.9049591562206,41.3071759248878],[-98.9051345154489,41.3072189688752],[-98.9054847928327,41.3076089270228],[-98.9059584044134,41.3079560863387],[-98.9063132793749,41.3084532951494],[-98.90642699531,41.3085034370221],[-98.9065028706122,41.3084927740837],[-98.9068017877179,41.3083357178803],[-98.9070246480618,41.3083180243198],[-98.9075744313888,41.3084543147489],[-98.9079297285583,41.3086619469776],[-98.9081003303089,41.3087192825392],[-98.9085740308228,41.3090199565273],[-98.9086497848524,41.3090950910688],[-98.9087300169837,41.3093597013233],[-98.9088958998841,41.3094027323978],[-98.9090806644734,41.3095065518081],[-98.9093743156549,41.309728431184],[-98.9097060661843,41.3098287905282],[-98.9098625329439,41.3098253390778],[-98.9100662456975,41.3099434716946],[-98.9101136731512,41.3099327833504],[-98.9099813306486,41.3096323841557],[-98.9096212607299,41.3094390541627],[-98.9094603365299,41.3092387295391],[-98.9094227617982,41.3089813031672],[-98.9094610731484,41.3087060608629],[-98.9097030855742,41.3085525282183],[-98.9099922523658,41.3085849292918],[-98.9106937683308,41.3087177494349],[-98.9111106962171,41.3089361442345],[-98.9111913065391,41.3089290563495],[-98.9112768234592,41.308800423653],[-98.9116562880049,41.3086755924261],[-98.9115947839506,41.3085790208897],[-98.9111537803164,41.3086323064786],[-98.9108031804374,41.3084497120432],[-98.91047133289,41.3084244298834],[-98.9103670905878,41.3083778744341],[-98.9102771997706,41.3082383806323],[-98.9103648394097,41.3079986473367],[-98.9105641944359,41.3077530762107],[-98.9109321057487,41.3075124558004],[-98.9110570685912,41.3074701704762],[-98.9112657086042,41.3074654637826],[-98.911462295921,41.3068999468521],[-98.9117900184046,41.3064081340892],[-98.9120516527311,41.3061531251766],[-98.9119316369108,41.3061653587766],[-98.911864190501,41.3062182266076],[-98.91175814528,41.3061904697364],[-98.9110127016977,41.3071465171934],[-98.9104197830674,41.3074117163549],[-98.9099378009849,41.3077165328494],[-98.9099119259114,41.3079370005835],[-98.9098481877471,41.3080333713089],[-98.9095932072419,41.3081546759756],[-98.9093132302156,41.3081787638664],[-98.9087906245193,41.3081169472369],[-98.9091062754421,41.3072872772253],[-98.9091221046558,41.3071280614628],[-98.9092397776698,41.3069139415412],[-98.9092692154616,41.3065576297063],[-98.9092182091198,41.3064233765994],[-98.909309911839,41.3062470159223],[-98.9093953308427,41.3061809434713],[-98.9092782776662,41.3060159742784],[-98.9092377169345,41.3057881965572],[-98.9093335267512,41.3056062224088],[-98.9093163464713,41.3055726200351],[-98.9091834047924,41.3055613195925],[-98.9090962367688,41.3054668535914],[-98.9090458700275,41.3055600118019],[-98.908992343013,41.3055762188201],[-98.9090331813241,41.3057872801623],[-98.9089119437951,41.3063860031564],[-98.9088921907403,41.3067548861448],[-98.9087110328868,41.3071573794174],[-98.9085367848745,41.30727147686],[-98.9083662909218,41.3076477357242],[-98.9081728674715,41.3078030627451],[-98.9077114280628,41.3077986691788],[-98.907270984079,41.3076005184228],[-98.9070454889764,41.3075515520215],[-98.9070029699174,41.307440790581],[-98.9068650452836,41.3075004842735],[-98.9066973100571,41.3073096818194],[-98.9063338139639,41.307021971614],[-98.9062866910391,41.3069212003698],[-98.9063944125164,41.3068486525354],[-98.9059646297384,41.306720515763],[-98.905769032365,41.3065651294797],[-98.9057389855154,41.3065046494581],[-98.9058536105456,41.3062850352353],[-98.9064813505713,41.3056571856946],[-98.9061138354155,41.3056102132589],[-98.9061082658607,41.3056770373555],[-98.90552283379,41.3059222579761],[-98.9053837952453,41.3060145686496],[-98.9049022587271,41.3061504212194],[-98.9046936717148,41.3061517735354],[-98.9041365365756,41.3060327567959],[-98.9038036406942,41.3057739364252],[-98.9037723344066,41.305670882383],[-98.9037937942604,41.3055679948571],[-98.9039780009959,41.3054326492102],[-98.9039831186981,41.3053925691862],[-98.9038820806865,41.3053314085365],[-98.9038683795818,41.3050905052128],[-98.9032286766916,41.3051912300246],[-98.9030375852677,41.3051494405363],[-98.9029819355342,41.3050285176252],[-98.9032688080286,41.3048510201495],[-98.9033865259584,41.3047116983053],[-98.9039517971391,41.3043459086374],[-98.9041719562489,41.303919971914],[-98.9046571767581,41.3038276319567],[-98.9046471794073,41.3037021291973],[-98.9045363129282,41.3036442992941],[-98.9044980321207,41.3035394846147],[-98.9045297552266,41.3032963726748],[-98.9048867115845,41.3031794029094],[-98.9051354470019,41.3031650470545],[-98.9052519198667,41.3030992879806],[-98.9052394485556,41.3030490049593],[-98.905078998666,41.3030909429088],[-98.9047916311999,41.3030280086434],[-98.9046792600427,41.3028496965861],[-98.9047853492811,41.3026716748991],[-98.9050771481366,41.3024704724282],[-98.9050924814801,41.3023502328939],[-98.9049013145978,41.3023718145209],[-98.9046853847563,41.302546987828],[-98.9044441242205,41.3026450070672],[-98.9042079247929,41.3027062842853],[-98.9041244093193,41.3026586746951],[-98.9040708364907,41.3026782242638],[-98.9040674085195,41.3028821733764],[-98.9039282469056,41.3032260882652],[-98.9037913966569,41.3032661048364],[-98.9036432509918,41.303368354899],[-98.9035022208821,41.3035743398552],[-98.9033222254486,41.3037230969531],[-98.9028439057975,41.3039325433486],[-98.9026717032491,41.3039397471729],[-98.9023619048504,41.3038992005974],[-98.9020654069077,41.3037846376927],[-98.9018252234519,41.3035549457674],[-98.9016705596111,41.3035166792224],[-98.9014039495162,41.3030270550934],[-98.9013614223723,41.3027925124266],[-98.9014488167714,41.3026094231723],[-98.9011797255297,41.3021308307539],[-98.9006905389586,41.3016775810206],[-98.8998828717715,41.3016964890967],[-98.8997706030222,41.3017756704018],[-98.8995834821519,41.3018206878506],[-98.8993440146534,41.3018117015045],[-98.8992295692861,41.301757102475],[-98.8991131790664,41.3015553377268],[-98.8991102047445,41.3014683602083],[-98.8991887058222,41.3012302628504],[-98.8992654506935,41.3012090142263],[-98.8996018643776,41.3005803147454],[-98.8998217468063,41.2995511480487],[-98.8998267073033,41.2992569146422],[-98.9000388363728,41.2990449345704],[-98.9001538611534,41.2988019179059],[-98.9002279640794,41.298354522646],[-98.9001870233604,41.2981354640808],[-98.9002342442016,41.2981376777244],[-98.9003802051639,41.2979236004953],[-98.9011705797818,41.2977216997064],[-98.9021341037724,41.2979608539331],[-98.9020944206947,41.2982442315043],[-98.9021810119999,41.2983721338742],[-98.9022906765332,41.2989262281289],[-98.9023851855893,41.2991288891544],[-98.9026376220656,41.2993912668634],[-98.9027165651144,41.299091093779],[-98.9026984919092,41.2988468071548],[-98.9028498373733,41.2985539750106],[-98.9029177401274,41.2984743720384],[-98.9033028254318,41.2983550875282],[-98.9033187498668,41.2982716853579],[-98.9029081775611,41.2980925915939],[-98.9025141881556,41.297389181832],[-98.9022614929645,41.2973055516602],[-98.9018039899735,41.2968165841499],[-98.9014044822172,41.2966711264386],[-98.9013036669878,41.2965385726428],[-98.9014263499061,41.2963367964744],[-98.9016280001278,41.2962183449448],[-98.9016966314156,41.2960952747743],[-98.9018577388719,41.2960132141416],[-98.9019666263624,41.2958704590225],[-98.9028014065014,41.2955066087481],[-98.9044132599039,41.2953887928351],[-98.9049656465485,41.2957951654857],[-98.9052274353853,41.2960585021586],[-98.9061605325389,41.2965401087331],[-98.9064160996439,41.2968263142545],[-98.9065872601466,41.2971874454146],[-98.9068744398649,41.2975245947905],[-98.9069163390863,41.297672133328],[-98.9068664762999,41.2977351935682],[-98.9068090326307,41.2977212670983],[-98.9067860734887,41.2978126661252],[-98.9068654270676,41.2978435229779],[-98.9071150347491,41.2977756758118],[-98.9072480653612,41.2977802880445],[-98.9077468315665,41.2979753492867],[-98.9076889827572,41.2977793006731],[-98.9073797511953,41.2975864795028],[-98.9071616384477,41.2973636908892],[-98.9069502648614,41.2970038646176],[-98.906908707898,41.2968362643766],[-98.9069381241303,41.2966693399611],[-98.907142808861,41.296634511401],[-98.9075106168676,41.2966614233072],[-98.9075687872738,41.2966318806139],[-98.9075657509682,41.2965482514959],[-98.9074472631822,41.2964702071393],[-98.9072657208498,41.2964484150126],[-98.9071866574267,41.2964008393239],[-98.9067211980572,41.2963763333627],[-98.9066685208489,41.2963423935025],[-98.9064791784449,41.2961770626393],[-98.9063508046992,41.2959580035101],[-98.9060477283937,41.2958679233676],[-98.9058206387815,41.2955602903975],[-98.9058596364446,41.2952871160929],[-98.9059338238123,41.2951245996815],[-98.90613434575,41.2949671022762],[-98.9067318044657,41.2948317386772],[-98.9073383460473,41.2949752270124],[-98.9075848159134,41.2949897250542],[-98.9075379382286,41.2946178915467],[-98.9077280397091,41.2942676962476],[-98.9085529347867,41.2941897058566],[-98.9090267790311,41.2943116295403],[-98.9094342153181,41.2944692500155],[-98.9096179675061,41.2948485281225],[-98.909577873,41.2950486951532],[-98.9096327097582,41.295157417105],[-98.9097941181502,41.2949830858275],[-98.9100501002769,41.294974705971],[-98.9111977914772,41.2954608904245],[-98.9114661721514,41.2956338867885],[-98.9115686268062,41.2958186727906],[-98.9115210798765,41.2959258843508],[-98.9115446372965,41.2960331517526],[-98.9116235453111,41.2961047113995],[-98.9117502571735,41.2958783939951],[-98.9119004222513,41.2958368010135],[-98.9132824300103,41.2962668467441],[-98.9134244419786,41.2964159107216],[-98.9134557680292,41.2966244735102],[-98.9133842926753,41.2969044587457],[-98.9132504877154,41.2971055866019],[-98.9132534719188,41.2971886109688],[-98.9130834783277,41.2973511033405],[-98.9130911966526,41.2974881496313],[-98.9132175375108,41.2974775598053],[-98.9132535078514,41.2974154738698],[-98.9133599061103,41.2973687229384],[-98.9134944279258,41.2971977295576],[-98.9135064051635,41.2971024057886],[-98.9136249926624,41.2970429117972],[-98.9137396132011,41.297059641282],[-98.9139764944499,41.2970997790699],[-98.9141420827029,41.2974114804934],[-98.914386697548,41.2975797264828],[-98.9147775509349,41.2977557846263],[-98.9145054835747,41.2973682957272],[-98.9145056120338,41.2972699844239],[-98.9143239601069,41.2970936894283],[-98.9142572053998,41.2968389066288],[-98.9141229234345,41.2966436786605],[-98.9140721066372,41.2964861471282],[-98.914194833573,41.2962806790371],[-98.9142462827843,41.2964140331244],[-98.914582795283,41.2964707956596],[-98.9147559760967,41.2964624058706],[-98.914907592852,41.2964170189224],[-98.9153302573798,41.2961817775717],[-98.9158987005118,41.2961503698796],[-98.9161402547967,41.2960322716659],[-98.9164165756798,41.2959579697645],[-98.9165801526048,41.2959929620149],[-98.9167780595467,41.2960984961313],[-98.9169622213665,41.2959631288059],[-98.9170948674997,41.2959911323243],[-98.9171823068145,41.2960688715186],[-98.9173402216583,41.2964448980627],[-98.9173987819333,41.2963919480682],[-98.9173788788599,41.2962546524568],[-98.9174458078402,41.2962318782624],[-98.9176489851979,41.2962872958597],[-98.9177453052576,41.2963651210894],[-98.9180511654421,41.2963217696025],[-98.9182216135808,41.2964839563754],[-98.9183667444998,41.2966747243651],[-98.9184989765096,41.2970752139799],[-98.9185552379958,41.2975757493141],[-98.9185437171023,41.2966748492228],[-98.9181651356005,41.2961597855747],[-98.9177922925368,41.2961118539967],[-98.917305978778,41.2958302745838],[-98.9169365017016,41.2954601311406],[-98.9167886102598,41.2955490233156],[-98.9166265559791,41.2955699666961],[-98.9165211099345,41.2956267515632],[-98.9163192935244,41.2956035593757],[-98.9166177165567,41.2954203345279],[-98.916849498968,41.2954625594992],[-98.9170176312499,41.2953839860563],[-98.9172154268007,41.2952286847968],[-98.9174508258293,41.2949466574712],[-98.9178148977426,41.2947444403759],[-98.9185327064519,41.2942532088441],[-98.9183668909252,41.2941815918216],[-98.9179004263408,41.294461299348],[-98.9174104744051,41.2945681972729],[-98.9169438059032,41.2950028165517],[-98.9168094915985,41.2950086782643],[-98.9166671499485,41.2951158236636],[-98.9166406846819,41.2918874513366],[-98.9104551982492,41.2918478374823],[-98.9105810603053,41.2915966303742],[-98.9109795682367,41.2914873841183],[-98.9111066421202,41.2911882201773],[-98.9112288695927,41.2910610468567],[-98.9113154797625,41.2907821826342],[-98.9115051078308,41.290758494648],[-98.911530432237,41.2907251485365],[-98.9114294310563,41.2906392716238],[-98.9115431811275,41.2906441253251],[-98.9117010618353,41.2907300454292],[-98.9118758784811,41.2907355153694],[-98.9117870629473,41.2905781133373],[-98.9116700394153,41.290507900943],[-98.911724134165,41.2901907248937],[-98.9120267990421,41.2898658809151],[-98.9121561366801,41.2895594514782],[-98.9120250841583,41.2894576050043],[-98.9118357399576,41.2893841757905],[-98.9115344827406,41.2890937304353],[-98.9114237537037,41.2890826458324],[-98.9114077115894,41.2892463517671],[-98.911563993296,41.2894518231157],[-98.9117027003624,41.2895145571876],[-98.9117151150796,41.2896813979903],[-98.9115631192352,41.2899196131048],[-98.911379691339,41.290033870977],[-98.9113857271194,41.2902436070249],[-98.9113097601891,41.2903388814194],[-98.9109049874069,41.2905626005106],[-98.9106458872278,41.2905528660968],[-98.9104690484743,41.2904669295599],[-98.9104499781391,41.2905479475916],[-98.9105823628625,41.290791148226],[-98.9106451847453,41.2910676615089],[-98.910202440176,41.2913247151484],[-98.910145389969,41.2914486029223],[-98.9098734690341,41.2915675565086],[-98.9098039762621,41.2915484349088],[-98.9098289215792,41.2917915521685],[-98.9096259670037,41.2921190985224],[-98.9093319385297,41.2922261170522],[-98.908877009212,41.2921471077408],[-98.9085834891845,41.2918894782294],[-98.9085264290959,41.2920181314606],[-98.9087250196558,41.2923686358147],[-98.9087436803592,41.2925831490689],[-98.9085157005165,41.2929118645034],[-98.9079085013682,41.2932474282674],[-98.9075384125391,41.2935045286632],[-98.9069885312958,41.2935255361444],[-98.9066566029,41.2936110663891],[-98.9062967979843,41.2935706281315],[-98.9060216961151,41.2934246522522],[-98.9057183305521,41.2934244038742],[-98.9053840162309,41.2935815385127],[-98.905222673416,41.2935520963403],[-98.9050783536757,41.2934438286472],[-98.9050439823363,41.2933766207979],[-98.9050703218387,41.2931294132155],[-98.905329907108,41.2927305982163],[-98.9052032823822,41.2923043008021],[-98.9053267091056,41.2921757028064],[-98.9051130636799,41.2918899075014],[-98.9050845978652,41.2917358081221],[-98.9051190922738,41.2915248869174],[-98.9053184068758,41.2913606035333],[-98.905176333822,41.2912746862845],[-98.9050391368236,41.2910041506956],[-98.904930354436,41.2909312874938],[-98.905561044529,41.2905710572054],[-98.9058600361949,41.2904669012112],[-98.9059929356529,41.2903458640046],[-98.9057843917598,41.2903385439334],[-98.904930998528,41.290487991342],[-98.9046753883038,41.2902518322453],[-98.9045430691574,41.2899800241355],[-98.904591134415,41.2895224679591],[-98.9044490155472,41.2890362405963],[-98.9044826448782,41.28888273319],[-98.9042976476252,41.2888040498985],[-98.9038146028357,41.288371929317],[-98.9039457658503,41.2882996132949],[-98.9044214417595,41.28824062022],[-98.9044665883908,41.2881942407098],[-98.9044626564648,41.2881641028867],[-98.904164904474,41.2881947017308],[-98.9040994936466,41.2881271894511],[-98.9039579514971,41.2881024306336],[-98.9038203942743,41.2878402748142],[-98.9039089654664,41.2846185229382],[-98.8999190433347,41.2846047583756],[-98.8999055991482,41.286456769671],[-98.8901622434045,41.286350287088],[-98.8902033332439,41.293660999645],[-98.8848030372516,41.2936732018415],[-98.8856225891499,41.2938774720365],[-98.8870056164967,41.2945080321154],[-98.8888809736198,41.2955394475767],[-98.8895152237363,41.2960977537276],[-98.8897894138155,41.2965413127687],[-98.8899201941478,41.2976997264509],[-98.8898909351207,41.2981858932926],[-98.889632382914,41.2986979808934],[-98.8894099771176,41.2989842005669],[-98.8886427260334,41.299571167588],[-98.8787740256633,41.3048565003776],[-98.8772088891471,41.3063794170498],[-98.8763894082157,41.3068559943718],[-98.8760989289854,41.3071390890155],[-98.8754824349689,41.3075446684485],[-98.8747120748155,41.3079113855532],[-98.8737238399681,41.3081714619913],[-98.8730182204989,41.3082190486625],[-98.8702122743185,41.3081752050375],[-98.8701972508937,41.3120823293059],[-98.8702527380321,41.3153476067452],[-98.8711980190359,41.3161685089506],[-98.8723210568715,41.3169223056176],[-98.8729553599886,41.3172315596362],[-98.87298855184,41.3173104839096],[-98.8734358122402,41.3175802356916],[-98.8740013780684,41.3176581866408],[-98.8744340336587,41.3176335766693],[-98.8748321660943,41.3177293427086],[-98.8752231910593,41.3180113463989],[-98.8754009155518,41.3180941282504],[-98.8753752982948,41.3182656976664],[-98.8749387709657,41.3184082229467],[-98.8743375554955,41.3187078638443],[-98.874141419133,41.3187791483042],[-98.8737240286143,41.3188311247783],[-98.8734517995573,41.319016722802],[-98.872844785462,41.3190398870973],[-98.8726678272325,41.319001558125],[-98.8724579610192,41.3187717214518],[-98.8722109979779,41.3187515128254],[-98.8718691620628,41.3186025262157],[-98.8717074015313,41.3185104384681],[-98.8715801497814,41.3183680220352],[-98.8713254342792,41.3183727515554],[-98.8710351131524,41.3182142510427],[-98.8705132755157,41.3181077575563],[-98.8703058688896,41.3178776707957],[-98.8696394608826,41.3175199892109],[-98.8696718271823,41.3175927053128],[-98.8701788390236,41.3179994941951],[-98.8702368306651,41.3182570617234],[-98.87012626063,41.3185383115366],[-98.8701594479899,41.3185639763658],[-98.8703685766863,41.3184176280066],[-98.8705423216421,41.3183722833262],[-98.8708252918549,41.318400406086],[-98.8709829659502,41.318543362867],[-98.8713153030794,41.318680331561],[-98.871570313229,41.3189362218527],[-98.8715870802838,41.3190775555407],[-98.8714278709677,41.3194142422614],[-98.8715668026129,41.3194373308523],[-98.8718931569624,41.3191799218139],[-98.8720615407725,41.3191670969433],[-98.8727083825743,41.3195462961803],[-98.8728736357556,41.3197144202922],[-98.8729434447347,41.3198454184243],[-98.8729099627274,41.3201801601723],[-98.8728601134157,41.3202846418035],[-98.8724809084831,41.3205415323881],[-98.8724360484144,41.3206352047373],[-98.8724730994283,41.3207152056907],[-98.8729051297912,41.3207375530469],[-98.8729968837143,41.3209882147825],[-98.8729733757016,41.3212550172814],[-98.8727384824245,41.3215024690685],[-98.8728364086719,41.3216735613066],[-98.8726971284804,41.3222260043784],[-98.8726852725153,41.3223561946397],[-98.8727419759726,41.322411047625],[-98.8728643301076,41.3222819449953],[-98.8732028862736,41.3215975257645],[-98.8733354668297,41.3214323183009],[-98.8734618040946,41.3213503131649],[-98.8738207852552,41.3214298457078],[-98.8739122400394,41.3214198885439],[-98.873819351544,41.3212343688771],[-98.8736560962159,41.3211743032079],[-98.8735344256988,41.3210096485628],[-98.8734781399581,41.3205145001277],[-98.873572175602,41.3200774385727],[-98.8741149179338,41.319408311902],[-98.8745575933327,41.3193611287559],[-98.8747701392205,41.3194267897936],[-98.8750659149177,41.319590478938],[-98.8754877880297,41.3197087787181],[-98.8757990875133,41.3197247373147],[-98.8765580570288,41.3195920886989],[-98.8769247511244,41.3196020144326],[-98.8777778802515,41.3198317199911],[-98.8781572657454,41.3198178225283],[-98.8785178611785,41.3197085722697],[-98.8789858430174,41.3196518657189],[-98.8795042472931,41.3196810093744],[-98.879889989266,41.3196480457448],[-98.8801273915377,41.3195887902408],[-98.88045260862,41.3197010638882],[-98.8806799290993,41.3198633645549],[-98.8806733103123,41.3200254226126],[-98.8805022845569,41.3201968425668],[-98.8803444119339,41.3201286739052],[-98.8799903391681,41.3200914446011],[-98.8795918509996,41.320176827336],[-98.8794525672148,41.3202767799654],[-98.8791291853906,41.3207769348126],[-98.8788441230015,41.3210673976219],[-98.878508679498,41.3212481749598],[-98.8778382497335,41.3213618638649],[-98.8777053008681,41.3214522879446],[-98.8774323396841,41.3220287562967],[-98.8780017269455,41.3218529971163],[-98.8783683455826,41.3219105841879],[-98.8785785540541,41.3222093144076],[-98.8786571153189,41.3224656023735],[-98.8789250665985,41.3228829613854],[-98.878908719057,41.3231748989989],[-98.8786315357912,41.323472519055],[-98.8781332205402,41.3236745735322],[-98.8779510673534,41.3238710016855],[-98.8780931242375,41.323984359497],[-98.8784408369311,41.3240145185474],[-98.8786621997834,41.3239849612614],[-98.8790242028766,41.3238386007889],[-98.8790929006397,41.323756017153],[-98.8794899407239,41.3235789140499],[-98.8796278231369,41.3234470821596],[-98.8797792871786,41.323109790214],[-98.8798413589681,41.3228036282842],[-98.8797803292243,41.3219782045235],[-98.8799939009882,41.321883094411],[-98.8804115771711,41.3218133339988],[-98.8805588757249,41.321908887455],[-98.8807323970001,41.3221567260282],[-98.8809095124348,41.3225454115064],[-98.8811125092311,41.3233976513724],[-98.8810863251372,41.3238885837593],[-98.8808132795117,41.3245222597995],[-98.8808125842156,41.324903586643],[-98.8808879061556,41.3252087261152],[-98.8808233891519,41.3259141159345],[-98.8806075805829,41.3263619528455],[-98.8802086019344,41.3266951992719],[-98.8801893438513,41.3268524777063],[-98.8803029367173,41.3269765266759],[-98.8804736687235,41.3269767040938],[-98.8807136850927,41.3271247176871],[-98.8807638560014,41.3273535669852],[-98.8806881334128,41.3283480566032],[-98.8808047149737,41.3286984682279],[-98.8807376440597,41.3288227187533],[-98.8805959743495,41.328844106784],[-98.8803422496891,41.3288585089265],[-98.8802328034464,41.3288395142875],[-98.8801903167267,41.3287956595723],[-98.8791513513203,41.3288568191202],[-98.8784300086387,41.3291039216196],[-98.8781890202924,41.3294754613415],[-98.8779727913119,41.3301330225189],[-98.8780371735683,41.3313833677894],[-98.8779183561006,41.3315155148249],[-98.8777855428808,41.3315225240302],[-98.8773351680216,41.3314183720579],[-98.8766190472467,41.331392581429],[-98.8761422421552,41.3312465755443],[-98.8762350533954,41.3313694289446],[-98.876434102096,41.3314482909015],[-98.8773444790595,41.3315815373139],[-98.8782070917009,41.3318970489725],[-98.8783968194822,41.3318900998416],[-98.8784444212091,41.3317972018575],[-98.8785060654005,41.3318044160935],[-98.8786440601029,41.3321424792249],[-98.8786712700729,41.3331376161411],[-98.8785571112683,41.3336868767494],[-98.8783901647626,41.3341931510978],[-98.878168467737,41.3343835800968],[-98.8774644239128,41.3346449950456],[-98.8771560358691,41.3346923323807],[-98.8762945021043,41.33462586854],[-98.8761046431689,41.3345229592638],[-98.8757762020331,41.3345804737571],[-98.8755792580851,41.3345749258785],[-98.8753688995951,41.3349942807701],[-98.874965281148,41.3352321725265],[-98.8748622057574,41.3353929330604],[-98.874688062848,41.3355119083347],[-98.8744508492225,41.3355414408309],[-98.8740560243837,41.3353145965978],[-98.873860596792,41.3350981160768],[-98.8736358975967,41.3350915254516],[-98.873499013212,41.3351354251677],[-98.8732082573006,41.3350492566691],[-98.873073874724,41.3348974433481],[-98.8728835944789,41.3349266199813],[-98.8726370868834,41.3348433097857],[-98.8724274928597,41.3347362816054],[-98.8722665048793,41.3345971470689],[-98.8722655850044,41.3343727190371],[-98.872054926477,41.3343272114336],[-98.8719774207326,41.3343626424381],[-98.871787364168,41.3342377070506],[-98.8716951907316,41.334287476316],[-98.8716888225746,41.3343779026943],[-98.8717116541558,41.3344469056644],[-98.8718490460886,41.3345604649679],[-98.8719779480437,41.3348875044305],[-98.8722164920742,41.3349875869344],[-98.8726035743335,41.3354168038122],[-98.8730827464858,41.3354975278982],[-98.8733968002041,41.3356779731424],[-98.8733406896348,41.3358656498846],[-98.873150108454,41.3360483820093],[-98.8728341413242,41.3365184999726],[-98.872710436123,41.337002325557],[-98.8726274946728,41.3370739083626],[-98.8725184733333,41.3370560202566],[-98.8724111471148,41.3372403893931],[-98.8721423074014,41.3373599413502],[-98.8721365518953,41.3373948580966],[-98.8719150830418,41.3374180151844],[-98.8717163218021,41.3375174091992],[-98.8714762587205,41.3375041866198],[-98.8713381661017,41.3374304358192],[-98.8709376531306,41.3375242289034],[-98.8704298121443,41.3378394568253],[-98.8702279355472,41.3378410910912],[-98.8700180855035,41.3377485273681],[-98.8697769543251,41.3378644388982],[-98.8697134443328,41.3379978313633],[-98.8695615634728,41.3380453240898],[-98.8693718886921,41.3380165096995],[-98.8692073011624,41.3380925881337],[-98.8690678386128,41.3382544936129],[-98.8688272814578,41.3383686175586],[-98.8685361464574,41.3384731502877],[-98.8680517577882,41.3385616148839],[-98.867712981535,41.3389583993199],[-98.8675357035053,41.3390535276734],[-98.8665486894683,41.3392430508192],[-98.8643227109066,41.3391165161885],[-98.8668393654296,41.3393673190033],[-98.8678896244558,41.3391778656892],[-98.8683075045563,41.3389495482657],[-98.8689108795765,41.338948914265],[-98.8694590728853,41.3386538833816],[-98.8698885394564,41.3385531387828],[-98.869998185125,41.3386048957936],[-98.8701546905122,41.3392797019556],[-98.8707649520173,41.3399115772275],[-98.8708036361683,41.3397326990185],[-98.8706537199238,41.33910887515],[-98.870679975883,41.3389656188331],[-98.8705988229785,41.338657138383],[-98.8708411722725,41.3384473698711],[-98.8709696960368,41.3382251599684],[-98.8710342507698,41.33821258503],[-98.8712734415872,41.3382764727603],[-98.87152455754,41.3382065498142],[-98.8719632345377,41.3381952017453],[-98.8721299259218,41.3382366206696],[-98.8722495689412,41.3381689099651],[-98.8723701947176,41.3381933766114],[-98.8724297036136,41.3382521754387],[-98.8725121680583,41.3382491032001],[-98.8726636824057,41.3380582019011],[-98.8732803992045,41.338050870324],[-98.8733452674495,41.3379601084327],[-98.8734456748437,41.3379491717532],[-98.8735151316832,41.3378981939199],[-98.8734720978895,41.337663963547],[-98.8738466055314,41.3372389088951],[-98.8813410819619,41.3372153774034],[-98.8813489197627,41.3372869242271],[-98.8812286110917,41.3372966111954],[-98.8812792257681,41.3374274141282],[-98.8813508673103,41.3374534526015],[-98.8814328008507,41.3374397706852],[-98.8814869611775,41.3373642823376],[-98.8815983450862,41.3373146975342],[-98.8821169829239,41.33733784858],[-98.8824656954425,41.3374606992609],[-98.8826401312027,41.3376578594831],[-98.8828793175285,41.3383686290247],[-98.8827513462281,41.3385447463152],[-98.8826260941281,41.3391226801433],[-98.8824232221975,41.3391822409531],[-98.8823591354869,41.3392757293541],[-98.8823078120397,41.3396978988582],[-98.8818736293135,41.3400737391999],[-98.8816801681339,41.3401442455696],[-98.8817457056237,41.3402462327519],[-98.8818937372028,41.3403019778178],[-98.8820169959412,41.3404009054306],[-98.882153176945,41.3405868419672],[-98.8819452501944,41.3406608306471],[-98.8819060027997,41.3407074979275],[-98.8819286619044,41.3407873541841],[-98.8820853119203,41.3409010973491],[-98.8823881986813,41.340946545055],[-98.8824829341128,41.3410270977225],[-98.8826035931268,41.3412780294176],[-98.8826660475986,41.3418396951316],[-98.8822756586408,41.3421833822292],[-98.8821304432801,41.3422435027185],[-98.8821296356947,41.3422905519434],[-98.8822488403363,41.3423460099739],[-98.8823307118929,41.3423359453993],[-98.8825730369324,41.3422188575196],[-98.8829583935281,41.3421683200625],[-98.8832346892583,41.3423121756507],[-98.8833390088156,41.3424347303149],[-98.8834637336046,41.3427291391073],[-98.8836555778167,41.3427527259334],[-98.8837143599756,41.3426881357913],[-98.8836164543894,41.3422311052579],[-98.8836874545346,41.3420146140031],[-98.8838084549084,41.3419651170448],[-98.8834203359932,41.3418961861111],[-98.8831919105861,41.3417636527731],[-98.8830773619127,41.3414005421891],[-98.8830534245053,41.3411143569861],[-98.8827654991854,41.340522300261],[-98.8827031183754,41.3402422143464],[-98.8827304352449,41.3400506403852],[-98.8828283453227,41.3399466214275],[-98.883195089724,41.339859699178],[-98.8833532857404,41.3398829572327],[-98.8839256374422,41.3401382867463],[-98.884017062582,41.3401319340398],[-98.884179197711,41.3402059063752],[-98.8843062724928,41.3401649716139],[-98.8842784292105,41.3401067821991],[-98.8839876625194,41.3399664053165],[-98.8836598906284,41.3397186695591],[-98.8834982540643,41.3396394898261],[-98.8833112877043,41.3396123319454],[-98.8831208125247,41.3395091310857],[-98.8832529735676,41.3392400609122],[-98.8832482142932,41.3391616285809],[-98.8835411090933,41.3387112269585],[-98.883605409603,41.3386818125831],[-98.8837527422928,41.3386922608223],[-98.8837696665527,41.3386648219662],[-98.8840469441416,41.3387401739122],[-98.8842341844878,41.3387480018224],[-98.8841813680407,41.3385732819145],[-98.8843588688526,41.3384518632171],[-98.8843455854645,41.3383846599414],[-98.8841886982934,41.3383781175364],[-98.8840620708727,41.3383228200244],[-98.8838560692117,41.3380386319166],[-98.8836588027686,41.3378906431188],[-98.8836217248052,41.3378106443674],[-98.8837446412855,41.3376024345568],[-98.8836433607288,41.3375651923038],[-98.883500825941,41.3375741912579],[-98.8831871207691,41.3372268234436],[-98.8831249977756,41.3370039652398],[-98.8827391030891,41.3364970105893],[-98.8826919136889,41.336361114695],[-98.8827174581823,41.3363100823336],[-98.883036633196,41.3361937451276],[-98.8832262567727,41.3360652775299],[-98.8829294713692,41.3359972306909],[-98.8825876120979,41.3357550073793],[-98.8823830001307,41.3353090244994],[-98.8824433848841,41.3351503432672],[-98.8823710336728,41.3348854040035],[-98.8819206147961,41.3346067534955],[-98.8815496357366,41.3342965445237],[-98.8815267080356,41.3338615686193],[-98.881630606283,41.3332360608815],[-98.8817508996827,41.3331287966734],[-98.8817025586423,41.3327892668302],[-98.8818297915276,41.33237232068],[-98.882074159336,41.3323107543134],[-98.8830229006503,41.3317263734637],[-98.8834824410204,41.3315845687197],[-98.8844182412047,41.3317431783674],[-98.884573593155,41.3318359489401],[-98.8847236342653,41.3319939279546],[-98.8848731651326,41.3323694471525],[-98.8852531767523,41.3324820927089],[-98.8855875728201,41.3324047564562],[-98.8860105337919,41.3325836723286],[-98.886129443786,41.3327103167836],[-98.8862396967158,41.3329487544824],[-98.8864370098713,41.3331276965163],[-98.8869666089522,41.333146092947],[-98.8871935934615,41.3334412121842],[-98.8879933743387,41.3339352526361],[-98.8882019945888,41.3339783544996],[-98.8878799180167,41.3337158792234],[-98.8873429994629,41.3329073558041],[-98.8871747198574,41.3327846246964],[-98.8869748168589,41.3328235141926],[-98.886931859422,41.3327967790998],[-98.8868028029567,41.3323734404113],[-98.8861578862446,41.3321030132652],[-98.8860364744423,41.3318979973784],[-98.88575829225,41.3318595882783],[-98.8855724820217,41.3314162337444],[-98.8854772965342,41.3313351140375],[-98.8852639637222,41.3312812776887],[-98.8849481259498,41.3310813608402],[-98.8845772052807,41.3307413697238],[-98.8844554736783,41.3302943798045],[-98.8841195819155,41.3302642506432],[-98.8840912068306,41.3302013722899],[-98.8844304187667,41.330190896381],[-98.8847048253399,41.3300920497226],[-98.8849321503107,41.3298195806467],[-98.8850902385294,41.329769024799],[-98.885740937697,41.3297415464321],[-98.8862344828939,41.330022072795],[-98.8863017074199,41.3300012855108],[-98.8863176201768,41.3299417190038],[-98.8861559970875,41.3297002495987],[-98.885706596002,41.3294396465483],[-98.8853659746092,41.328953115071],[-98.8849582562512,41.3288669100624],[-98.8847883399152,41.3284019965625],[-98.8848939737078,41.3276656634549],[-98.8848566873353,41.3269862563276],[-98.884888822768,41.3268555929818],[-98.884991910735,41.3267325347625],[-98.8849669591297,41.3265360639659],[-98.8856933260887,41.3263389928579],[-98.8861486659365,41.3263036937586],[-98.8863951861083,41.3263539871778],[-98.8867645661666,41.3266617966552],[-98.8872956025519,41.3267338164937],[-98.8875609855481,41.3268484753393],[-98.8882060522789,41.3267990538782],[-98.8880354190873,41.3267416890209],[-98.8872300219429,41.3262618591135],[-98.8864906680399,41.3259894367577],[-98.8861211936585,41.3257388259654],[-98.8859797943412,41.3252381931228],[-98.8861708336628,41.3244661929282],[-98.8863513402376,41.3242947740847],[-98.8866645441497,41.3241735345319],[-98.8864610811277,41.3230757077529],[-98.8860945945429,41.3226960905375],[-98.8853692031544,41.3221824373321],[-98.8852194495049,41.3218261030277],[-98.8852372172829,41.3212461921571],[-98.8861097958342,41.3212279920634],[-98.8862740231394,41.3213234870086],[-98.8862493122826,41.3209898002214],[-98.8859462521468,41.3207416367481],[-98.8851757293984,41.3202546773536],[-98.8847894673009,41.3189986603941],[-98.8847228796805,41.3183103582928],[-98.8844968473853,41.3174163937409],[-98.884905775774,41.316773311453],[-98.884963079306,41.3165445720821],[-98.884897549901,41.3160583127096],[-98.8850502652959,41.3155007725374],[-98.8852879253841,41.315172113602],[-98.8857339532957,41.3149938097905],[-98.8862652160564,41.3148799370491],[-98.887042930717,41.3148306535996],[-98.8878109166231,41.3149243537236],[-98.8883891046793,41.3150965130884],[-98.8889101517986,41.3154116133829],[-98.8889192454442,41.315640418803],[-98.8887862238152,41.3157904384155],[-98.8885393631819,41.3159617986641],[-98.8880163388707,41.3160717589213],[-98.8878846260871,41.3161828099903],[-98.8875049935564,41.3163540369656],[-98.8871725288664,41.316668307373],[-98.8867548571751,41.3168966941177],[-98.8860905970399,41.3171319855632],[-98.8858718752345,41.3174749643843],[-98.8857892670593,41.3179298672618],[-98.8858214060852,41.3180170535645],[-98.8859333559326,41.3182136114427],[-98.8860333006945,41.3182688740739],[-98.8860321688172,41.3177729633335],[-98.8861170497301,41.3175855657432],[-98.8862834617381,41.3174061924],[-98.8866077751153,41.3172645487769],[-98.8868828105092,41.3171948299748],[-98.8871939896186,41.3172593866977],[-98.8874467387086,41.317140469849],[-98.8874376118253,41.3169331135865],[-98.8875610583116,41.3168402853609],[-98.8881012422414,41.3170624589075],[-98.8888168599597,41.3175198961036],[-98.8891056063398,41.3175925238213],[-98.889257211417,41.3176713187919],[-98.8894434645148,41.3178732219093],[-98.8898567712921,41.3180499276112],[-98.8901382700645,41.3183124153999],[-98.8902965586075,41.318626747206],[-98.8905395546885,41.3188244218604],[-98.890663041599,41.3195694973943],[-98.8908409179067,41.319740511723],[-98.8908819242028,41.3199770214679],[-98.8912837630873,41.3203999313358],[-98.8913570521398,41.3206105830715],[-98.8916809657666,41.3209706089879],[-98.8915676136491,41.3211829596787],[-98.8914280118607,41.321272923894],[-98.890914215044,41.3217760381923],[-98.8909258590067,41.3223766416457],[-98.8918457958414,41.3234838986978],[-98.8921739180754,41.3235720800678],[-98.8923930755637,41.3236918945785],[-98.892794475172,41.3240619607527],[-98.8930744647746,41.3241758262224],[-98.8932286875426,41.3242884825728],[-98.8932734505932,41.3247172235041],[-98.8932345544397,41.3254753838339],[-98.8933186115975,41.3256331306913],[-98.8935569687784,41.3259002615942],[-98.8935942237098,41.3260052460782],[-98.8935588148163,41.3263024302332],[-98.8934381719719,41.3265105156086],[-98.8932132284349,41.3267306789507],[-98.8931041792476,41.3271189573518],[-98.8931315122868,41.3278053733752],[-98.8934811123409,41.32863508513],[-98.8934429842469,41.3287494478644],[-98.8931486251929,41.3289422220755],[-98.8928550261137,41.3286702527732],[-98.8925041998592,41.3285912774975],[-98.8920962281763,41.3286552441458],[-98.8920201570415,41.328769571767],[-98.8922097087529,41.3288626973522],[-98.8927882309824,41.3289132876318],[-98.8933096077834,41.3291068189011],[-98.8939066146465,41.3294577155062],[-98.8936679700048,41.3303869811027],[-98.8938761410971,41.330701768679],[-98.8940230785282,41.3300958893213],[-98.8943804463145,41.3297298474642],[-98.8942778560141,41.3294315402722],[-98.8939260047819,41.3292003379531],[-98.8937269399116,41.3291215049797],[-98.8936703415571,41.3289284054806],[-98.8938508750815,41.3287355253204],[-98.8948380256623,41.3284868139064],[-98.8949920094784,41.3286383905506],[-98.8953446970421,41.3286123053806],[-98.8953851535693,41.3285349685815],[-98.8960892432075,41.328837665956],[-98.8968109110792,41.3293268824035],[-98.8968744040035,41.3301825514043],[-98.8970765330273,41.3304635750402],[-98.8970366163876,41.3305201406444],[-98.8970134138021,41.3310392155966],[-98.8970783413359,41.3316284930593],[-98.8970189285597,41.3317753291252],[-98.8967740990172,41.3319445130947],[-98.8965632051312,41.332001447736],[-98.8964146866653,41.3319464159759],[-98.8961021124723,41.3319139266827],[-98.8960141727959,41.3318541157166],[-98.8955759009384,41.3318901025398],[-98.8952052434757,41.3318527531411],[-98.8951616859643,41.3319032581302],[-98.895375844328,41.33207418343],[-98.8958601961663,41.3322584229909],[-98.8960459794451,41.3324237055363],[-98.8962182502654,41.332794754153],[-98.8962119854147,41.3331645669432],[-98.8962497119616,41.333248016215],[-98.896544716006,41.3336877367666],[-98.8966568113804,41.3336234998537],[-98.8966323897811,41.3371328552388],[-98.8988411404522,41.3371378032801],[-98.8992205663704,41.3371684492922]]]},"properties":{"NAME":"Sherman Reservoir SRA","AreaType":"SRA"}},
{"type":"Feature","geometry":{"type":"Polygon","coordinates":[[[-100.321508558992,42.8942187500276],[-100.322264549694,42.8948182231685],[-100.322689791488,42.8949880047291],[-100.323186008275,42.8942048242877],[-100.323242154777,42.8936625096976],[-100.323114871586,42.8932368815706],[-100.322710621623,42.892709515185],[-100.322115734784,42.8921863254398],[-100.321606683767,42.8918374916384],[-100.32109123405,42.8915621903961],[-100.320005783523,42.8912168642854],[-100.315975746224,42.8904140228841],[-100.315965308698,42.8899231346952],[-100.316247350053,42.8893146102277],[-100.316699270913,42.8893265783628],[-100.316931281496,42.8888849872602],[-100.316876407009,42.8871060131856],[-100.324376562589,42.8869487485188],[-100.324596381237,42.8831797968428],[-100.320583977867,42.8834825034223],[-100.320469324989,42.8823237312945],[-100.316827006855,42.8823085930177],[-100.316883539632,42.8859228982859],[-100.315513622299,42.8859355377895],[-100.313575909519,42.8873095666486],[-100.313512124642,42.8877925293738],[-100.305848583478,42.8873018355495],[-100.305925953577,42.8934656880928],[-100.306838284376,42.8933465997426],[-100.307251387236,42.8930680962024],[-100.307329295426,42.8929752263093],[-100.308599753088,42.8936006646151],[-100.309183803549,42.8933273495691],[-100.309926332099,42.8931719198283],[-100.310232075502,42.8931589362905],[-100.311050544032,42.8928725231486],[-100.312084870539,42.8927740042177],[-100.312250744456,42.8929402519841],[-100.312324461106,42.8928899274084],[-100.313741522924,42.8935623440883],[-100.315803046907,42.8940865771228],[-100.316835676496,42.8942895547325],[-100.317021632251,42.8943875289561],[-100.317024141246,42.8941983023545],[-100.317826979988,42.8943134614288],[-100.320999215124,42.8940748106373],[-100.321508558992,42.8942187500276]]]},"properties":{"NAME":"Smith Falls SP","AreaType":"SP"}},
{"type":"Feature","geometry":{"type":"Polygon","coordinates":[[[-96.6449971162649,40.5959705699668],[-96.6320446504413,40.5960847598926],[-96.6319759993906,40.5996198370767],[-96.6307859876591,40.5996326299598],[-96.6306926931252,40.6032523418441],[-96.6342798124801,40.6032315432801],[-96.6342680759909,40.6050368836441],[-96.6354577418711,40.6050312236128],[-96.6354472055312,40.6068375369952],[-96.6366451898109,40.6068287037921],[-96.6366299373157,40.6077849383042],[-96.6402125031104,40.6077883127687],[-96.6402301891417,40.6067900291892],[-96.6426011611801,40.606771740789],[-96.6426014603191,40.6049842819586],[-96.644215220845,40.6049740585655],[-96.6442207158396,40.604862155617],[-96.6449400373117,40.6048589583287],[-96.6449347112004,40.6049660974125],[-96.6485946785349,40.6049401808623],[-96.6486476692552,40.5986069045682],[-96.649719053962,40.5985929724163],[-96.6497121764602,40.5967815312598],[-96.6520735949155,40.5967580841418],[-96.652072493581,40.5958774787856],[-96.6449971162649,40.5959705699668]]]},"properties":{"NAME":"Stagecoach Lake SRA","AreaType":"SRA"}},
{"type":"Feature","geometry":{"type":"Polygon","coordinates":[[[-96.2892221435465,41.7651962770292],[-96.2935687893724,41.7653315879906],[-96.293649287405,41.7637012590533],[-96.2966146225647,41.7638775514187],[-96.2970484172187,41.7640212045834],[-96.2974457968661,41.7642593091696],[-96.2991472419469,41.7651238011968],[-96.3009584674435,41.7659330659015],[-96.3027806541833,41.7666907328639],[-96.3036448325883,41.7669552711374],[-96.3047323429527,41.7672071745172],[-96.3084550082025,41.7678068124208],[-96.3084665928764,41.7638378288417],[-96.3083925734936,41.7635530146379],[-96.3018736593769,41.7634471809831],[-96.3018815708396,41.7614972704592],[-96.2988984535289,41.761501934849],[-96.2989730586133,41.7561836442493],[-96.2892826585556,41.756176406843],[-96.2892857487602,41.7515280388181],[-96.2878707827118,41.7511591365028],[-96.287951333745,41.7508029354513],[-96.2884138834713,41.7495664565161],[-96.2878537829934,41.7491529140868],[-96.2874938595,41.748972848226],[-96.2846642777462,41.74895600462],[-96.2846094194284,41.7490118943846],[-96.2845186276009,41.7577217153125],[-96.2837783457382,41.757731011135],[-96.2837348097863,41.7612047171898],[-96.280675510848,41.7646159668859],[-96.2799216976621,41.7653705203424],[-96.2799710627819,41.7668539637112],[-96.2814674485344,41.768521322583],[-96.2822597042246,41.768301798947],[-96.2861674367959,41.7675036843105],[-96.2874140693399,41.7671043579425],[-96.2892200235224,41.7671115311349],[-96.2892221435465,41.7651962770292]]]},"properties":{"NAME":"Summit Lake SRA","AreaType":"SRA"}},
{"type":"Feature","geometry":{"type":"MultiPolygon","coordinates":[[[[-101.159453354061,41.1061435797518],[-101.15954879467,41.1061715793235],[-101.159891748089,41.1066844209846],[-101.160113502607,41.1065780408427],[-101.160136533615,41.1065597355757],[-101.160026645401,41.1064117919551],[-101.159340544526,41.1055856530014],[-101.161003645019,41.1049176990644],[-101.16051461745,41.1034366634666],[-101.160625736355,41.1029492684609],[-101.160934653507,41.1024124532025],[-101.161026400243,41.1019633654783],[-101.16095240781,41.1016137949895],[-101.160735315549,41.1011026473365],[-101.159475365481,41.0988824111831],[-101.159007521982,41.0983231189278],[-101.158668552591,41.0980242311972],[-101.157764483598,41.0974193597803],[-101.155556673463,41.0963443380694],[-101.154950350172,41.0958075013204],[-101.154782096617,41.0955818476876],[-101.154687707037,41.0953000914779],[-101.154734433805,41.0950430272236],[-101.155158924608,41.0942963038764],[-101.156226499559,41.0927451387876],[-101.156489226237,41.0925912719953],[-101.159296401313,41.0917981664506],[-101.159280069043,41.0917787528408],[-101.160080080787,41.0915063686264],[-101.159972015255,41.0913615927539],[-101.159424959213,41.0915091220873],[-101.158392876699,41.0907572808255],[-101.158072869845,41.0908001132895],[-101.157721470465,41.0910354804474],[-101.15706691483,41.0912479280241],[-101.15634914385,41.0912613690538],[-101.156099850579,41.0911516437808],[-101.155759388188,41.0911437184823],[-101.155466514049,41.0914351800812],[-101.155236845374,41.0919256434838],[-101.155189990147,41.0922267992151],[-101.155271620955,41.0924111583023],[-101.155428340141,41.0925798128576],[-101.155493418592,41.0928359768476],[-101.155450770176,41.0932657442747],[-101.155177710177,41.0935854322557],[-101.154881085572,41.0937625700145],[-101.154443619503,41.094256920282],[-101.154118085316,41.0947062773369],[-101.153939460711,41.095024196106],[-101.153956272682,41.0955386453233],[-101.15369160205,41.0961155539057],[-101.153699540462,41.0963584882032],[-101.153891711661,41.0964549868629],[-101.154647788601,41.0964551432439],[-101.155124248739,41.096574918799],[-101.155697966779,41.0967786663135],[-101.156602177706,41.0972622016972],[-101.157336385161,41.0977489145598],[-101.157842512162,41.0981970000974],[-101.158449184897,41.0988290845015],[-101.158630436175,41.099168862218],[-101.158757824469,41.09959544382],[-101.158696772268,41.100039855885],[-101.158734388322,41.1006111091132],[-101.159335472638,41.1010717063888],[-101.159602764554,41.1011524887129],[-101.15984351305,41.1015769427295],[-101.159894411594,41.1019763589042],[-101.159755923717,41.1023650273314],[-101.159532031209,41.1024550201636],[-101.159126405925,41.1021909453493],[-101.158628029589,41.1025577618184],[-101.158379696617,41.1039951818066],[-101.158652179897,41.1056029865406],[-101.158616380236,41.1059326281876],[-101.158757422024,41.1062996166657],[-101.158917009531,41.1063621623698],[-101.159231765732,41.1061119866414],[-101.159453354061,41.1061435797518]]],[[[-101.103455505386,41.1022931770241],[-101.104511165084,41.1030603075332],[-101.105120897481,41.1035672675338],[-101.105486559413,41.1039907359513],[-101.105740244547,41.10444806586],[-101.105880113135,41.104445585052],[-101.106493076773,41.1041403664332],[-101.10725660434,41.1036163577113],[-101.107996568199,41.1028640329386],[-101.108578508518,41.1020967241387],[-101.108673792821,41.1018745355948],[-101.110075765637,41.1011364882197],[-101.110434241046,41.1010167196288],[-101.111015793293,41.1009762711953],[-101.11159424186,41.1010848258994],[-101.111814219511,41.1013131507234],[-101.111989258939,41.1016137956664],[-101.111975376374,41.1019179043752],[-101.111877813945,41.1020686415995],[-101.112027139996,41.1023042201962],[-101.112177086783,41.1023133862848],[-101.112428650097,41.102052581084],[-101.112939554338,41.1020193769745],[-101.11404088169,41.1017310592426],[-101.114039010499,41.1014272400685],[-101.113291663387,41.1009643220709],[-101.112912149434,41.1006733887862],[-101.112514604497,41.1003112901786],[-101.112510023089,41.1001683844529],[-101.112411937839,41.1000569823914],[-101.112291955257,41.0999996038387],[-101.112010105243,41.1000524367598],[-101.111911972383,41.1001853105529],[-101.11159667899,41.1004234513277],[-101.111068707656,41.1004152563745],[-101.110346996665,41.1005059369339],[-101.10978386078,41.1006294546234],[-101.108516403491,41.1011412165463],[-101.107589133709,41.1014535033142],[-101.106971277846,41.1016171552247],[-101.106481144451,41.1017045896474],[-101.104128155786,41.1019691944128],[-101.103640481978,41.1019900184137],[-101.103108612855,41.1019542866632],[-101.103455505386,41.1022931770241]]],[[[-101.156610259849,41.0898837774998],[-101.155365989874,41.0903646378848],[-101.154795150037,41.0906327005852],[-101.153127680138,41.0941278324551],[-101.15024274779,41.0948209305829],[-101.150272391296,41.0949020678909],[-101.150770676903,41.0951120150336],[-101.152376863732,41.095291726639],[-101.152618625528,41.0953634695181],[-101.153173040569,41.0953626381802],[-101.153359761689,41.0952924178417],[-101.153538388988,41.0949745010477],[-101.153469507969,41.0947946680701],[-101.153574131157,41.0945257977728],[-101.153767215942,41.0942648045852],[-101.154255992881,41.0937980956742],[-101.154522139446,41.0934594742572],[-101.154663599848,41.0931613158749],[-101.154790734817,41.0924249227074],[-101.154741434376,41.0920731370226],[-101.154802041912,41.0916144359525],[-101.155148537388,41.091035992282],[-101.155506864575,41.0908195684875],[-101.156252437515,41.090500567102],[-101.156964588635,41.0903156440976],[-101.158010851954,41.0902051183397],[-101.157683956819,41.0894781835446],[-101.156610259849,41.0898837774998]]],[[[-101.101930143576,41.1028297380631],[-101.102063760788,41.1028701961856],[-101.102280000548,41.1030974161849],[-101.102416971171,41.103440476456],[-101.102594336338,41.1035683126685],[-101.103167584558,41.1037604147852],[-101.104310410483,41.1039635572022],[-101.104467091041,41.1039368624232],[-101.104553585328,41.1038828521177],[-101.104577101426,41.1038299924944],[-101.104521578355,41.1037356802232],[-101.104277810621,41.1035018172913],[-101.103136415713,41.1027838835987],[-101.102754762871,41.102671693989],[-101.102566464309,41.1027112769648],[-101.102333188898,41.1028223814228],[-101.102069738178,41.1026426179915],[-101.101177005025,41.102528902382],[-101.098940413767,41.1021090284379],[-101.098455823875,41.1021207235107],[-101.098006562028,41.1022112832553],[-101.098051325079,41.1023880829888],[-101.0987414001,41.1022920987003],[-101.09903614004,41.1023200680993],[-101.10082761338,41.1026769413949],[-101.101930143576,41.1028297380631]]]]},"properties":{"NAME":"Sutherland Reservoir SRA","AreaType":"SRA"}},
{"type":"Feature","geometry":{"type":"Polygon","coordinates":[[[-96.3535559133919,41.2282407242242],[-96.3535493089779,41.2317617367719],[-96.3485104770896,41.2317632270963],[-96.3484782383507,41.2336056169928],[-96.3487021757746,41.2336081287198],[-96.348729250099,41.2319380150224],[-96.3598789435727,41.2319218329515],[-96.3598024133987,41.2309359411867],[-96.3599073698616,41.2302446209525],[-96.3612105935735,41.2302511336723],[-96.3609207332825,41.2292837194634],[-96.361315731496,41.227939232097],[-96.3621892550749,41.2279021393513],[-96.3626886572875,41.2302767008204],[-96.3657709351308,41.2303421204887],[-96.365686299458,41.2275827052285],[-96.365266070263,41.2259431081902],[-96.3629675392674,41.2228199545343],[-96.3624569880639,41.2182672830305],[-96.3598866304566,41.2126869695937],[-96.3397834024949,41.212359258554],[-96.3398637648819,41.2191231353378],[-96.3487076833456,41.2191578775457],[-96.3492148487989,41.2207945155874],[-96.3494130045741,41.2210146458906],[-96.3497340382021,41.2216299096246],[-96.3497494622756,41.2219685857598],[-96.3501716821372,41.2220510117752],[-96.3510862973522,41.2229060199825],[-96.3511742235539,41.2265041756988],[-96.353581525259,41.2264967173965],[-96.3535559133919,41.2282407242242]]]},"properties":{"NAME":"Two Rivers SRA","AreaType":"SRA"}},
{"type":"Feature","geometry":{"type":"Polygon","coordinates":[[[-99.251121620003,40.6797570758987],[-99.251123480414,40.6802039441264],[-99.2555378655005,40.6805655648802],[-99.2555260059421,40.6781815815162],[-99.2553621972518,40.6779344672381],[-99.2550994894385,40.6777033796409],[-99.2532846042054,40.6764450789332],[-99.2527981637841,40.676197570566],[-99.2522776224163,40.6760391725226],[-99.251147001003,40.6759040115449],[-99.251121620003,40.6797570758987]]]},"properties":{"NAME":"Union Pacific SRA","AreaType":"SRA"}},
{"type":"Feature","geometry":{"type":"Polygon","coordinates":[[[-95.7208638367564,40.1466910062492],[-95.7219563794831,40.1492091197409],[-95.7280583827815,40.149217757714],[-95.7280277367556,40.1468544174404],[-95.7269718542757,40.1468270358945],[-95.7258485325725,40.1455516531144],[-95.7202885026479,40.1455155096848],[-95.7208638367564,40.1466910062492]]]},"properties":{"NAME":"Verdon SRA","AreaType":"SRA"}},
{"type":"Feature","geometry":{"type":"Polygon","coordinates":[[[-99.7478379452931,41.6076988541036],[-99.7478797546831,41.6112230740724],[-99.7550378318025,41.6112423139152],[-99.7550169603452,41.6076982455631],[-99.7501763686738,41.6076697596795],[-99.7478379452931,41.6076988541036]]]},"properties":{"NAME":"Victoria Springs SRA","AreaType":"SRA"}},
{"type":"Feature","geometry":{"type":"Polygon","coordinates":[[[-96.5842397605511,40.6399011127744],[-96.584233380716,40.6400486662898],[-96.5926602859535,40.6400147845583],[-96.5926581084372,40.6398832015333],[-96.5906373401208,40.6399155843666],[-96.5906685601701,40.6398304391446],[-96.5903265607617,40.6394229111186],[-96.5902248121827,40.6391204969477],[-96.5902736374151,40.6388069252144],[-96.5903980055729,40.6384806313237],[-96.5903800248941,40.6379368727962],[-96.5905799323842,40.637597856527],[-96.5905704273102,40.6373402664075],[-96.5898832942713,40.636312603681],[-96.5884236936313,40.6336442697227],[-96.588315427775,40.6331114701074],[-96.588294226636,40.6324634035815],[-96.5882392272827,40.6322806707541],[-96.5878864274296,40.631457870192],[-96.5872368942752,40.6305568038202],[-96.5871524274856,40.6299948705159],[-96.5868428267162,40.629421670412],[-96.5868072273798,40.6290714033161],[-96.586921094232,40.6283472039546],[-96.5868580271092,40.6276476697835],[-96.5865632278807,40.6269548698239],[-96.5860218267337,40.6263858700783],[-96.5859374937931,40.6261242038652],[-96.5857818939078,40.625915670045],[-96.5858044937237,40.6256444696985],[-96.5857508723861,40.6254635924935],[-96.5858819087383,40.6255084470752],[-96.5912677768889,40.6255630616536],[-96.5911168275818,40.62183517651],[-96.5900837272758,40.6218318491201],[-96.5900837353606,40.6200250000858],[-96.5853982342298,40.6200250123593],[-96.5853861123633,40.6182997994272],[-96.5819050840435,40.6182903997346],[-96.5819009122673,40.6191211324362],[-96.5783846448355,40.6191218313528],[-96.5783898927934,40.6182870626218],[-96.5772531260053,40.6182892289494],[-96.5774339919063,40.6190015003033],[-96.5780461793994,40.6200629831231],[-96.5788643802315,40.6202708090376],[-96.5793006632189,40.6206612821484],[-96.5795339458167,40.6204373813211],[-96.5804220849853,40.6204844907667],[-96.579690693749,40.6207322031261],[-96.5794698941404,40.620938603253],[-96.5794494942986,40.6210996699809],[-96.5795488937831,40.6216074040135],[-96.5795320279136,40.6218782702857],[-96.5792810269451,40.6222942033628],[-96.5793098943068,40.6224468706948],[-96.579037226872,40.6229178035712],[-96.5792047411129,40.6232815697164],[-96.5774871218655,40.622679990677],[-96.5749643498154,40.621864372304],[-96.5726085027115,40.6218983007476],[-96.5725335751319,40.632702659633],[-96.5806390218382,40.6326678804232],[-96.5806392850446,40.6327312827946],[-96.5816439572651,40.6323002079285],[-96.5820517169456,40.6318018561672],[-96.5820114275051,40.6320192703369],[-96.5818405517684,40.6322302829792],[-96.581966443469,40.6323585255898],[-96.5818031566998,40.6322764583101],[-96.5814780195675,40.6325411900308],[-96.5814662183996,40.6326849905205],[-96.5816166188361,40.6327002572121],[-96.582121461246,40.6325748274046],[-96.5821157677237,40.6324855837831],[-96.5821824855998,40.6325661264516],[-96.5825478277309,40.6325768037472],[-96.5826578938111,40.6326348709713],[-96.5829850943736,40.6332056029139],[-96.5830768276355,40.6334660708612],[-96.5832664943313,40.6343730704723],[-96.5833158944854,40.6350206037739],[-96.58347949297,40.6352250700575],[-96.583638693303,40.635752269683],[-96.5839092281373,40.6362208032444],[-96.5839622269424,40.6364612701522],[-96.5841092263572,40.6366122042795],[-96.5842224275577,40.6368104704968],[-96.584162027533,40.6376458039242],[-96.584902276158,40.63799826467],[-96.5851358129791,40.6382891418183],[-96.5852549008396,40.6383702814485],[-96.5848014851831,40.6387111329406],[-96.584624425444,40.6389362213211],[-96.5845575898886,40.6392279628232],[-96.5846644130506,40.639909427635],[-96.5842397605511,40.6399011127744]]]},"properties":{"NAME":"Wagon Train SRA","AreaType":"SRA"}},
{"type":"Feature","geometry":{"type":"Polygon","coordinates":[[[-102.626036471147,42.6333733036825],[-102.626027141244,42.6430957483746],[-102.631587808075,42.643016324042],[-102.631379021636,42.6357879370656],[-102.631120053509,42.6357442986582],[-102.63088769438,42.6356452417656],[-102.630820874994,42.632217362708],[-102.626027029853,42.6322333731357],[-102.626036471147,42.6333733036825]]]},"properties":{"NAME":"Walgren Lake SRA","AreaType":"SRA"}},
{"type":"Feature","geometry":{"type":"Polygon","coordinates":[[[-98.7311806340396,40.7244894654562],[-98.7311881268874,40.7248092271363],[-98.738578444559,40.7247461226437],[-98.7381554189085,40.7244241133597],[-98.7383969525322,40.7244273600657],[-98.7373869847431,40.7236620228715],[-98.7370070395988,40.7234329585811],[-98.7360365240203,40.7231041559753],[-98.7311515097598,40.7230489288569],[-98.7311806340396,40.7244894654562]]]},"properties":{"NAME":"War Axe SRA","AreaType":"SRA"}},
{"type":"Feature","geometry":{"type":"Polygon","coordinates":[[[-97.5530291147917,42.1868324033058],[-97.5530438678236,42.1918555529791],[-97.5554673221358,42.1918460860265],[-97.5554343306087,42.1868225921436],[-97.5543193228134,42.1868088471955],[-97.5542772223693,42.1846428303285],[-97.5823987990824,42.184643320238],[-97.5824006433237,42.1845873101207],[-97.5920881373313,42.1845579408169],[-97.5918906597841,42.1727695016181],[-97.5919124762691,42.1714973139856],[-97.5965765813265,42.171492519731],[-97.5981141988523,42.1709108383433],[-97.6010850882953,42.1676154900073],[-97.6006945789632,42.1659783818409],[-97.5963847505892,42.1660290957541],[-97.5964706960057,42.1670095103658],[-97.5918108175217,42.167069635524],[-97.5918079914218,42.1665328182818],[-97.5820256559813,42.1666306410549],[-97.5820503416853,42.1680032853015],[-97.581908195868,42.1683046967809],[-97.5814704854576,42.1688836343886],[-97.5808784121421,42.1694339034388],[-97.5803161539108,42.1697962915408],[-97.5795291946877,42.170179723194],[-97.5791259688044,42.1703057870867],[-97.5724221769106,42.1703464621046],[-97.5724152464082,42.1703034807945],[-97.5585857895087,42.1703521352864],[-97.5432907994951,42.170351667903],[-97.5433768050987,42.1756508666903],[-97.5441874277431,42.1756479128353],[-97.544210990553,42.1774324049226],[-97.5529832072874,42.1773744991201],[-97.5530455907923,42.1774850042726],[-97.5529878066616,42.1794620529098],[-97.5530538508013,42.183173602854],[-97.5530291147917,42.1868324033058]]]},"properties":{"NAME":"Willow Creek SRA","AreaType":"SRA"}},
{"type":"Feature","geometry":{"type":"Polygon","coordinates":[[[-98.832631937127,40.7065684383421],[-98.831444910497,40.7069362429496],[-98.8315684737644,40.7108614489012],[-98.8340777423391,40.710570448994],[-98.8359680618016,40.7099115043747],[-98.8453623304292,40.7099888838908],[-98.845369737937,40.7042860349846],[-98.8436123942894,40.7037888392321],[-98.8432017797629,40.7037009507217],[-98.8425410625833,40.7036784237263],[-98.8422644111201,40.7037010174603],[-98.8415763995289,40.7038426311082],[-98.8395550239513,40.7044209320632],[-98.832631937127,40.7065684383421]]]},"properties":{"NAME":"Windmill SRA","AreaType":"SRA"}},
{"type":"Feature","geometry":{"type":"Polygon","coordinates":[[[-103.686112318234,41.7154284668242],[-103.686147074951,41.7154273228565],[-103.686047574855,41.7149677613237],[-103.685029451261,41.7141925989358],[-103.684882614442,41.7139542214706],[-103.685341217869,41.713715452177],[-103.684274269043,41.7115829933243],[-103.683933552429,41.7105064502598],[-103.682967093642,41.7087977057479],[-103.682559007873,41.7086814206568],[-103.681453900411,41.7076482125041],[-103.67968545179,41.7067096985276],[-103.679231434262,41.7067493913994],[-103.678897031008,41.7066351641731],[-103.678525838149,41.7065682979217],[-103.678094203943,41.7059835264387],[-103.67689167868,41.7054978657579],[-103.6750716461,41.7044806562424],[-103.673309759672,41.7029630964392],[-103.672960667166,41.7028885879223],[-103.672772293146,41.7027179905714],[-103.672512999829,41.7022319953642],[-103.671245162553,41.7011629477773],[-103.670895807739,41.7001121721561],[-103.670670161719,41.6981882964173],[-103.67066563421,41.6979200546915],[-103.671011752394,41.6975960987353],[-103.671082536944,41.6969680421113],[-103.670753286426,41.6965176908611],[-103.671167880489,41.6951435256936],[-103.671008851734,41.6946641011421],[-103.671484098249,41.6941510181068],[-103.671415377129,41.69331354964],[-103.671736783558,41.6925379631488],[-103.671959673547,41.6916515251632],[-103.674437826277,41.6874518411932],[-103.675572283496,41.68523369919],[-103.669426737059,41.6908845238034],[-103.666647347773,41.6909299813323],[-103.666633806569,41.6937304868702],[-103.666703599378,41.697955737953],[-103.658288176407,41.6980029075723],[-103.658518819754,41.6986799180885],[-103.658707704916,41.6990587460937],[-103.659247192651,41.6995299497205],[-103.659849348657,41.6998127896272],[-103.660202526701,41.7002129457127],[-103.660318004233,41.7006227608865],[-103.660381654362,41.7013705773912],[-103.660350386702,41.7017291834171],[-103.659972011813,41.702430644326],[-103.659844913675,41.702914638046],[-103.660074787166,41.703455592392],[-103.660624704342,41.704333726415],[-103.660875444799,41.7050310578008],[-103.660756735129,41.7061579143706],[-103.661011869246,41.7066704281389],[-103.661798425126,41.7073733876734],[-103.662343391686,41.7077871783409],[-103.663863028533,41.7084900746971],[-103.6644464897,41.7086450090112],[-103.665225912957,41.7086876259583],[-103.665790832896,41.7089170828736],[-103.666141256705,41.7091535140994],[-103.66663674406,41.7097308068879],[-103.667846031841,41.7119399376661],[-103.669666919617,41.7127902687805],[-103.670207077495,41.7130938839381],[-103.670660794986,41.7134057873307],[-103.671229768124,41.7139427640946],[-103.671913090509,41.7150209796537],[-103.672276515636,41.7153356886914],[-103.672721511383,41.7155059528241],[-103.673346322002,41.7156136498603],[-103.673879194544,41.7157961689315],[-103.67451487388,41.7160761457904],[-103.674738080974,41.7158099950358],[-103.675347407333,41.7160968657447],[-103.675158721597,41.7163546080075],[-103.675615178949,41.7166108170455],[-103.675997366288,41.716896267999],[-103.67705133356,41.7179680478933],[-103.676912348016,41.7155616229252],[-103.686112318234,41.7154284668242]]]},"properties":{"NAME":"Wildcat HIlls SRA","AreaType":"SRA"}},
{"type":"Feature","geometry":{"type":"MultiPolygon","coordinates":[[[[-101.527717453258,40.4490735742088],[-101.529721402417,40.450111987224],[-101.533561071436,40.4513267343076],[-101.53350687338,40.4478644651864],[-101.538086858398,40.4477774464244],[-101.54234815978,40.4442518196012],[-101.542358482321,40.4434994499369],[-101.542209000861,40.4389542924681],[-101.541120030734,40.4398553002102],[-101.540679841872,40.4400937778574],[-101.539740978433,40.4403432162834],[-101.538347565663,40.4404501051925],[-101.533855924563,40.4404533732321],[-101.532716020858,40.4400017088367],[-101.532186693967,40.4398607807199],[-101.530331523785,40.4389671755298],[-101.52983778545,40.4384441306791],[-101.52962545965,40.438105585007],[-101.529104010984,40.4381742004716],[-101.52852269679,40.4379771936253],[-101.528374528667,40.43801857002],[-101.528180063171,40.4381562892283],[-101.52787444104,40.4379913793518],[-101.527512530473,40.4376561029939],[-101.526986087174,40.4375913541174],[-101.525577009582,40.437278970218],[-101.525319837188,40.437074861636],[-101.525006382646,40.4367003853034],[-101.524856787998,40.4367036548926],[-101.524628117351,40.4365942534746],[-101.524445034408,40.4363694571956],[-101.524166500974,40.4362611451039],[-101.524036848028,40.4361305130216],[-101.524003363326,40.4359024476153],[-101.523765429251,40.4355453844033],[-101.523829533928,40.4352579879663],[-101.524390850725,40.4349215964622],[-101.524383009331,40.4347120374012],[-101.524104482186,40.4346037246909],[-101.524122999159,40.4344317231194],[-101.524296094632,40.4343898077721],[-101.524364473493,40.4342167171176],[-101.524484833368,40.4334323650181],[-101.524533962231,40.4327449013783],[-101.524848060865,40.4318037857098],[-101.52505746265,40.4313988154727],[-101.525201342215,40.4312431392518],[-101.525194212287,40.4310526313116],[-101.525403610478,40.43064765997],[-101.525345906298,40.4304391912299],[-101.525039614023,40.4302552215018],[-101.524933476276,40.4300859439901],[-101.524952702918,40.4299329923971],[-101.524890009494,40.4295911674417],[-101.524687700807,40.4288519994218],[-101.524474720135,40.4284943906988],[-101.524148499634,40.42844431924],[-101.523801624171,40.4285090960715],[-101.52347468951,40.4284399708769],[-101.523439786367,40.428173803887],[-101.523360011479,40.4280420811338],[-101.522956867342,40.4279364867959],[-101.522652017762,40.4277906126284],[-101.522596461453,40.4276392942493],[-101.522661990859,40.427390000163],[-101.522653443389,40.4271613895073],[-101.522474667867,40.4270508948535],[-101.52225030554,40.427055792419],[-101.522013833025,40.4274041498291],[-101.521841465186,40.4274651112501],[-101.521426225235,40.4270356462036],[-101.521043748638,40.4268151958423],[-101.520929086777,40.4264173026414],[-101.520544481172,40.4261396973322],[-101.520075843563,40.425616061016],[-101.519716173395,40.42533790806],[-101.519506076315,40.4250564933722],[-101.519344416395,40.4247358894895],[-101.51890854753,40.4244212636921],[-101.518523038221,40.4244330587924],[-101.518200272641,40.4245429573247],[-101.517942063591,40.4250075730043],[-101.51718469667,40.4273530737056],[-101.517398319638,40.428063409366],[-101.514483412305,40.4282043683649],[-101.514739581281,40.4368527170893],[-101.520768114068,40.4368834806894],[-101.52400778124,40.4398753748993],[-101.524092719645,40.4472733524186],[-101.527717453258,40.4490735742088]]],[[[-101.538746466158,40.4344735755355],[-101.538987892882,40.4342585402661],[-101.539287786456,40.4342710160268],[-101.539684535487,40.4342050967227],[-101.540228002759,40.4340596846958],[-101.540718734432,40.4338391636839],[-101.541908250294,40.4336223356189],[-101.542421032014,40.4333250574291],[-101.542990134509,40.4331981345325],[-101.543439608359,40.4332073072265],[-101.54375724366,40.433028717419],[-101.54457205425,40.4328010449149],[-101.545019369448,40.4327530594216],[-101.545258613266,40.4324808601772],[-101.545380164307,40.4317345955237],[-101.545720562019,40.4314982995751],[-101.545089976131,40.4307401281409],[-101.544625143785,40.4299348858316],[-101.544194194994,40.4296346195443],[-101.543888400386,40.429551446814],[-101.54352483153,40.4293280643444],[-101.543305107204,40.4289494871556],[-101.542915555476,40.4284893715196],[-101.542903703104,40.4283849745566],[-101.541561150251,40.4269743513694],[-101.541006105492,40.4264866309615],[-101.539407229152,40.4246937745691],[-101.539227965845,40.4243581234891],[-101.539033830031,40.4222725562128],[-101.534425611862,40.4222579158126],[-101.534541109156,40.415152787764],[-101.520049827455,40.4152760794472],[-101.520327989884,40.4163213559534],[-101.520915083838,40.4171122407803],[-101.520894954389,40.4180636176736],[-101.521159846007,40.4191446253709],[-101.521147054895,40.4200236308348],[-101.521972621913,40.4202932762251],[-101.523466789725,40.4208898463456],[-101.523661217492,40.4207521348596],[-101.523777302284,40.4205208016337],[-101.524016592815,40.4202486452065],[-101.524149764462,40.419807208233],[-101.524415403478,40.4195726074909],[-101.524617662758,40.4196444541533],[-101.524673216372,40.419795772053],[-101.52469103176,40.420272043326],[-101.524855556408,40.4206688430902],[-101.525038595334,40.4208936398788],[-101.525567758732,40.4210346063807],[-101.525898222874,40.4211989799588],[-101.525928853628,40.4213508421535],[-101.525806357559,40.4214107189499],[-101.525531449726,40.4213976615536],[-101.524673246914,40.4211304210324],[-101.52429863417,40.4211195390257],[-101.523955358255,40.4212795690414],[-101.524050088297,40.4218113595057],[-101.524328561543,40.4219196750389],[-101.524812864873,40.4221950888457],[-101.525470239421,40.422428585561],[-101.525887612872,40.4229151892303],[-101.526349856273,40.4232673443883],[-101.52794669164,40.4239378754771],[-101.528255817201,40.4241980419855],[-101.529269478862,40.4259490306455],[-101.529575829527,40.4268003116199],[-101.529833687336,40.427023463146],[-101.530016761296,40.4272482503239],[-101.530342265839,40.4272792556051],[-101.530394905318,40.4266870448089],[-101.530773271224,40.4265734912819],[-101.530963977271,40.4265601818701],[-101.530973307173,40.4265134576966],[-101.531628473663,40.4263168269856],[-101.532176186373,40.4262857583479],[-101.532661885684,40.4259319182875],[-101.533033036322,40.4257936570591],[-101.532104408287,40.4266557308471],[-101.531441910646,40.4266641098225],[-101.531353630509,40.4269711059248],[-101.531298854836,40.4275061645113],[-101.531206999403,40.4277179075828],[-101.530964140764,40.4278948251993],[-101.530595918634,40.4280554217079],[-101.530484134077,40.4284010653579],[-101.530594568467,40.4286846419354],[-101.531126661271,40.4289017833779],[-101.531874638102,40.4295527180003],[-101.532670343323,40.43014540205],[-101.532839947943,40.4306755421843],[-101.532845669313,40.4308279484768],[-101.532758106031,40.4311539963344],[-101.533761868258,40.4319709077366],[-101.534061035994,40.4319643462168],[-101.534103025047,40.4317536955177],[-101.534480561808,40.4318407459637],[-101.535086177226,40.4326854456167],[-101.535520024881,40.432942854846],[-101.536154756495,40.4332339849554],[-101.536466104487,40.433551277903],[-101.536748227589,40.4337548139356],[-101.537069466033,40.4336714945066],[-101.537251866256,40.4338772188818],[-101.53736090646,40.4341226865616],[-101.537586004508,40.4341368095122],[-101.537967141716,40.4343191009486],[-101.538163008584,40.434219466491],[-101.538413756228,40.4342520904213],[-101.538746466158,40.4344735755355]]],[[[-101.580751776878,40.4287374443501],[-101.580812461669,40.4330671751296],[-101.585590953703,40.4330459059206],[-101.585576934595,40.4289026976289],[-101.585454615494,40.4277258754503],[-101.585214304477,40.4278027510988],[-101.58480299196,40.4278119539329],[-101.584582469931,40.4279169850006],[-101.584278673176,40.4283600536717],[-101.583970012045,40.4283981878735],[-101.583587929808,40.428501312926],[-101.583233306375,40.428446188783],[-101.582825523339,40.4282436254783],[-101.582660339327,40.4283644177676],[-101.582386770882,40.4284155710777],[-101.582062324555,40.42807343206],[-101.581851199802,40.4279351526678],[-101.581710485899,40.42768090335],[-101.58138062812,40.427373680039],[-101.581035356149,40.4271525989309],[-101.580832002721,40.4267281505162],[-101.580597817317,40.4264759864274],[-101.580751776878,40.4287374443501]]]]},"properties":{"NAME":"Enders Reservoir SRA","AreaType":"SRA"}},
{"type":"Feature","geometry":{"type":"MultiPolygon","coordinates":[[[[-100.665703417655,40.3739185571518],[-100.667631294781,40.373894560522],[-100.671688472879,40.3737696949639],[-100.672166016386,40.3729166365228],[-100.672204757131,40.3719626648607],[-100.672128904287,40.3714155498411],[-100.671961655049,40.3709531799451],[-100.672076545082,40.3705582361095],[-100.671819966474,40.3702640054958],[-100.6715510522,40.3701010467547],[-100.671185152216,40.3697964775268],[-100.670520663908,40.3693889617853],[-100.669788012336,40.3693757095056],[-100.669552315965,40.3692956899907],[-100.669391560648,40.3690954111666],[-100.669229923186,40.3688593914573],[-100.669187599061,40.3684071321078],[-100.669268410606,40.3678935053375],[-100.66905005711,40.3672531045635],[-100.668955425883,40.3665751643376],[-100.668825239337,40.3663506070736],[-100.668960713366,40.366157969543],[-100.669343875378,40.3659130519936],[-100.671440430063,40.365464162966],[-100.671475902737,40.3651682236153],[-100.671670721271,40.3648555479571],[-100.672021873614,40.3645644464458],[-100.672268419837,40.3644536217788],[-100.672531716047,40.3643902247717],[-100.672843209566,40.3643857182657],[-100.673028337075,40.3643115340427],[-100.672230791206,40.3641919772373],[-100.671938995944,40.3643630447317],[-100.671472639158,40.3644055403189],[-100.671003044843,40.3643169864828],[-100.670515523748,40.3641333493423],[-100.669535491418,40.3635635380292],[-100.669343894242,40.3633756222457],[-100.668508163686,40.3629705667096],[-100.668080606933,40.3626907119714],[-100.667831124117,40.3626823927951],[-100.667703006392,40.3625412287986],[-100.667481443215,40.3624014129388],[-100.667106780164,40.3623710615684],[-100.666922824957,40.3624928906627],[-100.666805860714,40.3628044362533],[-100.666429708257,40.3633461536006],[-100.666405014468,40.3636086980823],[-100.666475823272,40.3639532900984],[-100.666496659695,40.3647991437623],[-100.666076116089,40.3654368416775],[-100.66576666983,40.3655247232798],[-100.666067607247,40.3650913510255],[-100.666149612653,40.3646253812834],[-100.666081739543,40.3643999229304],[-100.665716187206,40.3641072479173],[-100.6660800031,40.3636968052054],[-100.666183450393,40.3634688796452],[-100.666179928997,40.3633259178135],[-100.665779128565,40.3628669038608],[-100.665633679642,40.3626544803565],[-100.665646907335,40.3625589493507],[-100.665942819576,40.3625546863978],[-100.66626283721,40.3622640499826],[-100.666365401459,40.3620003838648],[-100.666298703346,40.3618225797917],[-100.666340731026,40.3616312914582],[-100.666542606725,40.3616045470114],[-100.666788858301,40.3614818203106],[-100.666799736,40.3612909807231],[-100.66674890483,40.3611248659782],[-100.666768020081,40.3606359660908],[-100.666908477964,40.3606458585035],[-100.667055997503,40.3603100372516],[-100.666930527112,40.3602760926575],[-100.666791243328,40.3603138540494],[-100.666669294333,40.3604228709037],[-100.666434807993,40.3603904973027],[-100.666038716529,40.360122099393],[-100.665928619906,40.3599309157558],[-100.664086910081,40.3604584876651],[-100.663203262488,40.3611037102453],[-100.661541210329,40.3625225889824],[-100.660072383992,40.363616277231],[-100.65942818683,40.3640307259335],[-100.659180161082,40.3640819555214],[-100.646710534333,40.3642263969318],[-100.64671516964,40.3646587453185],[-100.65582906239,40.3645601158581],[-100.656030267047,40.3716515181664],[-100.660711432908,40.3715604032798],[-100.660771208604,40.3739798045002],[-100.665703417655,40.3739185571518]]],[[[-100.692266892558,40.3652509694216],[-100.69226450843,40.365155663859],[-100.69208101316,40.364796052745],[-100.691798796634,40.3644760221818],[-100.69136897433,40.3642344243354],[-100.690776778843,40.3634803555115],[-100.690449023122,40.363332603071],[-100.689739393573,40.3628662693491],[-100.689315775933,40.3628724597741],[-100.689139442033,40.362798762604],[-100.688350790384,40.3621619617339],[-100.687544366465,40.3618114383586],[-100.687413119907,40.3615463980639],[-100.687633579952,40.3613906341779],[-100.687553595756,40.3611820508347],[-100.687350448043,40.3610324705404],[-100.686821466105,40.3608113693312],[-100.686298189367,40.3608190021854],[-100.686127088153,40.3609549751324],[-100.686036917061,40.3613376550309],[-100.686006298883,40.3611092827318],[-100.685779185915,40.3609981840612],[-100.685076259595,40.3607986807617],[-100.684747104298,40.3605937261844],[-100.684666655673,40.360366078993],[-100.684462094011,40.3601593091592],[-100.684185151494,40.3600489331318],[-100.684057242177,40.3599173186775],[-100.683995072472,40.3594224492885],[-100.68388970997,40.3591951643581],[-100.683608029738,40.3588941744848],[-100.683554875524,40.3587614707578],[-100.683548710387,40.358513673243],[-100.683370970623,40.3583827834408],[-100.683272724575,40.3584414183908],[-100.683258713552,40.3588801918132],[-100.683211250165,40.3589762243078],[-100.682397982881,40.3593503569555],[-100.682047242865,40.3592791879565],[-100.68187329489,40.3593007857739],[-100.681629804735,40.3595331466934],[-100.681354291438,40.359479949096],[-100.680856887078,40.3595253172385],[-100.680088228334,40.3596890346605],[-100.679942982431,40.35986275921],[-100.680098641605,40.3601083846182],[-100.680504427687,40.360388511557],[-100.680412330607,40.3606949420161],[-100.679810513266,40.3605511412623],[-100.679073700697,40.3599897950976],[-100.678672179816,40.3598812156288],[-100.678490663534,40.3595978269366],[-100.678240068604,40.3595442597535],[-100.676974939749,40.3597914346836],[-100.6767497357,40.3597565636859],[-100.676472335941,40.359627108295],[-100.675922257966,40.3595588104326],[-100.675570579211,40.3594494971558],[-100.674958401599,40.358886318944],[-100.675203799775,40.3587302176039],[-100.675298749904,40.3585381586223],[-100.67497152329,40.3584094216955],[-100.674704038236,40.3586802523667],[-100.674552259784,40.3595977269978],[-100.674566411843,40.3601695712751],[-100.674405666408,40.3607248779648],[-100.67454582605,40.3613521019643],[-100.674677493918,40.3616362177415],[-100.674878729118,40.3617095766753],[-100.675276478871,40.3616656782356],[-100.675532272352,40.3619289274403],[-100.676209321802,40.3620907279387],[-100.676566211684,40.3624097136687],[-100.676679112848,40.3629419883932],[-100.676778789013,40.3629405427759],[-100.676832878373,40.3631113725104],[-100.676763318227,40.3633221319876],[-100.676794851789,40.3635886300695],[-100.677100968892,40.3638702148387],[-100.677156005076,40.364079166321],[-100.677108530011,40.3641751968856],[-100.676810914564,40.364236717977],[-100.67671690587,40.3644669003515],[-100.676826033211,40.3648466828501],[-100.677266184344,40.364815202539],[-100.688413984169,40.3651382636304],[-100.691647267913,40.365144843302],[-100.692266892558,40.3652509694216]]],[[[-100.678859232414,40.3550504139279],[-100.678981742856,40.3549652117255],[-100.679477104446,40.3548388413469],[-100.679849955595,40.3547976718841],[-100.680271888894,40.3548511292014],[-100.680313280567,40.3546360099627],[-100.680465454278,40.3544907867691],[-100.680456579821,40.3541333853665],[-100.680304302804,40.3536469738588],[-100.680338299546,40.3531340205162],[-100.680226042475,40.3530045572017],[-100.680268912775,40.3528490042847],[-100.680374367803,40.3527044597707],[-100.680431033531,40.352477200115],[-100.68044354347,40.351726205042],[-100.680081175661,40.3512833637464],[-100.680027658528,40.3510100340153],[-100.680077524907,40.3505087673465],[-100.679847698128,40.350035399565],[-100.67980764225,40.3496317111526],[-100.679532923961,40.3492772401717],[-100.67951351047,40.3491225926224],[-100.679590183476,40.3490738080792],[-100.679663012591,40.3488701494482],[-100.679433786785,40.3484206067706],[-100.679179922886,40.3482336106811],[-100.678916309571,40.3476534721698],[-100.678745238899,40.3470362362849],[-100.67864342115,40.3463528045449],[-100.678525229808,40.346291025454],[-100.678109380799,40.3454198928263],[-100.677091757567,40.3456013154178],[-100.676692439355,40.345760252857],[-100.6762514465,40.3462125737661],[-100.675842203701,40.3467139805398],[-100.675487791372,40.3472010780822],[-100.675140194561,40.3479042829462],[-100.675020885715,40.3482573473884],[-100.674712092531,40.349622123146],[-100.669227706143,40.3496307951403],[-100.669381853453,40.3526586420601],[-100.671346132111,40.3526423887044],[-100.671396588684,40.3528555344968],[-100.671479764594,40.3550108218169],[-100.671961453826,40.3549048548235],[-100.672179763305,40.3549136151313],[-100.672337254144,40.3549828432226],[-100.673565712871,40.3548935636978],[-100.674077245933,40.3547908173783],[-100.674497701504,40.3547847288952],[-100.67553079103,40.3549842821651],[-100.676385801229,40.3549123007771],[-100.676758766464,40.3546688504598],[-100.677357780163,40.3548100158799],[-100.677783551065,40.3550183574359],[-100.677938684725,40.3549922702803],[-100.67804562377,40.3549072952782],[-100.67832533759,40.3548793994727],[-100.678658268505,40.3551129202099],[-100.678859232414,40.3550504139279]]],[[[-100.696830830072,40.3578761822773],[-100.697408351578,40.3577961997657],[-100.697841034118,40.3579042561896],[-100.698082537199,40.3578435048912],[-100.698432935855,40.3576524427999],[-100.698611556866,40.3573208925111],[-100.699135542375,40.3565981346806],[-100.699999832171,40.3560276846557],[-100.70089681166,40.3552708316758],[-100.701000310157,40.354182420224],[-100.700937785617,40.3531822571991],[-100.700542868252,40.3523442954973],[-100.699989354221,40.351446861573],[-100.696161873544,40.3517147723581],[-100.69065135786,40.354731150358],[-100.690585287669,40.3546682706359],[-100.690586622566,40.3547086625158],[-100.690132938313,40.3546707063071],[-100.69000045747,40.3561027617453],[-100.690027357521,40.3564312950777],[-100.689921659948,40.3566902616944],[-100.69009091692,40.3567306913819],[-100.690348253707,40.3565553158592],[-100.690596187827,40.3567519073576],[-100.690696054435,40.3570078689893],[-100.690887214131,40.3571766875295],[-100.690779019242,40.3573355826306],[-100.690897216872,40.3575769745142],[-100.691369408216,40.3577702848174],[-100.691649006153,40.3577375916359],[-100.691738154962,40.3575646734659],[-100.692109045987,40.3574448370422],[-100.692243075525,40.3575715865595],[-100.692508277062,40.357710716268],[-100.692788590058,40.3577066125043],[-100.693029025042,40.3576029840022],[-100.693290291958,40.3575848575889],[-100.693403489565,40.357626102702],[-100.693499431434,40.357724805969],[-100.693664399849,40.3575936791563],[-100.693910558,40.3577187834659],[-100.693952585681,40.3579040836882],[-100.694228963158,40.3577427208247],[-100.694659133109,40.3577507188811],[-100.69484779998,40.3578194594125],[-100.694958134657,40.3577463365159],[-100.695202504262,40.3577999585208],[-100.695481743771,40.3577529607189],[-100.695783251618,40.3578486470781],[-100.696137599269,40.3578148477341],[-100.696476841748,40.3579242800311],[-100.696698583689,40.3578209181457],[-100.696830830072,40.3578761822773]]]]},"properties":{"NAME":"Red Willow Reservoir SRA","AreaType":"SRA"}},
{"type":"Feature","geometry":{"type":"Polygon","coordinates":[[[-103.105709821424,41.6741967770461],[-103.105619785979,41.6742519810163],[-103.100526258367,41.6821583191923],[-103.101282929993,41.6825066126094],[-103.10482413825,41.6839687141769],[-103.105679473639,41.6845241900391],[-103.106443326397,41.6851401113484],[-103.107415571232,41.6857342719467],[-103.108488358209,41.6861104055431],[-103.112269391494,41.6870899267509],[-103.113227265082,41.6872570831791],[-103.114053916366,41.6872649676714],[-103.114460718442,41.6871539815969],[-103.116101238882,41.6865291450936],[-103.117034483359,41.6862960440121],[-103.117728298067,41.681934345368],[-103.11776332338,41.6811566599357],[-103.117695550882,41.6803250834089],[-103.117506935215,41.6794705744682],[-103.117207197948,41.6786529981107],[-103.116822702836,41.6779168073249],[-103.116556430508,41.6776930086165],[-103.112326160529,41.6762508618466],[-103.110994080235,41.67595174467],[-103.110754382768,41.675958456355],[-103.110761781292,41.6761109696986],[-103.110536558379,41.6758296452886],[-103.109156981461,41.6752413407525],[-103.108222686854,41.6747490709319],[-103.106167388196,41.6741606645938],[-103.106124439742,41.6742449886815],[-103.105709821424,41.6741967770461]]]},"properties":{"NAME":"Bridgeport SRA","AreaType":"SRA"}},
{"type":"Feature","geometry":{"type":"MultiPolygon","coordinates":[[[[-99.2708981854931,41.8678217650978],[-99.2711559768268,41.8684693517015],[-99.2716179812758,41.8691545842373],[-99.2726191527616,41.869741329028],[-99.2751728160777,41.870450160697],[-99.276371500145,41.8711622033891],[-99.2773367515959,41.8731854848285],[-99.2800685948502,41.8731272918884],[-99.2814311343204,41.8726082769083],[-99.2803071757116,41.8711543026765],[-99.2768166602841,41.8660545277185],[-99.274675063172,41.8626718858746],[-99.2740569863239,41.8620113558136],[-99.2735001386456,41.8614902829656],[-99.2724013508311,41.8605831982953],[-99.271737683584,41.8601704540927],[-99.2713408393325,41.8598156192942],[-99.2712390386513,41.8591793243028],[-99.2689906812593,41.8566609352266],[-99.2678671511469,41.8555411323351],[-99.2673107023206,41.8551063262669],[-99.2659083872463,41.8546178332519],[-99.2652829576876,41.8542319833857],[-99.2649164450517,41.8540932228096],[-99.2636273194998,41.8531639751208],[-99.2626439580128,41.8529228745517],[-99.2618110508612,41.8519000521938],[-99.2614808535189,41.8510428964785],[-99.261431126378,41.8505723516549],[-99.2613670163112,41.8504831319827],[-99.2610344581963,41.8490421261051],[-99.261025385212,41.848517842657],[-99.2608039648675,41.8481310472614],[-99.2606589633059,41.847744078888],[-99.2605182727594,41.8475786362791],[-99.2604718595036,41.8472622502051],[-99.2602334241693,41.8466241245674],[-99.2599701126882,41.8461385727754],[-99.2590862872296,41.8454175438091],[-99.2583679314463,41.8451034035933],[-99.2561099971151,41.8443280011257],[-99.2522801323092,41.8429423740728],[-99.2504961365454,41.8424436165574],[-99.2504201444623,41.8423582168884],[-99.2456871161646,41.8402878384978],[-99.245004565432,41.8398720319834],[-99.2427399898558,41.8375386831652],[-99.2403148431176,41.8381341207863],[-99.2387100280153,41.8384806310166],[-99.2373336086758,41.8381491312579],[-99.2374937351718,41.8383632770564],[-99.237622349666,41.8386728123354],[-99.2370175777656,41.8388647086389],[-99.2357426258323,41.838795839773],[-99.234818738207,41.8388692248469],[-99.2354255259269,41.8392254454415],[-99.2365742447998,41.8396282096394],[-99.2380089944457,41.8398158921179],[-99.2387436348884,41.8402671532753],[-99.240309262783,41.8413601066241],[-99.2427683586525,41.8427371228848],[-99.2424815373621,41.842737728534],[-99.2406344654923,41.8430990759182],[-99.2401888301445,41.843242993264],[-99.2408798430071,41.8441741752114],[-99.2421165976762,41.8446481914224],[-99.2426740993281,41.8445874375544],[-99.2440267654149,41.8441079554445],[-99.2447835601092,41.8440765560404],[-99.2461778631094,41.8440735760408],[-99.2476509348854,41.8441530040596],[-99.2485224552212,41.8441160187715],[-99.2489943492231,41.8441721910018],[-99.2494409340902,41.8442760771749],[-99.249952631544,41.844459256307],[-99.2499333869357,41.8447614858387],[-99.2496601930881,41.8449299270691],[-99.2490096565155,41.8449313397561],[-99.2483320689748,41.8448434405859],[-99.2474957069026,41.8449048232615],[-99.2472398837776,41.8449719764101],[-99.2469464769379,41.8453586202598],[-99.2471128260639,41.8455203117402],[-99.2474479946829,41.8457432080159],[-99.2472674934979,41.8459584653581],[-99.2469871778068,41.8459971975096],[-99.2458003092803,41.8456661127776],[-99.2452909258867,41.8458101862942],[-99.2451894387175,41.8460417321942],[-99.2452314385502,41.84660762447],[-99.2447159178666,41.8472342832281],[-99.2447975262169,41.8477405128633],[-99.2455296513768,41.8482308858996],[-99.2458615564164,41.8483445640962],[-99.2460904139131,41.8481820245558],[-99.2462018633989,41.8473238768175],[-99.2463672297679,41.8472281983864],[-99.2468516364034,41.8472176267002],[-99.2482231482466,41.8475842185371],[-99.2480644806146,41.8477632921893],[-99.2471469072474,41.8477508014028],[-99.2469179087152,41.8478752139712],[-99.2464347192969,41.8487200332853],[-99.2472322103685,41.8488970501024],[-99.2490252512689,41.8489527537375],[-99.2513573127807,41.8496552012949],[-99.251823298563,41.8500373716831],[-99.2524949060189,41.8504095086297],[-99.2524317688274,41.8505645481003],[-99.2516978021212,41.8503397662399],[-99.2508394591723,41.8507543277097],[-99.2505066612073,41.8508262062151],[-99.2498959765957,41.8511543548324],[-99.2499510361361,41.8513406284285],[-99.2505490607904,41.8514814605935],[-99.2519738660861,41.8516498540203],[-99.2525313713312,41.8515771373474],[-99.252865339801,41.8513976715517],[-99.2532974411308,41.8512967016626],[-99.253837289989,41.8513478657998],[-99.2538962446244,41.8515932641251],[-99.254108721342,41.852004967652],[-99.253824745016,41.8522058016449],[-99.2534295572579,41.8520823289248],[-99.2532346093665,41.8520879502683],[-99.252741082136,41.8522201062327],[-99.2525028722788,41.8524351082576],[-99.252615639593,41.8529715676713],[-99.2527986443827,41.8531494024283],[-99.2534465443999,41.8532922004862],[-99.2540224884646,41.853290927829],[-99.2546254188187,41.853169176164],[-99.2549920194895,41.8531802781451],[-99.2555367560811,41.8533471462018],[-99.2560449644784,41.8534519890295],[-99.2562852117146,41.8537493384099],[-99.2563531477063,41.8547977403167],[-99.2560614871914,41.8550439196247],[-99.2554146813222,41.8552645312147],[-99.2552398080825,41.8552159903872],[-99.2547437386197,41.8548728132396],[-99.2541388193956,41.855052884185],[-99.2537924981923,41.8555851485207],[-99.2567406045631,41.8560360743148],[-99.2581147574532,41.8569028172381],[-99.2582434581856,41.8572973094707],[-99.2584618431228,41.8574514082581],[-99.2600554211991,41.8573882338018],[-99.2615314026183,41.8578019199448],[-99.2618329428046,41.858026362459],[-99.261914579901,41.8585027916998],[-99.2616548257484,41.8587548692133],[-99.2609301000115,41.8591702311935],[-99.2615544309306,41.8594168773947],[-99.26285877574,41.8603290004365],[-99.2634476753076,41.8608995894006],[-99.2638583796656,41.8615468426952],[-99.2640134351719,41.862042165702],[-99.2647290897211,41.8624218094525],[-99.2652903948398,41.8624777080362],[-99.2658254071685,41.8623430189465],[-99.2662080310891,41.8623611975713],[-99.2671781002048,41.8625877207862],[-99.2672787627206,41.8622633887216],[-99.2678400687377,41.8623192747324],[-99.2679949966832,41.8627764632042],[-99.2675110706464,41.862930107239],[-99.2669758193658,41.8630076111773],[-99.2663383955014,41.8630472207863],[-99.2663643720845,41.863161547684],[-99.2671581513173,41.8639222874334],[-99.2672361717964,41.864284333344],[-99.2672131282127,41.8648753890096],[-99.2673472403964,41.8664574367647],[-99.2677052603596,41.8666853770742],[-99.268956831841,41.8671209379525],[-99.269213401466,41.8674825643702],[-99.2698776562112,41.8677479095044],[-99.2702856593352,41.8677278847319],[-99.2704887360816,41.867498632282],[-99.2706417667852,41.867498271709],[-99.2708981854931,41.8678217650978]]],[[[-99.2034575742713,41.8418835967934],[-99.2066148264065,41.8443867683602],[-99.209104645557,41.8455976333425],[-99.2107971524007,41.8466192649456],[-99.2118210377885,41.8478327529899],[-99.2134821206652,41.850283509759],[-99.2147553577146,41.8523267301121],[-99.2159152956471,41.853665036454],[-99.2171157377175,41.8547044925313],[-99.2223608272866,41.8510313518256],[-99.2211228634851,41.8501996649471],[-99.2206821536,41.8494855881006],[-99.22081255125,41.8488882044592],[-99.2213860051847,41.8488156084419],[-99.2219168601103,41.8485297879242],[-99.2212877609336,41.848053212791],[-99.2199801175105,41.8477935849798],[-99.2186395580188,41.8472242053969],[-99.2179047370147,41.8467013243824],[-99.2172943461522,41.845272631571],[-99.2167186670905,41.8446779496543],[-99.2147730742886,41.8442288175763],[-99.2133375008876,41.8438025380338],[-99.2111672250601,41.8428533164194],[-99.2099510507941,41.8412827102999],[-99.2103012931436,41.8411867471067],[-99.2110663703048,41.8412568361031],[-99.2116080562178,41.8412320085896],[-99.2119886679121,41.8406831974821],[-99.2113175545296,41.840112494417],[-99.2101698417698,41.8399716144694],[-99.2087354020426,41.83985507572],[-99.2077977701935,41.8396858608532],[-99.2069516048065,41.8392799889663],[-99.2068389749346,41.8391579797393],[-99.20665919869,41.8387484128256],[-99.2066513986184,41.838605708125],[-99.2059591856065,41.8390065413792],[-99.2043112360993,41.8378799026427],[-99.2037107509594,41.8373610258753],[-99.2032088352607,41.8375362817883],[-99.2032301172481,41.83929751827],[-99.2031363609802,41.8398815407669],[-99.2031071675301,41.8407275859542],[-99.2034575742713,41.8418835967934]]],[[[-99.2995742230608,41.9063065035342],[-99.29519580023,41.9077997999635],[-99.2974552024084,41.9110528893186],[-99.3012261880373,41.9093578318748],[-99.3011844990216,41.9078541125169],[-99.3010001440641,41.9073184098178],[-99.2997700917253,41.9062421037525],[-99.2995742230608,41.9063065035342]]],[[[-99.3374556899086,41.9251443031151],[-99.3375333789093,41.9255078809098],[-99.3386324973038,41.9266555611152],[-99.3388673654281,41.9270392293873],[-99.3395416615416,41.9278236423233],[-99.340040174422,41.928218112487],[-99.3431540451156,41.9272453608146],[-99.3429706423722,41.9265994606895],[-99.3426176880089,41.9259299463989],[-99.33769343893,41.9225617065358],[-99.3374556899086,41.9251443031151]]]]},"properties":{"NAME":"Calamus Reservoir SRA ","AreaType":"SRA"}},
{"type":"Feature","geometry":{"type":"Polygon","coordinates":[[[-103.067501974176,42.4667667359301],[-103.084653872612,42.466741137392],[-103.084751045173,42.4668477333994],[-103.086526789012,42.4668951134676],[-103.086013632694,42.4656843300858],[-103.085728917953,42.4644747671433],[-103.084466209159,42.4636622235588],[-103.083657737081,42.4635004966156],[-103.080591277672,42.4626569762634],[-103.078180768083,42.4623998635749],[-103.077245160138,42.4622616793582],[-103.076614010108,42.4620554671038],[-103.074673653586,42.4607142630352],[-103.07381832179,42.4598299185916],[-103.073581776511,42.4589616576753],[-103.072884985684,42.4593295095648],[-103.072322754402,42.4597878615521],[-103.072093112676,42.4602153164283],[-103.071816808861,42.4603204403628],[-103.071731132041,42.4601900810378],[-103.071817807788,42.4599392389274],[-103.071487443359,42.4596079444521],[-103.070153252922,42.4616565314175],[-103.067409906741,42.4615900254319],[-103.067501974176,42.4667667359301]]]},"properties":{"NAME":"Box Butte Reservoir SRA","AreaType":"SRA"}},
{"type":"Feature","geometry":{"type":"MultiPolygon","coordinates":[[[[-101.071403198332,40.1537182401703],[-101.071883369411,40.1541863499425],[-101.072742567556,40.1543497307426],[-101.073554808067,40.1542458006359],[-101.074668438745,40.1538385223837],[-101.075787497942,40.1536099004459],[-101.076715236645,40.1534740821254],[-101.077761208012,40.1533957224529],[-101.078578876143,40.1534704232325],[-101.07983160196,40.1538054469591],[-101.080487684731,40.1536744798463],[-101.080945185027,40.1533981097647],[-101.081172570185,40.1532152587401],[-101.083275076209,40.1521346457056],[-101.087753344089,40.150027965866],[-101.089449795435,40.1496398264172],[-101.091038950207,40.1495515410614],[-101.092791544461,40.1497284227053],[-101.09474640608,40.1501697634181],[-101.097011730852,40.1506054468713],[-101.097830298196,40.1507097897195],[-101.097733610726,40.1473427651408],[-101.097623388339,40.1469092539723],[-101.097570712029,40.1437238502486],[-101.079224287827,40.1444107001051],[-101.079195338719,40.1407672542688],[-101.074535098214,40.1406256554692],[-101.07451618688,40.1368333832473],[-101.069686868167,40.1368522666304],[-101.069707556368,40.1404823553404],[-101.068364215692,40.1404433070845],[-101.068092001907,40.1473605277173],[-101.066823196247,40.1464893704552],[-101.065884700218,40.1462677717917],[-101.064811741663,40.1467338275905],[-101.064115956051,40.1481167636611],[-101.063963413133,40.1494900091711],[-101.063259929858,40.1496882474969],[-101.063886796721,40.152803219554],[-101.063954514422,40.1544399886152],[-101.065128142679,40.1542176935948],[-101.065789678224,40.154265476313],[-101.066375404942,40.1543741967362],[-101.066995423948,40.1543333321916],[-101.06779954279,40.1539614409101],[-101.068376231558,40.1537723722049],[-101.068794976736,40.1534967426765],[-101.069015162795,40.1530756914577],[-101.069312958803,40.1526532513658],[-101.070121567425,40.1524302336752],[-101.070965356768,40.1520874052868],[-101.071384080386,40.1518117661733],[-101.071547450699,40.1520769886608],[-101.071561026938,40.1525236559375],[-101.071387811988,40.1532120186611],[-101.071403198332,40.1537182401703]]],[[[-101.105574217917,40.1403895126002],[-101.105502558408,40.1513116015664],[-101.105763153384,40.1509493339646],[-101.106148440809,40.150852941936],[-101.109934704984,40.1502476935474],[-101.110826280209,40.1502016438115],[-101.112507781792,40.150588080642],[-101.113594305806,40.1505682446014],[-101.114284470659,40.1502874948969],[-101.116320750186,40.1495948151547],[-101.117873824124,40.1495962014798],[-101.11885224847,40.1498464392168],[-101.119802061475,40.1504249249336],[-101.120021090504,40.151225346668],[-101.119682036671,40.1515592890578],[-101.119655271368,40.1519470996345],[-101.120205025948,40.1521455875823],[-101.120486852606,40.1524681558663],[-101.119403081928,40.1525773879444],[-101.1192931479,40.1527879583377],[-101.119461334979,40.1532019921981],[-101.118022745934,40.1531389448478],[-101.116275562232,40.1531411103957],[-101.116209971742,40.1535296301232],[-101.116410474815,40.1537345207751],[-101.118291677275,40.1542959829731],[-101.119308249478,40.1543638642251],[-101.12090838346,40.1547843520083],[-101.122099332134,40.1543752025923],[-101.122523419593,40.154278044383],[-101.122024618354,40.1460245647888],[-101.122014252694,40.1443638388618],[-101.116545430516,40.1444774822309],[-101.116568603457,40.1408286038368],[-101.105574217917,40.1403895126002]]],[[[-101.119447029308,40.1639470976818],[-101.118637991292,40.1643051344389],[-101.117560486363,40.1656214800269],[-101.116585825958,40.1662494858947],[-101.115923419946,40.1665285509164],[-101.113899502136,40.1669850329231],[-101.113305687885,40.1670721499083],[-101.112908235474,40.1670794065057],[-101.111279962665,40.167471414695],[-101.110042634871,40.167646524597],[-101.109075602959,40.1677213552278],[-101.109874232196,40.1713900884696],[-101.121259284274,40.169746843056],[-101.120337101651,40.163797318177],[-101.119447029308,40.1639470976818]]],[[[-101.065042414655,40.1740202753275],[-101.065023569797,40.1742776534894],[-101.067316238387,40.1742404271239],[-101.077241795827,40.1738629793838],[-101.077624620071,40.1713690710003],[-101.077608487227,40.1711174710895],[-101.077871389975,40.1703143184565],[-101.07749802499,40.1702971851623],[-101.076975932232,40.1704972380681],[-101.075801713781,40.1707089857111],[-101.071917130795,40.170683254342],[-101.071225984083,40.1704334393495],[-101.070970313672,40.1701996632755],[-101.070782546014,40.1701553520724],[-101.070602020575,40.1703492632244],[-101.070357938431,40.1704966415621],[-101.068756906134,40.170978138981],[-101.067711928303,40.1713543404404],[-101.066549952094,40.1719709729425],[-101.066062479508,40.1722895331354],[-101.06520234981,40.1726147424278],[-101.064800086022,40.1726695904196],[-101.064392766516,40.1725576807282],[-101.063691630539,40.1722919472393],[-101.063650854211,40.1719347145277],[-101.062617599395,40.1734676378945],[-101.062584191948,40.1736469969068],[-101.062828831048,40.1740299582656],[-101.063371393716,40.1739904920646],[-101.064027705558,40.1738596133071],[-101.064686724023,40.1738180637997],[-101.065042414655,40.1740202753275]]],[[[-101.105377528192,40.1725792078299],[-101.09988387119,40.1733732306374],[-101.097540989471,40.1736265567095],[-101.097589649413,40.1748614804852],[-101.097553300882,40.1760639617096],[-101.102250561858,40.1761249670955],[-101.106963489453,40.1761031940249],[-101.106969480318,40.172353385022],[-101.105377528192,40.1725792078299]]],[[[-101.095094485287,40.1731653461356],[-101.09695208631,40.1730938402599],[-101.098415839861,40.1729677419439],[-101.100324586465,40.1727472036912],[-101.102675166747,40.1723987408772],[-101.102135610739,40.1716162473949],[-101.100831600103,40.1704386390472],[-101.099855866211,40.1694266728986],[-101.099341822358,40.1696838831437],[-101.098206721945,40.1699523519858],[-101.097288737149,40.1700071273081],[-101.096393833667,40.1700042738057],[-101.095527289099,40.1701153070153],[-101.09398765755,40.1701622424723],[-101.09395883241,40.1716500726336],[-101.095094485287,40.1731653461356]]]]},"properties":{"NAME":"Swanson Reservoir SRA","AreaType":"SRA"}},
{"type":"Feature","geometry":{"type":"Polygon","coordinates":[[[-96.8458349528439,40.7594132780268],[-96.8441755596982,40.7594032198232],[-96.8441693703059,40.7607636702388],[-96.8435741771414,40.7607598517102],[-96.8435681871751,40.7621204539877],[-96.8441633650683,40.762124062192],[-96.8441593280394,40.7630309168586],[-96.8429694762079,40.763023241279],[-96.8429578385334,40.7657425726818],[-96.8441473777512,40.7657494546348],[-96.8441275160002,40.7701710984899],[-96.8426973675252,40.7701635883738],[-96.8426975013742,40.7702297717954],[-96.8432361967955,40.7702688625852],[-96.8437371692632,40.7704026238157],[-96.8441200510002,40.7706329441667],[-96.845336284555,40.7715668285214],[-96.8457636041525,40.7717604312671],[-96.8461416053426,40.7718331175302],[-96.8538726405267,40.7718650137962],[-96.8538666730182,40.7716002066329],[-96.8537139216907,40.7708919139719],[-96.8534107923846,40.7701808217044],[-96.8533347580806,40.7701078975607],[-96.8536246273548,40.7702094035384],[-96.8544666263555,40.7703250703097],[-96.8557412935228,40.7703088030771],[-96.8559302262951,40.7704288700052],[-96.856280626748,40.7709018697498],[-96.8563826942289,40.7709722704048],[-96.8564528274998,40.7709566026905],[-96.8564564261508,40.7707970033723],[-96.8562822931229,40.7705000038686],[-96.8561380263832,40.770343669689],[-96.8563098929617,40.7702128038044],[-96.8563138931596,40.7701076703317],[-96.8560946269752,40.7699716702291],[-96.8557528934681,40.7699948027298],[-96.8556540275829,40.7697912701918],[-96.8556288271442,40.7693342701289],[-96.8557030612243,40.7690756936107],[-96.8555484081633,40.7690108527064],[-96.8554646717041,40.768885366358],[-96.8552606957441,40.7688286546448],[-96.8551695850147,40.7687035169671],[-96.8549586956203,40.7686328635427],[-96.8548552609036,40.7683401799963],[-96.8544504611719,40.7680609565144],[-96.8538130274261,40.767874270306],[-96.8537432265319,40.7677196029315],[-96.853767026497,40.7672596032211],[-96.8539612934654,40.7670684699861],[-96.8543194930917,40.7668924701151],[-96.8554252931553,40.7662158030904],[-96.8560238271544,40.7657172036811],[-96.856563093006,40.7655082701641],[-96.856898426915,40.7654242031659],[-96.8573980932323,40.7654230029856],[-96.8576088936935,40.7654490701624],[-96.8582282928616,40.7656518036359],[-96.8587912939996,40.7657180031174],[-96.8592694932765,40.765618003427],[-96.8595216270206,40.76546700414],[-96.8596708264095,40.7650838702132],[-96.8601136266743,40.7644970029818],[-96.8600956927079,40.7642868035128],[-96.8601408258644,40.7641556038768],[-96.8603440265784,40.7640044699521],[-96.8607868268432,40.7637784035659],[-96.8609476270756,40.76353940349],[-96.86111662713,40.7633986700447],[-96.8613836261954,40.7632950702906],[-96.8612100258684,40.7630496700083],[-96.8608178268053,40.7628748032475],[-96.8605792935546,40.7624860036188],[-96.8602894934507,40.7623896698525],[-96.8601706265757,40.7622948695825],[-96.8599278928028,40.7619918036521],[-96.8598828934952,40.7617802701377],[-96.8600568935725,40.7616326036404],[-96.8599876927529,40.7615270041179],[-96.8606773069387,40.7606335121806],[-96.8613248116971,40.7600878294534],[-96.8613296230738,40.7599377715657],[-96.8603639817541,40.7601415105131],[-96.860024986312,40.760156671817],[-96.859707762439,40.7603724318617],[-96.859328827001,40.7608374041316],[-96.8586268933195,40.7607952037101],[-96.8582634924477,40.7610508696348],[-96.8580028274034,40.7611354701693],[-96.8578396268725,40.761344803229],[-96.8577498932604,40.761579002713],[-96.8578368932991,40.762070203786],[-96.8577822927978,40.7621412030308],[-96.8554850266301,40.7618582704396],[-96.855385226497,40.7619188705219],[-96.8551954259522,40.7622186701503],[-96.8547464937873,40.7623780029403],[-96.8544360935173,40.7626730036604],[-96.8544307629144,40.7615325147924],[-96.8536664250667,40.7615182954957],[-96.853610649569,40.7628731444312],[-96.852855801524,40.7632451890716],[-96.8521606303599,40.7629319534563],[-96.8519921603115,40.7629073672037],[-96.8518518928715,40.7629250705312],[-96.8516158928699,40.7630918029998],[-96.8514492266386,40.7631238034803],[-96.8501664934983,40.7630936700124],[-96.8498438393095,40.7631293568875],[-96.8501366002606,40.7628365375167],[-96.8499190408752,40.7625846213596],[-96.8458349528439,40.7594132780268]]]},"properties":{"NAME":"Conestoga Lake SRA","AreaType":"SRA"}},
{"type":"Feature","geometry":{"type":"MultiPolygon","coordinates":[[[[-97.5801471655345,42.8299253997754],[-97.5811162303338,42.8301411497666],[-97.5810234541279,42.8302928856166],[-97.5822745423156,42.830616948801],[-97.5829565118383,42.8309080397618],[-97.5834258016242,42.8311545781181],[-97.5834189169359,42.829903018954],[-97.5801471655345,42.8299253997754]]],[[[-97.6615502642679,42.8307423923707],[-97.6614604120783,42.8310551318961],[-97.6610515555548,42.8315965012715],[-97.6616768593494,42.8314141179517],[-97.6623432664581,42.8313583688194],[-97.6639743725537,42.8307764526269],[-97.664679804275,42.8306986227959],[-97.6658211614542,42.830640193702],[-97.6663462995013,42.8304382235224],[-97.667224441319,42.8302683131066],[-97.6680535099695,42.8300094437324],[-97.6642005872069,42.8299328323777],[-97.6643237947414,42.8265767759272],[-97.6650586112539,42.8263064575764],[-97.6657401477886,42.825954973104],[-97.666253359802,42.82557487879],[-97.6666951449705,42.825100044377],[-97.6669944258939,42.8246338446082],[-97.6671534492588,42.8242915938003],[-97.6674726871546,42.8232817498607],[-97.6681769250148,42.821471663053],[-97.668383876195,42.8211100238637],[-97.6687199179765,42.8207569943774],[-97.6690725947604,42.8204655057357],[-97.6694117734589,42.8202461316002],[-97.6702536520853,42.8198967495126],[-97.670827282988,42.8197322316371],[-97.6712126099393,42.8196712421911],[-97.671961767157,42.8196098850122],[-97.6767019460442,42.819389309935],[-97.6778209702072,42.8191912090503],[-97.6787285228673,42.8188173552973],[-97.6794167779021,42.8183960606735],[-97.6814698388564,42.8167785729794],[-97.6814512024075,42.8165132915916],[-97.6801457850096,42.8175988323622],[-97.6791227045123,42.8183583181112],[-97.6783479399191,42.8187853100199],[-97.677658096663,42.8190380141207],[-97.6767197802976,42.8192083724991],[-97.6712137786474,42.8194832670702],[-97.6707473868267,42.8195588628136],[-97.6703560537395,42.8196690651486],[-97.6695131716949,42.8199708022469],[-97.6686940222418,42.8205198263092],[-97.6682150584986,42.8209959392401],[-97.6680430122571,42.8212390994452],[-97.6673350670496,42.8229409773336],[-97.6668194089238,42.8244702426346],[-97.6664302749123,42.8250872685512],[-97.6659454891878,42.825568903695],[-97.6651782228323,42.8260416176433],[-97.6643307683629,42.8263868538475],[-97.6643335091229,42.8263121861939],[-97.6606443339652,42.826238750483],[-97.660558605941,42.8285702512002],[-97.6614355449146,42.8285877183949],[-97.6614224914952,42.8289430399734],[-97.6614833864917,42.8290796933147],[-97.6612710957254,42.8292276271467],[-97.6611885207879,42.8293714529583],[-97.6611353566927,42.829646433444],[-97.6613384999144,42.8298450153533],[-97.6608729758662,42.8304094407005],[-97.6609042291533,42.8305335671006],[-97.661111552236,42.8306793161866],[-97.6612808451412,42.8307024484104],[-97.6613963271642,42.8306668722285],[-97.6615502642679,42.8307423923707]]],[[[-97.4848762796867,42.8338397513984],[-97.4849289955226,42.8376358679853],[-97.4874632678049,42.8387673674401],[-97.4873813935532,42.8394781233714],[-97.4905157063094,42.8381056644218],[-97.4916102028718,42.837551379223],[-97.4947876509312,42.8356888542624],[-97.4947723876562,42.8337272969854],[-97.4848762796867,42.8338397513984]]],[[[-97.6025641446477,42.8401174372045],[-97.6030202112326,42.8401461390967],[-97.6030200136032,42.8398842593601],[-97.5933530380149,42.8362882702448],[-97.5834255339262,42.8336353338322],[-97.5834297560081,42.8318739304293],[-97.582848226219,42.8312406903153],[-97.5822576710563,42.8308931339458],[-97.5809039772968,42.8305015832347],[-97.5808637893659,42.8305965531786],[-97.5795726569777,42.8303579181641],[-97.578551042531,42.8302833297514],[-97.5734639702136,42.8302719753658],[-97.5734511000505,42.8334929896211],[-97.5681491354458,42.8336336098511],[-97.5676688439926,42.8348392293724],[-97.569999801475,42.8356504134519],[-97.5703809809046,42.8358539073885],[-97.5705908004055,42.836063092797],[-97.5711821910014,42.8362464808011],[-97.571390217465,42.8363705915258],[-97.5724280258414,42.8367905957361],[-97.5728363900881,42.8368919483092],[-97.5732838346429,42.8371016907791],[-97.5734311394849,42.8372489947734],[-97.5742469004927,42.8376139991466],[-97.5744836856218,42.8375944377967],[-97.5749508859263,42.8378094713389],[-97.5752662457951,42.8379088961531],[-97.5755975336921,42.8381137850558],[-97.576873977727,42.8386149403314],[-97.5777986783277,42.8386022279003],[-97.5780099414212,42.8384672160423],[-97.5787280160318,42.8382057257354],[-97.5792591467402,42.8377822162237],[-97.5793024814695,42.8372549726917],[-97.5798438745317,42.837180552014],[-97.5801362653769,42.8372721548396],[-97.5805136727805,42.837513936216],[-97.5807677810216,42.837912826716],[-97.5812705600013,42.8378072969113],[-97.5818657010635,42.8375733857565],[-97.5826358869437,42.837437871022],[-97.5830801891917,42.8374531309692],[-97.5832188890716,42.8375232604109],[-97.5831283029583,42.8377010502402],[-97.5835822962315,42.8380085441119],[-97.583846850981,42.8383228402937],[-97.5847073741411,42.8383267787348],[-97.5848887583701,42.8382036027014],[-97.5847850990745,42.8380317565905],[-97.5848511315361,42.8378350658152],[-97.585592827347,42.8375735695395],[-97.5868532777767,42.8374818835032],[-97.5881232027376,42.8377633083757],[-97.5891029053865,42.837892308345],[-97.5894529734628,42.8379805302436],[-97.5900218549727,42.8380548926496],[-97.5908841819499,42.8381036256998],[-97.5910532996836,42.8381942476496],[-97.5914320572552,42.838238710152],[-97.5916663747122,42.8383643055644],[-97.5924693526935,42.8385703601908],[-97.5938004080096,42.8386515046124],[-97.5940080275364,42.8385487288183],[-97.5946398719645,42.83860754105],[-97.5952725841652,42.8387612144518],[-97.5953928595986,42.8388543372053],[-97.5964284536278,42.8392868280182],[-97.5967487344676,42.8393214348987],[-97.5973146650118,42.839472695024],[-97.5978193762676,42.8395282899467],[-97.5983923172643,42.8396788388306],[-97.5987512912383,42.8398446295782],[-97.5990885619151,42.8399330133632],[-97.6007215472864,42.8400844814559],[-97.6009962880328,42.8400144978577],[-97.6013858442524,42.840022454226],[-97.6016435035338,42.8401001511156],[-97.6019080493001,42.8400761423946],[-97.6025641446477,42.8401174372045]]],[[[-97.6337194371781,42.8399309061972],[-97.6356012468999,42.839987248326],[-97.6360341630016,42.8401856231142],[-97.6363424091116,42.840639042976],[-97.6367454876711,42.8408475607457],[-97.6372097325184,42.8408800306364],[-97.6376486053487,42.8410877696883],[-97.6389872756835,42.840439309449],[-97.6399911313354,42.8402211101628],[-97.6407474166849,42.8401807896284],[-97.6413923899909,42.8397496606717],[-97.6429736162321,42.8391993450733],[-97.6442569485487,42.8386838669702],[-97.6457141848228,42.8383638042846],[-97.6463156976353,42.8376103057039],[-97.6463103472695,42.8369910228397],[-97.6419826253534,42.8369320608557],[-97.6419807056536,42.836983820323],[-97.6323716588247,42.836954655853],[-97.6323392080834,42.8398377224901],[-97.6321377545927,42.8398359367646],[-97.6321293140223,42.8400682031592],[-97.6329990529989,42.8398516262482],[-97.6337194371781,42.8399309061972]]],[[[-97.4881508311368,42.8461604175771],[-97.4891860954843,42.8460337104374],[-97.4894569483223,42.8460449749879],[-97.4911851928429,42.8456064022273],[-97.491944198291,42.8452259459826],[-97.4925368384435,42.8450552509473],[-97.4934421534004,42.8445712950951],[-97.4945308207949,42.8440624423942],[-97.4973426662118,42.842578903705],[-97.4979326392662,42.8421565188798],[-97.4983078565772,42.8420694325668],[-97.4989937517377,42.8417383381302],[-97.5000932294583,42.8410696361457],[-97.4997291332905,42.8409595075298],[-97.4947751014667,42.8407995135756],[-97.4947940370546,42.8365094661565],[-97.4917323818352,42.8378248906041],[-97.490133969026,42.838624074652],[-97.4889233993491,42.8394472303314],[-97.4873876323529,42.8399383310093],[-97.4874025488782,42.8410386352187],[-97.4848548054599,42.8410671041679],[-97.4854668510191,42.8415226180858],[-97.4856300443635,42.84171891048],[-97.4857393136381,42.8419748840202],[-97.4857840883668,42.8428561893713],[-97.4853939203945,42.8432968162555],[-97.4853498059275,42.8435119636601],[-97.4855052548959,42.8437588205815],[-97.4860296132053,42.844531836933],[-97.48622016564,42.8446921472509],[-97.4864714378997,42.8448176142828],[-97.4868441569959,42.8448734000128],[-97.4871117291864,42.8450055762541],[-97.4872842739929,42.8453190747999],[-97.4875557736179,42.8456544087756],[-97.4881508311368,42.8461604175771]]]]},"properties":{"NAME":"Lewis and Clark Lake SRA","AreaType":"SRA"}}
]}